
 /----------------------------------------------------------------------------\
 |  yosys -- Yosys Open SYnthesis Suite                                       |
 |  Copyright (C) 2012 - 2026  Claire Xenia Wolf <claire@yosyshq.com>         |
 |  Distributed under an ISC-like license, type "license" to see terms        |
 \----------------------------------------------------------------------------/
 Yosys 0.67+24 (git sha1 0e82bbefe, Release, Clang /usr/bin/clang++ 18.1.8)

-- Executing script file `/workspace/incremental-synthesis/results/eco-003/base/flow.ys' --

1. Executing Verilog-2005 frontend: /workspace/incremental-synthesis/benchmarks/riscv-eco-003-base/core/common/adder.sv
Parsing SystemVerilog input from `/workspace/incremental-synthesis/benchmarks/riscv-eco-003-base/core/common/adder.sv' to AST representation.
Generating RTLIL representation for module `\adder'.
Successfully finished Verilog frontend.

2. Executing Verilog-2005 frontend: /workspace/incremental-synthesis/benchmarks/riscv-eco-003-base/core/common/alu.sv
Parsing SystemVerilog input from `/workspace/incremental-synthesis/benchmarks/riscv-eco-003-base/core/common/alu.sv' to AST representation.
Generating RTLIL representation for module `\alu'.
Successfully finished Verilog frontend.

3. Executing Verilog-2005 frontend: /workspace/incremental-synthesis/benchmarks/riscv-eco-003-base/core/common/alu_control.sv
Parsing SystemVerilog input from `/workspace/incremental-synthesis/benchmarks/riscv-eco-003-base/core/common/alu_control.sv' to AST representation.
Generating RTLIL representation for module `\alu_control'.
Successfully finished Verilog frontend.

4. Executing Verilog-2005 frontend: /workspace/incremental-synthesis/benchmarks/riscv-eco-003-base/core/common/config.sv
Parsing SystemVerilog input from `/workspace/incremental-synthesis/benchmarks/riscv-eco-003-base/core/common/config.sv' to AST representation.
Successfully finished Verilog frontend.

5. Executing Verilog-2005 frontend: /workspace/incremental-synthesis/benchmarks/riscv-eco-003-base/core/common/constants.sv
Parsing SystemVerilog input from `/workspace/incremental-synthesis/benchmarks/riscv-eco-003-base/core/common/constants.sv' to AST representation.
Successfully finished Verilog frontend.

6. Executing Verilog-2005 frontend: /workspace/incremental-synthesis/benchmarks/riscv-eco-003-base/core/common/control_transfer.sv
Parsing SystemVerilog input from `/workspace/incremental-synthesis/benchmarks/riscv-eco-003-base/core/common/control_transfer.sv' to AST representation.
Generating RTLIL representation for module `\control_transfer'.
Successfully finished Verilog frontend.

7. Executing Verilog-2005 frontend: /workspace/incremental-synthesis/benchmarks/riscv-eco-003-base/core/common/data_memory_interface.sv
Parsing SystemVerilog input from `/workspace/incremental-synthesis/benchmarks/riscv-eco-003-base/core/common/data_memory_interface.sv' to AST representation.
Generating RTLIL representation for module `\data_memory_interface'.
Successfully finished Verilog frontend.

8. Executing Verilog-2005 frontend: /workspace/incremental-synthesis/benchmarks/riscv-eco-003-base/core/common/example_data_memory_bus.sv
Parsing SystemVerilog input from `/workspace/incremental-synthesis/benchmarks/riscv-eco-003-base/core/common/example_data_memory_bus.sv' to AST representation.
Generating RTLIL representation for module `\example_data_memory_bus'.
Successfully finished Verilog frontend.

9. Executing Verilog-2005 frontend: /workspace/incremental-synthesis/benchmarks/riscv-eco-003-base/core/common/example_memory_bus.sv
Parsing SystemVerilog input from `/workspace/incremental-synthesis/benchmarks/riscv-eco-003-base/core/common/example_memory_bus.sv' to AST representation.
Generating RTLIL representation for module `\example_memory_bus'.
Successfully finished Verilog frontend.

10. Executing Verilog-2005 frontend: /workspace/incremental-synthesis/benchmarks/riscv-eco-003-base/core/common/example_text_memory_bus.sv
Parsing SystemVerilog input from `/workspace/incremental-synthesis/benchmarks/riscv-eco-003-base/core/common/example_text_memory_bus.sv' to AST representation.
Generating RTLIL representation for module `\example_text_memory_bus'.
Successfully finished Verilog frontend.

11. Executing Verilog-2005 frontend: /workspace/incremental-synthesis/benchmarks/riscv-eco-003-base/core/common/immediate_generator.sv
Parsing SystemVerilog input from `/workspace/incremental-synthesis/benchmarks/riscv-eco-003-base/core/common/immediate_generator.sv' to AST representation.
Generating RTLIL representation for module `\immediate_generator'.
Successfully finished Verilog frontend.

12. Executing Verilog-2005 frontend: /workspace/incremental-synthesis/benchmarks/riscv-eco-003-base/core/common/instruction_decoder.sv
Parsing SystemVerilog input from `/workspace/incremental-synthesis/benchmarks/riscv-eco-003-base/core/common/instruction_decoder.sv' to AST representation.
Generating RTLIL representation for module `\instruction_decoder'.
Successfully finished Verilog frontend.

13. Executing Verilog-2005 frontend: /workspace/incremental-synthesis/benchmarks/riscv-eco-003-base/core/common/multiplexer.sv
Parsing SystemVerilog input from `/workspace/incremental-synthesis/benchmarks/riscv-eco-003-base/core/common/multiplexer.sv' to AST representation.
Generating RTLIL representation for module `\multiplexer'.
Warning: Replacing memory \input_array with list of registers. See /workspace/incremental-synthesis/benchmarks/riscv-eco-003-base/core/common/multiplexer.sv:24
Successfully finished Verilog frontend.

14. Executing Verilog-2005 frontend: /workspace/incremental-synthesis/benchmarks/riscv-eco-003-base/core/common/multiplexer2.sv
Parsing SystemVerilog input from `/workspace/incremental-synthesis/benchmarks/riscv-eco-003-base/core/common/multiplexer2.sv' to AST representation.
Generating RTLIL representation for module `\multiplexer2'.
Successfully finished Verilog frontend.

15. Executing Verilog-2005 frontend: /workspace/incremental-synthesis/benchmarks/riscv-eco-003-base/core/common/multiplexer4.sv
Parsing SystemVerilog input from `/workspace/incremental-synthesis/benchmarks/riscv-eco-003-base/core/common/multiplexer4.sv' to AST representation.
Generating RTLIL representation for module `\multiplexer4'.
Successfully finished Verilog frontend.

16. Executing Verilog-2005 frontend: /workspace/incremental-synthesis/benchmarks/riscv-eco-003-base/core/common/multiplexer8.sv
Parsing SystemVerilog input from `/workspace/incremental-synthesis/benchmarks/riscv-eco-003-base/core/common/multiplexer8.sv' to AST representation.
Generating RTLIL representation for module `\multiplexer8'.
Successfully finished Verilog frontend.

17. Executing Verilog-2005 frontend: /workspace/incremental-synthesis/benchmarks/riscv-eco-003-base/core/common/regfile.sv
Parsing SystemVerilog input from `/workspace/incremental-synthesis/benchmarks/riscv-eco-003-base/core/common/regfile.sv' to AST representation.
Generating RTLIL representation for module `\regfile'.
Warning: Replacing memory \register with list of registers. See /workspace/incremental-synthesis/benchmarks/riscv-eco-003-base/core/common/regfile.sv:38, /workspace/incremental-synthesis/benchmarks/riscv-eco-003-base/core/common/regfile.sv:29
Successfully finished Verilog frontend.

18. Executing Verilog-2005 frontend: /workspace/incremental-synthesis/benchmarks/riscv-eco-003-base/core/common/register.sv
Parsing SystemVerilog input from `/workspace/incremental-synthesis/benchmarks/riscv-eco-003-base/core/common/register.sv' to AST representation.
Generating RTLIL representation for module `\register'.
Successfully finished Verilog frontend.

19. Executing Verilog-2005 frontend: /workspace/incremental-synthesis/benchmarks/riscv-eco-003-base/core/singlecycle/riscv_core.sv
Parsing SystemVerilog input from `/workspace/incremental-synthesis/benchmarks/riscv-eco-003-base/core/singlecycle/riscv_core.sv' to AST representation.
Generating RTLIL representation for module `\riscv_core'.
Successfully finished Verilog frontend.

20. Executing Verilog-2005 frontend: /workspace/incremental-synthesis/benchmarks/riscv-eco-003-base/core/singlecycle/singlecycle_control.sv
Parsing SystemVerilog input from `/workspace/incremental-synthesis/benchmarks/riscv-eco-003-base/core/singlecycle/singlecycle_control.sv' to AST representation.
Generating RTLIL representation for module `\singlecycle_control'.
Successfully finished Verilog frontend.

21. Executing Verilog-2005 frontend: /workspace/incremental-synthesis/benchmarks/riscv-eco-003-base/core/singlecycle/singlecycle_ctlpath.sv
Parsing SystemVerilog input from `/workspace/incremental-synthesis/benchmarks/riscv-eco-003-base/core/singlecycle/singlecycle_ctlpath.sv' to AST representation.
Generating RTLIL representation for module `\singlecycle_ctlpath'.
Successfully finished Verilog frontend.

22. Executing Verilog-2005 frontend: /workspace/incremental-synthesis/benchmarks/riscv-eco-003-base/core/singlecycle/singlecycle_datapath.sv
Parsing SystemVerilog input from `/workspace/incremental-synthesis/benchmarks/riscv-eco-003-base/core/singlecycle/singlecycle_datapath.sv' to AST representation.
Generating RTLIL representation for module `\singlecycle_datapath'.
Successfully finished Verilog frontend.

23. Executing HIERARCHY pass (managing design hierarchy).

23.1. Analyzing design hierarchy..
Top module:  \riscv_core
Used module:     \data_memory_interface
Used module:     \singlecycle_ctlpath
Used module:         \alu_control
Used module:         \control_transfer
Used module:         \singlecycle_control
Used module:     \immediate_generator
Used module:     \instruction_decoder
Used module:     \singlecycle_datapath
Used module:         \regfile
Used module:         \register
Used module:         \multiplexer8
Used module:             \multiplexer
Used module:         \multiplexer2
Used module:         \multiplexer4
Used module:         \alu
Used module:         \adder
Parameter \WIDTH = 32
Parameter \CHANNELS = 2

23.2. Executing AST frontend in derive mode using pre-parsed AST for module `\multiplexer'.
Parameter \WIDTH = 32
Parameter \CHANNELS = 2
Generating RTLIL representation for module `$paramod$6a3d32cf08b5e9a4d56891e3d8781ccd4215c4af\multiplexer'.
Warning: Replacing memory \input_array with list of registers. See /workspace/incremental-synthesis/benchmarks/riscv-eco-003-base/core/common/multiplexer.sv:24
Parameter \WIDTH = 32
Parameter \CHANNELS = 4

23.3. Executing AST frontend in derive mode using pre-parsed AST for module `\multiplexer'.
Parameter \WIDTH = 32
Parameter \CHANNELS = 4
Generating RTLIL representation for module `$paramod$99da07bf27abaac915a8c95d36d6f2808394e702\multiplexer'.
Warning: Replacing memory \input_array with list of registers. See /workspace/incremental-synthesis/benchmarks/riscv-eco-003-base/core/common/multiplexer.sv:24
Parameter \WIDTH = 32
Parameter \CHANNELS = 8

23.4. Executing AST frontend in derive mode using pre-parsed AST for module `\multiplexer'.
Parameter \WIDTH = 32
Parameter \CHANNELS = 8
Generating RTLIL representation for module `$paramod$5ef3be0bfad1454aaa6432c4ab405bbd7cbab26b\multiplexer'.
Warning: Replacing memory \input_array with list of registers. See /workspace/incremental-synthesis/benchmarks/riscv-eco-003-base/core/common/multiplexer.sv:24
Parameter \WIDTH = 32
Parameter \INITIAL = 4194304

23.5. Executing AST frontend in derive mode using pre-parsed AST for module `\register'.
Parameter \WIDTH = 32
Parameter \INITIAL = 4194304
Generating RTLIL representation for module `$paramod$e358a763f16798cd10903dfd37e7986c0fbbe40f\register'.
Parameter \WIDTH = 32

23.6. Executing AST frontend in derive mode using pre-parsed AST for module `\multiplexer8'.
Parameter \WIDTH = 32
Generating RTLIL representation for module `$paramod\multiplexer8\WIDTH=s32'00000000000000000000000000100000'.
Parameter \WIDTH = 32

23.7. Executing AST frontend in derive mode using pre-parsed AST for module `\multiplexer2'.
Parameter \WIDTH = 32
Generating RTLIL representation for module `$paramod\multiplexer2\WIDTH=s32'00000000000000000000000000100000'.
Parameter \WIDTH = 32
Found cached RTLIL representation for module `$paramod\multiplexer2\WIDTH=s32'00000000000000000000000000100000'.
Parameter \WIDTH = 32

23.8. Executing AST frontend in derive mode using pre-parsed AST for module `\multiplexer4'.
Parameter \WIDTH = 32
Generating RTLIL representation for module `$paramod\multiplexer4\WIDTH=s32'00000000000000000000000000100000'.
Parameter \WIDTH = 32

23.9. Executing AST frontend in derive mode using pre-parsed AST for module `\adder'.
Parameter \WIDTH = 32
Generating RTLIL representation for module `$paramod\adder\WIDTH=s32'00000000000000000000000000100000'.
Parameter \WIDTH = 32
Found cached RTLIL representation for module `$paramod\adder\WIDTH=s32'00000000000000000000000000100000'.

23.10. Analyzing design hierarchy..
Top module:  \riscv_core
Used module:     \data_memory_interface
Used module:     \singlecycle_ctlpath
Used module:         \alu_control
Used module:         \control_transfer
Used module:         \singlecycle_control
Used module:     \immediate_generator
Used module:     \instruction_decoder
Used module:     \singlecycle_datapath
Used module:         \regfile
Used module:         $paramod$e358a763f16798cd10903dfd37e7986c0fbbe40f\register
Used module:         $paramod\multiplexer8\WIDTH=s32'00000000000000000000000000100000
Used module:             \multiplexer
Used module:         $paramod\multiplexer2\WIDTH=s32'00000000000000000000000000100000
Used module:         $paramod\multiplexer4\WIDTH=s32'00000000000000000000000000100000
Used module:         \alu
Used module:         $paramod\adder\WIDTH=s32'00000000000000000000000000100000
Parameter \WIDTH = 32
Parameter \CHANNELS = 8
Found cached RTLIL representation for module `$paramod$5ef3be0bfad1454aaa6432c4ab405bbd7cbab26b\multiplexer'.
Parameter \WIDTH = 32
Parameter \CHANNELS = 2
Found cached RTLIL representation for module `$paramod$6a3d32cf08b5e9a4d56891e3d8781ccd4215c4af\multiplexer'.
Parameter \WIDTH = 32
Parameter \CHANNELS = 4
Found cached RTLIL representation for module `$paramod$99da07bf27abaac915a8c95d36d6f2808394e702\multiplexer'.

23.11. Analyzing design hierarchy..
Top module:  \riscv_core
Used module:     \data_memory_interface
Used module:     \singlecycle_ctlpath
Used module:         \alu_control
Used module:         \control_transfer
Used module:         \singlecycle_control
Used module:     \immediate_generator
Used module:     \instruction_decoder
Used module:     \singlecycle_datapath
Used module:         \regfile
Used module:         $paramod$e358a763f16798cd10903dfd37e7986c0fbbe40f\register
Used module:         $paramod\multiplexer8\WIDTH=s32'00000000000000000000000000100000
Used module:             $paramod$5ef3be0bfad1454aaa6432c4ab405bbd7cbab26b\multiplexer
Used module:         $paramod\multiplexer2\WIDTH=s32'00000000000000000000000000100000
Used module:             $paramod$6a3d32cf08b5e9a4d56891e3d8781ccd4215c4af\multiplexer
Used module:         $paramod\multiplexer4\WIDTH=s32'00000000000000000000000000100000
Used module:             $paramod$99da07bf27abaac915a8c95d36d6f2808394e702\multiplexer
Used module:         \alu
Used module:         $paramod\adder\WIDTH=s32'00000000000000000000000000100000

23.12. Analyzing design hierarchy..
Top module:  \riscv_core
Used module:     \data_memory_interface
Used module:     \singlecycle_ctlpath
Used module:         \alu_control
Used module:         \control_transfer
Used module:         \singlecycle_control
Used module:     \immediate_generator
Used module:     \instruction_decoder
Used module:     \singlecycle_datapath
Used module:         \regfile
Used module:         $paramod$e358a763f16798cd10903dfd37e7986c0fbbe40f\register
Used module:         $paramod\multiplexer8\WIDTH=s32'00000000000000000000000000100000
Used module:             $paramod$5ef3be0bfad1454aaa6432c4ab405bbd7cbab26b\multiplexer
Used module:         $paramod\multiplexer2\WIDTH=s32'00000000000000000000000000100000
Used module:             $paramod$6a3d32cf08b5e9a4d56891e3d8781ccd4215c4af\multiplexer
Used module:         $paramod\multiplexer4\WIDTH=s32'00000000000000000000000000100000
Used module:             $paramod$99da07bf27abaac915a8c95d36d6f2808394e702\multiplexer
Used module:         \alu
Used module:         $paramod\adder\WIDTH=s32'00000000000000000000000000100000
Removing unused module `\register'.
Removing unused module `\multiplexer8'.
Removing unused module `\multiplexer4'.
Removing unused module `\multiplexer2'.
Removing unused module `\multiplexer'.
Removing unused module `\example_text_memory_bus'.
Removing unused module `\example_memory_bus'.
Removing unused module `\example_data_memory_bus'.
Removing unused module `\adder'.
Removed 9 unused modules.

24. Executing PROC pass (convert processes to netlists).

24.1. Executing PROC_CLEAN pass (remove empty switches from decision trees).
Cleaned up 0 empty switches.

24.2. Executing PROC_RMDEAD pass (remove dead branches from decision trees).
Marked 1 switch rules as full_case in process $proc$/workspace/incremental-synthesis/benchmarks/riscv-eco-003-base/core/singlecycle/singlecycle_control.sv:24$123 in module singlecycle_control.
Removed 1 dead cases from process $proc$/workspace/incremental-synthesis/benchmarks/riscv-eco-003-base/core/common/regfile.sv:33$117 in module regfile.
Marked 1 switch rules as full_case in process $proc$/workspace/incremental-synthesis/benchmarks/riscv-eco-003-base/core/common/regfile.sv:33$117 in module regfile.
Removed 1 dead cases from process $proc$/workspace/incremental-synthesis/benchmarks/riscv-eco-003-base/core/common/regfile.sv:32$114 in module regfile.
Marked 1 switch rules as full_case in process $proc$/workspace/incremental-synthesis/benchmarks/riscv-eco-003-base/core/common/regfile.sv:32$114 in module regfile.
Marked 5 switch rules as full_case in process $proc$/workspace/incremental-synthesis/benchmarks/riscv-eco-003-base/core/common/regfile.sv:35$96 in module regfile.
Marked 1 switch rules as full_case in process $proc$/workspace/incremental-synthesis/benchmarks/riscv-eco-003-base/core/common/register.sv:23$150 in module $paramod$e358a763f16798cd10903dfd37e7986c0fbbe40f\register.
Marked 1 switch rules as full_case in process $proc$/workspace/incremental-synthesis/benchmarks/riscv-eco-003-base/core/common/immediate_generator.sv:22$83 in module immediate_generator.
Removed 1 dead cases from process $proc$/workspace/incremental-synthesis/benchmarks/riscv-eco-003-base/core/common/multiplexer.sv:21$139 in module $paramod$5ef3be0bfad1454aaa6432c4ab405bbd7cbab26b\multiplexer.
Marked 1 switch rules as full_case in process $proc$/workspace/incremental-synthesis/benchmarks/riscv-eco-003-base/core/common/multiplexer.sv:21$139 in module $paramod$5ef3be0bfad1454aaa6432c4ab405bbd7cbab26b\multiplexer.
Removed 1 dead cases from process $proc$/workspace/incremental-synthesis/benchmarks/riscv-eco-003-base/core/common/multiplexer.sv:21$131 in module $paramod$99da07bf27abaac915a8c95d36d6f2808394e702\multiplexer.
Marked 1 switch rules as full_case in process $proc$/workspace/incremental-synthesis/benchmarks/riscv-eco-003-base/core/common/multiplexer.sv:21$131 in module $paramod$99da07bf27abaac915a8c95d36d6f2808394e702\multiplexer.
Removed 1 dead cases from process $proc$/workspace/incremental-synthesis/benchmarks/riscv-eco-003-base/core/common/multiplexer.sv:21$125 in module $paramod$6a3d32cf08b5e9a4d56891e3d8781ccd4215c4af\multiplexer.
Marked 1 switch rules as full_case in process $proc$/workspace/incremental-synthesis/benchmarks/riscv-eco-003-base/core/common/multiplexer.sv:21$125 in module $paramod$6a3d32cf08b5e9a4d56891e3d8781ccd4215c4af\multiplexer.
Marked 1 switch rules as full_case in process $proc$/workspace/incremental-synthesis/benchmarks/riscv-eco-003-base/core/common/data_memory_interface.sv:51$57 in module data_memory_interface.
Marked 1 switch rules as full_case in process $proc$/workspace/incremental-synthesis/benchmarks/riscv-eco-003-base/core/common/data_memory_interface.sv:35$50 in module data_memory_interface.
Marked 4 switch rules as full_case in process $proc$/workspace/incremental-synthesis/benchmarks/riscv-eco-003-base/core/common/control_transfer.sv:19$41 in module control_transfer.
Removed 1 dead cases from process $proc$/workspace/incremental-synthesis/benchmarks/riscv-eco-003-base/core/common/alu_control.sv:79$40 in module alu_control.
Marked 1 switch rules as full_case in process $proc$/workspace/incremental-synthesis/benchmarks/riscv-eco-003-base/core/common/alu_control.sv:79$40 in module alu_control.
Marked 1 switch rules as full_case in process $proc$/workspace/incremental-synthesis/benchmarks/riscv-eco-003-base/core/common/alu_control.sv:67$39 in module alu_control.
Marked 1 switch rules as full_case in process $proc$/workspace/incremental-synthesis/benchmarks/riscv-eco-003-base/core/common/alu_control.sv:60$38 in module alu_control.
Removed 1 dead cases from process $proc$/workspace/incremental-synthesis/benchmarks/riscv-eco-003-base/core/common/alu_control.sv:47$37 in module alu_control.
Marked 1 switch rules as full_case in process $proc$/workspace/incremental-synthesis/benchmarks/riscv-eco-003-base/core/common/alu_control.sv:47$37 in module alu_control.
Marked 1 switch rules as full_case in process $proc$/workspace/incremental-synthesis/benchmarks/riscv-eco-003-base/core/common/alu_control.sv:42$34 in module alu_control.
Marked 2 switch rules as full_case in process $proc$/workspace/incremental-synthesis/benchmarks/riscv-eco-003-base/core/common/alu_control.sv:35$33 in module alu_control.
Marked 1 switch rules as full_case in process $proc$/workspace/incremental-synthesis/benchmarks/riscv-eco-003-base/core/common/alu_control.sv:25$32 in module alu_control.
Marked 7 switch rules as full_case in process $proc$/workspace/incremental-synthesis/benchmarks/riscv-eco-003-base/core/common/alu.sv:25$3 in module alu.
Removed a total of 7 dead cases.

24.3. Executing PROC_PRUNE pass (remove redundant assignments in processes).
Removed 0 redundant assignments.
Promoted 85 assignments to connections.

24.4. Executing PROC_INIT pass (extract init attributes).
Found init rule in `\regfile.$proc$/workspace/incremental-synthesis/benchmarks/riscv-eco-003-base/core/common/regfile.sv:27$120'.
  Set init value: \i = 32
  Set init value: \register[0] = 0
  Set init value: \register[1] = 0
  Set init value: \register[2] = 0
  Set init value: \register[3] = 0
  Set init value: \register[4] = 0
  Set init value: \register[5] = 0
  Set init value: \register[6] = 0
  Set init value: \register[7] = 0
  Set init value: \register[8] = 0
  Set init value: \register[9] = 0
  Set init value: \register[10] = 0
  Set init value: \register[11] = 0
  Set init value: \register[12] = 0
  Set init value: \register[13] = 0
  Set init value: \register[14] = 0
  Set init value: \register[15] = 0
  Set init value: \register[16] = 0
  Set init value: \register[17] = 0
  Set init value: \register[18] = 0
  Set init value: \register[19] = 0
  Set init value: \register[20] = 0
  Set init value: \register[21] = 0
  Set init value: \register[22] = 0
  Set init value: \register[23] = 0
  Set init value: \register[24] = 0
  Set init value: \register[25] = 0
  Set init value: \register[26] = 0
  Set init value: \register[27] = 0
  Set init value: \register[28] = 0
  Set init value: \register[29] = 0
  Set init value: \register[30] = 0
  Set init value: \register[31] = 0
Found init rule in `$paramod$e358a763f16798cd10903dfd37e7986c0fbbe40f\register.$proc$/workspace/incremental-synthesis/benchmarks/riscv-eco-003-base/core/common/register.sv:21$151'.
  Set init value: \value = 4194304

24.5. Executing PROC_ARST pass (detect async resets in processes).
Found async reset \reset in `\regfile.$proc$/workspace/incremental-synthesis/benchmarks/riscv-eco-003-base/core/common/regfile.sv:35$96'.
Found async reset \reset in `$paramod$e358a763f16798cd10903dfd37e7986c0fbbe40f\register.$proc$/workspace/incremental-synthesis/benchmarks/riscv-eco-003-base/core/common/register.sv:23$150'.

24.6. Executing PROC_ROM pass (convert switches to ROMs).
Converted 2 switches.
<suppressed ~31 debug messages>

24.7. Executing PROC_MUX pass (convert decision trees to multiplexers).
Creating decoders for process `\singlecycle_control.$proc$/workspace/incremental-synthesis/benchmarks/riscv-eco-003-base/core/singlecycle/singlecycle_control.sv:24$123'.
     1/11: $1\reg_writeback_select[2:0]
     2/11: $1\data_mem_read_enable[0:0]
     3/11: $1\alu_op_type[2:0]
     4/11: $1\alu_operand_b_select[0:0]
     5/11: $1\alu_operand_a_select[0:0]
     6/11: $1\regfile_write_enable[0:0]
     7/11: $1\data_mem_write_enable[0:0]
     8/11: $1\pc_write_enable[0:0]
     9/11: $1\jalr_enable[0:0]
    10/11: $1\jal_enable[0:0]
    11/11: $1\branch_enable[0:0]
Creating decoders for process `\regfile.$proc$/workspace/incremental-synthesis/benchmarks/riscv-eco-003-base/core/common/regfile.sv:27$120'.
Creating decoders for process `\regfile.$proc$/workspace/incremental-synthesis/benchmarks/riscv-eco-003-base/core/common/regfile.sv:33$117'.
     1/1: $1$mem2reg_rd$\register$/workspace/incremental-synthesis/benchmarks/riscv-eco-003-base/core/common/regfile.sv:33$93_DATA[31:0]$119
Creating decoders for process `\regfile.$proc$/workspace/incremental-synthesis/benchmarks/riscv-eco-003-base/core/common/regfile.sv:32$114'.
     1/1: $1$mem2reg_rd$\register$/workspace/incremental-synthesis/benchmarks/riscv-eco-003-base/core/common/regfile.sv:32$92_DATA[31:0]$116
Creating decoders for process `\regfile.$proc$/workspace/incremental-synthesis/benchmarks/riscv-eco-003-base/core/common/regfile.sv:35$96'.
     1/45: $3$mem2reg_wr$\register$/workspace/incremental-synthesis/benchmarks/riscv-eco-003-base/core/common/regfile.sv:40$94_ADDR[4:0]$110
     2/45: $3$mem2reg_wr$\register$/workspace/incremental-synthesis/benchmarks/riscv-eco-003-base/core/common/regfile.sv:40$94_DATA[31:0]$111
     3/45: $3$mem2reg_wr$\register$/workspace/incremental-synthesis/benchmarks/riscv-eco-003-base/core/common/regfile.sv:41$95_DATA[31:0]$113
     4/45: $3$mem2reg_wr$\register$/workspace/incremental-synthesis/benchmarks/riscv-eco-003-base/core/common/regfile.sv:41$95_ADDR[4:0]$112
     5/45: $2$mem2reg_wr$\register$/workspace/incremental-synthesis/benchmarks/riscv-eco-003-base/core/common/regfile.sv:41$95_DATA[31:0]$108
     6/45: $2$mem2reg_wr$\register$/workspace/incremental-synthesis/benchmarks/riscv-eco-003-base/core/common/regfile.sv:41$95_ADDR[4:0]$107
     7/45: $2$mem2reg_wr$\register$/workspace/incremental-synthesis/benchmarks/riscv-eco-003-base/core/common/regfile.sv:40$94_DATA[31:0]$106
     8/45: $2$mem2reg_wr$\register$/workspace/incremental-synthesis/benchmarks/riscv-eco-003-base/core/common/regfile.sv:40$94_ADDR[4:0]$105
     9/45: $1$mem2reg_wr$\register$/workspace/incremental-synthesis/benchmarks/riscv-eco-003-base/core/common/regfile.sv:41$95_DATA[31:0]$104
    10/45: $1$mem2reg_wr$\register$/workspace/incremental-synthesis/benchmarks/riscv-eco-003-base/core/common/regfile.sv:41$95_ADDR[4:0]$103
    11/45: $1$mem2reg_wr$\register$/workspace/incremental-synthesis/benchmarks/riscv-eco-003-base/core/common/regfile.sv:40$94_DATA[31:0]$102
    12/45: $1$mem2reg_wr$\register$/workspace/incremental-synthesis/benchmarks/riscv-eco-003-base/core/common/regfile.sv:40$94_ADDR[4:0]$101
    13/45: $1\i[31:0]
    14/45: $0\register[31][31:0]
    15/45: $0\register[30][31:0]
    16/45: $0\register[29][31:0]
    17/45: $0\register[28][31:0]
    18/45: $0\register[27][31:0]
    19/45: $0\register[26][31:0]
    20/45: $0\register[25][31:0]
    21/45: $0\register[24][31:0]
    22/45: $0\register[23][31:0]
    23/45: $0\register[22][31:0]
    24/45: $0\register[21][31:0]
    25/45: $0\register[20][31:0]
    26/45: $0\register[19][31:0]
    27/45: $0\register[18][31:0]
    28/45: $0\register[17][31:0]
    29/45: $0\register[16][31:0]
    30/45: $0\register[15][31:0]
    31/45: $0\register[14][31:0]
    32/45: $0\register[13][31:0]
    33/45: $0\register[12][31:0]
    34/45: $0\register[11][31:0]
    35/45: $0\register[10][31:0]
    36/45: $0\register[9][31:0]
    37/45: $0\register[8][31:0]
    38/45: $0\register[7][31:0]
    39/45: $0\register[6][31:0]
    40/45: $0\register[5][31:0]
    41/45: $0\register[4][31:0]
    42/45: $0\register[3][31:0]
    43/45: $0\register[2][31:0]
    44/45: $0\register[1][31:0]
    45/45: $0\register[0][31:0]
Creating decoders for process `$paramod$e358a763f16798cd10903dfd37e7986c0fbbe40f\register.$proc$/workspace/incremental-synthesis/benchmarks/riscv-eco-003-base/core/common/register.sv:21$151'.
Creating decoders for process `$paramod$e358a763f16798cd10903dfd37e7986c0fbbe40f\register.$proc$/workspace/incremental-synthesis/benchmarks/riscv-eco-003-base/core/common/register.sv:23$150'.
     1/1: $0\value[31:0]
Creating decoders for process `\immediate_generator.$proc$/workspace/incremental-synthesis/benchmarks/riscv-eco-003-base/core/common/immediate_generator.sv:22$83'.
     1/1: $1\immediate[31:0]
Creating decoders for process `$paramod$5ef3be0bfad1454aaa6432c4ab405bbd7cbab26b\multiplexer.$proc$/workspace/incremental-synthesis/benchmarks/riscv-eco-003-base/core/common/multiplexer.sv:24$149'.
Creating decoders for process `$paramod$5ef3be0bfad1454aaa6432c4ab405bbd7cbab26b\multiplexer.$proc$/workspace/incremental-synthesis/benchmarks/riscv-eco-003-base/core/common/multiplexer.sv:24$148'.
Creating decoders for process `$paramod$5ef3be0bfad1454aaa6432c4ab405bbd7cbab26b\multiplexer.$proc$/workspace/incremental-synthesis/benchmarks/riscv-eco-003-base/core/common/multiplexer.sv:24$147'.
Creating decoders for process `$paramod$5ef3be0bfad1454aaa6432c4ab405bbd7cbab26b\multiplexer.$proc$/workspace/incremental-synthesis/benchmarks/riscv-eco-003-base/core/common/multiplexer.sv:24$146'.
Creating decoders for process `$paramod$5ef3be0bfad1454aaa6432c4ab405bbd7cbab26b\multiplexer.$proc$/workspace/incremental-synthesis/benchmarks/riscv-eco-003-base/core/common/multiplexer.sv:24$145'.
Creating decoders for process `$paramod$5ef3be0bfad1454aaa6432c4ab405bbd7cbab26b\multiplexer.$proc$/workspace/incremental-synthesis/benchmarks/riscv-eco-003-base/core/common/multiplexer.sv:24$144'.
Creating decoders for process `$paramod$5ef3be0bfad1454aaa6432c4ab405bbd7cbab26b\multiplexer.$proc$/workspace/incremental-synthesis/benchmarks/riscv-eco-003-base/core/common/multiplexer.sv:24$143'.
Creating decoders for process `$paramod$5ef3be0bfad1454aaa6432c4ab405bbd7cbab26b\multiplexer.$proc$/workspace/incremental-synthesis/benchmarks/riscv-eco-003-base/core/common/multiplexer.sv:24$142'.
Creating decoders for process `$paramod$5ef3be0bfad1454aaa6432c4ab405bbd7cbab26b\multiplexer.$proc$/workspace/incremental-synthesis/benchmarks/riscv-eco-003-base/core/common/multiplexer.sv:21$139'.
     1/1: $1$mem2reg_rd$\input_array$/workspace/incremental-synthesis/benchmarks/riscv-eco-003-base/core/common/multiplexer.sv:21$138_DATA[31:0]$141
Creating decoders for process `$paramod$99da07bf27abaac915a8c95d36d6f2808394e702\multiplexer.$proc$/workspace/incremental-synthesis/benchmarks/riscv-eco-003-base/core/common/multiplexer.sv:24$137'.
Creating decoders for process `$paramod$99da07bf27abaac915a8c95d36d6f2808394e702\multiplexer.$proc$/workspace/incremental-synthesis/benchmarks/riscv-eco-003-base/core/common/multiplexer.sv:24$136'.
Creating decoders for process `$paramod$99da07bf27abaac915a8c95d36d6f2808394e702\multiplexer.$proc$/workspace/incremental-synthesis/benchmarks/riscv-eco-003-base/core/common/multiplexer.sv:24$135'.
Creating decoders for process `$paramod$99da07bf27abaac915a8c95d36d6f2808394e702\multiplexer.$proc$/workspace/incremental-synthesis/benchmarks/riscv-eco-003-base/core/common/multiplexer.sv:24$134'.
Creating decoders for process `$paramod$99da07bf27abaac915a8c95d36d6f2808394e702\multiplexer.$proc$/workspace/incremental-synthesis/benchmarks/riscv-eco-003-base/core/common/multiplexer.sv:21$131'.
     1/1: $1$mem2reg_rd$\input_array$/workspace/incremental-synthesis/benchmarks/riscv-eco-003-base/core/common/multiplexer.sv:21$130_DATA[31:0]$133
Creating decoders for process `$paramod$6a3d32cf08b5e9a4d56891e3d8781ccd4215c4af\multiplexer.$proc$/workspace/incremental-synthesis/benchmarks/riscv-eco-003-base/core/common/multiplexer.sv:24$129'.
Creating decoders for process `$paramod$6a3d32cf08b5e9a4d56891e3d8781ccd4215c4af\multiplexer.$proc$/workspace/incremental-synthesis/benchmarks/riscv-eco-003-base/core/common/multiplexer.sv:24$128'.
Creating decoders for process `$paramod$6a3d32cf08b5e9a4d56891e3d8781ccd4215c4af\multiplexer.$proc$/workspace/incremental-synthesis/benchmarks/riscv-eco-003-base/core/common/multiplexer.sv:21$125'.
     1/1: $1$mem2reg_rd$\input_array$/workspace/incremental-synthesis/benchmarks/riscv-eco-003-base/core/common/multiplexer.sv:21$124_DATA[31:0]$127
Creating decoders for process `\data_memory_interface.$proc$/workspace/incremental-synthesis/benchmarks/riscv-eco-003-base/core/common/data_memory_interface.sv:51$57'.
     1/1: $1\sign_fix[31:0]
Creating decoders for process `\data_memory_interface.$proc$/workspace/incremental-synthesis/benchmarks/riscv-eco-003-base/core/common/data_memory_interface.sv:46$54'.
Creating decoders for process `\data_memory_interface.$proc$/workspace/incremental-synthesis/benchmarks/riscv-eco-003-base/core/common/data_memory_interface.sv:35$50'.
     1/1: $1\bus_byte_enable[3:0]
Creating decoders for process `\control_transfer.$proc$/workspace/incremental-synthesis/benchmarks/riscv-eco-003-base/core/common/control_transfer.sv:19$41'.
     1/4: $4\next_pc_select[1:0]
     2/4: $3\next_pc_select[1:0]
     3/4: $2\next_pc_select[1:0]
     4/4: $1\next_pc_select[1:0]
Creating decoders for process `\alu_control.$proc$/workspace/incremental-synthesis/benchmarks/riscv-eco-003-base/core/common/alu_control.sv:79$40'.
     1/1: $1\m_extension_funct[4:0]
Creating decoders for process `\alu_control.$proc$/workspace/incremental-synthesis/benchmarks/riscv-eco-003-base/core/common/alu_control.sv:67$39'.
     1/1: $1\branch_funct[4:0]
Creating decoders for process `\alu_control.$proc$/workspace/incremental-synthesis/benchmarks/riscv-eco-003-base/core/common/alu_control.sv:60$38'.
     1/1: $1\secondary_funct[4:0]
Creating decoders for process `\alu_control.$proc$/workspace/incremental-synthesis/benchmarks/riscv-eco-003-base/core/common/alu_control.sv:47$37'.
     1/1: $1\default_funct[4:0]
Creating decoders for process `\alu_control.$proc$/workspace/incremental-synthesis/benchmarks/riscv-eco-003-base/core/common/alu_control.sv:42$34'.
     1/1: $1\op_imm_funct[4:0]
Creating decoders for process `\alu_control.$proc$/workspace/incremental-synthesis/benchmarks/riscv-eco-003-base/core/common/alu_control.sv:35$33'.
     1/2: $2\op_funct[4:0]
     2/2: $1\op_funct[4:0]
Creating decoders for process `\alu_control.$proc$/workspace/incremental-synthesis/benchmarks/riscv-eco-003-base/core/common/alu_control.sv:25$32'.
     1/1: $1\alu_function[4:0]
Creating decoders for process `\alu.$proc$/workspace/incremental-synthesis/benchmarks/riscv-eco-003-base/core/common/alu.sv:75$28'.
Creating decoders for process `\alu.$proc$/workspace/incremental-synthesis/benchmarks/riscv-eco-003-base/core/common/alu.sv:25$3'.
     1/7: $7\result[31:0]
     2/7: $6\result[31:0]
     3/7: $5\result[31:0]
     4/7: $4\result[31:0]
     5/7: $3\result[31:0]
     6/7: $2\result[31:0]
     7/7: $1\result[31:0]

24.8. Executing PROC_DLATCH pass (convert process syncs to latches).
No latch inferred for signal `\singlecycle_control.\alu_op_type' from process `\singlecycle_control.$proc$/workspace/incremental-synthesis/benchmarks/riscv-eco-003-base/core/singlecycle/singlecycle_control.sv:24$123'.
No latch inferred for signal `\singlecycle_control.\branch_enable' from process `\singlecycle_control.$proc$/workspace/incremental-synthesis/benchmarks/riscv-eco-003-base/core/singlecycle/singlecycle_control.sv:24$123'.
No latch inferred for signal `\singlecycle_control.\jal_enable' from process `\singlecycle_control.$proc$/workspace/incremental-synthesis/benchmarks/riscv-eco-003-base/core/singlecycle/singlecycle_control.sv:24$123'.
No latch inferred for signal `\singlecycle_control.\jalr_enable' from process `\singlecycle_control.$proc$/workspace/incremental-synthesis/benchmarks/riscv-eco-003-base/core/singlecycle/singlecycle_control.sv:24$123'.
No latch inferred for signal `\singlecycle_control.\pc_write_enable' from process `\singlecycle_control.$proc$/workspace/incremental-synthesis/benchmarks/riscv-eco-003-base/core/singlecycle/singlecycle_control.sv:24$123'.
No latch inferred for signal `\singlecycle_control.\regfile_write_enable' from process `\singlecycle_control.$proc$/workspace/incremental-synthesis/benchmarks/riscv-eco-003-base/core/singlecycle/singlecycle_control.sv:24$123'.
No latch inferred for signal `\singlecycle_control.\alu_operand_a_select' from process `\singlecycle_control.$proc$/workspace/incremental-synthesis/benchmarks/riscv-eco-003-base/core/singlecycle/singlecycle_control.sv:24$123'.
No latch inferred for signal `\singlecycle_control.\alu_operand_b_select' from process `\singlecycle_control.$proc$/workspace/incremental-synthesis/benchmarks/riscv-eco-003-base/core/singlecycle/singlecycle_control.sv:24$123'.
No latch inferred for signal `\singlecycle_control.\reg_writeback_select' from process `\singlecycle_control.$proc$/workspace/incremental-synthesis/benchmarks/riscv-eco-003-base/core/singlecycle/singlecycle_control.sv:24$123'.
No latch inferred for signal `\singlecycle_control.\data_mem_read_enable' from process `\singlecycle_control.$proc$/workspace/incremental-synthesis/benchmarks/riscv-eco-003-base/core/singlecycle/singlecycle_control.sv:24$123'.
No latch inferred for signal `\singlecycle_control.\data_mem_write_enable' from process `\singlecycle_control.$proc$/workspace/incremental-synthesis/benchmarks/riscv-eco-003-base/core/singlecycle/singlecycle_control.sv:24$123'.
No latch inferred for signal `\regfile.$mem2reg_rd$\register$/workspace/incremental-synthesis/benchmarks/riscv-eco-003-base/core/common/regfile.sv:33$93_DATA' from process `\regfile.$proc$/workspace/incremental-synthesis/benchmarks/riscv-eco-003-base/core/common/regfile.sv:33$117'.
No latch inferred for signal `\regfile.$mem2reg_rd$\register$/workspace/incremental-synthesis/benchmarks/riscv-eco-003-base/core/common/regfile.sv:32$92_DATA' from process `\regfile.$proc$/workspace/incremental-synthesis/benchmarks/riscv-eco-003-base/core/common/regfile.sv:32$114'.
No latch inferred for signal `\immediate_generator.\immediate' from process `\immediate_generator.$proc$/workspace/incremental-synthesis/benchmarks/riscv-eco-003-base/core/common/immediate_generator.sv:22$83'.
No latch inferred for signal `$paramod$5ef3be0bfad1454aaa6432c4ab405bbd7cbab26b\multiplexer.\input_array[0]' from process `$paramod$5ef3be0bfad1454aaa6432c4ab405bbd7cbab26b\multiplexer.$proc$/workspace/incremental-synthesis/benchmarks/riscv-eco-003-base/core/common/multiplexer.sv:24$149'.
No latch inferred for signal `$paramod$5ef3be0bfad1454aaa6432c4ab405bbd7cbab26b\multiplexer.\input_array[1]' from process `$paramod$5ef3be0bfad1454aaa6432c4ab405bbd7cbab26b\multiplexer.$proc$/workspace/incremental-synthesis/benchmarks/riscv-eco-003-base/core/common/multiplexer.sv:24$148'.
No latch inferred for signal `$paramod$5ef3be0bfad1454aaa6432c4ab405bbd7cbab26b\multiplexer.\input_array[2]' from process `$paramod$5ef3be0bfad1454aaa6432c4ab405bbd7cbab26b\multiplexer.$proc$/workspace/incremental-synthesis/benchmarks/riscv-eco-003-base/core/common/multiplexer.sv:24$147'.
No latch inferred for signal `$paramod$5ef3be0bfad1454aaa6432c4ab405bbd7cbab26b\multiplexer.\input_array[3]' from process `$paramod$5ef3be0bfad1454aaa6432c4ab405bbd7cbab26b\multiplexer.$proc$/workspace/incremental-synthesis/benchmarks/riscv-eco-003-base/core/common/multiplexer.sv:24$146'.
No latch inferred for signal `$paramod$5ef3be0bfad1454aaa6432c4ab405bbd7cbab26b\multiplexer.\input_array[4]' from process `$paramod$5ef3be0bfad1454aaa6432c4ab405bbd7cbab26b\multiplexer.$proc$/workspace/incremental-synthesis/benchmarks/riscv-eco-003-base/core/common/multiplexer.sv:24$145'.
No latch inferred for signal `$paramod$5ef3be0bfad1454aaa6432c4ab405bbd7cbab26b\multiplexer.\input_array[5]' from process `$paramod$5ef3be0bfad1454aaa6432c4ab405bbd7cbab26b\multiplexer.$proc$/workspace/incremental-synthesis/benchmarks/riscv-eco-003-base/core/common/multiplexer.sv:24$144'.
No latch inferred for signal `$paramod$5ef3be0bfad1454aaa6432c4ab405bbd7cbab26b\multiplexer.\input_array[6]' from process `$paramod$5ef3be0bfad1454aaa6432c4ab405bbd7cbab26b\multiplexer.$proc$/workspace/incremental-synthesis/benchmarks/riscv-eco-003-base/core/common/multiplexer.sv:24$143'.
No latch inferred for signal `$paramod$5ef3be0bfad1454aaa6432c4ab405bbd7cbab26b\multiplexer.\input_array[7]' from process `$paramod$5ef3be0bfad1454aaa6432c4ab405bbd7cbab26b\multiplexer.$proc$/workspace/incremental-synthesis/benchmarks/riscv-eco-003-base/core/common/multiplexer.sv:24$142'.
No latch inferred for signal `$paramod$5ef3be0bfad1454aaa6432c4ab405bbd7cbab26b\multiplexer.$mem2reg_rd$\input_array$/workspace/incremental-synthesis/benchmarks/riscv-eco-003-base/core/common/multiplexer.sv:21$138_DATA' from process `$paramod$5ef3be0bfad1454aaa6432c4ab405bbd7cbab26b\multiplexer.$proc$/workspace/incremental-synthesis/benchmarks/riscv-eco-003-base/core/common/multiplexer.sv:21$139'.
No latch inferred for signal `$paramod$99da07bf27abaac915a8c95d36d6f2808394e702\multiplexer.\input_array[0]' from process `$paramod$99da07bf27abaac915a8c95d36d6f2808394e702\multiplexer.$proc$/workspace/incremental-synthesis/benchmarks/riscv-eco-003-base/core/common/multiplexer.sv:24$137'.
No latch inferred for signal `$paramod$99da07bf27abaac915a8c95d36d6f2808394e702\multiplexer.\input_array[1]' from process `$paramod$99da07bf27abaac915a8c95d36d6f2808394e702\multiplexer.$proc$/workspace/incremental-synthesis/benchmarks/riscv-eco-003-base/core/common/multiplexer.sv:24$136'.
No latch inferred for signal `$paramod$99da07bf27abaac915a8c95d36d6f2808394e702\multiplexer.\input_array[2]' from process `$paramod$99da07bf27abaac915a8c95d36d6f2808394e702\multiplexer.$proc$/workspace/incremental-synthesis/benchmarks/riscv-eco-003-base/core/common/multiplexer.sv:24$135'.
No latch inferred for signal `$paramod$99da07bf27abaac915a8c95d36d6f2808394e702\multiplexer.\input_array[3]' from process `$paramod$99da07bf27abaac915a8c95d36d6f2808394e702\multiplexer.$proc$/workspace/incremental-synthesis/benchmarks/riscv-eco-003-base/core/common/multiplexer.sv:24$134'.
No latch inferred for signal `$paramod$99da07bf27abaac915a8c95d36d6f2808394e702\multiplexer.$mem2reg_rd$\input_array$/workspace/incremental-synthesis/benchmarks/riscv-eco-003-base/core/common/multiplexer.sv:21$130_DATA' from process `$paramod$99da07bf27abaac915a8c95d36d6f2808394e702\multiplexer.$proc$/workspace/incremental-synthesis/benchmarks/riscv-eco-003-base/core/common/multiplexer.sv:21$131'.
No latch inferred for signal `$paramod$6a3d32cf08b5e9a4d56891e3d8781ccd4215c4af\multiplexer.\input_array[0]' from process `$paramod$6a3d32cf08b5e9a4d56891e3d8781ccd4215c4af\multiplexer.$proc$/workspace/incremental-synthesis/benchmarks/riscv-eco-003-base/core/common/multiplexer.sv:24$129'.
No latch inferred for signal `$paramod$6a3d32cf08b5e9a4d56891e3d8781ccd4215c4af\multiplexer.\input_array[1]' from process `$paramod$6a3d32cf08b5e9a4d56891e3d8781ccd4215c4af\multiplexer.$proc$/workspace/incremental-synthesis/benchmarks/riscv-eco-003-base/core/common/multiplexer.sv:24$128'.
No latch inferred for signal `$paramod$6a3d32cf08b5e9a4d56891e3d8781ccd4215c4af\multiplexer.$mem2reg_rd$\input_array$/workspace/incremental-synthesis/benchmarks/riscv-eco-003-base/core/common/multiplexer.sv:21$124_DATA' from process `$paramod$6a3d32cf08b5e9a4d56891e3d8781ccd4215c4af\multiplexer.$proc$/workspace/incremental-synthesis/benchmarks/riscv-eco-003-base/core/common/multiplexer.sv:21$125'.
No latch inferred for signal `\data_memory_interface.\sign_fix' from process `\data_memory_interface.$proc$/workspace/incremental-synthesis/benchmarks/riscv-eco-003-base/core/common/data_memory_interface.sv:51$57'.
No latch inferred for signal `\data_memory_interface.\position_fix' from process `\data_memory_interface.$proc$/workspace/incremental-synthesis/benchmarks/riscv-eco-003-base/core/common/data_memory_interface.sv:46$54'.
No latch inferred for signal `\data_memory_interface.\bus_byte_enable' from process `\data_memory_interface.$proc$/workspace/incremental-synthesis/benchmarks/riscv-eco-003-base/core/common/data_memory_interface.sv:35$50'.
No latch inferred for signal `\control_transfer.\next_pc_select' from process `\control_transfer.$proc$/workspace/incremental-synthesis/benchmarks/riscv-eco-003-base/core/common/control_transfer.sv:19$41'.
No latch inferred for signal `\alu_control.\m_extension_funct' from process `\alu_control.$proc$/workspace/incremental-synthesis/benchmarks/riscv-eco-003-base/core/common/alu_control.sv:79$40'.
No latch inferred for signal `\alu_control.\branch_funct' from process `\alu_control.$proc$/workspace/incremental-synthesis/benchmarks/riscv-eco-003-base/core/common/alu_control.sv:67$39'.
No latch inferred for signal `\alu_control.\secondary_funct' from process `\alu_control.$proc$/workspace/incremental-synthesis/benchmarks/riscv-eco-003-base/core/common/alu_control.sv:60$38'.
No latch inferred for signal `\alu_control.\default_funct' from process `\alu_control.$proc$/workspace/incremental-synthesis/benchmarks/riscv-eco-003-base/core/common/alu_control.sv:47$37'.
No latch inferred for signal `\alu_control.\op_imm_funct' from process `\alu_control.$proc$/workspace/incremental-synthesis/benchmarks/riscv-eco-003-base/core/common/alu_control.sv:42$34'.
No latch inferred for signal `\alu_control.\op_funct' from process `\alu_control.$proc$/workspace/incremental-synthesis/benchmarks/riscv-eco-003-base/core/common/alu_control.sv:35$33'.
No latch inferred for signal `\alu_control.\alu_function' from process `\alu_control.$proc$/workspace/incremental-synthesis/benchmarks/riscv-eco-003-base/core/common/alu_control.sv:25$32'.
No latch inferred for signal `\alu.\signed_multiplication' from process `\alu.$proc$/workspace/incremental-synthesis/benchmarks/riscv-eco-003-base/core/common/alu.sv:75$28'.
No latch inferred for signal `\alu.\unsigned_multiplication' from process `\alu.$proc$/workspace/incremental-synthesis/benchmarks/riscv-eco-003-base/core/common/alu.sv:75$28'.
No latch inferred for signal `\alu.\signed_unsigned_multiplication' from process `\alu.$proc$/workspace/incremental-synthesis/benchmarks/riscv-eco-003-base/core/common/alu.sv:75$28'.
No latch inferred for signal `\alu.\result' from process `\alu.$proc$/workspace/incremental-synthesis/benchmarks/riscv-eco-003-base/core/common/alu.sv:25$3'.

24.9. Executing PROC_DFF pass (convert process syncs to FFs).
Creating register for signal `\regfile.\i' using process `\regfile.$proc$/workspace/incremental-synthesis/benchmarks/riscv-eco-003-base/core/common/regfile.sv:35$96'.
  created $adff cell `$procdff$1879' with positive edge clock and positive level reset.
Creating register for signal `\regfile.\register[0]' using process `\regfile.$proc$/workspace/incremental-synthesis/benchmarks/riscv-eco-003-base/core/common/regfile.sv:35$96'.
  created $adff cell `$procdff$1882' with positive edge clock and positive level reset.
Creating register for signal `\regfile.\register[1]' using process `\regfile.$proc$/workspace/incremental-synthesis/benchmarks/riscv-eco-003-base/core/common/regfile.sv:35$96'.
  created $adff cell `$procdff$1885' with positive edge clock and positive level reset.
Creating register for signal `\regfile.\register[2]' using process `\regfile.$proc$/workspace/incremental-synthesis/benchmarks/riscv-eco-003-base/core/common/regfile.sv:35$96'.
  created $adff cell `$procdff$1888' with positive edge clock and positive level reset.
Creating register for signal `\regfile.\register[3]' using process `\regfile.$proc$/workspace/incremental-synthesis/benchmarks/riscv-eco-003-base/core/common/regfile.sv:35$96'.
  created $adff cell `$procdff$1891' with positive edge clock and positive level reset.
Creating register for signal `\regfile.\register[4]' using process `\regfile.$proc$/workspace/incremental-synthesis/benchmarks/riscv-eco-003-base/core/common/regfile.sv:35$96'.
  created $adff cell `$procdff$1894' with positive edge clock and positive level reset.
Creating register for signal `\regfile.\register[5]' using process `\regfile.$proc$/workspace/incremental-synthesis/benchmarks/riscv-eco-003-base/core/common/regfile.sv:35$96'.
  created $adff cell `$procdff$1897' with positive edge clock and positive level reset.
Creating register for signal `\regfile.\register[6]' using process `\regfile.$proc$/workspace/incremental-synthesis/benchmarks/riscv-eco-003-base/core/common/regfile.sv:35$96'.
  created $adff cell `$procdff$1900' with positive edge clock and positive level reset.
Creating register for signal `\regfile.\register[7]' using process `\regfile.$proc$/workspace/incremental-synthesis/benchmarks/riscv-eco-003-base/core/common/regfile.sv:35$96'.
  created $adff cell `$procdff$1903' with positive edge clock and positive level reset.
Creating register for signal `\regfile.\register[8]' using process `\regfile.$proc$/workspace/incremental-synthesis/benchmarks/riscv-eco-003-base/core/common/regfile.sv:35$96'.
  created $adff cell `$procdff$1906' with positive edge clock and positive level reset.
Creating register for signal `\regfile.\register[9]' using process `\regfile.$proc$/workspace/incremental-synthesis/benchmarks/riscv-eco-003-base/core/common/regfile.sv:35$96'.
  created $adff cell `$procdff$1909' with positive edge clock and positive level reset.
Creating register for signal `\regfile.\register[10]' using process `\regfile.$proc$/workspace/incremental-synthesis/benchmarks/riscv-eco-003-base/core/common/regfile.sv:35$96'.
  created $adff cell `$procdff$1912' with positive edge clock and positive level reset.
Creating register for signal `\regfile.\register[11]' using process `\regfile.$proc$/workspace/incremental-synthesis/benchmarks/riscv-eco-003-base/core/common/regfile.sv:35$96'.
  created $adff cell `$procdff$1915' with positive edge clock and positive level reset.
Creating register for signal `\regfile.\register[12]' using process `\regfile.$proc$/workspace/incremental-synthesis/benchmarks/riscv-eco-003-base/core/common/regfile.sv:35$96'.
  created $adff cell `$procdff$1918' with positive edge clock and positive level reset.
Creating register for signal `\regfile.\register[13]' using process `\regfile.$proc$/workspace/incremental-synthesis/benchmarks/riscv-eco-003-base/core/common/regfile.sv:35$96'.
  created $adff cell `$procdff$1921' with positive edge clock and positive level reset.
Creating register for signal `\regfile.\register[14]' using process `\regfile.$proc$/workspace/incremental-synthesis/benchmarks/riscv-eco-003-base/core/common/regfile.sv:35$96'.
  created $adff cell `$procdff$1924' with positive edge clock and positive level reset.
Creating register for signal `\regfile.\register[15]' using process `\regfile.$proc$/workspace/incremental-synthesis/benchmarks/riscv-eco-003-base/core/common/regfile.sv:35$96'.
  created $adff cell `$procdff$1927' with positive edge clock and positive level reset.
Creating register for signal `\regfile.\register[16]' using process `\regfile.$proc$/workspace/incremental-synthesis/benchmarks/riscv-eco-003-base/core/common/regfile.sv:35$96'.
  created $adff cell `$procdff$1930' with positive edge clock and positive level reset.
Creating register for signal `\regfile.\register[17]' using process `\regfile.$proc$/workspace/incremental-synthesis/benchmarks/riscv-eco-003-base/core/common/regfile.sv:35$96'.
  created $adff cell `$procdff$1933' with positive edge clock and positive level reset.
Creating register for signal `\regfile.\register[18]' using process `\regfile.$proc$/workspace/incremental-synthesis/benchmarks/riscv-eco-003-base/core/common/regfile.sv:35$96'.
  created $adff cell `$procdff$1936' with positive edge clock and positive level reset.
Creating register for signal `\regfile.\register[19]' using process `\regfile.$proc$/workspace/incremental-synthesis/benchmarks/riscv-eco-003-base/core/common/regfile.sv:35$96'.
  created $adff cell `$procdff$1939' with positive edge clock and positive level reset.
Creating register for signal `\regfile.\register[20]' using process `\regfile.$proc$/workspace/incremental-synthesis/benchmarks/riscv-eco-003-base/core/common/regfile.sv:35$96'.
  created $adff cell `$procdff$1942' with positive edge clock and positive level reset.
Creating register for signal `\regfile.\register[21]' using process `\regfile.$proc$/workspace/incremental-synthesis/benchmarks/riscv-eco-003-base/core/common/regfile.sv:35$96'.
  created $adff cell `$procdff$1945' with positive edge clock and positive level reset.
Creating register for signal `\regfile.\register[22]' using process `\regfile.$proc$/workspace/incremental-synthesis/benchmarks/riscv-eco-003-base/core/common/regfile.sv:35$96'.
  created $adff cell `$procdff$1948' with positive edge clock and positive level reset.
Creating register for signal `\regfile.\register[23]' using process `\regfile.$proc$/workspace/incremental-synthesis/benchmarks/riscv-eco-003-base/core/common/regfile.sv:35$96'.
  created $adff cell `$procdff$1951' with positive edge clock and positive level reset.
Creating register for signal `\regfile.\register[24]' using process `\regfile.$proc$/workspace/incremental-synthesis/benchmarks/riscv-eco-003-base/core/common/regfile.sv:35$96'.
  created $adff cell `$procdff$1954' with positive edge clock and positive level reset.
Creating register for signal `\regfile.\register[25]' using process `\regfile.$proc$/workspace/incremental-synthesis/benchmarks/riscv-eco-003-base/core/common/regfile.sv:35$96'.
  created $adff cell `$procdff$1957' with positive edge clock and positive level reset.
Creating register for signal `\regfile.\register[26]' using process `\regfile.$proc$/workspace/incremental-synthesis/benchmarks/riscv-eco-003-base/core/common/regfile.sv:35$96'.
  created $adff cell `$procdff$1960' with positive edge clock and positive level reset.
Creating register for signal `\regfile.\register[27]' using process `\regfile.$proc$/workspace/incremental-synthesis/benchmarks/riscv-eco-003-base/core/common/regfile.sv:35$96'.
  created $adff cell `$procdff$1963' with positive edge clock and positive level reset.
Creating register for signal `\regfile.\register[28]' using process `\regfile.$proc$/workspace/incremental-synthesis/benchmarks/riscv-eco-003-base/core/common/regfile.sv:35$96'.
  created $adff cell `$procdff$1966' with positive edge clock and positive level reset.
Creating register for signal `\regfile.\register[29]' using process `\regfile.$proc$/workspace/incremental-synthesis/benchmarks/riscv-eco-003-base/core/common/regfile.sv:35$96'.
  created $adff cell `$procdff$1969' with positive edge clock and positive level reset.
Creating register for signal `\regfile.\register[30]' using process `\regfile.$proc$/workspace/incremental-synthesis/benchmarks/riscv-eco-003-base/core/common/regfile.sv:35$96'.
  created $adff cell `$procdff$1972' with positive edge clock and positive level reset.
Creating register for signal `\regfile.\register[31]' using process `\regfile.$proc$/workspace/incremental-synthesis/benchmarks/riscv-eco-003-base/core/common/regfile.sv:35$96'.
  created $adff cell `$procdff$1975' with positive edge clock and positive level reset.
Creating register for signal `\regfile.$mem2reg_wr$\register$/workspace/incremental-synthesis/benchmarks/riscv-eco-003-base/core/common/regfile.sv:40$94_ADDR' using process `\regfile.$proc$/workspace/incremental-synthesis/benchmarks/riscv-eco-003-base/core/common/regfile.sv:35$96'.
  created $adff cell `$procdff$1978' with positive edge clock and positive level reset.
Creating register for signal `\regfile.$mem2reg_wr$\register$/workspace/incremental-synthesis/benchmarks/riscv-eco-003-base/core/common/regfile.sv:40$94_DATA' using process `\regfile.$proc$/workspace/incremental-synthesis/benchmarks/riscv-eco-003-base/core/common/regfile.sv:35$96'.
  created $adff cell `$procdff$1981' with positive edge clock and positive level reset.
Creating register for signal `\regfile.$mem2reg_wr$\register$/workspace/incremental-synthesis/benchmarks/riscv-eco-003-base/core/common/regfile.sv:41$95_ADDR' using process `\regfile.$proc$/workspace/incremental-synthesis/benchmarks/riscv-eco-003-base/core/common/regfile.sv:35$96'.
  created $adff cell `$procdff$1984' with positive edge clock and positive level reset.
Creating register for signal `\regfile.$mem2reg_wr$\register$/workspace/incremental-synthesis/benchmarks/riscv-eco-003-base/core/common/regfile.sv:41$95_DATA' using process `\regfile.$proc$/workspace/incremental-synthesis/benchmarks/riscv-eco-003-base/core/common/regfile.sv:35$96'.
  created $adff cell `$procdff$1987' with positive edge clock and positive level reset.
Creating register for signal `$paramod$e358a763f16798cd10903dfd37e7986c0fbbe40f\register.\value' using process `$paramod$e358a763f16798cd10903dfd37e7986c0fbbe40f\register.$proc$/workspace/incremental-synthesis/benchmarks/riscv-eco-003-base/core/common/register.sv:23$150'.
  created $adff cell `$procdff$1990' with positive edge clock and positive level reset.

24.10. Executing PROC_MEMWR pass (convert process memory writes to cells).

24.11. Executing PROC_CLEAN pass (remove empty switches from decision trees).
Found and cleaned up 1 empty switch in `\singlecycle_control.$proc$/workspace/incremental-synthesis/benchmarks/riscv-eco-003-base/core/singlecycle/singlecycle_control.sv:24$123'.
Removing empty process `singlecycle_control.$proc$/workspace/incremental-synthesis/benchmarks/riscv-eco-003-base/core/singlecycle/singlecycle_control.sv:24$123'.
Removing empty process `regfile.$proc$/workspace/incremental-synthesis/benchmarks/riscv-eco-003-base/core/common/regfile.sv:27$120'.
Found and cleaned up 1 empty switch in `\regfile.$proc$/workspace/incremental-synthesis/benchmarks/riscv-eco-003-base/core/common/regfile.sv:33$117'.
Removing empty process `regfile.$proc$/workspace/incremental-synthesis/benchmarks/riscv-eco-003-base/core/common/regfile.sv:33$117'.
Found and cleaned up 1 empty switch in `\regfile.$proc$/workspace/incremental-synthesis/benchmarks/riscv-eco-003-base/core/common/regfile.sv:32$114'.
Removing empty process `regfile.$proc$/workspace/incremental-synthesis/benchmarks/riscv-eco-003-base/core/common/regfile.sv:32$114'.
Found and cleaned up 4 empty switches in `\regfile.$proc$/workspace/incremental-synthesis/benchmarks/riscv-eco-003-base/core/common/regfile.sv:35$96'.
Removing empty process `regfile.$proc$/workspace/incremental-synthesis/benchmarks/riscv-eco-003-base/core/common/regfile.sv:35$96'.
Removing empty process `$paramod$e358a763f16798cd10903dfd37e7986c0fbbe40f\register.$proc$/workspace/incremental-synthesis/benchmarks/riscv-eco-003-base/core/common/register.sv:21$151'.
Found and cleaned up 1 empty switch in `$paramod$e358a763f16798cd10903dfd37e7986c0fbbe40f\register.$proc$/workspace/incremental-synthesis/benchmarks/riscv-eco-003-base/core/common/register.sv:23$150'.
Removing empty process `$paramod$e358a763f16798cd10903dfd37e7986c0fbbe40f\register.$proc$/workspace/incremental-synthesis/benchmarks/riscv-eco-003-base/core/common/register.sv:23$150'.
Found and cleaned up 1 empty switch in `\immediate_generator.$proc$/workspace/incremental-synthesis/benchmarks/riscv-eco-003-base/core/common/immediate_generator.sv:22$83'.
Removing empty process `immediate_generator.$proc$/workspace/incremental-synthesis/benchmarks/riscv-eco-003-base/core/common/immediate_generator.sv:22$83'.
Removing empty process `$paramod$5ef3be0bfad1454aaa6432c4ab405bbd7cbab26b\multiplexer.$proc$/workspace/incremental-synthesis/benchmarks/riscv-eco-003-base/core/common/multiplexer.sv:24$149'.
Removing empty process `$paramod$5ef3be0bfad1454aaa6432c4ab405bbd7cbab26b\multiplexer.$proc$/workspace/incremental-synthesis/benchmarks/riscv-eco-003-base/core/common/multiplexer.sv:24$148'.
Removing empty process `$paramod$5ef3be0bfad1454aaa6432c4ab405bbd7cbab26b\multiplexer.$proc$/workspace/incremental-synthesis/benchmarks/riscv-eco-003-base/core/common/multiplexer.sv:24$147'.
Removing empty process `$paramod$5ef3be0bfad1454aaa6432c4ab405bbd7cbab26b\multiplexer.$proc$/workspace/incremental-synthesis/benchmarks/riscv-eco-003-base/core/common/multiplexer.sv:24$146'.
Removing empty process `$paramod$5ef3be0bfad1454aaa6432c4ab405bbd7cbab26b\multiplexer.$proc$/workspace/incremental-synthesis/benchmarks/riscv-eco-003-base/core/common/multiplexer.sv:24$145'.
Removing empty process `$paramod$5ef3be0bfad1454aaa6432c4ab405bbd7cbab26b\multiplexer.$proc$/workspace/incremental-synthesis/benchmarks/riscv-eco-003-base/core/common/multiplexer.sv:24$144'.
Removing empty process `$paramod$5ef3be0bfad1454aaa6432c4ab405bbd7cbab26b\multiplexer.$proc$/workspace/incremental-synthesis/benchmarks/riscv-eco-003-base/core/common/multiplexer.sv:24$143'.
Removing empty process `$paramod$5ef3be0bfad1454aaa6432c4ab405bbd7cbab26b\multiplexer.$proc$/workspace/incremental-synthesis/benchmarks/riscv-eco-003-base/core/common/multiplexer.sv:24$142'.
Found and cleaned up 1 empty switch in `$paramod$5ef3be0bfad1454aaa6432c4ab405bbd7cbab26b\multiplexer.$proc$/workspace/incremental-synthesis/benchmarks/riscv-eco-003-base/core/common/multiplexer.sv:21$139'.
Removing empty process `$paramod$5ef3be0bfad1454aaa6432c4ab405bbd7cbab26b\multiplexer.$proc$/workspace/incremental-synthesis/benchmarks/riscv-eco-003-base/core/common/multiplexer.sv:21$139'.
Removing empty process `$paramod$99da07bf27abaac915a8c95d36d6f2808394e702\multiplexer.$proc$/workspace/incremental-synthesis/benchmarks/riscv-eco-003-base/core/common/multiplexer.sv:24$137'.
Removing empty process `$paramod$99da07bf27abaac915a8c95d36d6f2808394e702\multiplexer.$proc$/workspace/incremental-synthesis/benchmarks/riscv-eco-003-base/core/common/multiplexer.sv:24$136'.
Removing empty process `$paramod$99da07bf27abaac915a8c95d36d6f2808394e702\multiplexer.$proc$/workspace/incremental-synthesis/benchmarks/riscv-eco-003-base/core/common/multiplexer.sv:24$135'.
Removing empty process `$paramod$99da07bf27abaac915a8c95d36d6f2808394e702\multiplexer.$proc$/workspace/incremental-synthesis/benchmarks/riscv-eco-003-base/core/common/multiplexer.sv:24$134'.
Found and cleaned up 1 empty switch in `$paramod$99da07bf27abaac915a8c95d36d6f2808394e702\multiplexer.$proc$/workspace/incremental-synthesis/benchmarks/riscv-eco-003-base/core/common/multiplexer.sv:21$131'.
Removing empty process `$paramod$99da07bf27abaac915a8c95d36d6f2808394e702\multiplexer.$proc$/workspace/incremental-synthesis/benchmarks/riscv-eco-003-base/core/common/multiplexer.sv:21$131'.
Removing empty process `$paramod$6a3d32cf08b5e9a4d56891e3d8781ccd4215c4af\multiplexer.$proc$/workspace/incremental-synthesis/benchmarks/riscv-eco-003-base/core/common/multiplexer.sv:24$129'.
Removing empty process `$paramod$6a3d32cf08b5e9a4d56891e3d8781ccd4215c4af\multiplexer.$proc$/workspace/incremental-synthesis/benchmarks/riscv-eco-003-base/core/common/multiplexer.sv:24$128'.
Found and cleaned up 1 empty switch in `$paramod$6a3d32cf08b5e9a4d56891e3d8781ccd4215c4af\multiplexer.$proc$/workspace/incremental-synthesis/benchmarks/riscv-eco-003-base/core/common/multiplexer.sv:21$125'.
Removing empty process `$paramod$6a3d32cf08b5e9a4d56891e3d8781ccd4215c4af\multiplexer.$proc$/workspace/incremental-synthesis/benchmarks/riscv-eco-003-base/core/common/multiplexer.sv:21$125'.
Found and cleaned up 1 empty switch in `\data_memory_interface.$proc$/workspace/incremental-synthesis/benchmarks/riscv-eco-003-base/core/common/data_memory_interface.sv:51$57'.
Removing empty process `data_memory_interface.$proc$/workspace/incremental-synthesis/benchmarks/riscv-eco-003-base/core/common/data_memory_interface.sv:51$57'.
Removing empty process `data_memory_interface.$proc$/workspace/incremental-synthesis/benchmarks/riscv-eco-003-base/core/common/data_memory_interface.sv:46$54'.
Found and cleaned up 1 empty switch in `\data_memory_interface.$proc$/workspace/incremental-synthesis/benchmarks/riscv-eco-003-base/core/common/data_memory_interface.sv:35$50'.
Removing empty process `data_memory_interface.$proc$/workspace/incremental-synthesis/benchmarks/riscv-eco-003-base/core/common/data_memory_interface.sv:35$50'.
Found and cleaned up 4 empty switches in `\control_transfer.$proc$/workspace/incremental-synthesis/benchmarks/riscv-eco-003-base/core/common/control_transfer.sv:19$41'.
Removing empty process `control_transfer.$proc$/workspace/incremental-synthesis/benchmarks/riscv-eco-003-base/core/common/control_transfer.sv:19$41'.
Found and cleaned up 1 empty switch in `\alu_control.$proc$/workspace/incremental-synthesis/benchmarks/riscv-eco-003-base/core/common/alu_control.sv:79$40'.
Removing empty process `alu_control.$proc$/workspace/incremental-synthesis/benchmarks/riscv-eco-003-base/core/common/alu_control.sv:79$40'.
Found and cleaned up 1 empty switch in `\alu_control.$proc$/workspace/incremental-synthesis/benchmarks/riscv-eco-003-base/core/common/alu_control.sv:67$39'.
Removing empty process `alu_control.$proc$/workspace/incremental-synthesis/benchmarks/riscv-eco-003-base/core/common/alu_control.sv:67$39'.
Found and cleaned up 1 empty switch in `\alu_control.$proc$/workspace/incremental-synthesis/benchmarks/riscv-eco-003-base/core/common/alu_control.sv:60$38'.
Removing empty process `alu_control.$proc$/workspace/incremental-synthesis/benchmarks/riscv-eco-003-base/core/common/alu_control.sv:60$38'.
Found and cleaned up 1 empty switch in `\alu_control.$proc$/workspace/incremental-synthesis/benchmarks/riscv-eco-003-base/core/common/alu_control.sv:47$37'.
Removing empty process `alu_control.$proc$/workspace/incremental-synthesis/benchmarks/riscv-eco-003-base/core/common/alu_control.sv:47$37'.
Found and cleaned up 1 empty switch in `\alu_control.$proc$/workspace/incremental-synthesis/benchmarks/riscv-eco-003-base/core/common/alu_control.sv:42$34'.
Removing empty process `alu_control.$proc$/workspace/incremental-synthesis/benchmarks/riscv-eco-003-base/core/common/alu_control.sv:42$34'.
Found and cleaned up 2 empty switches in `\alu_control.$proc$/workspace/incremental-synthesis/benchmarks/riscv-eco-003-base/core/common/alu_control.sv:35$33'.
Removing empty process `alu_control.$proc$/workspace/incremental-synthesis/benchmarks/riscv-eco-003-base/core/common/alu_control.sv:35$33'.
Found and cleaned up 1 empty switch in `\alu_control.$proc$/workspace/incremental-synthesis/benchmarks/riscv-eco-003-base/core/common/alu_control.sv:25$32'.
Removing empty process `alu_control.$proc$/workspace/incremental-synthesis/benchmarks/riscv-eco-003-base/core/common/alu_control.sv:25$32'.
Removing empty process `alu.$proc$/workspace/incremental-synthesis/benchmarks/riscv-eco-003-base/core/common/alu.sv:75$28'.
Found and cleaned up 7 empty switches in `\alu.$proc$/workspace/incremental-synthesis/benchmarks/riscv-eco-003-base/core/common/alu.sv:25$3'.
Removing empty process `alu.$proc$/workspace/incremental-synthesis/benchmarks/riscv-eco-003-base/core/common/alu.sv:25$3'.
Cleaned up 33 empty switches.

24.12. Executing OPT_EXPR pass (perform const folding).
Optimizing module singlecycle_ctlpath.
Optimizing module singlecycle_control.
Optimizing module riscv_core.
Optimizing module $paramod\adder\WIDTH=s32'00000000000000000000000000100000.
Optimizing module regfile.
<suppressed ~42 debug messages>
Optimizing module $paramod\multiplexer4\WIDTH=s32'00000000000000000000000000100000.
Optimizing module $paramod\multiplexer2\WIDTH=s32'00000000000000000000000000100000.
Optimizing module $paramod\multiplexer8\WIDTH=s32'00000000000000000000000000100000.
Optimizing module $paramod$e358a763f16798cd10903dfd37e7986c0fbbe40f\register.
<suppressed ~1 debug messages>
Optimizing module instruction_decoder.
Optimizing module immediate_generator.
Optimizing module $paramod$5ef3be0bfad1454aaa6432c4ab405bbd7cbab26b\multiplexer.
<suppressed ~1 debug messages>
Optimizing module $paramod$99da07bf27abaac915a8c95d36d6f2808394e702\multiplexer.
<suppressed ~1 debug messages>
Optimizing module $paramod$6a3d32cf08b5e9a4d56891e3d8781ccd4215c4af\multiplexer.
<suppressed ~1 debug messages>
Optimizing module data_memory_interface.
<suppressed ~2 debug messages>
Optimizing module control_transfer.
<suppressed ~1 debug messages>
Optimizing module alu_control.
<suppressed ~3 debug messages>
Optimizing module alu.
<suppressed ~5 debug messages>
Optimizing module singlecycle_datapath.

25. Executing OPT_CLEAN pass (remove unused cells and wires).
Finding unused cells or wires in module \singlecycle_ctlpath..
Finding unused cells or wires in module \singlecycle_control..
Finding unused cells or wires in module \riscv_core..
Finding unused cells or wires in module $paramod\adder\WIDTH=s32'00000000000000000000000000100000..
Finding unused cells or wires in module \regfile..
Finding unused cells or wires in module $paramod\multiplexer4\WIDTH=s32'00000000000000000000000000100000..
Finding unused cells or wires in module $paramod\multiplexer2\WIDTH=s32'00000000000000000000000000100000..
Finding unused cells or wires in module $paramod\multiplexer8\WIDTH=s32'00000000000000000000000000100000..
Finding unused cells or wires in module $paramod$e358a763f16798cd10903dfd37e7986c0fbbe40f\register..
Finding unused cells or wires in module \instruction_decoder..
Finding unused cells or wires in module \immediate_generator..
Finding unused cells or wires in module $paramod$5ef3be0bfad1454aaa6432c4ab405bbd7cbab26b\multiplexer..
Finding unused cells or wires in module $paramod$99da07bf27abaac915a8c95d36d6f2808394e702\multiplexer..
Finding unused cells or wires in module $paramod$6a3d32cf08b5e9a4d56891e3d8781ccd4215c4af\multiplexer..
Finding unused cells or wires in module \data_memory_interface..
Finding unused cells or wires in module \control_transfer..
Finding unused cells or wires in module \alu_control..
Finding unused cells or wires in module \alu..
Finding unused cells or wires in module \singlecycle_datapath..
Removed 17 unused cells and 366 unused wires.
<suppressed ~30 debug messages>

26. Executing CHECK pass (checking for obvious problems).
Checking module singlecycle_ctlpath...
Checking module singlecycle_control...
Checking module riscv_core...
Checking module $paramod\adder\WIDTH=s32'00000000000000000000000000100000...
Checking module regfile...
Checking module $paramod\multiplexer4\WIDTH=s32'00000000000000000000000000100000...
Checking module $paramod\multiplexer2\WIDTH=s32'00000000000000000000000000100000...
Checking module $paramod\multiplexer8\WIDTH=s32'00000000000000000000000000100000...
Checking module $paramod$e358a763f16798cd10903dfd37e7986c0fbbe40f\register...
Checking module instruction_decoder...
Checking module immediate_generator...
Checking module $paramod$5ef3be0bfad1454aaa6432c4ab405bbd7cbab26b\multiplexer...
Checking module $paramod$99da07bf27abaac915a8c95d36d6f2808394e702\multiplexer...
Checking module $paramod$6a3d32cf08b5e9a4d56891e3d8781ccd4215c4af\multiplexer...
Checking module data_memory_interface...
Checking module control_transfer...
Checking module alu_control...
Checking module alu...
Checking module singlecycle_datapath...
Found and reported 0 problems.

27. Executing JSON backend.

28. Executing RTLIL backend.
Output filename: /workspace/incremental-synthesis/results/eco-003/base/frontend.rtlil

29. Printing statistics.

=== $paramod$5ef3be0bfad1454aaa6432c4ab405bbd7cbab26b\multiplexer ===

        +----------Local Count, excluding submodules.
        | 
       19 wires
      555 wire bits
       11 public wires
      547 public wire bits
        3 ports
      291 port bits
        9 cells
        7   $eq
        1   $logic_not
        1   $pmux

=== $paramod$6a3d32cf08b5e9a4d56891e3d8781ccd4215c4af\multiplexer ===

        +----------Local Count, excluding submodules.
        | 
        6 wires
      162 wire bits
        5 public wires
      161 public wire bits
        3 ports
       97 port bits
        2 cells
        1   $not
        1   $pmux

=== $paramod$99da07bf27abaac915a8c95d36d6f2808394e702\multiplexer ===

        +----------Local Count, excluding submodules.
        | 
       11 wires
      294 wire bits
        7 public wires
      290 public wire bits
        3 ports
      162 port bits
        5 cells
        3   $eq
        1   $logic_not
        1   $pmux

=== $paramod$e358a763f16798cd10903dfd37e7986c0fbbe40f\register ===

        +----------Local Count, excluding submodules.
        | 
        6 wires
       99 wire bits
        5 public wires
       67 public wire bits
        5 ports
       67 port bits
        2 cells
        1   $adff
        1   $mux

=== $paramod\adder\WIDTH=s32'00000000000000000000000000100000 ===

        +----------Local Count, excluding submodules.
        | 
        3 wires
       96 wire bits
        3 public wires
       96 public wire bits
        3 ports
       96 port bits
        1 cells
        1   $add

=== $paramod\multiplexer2\WIDTH=s32'00000000000000000000000000100000 ===

        +----------Local Count, excluding submodules.
        | 
        4 wires
       97 wire bits
        4 public wires
       97 public wire bits
        4 ports
       97 port bits
        1 submodules
        1   $paramod$6a3d32cf08b5e9a4d56891e3d8781ccd4215c4af\multiplexer

=== $paramod\multiplexer4\WIDTH=s32'00000000000000000000000000100000 ===

        +----------Local Count, excluding submodules.
        | 
        6 wires
      162 wire bits
        6 public wires
      162 public wire bits
        6 ports
      162 port bits
        1 submodules
        1   $paramod$99da07bf27abaac915a8c95d36d6f2808394e702\multiplexer

=== $paramod\multiplexer8\WIDTH=s32'00000000000000000000000000100000 ===

        +----------Local Count, excluding submodules.
        | 
       10 wires
      291 wire bits
       10 public wires
      291 public wire bits
       10 ports
      291 port bits
        1 submodules
        1   $paramod$5ef3be0bfad1454aaa6432c4ab405bbd7cbab26b\multiplexer

=== alu ===

        +----------Local Count, excluding submodules.
        | 
       70 wires
     1162 wire bits
        8 public wires
      294 public wire bits
        5 ports
      102 port bits
       67 cells
        1   $add
        1   $and
        2   $div
       28   $eq
        2   $logic_and
        5   $logic_not
        2   $lt
        2   $mod
        3   $mul
       14   $mux
        1   $or
        1   $pmux
        1   $shl
        1   $shr
        1   $sshr
        1   $sub
        1   $xor

=== alu_control ===

        +----------Local Count, excluding submodules.
        | 
       27 wires
       73 wire bits
       10 public wires
       48 public wire bits
        4 ports
       18 port bits
        2 memories
       80 memory bits
       26 cells
       11   $eq
        1   $logic_and
        3   $logic_not
        2   $meminit
        2   $memrd_v2
        4   $mux
        3   $pmux

=== control_transfer ===

        +----------Local Count, excluding submodules.
        | 
       25 wires
       41 wire bits
        6 public wires
        9 public wire bits
        6 ports
        9 port bits
       20 cells
        5   $eq
        1   $logic_not
       13   $mux
        1   $pmux

=== data_memory_interface ===

        +----------Local Count, excluding submodules.
        | 
       30 wires
      354 wire bits
       15 public wires
      268 public wire bits
       13 ports
      204 port bits
       19 cells
        2   $and
        4   $eq
        2   $logic_not
        2   $mul
        2   $not
        2   $pmux
        4   $shl
        1   $shr

=== immediate_generator ===

        +----------Local Count, excluding submodules.
        | 
       10 wires
       77 wire bits
        2 public wires
       64 public wire bits
        2 ports
       64 port bits
       14 cells
       10   $eq
        1   $pmux
        3   $reduce_or

=== instruction_decoder ===

        +----------Local Count, excluding submodules.
        | 
        7 wires
       64 wire bits
        7 public wires
       64 public wire bits
        7 ports
       64 port bits

=== regfile ===

        +----------Local Count, excluding submodules.
        | 
      298 wires
     5363 wire bits
       41 public wires
     1138 public wire bits
        9 ports
      114 port bits
      291 cells
       32   $adff
      124   $eq
        4   $logic_not
      128   $mux
        2   $pmux
        1   $reduce_bool

=== riscv_core ===

        +----------Local Count, excluding submodules.
        | 
       30 wires
      345 wire bits
       30 public wires
      345 public wire bits
       10 ports
      168 port bits
        5 submodules
        1   data_memory_interface
        1   immediate_generator
        1   instruction_decoder
        1   singlecycle_ctlpath
        1   singlecycle_datapath

=== singlecycle_control ===

        +----------Local Count, excluding submodules.
        | 
      122 wires
      132 wire bits
       12 public wires
       22 public wire bits
       12 ports
       22 port bits
      121 cells
      110   $eq
       11   $pmux

=== singlecycle_ctlpath ===

        +----------Local Count, excluding submodules.
        | 
       17 wires
       40 wire bits
       17 public wires
       40 public wire bits
       13 ports
       34 port bits
        3 submodules
        1   alu_control
        1   control_transfer
        1   singlecycle_control

=== singlecycle_datapath ===

        +----------Local Count, excluding submodules.
        | 
       27 wires
      480 wire bits
       27 public wires
      480 public wire bits
       18 ports
      192 port bits
        9 submodules
        1   $paramod$e358a763f16798cd10903dfd37e7986c0fbbe40f\register
        2   $paramod\adder\WIDTH=s32'00000000000000000000000000100000
        2   $paramod\multiplexer2\WIDTH=s32'00000000000000000000000000100000
        1   $paramod\multiplexer4\WIDTH=s32'00000000000000000000000000100000
        1   $paramod\multiplexer8\WIDTH=s32'00000000000000000000000000100000
        1   alu
        1   regfile

=== design hierarchy ===

        +----------Count including submodules.
        | 
      580 riscv_core
       19 data_memory_interface
       14 immediate_generator
       26   alu_control
       20   control_transfer
      121   singlecycle_control
        2   $paramod$e358a763f16798cd10903dfd37e7986c0fbbe40f\register
        1   $paramod\adder\WIDTH=s32'00000000000000000000000000100000
        2     $paramod$6a3d32cf08b5e9a4d56891e3d8781ccd4215c4af\multiplexer
        5     $paramod$99da07bf27abaac915a8c95d36d6f2808394e702\multiplexer
        9     $paramod$5ef3be0bfad1454aaa6432c4ab405bbd7cbab26b\multiplexer
       67   alu
      291   regfile

        +----------Count including submodules.
        | 
      741 wires
    10242 wire bits
      238 public wires
     4837 public wire bits
      146 ports
     2544 port bits
        2 memories
       80 memory bits
        - processes
      580 cells
        3   $add
       33   $adff
        3   $and
        2   $div
      302   $eq
        3   $logic_and
       17   $logic_not
        2   $lt
        2   $meminit
        2   $memrd_v2
        2   $mod
        5   $mul
      160   $mux
        4   $not
        1   $or
       25   $pmux
        1   $reduce_bool
        3   $reduce_or
        5   $shl
        2   $shr
        1   $sshr
        1   $sub
        1   $xor
        5 submodules
        1   data_memory_interface
        1   immediate_generator
        1   instruction_decoder
        1   singlecycle_ctlpath
        1   singlecycle_datapath

30. Executing SYNTH pass.

30.1. Executing HIERARCHY pass (managing design hierarchy).

30.1.1. Analyzing design hierarchy..
Top module:  \riscv_core
Used module:     \data_memory_interface
Used module:     \immediate_generator
Used module:     \instruction_decoder
Used module:     \singlecycle_ctlpath
Used module:         \alu_control
Used module:         \control_transfer
Used module:         \singlecycle_control
Used module:     \singlecycle_datapath
Used module:         $paramod\adder\WIDTH=s32'00000000000000000000000000100000
Used module:         \alu
Used module:         $paramod\multiplexer4\WIDTH=s32'00000000000000000000000000100000
Used module:             $paramod$99da07bf27abaac915a8c95d36d6f2808394e702\multiplexer
Used module:         $paramod\multiplexer2\WIDTH=s32'00000000000000000000000000100000
Used module:             $paramod$6a3d32cf08b5e9a4d56891e3d8781ccd4215c4af\multiplexer
Used module:         $paramod\multiplexer8\WIDTH=s32'00000000000000000000000000100000
Used module:             $paramod$5ef3be0bfad1454aaa6432c4ab405bbd7cbab26b\multiplexer
Used module:         $paramod$e358a763f16798cd10903dfd37e7986c0fbbe40f\register
Used module:         \regfile

30.1.2. Analyzing design hierarchy..
Top module:  \riscv_core
Used module:     \data_memory_interface
Used module:     \immediate_generator
Used module:     \instruction_decoder
Used module:     \singlecycle_ctlpath
Used module:         \alu_control
Used module:         \control_transfer
Used module:         \singlecycle_control
Used module:     \singlecycle_datapath
Used module:         $paramod\adder\WIDTH=s32'00000000000000000000000000100000
Used module:         \alu
Used module:         $paramod\multiplexer4\WIDTH=s32'00000000000000000000000000100000
Used module:             $paramod$99da07bf27abaac915a8c95d36d6f2808394e702\multiplexer
Used module:         $paramod\multiplexer2\WIDTH=s32'00000000000000000000000000100000
Used module:             $paramod$6a3d32cf08b5e9a4d56891e3d8781ccd4215c4af\multiplexer
Used module:         $paramod\multiplexer8\WIDTH=s32'00000000000000000000000000100000
Used module:             $paramod$5ef3be0bfad1454aaa6432c4ab405bbd7cbab26b\multiplexer
Used module:         $paramod$e358a763f16798cd10903dfd37e7986c0fbbe40f\register
Used module:         \regfile
Removed 0 unused modules.

30.2. Executing PROC pass (convert processes to netlists).

30.2.1. Executing PROC_CLEAN pass (remove empty switches from decision trees).
Cleaned up 0 empty switches.

30.2.2. Executing PROC_RMDEAD pass (remove dead branches from decision trees).
Removed a total of 0 dead cases.

30.2.3. Executing PROC_PRUNE pass (remove redundant assignments in processes).
Removed 0 redundant assignments.
Promoted 0 assignments to connections.

30.2.4. Executing PROC_INIT pass (extract init attributes).

30.2.5. Executing PROC_ARST pass (detect async resets in processes).

30.2.6. Executing PROC_ROM pass (convert switches to ROMs).
Converted 0 switches.

30.2.7. Executing PROC_MUX pass (convert decision trees to multiplexers).

30.2.8. Executing PROC_DLATCH pass (convert process syncs to latches).

30.2.9. Executing PROC_DFF pass (convert process syncs to FFs).

30.2.10. Executing PROC_MEMWR pass (convert process memory writes to cells).

30.2.11. Executing PROC_CLEAN pass (remove empty switches from decision trees).
Cleaned up 0 empty switches.

30.2.12. Executing OPT_EXPR pass (perform const folding).
Optimizing module $paramod$5ef3be0bfad1454aaa6432c4ab405bbd7cbab26b\multiplexer.
Optimizing module $paramod$6a3d32cf08b5e9a4d56891e3d8781ccd4215c4af\multiplexer.
Optimizing module $paramod$99da07bf27abaac915a8c95d36d6f2808394e702\multiplexer.
Optimizing module $paramod$e358a763f16798cd10903dfd37e7986c0fbbe40f\register.
Optimizing module $paramod\adder\WIDTH=s32'00000000000000000000000000100000.
Optimizing module $paramod\multiplexer2\WIDTH=s32'00000000000000000000000000100000.
Optimizing module $paramod\multiplexer4\WIDTH=s32'00000000000000000000000000100000.
Optimizing module $paramod\multiplexer8\WIDTH=s32'00000000000000000000000000100000.
Optimizing module alu.
Optimizing module alu_control.
Optimizing module control_transfer.
Optimizing module data_memory_interface.
Optimizing module immediate_generator.
Optimizing module instruction_decoder.
Optimizing module regfile.
Optimizing module riscv_core.
Optimizing module singlecycle_control.
Optimizing module singlecycle_ctlpath.
Optimizing module singlecycle_datapath.

30.3. Executing OPT_EXPR pass (perform const folding).
Optimizing module $paramod$5ef3be0bfad1454aaa6432c4ab405bbd7cbab26b\multiplexer.
Optimizing module $paramod$6a3d32cf08b5e9a4d56891e3d8781ccd4215c4af\multiplexer.
Optimizing module $paramod$99da07bf27abaac915a8c95d36d6f2808394e702\multiplexer.
Optimizing module $paramod$e358a763f16798cd10903dfd37e7986c0fbbe40f\register.
Optimizing module $paramod\adder\WIDTH=s32'00000000000000000000000000100000.
Optimizing module $paramod\multiplexer2\WIDTH=s32'00000000000000000000000000100000.
Optimizing module $paramod\multiplexer4\WIDTH=s32'00000000000000000000000000100000.
Optimizing module $paramod\multiplexer8\WIDTH=s32'00000000000000000000000000100000.
Optimizing module alu.
Optimizing module alu_control.
Optimizing module control_transfer.
Optimizing module data_memory_interface.
<suppressed ~4 debug messages>
Optimizing module immediate_generator.
Optimizing module instruction_decoder.
Optimizing module regfile.
Optimizing module riscv_core.
Optimizing module singlecycle_control.
Optimizing module singlecycle_ctlpath.
Optimizing module singlecycle_datapath.

30.4. Executing OPT_CLEAN pass (remove unused cells and wires).
Finding unused cells or wires in module $paramod$5ef3be0bfad1454aaa6432c4ab405bbd7cbab26b\multiplexer..
Finding unused cells or wires in module $paramod$6a3d32cf08b5e9a4d56891e3d8781ccd4215c4af\multiplexer..
Finding unused cells or wires in module $paramod$99da07bf27abaac915a8c95d36d6f2808394e702\multiplexer..
Finding unused cells or wires in module $paramod$e358a763f16798cd10903dfd37e7986c0fbbe40f\register..
Finding unused cells or wires in module $paramod\adder\WIDTH=s32'00000000000000000000000000100000..
Finding unused cells or wires in module $paramod\multiplexer2\WIDTH=s32'00000000000000000000000000100000..
Finding unused cells or wires in module $paramod\multiplexer4\WIDTH=s32'00000000000000000000000000100000..
Finding unused cells or wires in module $paramod\multiplexer8\WIDTH=s32'00000000000000000000000000100000..
Finding unused cells or wires in module \alu..
Finding unused cells or wires in module \alu_control..
Finding unused cells or wires in module \control_transfer..
Finding unused cells or wires in module \data_memory_interface..
Finding unused cells or wires in module \immediate_generator..
Finding unused cells or wires in module \instruction_decoder..
Finding unused cells or wires in module \regfile..
Finding unused cells or wires in module \riscv_core..
Finding unused cells or wires in module \singlecycle_control..
Finding unused cells or wires in module \singlecycle_ctlpath..
Finding unused cells or wires in module \singlecycle_datapath..
Removed 0 unused cells and 2 unused wires.
<suppressed ~1 debug messages>

30.5. Executing CHECK pass (checking for obvious problems).
Checking module $paramod$5ef3be0bfad1454aaa6432c4ab405bbd7cbab26b\multiplexer...
Checking module $paramod$6a3d32cf08b5e9a4d56891e3d8781ccd4215c4af\multiplexer...
Checking module $paramod$99da07bf27abaac915a8c95d36d6f2808394e702\multiplexer...
Checking module $paramod$e358a763f16798cd10903dfd37e7986c0fbbe40f\register...
Checking module $paramod\adder\WIDTH=s32'00000000000000000000000000100000...
Checking module $paramod\multiplexer2\WIDTH=s32'00000000000000000000000000100000...
Checking module $paramod\multiplexer4\WIDTH=s32'00000000000000000000000000100000...
Checking module $paramod\multiplexer8\WIDTH=s32'00000000000000000000000000100000...
Checking module alu...
Checking module alu_control...
Checking module control_transfer...
Checking module data_memory_interface...
Checking module immediate_generator...
Checking module instruction_decoder...
Checking module regfile...
Checking module riscv_core...
Checking module singlecycle_control...
Checking module singlecycle_ctlpath...
Checking module singlecycle_datapath...
Found and reported 0 problems.

30.6. Executing OPT pass (performing simple optimizations).

30.6.1. Executing OPT_EXPR pass (perform const folding).
Optimizing module $paramod$5ef3be0bfad1454aaa6432c4ab405bbd7cbab26b\multiplexer.
Optimizing module $paramod$6a3d32cf08b5e9a4d56891e3d8781ccd4215c4af\multiplexer.
Optimizing module $paramod$99da07bf27abaac915a8c95d36d6f2808394e702\multiplexer.
Optimizing module $paramod$e358a763f16798cd10903dfd37e7986c0fbbe40f\register.
Optimizing module $paramod\adder\WIDTH=s32'00000000000000000000000000100000.
Optimizing module $paramod\multiplexer2\WIDTH=s32'00000000000000000000000000100000.
Optimizing module $paramod\multiplexer4\WIDTH=s32'00000000000000000000000000100000.
Optimizing module $paramod\multiplexer8\WIDTH=s32'00000000000000000000000000100000.
Optimizing module alu.
Optimizing module alu_control.
Optimizing module control_transfer.
Optimizing module data_memory_interface.
Optimizing module immediate_generator.
Optimizing module instruction_decoder.
Optimizing module regfile.
Optimizing module riscv_core.
Optimizing module singlecycle_control.
Optimizing module singlecycle_ctlpath.
Optimizing module singlecycle_datapath.

30.6.2. Executing OPT_MERGE pass (detect identical cells).
Finding identical cells in module `$paramod$5ef3be0bfad1454aaa6432c4ab405bbd7cbab26b\multiplexer'.
Computing hashes of 9 cells of `$paramod$5ef3be0bfad1454aaa6432c4ab405bbd7cbab26b\multiplexer'.
Finding duplicate cells in `$paramod$5ef3be0bfad1454aaa6432c4ab405bbd7cbab26b\multiplexer'.
Finding identical cells in module `$paramod$6a3d32cf08b5e9a4d56891e3d8781ccd4215c4af\multiplexer'.
Computing hashes of 2 cells of `$paramod$6a3d32cf08b5e9a4d56891e3d8781ccd4215c4af\multiplexer'.
Finding duplicate cells in `$paramod$6a3d32cf08b5e9a4d56891e3d8781ccd4215c4af\multiplexer'.
Finding identical cells in module `$paramod$99da07bf27abaac915a8c95d36d6f2808394e702\multiplexer'.
Computing hashes of 5 cells of `$paramod$99da07bf27abaac915a8c95d36d6f2808394e702\multiplexer'.
Finding duplicate cells in `$paramod$99da07bf27abaac915a8c95d36d6f2808394e702\multiplexer'.
Finding identical cells in module `$paramod$e358a763f16798cd10903dfd37e7986c0fbbe40f\register'.
Computing hashes of 2 cells of `$paramod$e358a763f16798cd10903dfd37e7986c0fbbe40f\register'.
Finding duplicate cells in `$paramod$e358a763f16798cd10903dfd37e7986c0fbbe40f\register'.
Finding identical cells in module `$paramod\adder\WIDTH=s32'00000000000000000000000000100000'.
Computing hashes of 1 cells of `$paramod\adder\WIDTH=s32'00000000000000000000000000100000'.
Finding duplicate cells in `$paramod\adder\WIDTH=s32'00000000000000000000000000100000'.
Finding identical cells in module `$paramod\multiplexer2\WIDTH=s32'00000000000000000000000000100000'.
Computing hashes of 1 cells of `$paramod\multiplexer2\WIDTH=s32'00000000000000000000000000100000'.
Finding duplicate cells in `$paramod\multiplexer2\WIDTH=s32'00000000000000000000000000100000'.
Finding identical cells in module `$paramod\multiplexer4\WIDTH=s32'00000000000000000000000000100000'.
Computing hashes of 1 cells of `$paramod\multiplexer4\WIDTH=s32'00000000000000000000000000100000'.
Finding duplicate cells in `$paramod\multiplexer4\WIDTH=s32'00000000000000000000000000100000'.
Finding identical cells in module `$paramod\multiplexer8\WIDTH=s32'00000000000000000000000000100000'.
Computing hashes of 1 cells of `$paramod\multiplexer8\WIDTH=s32'00000000000000000000000000100000'.
Finding duplicate cells in `$paramod\multiplexer8\WIDTH=s32'00000000000000000000000000100000'.
Finding identical cells in module `\alu'.
Computing hashes of 67 cells of `\alu'.
Finding duplicate cells in `\alu'.
Computing hashes of 55 cells of `\alu'.
Finding duplicate cells in `\alu'.
Computing hashes of 54 cells of `\alu'.
Finding duplicate cells in `\alu'.
<suppressed ~39 debug messages>
Finding identical cells in module `\alu_control'.
Computing hashes of 26 cells of `\alu_control'.
Finding duplicate cells in `\alu_control'.
Computing hashes of 24 cells of `\alu_control'.
Finding duplicate cells in `\alu_control'.
<suppressed ~6 debug messages>
Finding identical cells in module `\control_transfer'.
Computing hashes of 20 cells of `\control_transfer'.
Finding duplicate cells in `\control_transfer'.
Finding identical cells in module `\data_memory_interface'.
Computing hashes of 17 cells of `\data_memory_interface'.
Finding duplicate cells in `\data_memory_interface'.
Computing hashes of 13 cells of `\data_memory_interface'.
Finding duplicate cells in `\data_memory_interface'.
<suppressed ~12 debug messages>
Finding identical cells in module `\immediate_generator'.
Computing hashes of 14 cells of `\immediate_generator'.
Finding duplicate cells in `\immediate_generator'.
Finding identical cells in module `\instruction_decoder'.
Computing hashes of 0 cells of `\instruction_decoder'.
Finding duplicate cells in `\instruction_decoder'.
Finding identical cells in module `\regfile'.
Computing hashes of 291 cells of `\regfile'.
Finding duplicate cells in `\regfile'.
Computing hashes of 259 cells of `\regfile'.
Finding duplicate cells in `\regfile'.
<suppressed ~96 debug messages>
Finding identical cells in module `\riscv_core'.
Computing hashes of 5 cells of `\riscv_core'.
Finding duplicate cells in `\riscv_core'.
Finding identical cells in module `\singlecycle_control'.
Computing hashes of 121 cells of `\singlecycle_control'.
Finding duplicate cells in `\singlecycle_control'.
Computing hashes of 21 cells of `\singlecycle_control'.
Finding duplicate cells in `\singlecycle_control'.
<suppressed ~300 debug messages>
Finding identical cells in module `\singlecycle_ctlpath'.
Computing hashes of 3 cells of `\singlecycle_ctlpath'.
Finding duplicate cells in `\singlecycle_ctlpath'.
Finding identical cells in module `\singlecycle_datapath'.
Computing hashes of 9 cells of `\singlecycle_datapath'.
Finding duplicate cells in `\singlecycle_datapath'.
Removed a total of 151 cells.

30.6.3. Executing OPT_MUXTREE pass (detect dead branches in mux trees).
Running muxtree optimizer on module $paramod$5ef3be0bfad1454aaa6432c4ab405bbd7cbab26b\multiplexer..
  Creating internal representation of mux trees.
  Evaluating internal representation of mux trees.
  Analyzing evaluation results.
Running muxtree optimizer on module $paramod$6a3d32cf08b5e9a4d56891e3d8781ccd4215c4af\multiplexer..
  Creating internal representation of mux trees.
  Evaluating internal representation of mux trees.
  Analyzing evaluation results.
Running muxtree optimizer on module $paramod$99da07bf27abaac915a8c95d36d6f2808394e702\multiplexer..
  Creating internal representation of mux trees.
  Evaluating internal representation of mux trees.
  Analyzing evaluation results.
Running muxtree optimizer on module $paramod$e358a763f16798cd10903dfd37e7986c0fbbe40f\register..
  Creating internal representation of mux trees.
  Evaluating internal representation of mux trees.
  Analyzing evaluation results.
Running muxtree optimizer on module $paramod\adder\WIDTH=s32'00000000000000000000000000100000..
  Creating internal representation of mux trees.
  No muxes found in this module.
Running muxtree optimizer on module $paramod\multiplexer2\WIDTH=s32'00000000000000000000000000100000..
  Creating internal representation of mux trees.
  No muxes found in this module.
Running muxtree optimizer on module $paramod\multiplexer4\WIDTH=s32'00000000000000000000000000100000..
  Creating internal representation of mux trees.
  No muxes found in this module.
Running muxtree optimizer on module $paramod\multiplexer8\WIDTH=s32'00000000000000000000000000100000..
  Creating internal representation of mux trees.
  No muxes found in this module.
Running muxtree optimizer on module \alu..
  Creating internal representation of mux trees.
  Evaluating internal representation of mux trees.
  Analyzing evaluation results.
    dead port 2/2 on $mux $procmux$1809.
    dead port 1/2 on $mux $procmux$1817.
    dead port 2/2 on $mux $procmux$1819.
    dead port 2/2 on $mux $procmux$1826.
    dead port 2/2 on $mux $procmux$1834.
    dead port 1/2 on $mux $procmux$1844.
    dead port 2/2 on $mux $procmux$1846.
    dead port 2/2 on $mux $procmux$1855.
Running muxtree optimizer on module \alu_control..
  Creating internal representation of mux trees.
  Evaluating internal representation of mux trees.
  Analyzing evaluation results.
    dead port 1/2 on $mux $procmux$1793.
Running muxtree optimizer on module \control_transfer..
  Creating internal representation of mux trees.
  Evaluating internal representation of mux trees.
  Analyzing evaluation results.
    dead port 1/2 on $mux $procmux$1747.
    dead port 1/2 on $mux $procmux$1750.
    dead port 1/2 on $mux $procmux$1756.
    dead port 2/2 on $mux $procmux$1767.
Running muxtree optimizer on module \data_memory_interface..
  Creating internal representation of mux trees.
  Evaluating internal representation of mux trees.
  Analyzing evaluation results.
Running muxtree optimizer on module \immediate_generator..
  Creating internal representation of mux trees.
  Evaluating internal representation of mux trees.
  Analyzing evaluation results.
Running muxtree optimizer on module \instruction_decoder..
  Creating internal representation of mux trees.
  No muxes found in this module.
Running muxtree optimizer on module \regfile..
  Creating internal representation of mux trees.
  Evaluating internal representation of mux trees.
  Analyzing evaluation results.
Running muxtree optimizer on module \riscv_core..
  Creating internal representation of mux trees.
  No muxes found in this module.
Running muxtree optimizer on module \singlecycle_control..
  Creating internal representation of mux trees.
  Evaluating internal representation of mux trees.
  Analyzing evaluation results.
Running muxtree optimizer on module \singlecycle_ctlpath..
  Creating internal representation of mux trees.
  No muxes found in this module.
Running muxtree optimizer on module \singlecycle_datapath..
  Creating internal representation of mux trees.
  No muxes found in this module.
Removed 13 multiplexer ports.
<suppressed ~242 debug messages>

30.6.4. Executing OPT_REDUCE pass (consolidate $*mux and $reduce_* inputs).
  Optimizing cells in module $paramod$5ef3be0bfad1454aaa6432c4ab405bbd7cbab26b\multiplexer.
  Optimizing cells in module $paramod$6a3d32cf08b5e9a4d56891e3d8781ccd4215c4af\multiplexer.
  Optimizing cells in module $paramod$99da07bf27abaac915a8c95d36d6f2808394e702\multiplexer.
  Optimizing cells in module $paramod$e358a763f16798cd10903dfd37e7986c0fbbe40f\register.
  Optimizing cells in module $paramod\adder\WIDTH=s32'00000000000000000000000000100000.
  Optimizing cells in module $paramod\multiplexer2\WIDTH=s32'00000000000000000000000000100000.
  Optimizing cells in module $paramod\multiplexer4\WIDTH=s32'00000000000000000000000000100000.
  Optimizing cells in module $paramod\multiplexer8\WIDTH=s32'00000000000000000000000000100000.
  Optimizing cells in module \alu.
    New ctrl vector for $pmux cell $procmux$1858: { $procmux$1810_CMP $procmux$1820_CMP $procmux$1835_CMP $procmux$1847_CMP $auto$opt_reduce.cc:137:opt_pmux$1992 $procmux$1865_CMP $procmux$1866_CMP $procmux$1867_CMP $procmux$1868_CMP $procmux$1869_CMP $procmux$1870_CMP $procmux$1871_CMP $procmux$1872_CMP $procmux$1873_CMP $procmux$1874_CMP $procmux$1875_CMP $procmux$1876_CMP }
  Optimizing cells in module \alu.
  Optimizing cells in module \alu_control.
    New ctrl vector for $pmux cell $procmux$1774: { $auto$opt_reduce.cc:137:opt_pmux$1998 $auto$opt_reduce.cc:137:opt_pmux$1996 $auto$opt_reduce.cc:137:opt_pmux$1994 }
  Optimizing cells in module \alu_control.
  Optimizing cells in module \control_transfer.
  Optimizing cells in module \data_memory_interface.
  Optimizing cells in module \immediate_generator.
  Optimizing cells in module \instruction_decoder.
  Optimizing cells in module \regfile.
  Optimizing cells in module \riscv_core.
  Optimizing cells in module \singlecycle_control.
    New ctrl vector for $pmux cell $procmux$198: { $auto$opt_reduce.cc:137:opt_pmux$2002 $auto$opt_reduce.cc:137:opt_pmux$2000 }
    New ctrl vector for $pmux cell $procmux$234: { $auto$opt_reduce.cc:137:opt_pmux$2004 $procmux$168_CMP }
    New ctrl vector for $pmux cell $procmux$186: { $auto$opt_reduce.cc:137:opt_pmux$2008 $procmux$165_CMP $auto$opt_reduce.cc:137:opt_pmux$2006 $procmux$167_CMP $procmux$170_CMP }
    New ctrl vector for $pmux cell $procmux$258: { $auto$opt_reduce.cc:137:opt_pmux$2010 $procmux$164_CMP }
    New ctrl vector for $pmux cell $procmux$174: { $auto$opt_reduce.cc:137:opt_pmux$2012 $procmux$172_CMP }
    New ctrl vector for $pmux cell $procmux$282: { $auto$opt_reduce.cc:137:opt_pmux$2014 $procmux$165_CMP }
    New ctrl vector for $pmux cell $procmux$162: { $auto$opt_reduce.cc:137:opt_pmux$2018 $auto$opt_reduce.cc:137:opt_pmux$2016 $procmux$166_CMP $procmux$172_CMP }
    New ctrl vector for $pmux cell $procmux$222: { $auto$opt_reduce.cc:137:opt_pmux$2022 $auto$opt_reduce.cc:137:opt_pmux$2020 }
    New ctrl vector for $pmux cell $procmux$246: $auto$opt_reduce.cc:137:opt_pmux$2024
    New ctrl vector for $pmux cell $procmux$210: { $auto$opt_reduce.cc:137:opt_pmux$2028 $auto$opt_reduce.cc:137:opt_pmux$2026 }
    New ctrl vector for $pmux cell $procmux$270: { $procmux$163_CMP $auto$opt_reduce.cc:137:opt_pmux$2030 }
  Optimizing cells in module \singlecycle_control.
  Optimizing cells in module \singlecycle_ctlpath.
  Optimizing cells in module \singlecycle_datapath.
Performed a total of 13 changes.

30.6.5. Executing OPT_MERGE pass (detect identical cells).
Finding identical cells in module `$paramod$5ef3be0bfad1454aaa6432c4ab405bbd7cbab26b\multiplexer'.
Computing hashes of 9 cells of `$paramod$5ef3be0bfad1454aaa6432c4ab405bbd7cbab26b\multiplexer'.
Finding duplicate cells in `$paramod$5ef3be0bfad1454aaa6432c4ab405bbd7cbab26b\multiplexer'.
Finding identical cells in module `$paramod$6a3d32cf08b5e9a4d56891e3d8781ccd4215c4af\multiplexer'.
Computing hashes of 2 cells of `$paramod$6a3d32cf08b5e9a4d56891e3d8781ccd4215c4af\multiplexer'.
Finding duplicate cells in `$paramod$6a3d32cf08b5e9a4d56891e3d8781ccd4215c4af\multiplexer'.
Finding identical cells in module `$paramod$99da07bf27abaac915a8c95d36d6f2808394e702\multiplexer'.
Computing hashes of 5 cells of `$paramod$99da07bf27abaac915a8c95d36d6f2808394e702\multiplexer'.
Finding duplicate cells in `$paramod$99da07bf27abaac915a8c95d36d6f2808394e702\multiplexer'.
Finding identical cells in module `$paramod$e358a763f16798cd10903dfd37e7986c0fbbe40f\register'.
Computing hashes of 2 cells of `$paramod$e358a763f16798cd10903dfd37e7986c0fbbe40f\register'.
Finding duplicate cells in `$paramod$e358a763f16798cd10903dfd37e7986c0fbbe40f\register'.
Finding identical cells in module `$paramod\adder\WIDTH=s32'00000000000000000000000000100000'.
Computing hashes of 1 cells of `$paramod\adder\WIDTH=s32'00000000000000000000000000100000'.
Finding duplicate cells in `$paramod\adder\WIDTH=s32'00000000000000000000000000100000'.
Finding identical cells in module `$paramod\multiplexer2\WIDTH=s32'00000000000000000000000000100000'.
Computing hashes of 1 cells of `$paramod\multiplexer2\WIDTH=s32'00000000000000000000000000100000'.
Finding duplicate cells in `$paramod\multiplexer2\WIDTH=s32'00000000000000000000000000100000'.
Finding identical cells in module `$paramod\multiplexer4\WIDTH=s32'00000000000000000000000000100000'.
Computing hashes of 1 cells of `$paramod\multiplexer4\WIDTH=s32'00000000000000000000000000100000'.
Finding duplicate cells in `$paramod\multiplexer4\WIDTH=s32'00000000000000000000000000100000'.
Finding identical cells in module `$paramod\multiplexer8\WIDTH=s32'00000000000000000000000000100000'.
Computing hashes of 1 cells of `$paramod\multiplexer8\WIDTH=s32'00000000000000000000000000100000'.
Finding duplicate cells in `$paramod\multiplexer8\WIDTH=s32'00000000000000000000000000100000'.
Finding identical cells in module `\alu'.
Computing hashes of 47 cells of `\alu'.
Finding duplicate cells in `\alu'.
Finding identical cells in module `\alu_control'.
Computing hashes of 26 cells of `\alu_control'.
Finding duplicate cells in `\alu_control'.
Finding identical cells in module `\control_transfer'.
Computing hashes of 16 cells of `\control_transfer'.
Finding duplicate cells in `\control_transfer'.
Computing hashes of 12 cells of `\control_transfer'.
Finding duplicate cells in `\control_transfer'.
<suppressed ~12 debug messages>
Finding identical cells in module `\data_memory_interface'.
Computing hashes of 13 cells of `\data_memory_interface'.
Finding duplicate cells in `\data_memory_interface'.
Finding identical cells in module `\immediate_generator'.
Computing hashes of 14 cells of `\immediate_generator'.
Finding duplicate cells in `\immediate_generator'.
Finding identical cells in module `\instruction_decoder'.
Computing hashes of 0 cells of `\instruction_decoder'.
Finding duplicate cells in `\instruction_decoder'.
Finding identical cells in module `\regfile'.
Computing hashes of 259 cells of `\regfile'.
Finding duplicate cells in `\regfile'.
Finding identical cells in module `\riscv_core'.
Computing hashes of 5 cells of `\riscv_core'.
Finding duplicate cells in `\riscv_core'.
Finding identical cells in module `\singlecycle_control'.
Computing hashes of 37 cells of `\singlecycle_control'.
Finding duplicate cells in `\singlecycle_control'.
Finding identical cells in module `\singlecycle_ctlpath'.
Computing hashes of 3 cells of `\singlecycle_ctlpath'.
Finding duplicate cells in `\singlecycle_ctlpath'.
Finding identical cells in module `\singlecycle_datapath'.
Computing hashes of 9 cells of `\singlecycle_datapath'.
Finding duplicate cells in `\singlecycle_datapath'.
Removed a total of 4 cells.

30.6.6. Executing OPT_DFF pass (perform DFF optimizations).

30.6.7. Executing OPT_CLEAN pass (remove unused cells and wires).
Finding unused cells or wires in module $paramod$5ef3be0bfad1454aaa6432c4ab405bbd7cbab26b\multiplexer..
Finding unused cells or wires in module $paramod$6a3d32cf08b5e9a4d56891e3d8781ccd4215c4af\multiplexer..
Finding unused cells or wires in module $paramod$99da07bf27abaac915a8c95d36d6f2808394e702\multiplexer..
Finding unused cells or wires in module $paramod$e358a763f16798cd10903dfd37e7986c0fbbe40f\register..
Finding unused cells or wires in module $paramod\adder\WIDTH=s32'00000000000000000000000000100000..
Finding unused cells or wires in module $paramod\multiplexer2\WIDTH=s32'00000000000000000000000000100000..
Finding unused cells or wires in module $paramod\multiplexer4\WIDTH=s32'00000000000000000000000000100000..
Finding unused cells or wires in module $paramod\multiplexer8\WIDTH=s32'00000000000000000000000000100000..
Finding unused cells or wires in module \alu..
Finding unused cells or wires in module \alu_control..
Finding unused cells or wires in module \control_transfer..
Finding unused cells or wires in module \data_memory_interface..
Finding unused cells or wires in module \immediate_generator..
Finding unused cells or wires in module \instruction_decoder..
Finding unused cells or wires in module \regfile..
Finding unused cells or wires in module \riscv_core..
Finding unused cells or wires in module \singlecycle_control..
Finding unused cells or wires in module \singlecycle_ctlpath..
Finding unused cells or wires in module \singlecycle_datapath..
Removed 0 unused cells and 167 unused wires.
<suppressed ~6 debug messages>

30.6.8. Executing OPT_EXPR pass (perform const folding).
Optimizing module $paramod$5ef3be0bfad1454aaa6432c4ab405bbd7cbab26b\multiplexer.
Optimizing module $paramod$6a3d32cf08b5e9a4d56891e3d8781ccd4215c4af\multiplexer.
Optimizing module $paramod$99da07bf27abaac915a8c95d36d6f2808394e702\multiplexer.
Optimizing module $paramod$e358a763f16798cd10903dfd37e7986c0fbbe40f\register.
Optimizing module $paramod\adder\WIDTH=s32'00000000000000000000000000100000.
Optimizing module $paramod\multiplexer2\WIDTH=s32'00000000000000000000000000100000.
Optimizing module $paramod\multiplexer4\WIDTH=s32'00000000000000000000000000100000.
Optimizing module $paramod\multiplexer8\WIDTH=s32'00000000000000000000000000100000.
Optimizing module alu.
Optimizing module alu_control.
Optimizing module control_transfer.
Optimizing module data_memory_interface.
Optimizing module immediate_generator.
Optimizing module instruction_decoder.
Optimizing module regfile.
Optimizing module riscv_core.
Optimizing module singlecycle_control.
Optimizing module singlecycle_ctlpath.
Optimizing module singlecycle_datapath.

30.6.9. Rerunning OPT passes. (Maybe there is more to do..)

30.6.10. Executing OPT_MUXTREE pass (detect dead branches in mux trees).
Running muxtree optimizer on module $paramod$5ef3be0bfad1454aaa6432c4ab405bbd7cbab26b\multiplexer..
  Creating internal representation of mux trees.
  Evaluating internal representation of mux trees.
  Analyzing evaluation results.
Running muxtree optimizer on module $paramod$6a3d32cf08b5e9a4d56891e3d8781ccd4215c4af\multiplexer..
  Creating internal representation of mux trees.
  Evaluating internal representation of mux trees.
  Analyzing evaluation results.
Running muxtree optimizer on module $paramod$99da07bf27abaac915a8c95d36d6f2808394e702\multiplexer..
  Creating internal representation of mux trees.
  Evaluating internal representation of mux trees.
  Analyzing evaluation results.
Running muxtree optimizer on module $paramod$e358a763f16798cd10903dfd37e7986c0fbbe40f\register..
  Creating internal representation of mux trees.
  Evaluating internal representation of mux trees.
  Analyzing evaluation results.
Running muxtree optimizer on module $paramod\adder\WIDTH=s32'00000000000000000000000000100000..
  Creating internal representation of mux trees.
  No muxes found in this module.
Running muxtree optimizer on module $paramod\multiplexer2\WIDTH=s32'00000000000000000000000000100000..
  Creating internal representation of mux trees.
  No muxes found in this module.
Running muxtree optimizer on module $paramod\multiplexer4\WIDTH=s32'00000000000000000000000000100000..
  Creating internal representation of mux trees.
  No muxes found in this module.
Running muxtree optimizer on module $paramod\multiplexer8\WIDTH=s32'00000000000000000000000000100000..
  Creating internal representation of mux trees.
  No muxes found in this module.
Running muxtree optimizer on module \alu..
  Creating internal representation of mux trees.
  Evaluating internal representation of mux trees.
  Analyzing evaluation results.
Running muxtree optimizer on module \alu_control..
  Creating internal representation of mux trees.
  Evaluating internal representation of mux trees.
  Analyzing evaluation results.
Running muxtree optimizer on module \control_transfer..
  Creating internal representation of mux trees.
  Evaluating internal representation of mux trees.
  Analyzing evaluation results.
Running muxtree optimizer on module \data_memory_interface..
  Creating internal representation of mux trees.
  Evaluating internal representation of mux trees.
  Analyzing evaluation results.
Running muxtree optimizer on module \immediate_generator..
  Creating internal representation of mux trees.
  Evaluating internal representation of mux trees.
  Analyzing evaluation results.
Running muxtree optimizer on module \instruction_decoder..
  Creating internal representation of mux trees.
  No muxes found in this module.
Running muxtree optimizer on module \regfile..
  Creating internal representation of mux trees.
  Evaluating internal representation of mux trees.
  Analyzing evaluation results.
Running muxtree optimizer on module \riscv_core..
  Creating internal representation of mux trees.
  No muxes found in this module.
Running muxtree optimizer on module \singlecycle_control..
  Creating internal representation of mux trees.
  Evaluating internal representation of mux trees.
  Analyzing evaluation results.
Running muxtree optimizer on module \singlecycle_ctlpath..
  Creating internal representation of mux trees.
  No muxes found in this module.
Running muxtree optimizer on module \singlecycle_datapath..
  Creating internal representation of mux trees.
  No muxes found in this module.
Removed 0 multiplexer ports.
<suppressed ~229 debug messages>

30.6.11. Executing OPT_REDUCE pass (consolidate $*mux and $reduce_* inputs).
  Optimizing cells in module $paramod$5ef3be0bfad1454aaa6432c4ab405bbd7cbab26b\multiplexer.
  Optimizing cells in module $paramod$6a3d32cf08b5e9a4d56891e3d8781ccd4215c4af\multiplexer.
  Optimizing cells in module $paramod$99da07bf27abaac915a8c95d36d6f2808394e702\multiplexer.
  Optimizing cells in module $paramod$e358a763f16798cd10903dfd37e7986c0fbbe40f\register.
  Optimizing cells in module $paramod\adder\WIDTH=s32'00000000000000000000000000100000.
  Optimizing cells in module $paramod\multiplexer2\WIDTH=s32'00000000000000000000000000100000.
  Optimizing cells in module $paramod\multiplexer4\WIDTH=s32'00000000000000000000000000100000.
  Optimizing cells in module $paramod\multiplexer8\WIDTH=s32'00000000000000000000000000100000.
  Optimizing cells in module \alu.
  Optimizing cells in module \alu_control.
  Optimizing cells in module \control_transfer.
    New ctrl vector for $pmux cell $procmux$1760: { $auto$opt_reduce.cc:137:opt_pmux$2034 $auto$opt_reduce.cc:137:opt_pmux$2032 }
  Optimizing cells in module \control_transfer.
  Optimizing cells in module \data_memory_interface.
  Optimizing cells in module \immediate_generator.
  Optimizing cells in module \instruction_decoder.
  Optimizing cells in module \regfile.
  Optimizing cells in module \riscv_core.
  Optimizing cells in module \singlecycle_control.
  Optimizing cells in module \singlecycle_ctlpath.
  Optimizing cells in module \singlecycle_datapath.
Performed a total of 1 changes.

30.6.12. Executing OPT_MERGE pass (detect identical cells).
Finding identical cells in module `$paramod$5ef3be0bfad1454aaa6432c4ab405bbd7cbab26b\multiplexer'.
Computing hashes of 9 cells of `$paramod$5ef3be0bfad1454aaa6432c4ab405bbd7cbab26b\multiplexer'.
Finding duplicate cells in `$paramod$5ef3be0bfad1454aaa6432c4ab405bbd7cbab26b\multiplexer'.
Finding identical cells in module `$paramod$6a3d32cf08b5e9a4d56891e3d8781ccd4215c4af\multiplexer'.
Computing hashes of 2 cells of `$paramod$6a3d32cf08b5e9a4d56891e3d8781ccd4215c4af\multiplexer'.
Finding duplicate cells in `$paramod$6a3d32cf08b5e9a4d56891e3d8781ccd4215c4af\multiplexer'.
Finding identical cells in module `$paramod$99da07bf27abaac915a8c95d36d6f2808394e702\multiplexer'.
Computing hashes of 5 cells of `$paramod$99da07bf27abaac915a8c95d36d6f2808394e702\multiplexer'.
Finding duplicate cells in `$paramod$99da07bf27abaac915a8c95d36d6f2808394e702\multiplexer'.
Finding identical cells in module `$paramod$e358a763f16798cd10903dfd37e7986c0fbbe40f\register'.
Computing hashes of 2 cells of `$paramod$e358a763f16798cd10903dfd37e7986c0fbbe40f\register'.
Finding duplicate cells in `$paramod$e358a763f16798cd10903dfd37e7986c0fbbe40f\register'.
Finding identical cells in module `$paramod\adder\WIDTH=s32'00000000000000000000000000100000'.
Computing hashes of 1 cells of `$paramod\adder\WIDTH=s32'00000000000000000000000000100000'.
Finding duplicate cells in `$paramod\adder\WIDTH=s32'00000000000000000000000000100000'.
Finding identical cells in module `$paramod\multiplexer2\WIDTH=s32'00000000000000000000000000100000'.
Computing hashes of 1 cells of `$paramod\multiplexer2\WIDTH=s32'00000000000000000000000000100000'.
Finding duplicate cells in `$paramod\multiplexer2\WIDTH=s32'00000000000000000000000000100000'.
Finding identical cells in module `$paramod\multiplexer4\WIDTH=s32'00000000000000000000000000100000'.
Computing hashes of 1 cells of `$paramod\multiplexer4\WIDTH=s32'00000000000000000000000000100000'.
Finding duplicate cells in `$paramod\multiplexer4\WIDTH=s32'00000000000000000000000000100000'.
Finding identical cells in module `$paramod\multiplexer8\WIDTH=s32'00000000000000000000000000100000'.
Computing hashes of 1 cells of `$paramod\multiplexer8\WIDTH=s32'00000000000000000000000000100000'.
Finding duplicate cells in `$paramod\multiplexer8\WIDTH=s32'00000000000000000000000000100000'.
Finding identical cells in module `\alu'.
Computing hashes of 47 cells of `\alu'.
Finding duplicate cells in `\alu'.
Finding identical cells in module `\alu_control'.
Computing hashes of 26 cells of `\alu_control'.
Finding duplicate cells in `\alu_control'.
Finding identical cells in module `\control_transfer'.
Computing hashes of 14 cells of `\control_transfer'.
Finding duplicate cells in `\control_transfer'.
Finding identical cells in module `\data_memory_interface'.
Computing hashes of 13 cells of `\data_memory_interface'.
Finding duplicate cells in `\data_memory_interface'.
Finding identical cells in module `\immediate_generator'.
Computing hashes of 14 cells of `\immediate_generator'.
Finding duplicate cells in `\immediate_generator'.
Finding identical cells in module `\instruction_decoder'.
Computing hashes of 0 cells of `\instruction_decoder'.
Finding duplicate cells in `\instruction_decoder'.
Finding identical cells in module `\regfile'.
Computing hashes of 259 cells of `\regfile'.
Finding duplicate cells in `\regfile'.
Finding identical cells in module `\riscv_core'.
Computing hashes of 5 cells of `\riscv_core'.
Finding duplicate cells in `\riscv_core'.
Finding identical cells in module `\singlecycle_control'.
Computing hashes of 37 cells of `\singlecycle_control'.
Finding duplicate cells in `\singlecycle_control'.
Finding identical cells in module `\singlecycle_ctlpath'.
Computing hashes of 3 cells of `\singlecycle_ctlpath'.
Finding duplicate cells in `\singlecycle_ctlpath'.
Finding identical cells in module `\singlecycle_datapath'.
Computing hashes of 9 cells of `\singlecycle_datapath'.
Finding duplicate cells in `\singlecycle_datapath'.
Removed a total of 0 cells.

30.6.13. Executing OPT_DFF pass (perform DFF optimizations).

30.6.14. Executing OPT_CLEAN pass (remove unused cells and wires).
Finding unused cells or wires in module $paramod$5ef3be0bfad1454aaa6432c4ab405bbd7cbab26b\multiplexer..
Finding unused cells or wires in module $paramod$6a3d32cf08b5e9a4d56891e3d8781ccd4215c4af\multiplexer..
Finding unused cells or wires in module $paramod$99da07bf27abaac915a8c95d36d6f2808394e702\multiplexer..
Finding unused cells or wires in module $paramod$e358a763f16798cd10903dfd37e7986c0fbbe40f\register..
Finding unused cells or wires in module $paramod\adder\WIDTH=s32'00000000000000000000000000100000..
Finding unused cells or wires in module $paramod\multiplexer2\WIDTH=s32'00000000000000000000000000100000..
Finding unused cells or wires in module $paramod\multiplexer4\WIDTH=s32'00000000000000000000000000100000..
Finding unused cells or wires in module $paramod\multiplexer8\WIDTH=s32'00000000000000000000000000100000..
Finding unused cells or wires in module \alu..
Finding unused cells or wires in module \alu_control..
Finding unused cells or wires in module \control_transfer..
Finding unused cells or wires in module \data_memory_interface..
Finding unused cells or wires in module \immediate_generator..
Finding unused cells or wires in module \instruction_decoder..
Finding unused cells or wires in module \regfile..
Finding unused cells or wires in module \riscv_core..
Finding unused cells or wires in module \singlecycle_control..
Finding unused cells or wires in module \singlecycle_ctlpath..
Finding unused cells or wires in module \singlecycle_datapath..

30.6.15. Executing OPT_EXPR pass (perform const folding).
Optimizing module $paramod$5ef3be0bfad1454aaa6432c4ab405bbd7cbab26b\multiplexer.
Optimizing module $paramod$6a3d32cf08b5e9a4d56891e3d8781ccd4215c4af\multiplexer.
Optimizing module $paramod$99da07bf27abaac915a8c95d36d6f2808394e702\multiplexer.
Optimizing module $paramod$e358a763f16798cd10903dfd37e7986c0fbbe40f\register.
Optimizing module $paramod\adder\WIDTH=s32'00000000000000000000000000100000.
Optimizing module $paramod\multiplexer2\WIDTH=s32'00000000000000000000000000100000.
Optimizing module $paramod\multiplexer4\WIDTH=s32'00000000000000000000000000100000.
Optimizing module $paramod\multiplexer8\WIDTH=s32'00000000000000000000000000100000.
Optimizing module alu.
Optimizing module alu_control.
Optimizing module control_transfer.
Optimizing module data_memory_interface.
Optimizing module immediate_generator.
Optimizing module instruction_decoder.
Optimizing module regfile.
Optimizing module riscv_core.
Optimizing module singlecycle_control.
Optimizing module singlecycle_ctlpath.
Optimizing module singlecycle_datapath.

30.6.16. Rerunning OPT passes. (Maybe there is more to do..)

30.6.17. Executing OPT_MUXTREE pass (detect dead branches in mux trees).
Running muxtree optimizer on module $paramod$5ef3be0bfad1454aaa6432c4ab405bbd7cbab26b\multiplexer..
  Creating internal representation of mux trees.
  Evaluating internal representation of mux trees.
  Analyzing evaluation results.
Running muxtree optimizer on module $paramod$6a3d32cf08b5e9a4d56891e3d8781ccd4215c4af\multiplexer..
  Creating internal representation of mux trees.
  Evaluating internal representation of mux trees.
  Analyzing evaluation results.
Running muxtree optimizer on module $paramod$99da07bf27abaac915a8c95d36d6f2808394e702\multiplexer..
  Creating internal representation of mux trees.
  Evaluating internal representation of mux trees.
  Analyzing evaluation results.
Running muxtree optimizer on module $paramod$e358a763f16798cd10903dfd37e7986c0fbbe40f\register..
  Creating internal representation of mux trees.
  Evaluating internal representation of mux trees.
  Analyzing evaluation results.
Running muxtree optimizer on module $paramod\adder\WIDTH=s32'00000000000000000000000000100000..
  Creating internal representation of mux trees.
  No muxes found in this module.
Running muxtree optimizer on module $paramod\multiplexer2\WIDTH=s32'00000000000000000000000000100000..
  Creating internal representation of mux trees.
  No muxes found in this module.
Running muxtree optimizer on module $paramod\multiplexer4\WIDTH=s32'00000000000000000000000000100000..
  Creating internal representation of mux trees.
  No muxes found in this module.
Running muxtree optimizer on module $paramod\multiplexer8\WIDTH=s32'00000000000000000000000000100000..
  Creating internal representation of mux trees.
  No muxes found in this module.
Running muxtree optimizer on module \alu..
  Creating internal representation of mux trees.
  Evaluating internal representation of mux trees.
  Analyzing evaluation results.
Running muxtree optimizer on module \alu_control..
  Creating internal representation of mux trees.
  Evaluating internal representation of mux trees.
  Analyzing evaluation results.
Running muxtree optimizer on module \control_transfer..
  Creating internal representation of mux trees.
  Evaluating internal representation of mux trees.
  Analyzing evaluation results.
Running muxtree optimizer on module \data_memory_interface..
  Creating internal representation of mux trees.
  Evaluating internal representation of mux trees.
  Analyzing evaluation results.
Running muxtree optimizer on module \immediate_generator..
  Creating internal representation of mux trees.
  Evaluating internal representation of mux trees.
  Analyzing evaluation results.
Running muxtree optimizer on module \instruction_decoder..
  Creating internal representation of mux trees.
  No muxes found in this module.
Running muxtree optimizer on module \regfile..
  Creating internal representation of mux trees.
  Evaluating internal representation of mux trees.
  Analyzing evaluation results.
Running muxtree optimizer on module \riscv_core..
  Creating internal representation of mux trees.
  No muxes found in this module.
Running muxtree optimizer on module \singlecycle_control..
  Creating internal representation of mux trees.
  Evaluating internal representation of mux trees.
  Analyzing evaluation results.
Running muxtree optimizer on module \singlecycle_ctlpath..
  Creating internal representation of mux trees.
  No muxes found in this module.
Running muxtree optimizer on module \singlecycle_datapath..
  Creating internal representation of mux trees.
  No muxes found in this module.
Removed 0 multiplexer ports.
<suppressed ~225 debug messages>

30.6.18. Executing OPT_REDUCE pass (consolidate $*mux and $reduce_* inputs).
  Optimizing cells in module $paramod$5ef3be0bfad1454aaa6432c4ab405bbd7cbab26b\multiplexer.
  Optimizing cells in module $paramod$6a3d32cf08b5e9a4d56891e3d8781ccd4215c4af\multiplexer.
  Optimizing cells in module $paramod$99da07bf27abaac915a8c95d36d6f2808394e702\multiplexer.
  Optimizing cells in module $paramod$e358a763f16798cd10903dfd37e7986c0fbbe40f\register.
  Optimizing cells in module $paramod\adder\WIDTH=s32'00000000000000000000000000100000.
  Optimizing cells in module $paramod\multiplexer2\WIDTH=s32'00000000000000000000000000100000.
  Optimizing cells in module $paramod\multiplexer4\WIDTH=s32'00000000000000000000000000100000.
  Optimizing cells in module $paramod\multiplexer8\WIDTH=s32'00000000000000000000000000100000.
  Optimizing cells in module \alu.
  Optimizing cells in module \alu_control.
  Optimizing cells in module \control_transfer.
  Optimizing cells in module \data_memory_interface.
  Optimizing cells in module \immediate_generator.
  Optimizing cells in module \instruction_decoder.
  Optimizing cells in module \regfile.
  Optimizing cells in module \riscv_core.
  Optimizing cells in module \singlecycle_control.
  Optimizing cells in module \singlecycle_ctlpath.
  Optimizing cells in module \singlecycle_datapath.
Performed a total of 0 changes.

30.6.19. Executing OPT_MERGE pass (detect identical cells).
Finding identical cells in module `$paramod$5ef3be0bfad1454aaa6432c4ab405bbd7cbab26b\multiplexer'.
Computing hashes of 9 cells of `$paramod$5ef3be0bfad1454aaa6432c4ab405bbd7cbab26b\multiplexer'.
Finding duplicate cells in `$paramod$5ef3be0bfad1454aaa6432c4ab405bbd7cbab26b\multiplexer'.
Finding identical cells in module `$paramod$6a3d32cf08b5e9a4d56891e3d8781ccd4215c4af\multiplexer'.
Computing hashes of 2 cells of `$paramod$6a3d32cf08b5e9a4d56891e3d8781ccd4215c4af\multiplexer'.
Finding duplicate cells in `$paramod$6a3d32cf08b5e9a4d56891e3d8781ccd4215c4af\multiplexer'.
Finding identical cells in module `$paramod$99da07bf27abaac915a8c95d36d6f2808394e702\multiplexer'.
Computing hashes of 5 cells of `$paramod$99da07bf27abaac915a8c95d36d6f2808394e702\multiplexer'.
Finding duplicate cells in `$paramod$99da07bf27abaac915a8c95d36d6f2808394e702\multiplexer'.
Finding identical cells in module `$paramod$e358a763f16798cd10903dfd37e7986c0fbbe40f\register'.
Computing hashes of 2 cells of `$paramod$e358a763f16798cd10903dfd37e7986c0fbbe40f\register'.
Finding duplicate cells in `$paramod$e358a763f16798cd10903dfd37e7986c0fbbe40f\register'.
Finding identical cells in module `$paramod\adder\WIDTH=s32'00000000000000000000000000100000'.
Computing hashes of 1 cells of `$paramod\adder\WIDTH=s32'00000000000000000000000000100000'.
Finding duplicate cells in `$paramod\adder\WIDTH=s32'00000000000000000000000000100000'.
Finding identical cells in module `$paramod\multiplexer2\WIDTH=s32'00000000000000000000000000100000'.
Computing hashes of 1 cells of `$paramod\multiplexer2\WIDTH=s32'00000000000000000000000000100000'.
Finding duplicate cells in `$paramod\multiplexer2\WIDTH=s32'00000000000000000000000000100000'.
Finding identical cells in module `$paramod\multiplexer4\WIDTH=s32'00000000000000000000000000100000'.
Computing hashes of 1 cells of `$paramod\multiplexer4\WIDTH=s32'00000000000000000000000000100000'.
Finding duplicate cells in `$paramod\multiplexer4\WIDTH=s32'00000000000000000000000000100000'.
Finding identical cells in module `$paramod\multiplexer8\WIDTH=s32'00000000000000000000000000100000'.
Computing hashes of 1 cells of `$paramod\multiplexer8\WIDTH=s32'00000000000000000000000000100000'.
Finding duplicate cells in `$paramod\multiplexer8\WIDTH=s32'00000000000000000000000000100000'.
Finding identical cells in module `\alu'.
Computing hashes of 47 cells of `\alu'.
Finding duplicate cells in `\alu'.
Finding identical cells in module `\alu_control'.
Computing hashes of 26 cells of `\alu_control'.
Finding duplicate cells in `\alu_control'.
Finding identical cells in module `\control_transfer'.
Computing hashes of 14 cells of `\control_transfer'.
Finding duplicate cells in `\control_transfer'.
Finding identical cells in module `\data_memory_interface'.
Computing hashes of 13 cells of `\data_memory_interface'.
Finding duplicate cells in `\data_memory_interface'.
Finding identical cells in module `\immediate_generator'.
Computing hashes of 14 cells of `\immediate_generator'.
Finding duplicate cells in `\immediate_generator'.
Finding identical cells in module `\instruction_decoder'.
Computing hashes of 0 cells of `\instruction_decoder'.
Finding duplicate cells in `\instruction_decoder'.
Finding identical cells in module `\regfile'.
Computing hashes of 259 cells of `\regfile'.
Finding duplicate cells in `\regfile'.
Finding identical cells in module `\riscv_core'.
Computing hashes of 5 cells of `\riscv_core'.
Finding duplicate cells in `\riscv_core'.
Finding identical cells in module `\singlecycle_control'.
Computing hashes of 37 cells of `\singlecycle_control'.
Finding duplicate cells in `\singlecycle_control'.
Finding identical cells in module `\singlecycle_ctlpath'.
Computing hashes of 3 cells of `\singlecycle_ctlpath'.
Finding duplicate cells in `\singlecycle_ctlpath'.
Finding identical cells in module `\singlecycle_datapath'.
Computing hashes of 9 cells of `\singlecycle_datapath'.
Finding duplicate cells in `\singlecycle_datapath'.
Removed a total of 0 cells.

30.6.20. Executing OPT_DFF pass (perform DFF optimizations).

30.6.21. Executing OPT_CLEAN pass (remove unused cells and wires).
Finding unused cells or wires in module $paramod$5ef3be0bfad1454aaa6432c4ab405bbd7cbab26b\multiplexer..
Finding unused cells or wires in module $paramod$6a3d32cf08b5e9a4d56891e3d8781ccd4215c4af\multiplexer..
Finding unused cells or wires in module $paramod$99da07bf27abaac915a8c95d36d6f2808394e702\multiplexer..
Finding unused cells or wires in module $paramod$e358a763f16798cd10903dfd37e7986c0fbbe40f\register..
Finding unused cells or wires in module $paramod\adder\WIDTH=s32'00000000000000000000000000100000..
Finding unused cells or wires in module $paramod\multiplexer2\WIDTH=s32'00000000000000000000000000100000..
Finding unused cells or wires in module $paramod\multiplexer4\WIDTH=s32'00000000000000000000000000100000..
Finding unused cells or wires in module $paramod\multiplexer8\WIDTH=s32'00000000000000000000000000100000..
Finding unused cells or wires in module \alu..
Finding unused cells or wires in module \alu_control..
Finding unused cells or wires in module \control_transfer..
Finding unused cells or wires in module \data_memory_interface..
Finding unused cells or wires in module \immediate_generator..
Finding unused cells or wires in module \instruction_decoder..
Finding unused cells or wires in module \regfile..
Finding unused cells or wires in module \riscv_core..
Finding unused cells or wires in module \singlecycle_control..
Finding unused cells or wires in module \singlecycle_ctlpath..
Finding unused cells or wires in module \singlecycle_datapath..

30.6.22. Executing OPT_EXPR pass (perform const folding).
Optimizing module $paramod$5ef3be0bfad1454aaa6432c4ab405bbd7cbab26b\multiplexer.
Optimizing module $paramod$6a3d32cf08b5e9a4d56891e3d8781ccd4215c4af\multiplexer.
Optimizing module $paramod$99da07bf27abaac915a8c95d36d6f2808394e702\multiplexer.
Optimizing module $paramod$e358a763f16798cd10903dfd37e7986c0fbbe40f\register.
Optimizing module $paramod\adder\WIDTH=s32'00000000000000000000000000100000.
Optimizing module $paramod\multiplexer2\WIDTH=s32'00000000000000000000000000100000.
Optimizing module $paramod\multiplexer4\WIDTH=s32'00000000000000000000000000100000.
Optimizing module $paramod\multiplexer8\WIDTH=s32'00000000000000000000000000100000.
Optimizing module alu.
Optimizing module alu_control.
Optimizing module control_transfer.
Optimizing module data_memory_interface.
Optimizing module immediate_generator.
Optimizing module instruction_decoder.
Optimizing module regfile.
Optimizing module riscv_core.
Optimizing module singlecycle_control.
Optimizing module singlecycle_ctlpath.
Optimizing module singlecycle_datapath.

30.6.23. Finished fast OPT passes. (There is nothing left to do.)

30.7. Executing FSM pass (extract and optimize FSM).

30.7.1. Executing FSM_DETECT pass (finding FSMs in design).

30.7.2. Executing FSM_EXTRACT pass (extracting FSM from design).

30.7.3. Executing FSM_OPT pass (simple optimizations of FSMs).

30.7.4. Executing OPT_CLEAN pass (remove unused cells and wires).
Finding unused cells or wires in module $paramod$5ef3be0bfad1454aaa6432c4ab405bbd7cbab26b\multiplexer..
Finding unused cells or wires in module $paramod$6a3d32cf08b5e9a4d56891e3d8781ccd4215c4af\multiplexer..
Finding unused cells or wires in module $paramod$99da07bf27abaac915a8c95d36d6f2808394e702\multiplexer..
Finding unused cells or wires in module $paramod$e358a763f16798cd10903dfd37e7986c0fbbe40f\register..
Finding unused cells or wires in module $paramod\adder\WIDTH=s32'00000000000000000000000000100000..
Finding unused cells or wires in module $paramod\multiplexer2\WIDTH=s32'00000000000000000000000000100000..
Finding unused cells or wires in module $paramod\multiplexer4\WIDTH=s32'00000000000000000000000000100000..
Finding unused cells or wires in module $paramod\multiplexer8\WIDTH=s32'00000000000000000000000000100000..
Finding unused cells or wires in module \alu..
Finding unused cells or wires in module \alu_control..
Finding unused cells or wires in module \control_transfer..
Finding unused cells or wires in module \data_memory_interface..
Finding unused cells or wires in module \immediate_generator..
Finding unused cells or wires in module \instruction_decoder..
Finding unused cells or wires in module \regfile..
Finding unused cells or wires in module \riscv_core..
Finding unused cells or wires in module \singlecycle_control..
Finding unused cells or wires in module \singlecycle_ctlpath..
Finding unused cells or wires in module \singlecycle_datapath..

30.7.5. Executing FSM_OPT pass (simple optimizations of FSMs).

30.7.6. Executing FSM_RECODE pass (re-assigning FSM state encoding).

30.7.7. Executing FSM_INFO pass (dumping all available information on FSM cells).

30.7.8. Executing FSM_MAP pass (mapping FSMs to basic logic).

30.8. Executing OPT pass (performing simple optimizations).

30.8.1. Executing OPT_EXPR pass (perform const folding).
Optimizing module $paramod$5ef3be0bfad1454aaa6432c4ab405bbd7cbab26b\multiplexer.
Optimizing module $paramod$6a3d32cf08b5e9a4d56891e3d8781ccd4215c4af\multiplexer.
Optimizing module $paramod$99da07bf27abaac915a8c95d36d6f2808394e702\multiplexer.
Optimizing module $paramod$e358a763f16798cd10903dfd37e7986c0fbbe40f\register.
Optimizing module $paramod\adder\WIDTH=s32'00000000000000000000000000100000.
Optimizing module $paramod\multiplexer2\WIDTH=s32'00000000000000000000000000100000.
Optimizing module $paramod\multiplexer4\WIDTH=s32'00000000000000000000000000100000.
Optimizing module $paramod\multiplexer8\WIDTH=s32'00000000000000000000000000100000.
Optimizing module alu.
Optimizing module alu_control.
Optimizing module control_transfer.
Optimizing module data_memory_interface.
Optimizing module immediate_generator.
Optimizing module instruction_decoder.
Optimizing module regfile.
Optimizing module riscv_core.
Optimizing module singlecycle_control.
Optimizing module singlecycle_ctlpath.
Optimizing module singlecycle_datapath.

30.8.2. Executing OPT_MERGE pass (detect identical cells).
Finding identical cells in module `$paramod$5ef3be0bfad1454aaa6432c4ab405bbd7cbab26b\multiplexer'.
Computing hashes of 9 cells of `$paramod$5ef3be0bfad1454aaa6432c4ab405bbd7cbab26b\multiplexer'.
Finding duplicate cells in `$paramod$5ef3be0bfad1454aaa6432c4ab405bbd7cbab26b\multiplexer'.
Finding identical cells in module `$paramod$6a3d32cf08b5e9a4d56891e3d8781ccd4215c4af\multiplexer'.
Computing hashes of 2 cells of `$paramod$6a3d32cf08b5e9a4d56891e3d8781ccd4215c4af\multiplexer'.
Finding duplicate cells in `$paramod$6a3d32cf08b5e9a4d56891e3d8781ccd4215c4af\multiplexer'.
Finding identical cells in module `$paramod$99da07bf27abaac915a8c95d36d6f2808394e702\multiplexer'.
Computing hashes of 5 cells of `$paramod$99da07bf27abaac915a8c95d36d6f2808394e702\multiplexer'.
Finding duplicate cells in `$paramod$99da07bf27abaac915a8c95d36d6f2808394e702\multiplexer'.
Finding identical cells in module `$paramod$e358a763f16798cd10903dfd37e7986c0fbbe40f\register'.
Computing hashes of 2 cells of `$paramod$e358a763f16798cd10903dfd37e7986c0fbbe40f\register'.
Finding duplicate cells in `$paramod$e358a763f16798cd10903dfd37e7986c0fbbe40f\register'.
Finding identical cells in module `$paramod\adder\WIDTH=s32'00000000000000000000000000100000'.
Computing hashes of 1 cells of `$paramod\adder\WIDTH=s32'00000000000000000000000000100000'.
Finding duplicate cells in `$paramod\adder\WIDTH=s32'00000000000000000000000000100000'.
Finding identical cells in module `$paramod\multiplexer2\WIDTH=s32'00000000000000000000000000100000'.
Computing hashes of 1 cells of `$paramod\multiplexer2\WIDTH=s32'00000000000000000000000000100000'.
Finding duplicate cells in `$paramod\multiplexer2\WIDTH=s32'00000000000000000000000000100000'.
Finding identical cells in module `$paramod\multiplexer4\WIDTH=s32'00000000000000000000000000100000'.
Computing hashes of 1 cells of `$paramod\multiplexer4\WIDTH=s32'00000000000000000000000000100000'.
Finding duplicate cells in `$paramod\multiplexer4\WIDTH=s32'00000000000000000000000000100000'.
Finding identical cells in module `$paramod\multiplexer8\WIDTH=s32'00000000000000000000000000100000'.
Computing hashes of 1 cells of `$paramod\multiplexer8\WIDTH=s32'00000000000000000000000000100000'.
Finding duplicate cells in `$paramod\multiplexer8\WIDTH=s32'00000000000000000000000000100000'.
Finding identical cells in module `\alu'.
Computing hashes of 47 cells of `\alu'.
Finding duplicate cells in `\alu'.
Finding identical cells in module `\alu_control'.
Computing hashes of 26 cells of `\alu_control'.
Finding duplicate cells in `\alu_control'.
Finding identical cells in module `\control_transfer'.
Computing hashes of 14 cells of `\control_transfer'.
Finding duplicate cells in `\control_transfer'.
Finding identical cells in module `\data_memory_interface'.
Computing hashes of 13 cells of `\data_memory_interface'.
Finding duplicate cells in `\data_memory_interface'.
Finding identical cells in module `\immediate_generator'.
Computing hashes of 14 cells of `\immediate_generator'.
Finding duplicate cells in `\immediate_generator'.
Finding identical cells in module `\instruction_decoder'.
Computing hashes of 0 cells of `\instruction_decoder'.
Finding duplicate cells in `\instruction_decoder'.
Finding identical cells in module `\regfile'.
Computing hashes of 259 cells of `\regfile'.
Finding duplicate cells in `\regfile'.
Finding identical cells in module `\riscv_core'.
Computing hashes of 5 cells of `\riscv_core'.
Finding duplicate cells in `\riscv_core'.
Finding identical cells in module `\singlecycle_control'.
Computing hashes of 37 cells of `\singlecycle_control'.
Finding duplicate cells in `\singlecycle_control'.
Finding identical cells in module `\singlecycle_ctlpath'.
Computing hashes of 3 cells of `\singlecycle_ctlpath'.
Finding duplicate cells in `\singlecycle_ctlpath'.
Finding identical cells in module `\singlecycle_datapath'.
Computing hashes of 9 cells of `\singlecycle_datapath'.
Finding duplicate cells in `\singlecycle_datapath'.
Removed a total of 0 cells.

30.8.3. Executing OPT_MUXTREE pass (detect dead branches in mux trees).
Running muxtree optimizer on module $paramod$5ef3be0bfad1454aaa6432c4ab405bbd7cbab26b\multiplexer..
  Creating internal representation of mux trees.
  Evaluating internal representation of mux trees.
  Analyzing evaluation results.
Running muxtree optimizer on module $paramod$6a3d32cf08b5e9a4d56891e3d8781ccd4215c4af\multiplexer..
  Creating internal representation of mux trees.
  Evaluating internal representation of mux trees.
  Analyzing evaluation results.
Running muxtree optimizer on module $paramod$99da07bf27abaac915a8c95d36d6f2808394e702\multiplexer..
  Creating internal representation of mux trees.
  Evaluating internal representation of mux trees.
  Analyzing evaluation results.
Running muxtree optimizer on module $paramod$e358a763f16798cd10903dfd37e7986c0fbbe40f\register..
  Creating internal representation of mux trees.
  Evaluating internal representation of mux trees.
  Analyzing evaluation results.
Running muxtree optimizer on module $paramod\adder\WIDTH=s32'00000000000000000000000000100000..
  Creating internal representation of mux trees.
  No muxes found in this module.
Running muxtree optimizer on module $paramod\multiplexer2\WIDTH=s32'00000000000000000000000000100000..
  Creating internal representation of mux trees.
  No muxes found in this module.
Running muxtree optimizer on module $paramod\multiplexer4\WIDTH=s32'00000000000000000000000000100000..
  Creating internal representation of mux trees.
  No muxes found in this module.
Running muxtree optimizer on module $paramod\multiplexer8\WIDTH=s32'00000000000000000000000000100000..
  Creating internal representation of mux trees.
  No muxes found in this module.
Running muxtree optimizer on module \alu..
  Creating internal representation of mux trees.
  Evaluating internal representation of mux trees.
  Analyzing evaluation results.
Running muxtree optimizer on module \alu_control..
  Creating internal representation of mux trees.
  Evaluating internal representation of mux trees.
  Analyzing evaluation results.
Running muxtree optimizer on module \control_transfer..
  Creating internal representation of mux trees.
  Evaluating internal representation of mux trees.
  Analyzing evaluation results.
Running muxtree optimizer on module \data_memory_interface..
  Creating internal representation of mux trees.
  Evaluating internal representation of mux trees.
  Analyzing evaluation results.
Running muxtree optimizer on module \immediate_generator..
  Creating internal representation of mux trees.
  Evaluating internal representation of mux trees.
  Analyzing evaluation results.
Running muxtree optimizer on module \instruction_decoder..
  Creating internal representation of mux trees.
  No muxes found in this module.
Running muxtree optimizer on module \regfile..
  Creating internal representation of mux trees.
  Evaluating internal representation of mux trees.
  Analyzing evaluation results.
Running muxtree optimizer on module \riscv_core..
  Creating internal representation of mux trees.
  No muxes found in this module.
Running muxtree optimizer on module \singlecycle_control..
  Creating internal representation of mux trees.
  Evaluating internal representation of mux trees.
  Analyzing evaluation results.
Running muxtree optimizer on module \singlecycle_ctlpath..
  Creating internal representation of mux trees.
  No muxes found in this module.
Running muxtree optimizer on module \singlecycle_datapath..
  Creating internal representation of mux trees.
  No muxes found in this module.
Removed 0 multiplexer ports.
<suppressed ~225 debug messages>

30.8.4. Executing OPT_REDUCE pass (consolidate $*mux and $reduce_* inputs).
  Optimizing cells in module $paramod$5ef3be0bfad1454aaa6432c4ab405bbd7cbab26b\multiplexer.
  Optimizing cells in module $paramod$6a3d32cf08b5e9a4d56891e3d8781ccd4215c4af\multiplexer.
  Optimizing cells in module $paramod$99da07bf27abaac915a8c95d36d6f2808394e702\multiplexer.
  Optimizing cells in module $paramod$e358a763f16798cd10903dfd37e7986c0fbbe40f\register.
  Optimizing cells in module $paramod\adder\WIDTH=s32'00000000000000000000000000100000.
  Optimizing cells in module $paramod\multiplexer2\WIDTH=s32'00000000000000000000000000100000.
  Optimizing cells in module $paramod\multiplexer4\WIDTH=s32'00000000000000000000000000100000.
  Optimizing cells in module $paramod\multiplexer8\WIDTH=s32'00000000000000000000000000100000.
  Optimizing cells in module \alu.
  Optimizing cells in module \alu_control.
  Optimizing cells in module \control_transfer.
  Optimizing cells in module \data_memory_interface.
  Optimizing cells in module \immediate_generator.
  Optimizing cells in module \instruction_decoder.
  Optimizing cells in module \regfile.
  Optimizing cells in module \riscv_core.
  Optimizing cells in module \singlecycle_control.
  Optimizing cells in module \singlecycle_ctlpath.
  Optimizing cells in module \singlecycle_datapath.
Performed a total of 0 changes.

30.8.5. Executing OPT_MERGE pass (detect identical cells).
Finding identical cells in module `$paramod$5ef3be0bfad1454aaa6432c4ab405bbd7cbab26b\multiplexer'.
Computing hashes of 9 cells of `$paramod$5ef3be0bfad1454aaa6432c4ab405bbd7cbab26b\multiplexer'.
Finding duplicate cells in `$paramod$5ef3be0bfad1454aaa6432c4ab405bbd7cbab26b\multiplexer'.
Finding identical cells in module `$paramod$6a3d32cf08b5e9a4d56891e3d8781ccd4215c4af\multiplexer'.
Computing hashes of 2 cells of `$paramod$6a3d32cf08b5e9a4d56891e3d8781ccd4215c4af\multiplexer'.
Finding duplicate cells in `$paramod$6a3d32cf08b5e9a4d56891e3d8781ccd4215c4af\multiplexer'.
Finding identical cells in module `$paramod$99da07bf27abaac915a8c95d36d6f2808394e702\multiplexer'.
Computing hashes of 5 cells of `$paramod$99da07bf27abaac915a8c95d36d6f2808394e702\multiplexer'.
Finding duplicate cells in `$paramod$99da07bf27abaac915a8c95d36d6f2808394e702\multiplexer'.
Finding identical cells in module `$paramod$e358a763f16798cd10903dfd37e7986c0fbbe40f\register'.
Computing hashes of 2 cells of `$paramod$e358a763f16798cd10903dfd37e7986c0fbbe40f\register'.
Finding duplicate cells in `$paramod$e358a763f16798cd10903dfd37e7986c0fbbe40f\register'.
Finding identical cells in module `$paramod\adder\WIDTH=s32'00000000000000000000000000100000'.
Computing hashes of 1 cells of `$paramod\adder\WIDTH=s32'00000000000000000000000000100000'.
Finding duplicate cells in `$paramod\adder\WIDTH=s32'00000000000000000000000000100000'.
Finding identical cells in module `$paramod\multiplexer2\WIDTH=s32'00000000000000000000000000100000'.
Computing hashes of 1 cells of `$paramod\multiplexer2\WIDTH=s32'00000000000000000000000000100000'.
Finding duplicate cells in `$paramod\multiplexer2\WIDTH=s32'00000000000000000000000000100000'.
Finding identical cells in module `$paramod\multiplexer4\WIDTH=s32'00000000000000000000000000100000'.
Computing hashes of 1 cells of `$paramod\multiplexer4\WIDTH=s32'00000000000000000000000000100000'.
Finding duplicate cells in `$paramod\multiplexer4\WIDTH=s32'00000000000000000000000000100000'.
Finding identical cells in module `$paramod\multiplexer8\WIDTH=s32'00000000000000000000000000100000'.
Computing hashes of 1 cells of `$paramod\multiplexer8\WIDTH=s32'00000000000000000000000000100000'.
Finding duplicate cells in `$paramod\multiplexer8\WIDTH=s32'00000000000000000000000000100000'.
Finding identical cells in module `\alu'.
Computing hashes of 47 cells of `\alu'.
Finding duplicate cells in `\alu'.
Finding identical cells in module `\alu_control'.
Computing hashes of 26 cells of `\alu_control'.
Finding duplicate cells in `\alu_control'.
Finding identical cells in module `\control_transfer'.
Computing hashes of 14 cells of `\control_transfer'.
Finding duplicate cells in `\control_transfer'.
Finding identical cells in module `\data_memory_interface'.
Computing hashes of 13 cells of `\data_memory_interface'.
Finding duplicate cells in `\data_memory_interface'.
Finding identical cells in module `\immediate_generator'.
Computing hashes of 14 cells of `\immediate_generator'.
Finding duplicate cells in `\immediate_generator'.
Finding identical cells in module `\instruction_decoder'.
Computing hashes of 0 cells of `\instruction_decoder'.
Finding duplicate cells in `\instruction_decoder'.
Finding identical cells in module `\regfile'.
Computing hashes of 259 cells of `\regfile'.
Finding duplicate cells in `\regfile'.
Finding identical cells in module `\riscv_core'.
Computing hashes of 5 cells of `\riscv_core'.
Finding duplicate cells in `\riscv_core'.
Finding identical cells in module `\singlecycle_control'.
Computing hashes of 37 cells of `\singlecycle_control'.
Finding duplicate cells in `\singlecycle_control'.
Finding identical cells in module `\singlecycle_ctlpath'.
Computing hashes of 3 cells of `\singlecycle_ctlpath'.
Finding duplicate cells in `\singlecycle_ctlpath'.
Finding identical cells in module `\singlecycle_datapath'.
Computing hashes of 9 cells of `\singlecycle_datapath'.
Finding duplicate cells in `\singlecycle_datapath'.
Removed a total of 0 cells.

30.8.6. Executing OPT_DFF pass (perform DFF optimizations).
Adding EN signal on $procdff$1990 ($adff) from module $paramod$e358a763f16798cd10903dfd37e7986c0fbbe40f\register (D = \next, Q = \value).
Adding EN signal on $procdff$1972 ($adff) from module regfile (D = $procmux$413_Y, Q = \register[30]).
Adding EN signal on $procdff$1969 ($adff) from module regfile (D = $procmux$427_Y, Q = \register[29]).
Adding EN signal on $procdff$1966 ($adff) from module regfile (D = $procmux$443_Y, Q = \register[28]).
Adding EN signal on $procdff$1963 ($adff) from module regfile (D = $procmux$461_Y, Q = \register[27]).
Adding EN signal on $procdff$1960 ($adff) from module regfile (D = $procmux$481_Y, Q = \register[26]).
Adding EN signal on $procdff$1957 ($adff) from module regfile (D = $procmux$503_Y, Q = \register[25]).
Adding EN signal on $procdff$1954 ($adff) from module regfile (D = $procmux$527_Y, Q = \register[24]).
Adding EN signal on $procdff$1951 ($adff) from module regfile (D = $procmux$553_Y, Q = \register[23]).
Adding EN signal on $procdff$1948 ($adff) from module regfile (D = $procmux$581_Y, Q = \register[22]).
Adding EN signal on $procdff$1945 ($adff) from module regfile (D = $procmux$611_Y, Q = \register[21]).
Adding EN signal on $procdff$1942 ($adff) from module regfile (D = $procmux$643_Y, Q = \register[20]).
Adding EN signal on $procdff$1939 ($adff) from module regfile (D = $procmux$677_Y, Q = \register[19]).
Adding EN signal on $procdff$1936 ($adff) from module regfile (D = $procmux$713_Y, Q = \register[18]).
Adding EN signal on $procdff$1933 ($adff) from module regfile (D = $procmux$751_Y, Q = \register[17]).
Adding EN signal on $procdff$1930 ($adff) from module regfile (D = $procmux$791_Y, Q = \register[16]).
Adding EN signal on $procdff$1927 ($adff) from module regfile (D = $procmux$833_Y, Q = \register[15]).
Adding EN signal on $procdff$1924 ($adff) from module regfile (D = $procmux$877_Y, Q = \register[14]).
Adding EN signal on $procdff$1921 ($adff) from module regfile (D = $procmux$923_Y, Q = \register[13]).
Adding EN signal on $procdff$1918 ($adff) from module regfile (D = $procmux$971_Y, Q = \register[12]).
Adding EN signal on $procdff$1915 ($adff) from module regfile (D = $procmux$1021_Y, Q = \register[11]).
Adding EN signal on $procdff$1912 ($adff) from module regfile (D = $procmux$1073_Y, Q = \register[10]).
Adding EN signal on $procdff$1909 ($adff) from module regfile (D = $procmux$1127_Y, Q = \register[9]).
Adding EN signal on $procdff$1906 ($adff) from module regfile (D = $procmux$1183_Y, Q = \register[8]).
Adding EN signal on $procdff$1903 ($adff) from module regfile (D = $procmux$1241_Y, Q = \register[7]).
Adding EN signal on $procdff$1900 ($adff) from module regfile (D = $procmux$1301_Y, Q = \register[6]).
Adding EN signal on $procdff$1897 ($adff) from module regfile (D = $procmux$1363_Y, Q = \register[5]).
Adding EN signal on $procdff$1894 ($adff) from module regfile (D = $procmux$1427_Y, Q = \register[4]).
Adding EN signal on $procdff$1891 ($adff) from module regfile (D = $procmux$1493_Y, Q = \register[3]).
Adding EN signal on $procdff$1888 ($adff) from module regfile (D = $procmux$1561_Y, Q = \register[2]).
Adding EN signal on $procdff$1885 ($adff) from module regfile (D = $procmux$1631_Y, Q = \register[1]).
Adding EN signal on $procdff$1882 ($adff) from module regfile (D = $procmux$1703_Y, Q = \register[0]).
Adding EN signal on $procdff$1975 ($adff) from module regfile (D = $procmux$401_Y, Q = \register[31]).

30.8.7. Executing OPT_CLEAN pass (remove unused cells and wires).
Finding unused cells or wires in module $paramod$5ef3be0bfad1454aaa6432c4ab405bbd7cbab26b\multiplexer..
Finding unused cells or wires in module $paramod$6a3d32cf08b5e9a4d56891e3d8781ccd4215c4af\multiplexer..
Finding unused cells or wires in module $paramod$99da07bf27abaac915a8c95d36d6f2808394e702\multiplexer..
Finding unused cells or wires in module $paramod$e358a763f16798cd10903dfd37e7986c0fbbe40f\register..
Finding unused cells or wires in module $paramod\adder\WIDTH=s32'00000000000000000000000000100000..
Finding unused cells or wires in module $paramod\multiplexer2\WIDTH=s32'00000000000000000000000000100000..
Finding unused cells or wires in module $paramod\multiplexer4\WIDTH=s32'00000000000000000000000000100000..
Finding unused cells or wires in module $paramod\multiplexer8\WIDTH=s32'00000000000000000000000000100000..
Finding unused cells or wires in module \alu..
Finding unused cells or wires in module \alu_control..
Finding unused cells or wires in module \control_transfer..
Finding unused cells or wires in module \data_memory_interface..
Finding unused cells or wires in module \immediate_generator..
Finding unused cells or wires in module \instruction_decoder..
Finding unused cells or wires in module \regfile..
Finding unused cells or wires in module \riscv_core..
Finding unused cells or wires in module \singlecycle_control..
Finding unused cells or wires in module \singlecycle_ctlpath..
Finding unused cells or wires in module \singlecycle_datapath..
Removed 33 unused cells and 33 unused wires.
<suppressed ~35 debug messages>

30.8.8. Executing OPT_EXPR pass (perform const folding).
Optimizing module $paramod$5ef3be0bfad1454aaa6432c4ab405bbd7cbab26b\multiplexer.
Optimizing module $paramod$6a3d32cf08b5e9a4d56891e3d8781ccd4215c4af\multiplexer.
Optimizing module $paramod$99da07bf27abaac915a8c95d36d6f2808394e702\multiplexer.
Optimizing module $paramod$e358a763f16798cd10903dfd37e7986c0fbbe40f\register.
Optimizing module $paramod\adder\WIDTH=s32'00000000000000000000000000100000.
Optimizing module $paramod\multiplexer2\WIDTH=s32'00000000000000000000000000100000.
Optimizing module $paramod\multiplexer4\WIDTH=s32'00000000000000000000000000100000.
Optimizing module $paramod\multiplexer8\WIDTH=s32'00000000000000000000000000100000.
Optimizing module alu.
Optimizing module alu_control.
Optimizing module control_transfer.
Optimizing module data_memory_interface.
Optimizing module immediate_generator.
Optimizing module instruction_decoder.
Optimizing module regfile.
<suppressed ~32 debug messages>
Optimizing module riscv_core.
Optimizing module singlecycle_control.
Optimizing module singlecycle_ctlpath.
Optimizing module singlecycle_datapath.

30.8.9. Rerunning OPT passes. (Maybe there is more to do..)

30.8.10. Executing OPT_MUXTREE pass (detect dead branches in mux trees).
Running muxtree optimizer on module $paramod$5ef3be0bfad1454aaa6432c4ab405bbd7cbab26b\multiplexer..
  Creating internal representation of mux trees.
  Evaluating internal representation of mux trees.
  Analyzing evaluation results.
Running muxtree optimizer on module $paramod$6a3d32cf08b5e9a4d56891e3d8781ccd4215c4af\multiplexer..
  Creating internal representation of mux trees.
  Evaluating internal representation of mux trees.
  Analyzing evaluation results.
Running muxtree optimizer on module $paramod$99da07bf27abaac915a8c95d36d6f2808394e702\multiplexer..
  Creating internal representation of mux trees.
  Evaluating internal representation of mux trees.
  Analyzing evaluation results.
Running muxtree optimizer on module $paramod$e358a763f16798cd10903dfd37e7986c0fbbe40f\register..
  Creating internal representation of mux trees.
  No muxes found in this module.
Running muxtree optimizer on module $paramod\adder\WIDTH=s32'00000000000000000000000000100000..
  Creating internal representation of mux trees.
  No muxes found in this module.
Running muxtree optimizer on module $paramod\multiplexer2\WIDTH=s32'00000000000000000000000000100000..
  Creating internal representation of mux trees.
  No muxes found in this module.
Running muxtree optimizer on module $paramod\multiplexer4\WIDTH=s32'00000000000000000000000000100000..
  Creating internal representation of mux trees.
  No muxes found in this module.
Running muxtree optimizer on module $paramod\multiplexer8\WIDTH=s32'00000000000000000000000000100000..
  Creating internal representation of mux trees.
  No muxes found in this module.
Running muxtree optimizer on module \alu..
  Creating internal representation of mux trees.
  Evaluating internal representation of mux trees.
  Analyzing evaluation results.
Running muxtree optimizer on module \alu_control..
  Creating internal representation of mux trees.
  Evaluating internal representation of mux trees.
  Analyzing evaluation results.
Running muxtree optimizer on module \control_transfer..
  Creating internal representation of mux trees.
  Evaluating internal representation of mux trees.
  Analyzing evaluation results.
Running muxtree optimizer on module \data_memory_interface..
  Creating internal representation of mux trees.
  Evaluating internal representation of mux trees.
  Analyzing evaluation results.
Running muxtree optimizer on module \immediate_generator..
  Creating internal representation of mux trees.
  Evaluating internal representation of mux trees.
  Analyzing evaluation results.
Running muxtree optimizer on module \instruction_decoder..
  Creating internal representation of mux trees.
  No muxes found in this module.
Running muxtree optimizer on module \regfile..
  Creating internal representation of mux trees.
  Evaluating internal representation of mux trees.
  Analyzing evaluation results.
Running muxtree optimizer on module \riscv_core..
  Creating internal representation of mux trees.
  No muxes found in this module.
Running muxtree optimizer on module \singlecycle_control..
  Creating internal representation of mux trees.
  Evaluating internal representation of mux trees.
  Analyzing evaluation results.
Running muxtree optimizer on module \singlecycle_ctlpath..
  Creating internal representation of mux trees.
  No muxes found in this module.
Running muxtree optimizer on module \singlecycle_datapath..
  Creating internal representation of mux trees.
  No muxes found in this module.
Removed 0 multiplexer ports.
<suppressed ~191 debug messages>

30.8.11. Executing OPT_REDUCE pass (consolidate $*mux and $reduce_* inputs).
  Optimizing cells in module $paramod$5ef3be0bfad1454aaa6432c4ab405bbd7cbab26b\multiplexer.
  Optimizing cells in module $paramod$6a3d32cf08b5e9a4d56891e3d8781ccd4215c4af\multiplexer.
  Optimizing cells in module $paramod$99da07bf27abaac915a8c95d36d6f2808394e702\multiplexer.
  Optimizing cells in module $paramod$e358a763f16798cd10903dfd37e7986c0fbbe40f\register.
  Optimizing cells in module $paramod\adder\WIDTH=s32'00000000000000000000000000100000.
  Optimizing cells in module $paramod\multiplexer2\WIDTH=s32'00000000000000000000000000100000.
  Optimizing cells in module $paramod\multiplexer4\WIDTH=s32'00000000000000000000000000100000.
  Optimizing cells in module $paramod\multiplexer8\WIDTH=s32'00000000000000000000000000100000.
  Optimizing cells in module \alu.
  Optimizing cells in module \alu_control.
  Optimizing cells in module \control_transfer.
  Optimizing cells in module \data_memory_interface.
  Optimizing cells in module \immediate_generator.
  Optimizing cells in module \instruction_decoder.
  Optimizing cells in module \regfile.
  Optimizing cells in module \riscv_core.
  Optimizing cells in module \singlecycle_control.
  Optimizing cells in module \singlecycle_ctlpath.
  Optimizing cells in module \singlecycle_datapath.
Performed a total of 0 changes.

30.8.12. Executing OPT_MERGE pass (detect identical cells).
Finding identical cells in module `$paramod$5ef3be0bfad1454aaa6432c4ab405bbd7cbab26b\multiplexer'.
Computing hashes of 9 cells of `$paramod$5ef3be0bfad1454aaa6432c4ab405bbd7cbab26b\multiplexer'.
Finding duplicate cells in `$paramod$5ef3be0bfad1454aaa6432c4ab405bbd7cbab26b\multiplexer'.
Finding identical cells in module `$paramod$6a3d32cf08b5e9a4d56891e3d8781ccd4215c4af\multiplexer'.
Computing hashes of 2 cells of `$paramod$6a3d32cf08b5e9a4d56891e3d8781ccd4215c4af\multiplexer'.
Finding duplicate cells in `$paramod$6a3d32cf08b5e9a4d56891e3d8781ccd4215c4af\multiplexer'.
Finding identical cells in module `$paramod$99da07bf27abaac915a8c95d36d6f2808394e702\multiplexer'.
Computing hashes of 5 cells of `$paramod$99da07bf27abaac915a8c95d36d6f2808394e702\multiplexer'.
Finding duplicate cells in `$paramod$99da07bf27abaac915a8c95d36d6f2808394e702\multiplexer'.
Finding identical cells in module `$paramod$e358a763f16798cd10903dfd37e7986c0fbbe40f\register'.
Computing hashes of 1 cells of `$paramod$e358a763f16798cd10903dfd37e7986c0fbbe40f\register'.
Finding duplicate cells in `$paramod$e358a763f16798cd10903dfd37e7986c0fbbe40f\register'.
Finding identical cells in module `$paramod\adder\WIDTH=s32'00000000000000000000000000100000'.
Computing hashes of 1 cells of `$paramod\adder\WIDTH=s32'00000000000000000000000000100000'.
Finding duplicate cells in `$paramod\adder\WIDTH=s32'00000000000000000000000000100000'.
Finding identical cells in module `$paramod\multiplexer2\WIDTH=s32'00000000000000000000000000100000'.
Computing hashes of 1 cells of `$paramod\multiplexer2\WIDTH=s32'00000000000000000000000000100000'.
Finding duplicate cells in `$paramod\multiplexer2\WIDTH=s32'00000000000000000000000000100000'.
Finding identical cells in module `$paramod\multiplexer4\WIDTH=s32'00000000000000000000000000100000'.
Computing hashes of 1 cells of `$paramod\multiplexer4\WIDTH=s32'00000000000000000000000000100000'.
Finding duplicate cells in `$paramod\multiplexer4\WIDTH=s32'00000000000000000000000000100000'.
Finding identical cells in module `$paramod\multiplexer8\WIDTH=s32'00000000000000000000000000100000'.
Computing hashes of 1 cells of `$paramod\multiplexer8\WIDTH=s32'00000000000000000000000000100000'.
Finding duplicate cells in `$paramod\multiplexer8\WIDTH=s32'00000000000000000000000000100000'.
Finding identical cells in module `\alu'.
Computing hashes of 47 cells of `\alu'.
Finding duplicate cells in `\alu'.
Finding identical cells in module `\alu_control'.
Computing hashes of 26 cells of `\alu_control'.
Finding duplicate cells in `\alu_control'.
Finding identical cells in module `\control_transfer'.
Computing hashes of 14 cells of `\control_transfer'.
Finding duplicate cells in `\control_transfer'.
Finding identical cells in module `\data_memory_interface'.
Computing hashes of 13 cells of `\data_memory_interface'.
Finding duplicate cells in `\data_memory_interface'.
Finding identical cells in module `\immediate_generator'.
Computing hashes of 14 cells of `\immediate_generator'.
Finding duplicate cells in `\immediate_generator'.
Finding identical cells in module `\instruction_decoder'.
Computing hashes of 0 cells of `\instruction_decoder'.
Finding duplicate cells in `\instruction_decoder'.
Finding identical cells in module `\regfile'.
Computing hashes of 259 cells of `\regfile'.
Finding duplicate cells in `\regfile'.
Finding identical cells in module `\riscv_core'.
Computing hashes of 5 cells of `\riscv_core'.
Finding duplicate cells in `\riscv_core'.
Finding identical cells in module `\singlecycle_control'.
Computing hashes of 37 cells of `\singlecycle_control'.
Finding duplicate cells in `\singlecycle_control'.
Finding identical cells in module `\singlecycle_ctlpath'.
Computing hashes of 3 cells of `\singlecycle_ctlpath'.
Finding duplicate cells in `\singlecycle_ctlpath'.
Finding identical cells in module `\singlecycle_datapath'.
Computing hashes of 9 cells of `\singlecycle_datapath'.
Finding duplicate cells in `\singlecycle_datapath'.
Removed a total of 0 cells.

30.8.13. Executing OPT_DFF pass (perform DFF optimizations).

30.8.14. Executing OPT_CLEAN pass (remove unused cells and wires).
Finding unused cells or wires in module $paramod$5ef3be0bfad1454aaa6432c4ab405bbd7cbab26b\multiplexer..
Finding unused cells or wires in module $paramod$6a3d32cf08b5e9a4d56891e3d8781ccd4215c4af\multiplexer..
Finding unused cells or wires in module $paramod$99da07bf27abaac915a8c95d36d6f2808394e702\multiplexer..
Finding unused cells or wires in module $paramod$e358a763f16798cd10903dfd37e7986c0fbbe40f\register..
Finding unused cells or wires in module $paramod\adder\WIDTH=s32'00000000000000000000000000100000..
Finding unused cells or wires in module $paramod\multiplexer2\WIDTH=s32'00000000000000000000000000100000..
Finding unused cells or wires in module $paramod\multiplexer4\WIDTH=s32'00000000000000000000000000100000..
Finding unused cells or wires in module $paramod\multiplexer8\WIDTH=s32'00000000000000000000000000100000..
Finding unused cells or wires in module \alu..
Finding unused cells or wires in module \alu_control..
Finding unused cells or wires in module \control_transfer..
Finding unused cells or wires in module \data_memory_interface..
Finding unused cells or wires in module \immediate_generator..
Finding unused cells or wires in module \instruction_decoder..
Finding unused cells or wires in module \regfile..
Finding unused cells or wires in module \riscv_core..
Finding unused cells or wires in module \singlecycle_control..
Finding unused cells or wires in module \singlecycle_ctlpath..
Finding unused cells or wires in module \singlecycle_datapath..
Removed 0 unused cells and 32 unused wires.
<suppressed ~1 debug messages>

30.8.15. Executing OPT_EXPR pass (perform const folding).
Optimizing module $paramod$5ef3be0bfad1454aaa6432c4ab405bbd7cbab26b\multiplexer.
Optimizing module $paramod$6a3d32cf08b5e9a4d56891e3d8781ccd4215c4af\multiplexer.
Optimizing module $paramod$99da07bf27abaac915a8c95d36d6f2808394e702\multiplexer.
Optimizing module $paramod$e358a763f16798cd10903dfd37e7986c0fbbe40f\register.
Optimizing module $paramod\adder\WIDTH=s32'00000000000000000000000000100000.
Optimizing module $paramod\multiplexer2\WIDTH=s32'00000000000000000000000000100000.
Optimizing module $paramod\multiplexer4\WIDTH=s32'00000000000000000000000000100000.
Optimizing module $paramod\multiplexer8\WIDTH=s32'00000000000000000000000000100000.
Optimizing module alu.
Optimizing module alu_control.
Optimizing module control_transfer.
Optimizing module data_memory_interface.
Optimizing module immediate_generator.
Optimizing module instruction_decoder.
Optimizing module regfile.
Optimizing module riscv_core.
Optimizing module singlecycle_control.
Optimizing module singlecycle_ctlpath.
Optimizing module singlecycle_datapath.

30.8.16. Rerunning OPT passes. (Maybe there is more to do..)

30.8.17. Executing OPT_MUXTREE pass (detect dead branches in mux trees).
Running muxtree optimizer on module $paramod$5ef3be0bfad1454aaa6432c4ab405bbd7cbab26b\multiplexer..
  Creating internal representation of mux trees.
  Evaluating internal representation of mux trees.
  Analyzing evaluation results.
Running muxtree optimizer on module $paramod$6a3d32cf08b5e9a4d56891e3d8781ccd4215c4af\multiplexer..
  Creating internal representation of mux trees.
  Evaluating internal representation of mux trees.
  Analyzing evaluation results.
Running muxtree optimizer on module $paramod$99da07bf27abaac915a8c95d36d6f2808394e702\multiplexer..
  Creating internal representation of mux trees.
  Evaluating internal representation of mux trees.
  Analyzing evaluation results.
Running muxtree optimizer on module $paramod$e358a763f16798cd10903dfd37e7986c0fbbe40f\register..
  Creating internal representation of mux trees.
  No muxes found in this module.
Running muxtree optimizer on module $paramod\adder\WIDTH=s32'00000000000000000000000000100000..
  Creating internal representation of mux trees.
  No muxes found in this module.
Running muxtree optimizer on module $paramod\multiplexer2\WIDTH=s32'00000000000000000000000000100000..
  Creating internal representation of mux trees.
  No muxes found in this module.
Running muxtree optimizer on module $paramod\multiplexer4\WIDTH=s32'00000000000000000000000000100000..
  Creating internal representation of mux trees.
  No muxes found in this module.
Running muxtree optimizer on module $paramod\multiplexer8\WIDTH=s32'00000000000000000000000000100000..
  Creating internal representation of mux trees.
  No muxes found in this module.
Running muxtree optimizer on module \alu..
  Creating internal representation of mux trees.
  Evaluating internal representation of mux trees.
  Analyzing evaluation results.
Running muxtree optimizer on module \alu_control..
  Creating internal representation of mux trees.
  Evaluating internal representation of mux trees.
  Analyzing evaluation results.
Running muxtree optimizer on module \control_transfer..
  Creating internal representation of mux trees.
  Evaluating internal representation of mux trees.
  Analyzing evaluation results.
Running muxtree optimizer on module \data_memory_interface..
  Creating internal representation of mux trees.
  Evaluating internal representation of mux trees.
  Analyzing evaluation results.
Running muxtree optimizer on module \immediate_generator..
  Creating internal representation of mux trees.
  Evaluating internal representation of mux trees.
  Analyzing evaluation results.
Running muxtree optimizer on module \instruction_decoder..
  Creating internal representation of mux trees.
  No muxes found in this module.
Running muxtree optimizer on module \regfile..
  Creating internal representation of mux trees.
  Evaluating internal representation of mux trees.
  Analyzing evaluation results.
Running muxtree optimizer on module \riscv_core..
  Creating internal representation of mux trees.
  No muxes found in this module.
Running muxtree optimizer on module \singlecycle_control..
  Creating internal representation of mux trees.
  Evaluating internal representation of mux trees.
  Analyzing evaluation results.
Running muxtree optimizer on module \singlecycle_ctlpath..
  Creating internal representation of mux trees.
  No muxes found in this module.
Running muxtree optimizer on module \singlecycle_datapath..
  Creating internal representation of mux trees.
  No muxes found in this module.
Removed 0 multiplexer ports.
<suppressed ~191 debug messages>

30.8.18. Executing OPT_REDUCE pass (consolidate $*mux and $reduce_* inputs).
  Optimizing cells in module $paramod$5ef3be0bfad1454aaa6432c4ab405bbd7cbab26b\multiplexer.
  Optimizing cells in module $paramod$6a3d32cf08b5e9a4d56891e3d8781ccd4215c4af\multiplexer.
  Optimizing cells in module $paramod$99da07bf27abaac915a8c95d36d6f2808394e702\multiplexer.
  Optimizing cells in module $paramod$e358a763f16798cd10903dfd37e7986c0fbbe40f\register.
  Optimizing cells in module $paramod\adder\WIDTH=s32'00000000000000000000000000100000.
  Optimizing cells in module $paramod\multiplexer2\WIDTH=s32'00000000000000000000000000100000.
  Optimizing cells in module $paramod\multiplexer4\WIDTH=s32'00000000000000000000000000100000.
  Optimizing cells in module $paramod\multiplexer8\WIDTH=s32'00000000000000000000000000100000.
  Optimizing cells in module \alu.
  Optimizing cells in module \alu_control.
  Optimizing cells in module \control_transfer.
  Optimizing cells in module \data_memory_interface.
  Optimizing cells in module \immediate_generator.
  Optimizing cells in module \instruction_decoder.
  Optimizing cells in module \regfile.
  Optimizing cells in module \riscv_core.
  Optimizing cells in module \singlecycle_control.
  Optimizing cells in module \singlecycle_ctlpath.
  Optimizing cells in module \singlecycle_datapath.
Performed a total of 0 changes.

30.8.19. Executing OPT_MERGE pass (detect identical cells).
Finding identical cells in module `$paramod$5ef3be0bfad1454aaa6432c4ab405bbd7cbab26b\multiplexer'.
Computing hashes of 9 cells of `$paramod$5ef3be0bfad1454aaa6432c4ab405bbd7cbab26b\multiplexer'.
Finding duplicate cells in `$paramod$5ef3be0bfad1454aaa6432c4ab405bbd7cbab26b\multiplexer'.
Finding identical cells in module `$paramod$6a3d32cf08b5e9a4d56891e3d8781ccd4215c4af\multiplexer'.
Computing hashes of 2 cells of `$paramod$6a3d32cf08b5e9a4d56891e3d8781ccd4215c4af\multiplexer'.
Finding duplicate cells in `$paramod$6a3d32cf08b5e9a4d56891e3d8781ccd4215c4af\multiplexer'.
Finding identical cells in module `$paramod$99da07bf27abaac915a8c95d36d6f2808394e702\multiplexer'.
Computing hashes of 5 cells of `$paramod$99da07bf27abaac915a8c95d36d6f2808394e702\multiplexer'.
Finding duplicate cells in `$paramod$99da07bf27abaac915a8c95d36d6f2808394e702\multiplexer'.
Finding identical cells in module `$paramod$e358a763f16798cd10903dfd37e7986c0fbbe40f\register'.
Computing hashes of 1 cells of `$paramod$e358a763f16798cd10903dfd37e7986c0fbbe40f\register'.
Finding duplicate cells in `$paramod$e358a763f16798cd10903dfd37e7986c0fbbe40f\register'.
Finding identical cells in module `$paramod\adder\WIDTH=s32'00000000000000000000000000100000'.
Computing hashes of 1 cells of `$paramod\adder\WIDTH=s32'00000000000000000000000000100000'.
Finding duplicate cells in `$paramod\adder\WIDTH=s32'00000000000000000000000000100000'.
Finding identical cells in module `$paramod\multiplexer2\WIDTH=s32'00000000000000000000000000100000'.
Computing hashes of 1 cells of `$paramod\multiplexer2\WIDTH=s32'00000000000000000000000000100000'.
Finding duplicate cells in `$paramod\multiplexer2\WIDTH=s32'00000000000000000000000000100000'.
Finding identical cells in module `$paramod\multiplexer4\WIDTH=s32'00000000000000000000000000100000'.
Computing hashes of 1 cells of `$paramod\multiplexer4\WIDTH=s32'00000000000000000000000000100000'.
Finding duplicate cells in `$paramod\multiplexer4\WIDTH=s32'00000000000000000000000000100000'.
Finding identical cells in module `$paramod\multiplexer8\WIDTH=s32'00000000000000000000000000100000'.
Computing hashes of 1 cells of `$paramod\multiplexer8\WIDTH=s32'00000000000000000000000000100000'.
Finding duplicate cells in `$paramod\multiplexer8\WIDTH=s32'00000000000000000000000000100000'.
Finding identical cells in module `\alu'.
Computing hashes of 47 cells of `\alu'.
Finding duplicate cells in `\alu'.
Finding identical cells in module `\alu_control'.
Computing hashes of 26 cells of `\alu_control'.
Finding duplicate cells in `\alu_control'.
Finding identical cells in module `\control_transfer'.
Computing hashes of 14 cells of `\control_transfer'.
Finding duplicate cells in `\control_transfer'.
Finding identical cells in module `\data_memory_interface'.
Computing hashes of 13 cells of `\data_memory_interface'.
Finding duplicate cells in `\data_memory_interface'.
Finding identical cells in module `\immediate_generator'.
Computing hashes of 14 cells of `\immediate_generator'.
Finding duplicate cells in `\immediate_generator'.
Finding identical cells in module `\instruction_decoder'.
Computing hashes of 0 cells of `\instruction_decoder'.
Finding duplicate cells in `\instruction_decoder'.
Finding identical cells in module `\regfile'.
Computing hashes of 259 cells of `\regfile'.
Finding duplicate cells in `\regfile'.
Finding identical cells in module `\riscv_core'.
Computing hashes of 5 cells of `\riscv_core'.
Finding duplicate cells in `\riscv_core'.
Finding identical cells in module `\singlecycle_control'.
Computing hashes of 37 cells of `\singlecycle_control'.
Finding duplicate cells in `\singlecycle_control'.
Finding identical cells in module `\singlecycle_ctlpath'.
Computing hashes of 3 cells of `\singlecycle_ctlpath'.
Finding duplicate cells in `\singlecycle_ctlpath'.
Finding identical cells in module `\singlecycle_datapath'.
Computing hashes of 9 cells of `\singlecycle_datapath'.
Finding duplicate cells in `\singlecycle_datapath'.
Removed a total of 0 cells.

30.8.20. Executing OPT_DFF pass (perform DFF optimizations).

30.8.21. Executing OPT_CLEAN pass (remove unused cells and wires).
Finding unused cells or wires in module $paramod$5ef3be0bfad1454aaa6432c4ab405bbd7cbab26b\multiplexer..
Finding unused cells or wires in module $paramod$6a3d32cf08b5e9a4d56891e3d8781ccd4215c4af\multiplexer..
Finding unused cells or wires in module $paramod$99da07bf27abaac915a8c95d36d6f2808394e702\multiplexer..
Finding unused cells or wires in module $paramod$e358a763f16798cd10903dfd37e7986c0fbbe40f\register..
Finding unused cells or wires in module $paramod\adder\WIDTH=s32'00000000000000000000000000100000..
Finding unused cells or wires in module $paramod\multiplexer2\WIDTH=s32'00000000000000000000000000100000..
Finding unused cells or wires in module $paramod\multiplexer4\WIDTH=s32'00000000000000000000000000100000..
Finding unused cells or wires in module $paramod\multiplexer8\WIDTH=s32'00000000000000000000000000100000..
Finding unused cells or wires in module \alu..
Finding unused cells or wires in module \alu_control..
Finding unused cells or wires in module \control_transfer..
Finding unused cells or wires in module \data_memory_interface..
Finding unused cells or wires in module \immediate_generator..
Finding unused cells or wires in module \instruction_decoder..
Finding unused cells or wires in module \regfile..
Finding unused cells or wires in module \riscv_core..
Finding unused cells or wires in module \singlecycle_control..
Finding unused cells or wires in module \singlecycle_ctlpath..
Finding unused cells or wires in module \singlecycle_datapath..

30.8.22. Executing OPT_EXPR pass (perform const folding).
Optimizing module $paramod$5ef3be0bfad1454aaa6432c4ab405bbd7cbab26b\multiplexer.
Optimizing module $paramod$6a3d32cf08b5e9a4d56891e3d8781ccd4215c4af\multiplexer.
Optimizing module $paramod$99da07bf27abaac915a8c95d36d6f2808394e702\multiplexer.
Optimizing module $paramod$e358a763f16798cd10903dfd37e7986c0fbbe40f\register.
Optimizing module $paramod\adder\WIDTH=s32'00000000000000000000000000100000.
Optimizing module $paramod\multiplexer2\WIDTH=s32'00000000000000000000000000100000.
Optimizing module $paramod\multiplexer4\WIDTH=s32'00000000000000000000000000100000.
Optimizing module $paramod\multiplexer8\WIDTH=s32'00000000000000000000000000100000.
Optimizing module alu.
Optimizing module alu_control.
Optimizing module control_transfer.
Optimizing module data_memory_interface.
Optimizing module immediate_generator.
Optimizing module instruction_decoder.
Optimizing module regfile.
Optimizing module riscv_core.
Optimizing module singlecycle_control.
Optimizing module singlecycle_ctlpath.
Optimizing module singlecycle_datapath.

30.8.23. Finished fast OPT passes. (There is nothing left to do.)

30.9. Executing WREDUCE pass (reducing word size of cells).
Removed top 1 bits (of 3) from port B of cell $paramod$5ef3be0bfad1454aaa6432c4ab405bbd7cbab26b\multiplexer.$procmux$1721_CMP0 ($eq).
Removed top 1 bits (of 3) from port B of cell $paramod$5ef3be0bfad1454aaa6432c4ab405bbd7cbab26b\multiplexer.$procmux$1722_CMP0 ($eq).
Removed top 2 bits (of 3) from port B of cell $paramod$5ef3be0bfad1454aaa6432c4ab405bbd7cbab26b\multiplexer.$procmux$1723_CMP0 ($eq).
Removed top 1 bits (of 2) from port B of cell $paramod$99da07bf27abaac915a8c95d36d6f2808394e702\multiplexer.$procmux$1728_CMP0 ($eq).
Removed top 31 bits (of 32) from port B of cell alu.$eq$/workspace/incremental-synthesis/benchmarks/riscv-eco-003-base/core/common/alu.sv:47$16 ($eq).
Removed top 32 bits (of 64) from port A of cell alu.$mul$/workspace/incremental-synthesis/benchmarks/riscv-eco-003-base/core/common/alu.sv:77$30 ($mul).
Removed top 32 bits (of 64) from port B of cell alu.$mul$/workspace/incremental-synthesis/benchmarks/riscv-eco-003-base/core/common/alu.sv:77$30 ($mul).
Removed top 1 bits (of 5) from port B of cell alu.$procmux$1847_CMP0 ($eq).
Removed top 1 bits (of 5) from port B of cell alu.$procmux$1863_CMP0 ($eq).
Removed top 1 bits (of 5) from port B of cell alu.$procmux$1864_CMP0 ($eq).
Removed top 1 bits (of 5) from port B of cell alu.$procmux$1865_CMP0 ($eq).
Removed top 1 bits (of 5) from port B of cell alu.$procmux$1866_CMP0 ($eq).
Removed top 1 bits (of 5) from port B of cell alu.$procmux$1867_CMP0 ($eq).
Removed top 1 bits (of 5) from port B of cell alu.$procmux$1868_CMP0 ($eq).
Removed top 1 bits (of 5) from port B of cell alu.$procmux$1869_CMP0 ($eq).
Removed top 2 bits (of 5) from port B of cell alu.$procmux$1870_CMP0 ($eq).
Removed top 2 bits (of 5) from port B of cell alu.$procmux$1871_CMP0 ($eq).
Removed top 2 bits (of 5) from port B of cell alu.$procmux$1872_CMP0 ($eq).
Removed top 2 bits (of 5) from port B of cell alu.$procmux$1873_CMP0 ($eq).
Removed top 3 bits (of 5) from port B of cell alu.$procmux$1874_CMP0 ($eq).
Removed top 3 bits (of 5) from port B of cell alu.$procmux$1875_CMP0 ($eq).
Removed top 4 bits (of 5) from port B of cell alu.$procmux$1876_CMP0 ($eq).
Removed top 29 address bits (of 32) from memory init port alu_control.$auto$mem.cc:351:emit$160 ($auto$proc_rom.cc:155:do_switch$158).
Removed top 29 address bits (of 32) from memory init port alu_control.$auto$mem.cc:351:emit$156 ($auto$proc_rom.cc:155:do_switch$154).
Removed top 1 bits (of 2) from port B of cell alu_control.$eq$/workspace/incremental-synthesis/benchmarks/riscv-eco-003-base/core/common/alu_control.sv:43$35 ($eq).
Removed top 2 bits (of 3) from port B of cell alu_control.$procmux$1779_CMP0 ($eq).
Removed top 1 bits (of 3) from port B of cell alu_control.$procmux$1801_CMP0 ($eq).
Removed top 1 bits (of 3) from port B of cell alu_control.$procmux$1802_CMP0 ($eq).
Removed top 2 bits (of 3) from port B of cell alu_control.$procmux$1803_CMP0 ($eq).
Removed top 1 bits (of 2) from mux cell control_transfer.$ternary$/workspace/incremental-synthesis/benchmarks/riscv-eco-003-base/core/common/control_transfer.sv:23$42 ($mux).
Removed top 1 bits (of 2) from mux cell control_transfer.$ternary$/workspace/incremental-synthesis/benchmarks/riscv-eco-003-base/core/common/control_transfer.sv:24$43 ($mux).
Removed top 2 bits (of 3) from port B of cell control_transfer.$procmux$1765_CMP0 ($eq).
Removed top 1 bits (of 2) from wire control_transfer.$ternary$/workspace/incremental-synthesis/benchmarks/riscv-eco-003-base/core/common/control_transfer.sv:23$42_Y.
Removed top 1 bits (of 2) from wire control_transfer.$ternary$/workspace/incremental-synthesis/benchmarks/riscv-eco-003-base/core/common/control_transfer.sv:24$43_Y.
Removed top 27 bits (of 32) from port B of cell data_memory_interface.$shl$/workspace/incremental-synthesis/benchmarks/riscv-eco-003-base/core/common/data_memory_interface.sv:32$49 ($shl).
Removed top 3 bits (of 4) from port A of cell data_memory_interface.$shl$/workspace/incremental-synthesis/benchmarks/riscv-eco-003-base/core/common/data_memory_interface.sv:38$51 ($shl).
Removed top 2 bits (of 4) from port A of cell data_memory_interface.$shl$/workspace/incremental-synthesis/benchmarks/riscv-eco-003-base/core/common/data_memory_interface.sv:39$52 ($shl).
Removed top 27 bits (of 32) from port B of cell data_memory_interface.$shr$/workspace/incremental-synthesis/benchmarks/riscv-eco-003-base/core/common/data_memory_interface.sv:47$56 ($shr).
Removed top 1 bits (of 2) from port B of cell data_memory_interface.$procmux$1736_CMP0 ($eq).
Removed top 2 bits (of 7) from port B of cell immediate_generator.$procmux$1712_CMP0 ($eq).
Removed top 1 bits (of 7) from port B of cell immediate_generator.$procmux$1712_CMP1 ($eq).
Removed top 1 bits (of 7) from port B of cell immediate_generator.$procmux$1714_CMP0 ($eq).
Removed top 1 bits (of 7) from port B of cell immediate_generator.$procmux$1714_CMP1 ($eq).
Removed top 5 bits (of 7) from port B of cell immediate_generator.$procmux$1715_CMP0 ($eq).
Removed top 4 bits (of 7) from port B of cell immediate_generator.$procmux$1715_CMP1 ($eq).
Removed top 2 bits (of 7) from port B of cell immediate_generator.$procmux$1715_CMP2 ($eq).
Removed top 1 bits (of 5) from port B of cell regfile.$procmux$310_CMP0 ($eq).
Removed top 1 bits (of 5) from port B of cell regfile.$procmux$311_CMP0 ($eq).
Removed top 1 bits (of 5) from port B of cell regfile.$procmux$312_CMP0 ($eq).
Removed top 1 bits (of 5) from port B of cell regfile.$procmux$313_CMP0 ($eq).
Removed top 1 bits (of 5) from port B of cell regfile.$procmux$314_CMP0 ($eq).
Removed top 1 bits (of 5) from port B of cell regfile.$procmux$315_CMP0 ($eq).
Removed top 1 bits (of 5) from port B of cell regfile.$procmux$316_CMP0 ($eq).
Removed top 1 bits (of 5) from port B of cell regfile.$procmux$317_CMP0 ($eq).
Removed top 2 bits (of 5) from port B of cell regfile.$procmux$318_CMP0 ($eq).
Removed top 2 bits (of 5) from port B of cell regfile.$procmux$319_CMP0 ($eq).
Removed top 2 bits (of 5) from port B of cell regfile.$procmux$320_CMP0 ($eq).
Removed top 2 bits (of 5) from port B of cell regfile.$procmux$321_CMP0 ($eq).
Removed top 3 bits (of 5) from port B of cell regfile.$procmux$322_CMP0 ($eq).
Removed top 3 bits (of 5) from port B of cell regfile.$procmux$323_CMP0 ($eq).
Removed top 4 bits (of 5) from port B of cell regfile.$procmux$324_CMP0 ($eq).
Removed top 1 bits (of 5) from port B of cell regfile.$procmux$343_CMP0 ($eq).
Removed top 1 bits (of 5) from port B of cell regfile.$procmux$344_CMP0 ($eq).
Removed top 1 bits (of 5) from port B of cell regfile.$procmux$345_CMP0 ($eq).
Removed top 1 bits (of 5) from port B of cell regfile.$procmux$346_CMP0 ($eq).
Removed top 1 bits (of 5) from port B of cell regfile.$procmux$347_CMP0 ($eq).
Removed top 1 bits (of 5) from port B of cell regfile.$procmux$348_CMP0 ($eq).
Removed top 1 bits (of 5) from port B of cell regfile.$procmux$349_CMP0 ($eq).
Removed top 1 bits (of 5) from port B of cell regfile.$procmux$350_CMP0 ($eq).
Removed top 2 bits (of 5) from port B of cell regfile.$procmux$351_CMP0 ($eq).
Removed top 2 bits (of 5) from port B of cell regfile.$procmux$352_CMP0 ($eq).
Removed top 2 bits (of 5) from port B of cell regfile.$procmux$353_CMP0 ($eq).
Removed top 2 bits (of 5) from port B of cell regfile.$procmux$354_CMP0 ($eq).
Removed top 3 bits (of 5) from port B of cell regfile.$procmux$355_CMP0 ($eq).
Removed top 3 bits (of 5) from port B of cell regfile.$procmux$356_CMP0 ($eq).
Removed top 4 bits (of 5) from port B of cell regfile.$procmux$357_CMP0 ($eq).
Removed top 1 bits (of 5) from port B of cell regfile.$procmux$813_CMP0 ($eq).
Removed top 1 bits (of 5) from port B of cell regfile.$procmux$856_CMP0 ($eq).
Removed top 1 bits (of 5) from port B of cell regfile.$procmux$901_CMP0 ($eq).
Removed top 1 bits (of 5) from port B of cell regfile.$procmux$948_CMP0 ($eq).
Removed top 1 bits (of 5) from port B of cell regfile.$procmux$1020_CMP0 ($eq).
Removed top 1 bits (of 5) from port B of cell regfile.$procmux$1048_CMP0 ($eq).
Removed top 1 bits (of 5) from port B of cell regfile.$procmux$1101_CMP0 ($eq).
Removed top 1 bits (of 5) from port B of cell regfile.$procmux$1156_CMP0 ($eq).
Removed top 2 bits (of 5) from port B of cell regfile.$procmux$1213_CMP0 ($eq).
Removed top 2 bits (of 5) from port B of cell regfile.$procmux$1272_CMP0 ($eq).
Removed top 2 bits (of 5) from port B of cell regfile.$procmux$1333_CMP0 ($eq).
Removed top 2 bits (of 5) from port B of cell regfile.$procmux$1396_CMP0 ($eq).
Removed top 3 bits (of 5) from port B of cell regfile.$procmux$1461_CMP0 ($eq).
Removed top 3 bits (of 5) from port B of cell regfile.$procmux$1528_CMP0 ($eq).
Removed top 4 bits (of 5) from port B of cell regfile.$procmux$1597_CMP0 ($eq).
Removed top 1 bits (of 7) from port B of cell singlecycle_control.$procmux$166_CMP0 ($eq).
Removed top 1 bits (of 7) from port B of cell singlecycle_control.$procmux$167_CMP0 ($eq).
Removed top 1 bits (of 7) from port B of cell singlecycle_control.$procmux$168_CMP0 ($eq).
Removed top 2 bits (of 7) from port B of cell singlecycle_control.$procmux$169_CMP0 ($eq).
Removed top 2 bits (of 7) from port B of cell singlecycle_control.$procmux$170_CMP0 ($eq).
Removed top 3 bits (of 7) from port B of cell singlecycle_control.$procmux$171_CMP0 ($eq).
Removed top 5 bits (of 7) from port B of cell singlecycle_control.$procmux$172_CMP0 ($eq).

30.10. Executing PEEPOPT pass (run peephole optimizers).

30.11. Executing OPT_CLEAN pass (remove unused cells and wires).
Finding unused cells or wires in module $paramod$5ef3be0bfad1454aaa6432c4ab405bbd7cbab26b\multiplexer..
Finding unused cells or wires in module $paramod$6a3d32cf08b5e9a4d56891e3d8781ccd4215c4af\multiplexer..
Finding unused cells or wires in module $paramod$99da07bf27abaac915a8c95d36d6f2808394e702\multiplexer..
Finding unused cells or wires in module $paramod$e358a763f16798cd10903dfd37e7986c0fbbe40f\register..
Finding unused cells or wires in module $paramod\adder\WIDTH=s32'00000000000000000000000000100000..
Finding unused cells or wires in module $paramod\multiplexer2\WIDTH=s32'00000000000000000000000000100000..
Finding unused cells or wires in module $paramod\multiplexer4\WIDTH=s32'00000000000000000000000000100000..
Finding unused cells or wires in module $paramod\multiplexer8\WIDTH=s32'00000000000000000000000000100000..
Finding unused cells or wires in module \alu..
Finding unused cells or wires in module \alu_control..
Finding unused cells or wires in module \control_transfer..
Finding unused cells or wires in module \data_memory_interface..
Finding unused cells or wires in module \immediate_generator..
Finding unused cells or wires in module \instruction_decoder..
Finding unused cells or wires in module \regfile..
Finding unused cells or wires in module \riscv_core..
Finding unused cells or wires in module \singlecycle_control..
Finding unused cells or wires in module \singlecycle_ctlpath..
Finding unused cells or wires in module \singlecycle_datapath..
Removed 0 unused cells and 2 unused wires.
<suppressed ~1 debug messages>

30.12. Executing ALUMACC pass (create $alu and $macc cells).
Extracting $alu and $macc cells in module $paramod$5ef3be0bfad1454aaa6432c4ab405bbd7cbab26b\multiplexer:
  created 0 $alu and 0 $macc cells.
Extracting $alu and $macc cells in module $paramod$6a3d32cf08b5e9a4d56891e3d8781ccd4215c4af\multiplexer:
  created 0 $alu and 0 $macc cells.
Extracting $alu and $macc cells in module $paramod$99da07bf27abaac915a8c95d36d6f2808394e702\multiplexer:
  created 0 $alu and 0 $macc cells.
Extracting $alu and $macc cells in module $paramod$e358a763f16798cd10903dfd37e7986c0fbbe40f\register:
  created 0 $alu and 0 $macc cells.
Extracting $alu and $macc cells in module $paramod\adder\WIDTH=s32'00000000000000000000000000100000:
  creating $macc model for $add$/workspace/incremental-synthesis/benchmarks/riscv-eco-003-base/core/common/adder.sv:17$152 ($add).
  creating $alu model for $macc $add$/workspace/incremental-synthesis/benchmarks/riscv-eco-003-base/core/common/adder.sv:17$152.
  creating $alu cell for $add$/workspace/incremental-synthesis/benchmarks/riscv-eco-003-base/core/common/adder.sv:17$152: $auto$alumacc.cc:512:replace_alu$2198
  created 1 $alu and 0 $macc cells.
Extracting $alu and $macc cells in module $paramod\multiplexer2\WIDTH=s32'00000000000000000000000000100000:
  created 0 $alu and 0 $macc cells.
Extracting $alu and $macc cells in module $paramod\multiplexer4\WIDTH=s32'00000000000000000000000000100000:
  created 0 $alu and 0 $macc cells.
Extracting $alu and $macc cells in module $paramod\multiplexer8\WIDTH=s32'00000000000000000000000000100000:
  created 0 $alu and 0 $macc cells.
Extracting $alu and $macc cells in module alu:
  creating $macc model for $mul$/workspace/incremental-synthesis/benchmarks/riscv-eco-003-base/core/common/alu.sv:76$29 ($mul).
  creating $macc model for $mul$/workspace/incremental-synthesis/benchmarks/riscv-eco-003-base/core/common/alu.sv:77$30 ($mul).
  creating $macc model for $add$/workspace/incremental-synthesis/benchmarks/riscv-eco-003-base/core/common/alu.sv:29$4 ($add).
  creating $macc model for $sub$/workspace/incremental-synthesis/benchmarks/riscv-eco-003-base/core/common/alu.sv:30$5 ($sub).
  creating $alu model for $macc $sub$/workspace/incremental-synthesis/benchmarks/riscv-eco-003-base/core/common/alu.sv:30$5.
  creating $alu model for $macc $add$/workspace/incremental-synthesis/benchmarks/riscv-eco-003-base/core/common/alu.sv:29$4.
  creating $macc cell for $mul$/workspace/incremental-synthesis/benchmarks/riscv-eco-003-base/core/common/alu.sv:77$30: $auto$alumacc.cc:382:replace_macc$2201
  creating $macc cell for $mul$/workspace/incremental-synthesis/benchmarks/riscv-eco-003-base/core/common/alu.sv:76$29: $auto$alumacc.cc:382:replace_macc$2202
  creating $alu model for $lt$/workspace/incremental-synthesis/benchmarks/riscv-eco-003-base/core/common/alu.sv:34$9 ($lt): merged with $sub$/workspace/incremental-synthesis/benchmarks/riscv-eco-003-base/core/common/alu.sv:30$5.
  creating $alu model for $lt$/workspace/incremental-synthesis/benchmarks/riscv-eco-003-base/core/common/alu.sv:35$10 ($lt): merged with $sub$/workspace/incremental-synthesis/benchmarks/riscv-eco-003-base/core/common/alu.sv:30$5.
  creating $alu cell for $add$/workspace/incremental-synthesis/benchmarks/riscv-eco-003-base/core/common/alu.sv:29$4: $auto$alumacc.cc:512:replace_alu$2203
  creating $alu cell for $sub$/workspace/incremental-synthesis/benchmarks/riscv-eco-003-base/core/common/alu.sv:30$5, $lt$/workspace/incremental-synthesis/benchmarks/riscv-eco-003-base/core/common/alu.sv:34$9, $lt$/workspace/incremental-synthesis/benchmarks/riscv-eco-003-base/core/common/alu.sv:35$10: $auto$alumacc.cc:512:replace_alu$2206
  created 2 $alu and 2 $macc cells.
Extracting $alu and $macc cells in module alu_control:
  created 0 $alu and 0 $macc cells.
Extracting $alu and $macc cells in module control_transfer:
  created 0 $alu and 0 $macc cells.
Extracting $alu and $macc cells in module data_memory_interface:
  created 0 $alu and 0 $macc cells.
Extracting $alu and $macc cells in module immediate_generator:
  created 0 $alu and 0 $macc cells.
Extracting $alu and $macc cells in module instruction_decoder:
  created 0 $alu and 0 $macc cells.
Extracting $alu and $macc cells in module regfile:
  created 0 $alu and 0 $macc cells.
Extracting $alu and $macc cells in module riscv_core:
  created 0 $alu and 0 $macc cells.
Extracting $alu and $macc cells in module singlecycle_control:
  created 0 $alu and 0 $macc cells.
Extracting $alu and $macc cells in module singlecycle_ctlpath:
  created 0 $alu and 0 $macc cells.
Extracting $alu and $macc cells in module singlecycle_datapath:
  created 0 $alu and 0 $macc cells.

30.13. Executing SHARE pass (SAT-based resource sharing).
Found 7 cells in module alu that may be considered for resource sharing.
  Analyzing resource sharing options for $sshr$/workspace/incremental-synthesis/benchmarks/riscv-eco-003-base/core/common/alu.sv:33$8 ($sshr):
    Found 1 activation_patterns using ctrl signal $procmux$1872_CMP.
    No candidates found.
  Analyzing resource sharing options for $shr$/workspace/incremental-synthesis/benchmarks/riscv-eco-003-base/core/common/alu.sv:32$7 ($shr):
    Found 1 activation_patterns using ctrl signal $procmux$1873_CMP.
    No candidates found.
  Analyzing resource sharing options for $shl$/workspace/incremental-synthesis/benchmarks/riscv-eco-003-base/core/common/alu.sv:31$6 ($shl):
    Found 1 activation_patterns using ctrl signal $procmux$1874_CMP.
    No candidates found.
  Analyzing resource sharing options for $div$/workspace/incremental-synthesis/benchmarks/riscv-eco-003-base/core/common/alu.sv:55$20 ($div):
    Found 1 activation_patterns using ctrl signal { $procmux$1835_CMP $eq$/workspace/incremental-synthesis/benchmarks/riscv-eco-003-base/core/common/alu.sv:45$14_Y }.
    Found 1 candidates: $div$/workspace/incremental-synthesis/benchmarks/riscv-eco-003-base/core/common/alu.sv:50$18
    Analyzing resource sharing with $div$/workspace/incremental-synthesis/benchmarks/riscv-eco-003-base/core/common/alu.sv:50$18 ($div):
      Found 1 activation_patterns using ctrl signal { $procmux$1847_CMP $logic_and$/workspace/incremental-synthesis/benchmarks/riscv-eco-003-base/core/common/alu.sv:47$17_Y $eq$/workspace/incremental-synthesis/benchmarks/riscv-eco-003-base/core/common/alu.sv:45$14_Y }.
      Activation pattern for cell $div$/workspace/incremental-synthesis/benchmarks/riscv-eco-003-base/core/common/alu.sv:55$20: { $procmux$1835_CMP $eq$/workspace/incremental-synthesis/benchmarks/riscv-eco-003-base/core/common/alu.sv:45$14_Y } = 2'10
      Activation pattern for cell $div$/workspace/incremental-synthesis/benchmarks/riscv-eco-003-base/core/common/alu.sv:50$18: { $procmux$1847_CMP $logic_and$/workspace/incremental-synthesis/benchmarks/riscv-eco-003-base/core/common/alu.sv:47$17_Y $eq$/workspace/incremental-synthesis/benchmarks/riscv-eco-003-base/core/common/alu.sv:45$14_Y } = 3'100
      Size of SAT problem: 6 cells, 268 variables, 680 clauses
      According to the SAT solver this pair of cells can be shared.
      Activation signal for $div$/workspace/incremental-synthesis/benchmarks/riscv-eco-003-base/core/common/alu.sv:55$20: $auto$share.cc:1062:make_cell_activation_logic$2215
      New cell: $auto$share.cc:663:make_supercell$2222 ($div)
  Analyzing resource sharing options for $auto$share.cc:663:make_supercell$2222 ($div):
    Found 2 activation_patterns using ctrl signal { $procmux$1847_CMP $procmux$1835_CMP $logic_and$/workspace/incremental-synthesis/benchmarks/riscv-eco-003-base/core/common/alu.sv:47$17_Y $eq$/workspace/incremental-synthesis/benchmarks/riscv-eco-003-base/core/common/alu.sv:45$14_Y }.
    No candidates found.
  Analyzing resource sharing options for $mod$/workspace/incremental-synthesis/benchmarks/riscv-eco-003-base/core/common/alu.sv:67$27 ($mod):
    Found 1 activation_patterns using ctrl signal { $procmux$1810_CMP $eq$/workspace/incremental-synthesis/benchmarks/riscv-eco-003-base/core/common/alu.sv:45$14_Y }.
    Found 1 candidates: $mod$/workspace/incremental-synthesis/benchmarks/riscv-eco-003-base/core/common/alu.sv:62$25
    Analyzing resource sharing with $mod$/workspace/incremental-synthesis/benchmarks/riscv-eco-003-base/core/common/alu.sv:62$25 ($mod):
      Found 1 activation_patterns using ctrl signal { $procmux$1820_CMP $logic_and$/workspace/incremental-synthesis/benchmarks/riscv-eco-003-base/core/common/alu.sv:47$17_Y $eq$/workspace/incremental-synthesis/benchmarks/riscv-eco-003-base/core/common/alu.sv:45$14_Y }.
      Activation pattern for cell $mod$/workspace/incremental-synthesis/benchmarks/riscv-eco-003-base/core/common/alu.sv:67$27: { $procmux$1810_CMP $eq$/workspace/incremental-synthesis/benchmarks/riscv-eco-003-base/core/common/alu.sv:45$14_Y } = 2'10
      Activation pattern for cell $mod$/workspace/incremental-synthesis/benchmarks/riscv-eco-003-base/core/common/alu.sv:62$25: { $procmux$1820_CMP $logic_and$/workspace/incremental-synthesis/benchmarks/riscv-eco-003-base/core/common/alu.sv:47$17_Y $eq$/workspace/incremental-synthesis/benchmarks/riscv-eco-003-base/core/common/alu.sv:45$14_Y } = 3'100
      Size of SAT problem: 6 cells, 262 variables, 662 clauses
      According to the SAT solver this pair of cells can be shared.
      Activation signal for $mod$/workspace/incremental-synthesis/benchmarks/riscv-eco-003-base/core/common/alu.sv:67$27: $auto$share.cc:1062:make_cell_activation_logic$2225
      New cell: $auto$share.cc:663:make_supercell$2232 ($mod)
  Analyzing resource sharing options for $auto$share.cc:663:make_supercell$2232 ($mod):
    Found 2 activation_patterns using ctrl signal { $procmux$1820_CMP $procmux$1810_CMP $logic_and$/workspace/incremental-synthesis/benchmarks/riscv-eco-003-base/core/common/alu.sv:47$17_Y $eq$/workspace/incremental-synthesis/benchmarks/riscv-eco-003-base/core/common/alu.sv:45$14_Y }.
    No candidates found.
Removing 4 cells in module alu:
  Removing cell $mod$/workspace/incremental-synthesis/benchmarks/riscv-eco-003-base/core/common/alu.sv:62$25 ($mod).
  Removing cell $mod$/workspace/incremental-synthesis/benchmarks/riscv-eco-003-base/core/common/alu.sv:67$27 ($mod).
  Removing cell $div$/workspace/incremental-synthesis/benchmarks/riscv-eco-003-base/core/common/alu.sv:50$18 ($div).
  Removing cell $div$/workspace/incremental-synthesis/benchmarks/riscv-eco-003-base/core/common/alu.sv:55$20 ($div).
Found 2 cells in module alu_control that may be considered for resource sharing.
  Analyzing resource sharing options for $auto$mem.cc:305:emit$159 ($memrd_v2):
    Found 2 activation_patterns using ctrl signal { $procmux$1802_CMP $procmux$1801_CMP $logic_and$/workspace/incremental-synthesis/benchmarks/riscv-eco-003-base/core/common/alu_control.sv:43$36_Y \inst_funct7 [5] \inst_funct7 [0] }.
    No candidates found.
  Analyzing resource sharing options for $auto$mem.cc:305:emit$155 ($memrd_v2):
    Found 1 activation_patterns using ctrl signal { $procmux$1802_CMP \inst_funct7 [5] \inst_funct7 [0] }.
    No candidates found.

30.14. Executing OPT pass (performing simple optimizations).

30.14.1. Executing OPT_EXPR pass (perform const folding).
Optimizing module $paramod$5ef3be0bfad1454aaa6432c4ab405bbd7cbab26b\multiplexer.
Optimizing module $paramod$6a3d32cf08b5e9a4d56891e3d8781ccd4215c4af\multiplexer.
Optimizing module $paramod$99da07bf27abaac915a8c95d36d6f2808394e702\multiplexer.
Optimizing module $paramod$e358a763f16798cd10903dfd37e7986c0fbbe40f\register.
Optimizing module $paramod\adder\WIDTH=s32'00000000000000000000000000100000.
Optimizing module $paramod\multiplexer2\WIDTH=s32'00000000000000000000000000100000.
Optimizing module $paramod\multiplexer4\WIDTH=s32'00000000000000000000000000100000.
Optimizing module $paramod\multiplexer8\WIDTH=s32'00000000000000000000000000100000.
Optimizing module alu.
Optimizing module alu_control.
Optimizing module control_transfer.
Optimizing module data_memory_interface.
Optimizing module immediate_generator.
Optimizing module instruction_decoder.
Optimizing module regfile.
Optimizing module riscv_core.
Optimizing module singlecycle_control.
Optimizing module singlecycle_ctlpath.
Optimizing module singlecycle_datapath.

30.14.2. Executing OPT_MERGE pass (detect identical cells).
Finding identical cells in module `$paramod$5ef3be0bfad1454aaa6432c4ab405bbd7cbab26b\multiplexer'.
Computing hashes of 9 cells of `$paramod$5ef3be0bfad1454aaa6432c4ab405bbd7cbab26b\multiplexer'.
Finding duplicate cells in `$paramod$5ef3be0bfad1454aaa6432c4ab405bbd7cbab26b\multiplexer'.
Finding identical cells in module `$paramod$6a3d32cf08b5e9a4d56891e3d8781ccd4215c4af\multiplexer'.
Computing hashes of 2 cells of `$paramod$6a3d32cf08b5e9a4d56891e3d8781ccd4215c4af\multiplexer'.
Finding duplicate cells in `$paramod$6a3d32cf08b5e9a4d56891e3d8781ccd4215c4af\multiplexer'.
Finding identical cells in module `$paramod$99da07bf27abaac915a8c95d36d6f2808394e702\multiplexer'.
Computing hashes of 5 cells of `$paramod$99da07bf27abaac915a8c95d36d6f2808394e702\multiplexer'.
Finding duplicate cells in `$paramod$99da07bf27abaac915a8c95d36d6f2808394e702\multiplexer'.
Finding identical cells in module `$paramod$e358a763f16798cd10903dfd37e7986c0fbbe40f\register'.
Computing hashes of 1 cells of `$paramod$e358a763f16798cd10903dfd37e7986c0fbbe40f\register'.
Finding duplicate cells in `$paramod$e358a763f16798cd10903dfd37e7986c0fbbe40f\register'.
Finding identical cells in module `$paramod\adder\WIDTH=s32'00000000000000000000000000100000'.
Computing hashes of 1 cells of `$paramod\adder\WIDTH=s32'00000000000000000000000000100000'.
Finding duplicate cells in `$paramod\adder\WIDTH=s32'00000000000000000000000000100000'.
Finding identical cells in module `$paramod\multiplexer2\WIDTH=s32'00000000000000000000000000100000'.
Computing hashes of 1 cells of `$paramod\multiplexer2\WIDTH=s32'00000000000000000000000000100000'.
Finding duplicate cells in `$paramod\multiplexer2\WIDTH=s32'00000000000000000000000000100000'.
Finding identical cells in module `$paramod\multiplexer4\WIDTH=s32'00000000000000000000000000100000'.
Computing hashes of 1 cells of `$paramod\multiplexer4\WIDTH=s32'00000000000000000000000000100000'.
Finding duplicate cells in `$paramod\multiplexer4\WIDTH=s32'00000000000000000000000000100000'.
Finding identical cells in module `$paramod\multiplexer8\WIDTH=s32'00000000000000000000000000100000'.
Computing hashes of 1 cells of `$paramod\multiplexer8\WIDTH=s32'00000000000000000000000000100000'.
Finding duplicate cells in `$paramod\multiplexer8\WIDTH=s32'00000000000000000000000000100000'.
Finding identical cells in module `\alu'.
Computing hashes of 56 cells of `\alu'.
Finding duplicate cells in `\alu'.
Computing hashes of 54 cells of `\alu'.
Finding duplicate cells in `\alu'.
<suppressed ~6 debug messages>
Finding identical cells in module `\alu_control'.
Computing hashes of 26 cells of `\alu_control'.
Finding duplicate cells in `\alu_control'.
Finding identical cells in module `\control_transfer'.
Computing hashes of 14 cells of `\control_transfer'.
Finding duplicate cells in `\control_transfer'.
Finding identical cells in module `\data_memory_interface'.
Computing hashes of 13 cells of `\data_memory_interface'.
Finding duplicate cells in `\data_memory_interface'.
Finding identical cells in module `\immediate_generator'.
Computing hashes of 14 cells of `\immediate_generator'.
Finding duplicate cells in `\immediate_generator'.
Finding identical cells in module `\instruction_decoder'.
Computing hashes of 0 cells of `\instruction_decoder'.
Finding duplicate cells in `\instruction_decoder'.
Finding identical cells in module `\regfile'.
Computing hashes of 259 cells of `\regfile'.
Finding duplicate cells in `\regfile'.
Finding identical cells in module `\riscv_core'.
Computing hashes of 5 cells of `\riscv_core'.
Finding duplicate cells in `\riscv_core'.
Finding identical cells in module `\singlecycle_control'.
Computing hashes of 37 cells of `\singlecycle_control'.
Finding duplicate cells in `\singlecycle_control'.
Finding identical cells in module `\singlecycle_ctlpath'.
Computing hashes of 3 cells of `\singlecycle_ctlpath'.
Finding duplicate cells in `\singlecycle_ctlpath'.
Finding identical cells in module `\singlecycle_datapath'.
Computing hashes of 9 cells of `\singlecycle_datapath'.
Finding duplicate cells in `\singlecycle_datapath'.
Removed a total of 2 cells.

30.14.3. Executing OPT_MUXTREE pass (detect dead branches in mux trees).
Running muxtree optimizer on module $paramod$5ef3be0bfad1454aaa6432c4ab405bbd7cbab26b\multiplexer..
  Creating internal representation of mux trees.
  Evaluating internal representation of mux trees.
  Analyzing evaluation results.
Running muxtree optimizer on module $paramod$6a3d32cf08b5e9a4d56891e3d8781ccd4215c4af\multiplexer..
  Creating internal representation of mux trees.
  Evaluating internal representation of mux trees.
  Analyzing evaluation results.
Running muxtree optimizer on module $paramod$99da07bf27abaac915a8c95d36d6f2808394e702\multiplexer..
  Creating internal representation of mux trees.
  Evaluating internal representation of mux trees.
  Analyzing evaluation results.
Running muxtree optimizer on module $paramod$e358a763f16798cd10903dfd37e7986c0fbbe40f\register..
  Creating internal representation of mux trees.
  No muxes found in this module.
Running muxtree optimizer on module $paramod\adder\WIDTH=s32'00000000000000000000000000100000..
  Creating internal representation of mux trees.
  No muxes found in this module.
Running muxtree optimizer on module $paramod\multiplexer2\WIDTH=s32'00000000000000000000000000100000..
  Creating internal representation of mux trees.
  No muxes found in this module.
Running muxtree optimizer on module $paramod\multiplexer4\WIDTH=s32'00000000000000000000000000100000..
  Creating internal representation of mux trees.
  No muxes found in this module.
Running muxtree optimizer on module $paramod\multiplexer8\WIDTH=s32'00000000000000000000000000100000..
  Creating internal representation of mux trees.
  No muxes found in this module.
Running muxtree optimizer on module \alu..
  Creating internal representation of mux trees.
  Evaluating internal representation of mux trees.
  Analyzing evaluation results.
Running muxtree optimizer on module \alu_control..
  Creating internal representation of mux trees.
  Evaluating internal representation of mux trees.
  Analyzing evaluation results.
Running muxtree optimizer on module \control_transfer..
  Creating internal representation of mux trees.
  Evaluating internal representation of mux trees.
  Analyzing evaluation results.
Running muxtree optimizer on module \data_memory_interface..
  Creating internal representation of mux trees.
  Evaluating internal representation of mux trees.
  Analyzing evaluation results.
Running muxtree optimizer on module \immediate_generator..
  Creating internal representation of mux trees.
  Evaluating internal representation of mux trees.
  Analyzing evaluation results.
Running muxtree optimizer on module \instruction_decoder..
  Creating internal representation of mux trees.
  No muxes found in this module.
Running muxtree optimizer on module \regfile..
  Creating internal representation of mux trees.
  Evaluating internal representation of mux trees.
  Analyzing evaluation results.
Running muxtree optimizer on module \riscv_core..
  Creating internal representation of mux trees.
  No muxes found in this module.
Running muxtree optimizer on module \singlecycle_control..
  Creating internal representation of mux trees.
  Evaluating internal representation of mux trees.
  Analyzing evaluation results.
Running muxtree optimizer on module \singlecycle_ctlpath..
  Creating internal representation of mux trees.
  No muxes found in this module.
Running muxtree optimizer on module \singlecycle_datapath..
  Creating internal representation of mux trees.
  No muxes found in this module.
Removed 0 multiplexer ports.
<suppressed ~199 debug messages>

30.14.4. Executing OPT_REDUCE pass (consolidate $*mux and $reduce_* inputs).
  Optimizing cells in module $paramod$5ef3be0bfad1454aaa6432c4ab405bbd7cbab26b\multiplexer.
  Optimizing cells in module $paramod$6a3d32cf08b5e9a4d56891e3d8781ccd4215c4af\multiplexer.
  Optimizing cells in module $paramod$99da07bf27abaac915a8c95d36d6f2808394e702\multiplexer.
  Optimizing cells in module $paramod$e358a763f16798cd10903dfd37e7986c0fbbe40f\register.
  Optimizing cells in module $paramod\adder\WIDTH=s32'00000000000000000000000000100000.
  Optimizing cells in module $paramod\multiplexer2\WIDTH=s32'00000000000000000000000000100000.
  Optimizing cells in module $paramod\multiplexer4\WIDTH=s32'00000000000000000000000000100000.
  Optimizing cells in module $paramod\multiplexer8\WIDTH=s32'00000000000000000000000000100000.
  Optimizing cells in module \alu.
  Optimizing cells in module \alu_control.
  Optimizing cells in module \control_transfer.
  Optimizing cells in module \data_memory_interface.
  Optimizing cells in module \immediate_generator.
  Optimizing cells in module \instruction_decoder.
  Optimizing cells in module \regfile.
  Optimizing cells in module \riscv_core.
  Optimizing cells in module \singlecycle_control.
  Optimizing cells in module \singlecycle_ctlpath.
  Optimizing cells in module \singlecycle_datapath.
Performed a total of 0 changes.

30.14.5. Executing OPT_MERGE pass (detect identical cells).
Finding identical cells in module `$paramod$5ef3be0bfad1454aaa6432c4ab405bbd7cbab26b\multiplexer'.
Computing hashes of 9 cells of `$paramod$5ef3be0bfad1454aaa6432c4ab405bbd7cbab26b\multiplexer'.
Finding duplicate cells in `$paramod$5ef3be0bfad1454aaa6432c4ab405bbd7cbab26b\multiplexer'.
Finding identical cells in module `$paramod$6a3d32cf08b5e9a4d56891e3d8781ccd4215c4af\multiplexer'.
Computing hashes of 2 cells of `$paramod$6a3d32cf08b5e9a4d56891e3d8781ccd4215c4af\multiplexer'.
Finding duplicate cells in `$paramod$6a3d32cf08b5e9a4d56891e3d8781ccd4215c4af\multiplexer'.
Finding identical cells in module `$paramod$99da07bf27abaac915a8c95d36d6f2808394e702\multiplexer'.
Computing hashes of 5 cells of `$paramod$99da07bf27abaac915a8c95d36d6f2808394e702\multiplexer'.
Finding duplicate cells in `$paramod$99da07bf27abaac915a8c95d36d6f2808394e702\multiplexer'.
Finding identical cells in module `$paramod$e358a763f16798cd10903dfd37e7986c0fbbe40f\register'.
Computing hashes of 1 cells of `$paramod$e358a763f16798cd10903dfd37e7986c0fbbe40f\register'.
Finding duplicate cells in `$paramod$e358a763f16798cd10903dfd37e7986c0fbbe40f\register'.
Finding identical cells in module `$paramod\adder\WIDTH=s32'00000000000000000000000000100000'.
Computing hashes of 1 cells of `$paramod\adder\WIDTH=s32'00000000000000000000000000100000'.
Finding duplicate cells in `$paramod\adder\WIDTH=s32'00000000000000000000000000100000'.
Finding identical cells in module `$paramod\multiplexer2\WIDTH=s32'00000000000000000000000000100000'.
Computing hashes of 1 cells of `$paramod\multiplexer2\WIDTH=s32'00000000000000000000000000100000'.
Finding duplicate cells in `$paramod\multiplexer2\WIDTH=s32'00000000000000000000000000100000'.
Finding identical cells in module `$paramod\multiplexer4\WIDTH=s32'00000000000000000000000000100000'.
Computing hashes of 1 cells of `$paramod\multiplexer4\WIDTH=s32'00000000000000000000000000100000'.
Finding duplicate cells in `$paramod\multiplexer4\WIDTH=s32'00000000000000000000000000100000'.
Finding identical cells in module `$paramod\multiplexer8\WIDTH=s32'00000000000000000000000000100000'.
Computing hashes of 1 cells of `$paramod\multiplexer8\WIDTH=s32'00000000000000000000000000100000'.
Finding duplicate cells in `$paramod\multiplexer8\WIDTH=s32'00000000000000000000000000100000'.
Finding identical cells in module `\alu'.
Computing hashes of 54 cells of `\alu'.
Finding duplicate cells in `\alu'.
Finding identical cells in module `\alu_control'.
Computing hashes of 26 cells of `\alu_control'.
Finding duplicate cells in `\alu_control'.
Finding identical cells in module `\control_transfer'.
Computing hashes of 14 cells of `\control_transfer'.
Finding duplicate cells in `\control_transfer'.
Finding identical cells in module `\data_memory_interface'.
Computing hashes of 13 cells of `\data_memory_interface'.
Finding duplicate cells in `\data_memory_interface'.
Finding identical cells in module `\immediate_generator'.
Computing hashes of 14 cells of `\immediate_generator'.
Finding duplicate cells in `\immediate_generator'.
Finding identical cells in module `\instruction_decoder'.
Computing hashes of 0 cells of `\instruction_decoder'.
Finding duplicate cells in `\instruction_decoder'.
Finding identical cells in module `\regfile'.
Computing hashes of 259 cells of `\regfile'.
Finding duplicate cells in `\regfile'.
Finding identical cells in module `\riscv_core'.
Computing hashes of 5 cells of `\riscv_core'.
Finding duplicate cells in `\riscv_core'.
Finding identical cells in module `\singlecycle_control'.
Computing hashes of 37 cells of `\singlecycle_control'.
Finding duplicate cells in `\singlecycle_control'.
Finding identical cells in module `\singlecycle_ctlpath'.
Computing hashes of 3 cells of `\singlecycle_ctlpath'.
Finding duplicate cells in `\singlecycle_ctlpath'.
Finding identical cells in module `\singlecycle_datapath'.
Computing hashes of 9 cells of `\singlecycle_datapath'.
Finding duplicate cells in `\singlecycle_datapath'.
Removed a total of 0 cells.

30.14.6. Executing OPT_DFF pass (perform DFF optimizations).

30.14.7. Executing OPT_CLEAN pass (remove unused cells and wires).
Finding unused cells or wires in module $paramod$5ef3be0bfad1454aaa6432c4ab405bbd7cbab26b\multiplexer..
Finding unused cells or wires in module $paramod$6a3d32cf08b5e9a4d56891e3d8781ccd4215c4af\multiplexer..
Finding unused cells or wires in module $paramod$99da07bf27abaac915a8c95d36d6f2808394e702\multiplexer..
Finding unused cells or wires in module $paramod$e358a763f16798cd10903dfd37e7986c0fbbe40f\register..
Finding unused cells or wires in module $paramod\adder\WIDTH=s32'00000000000000000000000000100000..
Finding unused cells or wires in module $paramod\multiplexer2\WIDTH=s32'00000000000000000000000000100000..
Finding unused cells or wires in module $paramod\multiplexer4\WIDTH=s32'00000000000000000000000000100000..
Finding unused cells or wires in module $paramod\multiplexer8\WIDTH=s32'00000000000000000000000000100000..
Finding unused cells or wires in module \alu..
Finding unused cells or wires in module \alu_control..
Finding unused cells or wires in module \control_transfer..
Finding unused cells or wires in module \data_memory_interface..
Finding unused cells or wires in module \immediate_generator..
Finding unused cells or wires in module \instruction_decoder..
Finding unused cells or wires in module \regfile..
Finding unused cells or wires in module \riscv_core..
Finding unused cells or wires in module \singlecycle_control..
Finding unused cells or wires in module \singlecycle_ctlpath..
Finding unused cells or wires in module \singlecycle_datapath..
Removed 0 unused cells and 6 unused wires.
<suppressed ~3 debug messages>

30.14.8. Executing OPT_EXPR pass (perform const folding).
Optimizing module $paramod$5ef3be0bfad1454aaa6432c4ab405bbd7cbab26b\multiplexer.
Optimizing module $paramod$6a3d32cf08b5e9a4d56891e3d8781ccd4215c4af\multiplexer.
Optimizing module $paramod$99da07bf27abaac915a8c95d36d6f2808394e702\multiplexer.
Optimizing module $paramod$e358a763f16798cd10903dfd37e7986c0fbbe40f\register.
Optimizing module $paramod\adder\WIDTH=s32'00000000000000000000000000100000.
Optimizing module $paramod\multiplexer2\WIDTH=s32'00000000000000000000000000100000.
Optimizing module $paramod\multiplexer4\WIDTH=s32'00000000000000000000000000100000.
Optimizing module $paramod\multiplexer8\WIDTH=s32'00000000000000000000000000100000.
Optimizing module alu.
Optimizing module alu_control.
Optimizing module control_transfer.
Optimizing module data_memory_interface.
Optimizing module immediate_generator.
Optimizing module instruction_decoder.
Optimizing module regfile.
Optimizing module riscv_core.
Optimizing module singlecycle_control.
Optimizing module singlecycle_ctlpath.
Optimizing module singlecycle_datapath.

30.14.9. Rerunning OPT passes. (Maybe there is more to do..)

30.14.10. Executing OPT_MUXTREE pass (detect dead branches in mux trees).
Running muxtree optimizer on module $paramod$5ef3be0bfad1454aaa6432c4ab405bbd7cbab26b\multiplexer..
  Creating internal representation of mux trees.
  Evaluating internal representation of mux trees.
  Analyzing evaluation results.
Running muxtree optimizer on module $paramod$6a3d32cf08b5e9a4d56891e3d8781ccd4215c4af\multiplexer..
  Creating internal representation of mux trees.
  Evaluating internal representation of mux trees.
  Analyzing evaluation results.
Running muxtree optimizer on module $paramod$99da07bf27abaac915a8c95d36d6f2808394e702\multiplexer..
  Creating internal representation of mux trees.
  Evaluating internal representation of mux trees.
  Analyzing evaluation results.
Running muxtree optimizer on module $paramod$e358a763f16798cd10903dfd37e7986c0fbbe40f\register..
  Creating internal representation of mux trees.
  No muxes found in this module.
Running muxtree optimizer on module $paramod\adder\WIDTH=s32'00000000000000000000000000100000..
  Creating internal representation of mux trees.
  No muxes found in this module.
Running muxtree optimizer on module $paramod\multiplexer2\WIDTH=s32'00000000000000000000000000100000..
  Creating internal representation of mux trees.
  No muxes found in this module.
Running muxtree optimizer on module $paramod\multiplexer4\WIDTH=s32'00000000000000000000000000100000..
  Creating internal representation of mux trees.
  No muxes found in this module.
Running muxtree optimizer on module $paramod\multiplexer8\WIDTH=s32'00000000000000000000000000100000..
  Creating internal representation of mux trees.
  No muxes found in this module.
Running muxtree optimizer on module \alu..
  Creating internal representation of mux trees.
  Evaluating internal representation of mux trees.
  Analyzing evaluation results.
Running muxtree optimizer on module \alu_control..
  Creating internal representation of mux trees.
  Evaluating internal representation of mux trees.
  Analyzing evaluation results.
Running muxtree optimizer on module \control_transfer..
  Creating internal representation of mux trees.
  Evaluating internal representation of mux trees.
  Analyzing evaluation results.
Running muxtree optimizer on module \data_memory_interface..
  Creating internal representation of mux trees.
  Evaluating internal representation of mux trees.
  Analyzing evaluation results.
Running muxtree optimizer on module \immediate_generator..
  Creating internal representation of mux trees.
  Evaluating internal representation of mux trees.
  Analyzing evaluation results.
Running muxtree optimizer on module \instruction_decoder..
  Creating internal representation of mux trees.
  No muxes found in this module.
Running muxtree optimizer on module \regfile..
  Creating internal representation of mux trees.
  Evaluating internal representation of mux trees.
  Analyzing evaluation results.
Running muxtree optimizer on module \riscv_core..
  Creating internal representation of mux trees.
  No muxes found in this module.
Running muxtree optimizer on module \singlecycle_control..
  Creating internal representation of mux trees.
  Evaluating internal representation of mux trees.
  Analyzing evaluation results.
Running muxtree optimizer on module \singlecycle_ctlpath..
  Creating internal representation of mux trees.
  No muxes found in this module.
Running muxtree optimizer on module \singlecycle_datapath..
  Creating internal representation of mux trees.
  No muxes found in this module.
Removed 0 multiplexer ports.
<suppressed ~199 debug messages>

30.14.11. Executing OPT_REDUCE pass (consolidate $*mux and $reduce_* inputs).
  Optimizing cells in module $paramod$5ef3be0bfad1454aaa6432c4ab405bbd7cbab26b\multiplexer.
  Optimizing cells in module $paramod$6a3d32cf08b5e9a4d56891e3d8781ccd4215c4af\multiplexer.
  Optimizing cells in module $paramod$99da07bf27abaac915a8c95d36d6f2808394e702\multiplexer.
  Optimizing cells in module $paramod$e358a763f16798cd10903dfd37e7986c0fbbe40f\register.
  Optimizing cells in module $paramod\adder\WIDTH=s32'00000000000000000000000000100000.
  Optimizing cells in module $paramod\multiplexer2\WIDTH=s32'00000000000000000000000000100000.
  Optimizing cells in module $paramod\multiplexer4\WIDTH=s32'00000000000000000000000000100000.
  Optimizing cells in module $paramod\multiplexer8\WIDTH=s32'00000000000000000000000000100000.
  Optimizing cells in module \alu.
  Optimizing cells in module \alu_control.
  Optimizing cells in module \control_transfer.
  Optimizing cells in module \data_memory_interface.
  Optimizing cells in module \immediate_generator.
  Optimizing cells in module \instruction_decoder.
  Optimizing cells in module \regfile.
  Optimizing cells in module \riscv_core.
  Optimizing cells in module \singlecycle_control.
  Optimizing cells in module \singlecycle_ctlpath.
  Optimizing cells in module \singlecycle_datapath.
Performed a total of 0 changes.

30.14.12. Executing OPT_MERGE pass (detect identical cells).
Finding identical cells in module `$paramod$5ef3be0bfad1454aaa6432c4ab405bbd7cbab26b\multiplexer'.
Computing hashes of 9 cells of `$paramod$5ef3be0bfad1454aaa6432c4ab405bbd7cbab26b\multiplexer'.
Finding duplicate cells in `$paramod$5ef3be0bfad1454aaa6432c4ab405bbd7cbab26b\multiplexer'.
Finding identical cells in module `$paramod$6a3d32cf08b5e9a4d56891e3d8781ccd4215c4af\multiplexer'.
Computing hashes of 2 cells of `$paramod$6a3d32cf08b5e9a4d56891e3d8781ccd4215c4af\multiplexer'.
Finding duplicate cells in `$paramod$6a3d32cf08b5e9a4d56891e3d8781ccd4215c4af\multiplexer'.
Finding identical cells in module `$paramod$99da07bf27abaac915a8c95d36d6f2808394e702\multiplexer'.
Computing hashes of 5 cells of `$paramod$99da07bf27abaac915a8c95d36d6f2808394e702\multiplexer'.
Finding duplicate cells in `$paramod$99da07bf27abaac915a8c95d36d6f2808394e702\multiplexer'.
Finding identical cells in module `$paramod$e358a763f16798cd10903dfd37e7986c0fbbe40f\register'.
Computing hashes of 1 cells of `$paramod$e358a763f16798cd10903dfd37e7986c0fbbe40f\register'.
Finding duplicate cells in `$paramod$e358a763f16798cd10903dfd37e7986c0fbbe40f\register'.
Finding identical cells in module `$paramod\adder\WIDTH=s32'00000000000000000000000000100000'.
Computing hashes of 1 cells of `$paramod\adder\WIDTH=s32'00000000000000000000000000100000'.
Finding duplicate cells in `$paramod\adder\WIDTH=s32'00000000000000000000000000100000'.
Finding identical cells in module `$paramod\multiplexer2\WIDTH=s32'00000000000000000000000000100000'.
Computing hashes of 1 cells of `$paramod\multiplexer2\WIDTH=s32'00000000000000000000000000100000'.
Finding duplicate cells in `$paramod\multiplexer2\WIDTH=s32'00000000000000000000000000100000'.
Finding identical cells in module `$paramod\multiplexer4\WIDTH=s32'00000000000000000000000000100000'.
Computing hashes of 1 cells of `$paramod\multiplexer4\WIDTH=s32'00000000000000000000000000100000'.
Finding duplicate cells in `$paramod\multiplexer4\WIDTH=s32'00000000000000000000000000100000'.
Finding identical cells in module `$paramod\multiplexer8\WIDTH=s32'00000000000000000000000000100000'.
Computing hashes of 1 cells of `$paramod\multiplexer8\WIDTH=s32'00000000000000000000000000100000'.
Finding duplicate cells in `$paramod\multiplexer8\WIDTH=s32'00000000000000000000000000100000'.
Finding identical cells in module `\alu'.
Computing hashes of 52 cells of `\alu'.
Finding duplicate cells in `\alu'.
Finding identical cells in module `\alu_control'.
Computing hashes of 26 cells of `\alu_control'.
Finding duplicate cells in `\alu_control'.
Finding identical cells in module `\control_transfer'.
Computing hashes of 14 cells of `\control_transfer'.
Finding duplicate cells in `\control_transfer'.
Finding identical cells in module `\data_memory_interface'.
Computing hashes of 13 cells of `\data_memory_interface'.
Finding duplicate cells in `\data_memory_interface'.
Finding identical cells in module `\immediate_generator'.
Computing hashes of 14 cells of `\immediate_generator'.
Finding duplicate cells in `\immediate_generator'.
Finding identical cells in module `\instruction_decoder'.
Computing hashes of 0 cells of `\instruction_decoder'.
Finding duplicate cells in `\instruction_decoder'.
Finding identical cells in module `\regfile'.
Computing hashes of 259 cells of `\regfile'.
Finding duplicate cells in `\regfile'.
Finding identical cells in module `\riscv_core'.
Computing hashes of 5 cells of `\riscv_core'.
Finding duplicate cells in `\riscv_core'.
Finding identical cells in module `\singlecycle_control'.
Computing hashes of 37 cells of `\singlecycle_control'.
Finding duplicate cells in `\singlecycle_control'.
Finding identical cells in module `\singlecycle_ctlpath'.
Computing hashes of 3 cells of `\singlecycle_ctlpath'.
Finding duplicate cells in `\singlecycle_ctlpath'.
Finding identical cells in module `\singlecycle_datapath'.
Computing hashes of 9 cells of `\singlecycle_datapath'.
Finding duplicate cells in `\singlecycle_datapath'.
Removed a total of 0 cells.

30.14.13. Executing OPT_DFF pass (perform DFF optimizations).

30.14.14. Executing OPT_CLEAN pass (remove unused cells and wires).
Finding unused cells or wires in module $paramod$5ef3be0bfad1454aaa6432c4ab405bbd7cbab26b\multiplexer..
Finding unused cells or wires in module $paramod$6a3d32cf08b5e9a4d56891e3d8781ccd4215c4af\multiplexer..
Finding unused cells or wires in module $paramod$99da07bf27abaac915a8c95d36d6f2808394e702\multiplexer..
Finding unused cells or wires in module $paramod$e358a763f16798cd10903dfd37e7986c0fbbe40f\register..
Finding unused cells or wires in module $paramod\adder\WIDTH=s32'00000000000000000000000000100000..
Finding unused cells or wires in module $paramod\multiplexer2\WIDTH=s32'00000000000000000000000000100000..
Finding unused cells or wires in module $paramod\multiplexer4\WIDTH=s32'00000000000000000000000000100000..
Finding unused cells or wires in module $paramod\multiplexer8\WIDTH=s32'00000000000000000000000000100000..
Finding unused cells or wires in module \alu..
Finding unused cells or wires in module \alu_control..
Finding unused cells or wires in module \control_transfer..
Finding unused cells or wires in module \data_memory_interface..
Finding unused cells or wires in module \immediate_generator..
Finding unused cells or wires in module \instruction_decoder..
Finding unused cells or wires in module \regfile..
Finding unused cells or wires in module \riscv_core..
Finding unused cells or wires in module \singlecycle_control..
Finding unused cells or wires in module \singlecycle_ctlpath..
Finding unused cells or wires in module \singlecycle_datapath..

30.14.15. Executing OPT_EXPR pass (perform const folding).
Optimizing module $paramod$5ef3be0bfad1454aaa6432c4ab405bbd7cbab26b\multiplexer.
Optimizing module $paramod$6a3d32cf08b5e9a4d56891e3d8781ccd4215c4af\multiplexer.
Optimizing module $paramod$99da07bf27abaac915a8c95d36d6f2808394e702\multiplexer.
Optimizing module $paramod$e358a763f16798cd10903dfd37e7986c0fbbe40f\register.
Optimizing module $paramod\adder\WIDTH=s32'00000000000000000000000000100000.
Optimizing module $paramod\multiplexer2\WIDTH=s32'00000000000000000000000000100000.
Optimizing module $paramod\multiplexer4\WIDTH=s32'00000000000000000000000000100000.
Optimizing module $paramod\multiplexer8\WIDTH=s32'00000000000000000000000000100000.
Optimizing module alu.
Optimizing module alu_control.
Optimizing module control_transfer.
Optimizing module data_memory_interface.
Optimizing module immediate_generator.
Optimizing module instruction_decoder.
Optimizing module regfile.
Optimizing module riscv_core.
Optimizing module singlecycle_control.
Optimizing module singlecycle_ctlpath.
Optimizing module singlecycle_datapath.

30.14.16. Finished fast OPT passes. (There is nothing left to do.)

30.15. Executing MEMORY pass.

30.15.1. Executing OPT_MEM pass (optimize memories).
alu_control.$auto$proc_rom.cc:155:do_switch$158: removing const-0 lane 4
Performed a total of 1 transformations.

30.15.2. Executing OPT_MEM_PRIORITY pass (removing unnecessary memory write priority relations).
Performed a total of 0 transformations.

30.15.3. Executing OPT_MEM_FEEDBACK pass (finding memory read-to-write feedback paths).

30.15.4. Executing MEMORY_BMUX2ROM pass (converting muxes to ROMs).

30.15.5. Executing MEMORY_DFF pass (merging $dff cells to $memrd).
Checking read port `$auto$proc_rom.cc:155:do_switch$154'[0] in module `\alu_control': no output FF found.
Checking read port `$auto$proc_rom.cc:155:do_switch$158'[0] in module `\alu_control': no output FF found.
Checking read port address `$auto$proc_rom.cc:155:do_switch$154'[0] in module `\alu_control': no address FF found.
Checking read port address `$auto$proc_rom.cc:155:do_switch$158'[0] in module `\alu_control': no address FF found.

30.15.6. Executing OPT_CLEAN pass (remove unused cells and wires).
Finding unused cells or wires in module $paramod$5ef3be0bfad1454aaa6432c4ab405bbd7cbab26b\multiplexer..
Finding unused cells or wires in module $paramod$6a3d32cf08b5e9a4d56891e3d8781ccd4215c4af\multiplexer..
Finding unused cells or wires in module $paramod$99da07bf27abaac915a8c95d36d6f2808394e702\multiplexer..
Finding unused cells or wires in module $paramod$e358a763f16798cd10903dfd37e7986c0fbbe40f\register..
Finding unused cells or wires in module $paramod\adder\WIDTH=s32'00000000000000000000000000100000..
Finding unused cells or wires in module $paramod\multiplexer2\WIDTH=s32'00000000000000000000000000100000..
Finding unused cells or wires in module $paramod\multiplexer4\WIDTH=s32'00000000000000000000000000100000..
Finding unused cells or wires in module $paramod\multiplexer8\WIDTH=s32'00000000000000000000000000100000..
Finding unused cells or wires in module \alu..
Finding unused cells or wires in module \alu_control..
Finding unused cells or wires in module \control_transfer..
Finding unused cells or wires in module \data_memory_interface..
Finding unused cells or wires in module \immediate_generator..
Finding unused cells or wires in module \instruction_decoder..
Finding unused cells or wires in module \regfile..
Finding unused cells or wires in module \riscv_core..
Finding unused cells or wires in module \singlecycle_control..
Finding unused cells or wires in module \singlecycle_ctlpath..
Finding unused cells or wires in module \singlecycle_datapath..

30.15.7. Executing MEMORY_SHARE pass (consolidating $memrd/$memwr cells).

30.15.8. Executing OPT_MEM_WIDEN pass (optimize memories where all ports are wide).
Performed a total of 0 transformations.

30.15.9. Executing OPT_CLEAN pass (remove unused cells and wires).
Finding unused cells or wires in module $paramod$5ef3be0bfad1454aaa6432c4ab405bbd7cbab26b\multiplexer..
Finding unused cells or wires in module $paramod$6a3d32cf08b5e9a4d56891e3d8781ccd4215c4af\multiplexer..
Finding unused cells or wires in module $paramod$99da07bf27abaac915a8c95d36d6f2808394e702\multiplexer..
Finding unused cells or wires in module $paramod$e358a763f16798cd10903dfd37e7986c0fbbe40f\register..
Finding unused cells or wires in module $paramod\adder\WIDTH=s32'00000000000000000000000000100000..
Finding unused cells or wires in module $paramod\multiplexer2\WIDTH=s32'00000000000000000000000000100000..
Finding unused cells or wires in module $paramod\multiplexer4\WIDTH=s32'00000000000000000000000000100000..
Finding unused cells or wires in module $paramod\multiplexer8\WIDTH=s32'00000000000000000000000000100000..
Finding unused cells or wires in module \alu..
Finding unused cells or wires in module \alu_control..
Finding unused cells or wires in module \control_transfer..
Finding unused cells or wires in module \data_memory_interface..
Finding unused cells or wires in module \immediate_generator..
Finding unused cells or wires in module \instruction_decoder..
Finding unused cells or wires in module \regfile..
Finding unused cells or wires in module \riscv_core..
Finding unused cells or wires in module \singlecycle_control..
Finding unused cells or wires in module \singlecycle_ctlpath..
Finding unused cells or wires in module \singlecycle_datapath..

30.15.10. Executing MEMORY_COLLECT pass (generating $mem cells).

30.16. Executing OPT_CLEAN pass (remove unused cells and wires).
Finding unused cells or wires in module $paramod$5ef3be0bfad1454aaa6432c4ab405bbd7cbab26b\multiplexer..
Finding unused cells or wires in module $paramod$6a3d32cf08b5e9a4d56891e3d8781ccd4215c4af\multiplexer..
Finding unused cells or wires in module $paramod$99da07bf27abaac915a8c95d36d6f2808394e702\multiplexer..
Finding unused cells or wires in module $paramod$e358a763f16798cd10903dfd37e7986c0fbbe40f\register..
Finding unused cells or wires in module $paramod\adder\WIDTH=s32'00000000000000000000000000100000..
Finding unused cells or wires in module $paramod\multiplexer2\WIDTH=s32'00000000000000000000000000100000..
Finding unused cells or wires in module $paramod\multiplexer4\WIDTH=s32'00000000000000000000000000100000..
Finding unused cells or wires in module $paramod\multiplexer8\WIDTH=s32'00000000000000000000000000100000..
Finding unused cells or wires in module \alu..
Finding unused cells or wires in module \alu_control..
Finding unused cells or wires in module \control_transfer..
Finding unused cells or wires in module \data_memory_interface..
Finding unused cells or wires in module \immediate_generator..
Finding unused cells or wires in module \instruction_decoder..
Finding unused cells or wires in module \regfile..
Finding unused cells or wires in module \riscv_core..
Finding unused cells or wires in module \singlecycle_control..
Finding unused cells or wires in module \singlecycle_ctlpath..
Finding unused cells or wires in module \singlecycle_datapath..

30.17. Executing OPT pass (performing simple optimizations).

30.17.1. Executing OPT_EXPR pass (perform const folding).
Optimizing module $paramod$5ef3be0bfad1454aaa6432c4ab405bbd7cbab26b\multiplexer.
<suppressed ~1 debug messages>
Optimizing module $paramod$6a3d32cf08b5e9a4d56891e3d8781ccd4215c4af\multiplexer.
<suppressed ~1 debug messages>
Optimizing module $paramod$99da07bf27abaac915a8c95d36d6f2808394e702\multiplexer.
<suppressed ~1 debug messages>
Optimizing module $paramod$e358a763f16798cd10903dfd37e7986c0fbbe40f\register.
Optimizing module $paramod\adder\WIDTH=s32'00000000000000000000000000100000.
Optimizing module $paramod\multiplexer2\WIDTH=s32'00000000000000000000000000100000.
Optimizing module $paramod\multiplexer4\WIDTH=s32'00000000000000000000000000100000.
Optimizing module $paramod\multiplexer8\WIDTH=s32'00000000000000000000000000100000.
Optimizing module alu.
Optimizing module alu_control.
<suppressed ~3 debug messages>
Optimizing module control_transfer.
<suppressed ~3 debug messages>
Optimizing module data_memory_interface.
<suppressed ~1 debug messages>
Optimizing module immediate_generator.
Optimizing module instruction_decoder.
Optimizing module regfile.
<suppressed ~66 debug messages>
Optimizing module riscv_core.
Optimizing module singlecycle_control.
<suppressed ~15 debug messages>
Optimizing module singlecycle_ctlpath.
Optimizing module singlecycle_datapath.

30.17.2. Executing OPT_MERGE pass (detect identical cells).
Finding identical cells in module `$paramod$5ef3be0bfad1454aaa6432c4ab405bbd7cbab26b\multiplexer'.
Computing hashes of 9 cells of `$paramod$5ef3be0bfad1454aaa6432c4ab405bbd7cbab26b\multiplexer'.
Finding duplicate cells in `$paramod$5ef3be0bfad1454aaa6432c4ab405bbd7cbab26b\multiplexer'.
Finding identical cells in module `$paramod$6a3d32cf08b5e9a4d56891e3d8781ccd4215c4af\multiplexer'.
Computing hashes of 2 cells of `$paramod$6a3d32cf08b5e9a4d56891e3d8781ccd4215c4af\multiplexer'.
Finding duplicate cells in `$paramod$6a3d32cf08b5e9a4d56891e3d8781ccd4215c4af\multiplexer'.
Finding identical cells in module `$paramod$99da07bf27abaac915a8c95d36d6f2808394e702\multiplexer'.
Computing hashes of 5 cells of `$paramod$99da07bf27abaac915a8c95d36d6f2808394e702\multiplexer'.
Finding duplicate cells in `$paramod$99da07bf27abaac915a8c95d36d6f2808394e702\multiplexer'.
Finding identical cells in module `$paramod$e358a763f16798cd10903dfd37e7986c0fbbe40f\register'.
Computing hashes of 1 cells of `$paramod$e358a763f16798cd10903dfd37e7986c0fbbe40f\register'.
Finding duplicate cells in `$paramod$e358a763f16798cd10903dfd37e7986c0fbbe40f\register'.
Finding identical cells in module `$paramod\adder\WIDTH=s32'00000000000000000000000000100000'.
Computing hashes of 1 cells of `$paramod\adder\WIDTH=s32'00000000000000000000000000100000'.
Finding duplicate cells in `$paramod\adder\WIDTH=s32'00000000000000000000000000100000'.
Finding identical cells in module `$paramod\multiplexer2\WIDTH=s32'00000000000000000000000000100000'.
Computing hashes of 1 cells of `$paramod\multiplexer2\WIDTH=s32'00000000000000000000000000100000'.
Finding duplicate cells in `$paramod\multiplexer2\WIDTH=s32'00000000000000000000000000100000'.
Finding identical cells in module `$paramod\multiplexer4\WIDTH=s32'00000000000000000000000000100000'.
Computing hashes of 1 cells of `$paramod\multiplexer4\WIDTH=s32'00000000000000000000000000100000'.
Finding duplicate cells in `$paramod\multiplexer4\WIDTH=s32'00000000000000000000000000100000'.
Finding identical cells in module `$paramod\multiplexer8\WIDTH=s32'00000000000000000000000000100000'.
Computing hashes of 1 cells of `$paramod\multiplexer8\WIDTH=s32'00000000000000000000000000100000'.
Finding duplicate cells in `$paramod\multiplexer8\WIDTH=s32'00000000000000000000000000100000'.
Finding identical cells in module `\alu'.
Computing hashes of 52 cells of `\alu'.
Finding duplicate cells in `\alu'.
Finding identical cells in module `\alu_control'.
Computing hashes of 24 cells of `\alu_control'.
Finding duplicate cells in `\alu_control'.
Finding identical cells in module `\control_transfer'.
Computing hashes of 13 cells of `\control_transfer'.
Finding duplicate cells in `\control_transfer'.
Finding identical cells in module `\data_memory_interface'.
Computing hashes of 13 cells of `\data_memory_interface'.
Finding duplicate cells in `\data_memory_interface'.
Finding identical cells in module `\immediate_generator'.
Computing hashes of 14 cells of `\immediate_generator'.
Finding duplicate cells in `\immediate_generator'.
Finding identical cells in module `\instruction_decoder'.
Computing hashes of 0 cells of `\instruction_decoder'.
Finding duplicate cells in `\instruction_decoder'.
Finding identical cells in module `\regfile'.
Computing hashes of 195 cells of `\regfile'.
Finding duplicate cells in `\regfile'.
Computing hashes of 164 cells of `\regfile'.
Finding duplicate cells in `\regfile'.
<suppressed ~93 debug messages>
Finding identical cells in module `\riscv_core'.
Computing hashes of 5 cells of `\riscv_core'.
Finding duplicate cells in `\riscv_core'.
Finding identical cells in module `\singlecycle_control'.
Computing hashes of 32 cells of `\singlecycle_control'.
Finding duplicate cells in `\singlecycle_control'.
Finding identical cells in module `\singlecycle_ctlpath'.
Computing hashes of 3 cells of `\singlecycle_ctlpath'.
Finding duplicate cells in `\singlecycle_ctlpath'.
Finding identical cells in module `\singlecycle_datapath'.
Computing hashes of 9 cells of `\singlecycle_datapath'.
Finding duplicate cells in `\singlecycle_datapath'.
Removed a total of 31 cells.

30.17.3. Executing OPT_DFF pass (perform DFF optimizations).

30.17.4. Executing OPT_CLEAN pass (remove unused cells and wires).
Finding unused cells or wires in module $paramod$5ef3be0bfad1454aaa6432c4ab405bbd7cbab26b\multiplexer..
Finding unused cells or wires in module $paramod$6a3d32cf08b5e9a4d56891e3d8781ccd4215c4af\multiplexer..
Finding unused cells or wires in module $paramod$99da07bf27abaac915a8c95d36d6f2808394e702\multiplexer..
Finding unused cells or wires in module $paramod$e358a763f16798cd10903dfd37e7986c0fbbe40f\register..
Finding unused cells or wires in module $paramod\adder\WIDTH=s32'00000000000000000000000000100000..
Finding unused cells or wires in module $paramod\multiplexer2\WIDTH=s32'00000000000000000000000000100000..
Finding unused cells or wires in module $paramod\multiplexer4\WIDTH=s32'00000000000000000000000000100000..
Finding unused cells or wires in module $paramod\multiplexer8\WIDTH=s32'00000000000000000000000000100000..
Finding unused cells or wires in module \alu..
Finding unused cells or wires in module \alu_control..
Finding unused cells or wires in module \control_transfer..
Finding unused cells or wires in module \data_memory_interface..
Finding unused cells or wires in module \immediate_generator..
Finding unused cells or wires in module \instruction_decoder..
Finding unused cells or wires in module \regfile..
Finding unused cells or wires in module \riscv_core..
Finding unused cells or wires in module \singlecycle_control..
Finding unused cells or wires in module \singlecycle_ctlpath..
Finding unused cells or wires in module \singlecycle_datapath..
Removed 24 unused cells and 124 unused wires.
<suppressed ~31 debug messages>

30.17.5. Finished fast OPT passes.

30.18. Executing MEMORY_MAP pass (converting memories to logic and flip-flops).
Mapping memory $auto$proc_rom.cc:155:do_switch$154 in module \alu_control:
  created 8 $dff cells and 0 static cells of width 5.
  read interface: 0 $dff and 7 $mux cells.
  write interface: 0 write mux blocks.
Mapping memory $auto$proc_rom.cc:155:do_switch$158 in module \alu_control:
  created 8 $dff cells and 0 static cells of width 4.
  read interface: 0 $dff and 7 $mux cells.
  write interface: 0 write mux blocks.

30.19. Executing OPT pass (performing simple optimizations).

30.19.1. Executing OPT_EXPR pass (perform const folding).
Optimizing module $paramod$5ef3be0bfad1454aaa6432c4ab405bbd7cbab26b\multiplexer.
Optimizing module $paramod$6a3d32cf08b5e9a4d56891e3d8781ccd4215c4af\multiplexer.
Optimizing module $paramod$99da07bf27abaac915a8c95d36d6f2808394e702\multiplexer.
Optimizing module $paramod$e358a763f16798cd10903dfd37e7986c0fbbe40f\register.
Optimizing module $paramod\adder\WIDTH=s32'00000000000000000000000000100000.
Optimizing module $paramod\multiplexer2\WIDTH=s32'00000000000000000000000000100000.
Optimizing module $paramod\multiplexer4\WIDTH=s32'00000000000000000000000000100000.
Optimizing module $paramod\multiplexer8\WIDTH=s32'00000000000000000000000000100000.
Optimizing module alu.
Optimizing module alu_control.
Optimizing module control_transfer.
Optimizing module data_memory_interface.
Optimizing module immediate_generator.
Optimizing module instruction_decoder.
Optimizing module regfile.
Optimizing module riscv_core.
Optimizing module singlecycle_control.
Optimizing module singlecycle_ctlpath.
Optimizing module singlecycle_datapath.

30.19.2. Executing OPT_MERGE pass (detect identical cells).
Finding identical cells in module `$paramod$5ef3be0bfad1454aaa6432c4ab405bbd7cbab26b\multiplexer'.
Computing hashes of 8 cells of `$paramod$5ef3be0bfad1454aaa6432c4ab405bbd7cbab26b\multiplexer'.
Finding duplicate cells in `$paramod$5ef3be0bfad1454aaa6432c4ab405bbd7cbab26b\multiplexer'.
Finding identical cells in module `$paramod$6a3d32cf08b5e9a4d56891e3d8781ccd4215c4af\multiplexer'.
Computing hashes of 1 cells of `$paramod$6a3d32cf08b5e9a4d56891e3d8781ccd4215c4af\multiplexer'.
Finding duplicate cells in `$paramod$6a3d32cf08b5e9a4d56891e3d8781ccd4215c4af\multiplexer'.
Finding identical cells in module `$paramod$99da07bf27abaac915a8c95d36d6f2808394e702\multiplexer'.
Computing hashes of 4 cells of `$paramod$99da07bf27abaac915a8c95d36d6f2808394e702\multiplexer'.
Finding duplicate cells in `$paramod$99da07bf27abaac915a8c95d36d6f2808394e702\multiplexer'.
Finding identical cells in module `$paramod$e358a763f16798cd10903dfd37e7986c0fbbe40f\register'.
Computing hashes of 1 cells of `$paramod$e358a763f16798cd10903dfd37e7986c0fbbe40f\register'.
Finding duplicate cells in `$paramod$e358a763f16798cd10903dfd37e7986c0fbbe40f\register'.
Finding identical cells in module `$paramod\adder\WIDTH=s32'00000000000000000000000000100000'.
Computing hashes of 1 cells of `$paramod\adder\WIDTH=s32'00000000000000000000000000100000'.
Finding duplicate cells in `$paramod\adder\WIDTH=s32'00000000000000000000000000100000'.
Finding identical cells in module `$paramod\multiplexer2\WIDTH=s32'00000000000000000000000000100000'.
Computing hashes of 1 cells of `$paramod\multiplexer2\WIDTH=s32'00000000000000000000000000100000'.
Finding duplicate cells in `$paramod\multiplexer2\WIDTH=s32'00000000000000000000000000100000'.
Finding identical cells in module `$paramod\multiplexer4\WIDTH=s32'00000000000000000000000000100000'.
Computing hashes of 1 cells of `$paramod\multiplexer4\WIDTH=s32'00000000000000000000000000100000'.
Finding duplicate cells in `$paramod\multiplexer4\WIDTH=s32'00000000000000000000000000100000'.
Finding identical cells in module `$paramod\multiplexer8\WIDTH=s32'00000000000000000000000000100000'.
Computing hashes of 1 cells of `$paramod\multiplexer8\WIDTH=s32'00000000000000000000000000100000'.
Finding duplicate cells in `$paramod\multiplexer8\WIDTH=s32'00000000000000000000000000100000'.
Finding identical cells in module `\alu'.
Computing hashes of 52 cells of `\alu'.
Finding duplicate cells in `\alu'.
Finding identical cells in module `\alu_control'.
Computing hashes of 32 cells of `\alu_control'.
Finding duplicate cells in `\alu_control'.
Finding identical cells in module `\control_transfer'.
Computing hashes of 9 cells of `\control_transfer'.
Finding duplicate cells in `\control_transfer'.
Finding identical cells in module `\data_memory_interface'.
Computing hashes of 13 cells of `\data_memory_interface'.
Finding duplicate cells in `\data_memory_interface'.
Finding identical cells in module `\immediate_generator'.
Computing hashes of 14 cells of `\immediate_generator'.
Finding duplicate cells in `\immediate_generator'.
Finding identical cells in module `\instruction_decoder'.
Computing hashes of 0 cells of `\instruction_decoder'.
Finding duplicate cells in `\instruction_decoder'.
Finding identical cells in module `\regfile'.
Computing hashes of 162 cells of `\regfile'.
Finding duplicate cells in `\regfile'.
Finding identical cells in module `\riscv_core'.
Computing hashes of 5 cells of `\riscv_core'.
Finding duplicate cells in `\riscv_core'.
Finding identical cells in module `\singlecycle_control'.
Computing hashes of 21 cells of `\singlecycle_control'.
Finding duplicate cells in `\singlecycle_control'.
Finding identical cells in module `\singlecycle_ctlpath'.
Computing hashes of 3 cells of `\singlecycle_ctlpath'.
Finding duplicate cells in `\singlecycle_ctlpath'.
Finding identical cells in module `\singlecycle_datapath'.
Computing hashes of 9 cells of `\singlecycle_datapath'.
Finding duplicate cells in `\singlecycle_datapath'.
Removed a total of 0 cells.

30.19.3. Executing OPT_MUXTREE pass (detect dead branches in mux trees).
Running muxtree optimizer on module $paramod$5ef3be0bfad1454aaa6432c4ab405bbd7cbab26b\multiplexer..
  Creating internal representation of mux trees.
  Evaluating internal representation of mux trees.
  Analyzing evaluation results.
Running muxtree optimizer on module $paramod$6a3d32cf08b5e9a4d56891e3d8781ccd4215c4af\multiplexer..
  Creating internal representation of mux trees.
  Evaluating internal representation of mux trees.
  Analyzing evaluation results.
Running muxtree optimizer on module $paramod$99da07bf27abaac915a8c95d36d6f2808394e702\multiplexer..
  Creating internal representation of mux trees.
  Evaluating internal representation of mux trees.
  Analyzing evaluation results.
Running muxtree optimizer on module $paramod$e358a763f16798cd10903dfd37e7986c0fbbe40f\register..
  Creating internal representation of mux trees.
  No muxes found in this module.
Running muxtree optimizer on module $paramod\adder\WIDTH=s32'00000000000000000000000000100000..
  Creating internal representation of mux trees.
  No muxes found in this module.
Running muxtree optimizer on module $paramod\multiplexer2\WIDTH=s32'00000000000000000000000000100000..
  Creating internal representation of mux trees.
  No muxes found in this module.
Running muxtree optimizer on module $paramod\multiplexer4\WIDTH=s32'00000000000000000000000000100000..
  Creating internal representation of mux trees.
  No muxes found in this module.
Running muxtree optimizer on module $paramod\multiplexer8\WIDTH=s32'00000000000000000000000000100000..
  Creating internal representation of mux trees.
  No muxes found in this module.
Running muxtree optimizer on module \alu..
  Creating internal representation of mux trees.
  Evaluating internal representation of mux trees.
  Analyzing evaluation results.
Running muxtree optimizer on module \alu_control..
  Creating internal representation of mux trees.
  Evaluating internal representation of mux trees.
  Analyzing evaluation results.
Running muxtree optimizer on module \control_transfer..
  Creating internal representation of mux trees.
  Evaluating internal representation of mux trees.
  Analyzing evaluation results.
Running muxtree optimizer on module \data_memory_interface..
  Creating internal representation of mux trees.
  Evaluating internal representation of mux trees.
  Analyzing evaluation results.
Running muxtree optimizer on module \immediate_generator..
  Creating internal representation of mux trees.
  Evaluating internal representation of mux trees.
  Analyzing evaluation results.
Running muxtree optimizer on module \instruction_decoder..
  Creating internal representation of mux trees.
  No muxes found in this module.
Running muxtree optimizer on module \regfile..
  Creating internal representation of mux trees.
  Evaluating internal representation of mux trees.
  Analyzing evaluation results.
Running muxtree optimizer on module \riscv_core..
  Creating internal representation of mux trees.
  No muxes found in this module.
Running muxtree optimizer on module \singlecycle_control..
  Creating internal representation of mux trees.
  Evaluating internal representation of mux trees.
  Analyzing evaluation results.
Running muxtree optimizer on module \singlecycle_ctlpath..
  Creating internal representation of mux trees.
  No muxes found in this module.
Running muxtree optimizer on module \singlecycle_datapath..
  Creating internal representation of mux trees.
  No muxes found in this module.
Removed 0 multiplexer ports.
<suppressed ~82 debug messages>

30.19.4. Executing OPT_REDUCE pass (consolidate $*mux and $reduce_* inputs).
  Optimizing cells in module $paramod$5ef3be0bfad1454aaa6432c4ab405bbd7cbab26b\multiplexer.
  Optimizing cells in module $paramod$6a3d32cf08b5e9a4d56891e3d8781ccd4215c4af\multiplexer.
  Optimizing cells in module $paramod$99da07bf27abaac915a8c95d36d6f2808394e702\multiplexer.
  Optimizing cells in module $paramod$e358a763f16798cd10903dfd37e7986c0fbbe40f\register.
  Optimizing cells in module $paramod\adder\WIDTH=s32'00000000000000000000000000100000.
  Optimizing cells in module $paramod\multiplexer2\WIDTH=s32'00000000000000000000000000100000.
  Optimizing cells in module $paramod\multiplexer4\WIDTH=s32'00000000000000000000000000100000.
  Optimizing cells in module $paramod\multiplexer8\WIDTH=s32'00000000000000000000000000100000.
  Optimizing cells in module \alu.
    Consolidated identical input bits for $mux cell $auto$share.cc:657:make_supercell$2220:
      Old ports: A={ \operand_b [31] \operand_b }, B={ 1'0 \operand_b }, Y=$auto$share.cc:654:make_supercell$2218
      New ports: A=\operand_b [31], B=1'0, Y=$auto$share.cc:654:make_supercell$2218 [32]
      New connections: $auto$share.cc:654:make_supercell$2218 [31:0] = \operand_b
    Consolidated identical input bits for $mux cell $auto$share.cc:656:make_supercell$2219:
      Old ports: A={ \operand_a [31] \operand_a }, B={ 1'0 \operand_a }, Y=$auto$share.cc:653:make_supercell$2217
      New ports: A=\operand_a [31], B=1'0, Y=$auto$share.cc:653:make_supercell$2217 [32]
      New connections: $auto$share.cc:653:make_supercell$2217 [31:0] = \operand_a
    Consolidated identical input bits for $mux cell $auto$share.cc:656:make_supercell$2229:
      Old ports: A={ \operand_a [31] \operand_a }, B={ 1'0 \operand_a }, Y=$auto$share.cc:653:make_supercell$2227
      New ports: A=\operand_a [31], B=1'0, Y=$auto$share.cc:653:make_supercell$2227 [32]
      New connections: $auto$share.cc:653:make_supercell$2227 [31:0] = \operand_a
    Consolidated identical input bits for $mux cell $auto$share.cc:657:make_supercell$2230:
      Old ports: A={ \operand_b [31] \operand_b }, B={ 1'0 \operand_b }, Y=$auto$share.cc:654:make_supercell$2228
      New ports: A=\operand_b [31], B=1'0, Y=$auto$share.cc:654:make_supercell$2228 [32]
      New connections: $auto$share.cc:654:make_supercell$2228 [31:0] = \operand_b
  Optimizing cells in module \alu.
  Optimizing cells in module \alu_control.
    Consolidated identical input bits for $mux cell $memory$auto$proc_rom.cc:155:do_switch$158$rdmux[0][2][2]$2275:
      Old ports: A=4'1000, B=4'0100, Y=$memory$auto$proc_rom.cc:155:do_switch$158$rdmux[0][1][1]$a$2267
      New ports: A=2'10, B=2'01, Y=$memory$auto$proc_rom.cc:155:do_switch$158$rdmux[0][1][1]$a$2267 [3:2]
      New connections: $memory$auto$proc_rom.cc:155:do_switch$158$rdmux[0][1][1]$a$2267 [1:0] = 2'00
    Consolidated identical input bits for $mux cell $memory$auto$proc_rom.cc:155:do_switch$158$rdmux[0][2][1]$2272:
      Old ports: A=4'0110, B=4'0111, Y=$memory$auto$proc_rom.cc:155:do_switch$158$rdmux[0][1][0]$b$2265
      New ports: A=1'0, B=1'1, Y=$memory$auto$proc_rom.cc:155:do_switch$158$rdmux[0][1][0]$b$2265 [0]
      New connections: $memory$auto$proc_rom.cc:155:do_switch$158$rdmux[0][1][0]$b$2265 [3:1] = 3'011
    Consolidated identical input bits for $mux cell $memory$auto$proc_rom.cc:155:do_switch$158$rdmux[0][2][0]$2269:
      Old ports: A=4'0001, B=4'0011, Y=$memory$auto$proc_rom.cc:155:do_switch$158$rdmux[0][1][0]$a$2264
      New ports: A=1'0, B=1'1, Y=$memory$auto$proc_rom.cc:155:do_switch$158$rdmux[0][1][0]$a$2264 [1]
      New connections: { $memory$auto$proc_rom.cc:155:do_switch$158$rdmux[0][1][0]$a$2264 [3:2] $memory$auto$proc_rom.cc:155:do_switch$158$rdmux[0][1][0]$a$2264 [0] } = 3'001
    Consolidated identical input bits for $mux cell $memory$auto$proc_rom.cc:155:do_switch$154$rdmux[0][2][2]$2254:
      Old ports: A=5'01111, B=5'10000, Y=$memory$auto$proc_rom.cc:155:do_switch$154$rdmux[0][1][1]$a$2246
      New ports: A=2'01, B=2'10, Y={ $memory$auto$proc_rom.cc:155:do_switch$154$rdmux[0][1][1]$a$2246 [4] $memory$auto$proc_rom.cc:155:do_switch$154$rdmux[0][1][1]$a$2246 [0] }
      New connections: $memory$auto$proc_rom.cc:155:do_switch$154$rdmux[0][1][1]$a$2246 [3:1] = { $memory$auto$proc_rom.cc:155:do_switch$154$rdmux[0][1][1]$a$2246 [0] $memory$auto$proc_rom.cc:155:do_switch$154$rdmux[0][1][1]$a$2246 [0] $memory$auto$proc_rom.cc:155:do_switch$154$rdmux[0][1][1]$a$2246 [0] }
    Consolidated identical input bits for $mux cell $memory$auto$proc_rom.cc:155:do_switch$154$rdmux[0][2][1]$2251:
      Old ports: A=5'01101, B=5'01110, Y=$memory$auto$proc_rom.cc:155:do_switch$154$rdmux[0][1][0]$b$2244
      New ports: A=2'01, B=2'10, Y=$memory$auto$proc_rom.cc:155:do_switch$154$rdmux[0][1][0]$b$2244 [1:0]
      New connections: $memory$auto$proc_rom.cc:155:do_switch$154$rdmux[0][1][0]$b$2244 [4:2] = 3'011
    Consolidated identical input bits for $mux cell $memory$auto$proc_rom.cc:155:do_switch$154$rdmux[0][2][0]$2248:
      Old ports: A=5'01011, B=5'01100, Y=$memory$auto$proc_rom.cc:155:do_switch$154$rdmux[0][1][0]$a$2243
      New ports: A=2'01, B=2'10, Y={ $memory$auto$proc_rom.cc:155:do_switch$154$rdmux[0][1][0]$a$2243 [2] $memory$auto$proc_rom.cc:155:do_switch$154$rdmux[0][1][0]$a$2243 [0] }
      New connections: { $memory$auto$proc_rom.cc:155:do_switch$154$rdmux[0][1][0]$a$2243 [4:3] $memory$auto$proc_rom.cc:155:do_switch$154$rdmux[0][1][0]$a$2243 [1] } = { 2'01 $memory$auto$proc_rom.cc:155:do_switch$154$rdmux[0][1][0]$a$2243 [0] }
    Consolidated identical input bits for $pmux cell $procmux$1774:
      Old ports: A=5'00111, B=10'0011000010, Y=\branch_funct
      New ports: A=2'11, B=4'1000, Y={ \branch_funct [2] \branch_funct [0] }
      New connections: { \branch_funct [4:3] \branch_funct [1] } = 3'001
    Consolidated identical input bits for $mux cell $procmux$1782:
      Old ports: A=5'00010, B=5'00101, Y=\secondary_funct
      New ports: A=2'10, B=2'01, Y=\secondary_funct [1:0]
      New connections: \secondary_funct [4:2] = { 2'00 \secondary_funct [0] }
    Consolidated identical input bits for $mux cell $memory$auto$proc_rom.cc:155:do_switch$154$rdmux[0][2][3]$2257:
      Old ports: A=5'10001, B=5'10010, Y=$memory$auto$proc_rom.cc:155:do_switch$154$rdmux[0][1][1]$b$2247
      New ports: A=2'01, B=2'10, Y=$memory$auto$proc_rom.cc:155:do_switch$154$rdmux[0][1][1]$b$2247 [1:0]
      New connections: $memory$auto$proc_rom.cc:155:do_switch$154$rdmux[0][1][1]$b$2247 [4:2] = 3'100
    Consolidated identical input bits for $mux cell $memory$auto$proc_rom.cc:155:do_switch$158$rdmux[0][2][3]$2278:
      Old ports: A=4'1001, B=4'1010, Y=$memory$auto$proc_rom.cc:155:do_switch$158$rdmux[0][1][1]$b$2268
      New ports: A=2'01, B=2'10, Y=$memory$auto$proc_rom.cc:155:do_switch$158$rdmux[0][1][1]$b$2268 [1:0]
      New connections: $memory$auto$proc_rom.cc:155:do_switch$158$rdmux[0][1][1]$b$2268 [3:2] = 2'10
  Optimizing cells in module \alu_control.
    Consolidated identical input bits for $mux cell $memory$auto$proc_rom.cc:155:do_switch$158$rdmux[0][1][0]$2263:
      Old ports: A=$memory$auto$proc_rom.cc:155:do_switch$158$rdmux[0][1][0]$a$2264, B=$memory$auto$proc_rom.cc:155:do_switch$158$rdmux[0][1][0]$b$2265, Y=$memory$auto$proc_rom.cc:155:do_switch$158$rdmux[0][0][0]$a$2261
      New ports: A={ 1'0 $memory$auto$proc_rom.cc:155:do_switch$158$rdmux[0][1][0]$a$2264 [1] 1'1 }, B={ 2'11 $memory$auto$proc_rom.cc:155:do_switch$158$rdmux[0][1][0]$b$2265 [0] }, Y=$memory$auto$proc_rom.cc:155:do_switch$158$rdmux[0][0][0]$a$2261 [2:0]
      New connections: $memory$auto$proc_rom.cc:155:do_switch$158$rdmux[0][0][0]$a$2261 [3] = 1'0
    Consolidated identical input bits for $mux cell $memory$auto$proc_rom.cc:155:do_switch$154$rdmux[0][1][1]$2245:
      Old ports: A=$memory$auto$proc_rom.cc:155:do_switch$154$rdmux[0][1][1]$a$2246, B=$memory$auto$proc_rom.cc:155:do_switch$154$rdmux[0][1][1]$b$2247, Y=$memory$auto$proc_rom.cc:155:do_switch$154$rdmux[0][0][0]$b$2241
      New ports: A={ $memory$auto$proc_rom.cc:155:do_switch$154$rdmux[0][1][1]$a$2246 [4] $memory$auto$proc_rom.cc:155:do_switch$154$rdmux[0][1][1]$a$2246 [0] $memory$auto$proc_rom.cc:155:do_switch$154$rdmux[0][1][1]$a$2246 [0] $memory$auto$proc_rom.cc:155:do_switch$154$rdmux[0][1][1]$a$2246 [0] }, B={ 2'10 $memory$auto$proc_rom.cc:155:do_switch$154$rdmux[0][1][1]$b$2247 [1:0] }, Y={ $memory$auto$proc_rom.cc:155:do_switch$154$rdmux[0][0][0]$b$2241 [4] $memory$auto$proc_rom.cc:155:do_switch$154$rdmux[0][0][0]$b$2241 [2:0] }
      New connections: $memory$auto$proc_rom.cc:155:do_switch$154$rdmux[0][0][0]$b$2241 [3] = $memory$auto$proc_rom.cc:155:do_switch$154$rdmux[0][0][0]$b$2241 [2]
    Consolidated identical input bits for $mux cell $memory$auto$proc_rom.cc:155:do_switch$154$rdmux[0][1][0]$2242:
      Old ports: A=$memory$auto$proc_rom.cc:155:do_switch$154$rdmux[0][1][0]$a$2243, B=$memory$auto$proc_rom.cc:155:do_switch$154$rdmux[0][1][0]$b$2244, Y=$memory$auto$proc_rom.cc:155:do_switch$154$rdmux[0][0][0]$a$2240
      New ports: A={ $memory$auto$proc_rom.cc:155:do_switch$154$rdmux[0][1][0]$a$2243 [2] $memory$auto$proc_rom.cc:155:do_switch$154$rdmux[0][1][0]$a$2243 [0] $memory$auto$proc_rom.cc:155:do_switch$154$rdmux[0][1][0]$a$2243 [0] }, B={ 1'1 $memory$auto$proc_rom.cc:155:do_switch$154$rdmux[0][1][0]$b$2244 [1:0] }, Y=$memory$auto$proc_rom.cc:155:do_switch$154$rdmux[0][0][0]$a$2240 [2:0]
      New connections: $memory$auto$proc_rom.cc:155:do_switch$154$rdmux[0][0][0]$a$2240 [4:3] = 2'01
    Consolidated identical input bits for $mux cell $procmux$1787:
      Old ports: A={ 1'0 \default_funct [3:0] }, B=\secondary_funct, Y=\op_imm_funct
      New ports: A=\default_funct [3:0], B={ 1'0 \secondary_funct [0] \secondary_funct [1:0] }, Y=\op_imm_funct [3:0]
      New connections: \op_imm_funct [4] = 1'0
  Optimizing cells in module \alu_control.
  Optimizing cells in module \control_transfer.
    Consolidated identical input bits for $mux cell $procmux$1744:
      Old ports: A=2'00, B=2'10, Y=$4\next_pc_select[1:0]
      New ports: A=1'0, B=1'1, Y=$4\next_pc_select[1:0] [1]
      New connections: $4\next_pc_select[1:0] [0] = 1'0
    Consolidated identical input bits for $mux cell $procmux$1760:
      Old ports: A={ 1'0 \result_equal_zero }, B={ 1'0 $auto$wreduce.cc:514:run$2197 [0] }, Y=$2\next_pc_select[1:0]
      New ports: A=\result_equal_zero, B=$auto$wreduce.cc:514:run$2197 [0], Y=$2\next_pc_select[1:0] [0]
      New connections: $2\next_pc_select[1:0] [1] = 1'0
  Optimizing cells in module \control_transfer.
  Optimizing cells in module \data_memory_interface.
    Consolidated identical input bits for $pmux cell $procmux$1734:
      Old ports: A={ $and$/workspace/incremental-synthesis/benchmarks/riscv-eco-003-base/core/common/data_memory_interface.sv:53$59_Y $and$/workspace/incremental-synthesis/benchmarks/riscv-eco-003-base/core/common/data_memory_interface.sv:53$59_Y $and$/workspace/incremental-synthesis/benchmarks/riscv-eco-003-base/core/common/data_memory_interface.sv:53$59_Y $and$/workspace/incremental-synthesis/benchmarks/riscv-eco-003-base/core/common/data_memory_interface.sv:53$59_Y $and$/workspace/incremental-synthesis/benchmarks/riscv-eco-003-base/core/common/data_memory_interface.sv:53$59_Y $and$/workspace/incremental-synthesis/benchmarks/riscv-eco-003-base/core/common/data_memory_interface.sv:53$59_Y $and$/workspace/incremental-synthesis/benchmarks/riscv-eco-003-base/core/common/data_memory_interface.sv:53$59_Y $and$/workspace/incremental-synthesis/benchmarks/riscv-eco-003-base/core/common/data_memory_interface.sv:53$59_Y $and$/workspace/incremental-synthesis/benchmarks/riscv-eco-003-base/core/common/data_memory_interface.sv:53$59_Y $and$/workspace/incremental-synthesis/benchmarks/riscv-eco-003-base/core/common/data_memory_interface.sv:53$59_Y $and$/workspace/incremental-synthesis/benchmarks/riscv-eco-003-base/core/common/data_memory_interface.sv:53$59_Y $and$/workspace/incremental-synthesis/benchmarks/riscv-eco-003-base/core/common/data_memory_interface.sv:53$59_Y $and$/workspace/incremental-synthesis/benchmarks/riscv-eco-003-base/core/common/data_memory_interface.sv:53$59_Y $and$/workspace/incremental-synthesis/benchmarks/riscv-eco-003-base/core/common/data_memory_interface.sv:53$59_Y $and$/workspace/incremental-synthesis/benchmarks/riscv-eco-003-base/core/common/data_memory_interface.sv:53$59_Y $and$/workspace/incremental-synthesis/benchmarks/riscv-eco-003-base/core/common/data_memory_interface.sv:53$59_Y $and$/workspace/incremental-synthesis/benchmarks/riscv-eco-003-base/core/common/data_memory_interface.sv:53$59_Y $and$/workspace/incremental-synthesis/benchmarks/riscv-eco-003-base/core/common/data_memory_interface.sv:53$59_Y $and$/workspace/incremental-synthesis/benchmarks/riscv-eco-003-base/core/common/data_memory_interface.sv:53$59_Y $and$/workspace/incremental-synthesis/benchmarks/riscv-eco-003-base/core/common/data_memory_interface.sv:53$59_Y $and$/workspace/incremental-synthesis/benchmarks/riscv-eco-003-base/core/common/data_memory_interface.sv:53$59_Y $and$/workspace/incremental-synthesis/benchmarks/riscv-eco-003-base/core/common/data_memory_interface.sv:53$59_Y $and$/workspace/incremental-synthesis/benchmarks/riscv-eco-003-base/core/common/data_memory_interface.sv:53$59_Y $and$/workspace/incremental-synthesis/benchmarks/riscv-eco-003-base/core/common/data_memory_interface.sv:53$59_Y \position_fix [7:0] }, B={ $and$/workspace/incremental-synthesis/benchmarks/riscv-eco-003-base/core/common/data_memory_interface.sv:54$61_Y $and$/workspace/incremental-synthesis/benchmarks/riscv-eco-003-base/core/common/data_memory_interface.sv:54$61_Y $and$/workspace/incremental-synthesis/benchmarks/riscv-eco-003-base/core/common/data_memory_interface.sv:54$61_Y $and$/workspace/incremental-synthesis/benchmarks/riscv-eco-003-base/core/common/data_memory_interface.sv:54$61_Y $and$/workspace/incremental-synthesis/benchmarks/riscv-eco-003-base/core/common/data_memory_interface.sv:54$61_Y $and$/workspace/incremental-synthesis/benchmarks/riscv-eco-003-base/core/common/data_memory_interface.sv:54$61_Y $and$/workspace/incremental-synthesis/benchmarks/riscv-eco-003-base/core/common/data_memory_interface.sv:54$61_Y $and$/workspace/incremental-synthesis/benchmarks/riscv-eco-003-base/core/common/data_memory_interface.sv:54$61_Y $and$/workspace/incremental-synthesis/benchmarks/riscv-eco-003-base/core/common/data_memory_interface.sv:54$61_Y $and$/workspace/incremental-synthesis/benchmarks/riscv-eco-003-base/core/common/data_memory_interface.sv:54$61_Y $and$/workspace/incremental-synthesis/benchmarks/riscv-eco-003-base/core/common/data_memory_interface.sv:54$61_Y $and$/workspace/incremental-synthesis/benchmarks/riscv-eco-003-base/core/common/data_memory_interface.sv:54$61_Y $and$/workspace/incremental-synthesis/benchmarks/riscv-eco-003-base/core/common/data_memory_interface.sv:54$61_Y $and$/workspace/incremental-synthesis/benchmarks/riscv-eco-003-base/core/common/data_memory_interface.sv:54$61_Y $and$/workspace/incremental-synthesis/benchmarks/riscv-eco-003-base/core/common/data_memory_interface.sv:54$61_Y $and$/workspace/incremental-synthesis/benchmarks/riscv-eco-003-base/core/common/data_memory_interface.sv:54$61_Y \position_fix [15:0] \position_fix }, Y=\read_data
      New ports: A={ $and$/workspace/incremental-synthesis/benchmarks/riscv-eco-003-base/core/common/data_memory_interface.sv:53$59_Y $and$/workspace/incremental-synthesis/benchmarks/riscv-eco-003-base/core/common/data_memory_interface.sv:53$59_Y $and$/workspace/incremental-synthesis/benchmarks/riscv-eco-003-base/core/common/data_memory_interface.sv:53$59_Y $and$/workspace/incremental-synthesis/benchmarks/riscv-eco-003-base/core/common/data_memory_interface.sv:53$59_Y $and$/workspace/incremental-synthesis/benchmarks/riscv-eco-003-base/core/common/data_memory_interface.sv:53$59_Y $and$/workspace/incremental-synthesis/benchmarks/riscv-eco-003-base/core/common/data_memory_interface.sv:53$59_Y $and$/workspace/incremental-synthesis/benchmarks/riscv-eco-003-base/core/common/data_memory_interface.sv:53$59_Y $and$/workspace/incremental-synthesis/benchmarks/riscv-eco-003-base/core/common/data_memory_interface.sv:53$59_Y $and$/workspace/incremental-synthesis/benchmarks/riscv-eco-003-base/core/common/data_memory_interface.sv:53$59_Y $and$/workspace/incremental-synthesis/benchmarks/riscv-eco-003-base/core/common/data_memory_interface.sv:53$59_Y $and$/workspace/incremental-synthesis/benchmarks/riscv-eco-003-base/core/common/data_memory_interface.sv:53$59_Y $and$/workspace/incremental-synthesis/benchmarks/riscv-eco-003-base/core/common/data_memory_interface.sv:53$59_Y $and$/workspace/incremental-synthesis/benchmarks/riscv-eco-003-base/core/common/data_memory_interface.sv:53$59_Y $and$/workspace/incremental-synthesis/benchmarks/riscv-eco-003-base/core/common/data_memory_interface.sv:53$59_Y $and$/workspace/incremental-synthesis/benchmarks/riscv-eco-003-base/core/common/data_memory_interface.sv:53$59_Y $and$/workspace/incremental-synthesis/benchmarks/riscv-eco-003-base/core/common/data_memory_interface.sv:53$59_Y $and$/workspace/incremental-synthesis/benchmarks/riscv-eco-003-base/core/common/data_memory_interface.sv:53$59_Y $and$/workspace/incremental-synthesis/benchmarks/riscv-eco-003-base/core/common/data_memory_interface.sv:53$59_Y $and$/workspace/incremental-synthesis/benchmarks/riscv-eco-003-base/core/common/data_memory_interface.sv:53$59_Y $and$/workspace/incremental-synthesis/benchmarks/riscv-eco-003-base/core/common/data_memory_interface.sv:53$59_Y $and$/workspace/incremental-synthesis/benchmarks/riscv-eco-003-base/core/common/data_memory_interface.sv:53$59_Y $and$/workspace/incremental-synthesis/benchmarks/riscv-eco-003-base/core/common/data_memory_interface.sv:53$59_Y $and$/workspace/incremental-synthesis/benchmarks/riscv-eco-003-base/core/common/data_memory_interface.sv:53$59_Y $and$/workspace/incremental-synthesis/benchmarks/riscv-eco-003-base/core/common/data_memory_interface.sv:53$59_Y }, B={ $and$/workspace/incremental-synthesis/benchmarks/riscv-eco-003-base/core/common/data_memory_interface.sv:54$61_Y $and$/workspace/incremental-synthesis/benchmarks/riscv-eco-003-base/core/common/data_memory_interface.sv:54$61_Y $and$/workspace/incremental-synthesis/benchmarks/riscv-eco-003-base/core/common/data_memory_interface.sv:54$61_Y $and$/workspace/incremental-synthesis/benchmarks/riscv-eco-003-base/core/common/data_memory_interface.sv:54$61_Y $and$/workspace/incremental-synthesis/benchmarks/riscv-eco-003-base/core/common/data_memory_interface.sv:54$61_Y $and$/workspace/incremental-synthesis/benchmarks/riscv-eco-003-base/core/common/data_memory_interface.sv:54$61_Y $and$/workspace/incremental-synthesis/benchmarks/riscv-eco-003-base/core/common/data_memory_interface.sv:54$61_Y $and$/workspace/incremental-synthesis/benchmarks/riscv-eco-003-base/core/common/data_memory_interface.sv:54$61_Y $and$/workspace/incremental-synthesis/benchmarks/riscv-eco-003-base/core/common/data_memory_interface.sv:54$61_Y $and$/workspace/incremental-synthesis/benchmarks/riscv-eco-003-base/core/common/data_memory_interface.sv:54$61_Y $and$/workspace/incremental-synthesis/benchmarks/riscv-eco-003-base/core/common/data_memory_interface.sv:54$61_Y $and$/workspace/incremental-synthesis/benchmarks/riscv-eco-003-base/core/common/data_memory_interface.sv:54$61_Y $and$/workspace/incremental-synthesis/benchmarks/riscv-eco-003-base/core/common/data_memory_interface.sv:54$61_Y $and$/workspace/incremental-synthesis/benchmarks/riscv-eco-003-base/core/common/data_memory_interface.sv:54$61_Y $and$/workspace/incremental-synthesis/benchmarks/riscv-eco-003-base/core/common/data_memory_interface.sv:54$61_Y $and$/workspace/incremental-synthesis/benchmarks/riscv-eco-003-base/core/common/data_memory_interface.sv:54$61_Y \position_fix [15:8] \position_fix [31:8] }, Y=\read_data [31:8]
      New connections: \read_data [7:0] = \position_fix [7:0]
  Optimizing cells in module \data_memory_interface.
  Optimizing cells in module \immediate_generator.
  Optimizing cells in module \instruction_decoder.
  Optimizing cells in module \regfile.
  Optimizing cells in module \riscv_core.
  Optimizing cells in module \singlecycle_control.
    Consolidated identical input bits for $pmux cell $procmux$162:
      Old ports: A=3'010, B=9'000011001, Y=\reg_writeback_select
      New ports: A=2'10, B=6'001101, Y=\reg_writeback_select [1:0]
      New connections: \reg_writeback_select [2] = 1'0
  Optimizing cells in module \singlecycle_control.
  Optimizing cells in module \singlecycle_ctlpath.
  Optimizing cells in module \singlecycle_datapath.
Performed a total of 22 changes.

30.19.5. Executing OPT_MERGE pass (detect identical cells).
Finding identical cells in module `$paramod$5ef3be0bfad1454aaa6432c4ab405bbd7cbab26b\multiplexer'.
Computing hashes of 8 cells of `$paramod$5ef3be0bfad1454aaa6432c4ab405bbd7cbab26b\multiplexer'.
Finding duplicate cells in `$paramod$5ef3be0bfad1454aaa6432c4ab405bbd7cbab26b\multiplexer'.
Finding identical cells in module `$paramod$6a3d32cf08b5e9a4d56891e3d8781ccd4215c4af\multiplexer'.
Computing hashes of 1 cells of `$paramod$6a3d32cf08b5e9a4d56891e3d8781ccd4215c4af\multiplexer'.
Finding duplicate cells in `$paramod$6a3d32cf08b5e9a4d56891e3d8781ccd4215c4af\multiplexer'.
Finding identical cells in module `$paramod$99da07bf27abaac915a8c95d36d6f2808394e702\multiplexer'.
Computing hashes of 4 cells of `$paramod$99da07bf27abaac915a8c95d36d6f2808394e702\multiplexer'.
Finding duplicate cells in `$paramod$99da07bf27abaac915a8c95d36d6f2808394e702\multiplexer'.
Finding identical cells in module `$paramod$e358a763f16798cd10903dfd37e7986c0fbbe40f\register'.
Computing hashes of 1 cells of `$paramod$e358a763f16798cd10903dfd37e7986c0fbbe40f\register'.
Finding duplicate cells in `$paramod$e358a763f16798cd10903dfd37e7986c0fbbe40f\register'.
Finding identical cells in module `$paramod\adder\WIDTH=s32'00000000000000000000000000100000'.
Computing hashes of 1 cells of `$paramod\adder\WIDTH=s32'00000000000000000000000000100000'.
Finding duplicate cells in `$paramod\adder\WIDTH=s32'00000000000000000000000000100000'.
Finding identical cells in module `$paramod\multiplexer2\WIDTH=s32'00000000000000000000000000100000'.
Computing hashes of 1 cells of `$paramod\multiplexer2\WIDTH=s32'00000000000000000000000000100000'.
Finding duplicate cells in `$paramod\multiplexer2\WIDTH=s32'00000000000000000000000000100000'.
Finding identical cells in module `$paramod\multiplexer4\WIDTH=s32'00000000000000000000000000100000'.
Computing hashes of 1 cells of `$paramod\multiplexer4\WIDTH=s32'00000000000000000000000000100000'.
Finding duplicate cells in `$paramod\multiplexer4\WIDTH=s32'00000000000000000000000000100000'.
Finding identical cells in module `$paramod\multiplexer8\WIDTH=s32'00000000000000000000000000100000'.
Computing hashes of 1 cells of `$paramod\multiplexer8\WIDTH=s32'00000000000000000000000000100000'.
Finding duplicate cells in `$paramod\multiplexer8\WIDTH=s32'00000000000000000000000000100000'.
Finding identical cells in module `\alu'.
Computing hashes of 52 cells of `\alu'.
Finding duplicate cells in `\alu'.
Finding identical cells in module `\alu_control'.
Computing hashes of 32 cells of `\alu_control'.
Finding duplicate cells in `\alu_control'.
Computing hashes of 27 cells of `\alu_control'.
Finding duplicate cells in `\alu_control'.
<suppressed ~15 debug messages>
Finding identical cells in module `\control_transfer'.
Computing hashes of 9 cells of `\control_transfer'.
Finding duplicate cells in `\control_transfer'.
Finding identical cells in module `\data_memory_interface'.
Computing hashes of 13 cells of `\data_memory_interface'.
Finding duplicate cells in `\data_memory_interface'.
Finding identical cells in module `\immediate_generator'.
Computing hashes of 14 cells of `\immediate_generator'.
Finding duplicate cells in `\immediate_generator'.
Finding identical cells in module `\instruction_decoder'.
Computing hashes of 0 cells of `\instruction_decoder'.
Finding duplicate cells in `\instruction_decoder'.
Finding identical cells in module `\regfile'.
Computing hashes of 162 cells of `\regfile'.
Finding duplicate cells in `\regfile'.
Finding identical cells in module `\riscv_core'.
Computing hashes of 5 cells of `\riscv_core'.
Finding duplicate cells in `\riscv_core'.
Finding identical cells in module `\singlecycle_control'.
Computing hashes of 21 cells of `\singlecycle_control'.
Finding duplicate cells in `\singlecycle_control'.
Finding identical cells in module `\singlecycle_ctlpath'.
Computing hashes of 3 cells of `\singlecycle_ctlpath'.
Finding duplicate cells in `\singlecycle_ctlpath'.
Finding identical cells in module `\singlecycle_datapath'.
Computing hashes of 9 cells of `\singlecycle_datapath'.
Finding duplicate cells in `\singlecycle_datapath'.
Removed a total of 5 cells.

30.19.6. Executing OPT_SHARE pass.
    Found cells that share an operand and can be merged by moving the $pmux $procmux$1739 in front of them:
        $shl$/workspace/incremental-synthesis/benchmarks/riscv-eco-003-base/core/common/data_memory_interface.sv:40$53
        $shl$/workspace/incremental-synthesis/benchmarks/riscv-eco-003-base/core/common/data_memory_interface.sv:39$52
        $shl$/workspace/incremental-synthesis/benchmarks/riscv-eco-003-base/core/common/data_memory_interface.sv:38$51

30.19.7. Executing OPT_DFF pass (perform DFF optimizations).

30.19.8. Executing OPT_CLEAN pass (remove unused cells and wires).
Finding unused cells or wires in module $paramod$5ef3be0bfad1454aaa6432c4ab405bbd7cbab26b\multiplexer..
Finding unused cells or wires in module $paramod$6a3d32cf08b5e9a4d56891e3d8781ccd4215c4af\multiplexer..
Finding unused cells or wires in module $paramod$99da07bf27abaac915a8c95d36d6f2808394e702\multiplexer..
Finding unused cells or wires in module $paramod$e358a763f16798cd10903dfd37e7986c0fbbe40f\register..
Finding unused cells or wires in module $paramod\adder\WIDTH=s32'00000000000000000000000000100000..
Finding unused cells or wires in module $paramod\multiplexer2\WIDTH=s32'00000000000000000000000000100000..
Finding unused cells or wires in module $paramod\multiplexer4\WIDTH=s32'00000000000000000000000000100000..
Finding unused cells or wires in module $paramod\multiplexer8\WIDTH=s32'00000000000000000000000000100000..
Finding unused cells or wires in module \alu..
Finding unused cells or wires in module \alu_control..
Finding unused cells or wires in module \control_transfer..
Finding unused cells or wires in module \data_memory_interface..
Finding unused cells or wires in module \immediate_generator..
Finding unused cells or wires in module \instruction_decoder..
Finding unused cells or wires in module \regfile..
Finding unused cells or wires in module \riscv_core..
Finding unused cells or wires in module \singlecycle_control..
Finding unused cells or wires in module \singlecycle_ctlpath..
Finding unused cells or wires in module \singlecycle_datapath..
Removed 0 unused cells and 24 unused wires.
<suppressed ~2 debug messages>

30.19.9. Executing OPT_EXPR pass (perform const folding).
Optimizing module $paramod$5ef3be0bfad1454aaa6432c4ab405bbd7cbab26b\multiplexer.
Optimizing module $paramod$6a3d32cf08b5e9a4d56891e3d8781ccd4215c4af\multiplexer.
Optimizing module $paramod$99da07bf27abaac915a8c95d36d6f2808394e702\multiplexer.
Optimizing module $paramod$e358a763f16798cd10903dfd37e7986c0fbbe40f\register.
Optimizing module $paramod\adder\WIDTH=s32'00000000000000000000000000100000.
Optimizing module $paramod\multiplexer2\WIDTH=s32'00000000000000000000000000100000.
Optimizing module $paramod\multiplexer4\WIDTH=s32'00000000000000000000000000100000.
Optimizing module $paramod\multiplexer8\WIDTH=s32'00000000000000000000000000100000.
Optimizing module alu.
Optimizing module alu_control.
<suppressed ~1 debug messages>
Optimizing module control_transfer.
<suppressed ~1 debug messages>
Optimizing module data_memory_interface.
<suppressed ~1 debug messages>
Optimizing module immediate_generator.
Optimizing module instruction_decoder.
Optimizing module regfile.
Optimizing module riscv_core.
Optimizing module singlecycle_control.
Optimizing module singlecycle_ctlpath.
Optimizing module singlecycle_datapath.

30.19.10. Rerunning OPT passes. (Maybe there is more to do..)

30.19.11. Executing OPT_MUXTREE pass (detect dead branches in mux trees).
Running muxtree optimizer on module $paramod$5ef3be0bfad1454aaa6432c4ab405bbd7cbab26b\multiplexer..
  Creating internal representation of mux trees.
  Evaluating internal representation of mux trees.
  Analyzing evaluation results.
Running muxtree optimizer on module $paramod$6a3d32cf08b5e9a4d56891e3d8781ccd4215c4af\multiplexer..
  Creating internal representation of mux trees.
  Evaluating internal representation of mux trees.
  Analyzing evaluation results.
Running muxtree optimizer on module $paramod$99da07bf27abaac915a8c95d36d6f2808394e702\multiplexer..
  Creating internal representation of mux trees.
  Evaluating internal representation of mux trees.
  Analyzing evaluation results.
Running muxtree optimizer on module $paramod$e358a763f16798cd10903dfd37e7986c0fbbe40f\register..
  Creating internal representation of mux trees.
  No muxes found in this module.
Running muxtree optimizer on module $paramod\adder\WIDTH=s32'00000000000000000000000000100000..
  Creating internal representation of mux trees.
  No muxes found in this module.
Running muxtree optimizer on module $paramod\multiplexer2\WIDTH=s32'00000000000000000000000000100000..
  Creating internal representation of mux trees.
  No muxes found in this module.
Running muxtree optimizer on module $paramod\multiplexer4\WIDTH=s32'00000000000000000000000000100000..
  Creating internal representation of mux trees.
  No muxes found in this module.
Running muxtree optimizer on module $paramod\multiplexer8\WIDTH=s32'00000000000000000000000000100000..
  Creating internal representation of mux trees.
  No muxes found in this module.
Running muxtree optimizer on module \alu..
  Creating internal representation of mux trees.
  Evaluating internal representation of mux trees.
  Analyzing evaluation results.
Running muxtree optimizer on module \alu_control..
  Creating internal representation of mux trees.
  Evaluating internal representation of mux trees.
  Analyzing evaluation results.
Running muxtree optimizer on module \control_transfer..
  Creating internal representation of mux trees.
  Evaluating internal representation of mux trees.
  Analyzing evaluation results.
Running muxtree optimizer on module \data_memory_interface..
  Creating internal representation of mux trees.
  Evaluating internal representation of mux trees.
  Analyzing evaluation results.
Running muxtree optimizer on module \immediate_generator..
  Creating internal representation of mux trees.
  Evaluating internal representation of mux trees.
  Analyzing evaluation results.
Running muxtree optimizer on module \instruction_decoder..
  Creating internal representation of mux trees.
  No muxes found in this module.
Running muxtree optimizer on module \regfile..
  Creating internal representation of mux trees.
  Evaluating internal representation of mux trees.
  Analyzing evaluation results.
Running muxtree optimizer on module \riscv_core..
  Creating internal representation of mux trees.
  No muxes found in this module.
Running muxtree optimizer on module \singlecycle_control..
  Creating internal representation of mux trees.
  Evaluating internal representation of mux trees.
  Analyzing evaluation results.
Running muxtree optimizer on module \singlecycle_ctlpath..
  Creating internal representation of mux trees.
  No muxes found in this module.
Running muxtree optimizer on module \singlecycle_datapath..
  Creating internal representation of mux trees.
  No muxes found in this module.
Removed 0 multiplexer ports.
<suppressed ~79 debug messages>

30.19.12. Executing OPT_REDUCE pass (consolidate $*mux and $reduce_* inputs).
  Optimizing cells in module $paramod$5ef3be0bfad1454aaa6432c4ab405bbd7cbab26b\multiplexer.
  Optimizing cells in module $paramod$6a3d32cf08b5e9a4d56891e3d8781ccd4215c4af\multiplexer.
  Optimizing cells in module $paramod$99da07bf27abaac915a8c95d36d6f2808394e702\multiplexer.
  Optimizing cells in module $paramod$e358a763f16798cd10903dfd37e7986c0fbbe40f\register.
  Optimizing cells in module $paramod\adder\WIDTH=s32'00000000000000000000000000100000.
  Optimizing cells in module $paramod\multiplexer2\WIDTH=s32'00000000000000000000000000100000.
  Optimizing cells in module $paramod\multiplexer4\WIDTH=s32'00000000000000000000000000100000.
  Optimizing cells in module $paramod\multiplexer8\WIDTH=s32'00000000000000000000000000100000.
  Optimizing cells in module \alu.
  Optimizing cells in module \alu_control.
    Consolidated identical input bits for $mux cell $memory$auto$proc_rom.cc:155:do_switch$154$rdmux[0][1][1]$2245:
      Old ports: A={ $memory$auto$proc_rom.cc:155:do_switch$154$rdmux[0][1][0]$a$2243 [2] $memory$auto$proc_rom.cc:155:do_switch$154$rdmux[0][1][0]$a$2243 [0] $memory$auto$proc_rom.cc:155:do_switch$154$rdmux[0][1][0]$a$2243 [0] $memory$auto$proc_rom.cc:155:do_switch$154$rdmux[0][1][0]$a$2243 [0] }, B={ 2'10 $memory$auto$proc_rom.cc:155:do_switch$154$rdmux[0][1][0]$a$2243 [2] $memory$auto$proc_rom.cc:155:do_switch$154$rdmux[0][1][0]$a$2243 [0] }, Y={ $memory$auto$proc_rom.cc:155:do_switch$154$rdmux[0][0][0]$b$2241 [4] $memory$auto$proc_rom.cc:155:do_switch$154$rdmux[0][0][0]$b$2241 [2:0] }
      New ports: A={ $memory$auto$proc_rom.cc:155:do_switch$154$rdmux[0][1][0]$a$2243 [2] $memory$auto$proc_rom.cc:155:do_switch$154$rdmux[0][1][0]$a$2243 [0] $memory$auto$proc_rom.cc:155:do_switch$154$rdmux[0][1][0]$a$2243 [0] }, B={ 2'10 $memory$auto$proc_rom.cc:155:do_switch$154$rdmux[0][1][0]$a$2243 [2] }, Y={ $memory$auto$proc_rom.cc:155:do_switch$154$rdmux[0][0][0]$b$2241 [4] $memory$auto$proc_rom.cc:155:do_switch$154$rdmux[0][0][0]$b$2241 [2:1] }
      New connections: $memory$auto$proc_rom.cc:155:do_switch$154$rdmux[0][0][0]$b$2241 [0] = $memory$auto$proc_rom.cc:155:do_switch$154$rdmux[0][1][0]$a$2243 [0]
    Consolidated identical input bits for $mux cell $memory$auto$proc_rom.cc:155:do_switch$154$rdmux[0][1][0]$2242:
      Old ports: A={ $memory$auto$proc_rom.cc:155:do_switch$154$rdmux[0][1][0]$a$2243 [2] $memory$auto$proc_rom.cc:155:do_switch$154$rdmux[0][1][0]$a$2243 [0] $memory$auto$proc_rom.cc:155:do_switch$154$rdmux[0][1][0]$a$2243 [0] }, B={ 1'1 $memory$auto$proc_rom.cc:155:do_switch$154$rdmux[0][1][0]$a$2243 [2] $memory$auto$proc_rom.cc:155:do_switch$154$rdmux[0][1][0]$a$2243 [0] }, Y=$memory$auto$proc_rom.cc:155:do_switch$154$rdmux[0][0][0]$a$2240 [2:0]
      New ports: A={ $memory$auto$proc_rom.cc:155:do_switch$154$rdmux[0][1][0]$a$2243 [2] $memory$auto$proc_rom.cc:155:do_switch$154$rdmux[0][1][0]$a$2243 [0] }, B={ 1'1 $memory$auto$proc_rom.cc:155:do_switch$154$rdmux[0][1][0]$a$2243 [2] }, Y=$memory$auto$proc_rom.cc:155:do_switch$154$rdmux[0][0][0]$a$2240 [2:1]
      New connections: $memory$auto$proc_rom.cc:155:do_switch$154$rdmux[0][0][0]$a$2240 [0] = $memory$auto$proc_rom.cc:155:do_switch$154$rdmux[0][1][0]$a$2243 [0]
  Optimizing cells in module \alu_control.
    Consolidated identical input bits for $mux cell $memory$auto$proc_rom.cc:155:do_switch$154$rdmux[0][0][0]$2239:
      Old ports: A={ 2'01 $memory$auto$proc_rom.cc:155:do_switch$154$rdmux[0][0][0]$a$2240 [2:0] }, B={ $memory$auto$proc_rom.cc:155:do_switch$154$rdmux[0][0][0]$b$2241 [4] $memory$auto$proc_rom.cc:155:do_switch$154$rdmux[0][0][0]$b$2241 [2] $memory$auto$proc_rom.cc:155:do_switch$154$rdmux[0][0][0]$b$2241 [2:0] }, Y=\m_extension_funct
      New ports: A={ 2'01 $memory$auto$proc_rom.cc:155:do_switch$154$rdmux[0][0][0]$a$2240 [2:1] }, B={ $memory$auto$proc_rom.cc:155:do_switch$154$rdmux[0][0][0]$b$2241 [4] $memory$auto$proc_rom.cc:155:do_switch$154$rdmux[0][0][0]$b$2241 [2] $memory$auto$proc_rom.cc:155:do_switch$154$rdmux[0][0][0]$b$2241 [2:1] }, Y=\m_extension_funct [4:1]
      New connections: \m_extension_funct [0] = $memory$auto$proc_rom.cc:155:do_switch$154$rdmux[0][1][0]$a$2243 [0]
  Optimizing cells in module \alu_control.
  Optimizing cells in module \control_transfer.
  Optimizing cells in module \data_memory_interface.
    Consolidated identical input bits for $pmux cell $auto$opt_share.cc:246:merge_operators$2282:
      Old ports: A=4'0001, B=8'00111111, Y=$auto$rtlil.cc:3404:Pmux$2283
      New ports: A=2'00, B=4'0111, Y=$auto$rtlil.cc:3404:Pmux$2283 [2:1]
      New connections: { $auto$rtlil.cc:3404:Pmux$2283 [3] $auto$rtlil.cc:3404:Pmux$2283 [0] } = { $auto$rtlil.cc:3404:Pmux$2283 [2] 1'1 }
    New ctrl vector for $pmux cell $procmux$1739: $auto$opt_reduce.cc:137:opt_pmux$2285
  Optimizing cells in module \data_memory_interface.
  Optimizing cells in module \immediate_generator.
  Optimizing cells in module \instruction_decoder.
  Optimizing cells in module \regfile.
  Optimizing cells in module \riscv_core.
  Optimizing cells in module \singlecycle_control.
  Optimizing cells in module \singlecycle_ctlpath.
  Optimizing cells in module \singlecycle_datapath.
Performed a total of 5 changes.

30.19.13. Executing OPT_MERGE pass (detect identical cells).
Finding identical cells in module `$paramod$5ef3be0bfad1454aaa6432c4ab405bbd7cbab26b\multiplexer'.
Computing hashes of 8 cells of `$paramod$5ef3be0bfad1454aaa6432c4ab405bbd7cbab26b\multiplexer'.
Finding duplicate cells in `$paramod$5ef3be0bfad1454aaa6432c4ab405bbd7cbab26b\multiplexer'.
Finding identical cells in module `$paramod$6a3d32cf08b5e9a4d56891e3d8781ccd4215c4af\multiplexer'.
Computing hashes of 1 cells of `$paramod$6a3d32cf08b5e9a4d56891e3d8781ccd4215c4af\multiplexer'.
Finding duplicate cells in `$paramod$6a3d32cf08b5e9a4d56891e3d8781ccd4215c4af\multiplexer'.
Finding identical cells in module `$paramod$99da07bf27abaac915a8c95d36d6f2808394e702\multiplexer'.
Computing hashes of 4 cells of `$paramod$99da07bf27abaac915a8c95d36d6f2808394e702\multiplexer'.
Finding duplicate cells in `$paramod$99da07bf27abaac915a8c95d36d6f2808394e702\multiplexer'.
Finding identical cells in module `$paramod$e358a763f16798cd10903dfd37e7986c0fbbe40f\register'.
Computing hashes of 1 cells of `$paramod$e358a763f16798cd10903dfd37e7986c0fbbe40f\register'.
Finding duplicate cells in `$paramod$e358a763f16798cd10903dfd37e7986c0fbbe40f\register'.
Finding identical cells in module `$paramod\adder\WIDTH=s32'00000000000000000000000000100000'.
Computing hashes of 1 cells of `$paramod\adder\WIDTH=s32'00000000000000000000000000100000'.
Finding duplicate cells in `$paramod\adder\WIDTH=s32'00000000000000000000000000100000'.
Finding identical cells in module `$paramod\multiplexer2\WIDTH=s32'00000000000000000000000000100000'.
Computing hashes of 1 cells of `$paramod\multiplexer2\WIDTH=s32'00000000000000000000000000100000'.
Finding duplicate cells in `$paramod\multiplexer2\WIDTH=s32'00000000000000000000000000100000'.
Finding identical cells in module `$paramod\multiplexer4\WIDTH=s32'00000000000000000000000000100000'.
Computing hashes of 1 cells of `$paramod\multiplexer4\WIDTH=s32'00000000000000000000000000100000'.
Finding duplicate cells in `$paramod\multiplexer4\WIDTH=s32'00000000000000000000000000100000'.
Finding identical cells in module `$paramod\multiplexer8\WIDTH=s32'00000000000000000000000000100000'.
Computing hashes of 1 cells of `$paramod\multiplexer8\WIDTH=s32'00000000000000000000000000100000'.
Finding duplicate cells in `$paramod\multiplexer8\WIDTH=s32'00000000000000000000000000100000'.
Finding identical cells in module `\alu'.
Computing hashes of 52 cells of `\alu'.
Finding duplicate cells in `\alu'.
Finding identical cells in module `\alu_control'.
Computing hashes of 26 cells of `\alu_control'.
Finding duplicate cells in `\alu_control'.
Finding identical cells in module `\control_transfer'.
Computing hashes of 8 cells of `\control_transfer'.
Finding duplicate cells in `\control_transfer'.
Finding identical cells in module `\data_memory_interface'.
Computing hashes of 13 cells of `\data_memory_interface'.
Finding duplicate cells in `\data_memory_interface'.
Finding identical cells in module `\immediate_generator'.
Computing hashes of 14 cells of `\immediate_generator'.
Finding duplicate cells in `\immediate_generator'.
Finding identical cells in module `\instruction_decoder'.
Computing hashes of 0 cells of `\instruction_decoder'.
Finding duplicate cells in `\instruction_decoder'.
Finding identical cells in module `\regfile'.
Computing hashes of 162 cells of `\regfile'.
Finding duplicate cells in `\regfile'.
Finding identical cells in module `\riscv_core'.
Computing hashes of 5 cells of `\riscv_core'.
Finding duplicate cells in `\riscv_core'.
Finding identical cells in module `\singlecycle_control'.
Computing hashes of 21 cells of `\singlecycle_control'.
Finding duplicate cells in `\singlecycle_control'.
Finding identical cells in module `\singlecycle_ctlpath'.
Computing hashes of 3 cells of `\singlecycle_ctlpath'.
Finding duplicate cells in `\singlecycle_ctlpath'.
Finding identical cells in module `\singlecycle_datapath'.
Computing hashes of 9 cells of `\singlecycle_datapath'.
Finding duplicate cells in `\singlecycle_datapath'.
Removed a total of 0 cells.

30.19.14. Executing OPT_SHARE pass.

30.19.15. Executing OPT_DFF pass (perform DFF optimizations).

30.19.16. Executing OPT_CLEAN pass (remove unused cells and wires).
Finding unused cells or wires in module $paramod$5ef3be0bfad1454aaa6432c4ab405bbd7cbab26b\multiplexer..
Finding unused cells or wires in module $paramod$6a3d32cf08b5e9a4d56891e3d8781ccd4215c4af\multiplexer..
Finding unused cells or wires in module $paramod$99da07bf27abaac915a8c95d36d6f2808394e702\multiplexer..
Finding unused cells or wires in module $paramod$e358a763f16798cd10903dfd37e7986c0fbbe40f\register..
Finding unused cells or wires in module $paramod\adder\WIDTH=s32'00000000000000000000000000100000..
Finding unused cells or wires in module $paramod\multiplexer2\WIDTH=s32'00000000000000000000000000100000..
Finding unused cells or wires in module $paramod\multiplexer4\WIDTH=s32'00000000000000000000000000100000..
Finding unused cells or wires in module $paramod\multiplexer8\WIDTH=s32'00000000000000000000000000100000..
Finding unused cells or wires in module \alu..
Finding unused cells or wires in module \alu_control..
Finding unused cells or wires in module \control_transfer..
Finding unused cells or wires in module \data_memory_interface..
Finding unused cells or wires in module \immediate_generator..
Finding unused cells or wires in module \instruction_decoder..
Finding unused cells or wires in module \regfile..
Finding unused cells or wires in module \riscv_core..
Finding unused cells or wires in module \singlecycle_control..
Finding unused cells or wires in module \singlecycle_ctlpath..
Finding unused cells or wires in module \singlecycle_datapath..
Removed 0 unused cells and 2 unused wires.
<suppressed ~2 debug messages>

30.19.17. Executing OPT_EXPR pass (perform const folding).
Optimizing module $paramod$5ef3be0bfad1454aaa6432c4ab405bbd7cbab26b\multiplexer.
Optimizing module $paramod$6a3d32cf08b5e9a4d56891e3d8781ccd4215c4af\multiplexer.
Optimizing module $paramod$99da07bf27abaac915a8c95d36d6f2808394e702\multiplexer.
Optimizing module $paramod$e358a763f16798cd10903dfd37e7986c0fbbe40f\register.
Optimizing module $paramod\adder\WIDTH=s32'00000000000000000000000000100000.
Optimizing module $paramod\multiplexer2\WIDTH=s32'00000000000000000000000000100000.
Optimizing module $paramod\multiplexer4\WIDTH=s32'00000000000000000000000000100000.
Optimizing module $paramod\multiplexer8\WIDTH=s32'00000000000000000000000000100000.
Optimizing module alu.
Optimizing module alu_control.
Optimizing module control_transfer.
Optimizing module data_memory_interface.
Optimizing module immediate_generator.
Optimizing module instruction_decoder.
Optimizing module regfile.
Optimizing module riscv_core.
Optimizing module singlecycle_control.
Optimizing module singlecycle_ctlpath.
Optimizing module singlecycle_datapath.

30.19.18. Rerunning OPT passes. (Maybe there is more to do..)

30.19.19. Executing OPT_MUXTREE pass (detect dead branches in mux trees).
Running muxtree optimizer on module $paramod$5ef3be0bfad1454aaa6432c4ab405bbd7cbab26b\multiplexer..
  Creating internal representation of mux trees.
  Evaluating internal representation of mux trees.
  Analyzing evaluation results.
Running muxtree optimizer on module $paramod$6a3d32cf08b5e9a4d56891e3d8781ccd4215c4af\multiplexer..
  Creating internal representation of mux trees.
  Evaluating internal representation of mux trees.
  Analyzing evaluation results.
Running muxtree optimizer on module $paramod$99da07bf27abaac915a8c95d36d6f2808394e702\multiplexer..
  Creating internal representation of mux trees.
  Evaluating internal representation of mux trees.
  Analyzing evaluation results.
Running muxtree optimizer on module $paramod$e358a763f16798cd10903dfd37e7986c0fbbe40f\register..
  Creating internal representation of mux trees.
  No muxes found in this module.
Running muxtree optimizer on module $paramod\adder\WIDTH=s32'00000000000000000000000000100000..
  Creating internal representation of mux trees.
  No muxes found in this module.
Running muxtree optimizer on module $paramod\multiplexer2\WIDTH=s32'00000000000000000000000000100000..
  Creating internal representation of mux trees.
  No muxes found in this module.
Running muxtree optimizer on module $paramod\multiplexer4\WIDTH=s32'00000000000000000000000000100000..
  Creating internal representation of mux trees.
  No muxes found in this module.
Running muxtree optimizer on module $paramod\multiplexer8\WIDTH=s32'00000000000000000000000000100000..
  Creating internal representation of mux trees.
  No muxes found in this module.
Running muxtree optimizer on module \alu..
  Creating internal representation of mux trees.
  Evaluating internal representation of mux trees.
  Analyzing evaluation results.
Running muxtree optimizer on module \alu_control..
  Creating internal representation of mux trees.
  Evaluating internal representation of mux trees.
  Analyzing evaluation results.
Running muxtree optimizer on module \control_transfer..
  Creating internal representation of mux trees.
  Evaluating internal representation of mux trees.
  Analyzing evaluation results.
Running muxtree optimizer on module \data_memory_interface..
  Creating internal representation of mux trees.
  Evaluating internal representation of mux trees.
  Analyzing evaluation results.
Running muxtree optimizer on module \immediate_generator..
  Creating internal representation of mux trees.
  Evaluating internal representation of mux trees.
  Analyzing evaluation results.
Running muxtree optimizer on module \instruction_decoder..
  Creating internal representation of mux trees.
  No muxes found in this module.
Running muxtree optimizer on module \regfile..
  Creating internal representation of mux trees.
  Evaluating internal representation of mux trees.
  Analyzing evaluation results.
Running muxtree optimizer on module \riscv_core..
  Creating internal representation of mux trees.
  No muxes found in this module.
Running muxtree optimizer on module \singlecycle_control..
  Creating internal representation of mux trees.
  Evaluating internal representation of mux trees.
  Analyzing evaluation results.
Running muxtree optimizer on module \singlecycle_ctlpath..
  Creating internal representation of mux trees.
  No muxes found in this module.
Running muxtree optimizer on module \singlecycle_datapath..
  Creating internal representation of mux trees.
  No muxes found in this module.
Removed 0 multiplexer ports.
<suppressed ~76 debug messages>

30.19.20. Executing OPT_REDUCE pass (consolidate $*mux and $reduce_* inputs).
  Optimizing cells in module $paramod$5ef3be0bfad1454aaa6432c4ab405bbd7cbab26b\multiplexer.
  Optimizing cells in module $paramod$6a3d32cf08b5e9a4d56891e3d8781ccd4215c4af\multiplexer.
  Optimizing cells in module $paramod$99da07bf27abaac915a8c95d36d6f2808394e702\multiplexer.
  Optimizing cells in module $paramod$e358a763f16798cd10903dfd37e7986c0fbbe40f\register.
  Optimizing cells in module $paramod\adder\WIDTH=s32'00000000000000000000000000100000.
  Optimizing cells in module $paramod\multiplexer2\WIDTH=s32'00000000000000000000000000100000.
  Optimizing cells in module $paramod\multiplexer4\WIDTH=s32'00000000000000000000000000100000.
  Optimizing cells in module $paramod\multiplexer8\WIDTH=s32'00000000000000000000000000100000.
  Optimizing cells in module \alu.
  Optimizing cells in module \alu_control.
  Optimizing cells in module \control_transfer.
  Optimizing cells in module \data_memory_interface.
  Optimizing cells in module \immediate_generator.
  Optimizing cells in module \instruction_decoder.
  Optimizing cells in module \regfile.
  Optimizing cells in module \riscv_core.
  Optimizing cells in module \singlecycle_control.
  Optimizing cells in module \singlecycle_ctlpath.
  Optimizing cells in module \singlecycle_datapath.
Performed a total of 0 changes.

30.19.21. Executing OPT_MERGE pass (detect identical cells).
Finding identical cells in module `$paramod$5ef3be0bfad1454aaa6432c4ab405bbd7cbab26b\multiplexer'.
Computing hashes of 8 cells of `$paramod$5ef3be0bfad1454aaa6432c4ab405bbd7cbab26b\multiplexer'.
Finding duplicate cells in `$paramod$5ef3be0bfad1454aaa6432c4ab405bbd7cbab26b\multiplexer'.
Finding identical cells in module `$paramod$6a3d32cf08b5e9a4d56891e3d8781ccd4215c4af\multiplexer'.
Computing hashes of 1 cells of `$paramod$6a3d32cf08b5e9a4d56891e3d8781ccd4215c4af\multiplexer'.
Finding duplicate cells in `$paramod$6a3d32cf08b5e9a4d56891e3d8781ccd4215c4af\multiplexer'.
Finding identical cells in module `$paramod$99da07bf27abaac915a8c95d36d6f2808394e702\multiplexer'.
Computing hashes of 4 cells of `$paramod$99da07bf27abaac915a8c95d36d6f2808394e702\multiplexer'.
Finding duplicate cells in `$paramod$99da07bf27abaac915a8c95d36d6f2808394e702\multiplexer'.
Finding identical cells in module `$paramod$e358a763f16798cd10903dfd37e7986c0fbbe40f\register'.
Computing hashes of 1 cells of `$paramod$e358a763f16798cd10903dfd37e7986c0fbbe40f\register'.
Finding duplicate cells in `$paramod$e358a763f16798cd10903dfd37e7986c0fbbe40f\register'.
Finding identical cells in module `$paramod\adder\WIDTH=s32'00000000000000000000000000100000'.
Computing hashes of 1 cells of `$paramod\adder\WIDTH=s32'00000000000000000000000000100000'.
Finding duplicate cells in `$paramod\adder\WIDTH=s32'00000000000000000000000000100000'.
Finding identical cells in module `$paramod\multiplexer2\WIDTH=s32'00000000000000000000000000100000'.
Computing hashes of 1 cells of `$paramod\multiplexer2\WIDTH=s32'00000000000000000000000000100000'.
Finding duplicate cells in `$paramod\multiplexer2\WIDTH=s32'00000000000000000000000000100000'.
Finding identical cells in module `$paramod\multiplexer4\WIDTH=s32'00000000000000000000000000100000'.
Computing hashes of 1 cells of `$paramod\multiplexer4\WIDTH=s32'00000000000000000000000000100000'.
Finding duplicate cells in `$paramod\multiplexer4\WIDTH=s32'00000000000000000000000000100000'.
Finding identical cells in module `$paramod\multiplexer8\WIDTH=s32'00000000000000000000000000100000'.
Computing hashes of 1 cells of `$paramod\multiplexer8\WIDTH=s32'00000000000000000000000000100000'.
Finding duplicate cells in `$paramod\multiplexer8\WIDTH=s32'00000000000000000000000000100000'.
Finding identical cells in module `\alu'.
Computing hashes of 52 cells of `\alu'.
Finding duplicate cells in `\alu'.
Finding identical cells in module `\alu_control'.
Computing hashes of 26 cells of `\alu_control'.
Finding duplicate cells in `\alu_control'.
Finding identical cells in module `\control_transfer'.
Computing hashes of 8 cells of `\control_transfer'.
Finding duplicate cells in `\control_transfer'.
Finding identical cells in module `\data_memory_interface'.
Computing hashes of 13 cells of `\data_memory_interface'.
Finding duplicate cells in `\data_memory_interface'.
Finding identical cells in module `\immediate_generator'.
Computing hashes of 14 cells of `\immediate_generator'.
Finding duplicate cells in `\immediate_generator'.
Finding identical cells in module `\instruction_decoder'.
Computing hashes of 0 cells of `\instruction_decoder'.
Finding duplicate cells in `\instruction_decoder'.
Finding identical cells in module `\regfile'.
Computing hashes of 162 cells of `\regfile'.
Finding duplicate cells in `\regfile'.
Finding identical cells in module `\riscv_core'.
Computing hashes of 5 cells of `\riscv_core'.
Finding duplicate cells in `\riscv_core'.
Finding identical cells in module `\singlecycle_control'.
Computing hashes of 21 cells of `\singlecycle_control'.
Finding duplicate cells in `\singlecycle_control'.
Finding identical cells in module `\singlecycle_ctlpath'.
Computing hashes of 3 cells of `\singlecycle_ctlpath'.
Finding duplicate cells in `\singlecycle_ctlpath'.
Finding identical cells in module `\singlecycle_datapath'.
Computing hashes of 9 cells of `\singlecycle_datapath'.
Finding duplicate cells in `\singlecycle_datapath'.
Removed a total of 0 cells.

30.19.22. Executing OPT_SHARE pass.

30.19.23. Executing OPT_DFF pass (perform DFF optimizations).

30.19.24. Executing OPT_CLEAN pass (remove unused cells and wires).
Finding unused cells or wires in module $paramod$5ef3be0bfad1454aaa6432c4ab405bbd7cbab26b\multiplexer..
Finding unused cells or wires in module $paramod$6a3d32cf08b5e9a4d56891e3d8781ccd4215c4af\multiplexer..
Finding unused cells or wires in module $paramod$99da07bf27abaac915a8c95d36d6f2808394e702\multiplexer..
Finding unused cells or wires in module $paramod$e358a763f16798cd10903dfd37e7986c0fbbe40f\register..
Finding unused cells or wires in module $paramod\adder\WIDTH=s32'00000000000000000000000000100000..
Finding unused cells or wires in module $paramod\multiplexer2\WIDTH=s32'00000000000000000000000000100000..
Finding unused cells or wires in module $paramod\multiplexer4\WIDTH=s32'00000000000000000000000000100000..
Finding unused cells or wires in module $paramod\multiplexer8\WIDTH=s32'00000000000000000000000000100000..
Finding unused cells or wires in module \alu..
Finding unused cells or wires in module \alu_control..
Finding unused cells or wires in module \control_transfer..
Finding unused cells or wires in module \data_memory_interface..
Finding unused cells or wires in module \immediate_generator..
Finding unused cells or wires in module \instruction_decoder..
Finding unused cells or wires in module \regfile..
Finding unused cells or wires in module \riscv_core..
Finding unused cells or wires in module \singlecycle_control..
Finding unused cells or wires in module \singlecycle_ctlpath..
Finding unused cells or wires in module \singlecycle_datapath..

30.19.25. Executing OPT_EXPR pass (perform const folding).
Optimizing module $paramod$5ef3be0bfad1454aaa6432c4ab405bbd7cbab26b\multiplexer.
Optimizing module $paramod$6a3d32cf08b5e9a4d56891e3d8781ccd4215c4af\multiplexer.
Optimizing module $paramod$99da07bf27abaac915a8c95d36d6f2808394e702\multiplexer.
Optimizing module $paramod$e358a763f16798cd10903dfd37e7986c0fbbe40f\register.
Optimizing module $paramod\adder\WIDTH=s32'00000000000000000000000000100000.
Optimizing module $paramod\multiplexer2\WIDTH=s32'00000000000000000000000000100000.
Optimizing module $paramod\multiplexer4\WIDTH=s32'00000000000000000000000000100000.
Optimizing module $paramod\multiplexer8\WIDTH=s32'00000000000000000000000000100000.
Optimizing module alu.
Optimizing module alu_control.
Optimizing module control_transfer.
Optimizing module data_memory_interface.
Optimizing module immediate_generator.
Optimizing module instruction_decoder.
Optimizing module regfile.
Optimizing module riscv_core.
Optimizing module singlecycle_control.
Optimizing module singlecycle_ctlpath.
Optimizing module singlecycle_datapath.

30.19.26. Finished fast OPT passes. (There is nothing left to do.)

30.20. Executing TECHMAP pass (map to technology primitives).

30.20.1. Executing Verilog-2005 frontend: /opt/oss-cad-suite/lib/../share/yosys/techmap.v
Parsing Verilog input from `/opt/oss-cad-suite/lib/../share/yosys/techmap.v' to AST representation.
Generating RTLIL representation for module `\_90_simplemap_bool_ops'.
Generating RTLIL representation for module `\_90_simplemap_reduce_ops'.
Generating RTLIL representation for module `\_90_simplemap_logic_ops'.
Generating RTLIL representation for module `\_90_simplemap_compare_ops'.
Generating RTLIL representation for module `\_90_simplemap_various'.
Generating RTLIL representation for module `\_90_simplemap_registers'.
Generating RTLIL representation for module `\_90_shift_ops_shr_shl_sshl_sshr'.
Generating RTLIL representation for module `\_90_shift_shiftx'.
Generating RTLIL representation for module `\_90_fa'.
Generating RTLIL representation for module `\_90_lcu_brent_kung'.
Generating RTLIL representation for module `\_90_alu'.
Generating RTLIL representation for module `\_90_macc'.
Generating RTLIL representation for module `\_90_alumacc'.
Generating RTLIL representation for module `$__div_mod_u'.
Generating RTLIL representation for module `$__div_mod_trunc'.
Generating RTLIL representation for module `\_90_div'.
Generating RTLIL representation for module `\_90_mod'.
Generating RTLIL representation for module `$__div_mod_floor'.
Generating RTLIL representation for module `\_90_divfloor'.
Generating RTLIL representation for module `\_90_modfloor'.
Generating RTLIL representation for module `\_90_pow'.
Generating RTLIL representation for module `\_90_demux'.
Generating RTLIL representation for module `\_90_lut'.
Generating RTLIL representation for module `$connect'.
Generating RTLIL representation for module `$input_port'.
Successfully finished Verilog frontend.

30.20.2. Continuing TECHMAP pass.
Using extmapper simplemap for cells of type $reduce_or.
Using extmapper simplemap for cells of type $pmux.
Using extmapper simplemap for cells of type $eq.
Using extmapper simplemap for cells of type $not.
Using extmapper simplemap for cells of type $reduce_and.
Using extmapper simplemap for cells of type $adffe.
Using extmapper simplemap for cells of type $reduce_bool.
Using extmapper simplemap for cells of type $mux.
Using extmapper simplemap for cells of type $logic_not.
Using template $paramod$constmap:02ee4fad4c1ffc2bbdc3e6fbc37bedbf9185352a$paramod$335cfd09f1afa8139c4aafcbbe5f361887b79c5e\_90_shift_ops_shr_shl_sshl_sshr for cells of type $shl.
Using template $paramod$constmap:6e3026a439ed4a6e7983ca0e910890cc59b2f7b2$paramod$7b0bb309dce042ecaf2e0bfa495da988fc49fdf1\_90_shift_ops_shr_shl_sshl_sshr for cells of type $shl.
Using template $paramod$constmap:02ee4fad4c1ffc2bbdc3e6fbc37bedbf9185352a$paramod$feecc7a0dbd012970970f2858f15e786e251f677\_90_shift_ops_shr_shl_sshl_sshr for cells of type $shr.
Using extmapper simplemap for cells of type $and.
Using extmapper simplemap for cells of type $logic_and.
Using template $paramod$9a99f3bc4ce1ca3c44f8bdb25c4000634acbeb47\_90_mod for cells of type $mod.
Using template $paramod$9a99f3bc4ce1ca3c44f8bdb25c4000634acbeb47\_90_div for cells of type $div.
Using extmapper simplemap for cells of type $xor.
Using template $paramod$2653f68ddb8eab7b1907b4a20767b72a824a7a36\_90_alu for cells of type $alu.
Using extmapper maccmap for cells of type $macc_v2.
  add \operand_a * \operand_b (32x32 bits, signed)
  add \operand_a * \operand_b (32x32 bits, unsigned)
Using template $paramod$constmap:4621fcf06a436d1e2a4080e2ed9866a7d07a6e07$paramod$ccbcf9cf459c8d68b04688a9a5245ee9d295a0be\_90_shift_ops_shr_shl_sshl_sshr for cells of type $shl.
Using template $paramod$constmap:4621fcf06a436d1e2a4080e2ed9866a7d07a6e07$paramod$b8fb36dbb218c8f6b30171c756a8f8357614d906\_90_shift_ops_shr_shl_sshl_sshr for cells of type $shr.
Using template $paramod$constmap:4621fcf06a436d1e2a4080e2ed9866a7d07a6e07$paramod$e765c459d3029c22a22a27989e94858fd9ebfa9c\_90_shift_ops_shr_shl_sshl_sshr for cells of type $sshr.
Using extmapper simplemap for cells of type $or.
Using template $paramod\_90_fa\WIDTH=32'00000000000000000000000001000000 for cells of type $fa.
Using template $paramod$039520c137afc9cd69dd56c3fb11a4e1fbe5f664\_90_alu for cells of type $alu.
Using extmapper simplemap for cells of type $pos.
Using template $paramod\_90_fa\WIDTH=32'00000000000000000000000000100000 for cells of type $fa.
Using template $paramod\_90_lcu_brent_kung\WIDTH=32'00000000000000000000000000100000 for cells of type $lcu.
Using template $paramod$9a99f3bc4ce1ca3c44f8bdb25c4000634acbeb47$__div_mod_trunc for cells of type $__div_mod_trunc.
Using template $paramod\_90_lcu_brent_kung\WIDTH=32'00000000000000000000000001000000 for cells of type $lcu.
Running "alumacc" on wrapper $extern:wrap:$neg:Y_WIDTH=33:A_WIDTH=33:A_SIGNED=0:394426c56d1a028ba8fdd5469b163e04011def47.
Using template $extern:wrap:$neg:Y_WIDTH=33:A_WIDTH=33:A_SIGNED=0:394426c56d1a028ba8fdd5469b163e04011def47 for cells of type $extern:wrap:$neg:Y_WIDTH=33:A_WIDTH=33:A_SIGNED=0:394426c56d1a028ba8fdd5469b163e04011def47.
Using extmapper simplemap for cells of type $ne.
Using template $paramod$__div_mod_u\WIDTH=32'00000000000000000000000000100001 for cells of type $__div_mod_u.
Using template $paramod$e3e2a2ae1e4d598b5e0e0be67cc1104653ecf8c1\_90_alu for cells of type $alu.
Running "alumacc" on wrapper $extern:wrap:$sub:Y_WIDTH=33:B_WIDTH=33:A_WIDTH=33:B_SIGNED=0:A_SIGNED=0:394426c56d1a028ba8fdd5469b163e04011def47.
Using template $extern:wrap:$sub:Y_WIDTH=33:B_WIDTH=33:A_WIDTH=33:B_SIGNED=0:A_SIGNED=0:394426c56d1a028ba8fdd5469b163e04011def47 for cells of type $extern:wrap:$sub:Y_WIDTH=33:B_WIDTH=33:A_WIDTH=33:B_SIGNED=0:A_SIGNED=0:394426c56d1a028ba8fdd5469b163e04011def47.
Running "alumacc" on wrapper $extern:wrap:$ge:Y_WIDTH=1:B_WIDTH=33:A_WIDTH=33:B_SIGNED=0:A_SIGNED=0:394426c56d1a028ba8fdd5469b163e04011def47.
Using template $extern:wrap:$ge:Y_WIDTH=1:B_WIDTH=33:A_WIDTH=33:B_SIGNED=0:A_SIGNED=0:394426c56d1a028ba8fdd5469b163e04011def47 for cells of type $extern:wrap:$ge:Y_WIDTH=1:B_WIDTH=33:A_WIDTH=33:B_SIGNED=0:A_SIGNED=0:394426c56d1a028ba8fdd5469b163e04011def47.
Running "alumacc" on wrapper $extern:wrap:$sub:Y_WIDTH=34:B_WIDTH=34:A_WIDTH=33:B_SIGNED=0:A_SIGNED=0:394426c56d1a028ba8fdd5469b163e04011def47.
Using template $extern:wrap:$sub:Y_WIDTH=34:B_WIDTH=34:A_WIDTH=33:B_SIGNED=0:A_SIGNED=0:394426c56d1a028ba8fdd5469b163e04011def47 for cells of type $extern:wrap:$sub:Y_WIDTH=34:B_WIDTH=34:A_WIDTH=33:B_SIGNED=0:A_SIGNED=0:394426c56d1a028ba8fdd5469b163e04011def47.
Running "alumacc" on wrapper $extern:wrap:$ge:Y_WIDTH=1:B_WIDTH=34:A_WIDTH=33:B_SIGNED=0:A_SIGNED=0:394426c56d1a028ba8fdd5469b163e04011def47.
Using template $extern:wrap:$ge:Y_WIDTH=1:B_WIDTH=34:A_WIDTH=33:B_SIGNED=0:A_SIGNED=0:394426c56d1a028ba8fdd5469b163e04011def47 for cells of type $extern:wrap:$ge:Y_WIDTH=1:B_WIDTH=34:A_WIDTH=33:B_SIGNED=0:A_SIGNED=0:394426c56d1a028ba8fdd5469b163e04011def47.
Running "alumacc" on wrapper $extern:wrap:$sub:Y_WIDTH=35:B_WIDTH=35:A_WIDTH=33:B_SIGNED=0:A_SIGNED=0:394426c56d1a028ba8fdd5469b163e04011def47.
Using template $extern:wrap:$sub:Y_WIDTH=35:B_WIDTH=35:A_WIDTH=33:B_SIGNED=0:A_SIGNED=0:394426c56d1a028ba8fdd5469b163e04011def47 for cells of type $extern:wrap:$sub:Y_WIDTH=35:B_WIDTH=35:A_WIDTH=33:B_SIGNED=0:A_SIGNED=0:394426c56d1a028ba8fdd5469b163e04011def47.
Running "alumacc" on wrapper $extern:wrap:$ge:Y_WIDTH=1:B_WIDTH=35:A_WIDTH=33:B_SIGNED=0:A_SIGNED=0:394426c56d1a028ba8fdd5469b163e04011def47.
Using template $extern:wrap:$ge:Y_WIDTH=1:B_WIDTH=35:A_WIDTH=33:B_SIGNED=0:A_SIGNED=0:394426c56d1a028ba8fdd5469b163e04011def47 for cells of type $extern:wrap:$ge:Y_WIDTH=1:B_WIDTH=35:A_WIDTH=33:B_SIGNED=0:A_SIGNED=0:394426c56d1a028ba8fdd5469b163e04011def47.
Running "alumacc" on wrapper $extern:wrap:$sub:Y_WIDTH=36:B_WIDTH=36:A_WIDTH=33:B_SIGNED=0:A_SIGNED=0:394426c56d1a028ba8fdd5469b163e04011def47.
Using template $extern:wrap:$sub:Y_WIDTH=36:B_WIDTH=36:A_WIDTH=33:B_SIGNED=0:A_SIGNED=0:394426c56d1a028ba8fdd5469b163e04011def47 for cells of type $extern:wrap:$sub:Y_WIDTH=36:B_WIDTH=36:A_WIDTH=33:B_SIGNED=0:A_SIGNED=0:394426c56d1a028ba8fdd5469b163e04011def47.
Running "alumacc" on wrapper $extern:wrap:$ge:Y_WIDTH=1:B_WIDTH=36:A_WIDTH=33:B_SIGNED=0:A_SIGNED=0:394426c56d1a028ba8fdd5469b163e04011def47.
Using template $extern:wrap:$ge:Y_WIDTH=1:B_WIDTH=36:A_WIDTH=33:B_SIGNED=0:A_SIGNED=0:394426c56d1a028ba8fdd5469b163e04011def47 for cells of type $extern:wrap:$ge:Y_WIDTH=1:B_WIDTH=36:A_WIDTH=33:B_SIGNED=0:A_SIGNED=0:394426c56d1a028ba8fdd5469b163e04011def47.
Running "alumacc" on wrapper $extern:wrap:$sub:Y_WIDTH=37:B_WIDTH=37:A_WIDTH=33:B_SIGNED=0:A_SIGNED=0:394426c56d1a028ba8fdd5469b163e04011def47.
Using template $extern:wrap:$sub:Y_WIDTH=37:B_WIDTH=37:A_WIDTH=33:B_SIGNED=0:A_SIGNED=0:394426c56d1a028ba8fdd5469b163e04011def47 for cells of type $extern:wrap:$sub:Y_WIDTH=37:B_WIDTH=37:A_WIDTH=33:B_SIGNED=0:A_SIGNED=0:394426c56d1a028ba8fdd5469b163e04011def47.
Running "alumacc" on wrapper $extern:wrap:$ge:Y_WIDTH=1:B_WIDTH=37:A_WIDTH=33:B_SIGNED=0:A_SIGNED=0:394426c56d1a028ba8fdd5469b163e04011def47.
Using template $extern:wrap:$ge:Y_WIDTH=1:B_WIDTH=37:A_WIDTH=33:B_SIGNED=0:A_SIGNED=0:394426c56d1a028ba8fdd5469b163e04011def47 for cells of type $extern:wrap:$ge:Y_WIDTH=1:B_WIDTH=37:A_WIDTH=33:B_SIGNED=0:A_SIGNED=0:394426c56d1a028ba8fdd5469b163e04011def47.
Running "alumacc" on wrapper $extern:wrap:$sub:Y_WIDTH=38:B_WIDTH=38:A_WIDTH=33:B_SIGNED=0:A_SIGNED=0:394426c56d1a028ba8fdd5469b163e04011def47.
Using template $extern:wrap:$sub:Y_WIDTH=38:B_WIDTH=38:A_WIDTH=33:B_SIGNED=0:A_SIGNED=0:394426c56d1a028ba8fdd5469b163e04011def47 for cells of type $extern:wrap:$sub:Y_WIDTH=38:B_WIDTH=38:A_WIDTH=33:B_SIGNED=0:A_SIGNED=0:394426c56d1a028ba8fdd5469b163e04011def47.
Running "alumacc" on wrapper $extern:wrap:$ge:Y_WIDTH=1:B_WIDTH=38:A_WIDTH=33:B_SIGNED=0:A_SIGNED=0:394426c56d1a028ba8fdd5469b163e04011def47.
Using template $extern:wrap:$ge:Y_WIDTH=1:B_WIDTH=38:A_WIDTH=33:B_SIGNED=0:A_SIGNED=0:394426c56d1a028ba8fdd5469b163e04011def47 for cells of type $extern:wrap:$ge:Y_WIDTH=1:B_WIDTH=38:A_WIDTH=33:B_SIGNED=0:A_SIGNED=0:394426c56d1a028ba8fdd5469b163e04011def47.
Running "alumacc" on wrapper $extern:wrap:$sub:Y_WIDTH=39:B_WIDTH=39:A_WIDTH=33:B_SIGNED=0:A_SIGNED=0:394426c56d1a028ba8fdd5469b163e04011def47.
Using template $extern:wrap:$sub:Y_WIDTH=39:B_WIDTH=39:A_WIDTH=33:B_SIGNED=0:A_SIGNED=0:394426c56d1a028ba8fdd5469b163e04011def47 for cells of type $extern:wrap:$sub:Y_WIDTH=39:B_WIDTH=39:A_WIDTH=33:B_SIGNED=0:A_SIGNED=0:394426c56d1a028ba8fdd5469b163e04011def47.
Running "alumacc" on wrapper $extern:wrap:$ge:Y_WIDTH=1:B_WIDTH=39:A_WIDTH=33:B_SIGNED=0:A_SIGNED=0:394426c56d1a028ba8fdd5469b163e04011def47.
Using template $extern:wrap:$ge:Y_WIDTH=1:B_WIDTH=39:A_WIDTH=33:B_SIGNED=0:A_SIGNED=0:394426c56d1a028ba8fdd5469b163e04011def47 for cells of type $extern:wrap:$ge:Y_WIDTH=1:B_WIDTH=39:A_WIDTH=33:B_SIGNED=0:A_SIGNED=0:394426c56d1a028ba8fdd5469b163e04011def47.
Running "alumacc" on wrapper $extern:wrap:$sub:Y_WIDTH=40:B_WIDTH=40:A_WIDTH=33:B_SIGNED=0:A_SIGNED=0:394426c56d1a028ba8fdd5469b163e04011def47.
Using template $extern:wrap:$sub:Y_WIDTH=40:B_WIDTH=40:A_WIDTH=33:B_SIGNED=0:A_SIGNED=0:394426c56d1a028ba8fdd5469b163e04011def47 for cells of type $extern:wrap:$sub:Y_WIDTH=40:B_WIDTH=40:A_WIDTH=33:B_SIGNED=0:A_SIGNED=0:394426c56d1a028ba8fdd5469b163e04011def47.
Running "alumacc" on wrapper $extern:wrap:$ge:Y_WIDTH=1:B_WIDTH=40:A_WIDTH=33:B_SIGNED=0:A_SIGNED=0:394426c56d1a028ba8fdd5469b163e04011def47.
Using template $extern:wrap:$ge:Y_WIDTH=1:B_WIDTH=40:A_WIDTH=33:B_SIGNED=0:A_SIGNED=0:394426c56d1a028ba8fdd5469b163e04011def47 for cells of type $extern:wrap:$ge:Y_WIDTH=1:B_WIDTH=40:A_WIDTH=33:B_SIGNED=0:A_SIGNED=0:394426c56d1a028ba8fdd5469b163e04011def47.
Running "alumacc" on wrapper $extern:wrap:$sub:Y_WIDTH=41:B_WIDTH=41:A_WIDTH=33:B_SIGNED=0:A_SIGNED=0:394426c56d1a028ba8fdd5469b163e04011def47.
Using template $extern:wrap:$sub:Y_WIDTH=41:B_WIDTH=41:A_WIDTH=33:B_SIGNED=0:A_SIGNED=0:394426c56d1a028ba8fdd5469b163e04011def47 for cells of type $extern:wrap:$sub:Y_WIDTH=41:B_WIDTH=41:A_WIDTH=33:B_SIGNED=0:A_SIGNED=0:394426c56d1a028ba8fdd5469b163e04011def47.
Running "alumacc" on wrapper $extern:wrap:$ge:Y_WIDTH=1:B_WIDTH=41:A_WIDTH=33:B_SIGNED=0:A_SIGNED=0:394426c56d1a028ba8fdd5469b163e04011def47.
Using template $extern:wrap:$ge:Y_WIDTH=1:B_WIDTH=41:A_WIDTH=33:B_SIGNED=0:A_SIGNED=0:394426c56d1a028ba8fdd5469b163e04011def47 for cells of type $extern:wrap:$ge:Y_WIDTH=1:B_WIDTH=41:A_WIDTH=33:B_SIGNED=0:A_SIGNED=0:394426c56d1a028ba8fdd5469b163e04011def47.
Running "alumacc" on wrapper $extern:wrap:$sub:Y_WIDTH=42:B_WIDTH=42:A_WIDTH=33:B_SIGNED=0:A_SIGNED=0:394426c56d1a028ba8fdd5469b163e04011def47.
Using template $extern:wrap:$sub:Y_WIDTH=42:B_WIDTH=42:A_WIDTH=33:B_SIGNED=0:A_SIGNED=0:394426c56d1a028ba8fdd5469b163e04011def47 for cells of type $extern:wrap:$sub:Y_WIDTH=42:B_WIDTH=42:A_WIDTH=33:B_SIGNED=0:A_SIGNED=0:394426c56d1a028ba8fdd5469b163e04011def47.
Running "alumacc" on wrapper $extern:wrap:$ge:Y_WIDTH=1:B_WIDTH=42:A_WIDTH=33:B_SIGNED=0:A_SIGNED=0:394426c56d1a028ba8fdd5469b163e04011def47.
Using template $extern:wrap:$ge:Y_WIDTH=1:B_WIDTH=42:A_WIDTH=33:B_SIGNED=0:A_SIGNED=0:394426c56d1a028ba8fdd5469b163e04011def47 for cells of type $extern:wrap:$ge:Y_WIDTH=1:B_WIDTH=42:A_WIDTH=33:B_SIGNED=0:A_SIGNED=0:394426c56d1a028ba8fdd5469b163e04011def47.
Running "alumacc" on wrapper $extern:wrap:$sub:Y_WIDTH=43:B_WIDTH=43:A_WIDTH=33:B_SIGNED=0:A_SIGNED=0:394426c56d1a028ba8fdd5469b163e04011def47.
Using template $extern:wrap:$sub:Y_WIDTH=43:B_WIDTH=43:A_WIDTH=33:B_SIGNED=0:A_SIGNED=0:394426c56d1a028ba8fdd5469b163e04011def47 for cells of type $extern:wrap:$sub:Y_WIDTH=43:B_WIDTH=43:A_WIDTH=33:B_SIGNED=0:A_SIGNED=0:394426c56d1a028ba8fdd5469b163e04011def47.
Running "alumacc" on wrapper $extern:wrap:$ge:Y_WIDTH=1:B_WIDTH=43:A_WIDTH=33:B_SIGNED=0:A_SIGNED=0:394426c56d1a028ba8fdd5469b163e04011def47.
Using template $extern:wrap:$ge:Y_WIDTH=1:B_WIDTH=43:A_WIDTH=33:B_SIGNED=0:A_SIGNED=0:394426c56d1a028ba8fdd5469b163e04011def47 for cells of type $extern:wrap:$ge:Y_WIDTH=1:B_WIDTH=43:A_WIDTH=33:B_SIGNED=0:A_SIGNED=0:394426c56d1a028ba8fdd5469b163e04011def47.
Running "alumacc" on wrapper $extern:wrap:$sub:Y_WIDTH=44:B_WIDTH=44:A_WIDTH=33:B_SIGNED=0:A_SIGNED=0:394426c56d1a028ba8fdd5469b163e04011def47.
Using template $extern:wrap:$sub:Y_WIDTH=44:B_WIDTH=44:A_WIDTH=33:B_SIGNED=0:A_SIGNED=0:394426c56d1a028ba8fdd5469b163e04011def47 for cells of type $extern:wrap:$sub:Y_WIDTH=44:B_WIDTH=44:A_WIDTH=33:B_SIGNED=0:A_SIGNED=0:394426c56d1a028ba8fdd5469b163e04011def47.
Running "alumacc" on wrapper $extern:wrap:$ge:Y_WIDTH=1:B_WIDTH=44:A_WIDTH=33:B_SIGNED=0:A_SIGNED=0:394426c56d1a028ba8fdd5469b163e04011def47.
Using template $extern:wrap:$ge:Y_WIDTH=1:B_WIDTH=44:A_WIDTH=33:B_SIGNED=0:A_SIGNED=0:394426c56d1a028ba8fdd5469b163e04011def47 for cells of type $extern:wrap:$ge:Y_WIDTH=1:B_WIDTH=44:A_WIDTH=33:B_SIGNED=0:A_SIGNED=0:394426c56d1a028ba8fdd5469b163e04011def47.
Running "alumacc" on wrapper $extern:wrap:$sub:Y_WIDTH=45:B_WIDTH=45:A_WIDTH=33:B_SIGNED=0:A_SIGNED=0:394426c56d1a028ba8fdd5469b163e04011def47.
Using template $extern:wrap:$sub:Y_WIDTH=45:B_WIDTH=45:A_WIDTH=33:B_SIGNED=0:A_SIGNED=0:394426c56d1a028ba8fdd5469b163e04011def47 for cells of type $extern:wrap:$sub:Y_WIDTH=45:B_WIDTH=45:A_WIDTH=33:B_SIGNED=0:A_SIGNED=0:394426c56d1a028ba8fdd5469b163e04011def47.
Running "alumacc" on wrapper $extern:wrap:$ge:Y_WIDTH=1:B_WIDTH=45:A_WIDTH=33:B_SIGNED=0:A_SIGNED=0:394426c56d1a028ba8fdd5469b163e04011def47.
Using template $extern:wrap:$ge:Y_WIDTH=1:B_WIDTH=45:A_WIDTH=33:B_SIGNED=0:A_SIGNED=0:394426c56d1a028ba8fdd5469b163e04011def47 for cells of type $extern:wrap:$ge:Y_WIDTH=1:B_WIDTH=45:A_WIDTH=33:B_SIGNED=0:A_SIGNED=0:394426c56d1a028ba8fdd5469b163e04011def47.
Running "alumacc" on wrapper $extern:wrap:$sub:Y_WIDTH=46:B_WIDTH=46:A_WIDTH=33:B_SIGNED=0:A_SIGNED=0:394426c56d1a028ba8fdd5469b163e04011def47.
Using template $extern:wrap:$sub:Y_WIDTH=46:B_WIDTH=46:A_WIDTH=33:B_SIGNED=0:A_SIGNED=0:394426c56d1a028ba8fdd5469b163e04011def47 for cells of type $extern:wrap:$sub:Y_WIDTH=46:B_WIDTH=46:A_WIDTH=33:B_SIGNED=0:A_SIGNED=0:394426c56d1a028ba8fdd5469b163e04011def47.
Running "alumacc" on wrapper $extern:wrap:$ge:Y_WIDTH=1:B_WIDTH=46:A_WIDTH=33:B_SIGNED=0:A_SIGNED=0:394426c56d1a028ba8fdd5469b163e04011def47.
Using template $extern:wrap:$ge:Y_WIDTH=1:B_WIDTH=46:A_WIDTH=33:B_SIGNED=0:A_SIGNED=0:394426c56d1a028ba8fdd5469b163e04011def47 for cells of type $extern:wrap:$ge:Y_WIDTH=1:B_WIDTH=46:A_WIDTH=33:B_SIGNED=0:A_SIGNED=0:394426c56d1a028ba8fdd5469b163e04011def47.
Running "alumacc" on wrapper $extern:wrap:$sub:Y_WIDTH=47:B_WIDTH=47:A_WIDTH=33:B_SIGNED=0:A_SIGNED=0:394426c56d1a028ba8fdd5469b163e04011def47.
Using template $extern:wrap:$sub:Y_WIDTH=47:B_WIDTH=47:A_WIDTH=33:B_SIGNED=0:A_SIGNED=0:394426c56d1a028ba8fdd5469b163e04011def47 for cells of type $extern:wrap:$sub:Y_WIDTH=47:B_WIDTH=47:A_WIDTH=33:B_SIGNED=0:A_SIGNED=0:394426c56d1a028ba8fdd5469b163e04011def47.
Running "alumacc" on wrapper $extern:wrap:$ge:Y_WIDTH=1:B_WIDTH=47:A_WIDTH=33:B_SIGNED=0:A_SIGNED=0:394426c56d1a028ba8fdd5469b163e04011def47.
Using template $extern:wrap:$ge:Y_WIDTH=1:B_WIDTH=47:A_WIDTH=33:B_SIGNED=0:A_SIGNED=0:394426c56d1a028ba8fdd5469b163e04011def47 for cells of type $extern:wrap:$ge:Y_WIDTH=1:B_WIDTH=47:A_WIDTH=33:B_SIGNED=0:A_SIGNED=0:394426c56d1a028ba8fdd5469b163e04011def47.
Running "alumacc" on wrapper $extern:wrap:$sub:Y_WIDTH=48:B_WIDTH=48:A_WIDTH=33:B_SIGNED=0:A_SIGNED=0:394426c56d1a028ba8fdd5469b163e04011def47.
Using template $extern:wrap:$sub:Y_WIDTH=48:B_WIDTH=48:A_WIDTH=33:B_SIGNED=0:A_SIGNED=0:394426c56d1a028ba8fdd5469b163e04011def47 for cells of type $extern:wrap:$sub:Y_WIDTH=48:B_WIDTH=48:A_WIDTH=33:B_SIGNED=0:A_SIGNED=0:394426c56d1a028ba8fdd5469b163e04011def47.
Running "alumacc" on wrapper $extern:wrap:$ge:Y_WIDTH=1:B_WIDTH=48:A_WIDTH=33:B_SIGNED=0:A_SIGNED=0:394426c56d1a028ba8fdd5469b163e04011def47.
Using template $extern:wrap:$ge:Y_WIDTH=1:B_WIDTH=48:A_WIDTH=33:B_SIGNED=0:A_SIGNED=0:394426c56d1a028ba8fdd5469b163e04011def47 for cells of type $extern:wrap:$ge:Y_WIDTH=1:B_WIDTH=48:A_WIDTH=33:B_SIGNED=0:A_SIGNED=0:394426c56d1a028ba8fdd5469b163e04011def47.
Running "alumacc" on wrapper $extern:wrap:$sub:Y_WIDTH=49:B_WIDTH=49:A_WIDTH=33:B_SIGNED=0:A_SIGNED=0:394426c56d1a028ba8fdd5469b163e04011def47.
Using template $extern:wrap:$sub:Y_WIDTH=49:B_WIDTH=49:A_WIDTH=33:B_SIGNED=0:A_SIGNED=0:394426c56d1a028ba8fdd5469b163e04011def47 for cells of type $extern:wrap:$sub:Y_WIDTH=49:B_WIDTH=49:A_WIDTH=33:B_SIGNED=0:A_SIGNED=0:394426c56d1a028ba8fdd5469b163e04011def47.
Running "alumacc" on wrapper $extern:wrap:$ge:Y_WIDTH=1:B_WIDTH=49:A_WIDTH=33:B_SIGNED=0:A_SIGNED=0:394426c56d1a028ba8fdd5469b163e04011def47.
Using template $extern:wrap:$ge:Y_WIDTH=1:B_WIDTH=49:A_WIDTH=33:B_SIGNED=0:A_SIGNED=0:394426c56d1a028ba8fdd5469b163e04011def47 for cells of type $extern:wrap:$ge:Y_WIDTH=1:B_WIDTH=49:A_WIDTH=33:B_SIGNED=0:A_SIGNED=0:394426c56d1a028ba8fdd5469b163e04011def47.
Running "alumacc" on wrapper $extern:wrap:$sub:Y_WIDTH=50:B_WIDTH=50:A_WIDTH=33:B_SIGNED=0:A_SIGNED=0:394426c56d1a028ba8fdd5469b163e04011def47.
Using template $extern:wrap:$sub:Y_WIDTH=50:B_WIDTH=50:A_WIDTH=33:B_SIGNED=0:A_SIGNED=0:394426c56d1a028ba8fdd5469b163e04011def47 for cells of type $extern:wrap:$sub:Y_WIDTH=50:B_WIDTH=50:A_WIDTH=33:B_SIGNED=0:A_SIGNED=0:394426c56d1a028ba8fdd5469b163e04011def47.
Running "alumacc" on wrapper $extern:wrap:$ge:Y_WIDTH=1:B_WIDTH=50:A_WIDTH=33:B_SIGNED=0:A_SIGNED=0:394426c56d1a028ba8fdd5469b163e04011def47.
Using template $extern:wrap:$ge:Y_WIDTH=1:B_WIDTH=50:A_WIDTH=33:B_SIGNED=0:A_SIGNED=0:394426c56d1a028ba8fdd5469b163e04011def47 for cells of type $extern:wrap:$ge:Y_WIDTH=1:B_WIDTH=50:A_WIDTH=33:B_SIGNED=0:A_SIGNED=0:394426c56d1a028ba8fdd5469b163e04011def47.
Running "alumacc" on wrapper $extern:wrap:$sub:Y_WIDTH=51:B_WIDTH=51:A_WIDTH=33:B_SIGNED=0:A_SIGNED=0:394426c56d1a028ba8fdd5469b163e04011def47.
Using template $extern:wrap:$sub:Y_WIDTH=51:B_WIDTH=51:A_WIDTH=33:B_SIGNED=0:A_SIGNED=0:394426c56d1a028ba8fdd5469b163e04011def47 for cells of type $extern:wrap:$sub:Y_WIDTH=51:B_WIDTH=51:A_WIDTH=33:B_SIGNED=0:A_SIGNED=0:394426c56d1a028ba8fdd5469b163e04011def47.
Running "alumacc" on wrapper $extern:wrap:$ge:Y_WIDTH=1:B_WIDTH=51:A_WIDTH=33:B_SIGNED=0:A_SIGNED=0:394426c56d1a028ba8fdd5469b163e04011def47.
Using template $extern:wrap:$ge:Y_WIDTH=1:B_WIDTH=51:A_WIDTH=33:B_SIGNED=0:A_SIGNED=0:394426c56d1a028ba8fdd5469b163e04011def47 for cells of type $extern:wrap:$ge:Y_WIDTH=1:B_WIDTH=51:A_WIDTH=33:B_SIGNED=0:A_SIGNED=0:394426c56d1a028ba8fdd5469b163e04011def47.
Running "alumacc" on wrapper $extern:wrap:$sub:Y_WIDTH=52:B_WIDTH=52:A_WIDTH=33:B_SIGNED=0:A_SIGNED=0:394426c56d1a028ba8fdd5469b163e04011def47.
Using template $extern:wrap:$sub:Y_WIDTH=52:B_WIDTH=52:A_WIDTH=33:B_SIGNED=0:A_SIGNED=0:394426c56d1a028ba8fdd5469b163e04011def47 for cells of type $extern:wrap:$sub:Y_WIDTH=52:B_WIDTH=52:A_WIDTH=33:B_SIGNED=0:A_SIGNED=0:394426c56d1a028ba8fdd5469b163e04011def47.
Running "alumacc" on wrapper $extern:wrap:$ge:Y_WIDTH=1:B_WIDTH=52:A_WIDTH=33:B_SIGNED=0:A_SIGNED=0:394426c56d1a028ba8fdd5469b163e04011def47.
Using template $extern:wrap:$ge:Y_WIDTH=1:B_WIDTH=52:A_WIDTH=33:B_SIGNED=0:A_SIGNED=0:394426c56d1a028ba8fdd5469b163e04011def47 for cells of type $extern:wrap:$ge:Y_WIDTH=1:B_WIDTH=52:A_WIDTH=33:B_SIGNED=0:A_SIGNED=0:394426c56d1a028ba8fdd5469b163e04011def47.
Running "alumacc" on wrapper $extern:wrap:$sub:Y_WIDTH=53:B_WIDTH=53:A_WIDTH=33:B_SIGNED=0:A_SIGNED=0:394426c56d1a028ba8fdd5469b163e04011def47.
Using template $extern:wrap:$sub:Y_WIDTH=53:B_WIDTH=53:A_WIDTH=33:B_SIGNED=0:A_SIGNED=0:394426c56d1a028ba8fdd5469b163e04011def47 for cells of type $extern:wrap:$sub:Y_WIDTH=53:B_WIDTH=53:A_WIDTH=33:B_SIGNED=0:A_SIGNED=0:394426c56d1a028ba8fdd5469b163e04011def47.
Running "alumacc" on wrapper $extern:wrap:$ge:Y_WIDTH=1:B_WIDTH=53:A_WIDTH=33:B_SIGNED=0:A_SIGNED=0:394426c56d1a028ba8fdd5469b163e04011def47.
Using template $extern:wrap:$ge:Y_WIDTH=1:B_WIDTH=53:A_WIDTH=33:B_SIGNED=0:A_SIGNED=0:394426c56d1a028ba8fdd5469b163e04011def47 for cells of type $extern:wrap:$ge:Y_WIDTH=1:B_WIDTH=53:A_WIDTH=33:B_SIGNED=0:A_SIGNED=0:394426c56d1a028ba8fdd5469b163e04011def47.
Running "alumacc" on wrapper $extern:wrap:$sub:Y_WIDTH=54:B_WIDTH=54:A_WIDTH=33:B_SIGNED=0:A_SIGNED=0:394426c56d1a028ba8fdd5469b163e04011def47.
Using template $extern:wrap:$sub:Y_WIDTH=54:B_WIDTH=54:A_WIDTH=33:B_SIGNED=0:A_SIGNED=0:394426c56d1a028ba8fdd5469b163e04011def47 for cells of type $extern:wrap:$sub:Y_WIDTH=54:B_WIDTH=54:A_WIDTH=33:B_SIGNED=0:A_SIGNED=0:394426c56d1a028ba8fdd5469b163e04011def47.
Running "alumacc" on wrapper $extern:wrap:$ge:Y_WIDTH=1:B_WIDTH=54:A_WIDTH=33:B_SIGNED=0:A_SIGNED=0:394426c56d1a028ba8fdd5469b163e04011def47.
Using template $extern:wrap:$ge:Y_WIDTH=1:B_WIDTH=54:A_WIDTH=33:B_SIGNED=0:A_SIGNED=0:394426c56d1a028ba8fdd5469b163e04011def47 for cells of type $extern:wrap:$ge:Y_WIDTH=1:B_WIDTH=54:A_WIDTH=33:B_SIGNED=0:A_SIGNED=0:394426c56d1a028ba8fdd5469b163e04011def47.
Running "alumacc" on wrapper $extern:wrap:$sub:Y_WIDTH=55:B_WIDTH=55:A_WIDTH=33:B_SIGNED=0:A_SIGNED=0:394426c56d1a028ba8fdd5469b163e04011def47.
Using template $extern:wrap:$sub:Y_WIDTH=55:B_WIDTH=55:A_WIDTH=33:B_SIGNED=0:A_SIGNED=0:394426c56d1a028ba8fdd5469b163e04011def47 for cells of type $extern:wrap:$sub:Y_WIDTH=55:B_WIDTH=55:A_WIDTH=33:B_SIGNED=0:A_SIGNED=0:394426c56d1a028ba8fdd5469b163e04011def47.
Running "alumacc" on wrapper $extern:wrap:$ge:Y_WIDTH=1:B_WIDTH=55:A_WIDTH=33:B_SIGNED=0:A_SIGNED=0:394426c56d1a028ba8fdd5469b163e04011def47.
Using template $extern:wrap:$ge:Y_WIDTH=1:B_WIDTH=55:A_WIDTH=33:B_SIGNED=0:A_SIGNED=0:394426c56d1a028ba8fdd5469b163e04011def47 for cells of type $extern:wrap:$ge:Y_WIDTH=1:B_WIDTH=55:A_WIDTH=33:B_SIGNED=0:A_SIGNED=0:394426c56d1a028ba8fdd5469b163e04011def47.
Running "alumacc" on wrapper $extern:wrap:$sub:Y_WIDTH=56:B_WIDTH=56:A_WIDTH=33:B_SIGNED=0:A_SIGNED=0:394426c56d1a028ba8fdd5469b163e04011def47.
Using template $extern:wrap:$sub:Y_WIDTH=56:B_WIDTH=56:A_WIDTH=33:B_SIGNED=0:A_SIGNED=0:394426c56d1a028ba8fdd5469b163e04011def47 for cells of type $extern:wrap:$sub:Y_WIDTH=56:B_WIDTH=56:A_WIDTH=33:B_SIGNED=0:A_SIGNED=0:394426c56d1a028ba8fdd5469b163e04011def47.
Running "alumacc" on wrapper $extern:wrap:$ge:Y_WIDTH=1:B_WIDTH=56:A_WIDTH=33:B_SIGNED=0:A_SIGNED=0:394426c56d1a028ba8fdd5469b163e04011def47.
Using template $extern:wrap:$ge:Y_WIDTH=1:B_WIDTH=56:A_WIDTH=33:B_SIGNED=0:A_SIGNED=0:394426c56d1a028ba8fdd5469b163e04011def47 for cells of type $extern:wrap:$ge:Y_WIDTH=1:B_WIDTH=56:A_WIDTH=33:B_SIGNED=0:A_SIGNED=0:394426c56d1a028ba8fdd5469b163e04011def47.
Running "alumacc" on wrapper $extern:wrap:$sub:Y_WIDTH=57:B_WIDTH=57:A_WIDTH=33:B_SIGNED=0:A_SIGNED=0:394426c56d1a028ba8fdd5469b163e04011def47.
Using template $extern:wrap:$sub:Y_WIDTH=57:B_WIDTH=57:A_WIDTH=33:B_SIGNED=0:A_SIGNED=0:394426c56d1a028ba8fdd5469b163e04011def47 for cells of type $extern:wrap:$sub:Y_WIDTH=57:B_WIDTH=57:A_WIDTH=33:B_SIGNED=0:A_SIGNED=0:394426c56d1a028ba8fdd5469b163e04011def47.
Running "alumacc" on wrapper $extern:wrap:$ge:Y_WIDTH=1:B_WIDTH=57:A_WIDTH=33:B_SIGNED=0:A_SIGNED=0:394426c56d1a028ba8fdd5469b163e04011def47.
Using template $extern:wrap:$ge:Y_WIDTH=1:B_WIDTH=57:A_WIDTH=33:B_SIGNED=0:A_SIGNED=0:394426c56d1a028ba8fdd5469b163e04011def47 for cells of type $extern:wrap:$ge:Y_WIDTH=1:B_WIDTH=57:A_WIDTH=33:B_SIGNED=0:A_SIGNED=0:394426c56d1a028ba8fdd5469b163e04011def47.
Running "alumacc" on wrapper $extern:wrap:$sub:Y_WIDTH=58:B_WIDTH=58:A_WIDTH=33:B_SIGNED=0:A_SIGNED=0:394426c56d1a028ba8fdd5469b163e04011def47.
Using template $extern:wrap:$sub:Y_WIDTH=58:B_WIDTH=58:A_WIDTH=33:B_SIGNED=0:A_SIGNED=0:394426c56d1a028ba8fdd5469b163e04011def47 for cells of type $extern:wrap:$sub:Y_WIDTH=58:B_WIDTH=58:A_WIDTH=33:B_SIGNED=0:A_SIGNED=0:394426c56d1a028ba8fdd5469b163e04011def47.
Running "alumacc" on wrapper $extern:wrap:$ge:Y_WIDTH=1:B_WIDTH=58:A_WIDTH=33:B_SIGNED=0:A_SIGNED=0:394426c56d1a028ba8fdd5469b163e04011def47.
Using template $extern:wrap:$ge:Y_WIDTH=1:B_WIDTH=58:A_WIDTH=33:B_SIGNED=0:A_SIGNED=0:394426c56d1a028ba8fdd5469b163e04011def47 for cells of type $extern:wrap:$ge:Y_WIDTH=1:B_WIDTH=58:A_WIDTH=33:B_SIGNED=0:A_SIGNED=0:394426c56d1a028ba8fdd5469b163e04011def47.
Running "alumacc" on wrapper $extern:wrap:$sub:Y_WIDTH=59:B_WIDTH=59:A_WIDTH=33:B_SIGNED=0:A_SIGNED=0:394426c56d1a028ba8fdd5469b163e04011def47.
Using template $extern:wrap:$sub:Y_WIDTH=59:B_WIDTH=59:A_WIDTH=33:B_SIGNED=0:A_SIGNED=0:394426c56d1a028ba8fdd5469b163e04011def47 for cells of type $extern:wrap:$sub:Y_WIDTH=59:B_WIDTH=59:A_WIDTH=33:B_SIGNED=0:A_SIGNED=0:394426c56d1a028ba8fdd5469b163e04011def47.
Running "alumacc" on wrapper $extern:wrap:$ge:Y_WIDTH=1:B_WIDTH=59:A_WIDTH=33:B_SIGNED=0:A_SIGNED=0:394426c56d1a028ba8fdd5469b163e04011def47.
Using template $extern:wrap:$ge:Y_WIDTH=1:B_WIDTH=59:A_WIDTH=33:B_SIGNED=0:A_SIGNED=0:394426c56d1a028ba8fdd5469b163e04011def47 for cells of type $extern:wrap:$ge:Y_WIDTH=1:B_WIDTH=59:A_WIDTH=33:B_SIGNED=0:A_SIGNED=0:394426c56d1a028ba8fdd5469b163e04011def47.
Running "alumacc" on wrapper $extern:wrap:$sub:Y_WIDTH=60:B_WIDTH=60:A_WIDTH=33:B_SIGNED=0:A_SIGNED=0:394426c56d1a028ba8fdd5469b163e04011def47.
Using template $extern:wrap:$sub:Y_WIDTH=60:B_WIDTH=60:A_WIDTH=33:B_SIGNED=0:A_SIGNED=0:394426c56d1a028ba8fdd5469b163e04011def47 for cells of type $extern:wrap:$sub:Y_WIDTH=60:B_WIDTH=60:A_WIDTH=33:B_SIGNED=0:A_SIGNED=0:394426c56d1a028ba8fdd5469b163e04011def47.
Running "alumacc" on wrapper $extern:wrap:$ge:Y_WIDTH=1:B_WIDTH=60:A_WIDTH=33:B_SIGNED=0:A_SIGNED=0:394426c56d1a028ba8fdd5469b163e04011def47.
Using template $extern:wrap:$ge:Y_WIDTH=1:B_WIDTH=60:A_WIDTH=33:B_SIGNED=0:A_SIGNED=0:394426c56d1a028ba8fdd5469b163e04011def47 for cells of type $extern:wrap:$ge:Y_WIDTH=1:B_WIDTH=60:A_WIDTH=33:B_SIGNED=0:A_SIGNED=0:394426c56d1a028ba8fdd5469b163e04011def47.
Running "alumacc" on wrapper $extern:wrap:$sub:Y_WIDTH=61:B_WIDTH=61:A_WIDTH=33:B_SIGNED=0:A_SIGNED=0:394426c56d1a028ba8fdd5469b163e04011def47.
Using template $extern:wrap:$sub:Y_WIDTH=61:B_WIDTH=61:A_WIDTH=33:B_SIGNED=0:A_SIGNED=0:394426c56d1a028ba8fdd5469b163e04011def47 for cells of type $extern:wrap:$sub:Y_WIDTH=61:B_WIDTH=61:A_WIDTH=33:B_SIGNED=0:A_SIGNED=0:394426c56d1a028ba8fdd5469b163e04011def47.
Running "alumacc" on wrapper $extern:wrap:$ge:Y_WIDTH=1:B_WIDTH=61:A_WIDTH=33:B_SIGNED=0:A_SIGNED=0:394426c56d1a028ba8fdd5469b163e04011def47.
Using template $extern:wrap:$ge:Y_WIDTH=1:B_WIDTH=61:A_WIDTH=33:B_SIGNED=0:A_SIGNED=0:394426c56d1a028ba8fdd5469b163e04011def47 for cells of type $extern:wrap:$ge:Y_WIDTH=1:B_WIDTH=61:A_WIDTH=33:B_SIGNED=0:A_SIGNED=0:394426c56d1a028ba8fdd5469b163e04011def47.
Running "alumacc" on wrapper $extern:wrap:$sub:Y_WIDTH=62:B_WIDTH=62:A_WIDTH=33:B_SIGNED=0:A_SIGNED=0:394426c56d1a028ba8fdd5469b163e04011def47.
Using template $extern:wrap:$sub:Y_WIDTH=62:B_WIDTH=62:A_WIDTH=33:B_SIGNED=0:A_SIGNED=0:394426c56d1a028ba8fdd5469b163e04011def47 for cells of type $extern:wrap:$sub:Y_WIDTH=62:B_WIDTH=62:A_WIDTH=33:B_SIGNED=0:A_SIGNED=0:394426c56d1a028ba8fdd5469b163e04011def47.
Running "alumacc" on wrapper $extern:wrap:$ge:Y_WIDTH=1:B_WIDTH=62:A_WIDTH=33:B_SIGNED=0:A_SIGNED=0:394426c56d1a028ba8fdd5469b163e04011def47.
Using template $extern:wrap:$ge:Y_WIDTH=1:B_WIDTH=62:A_WIDTH=33:B_SIGNED=0:A_SIGNED=0:394426c56d1a028ba8fdd5469b163e04011def47 for cells of type $extern:wrap:$ge:Y_WIDTH=1:B_WIDTH=62:A_WIDTH=33:B_SIGNED=0:A_SIGNED=0:394426c56d1a028ba8fdd5469b163e04011def47.
Running "alumacc" on wrapper $extern:wrap:$sub:Y_WIDTH=63:B_WIDTH=63:A_WIDTH=33:B_SIGNED=0:A_SIGNED=0:394426c56d1a028ba8fdd5469b163e04011def47.
Using template $extern:wrap:$sub:Y_WIDTH=63:B_WIDTH=63:A_WIDTH=33:B_SIGNED=0:A_SIGNED=0:394426c56d1a028ba8fdd5469b163e04011def47 for cells of type $extern:wrap:$sub:Y_WIDTH=63:B_WIDTH=63:A_WIDTH=33:B_SIGNED=0:A_SIGNED=0:394426c56d1a028ba8fdd5469b163e04011def47.
Running "alumacc" on wrapper $extern:wrap:$ge:Y_WIDTH=1:B_WIDTH=63:A_WIDTH=33:B_SIGNED=0:A_SIGNED=0:394426c56d1a028ba8fdd5469b163e04011def47.
Using template $extern:wrap:$ge:Y_WIDTH=1:B_WIDTH=63:A_WIDTH=33:B_SIGNED=0:A_SIGNED=0:394426c56d1a028ba8fdd5469b163e04011def47 for cells of type $extern:wrap:$ge:Y_WIDTH=1:B_WIDTH=63:A_WIDTH=33:B_SIGNED=0:A_SIGNED=0:394426c56d1a028ba8fdd5469b163e04011def47.
Running "alumacc" on wrapper $extern:wrap:$sub:Y_WIDTH=64:B_WIDTH=64:A_WIDTH=33:B_SIGNED=0:A_SIGNED=0:394426c56d1a028ba8fdd5469b163e04011def47.
Using template $extern:wrap:$sub:Y_WIDTH=64:B_WIDTH=64:A_WIDTH=33:B_SIGNED=0:A_SIGNED=0:394426c56d1a028ba8fdd5469b163e04011def47 for cells of type $extern:wrap:$sub:Y_WIDTH=64:B_WIDTH=64:A_WIDTH=33:B_SIGNED=0:A_SIGNED=0:394426c56d1a028ba8fdd5469b163e04011def47.
Running "alumacc" on wrapper $extern:wrap:$ge:Y_WIDTH=1:B_WIDTH=64:A_WIDTH=33:B_SIGNED=0:A_SIGNED=0:394426c56d1a028ba8fdd5469b163e04011def47.
Using template $extern:wrap:$ge:Y_WIDTH=1:B_WIDTH=64:A_WIDTH=33:B_SIGNED=0:A_SIGNED=0:394426c56d1a028ba8fdd5469b163e04011def47 for cells of type $extern:wrap:$ge:Y_WIDTH=1:B_WIDTH=64:A_WIDTH=33:B_SIGNED=0:A_SIGNED=0:394426c56d1a028ba8fdd5469b163e04011def47.
Running "alumacc" on wrapper $extern:wrap:$sub:Y_WIDTH=65:B_WIDTH=65:A_WIDTH=33:B_SIGNED=0:A_SIGNED=0:394426c56d1a028ba8fdd5469b163e04011def47.
Using template $extern:wrap:$sub:Y_WIDTH=65:B_WIDTH=65:A_WIDTH=33:B_SIGNED=0:A_SIGNED=0:394426c56d1a028ba8fdd5469b163e04011def47 for cells of type $extern:wrap:$sub:Y_WIDTH=65:B_WIDTH=65:A_WIDTH=33:B_SIGNED=0:A_SIGNED=0:394426c56d1a028ba8fdd5469b163e04011def47.
Running "alumacc" on wrapper $extern:wrap:$ge:Y_WIDTH=1:B_WIDTH=65:A_WIDTH=33:B_SIGNED=0:A_SIGNED=0:394426c56d1a028ba8fdd5469b163e04011def47.
Using template $extern:wrap:$ge:Y_WIDTH=1:B_WIDTH=65:A_WIDTH=33:B_SIGNED=0:A_SIGNED=0:394426c56d1a028ba8fdd5469b163e04011def47 for cells of type $extern:wrap:$ge:Y_WIDTH=1:B_WIDTH=65:A_WIDTH=33:B_SIGNED=0:A_SIGNED=0:394426c56d1a028ba8fdd5469b163e04011def47.
Using template $paramod\_90_fa\WIDTH=32'00000000000000000000000000100001 for cells of type $fa.
Using template $paramod\_90_lcu_brent_kung\WIDTH=32'00000000000000000000000000100001 for cells of type $lcu.
Using template $paramod$cc6a978c1b57cdb49efcec348c88d8e28bf1a01f\_90_alu for cells of type $alu.
Using template $paramod$66f4d26ff378933eb12ea14eb9e3e72193112f68\_90_alu for cells of type $alu.
Using template $paramod$f14f58a9dc953225774ed36f8cd52bde0fedcb71\_90_alu for cells of type $alu.
Using template $paramod$a7260b544fbad3ecb8c199adb8411a5a130453c9\_90_alu for cells of type $alu.
Using template $paramod$a9242bca79862a7659b9b983a18f5ac6ea6a7433\_90_alu for cells of type $alu.
Using template $paramod$fe592371df89fd56a552cad9e4e228d0e2157a09\_90_alu for cells of type $alu.
Using template $paramod$6bc296dde5719e833698f3cf04d06295044d1e25\_90_alu for cells of type $alu.
Using template $paramod$9ad7a6267efe506852f4afa25e263d668768b291\_90_alu for cells of type $alu.
Using template $paramod$c546b4f2cb8040b2bb6ac111535cc8fd1100fe5a\_90_alu for cells of type $alu.
Using template $paramod$d2608cab65eadf578ed22c11852183c64a4794d6\_90_alu for cells of type $alu.
Using template $paramod$f5362d272f1bdde39b3761b64f1782fd6080f7eb\_90_alu for cells of type $alu.
Using template $paramod$0cabc5f867fea2e697a62451b7be046b1b62b59d\_90_alu for cells of type $alu.
Using template $paramod$032e6a5109297833d4cbed055812dc8a30e993b4\_90_alu for cells of type $alu.
Using template $paramod$30af2f8124d6b4afcd34f31ff530ec03e76ca9b4\_90_alu for cells of type $alu.
Using template $paramod$cc1407be07f8e1e54886ef620e63d047d1ca1813\_90_alu for cells of type $alu.
Using template $paramod$1729bc839225b826a817c02c1748f1a83567dbfe\_90_alu for cells of type $alu.
Using template $paramod$62de0aa059b1237474e30af7988eea99ed833be6\_90_alu for cells of type $alu.
Using template $paramod$e2b0dd7971fc8bfe1bf8e180c1f03e586c072686\_90_alu for cells of type $alu.
Using template $paramod$a9e266bc30aaed0abbd1dc643d6fe98d896f5104\_90_alu for cells of type $alu.
Using template $paramod$d595eeb1c73672ceafa0c1b1297b1f11a6064d44\_90_alu for cells of type $alu.
Using template $paramod$0db8778394e549de91682b0c3ec02f41b29e1dfe\_90_alu for cells of type $alu.
Using template $paramod$7cd90b2bbeb7ca8ae47b510eab3671e7de2ab6cd\_90_alu for cells of type $alu.
Using template $paramod$9d411443c1236ab4b0071355b46ac4a6f240a2cc\_90_alu for cells of type $alu.
Using template $paramod$dde1a3927437b0fc5f67d439beed18b4c6ecb0e6\_90_alu for cells of type $alu.
Using template $paramod$215bc039315b6c0d0dd6586da4e831ca7aefc20c\_90_alu for cells of type $alu.
Using template $paramod$8b5556ad5869da5c406bb321a81ab650246de821\_90_alu for cells of type $alu.
Using template $paramod$e66c230f1a34e5a2571158194ceecbf1989fdb36\_90_alu for cells of type $alu.
Using template $paramod$f71a32ff0c95c06748789a26d2b166eec5ae6b5a\_90_alu for cells of type $alu.
Using template $paramod$b1e65b06490a8cd5996f72ad10f3a59245ed9ba1\_90_alu for cells of type $alu.
Using template $paramod$16b6ac4765d4deaa60b5e8a3f49cb01ff2b4f634\_90_alu for cells of type $alu.
Using template $paramod$497fbd9bd08802bd5c1fef72c6e0a4730710d9ea\_90_alu for cells of type $alu.
Using template $paramod$afce5005fe1872b96c3b25fa8deba299c4d92d75\_90_alu for cells of type $alu.
Using template $paramod$c1a24180bc1daf1fb95d17515c9f4a0f6ae78486\_90_alu for cells of type $alu.
Using template $paramod\_90_fa\WIDTH=32'00000000000000000000000000100010 for cells of type $fa.
Using template $paramod\_90_lcu_brent_kung\WIDTH=32'00000000000000000000000000100010 for cells of type $lcu.
Using template $paramod\_90_fa\WIDTH=32'00000000000000000000000000100011 for cells of type $fa.
Using template $paramod\_90_lcu_brent_kung\WIDTH=32'00000000000000000000000000100011 for cells of type $lcu.
Using template $paramod\_90_fa\WIDTH=32'00000000000000000000000000100100 for cells of type $fa.
Using template $paramod\_90_lcu_brent_kung\WIDTH=32'00000000000000000000000000100100 for cells of type $lcu.
Using template $paramod\_90_fa\WIDTH=32'00000000000000000000000000100101 for cells of type $fa.
Using template $paramod\_90_lcu_brent_kung\WIDTH=32'00000000000000000000000000100101 for cells of type $lcu.
Using template $paramod\_90_fa\WIDTH=32'00000000000000000000000000100110 for cells of type $fa.
Using template $paramod\_90_lcu_brent_kung\WIDTH=32'00000000000000000000000000100110 for cells of type $lcu.
Using template $paramod\_90_fa\WIDTH=32'00000000000000000000000000100111 for cells of type $fa.
Using template $paramod\_90_lcu_brent_kung\WIDTH=32'00000000000000000000000000100111 for cells of type $lcu.
Using template $paramod\_90_fa\WIDTH=32'00000000000000000000000000101000 for cells of type $fa.
Using template $paramod\_90_lcu_brent_kung\WIDTH=32'00000000000000000000000000101000 for cells of type $lcu.
Using template $paramod\_90_fa\WIDTH=32'00000000000000000000000000101001 for cells of type $fa.
Using template $paramod\_90_lcu_brent_kung\WIDTH=32'00000000000000000000000000101001 for cells of type $lcu.
Using template $paramod\_90_fa\WIDTH=32'00000000000000000000000000101010 for cells of type $fa.
Using template $paramod\_90_lcu_brent_kung\WIDTH=32'00000000000000000000000000101010 for cells of type $lcu.
Using template $paramod\_90_fa\WIDTH=32'00000000000000000000000000101011 for cells of type $fa.
Using template $paramod\_90_lcu_brent_kung\WIDTH=32'00000000000000000000000000101011 for cells of type $lcu.
Using template $paramod\_90_fa\WIDTH=32'00000000000000000000000000101100 for cells of type $fa.
Using template $paramod\_90_lcu_brent_kung\WIDTH=32'00000000000000000000000000101100 for cells of type $lcu.
Using template $paramod\_90_fa\WIDTH=32'00000000000000000000000000101101 for cells of type $fa.
Using template $paramod\_90_lcu_brent_kung\WIDTH=32'00000000000000000000000000101101 for cells of type $lcu.
Using template $paramod\_90_fa\WIDTH=32'00000000000000000000000000101110 for cells of type $fa.
Using template $paramod\_90_lcu_brent_kung\WIDTH=32'00000000000000000000000000101110 for cells of type $lcu.
Using template $paramod\_90_fa\WIDTH=32'00000000000000000000000000101111 for cells of type $fa.
Using template $paramod\_90_lcu_brent_kung\WIDTH=32'00000000000000000000000000101111 for cells of type $lcu.
Using template $paramod\_90_fa\WIDTH=32'00000000000000000000000000110000 for cells of type $fa.
Using template $paramod\_90_lcu_brent_kung\WIDTH=32'00000000000000000000000000110000 for cells of type $lcu.
Using template $paramod\_90_fa\WIDTH=32'00000000000000000000000000110001 for cells of type $fa.
Using template $paramod\_90_lcu_brent_kung\WIDTH=32'00000000000000000000000000110001 for cells of type $lcu.
Using template $paramod\_90_fa\WIDTH=32'00000000000000000000000000110010 for cells of type $fa.
Using template $paramod\_90_lcu_brent_kung\WIDTH=32'00000000000000000000000000110010 for cells of type $lcu.
Using template $paramod\_90_fa\WIDTH=32'00000000000000000000000000110011 for cells of type $fa.
Using template $paramod\_90_lcu_brent_kung\WIDTH=32'00000000000000000000000000110011 for cells of type $lcu.
Using template $paramod\_90_fa\WIDTH=32'00000000000000000000000000110100 for cells of type $fa.
Using template $paramod\_90_lcu_brent_kung\WIDTH=32'00000000000000000000000000110100 for cells of type $lcu.
Using template $paramod\_90_fa\WIDTH=32'00000000000000000000000000110101 for cells of type $fa.
Using template $paramod\_90_lcu_brent_kung\WIDTH=32'00000000000000000000000000110101 for cells of type $lcu.
Using template $paramod\_90_fa\WIDTH=32'00000000000000000000000000110110 for cells of type $fa.
Using template $paramod\_90_lcu_brent_kung\WIDTH=32'00000000000000000000000000110110 for cells of type $lcu.
Using template $paramod\_90_fa\WIDTH=32'00000000000000000000000000110111 for cells of type $fa.
Using template $paramod\_90_lcu_brent_kung\WIDTH=32'00000000000000000000000000110111 for cells of type $lcu.
Using template $paramod\_90_fa\WIDTH=32'00000000000000000000000000111000 for cells of type $fa.
Using template $paramod\_90_lcu_brent_kung\WIDTH=32'00000000000000000000000000111000 for cells of type $lcu.
Using template $paramod\_90_fa\WIDTH=32'00000000000000000000000000111001 for cells of type $fa.
Using template $paramod\_90_lcu_brent_kung\WIDTH=32'00000000000000000000000000111001 for cells of type $lcu.
Using template $paramod\_90_fa\WIDTH=32'00000000000000000000000000111010 for cells of type $fa.
Using template $paramod\_90_lcu_brent_kung\WIDTH=32'00000000000000000000000000111010 for cells of type $lcu.
Using template $paramod\_90_fa\WIDTH=32'00000000000000000000000000111011 for cells of type $fa.
Using template $paramod\_90_lcu_brent_kung\WIDTH=32'00000000000000000000000000111011 for cells of type $lcu.
Using template $paramod\_90_fa\WIDTH=32'00000000000000000000000000111100 for cells of type $fa.
Using template $paramod\_90_lcu_brent_kung\WIDTH=32'00000000000000000000000000111100 for cells of type $lcu.
Using template $paramod\_90_fa\WIDTH=32'00000000000000000000000000111101 for cells of type $fa.
Using template $paramod\_90_lcu_brent_kung\WIDTH=32'00000000000000000000000000111101 for cells of type $lcu.
Using template $paramod\_90_fa\WIDTH=32'00000000000000000000000000111110 for cells of type $fa.
Using template $paramod\_90_lcu_brent_kung\WIDTH=32'00000000000000000000000000111110 for cells of type $lcu.
Using template $paramod\_90_fa\WIDTH=32'00000000000000000000000000111111 for cells of type $fa.
Using template $paramod\_90_lcu_brent_kung\WIDTH=32'00000000000000000000000000111111 for cells of type $lcu.
Using template $paramod\_90_fa\WIDTH=32'00000000000000000000000001000001 for cells of type $fa.
Using template $paramod\_90_lcu_brent_kung\WIDTH=32'00000000000000000000000001000001 for cells of type $lcu.
Using template $paramod$fbc7873bff55778c0b3173955b7e4bce1d9d6834\_90_alu for cells of type $alu.
No more expansions possible.
<suppressed ~44197 debug messages>

30.21. Executing OPT pass (performing simple optimizations).

30.21.1. Executing OPT_EXPR pass (perform const folding).
Optimizing module $paramod$5ef3be0bfad1454aaa6432c4ab405bbd7cbab26b\multiplexer.
<suppressed ~21 debug messages>
Optimizing module $paramod$6a3d32cf08b5e9a4d56891e3d8781ccd4215c4af\multiplexer.
Optimizing module $paramod$99da07bf27abaac915a8c95d36d6f2808394e702\multiplexer.
<suppressed ~6 debug messages>
Optimizing module $paramod$e358a763f16798cd10903dfd37e7986c0fbbe40f\register.
Optimizing module $paramod\adder\WIDTH=s32'00000000000000000000000000100000.
<suppressed ~132 debug messages>
Optimizing module $paramod\multiplexer2\WIDTH=s32'00000000000000000000000000100000.
Optimizing module $paramod\multiplexer4\WIDTH=s32'00000000000000000000000000100000.
Optimizing module $paramod\multiplexer8\WIDTH=s32'00000000000000000000000000100000.
Optimizing module alu.
<suppressed ~56287 debug messages>
Optimizing module alu_control.
<suppressed ~51 debug messages>
Optimizing module control_transfer.
<suppressed ~10 debug messages>
Optimizing module data_memory_interface.
<suppressed ~9 debug messages>
Optimizing module immediate_generator.
<suppressed ~98 debug messages>
Optimizing module instruction_decoder.
Optimizing module regfile.
<suppressed ~465 debug messages>
Optimizing module riscv_core.
Optimizing module singlecycle_control.
<suppressed ~92 debug messages>
Optimizing module singlecycle_ctlpath.
Optimizing module singlecycle_datapath.

30.21.2. Executing OPT_MERGE pass (detect identical cells).
Finding identical cells in module `$paramod$5ef3be0bfad1454aaa6432c4ab405bbd7cbab26b\multiplexer'.
Computing hashes of 487 cells of `$paramod$5ef3be0bfad1454aaa6432c4ab405bbd7cbab26b\multiplexer'.
Finding duplicate cells in `$paramod$5ef3be0bfad1454aaa6432c4ab405bbd7cbab26b\multiplexer'.
Computing hashes of 478 cells of `$paramod$5ef3be0bfad1454aaa6432c4ab405bbd7cbab26b\multiplexer'.
Finding duplicate cells in `$paramod$5ef3be0bfad1454aaa6432c4ab405bbd7cbab26b\multiplexer'.
Computing hashes of 475 cells of `$paramod$5ef3be0bfad1454aaa6432c4ab405bbd7cbab26b\multiplexer'.
Finding duplicate cells in `$paramod$5ef3be0bfad1454aaa6432c4ab405bbd7cbab26b\multiplexer'.
<suppressed ~36 debug messages>
Finding identical cells in module `$paramod$6a3d32cf08b5e9a4d56891e3d8781ccd4215c4af\multiplexer'.
Computing hashes of 32 cells of `$paramod$6a3d32cf08b5e9a4d56891e3d8781ccd4215c4af\multiplexer'.
Finding duplicate cells in `$paramod$6a3d32cf08b5e9a4d56891e3d8781ccd4215c4af\multiplexer'.
Finding identical cells in module `$paramod$99da07bf27abaac915a8c95d36d6f2808394e702\multiplexer'.
Computing hashes of 204 cells of `$paramod$99da07bf27abaac915a8c95d36d6f2808394e702\multiplexer'.
Finding duplicate cells in `$paramod$99da07bf27abaac915a8c95d36d6f2808394e702\multiplexer'.
Computing hashes of 202 cells of `$paramod$99da07bf27abaac915a8c95d36d6f2808394e702\multiplexer'.
Finding duplicate cells in `$paramod$99da07bf27abaac915a8c95d36d6f2808394e702\multiplexer'.
<suppressed ~6 debug messages>
Finding identical cells in module `$paramod$e358a763f16798cd10903dfd37e7986c0fbbe40f\register'.
Computing hashes of 32 cells of `$paramod$e358a763f16798cd10903dfd37e7986c0fbbe40f\register'.
Finding duplicate cells in `$paramod$e358a763f16798cd10903dfd37e7986c0fbbe40f\register'.
Finding identical cells in module `$paramod\adder\WIDTH=s32'00000000000000000000000000100000'.
Computing hashes of 267 cells of `$paramod\adder\WIDTH=s32'00000000000000000000000000100000'.
Finding duplicate cells in `$paramod\adder\WIDTH=s32'00000000000000000000000000100000'.
Finding identical cells in module `$paramod\multiplexer2\WIDTH=s32'00000000000000000000000000100000'.
Computing hashes of 1 cells of `$paramod\multiplexer2\WIDTH=s32'00000000000000000000000000100000'.
Finding duplicate cells in `$paramod\multiplexer2\WIDTH=s32'00000000000000000000000000100000'.
Finding identical cells in module `$paramod\multiplexer4\WIDTH=s32'00000000000000000000000000100000'.
Computing hashes of 1 cells of `$paramod\multiplexer4\WIDTH=s32'00000000000000000000000000100000'.
Finding duplicate cells in `$paramod\multiplexer4\WIDTH=s32'00000000000000000000000000100000'.
Finding identical cells in module `$paramod\multiplexer8\WIDTH=s32'00000000000000000000000000100000'.
Computing hashes of 1 cells of `$paramod\multiplexer8\WIDTH=s32'00000000000000000000000000100000'.
Finding duplicate cells in `$paramod\multiplexer8\WIDTH=s32'00000000000000000000000000100000'.
Finding identical cells in module `\alu'.
Computing hashes of 66018 cells of `\alu'.
Finding duplicate cells in `\alu'.
Computing hashes of 57034 cells of `\alu'.
Finding duplicate cells in `\alu'.
Computing hashes of 51075 cells of `\alu'.
Finding duplicate cells in `\alu'.
Computing hashes of 47563 cells of `\alu'.
Finding duplicate cells in `\alu'.
Computing hashes of 45551 cells of `\alu'.
Finding duplicate cells in `\alu'.
Computing hashes of 44033 cells of `\alu'.
Finding duplicate cells in `\alu'.
Computing hashes of 42862 cells of `\alu'.
Finding duplicate cells in `\alu'.
Computing hashes of 41894 cells of `\alu'.
Finding duplicate cells in `\alu'.
Computing hashes of 41108 cells of `\alu'.
Finding duplicate cells in `\alu'.
Computing hashes of 40052 cells of `\alu'.
Finding duplicate cells in `\alu'.
Computing hashes of 39287 cells of `\alu'.
Finding duplicate cells in `\alu'.
Computing hashes of 38154 cells of `\alu'.
Finding duplicate cells in `\alu'.
Computing hashes of 37183 cells of `\alu'.
Finding duplicate cells in `\alu'.
Computing hashes of 35928 cells of `\alu'.
Finding duplicate cells in `\alu'.
Computing hashes of 34718 cells of `\alu'.
Finding duplicate cells in `\alu'.
Computing hashes of 33892 cells of `\alu'.
Finding duplicate cells in `\alu'.
Computing hashes of 33590 cells of `\alu'.
Finding duplicate cells in `\alu'.
Computing hashes of 33508 cells of `\alu'.
Finding duplicate cells in `\alu'.
Computing hashes of 33480 cells of `\alu'.
Finding duplicate cells in `\alu'.
Computing hashes of 33478 cells of `\alu'.
Finding duplicate cells in `\alu'.
Computing hashes of 33476 cells of `\alu'.
Finding duplicate cells in `\alu'.
<suppressed ~97626 debug messages>
Finding identical cells in module `\alu_control'.
Computing hashes of 105 cells of `\alu_control'.
Finding duplicate cells in `\alu_control'.
Computing hashes of 93 cells of `\alu_control'.
Finding duplicate cells in `\alu_control'.
Computing hashes of 91 cells of `\alu_control'.
Finding duplicate cells in `\alu_control'.
<suppressed ~42 debug messages>
Finding identical cells in module `\control_transfer'.
Computing hashes of 20 cells of `\control_transfer'.
Finding duplicate cells in `\control_transfer'.
Computing hashes of 19 cells of `\control_transfer'.
Finding duplicate cells in `\control_transfer'.
<suppressed ~3 debug messages>
Finding identical cells in module `\data_memory_interface'.
Computing hashes of 253 cells of `\data_memory_interface'.
Finding duplicate cells in `\data_memory_interface'.
Computing hashes of 235 cells of `\data_memory_interface'.
Finding duplicate cells in `\data_memory_interface'.
<suppressed ~54 debug messages>
Finding identical cells in module `\immediate_generator'.
Computing hashes of 410 cells of `\immediate_generator'.
Finding duplicate cells in `\immediate_generator'.
Computing hashes of 304 cells of `\immediate_generator'.
Finding duplicate cells in `\immediate_generator'.
Computing hashes of 266 cells of `\immediate_generator'.
Finding duplicate cells in `\immediate_generator'.
Computing hashes of 255 cells of `\immediate_generator'.
Finding duplicate cells in `\immediate_generator'.
<suppressed ~465 debug messages>
Finding identical cells in module `\instruction_decoder'.
Computing hashes of 0 cells of `\instruction_decoder'.
Finding duplicate cells in `\instruction_decoder'.
Finding identical cells in module `\regfile'.
Computing hashes of 5830 cells of `\regfile'.
Finding duplicate cells in `\regfile'.
Computing hashes of 5565 cells of `\regfile'.
Finding duplicate cells in `\regfile'.
Computing hashes of 5437 cells of `\regfile'.
Finding duplicate cells in `\regfile'.
Computing hashes of 5391 cells of `\regfile'.
Finding duplicate cells in `\regfile'.
<suppressed ~1317 debug messages>
Finding identical cells in module `\riscv_core'.
Computing hashes of 5 cells of `\riscv_core'.
Finding duplicate cells in `\riscv_core'.
Finding identical cells in module `\singlecycle_control'.
Computing hashes of 139 cells of `\singlecycle_control'.
Finding duplicate cells in `\singlecycle_control'.
Computing hashes of 100 cells of `\singlecycle_control'.
Finding duplicate cells in `\singlecycle_control'.
Computing hashes of 84 cells of `\singlecycle_control'.
Finding duplicate cells in `\singlecycle_control'.
Computing hashes of 75 cells of `\singlecycle_control'.
Finding duplicate cells in `\singlecycle_control'.
<suppressed ~192 debug messages>
Finding identical cells in module `\singlecycle_ctlpath'.
Computing hashes of 3 cells of `\singlecycle_ctlpath'.
Finding duplicate cells in `\singlecycle_ctlpath'.
Finding identical cells in module `\singlecycle_datapath'.
Computing hashes of 9 cells of `\singlecycle_datapath'.
Finding duplicate cells in `\singlecycle_datapath'.
Removed a total of 33247 cells.

30.21.3. Executing OPT_DFF pass (perform DFF optimizations).

30.21.4. Executing OPT_CLEAN pass (remove unused cells and wires).
Finding unused cells or wires in module $paramod$5ef3be0bfad1454aaa6432c4ab405bbd7cbab26b\multiplexer..
Finding unused cells or wires in module $paramod$6a3d32cf08b5e9a4d56891e3d8781ccd4215c4af\multiplexer..
Finding unused cells or wires in module $paramod$99da07bf27abaac915a8c95d36d6f2808394e702\multiplexer..
Finding unused cells or wires in module $paramod$e358a763f16798cd10903dfd37e7986c0fbbe40f\register..
Finding unused cells or wires in module $paramod\adder\WIDTH=s32'00000000000000000000000000100000..
Finding unused cells or wires in module $paramod\multiplexer2\WIDTH=s32'00000000000000000000000000100000..
Finding unused cells or wires in module $paramod\multiplexer4\WIDTH=s32'00000000000000000000000000100000..
Finding unused cells or wires in module $paramod\multiplexer8\WIDTH=s32'00000000000000000000000000100000..
Finding unused cells or wires in module \alu..
Finding unused cells or wires in module \alu_control..
Finding unused cells or wires in module \control_transfer..
Finding unused cells or wires in module \data_memory_interface..
Finding unused cells or wires in module \immediate_generator..
Finding unused cells or wires in module \instruction_decoder..
Finding unused cells or wires in module \regfile..
Finding unused cells or wires in module \riscv_core..
Finding unused cells or wires in module \singlecycle_control..
Finding unused cells or wires in module \singlecycle_ctlpath..
Finding unused cells or wires in module \singlecycle_datapath..
Removed 4069 unused cells and 29205 unused wires.
<suppressed ~4079 debug messages>

30.21.5. Finished fast OPT passes.

30.22. Executing ABC pass (technology mapping using ABC).

30.22.1. Extracting gate netlist of module `$paramod$5ef3be0bfad1454aaa6432c4ab405bbd7cbab26b\multiplexer' to `<abc-temp-dir>/input.blif'..

30.22.1.1. Executed ABC.
Extracted 475 gates and 734 wires to a netlist network with 259 inputs and 32 outputs.
Running ABC script: <abc-temp-dir>/abc.script
ABC: UC Berkeley, ABC 1.01 (compiled Jul 11 2026 03:57:20)
ABC: abc 01> empty
ABC: abc 01> source <abc-temp-dir>/abc.script
ABC: + read_blif <abc-temp-dir>/input.blif 
ABC: + read_library <abc-temp-dir>/stdcells.genlib 
ABC: + strash 
ABC: + &get -n 
ABC: + &fraig -x 
ABC: + &put 
ABC: + scorr 
ABC: Warning: The network is combinational (run "fraig" or "fraig_sweep").
ABC: + dc2 
ABC: + dretime 
ABC: + strash 
ABC: + &get -n 
ABC: + &dch -f 
ABC: + &nf 
ABC: + &put 
ABC: + write_blif <abc-temp-dir>/output.blif 
ABC: 
ABC: YOSYS_ABC_DONE 

30.22.1.2. Re-integrating ABC results.
ABC RESULTS:               AND cells:      197
ABC RESULTS:            ANDNOT cells:        6
ABC RESULTS:              NAND cells:      288
ABC RESULTS:               NOR cells:        1
ABC RESULTS:        internal signals:      443
ABC RESULTS:           input signals:      259
ABC RESULTS:          output signals:       32
Removing temp directory.

30.22.2. Extracting gate netlist of module `$paramod$6a3d32cf08b5e9a4d56891e3d8781ccd4215c4af\multiplexer' to `<abc-temp-dir>/input.blif'..

30.22.2.1. Executed ABC.
Extracted 32 gates and 97 wires to a netlist network with 65 inputs and 32 outputs.
Running ABC script: <abc-temp-dir>/abc.script
ABC: UC Berkeley, ABC 1.01 (compiled Jul 11 2026 03:57:20)
ABC: abc 01> empty
ABC: abc 01> source <abc-temp-dir>/abc.script
ABC: + read_blif <abc-temp-dir>/input.blif 
ABC: + read_library <abc-temp-dir>/stdcells.genlib 
ABC: + strash 
ABC: + &get -n 
ABC: + &fraig -x 
ABC: + &put 
ABC: + scorr 
ABC: Warning: The network is combinational (run "fraig" or "fraig_sweep").
ABC: + dc2 
ABC: + dretime 
ABC: + strash 
ABC: + &get -n 
ABC: + &dch -f 
ABC: + &nf 
ABC: + &put 
ABC: + write_blif <abc-temp-dir>/output.blif 
ABC: 
ABC: YOSYS_ABC_DONE 

30.22.2.2. Re-integrating ABC results.
ABC RESULTS:               MUX cells:       32
ABC RESULTS:        internal signals:        0
ABC RESULTS:           input signals:       65
ABC RESULTS:          output signals:       32
Removing temp directory.

30.22.3. Extracting gate netlist of module `$paramod$99da07bf27abaac915a8c95d36d6f2808394e702\multiplexer' to `<abc-temp-dir>/input.blif'..

30.22.3.1. Executed ABC.
Extracted 202 gates and 332 wires to a netlist network with 130 inputs and 32 outputs.
Running ABC script: <abc-temp-dir>/abc.script
ABC: UC Berkeley, ABC 1.01 (compiled Jul 11 2026 03:57:20)
ABC: abc 01> empty
ABC: abc 01> source <abc-temp-dir>/abc.script
ABC: + read_blif <abc-temp-dir>/input.blif 
ABC: + read_library <abc-temp-dir>/stdcells.genlib 
ABC: + strash 
ABC: + &get -n 
ABC: + &fraig -x 
ABC: + &put 
ABC: + scorr 
ABC: Warning: The network is combinational (run "fraig" or "fraig_sweep").
ABC: + dc2 
ABC: + dretime 
ABC: + strash 
ABC: + &get -n 
ABC: + &dch -f 
ABC: + &nf 
ABC: + &put 
ABC: + write_blif <abc-temp-dir>/output.blif 
ABC: 
ABC: YOSYS_ABC_DONE 

30.22.3.2. Re-integrating ABC results.
ABC RESULTS:               AND cells:       65
ABC RESULTS:            ANDNOT cells:        2
ABC RESULTS:              NAND cells:      160
ABC RESULTS:               NOR cells:        1
ABC RESULTS:        internal signals:      170
ABC RESULTS:           input signals:      130
ABC RESULTS:          output signals:       32
Removing temp directory.

30.22.4. Extracting gate netlist of module `$paramod$e358a763f16798cd10903dfd37e7986c0fbbe40f\register' to `<abc-temp-dir>/input.blif'..

30.22.4.1. Executed ABC.
Extracted 0 gates and 0 wires to a netlist network with 0 inputs and 0 outputs.
Don't call ABC as there is nothing to map.
Removing temp directory.

30.22.5. Extracting gate netlist of module `$paramod\adder\WIDTH=s32'00000000000000000000000000100000' to `<abc-temp-dir>/input.blif'..

30.22.5.1. Executed ABC.
Extracted 220 gates and 284 wires to a netlist network with 64 inputs and 32 outputs.
Running ABC script: <abc-temp-dir>/abc.script
ABC: UC Berkeley, ABC 1.01 (compiled Jul 11 2026 03:57:20)
ABC: abc 01> empty
ABC: abc 01> source <abc-temp-dir>/abc.script
ABC: + read_blif <abc-temp-dir>/input.blif 
ABC: + read_library <abc-temp-dir>/stdcells.genlib 
ABC: + strash 
ABC: + &get -n 
ABC: + &fraig -x 
ABC: + &put 
ABC: + scorr 
ABC: Warning: The network is combinational (run "fraig" or "fraig_sweep").
ABC: + dc2 
ABC: + dretime 
ABC: + strash 
ABC: + &get -n 
ABC: + &dch -f 
ABC: + &nf 
ABC: + &put 
ABC: + write_blif <abc-temp-dir>/output.blif 
ABC: 
ABC: YOSYS_ABC_DONE 

30.22.5.2. Re-integrating ABC results.
ABC RESULTS:               AND cells:        1
ABC RESULTS:              NAND cells:       98
ABC RESULTS:                OR cells:        8
ABC RESULTS:              XNOR cells:       10
ABC RESULTS:               XOR cells:       45
ABC RESULTS:        internal signals:      188
ABC RESULTS:           input signals:       64
ABC RESULTS:          output signals:       32
Removing temp directory.

30.22.6. Extracting gate netlist of module `$paramod\multiplexer2\WIDTH=s32'00000000000000000000000000100000' to `<abc-temp-dir>/input.blif'..

30.22.6.1. Executed ABC.
Extracted 0 gates and 0 wires to a netlist network with 0 inputs and 0 outputs.
Don't call ABC as there is nothing to map.
Removing temp directory.

30.22.7. Extracting gate netlist of module `$paramod\multiplexer4\WIDTH=s32'00000000000000000000000000100000' to `<abc-temp-dir>/input.blif'..

30.22.7.1. Executed ABC.
Extracted 0 gates and 0 wires to a netlist network with 0 inputs and 0 outputs.
Don't call ABC as there is nothing to map.
Removing temp directory.

30.22.8. Extracting gate netlist of module `$paramod\multiplexer8\WIDTH=s32'00000000000000000000000000100000' to `<abc-temp-dir>/input.blif'..

30.22.8.1. Executed ABC.
Extracted 0 gates and 0 wires to a netlist network with 0 inputs and 0 outputs.
Don't call ABC as there is nothing to map.
Removing temp directory.

30.22.9. Extracting gate netlist of module `\alu' to `<abc-temp-dir>/input.blif'..

30.22.9.1. Executed ABC.
Extracted 29454 gates and 29525 wires to a netlist network with 69 inputs and 33 outputs.
Running ABC script: <abc-temp-dir>/abc.script
ABC: UC Berkeley, ABC 1.01 (compiled Jul 11 2026 03:57:20)
ABC: abc 01> empty
ABC: abc 01> source <abc-temp-dir>/abc.script
ABC: + read_blif <abc-temp-dir>/input.blif 
ABC: + read_library <abc-temp-dir>/stdcells.genlib 
ABC: + strash 
ABC: + &get -n 
ABC: + &fraig -x 
ABC: + &put 
ABC: + scorr 
ABC: Warning: The network is combinational (run "fraig" or "fraig_sweep").
ABC: + dc2 
ABC: + dretime 
ABC: + strash 
ABC: + &get -n 
ABC: + &dch -f 
ABC: + &nf 
ABC: + &put 
ABC: + write_blif <abc-temp-dir>/output.blif 
ABC: 
ABC: YOSYS_ABC_DONE 

30.22.9.2. Re-integrating ABC results.
ABC RESULTS:               AND cells:     2835
ABC RESULTS:            ANDNOT cells:      345
ABC RESULTS:               MUX cells:     1262
ABC RESULTS:              NAND cells:     6559
ABC RESULTS:               NOR cells:       75
ABC RESULTS:               NOT cells:       68
ABC RESULTS:                OR cells:     1774
ABC RESULTS:             ORNOT cells:      390
ABC RESULTS:              XNOR cells:     2233
ABC RESULTS:               XOR cells:     2794
ABC RESULTS:        internal signals:    29423
ABC RESULTS:           input signals:       69
ABC RESULTS:          output signals:       33
Removing temp directory.

30.22.10. Extracting gate netlist of module `\alu_control' to `<abc-temp-dir>/input.blif'..

30.22.10.1. Executed ABC.
Extracted 91 gates and 101 wires to a netlist network with 8 inputs and 5 outputs.
Running ABC script: <abc-temp-dir>/abc.script
ABC: UC Berkeley, ABC 1.01 (compiled Jul 11 2026 03:57:20)
ABC: abc 01> empty
ABC: abc 01> source <abc-temp-dir>/abc.script
ABC: + read_blif <abc-temp-dir>/input.blif 
ABC: + read_library <abc-temp-dir>/stdcells.genlib 
ABC: + strash 
ABC: + &get -n 
ABC: + &fraig -x 
ABC: + &put 
ABC: + scorr 
ABC: Warning: The network is combinational (run "fraig" or "fraig_sweep").
ABC: + dc2 
ABC: + dretime 
ABC: + strash 
ABC: + &get -n 
ABC: + &dch -f 
ABC: + &nf 
ABC: + &put 
ABC: + write_blif <abc-temp-dir>/output.blif 
ABC: 
ABC: YOSYS_ABC_DONE 

30.22.10.2. Re-integrating ABC results.
ABC RESULTS:               AND cells:       15
ABC RESULTS:            ANDNOT cells:        8
ABC RESULTS:               MUX cells:        1
ABC RESULTS:              NAND cells:       19
ABC RESULTS:               NOR cells:        2
ABC RESULTS:                OR cells:        5
ABC RESULTS:             ORNOT cells:        7
ABC RESULTS:              XNOR cells:        2
ABC RESULTS:        internal signals:       88
ABC RESULTS:           input signals:        8
ABC RESULTS:          output signals:        5
Removing temp directory.

30.22.11. Extracting gate netlist of module `\control_transfer' to `<abc-temp-dir>/input.blif'..

30.22.11.1. Executed ABC.
Extracted 19 gates and 27 wires to a netlist network with 7 inputs and 2 outputs.
Running ABC script: <abc-temp-dir>/abc.script
ABC: UC Berkeley, ABC 1.01 (compiled Jul 11 2026 03:57:20)
ABC: abc 01> empty
ABC: abc 01> source <abc-temp-dir>/abc.script
ABC: + read_blif <abc-temp-dir>/input.blif 
ABC: + read_library <abc-temp-dir>/stdcells.genlib 
ABC: + strash 
ABC: + &get -n 
ABC: + &fraig -x 
ABC: + &put 
ABC: + scorr 
ABC: Warning: The network is combinational (run "fraig" or "fraig_sweep").
ABC: + dc2 
ABC: + dretime 
ABC: + strash 
ABC: + &get -n 
ABC: + &dch -f 
ABC: + &nf 
ABC: + &put 
ABC: + write_blif <abc-temp-dir>/output.blif 
ABC: 
ABC: YOSYS_ABC_DONE 

30.22.11.2. Re-integrating ABC results.
ABC RESULTS:               AND cells:        1
ABC RESULTS:               MUX cells:        2
ABC RESULTS:               NOR cells:        1
ABC RESULTS:             ORNOT cells:        1
ABC RESULTS:              XNOR cells:        1
ABC RESULTS:        internal signals:       18
ABC RESULTS:           input signals:        7
ABC RESULTS:          output signals:        2
Removing temp directory.

30.22.12. Extracting gate netlist of module `\data_memory_interface' to `<abc-temp-dir>/input.blif'..

30.22.12.1. Executed ABC.
Extracted 235 gates and 306 wires to a netlist network with 69 inputs and 68 outputs.
Running ABC script: <abc-temp-dir>/abc.script
ABC: UC Berkeley, ABC 1.01 (compiled Jul 11 2026 03:57:20)
ABC: abc 01> empty
ABC: abc 01> source <abc-temp-dir>/abc.script
ABC: + read_blif <abc-temp-dir>/input.blif 
ABC: + read_library <abc-temp-dir>/stdcells.genlib 
ABC: + strash 
ABC: + &get -n 
ABC: + &fraig -x 
ABC: + &put 
ABC: + scorr 
ABC: Warning: The network is combinational (run "fraig" or "fraig_sweep").
ABC: + dc2 
ABC: + dretime 
ABC: + strash 
ABC: + &get -n 
ABC: + &dch -f 
ABC: + &nf 
ABC: + &put 
ABC: + write_blif <abc-temp-dir>/output.blif 
ABC: 
ABC: YOSYS_ABC_DONE 

30.22.12.2. Re-integrating ABC results.
ABC RESULTS:               AND cells:       22
ABC RESULTS:            ANDNOT cells:       14
ABC RESULTS:               MUX cells:       73
ABC RESULTS:              NAND cells:       75
ABC RESULTS:               NOR cells:        3
ABC RESULTS:               NOT cells:        1
ABC RESULTS:                OR cells:        2
ABC RESULTS:               XOR cells:        1
ABC RESULTS:        internal signals:      169
ABC RESULTS:           input signals:       69
ABC RESULTS:          output signals:       68
Removing temp directory.

30.22.13. Extracting gate netlist of module `\immediate_generator' to `<abc-temp-dir>/input.blif'..

30.22.13.1. Executed ABC.
Extracted 255 gates and 288 wires to a netlist network with 32 inputs and 32 outputs.
Running ABC script: <abc-temp-dir>/abc.script
ABC: UC Berkeley, ABC 1.01 (compiled Jul 11 2026 03:57:20)
ABC: abc 01> empty
ABC: abc 01> source <abc-temp-dir>/abc.script
ABC: + read_blif <abc-temp-dir>/input.blif 
ABC: + read_library <abc-temp-dir>/stdcells.genlib 
ABC: + strash 
ABC: + &get -n 
ABC: + &fraig -x 
ABC: + &put 
ABC: + scorr 
ABC: Warning: The network is combinational (run "fraig" or "fraig_sweep").
ABC: + dc2 
ABC: + dretime 
ABC: + strash 
ABC: + &get -n 
ABC: + &dch -f 
ABC: + &nf 
ABC: + &put 
ABC: + write_blif <abc-temp-dir>/output.blif 
ABC: 
ABC: YOSYS_ABC_DONE 

30.22.13.2. Re-integrating ABC results.
ABC RESULTS:               AND cells:       26
ABC RESULTS:            ANDNOT cells:        9
ABC RESULTS:              NAND cells:       63
ABC RESULTS:               NOR cells:        1
ABC RESULTS:               NOT cells:        1
ABC RESULTS:                OR cells:        3
ABC RESULTS:             ORNOT cells:        3
ABC RESULTS:        internal signals:      224
ABC RESULTS:           input signals:       32
ABC RESULTS:          output signals:       32
Removing temp directory.

30.22.14. Extracting gate netlist of module `\instruction_decoder' to `<abc-temp-dir>/input.blif'..

30.22.14.1. Executed ABC.
Extracted 0 gates and 0 wires to a netlist network with 0 inputs and 0 outputs.
Don't call ABC as there is nothing to map.
Removing temp directory.

30.22.15. Extracting gate netlist of module `\regfile' to `<abc-temp-dir>/input.blif'..

30.22.15.1. Executed ABC.
Extracted 4367 gates and 5440 wires to a netlist network with 1072 inputs and 128 outputs.
Running ABC script: <abc-temp-dir>/abc.script
ABC: UC Berkeley, ABC 1.01 (compiled Jul 11 2026 03:57:20)
ABC: abc 01> empty
ABC: abc 01> source <abc-temp-dir>/abc.script
ABC: + read_blif <abc-temp-dir>/input.blif 
ABC: + read_library <abc-temp-dir>/stdcells.genlib 
ABC: + strash 
ABC: + &get -n 
ABC: + &fraig -x 
ABC: + &put 
ABC: + scorr 
ABC: Warning: The network is combinational (run "fraig" or "fraig_sweep").
ABC: + dc2 
ABC: + dretime 
ABC: + strash 
ABC: + &get -n 
ABC: + &dch -f 
ABC: + &nf 
ABC: + &put 
ABC: + write_blif <abc-temp-dir>/output.blif 
ABC: 
ABC: YOSYS_ABC_DONE 

30.22.15.2. Re-integrating ABC results.
ABC RESULTS:               AND cells:     2073
ABC RESULTS:            ANDNOT cells:       39
ABC RESULTS:              NAND cells:     2112
ABC RESULTS:               NOR cells:        6
ABC RESULTS:             ORNOT cells:        1
ABC RESULTS:        internal signals:     4240
ABC RESULTS:           input signals:     1072
ABC RESULTS:          output signals:      128
Removing temp directory.

30.22.16. Extracting gate netlist of module `\riscv_core' to `<abc-temp-dir>/input.blif'..

30.22.16.1. Executed ABC.
Extracted 0 gates and 0 wires to a netlist network with 0 inputs and 0 outputs.
Don't call ABC as there is nothing to map.
Removing temp directory.

30.22.17. Extracting gate netlist of module `\singlecycle_control' to `<abc-temp-dir>/input.blif'..

30.22.17.1. Executed ABC.
Extracted 75 gates and 84 wires to a netlist network with 7 inputs and 13 outputs.
Running ABC script: <abc-temp-dir>/abc.script
ABC: UC Berkeley, ABC 1.01 (compiled Jul 11 2026 03:57:20)
ABC: abc 01> empty
ABC: abc 01> source <abc-temp-dir>/abc.script
ABC: + read_blif <abc-temp-dir>/input.blif 
ABC: + read_library <abc-temp-dir>/stdcells.genlib 
ABC: + strash 
ABC: + &get -n 
ABC: + &fraig -x 
ABC: + &put 
ABC: + scorr 
ABC: Warning: The network is combinational (run "fraig" or "fraig_sweep").
ABC: + dc2 
ABC: + dretime 
ABC: + strash 
ABC: + &get -n 
ABC: + &dch -f 
ABC: + &nf 
ABC: + &put 
ABC: + write_blif <abc-temp-dir>/output.blif 
ABC: 
ABC: YOSYS_ABC_DONE 

30.22.17.2. Re-integrating ABC results.
ABC RESULTS:               AND cells:       14
ABC RESULTS:            ANDNOT cells:        7
ABC RESULTS:              NAND cells:       15
ABC RESULTS:               NOR cells:        2
ABC RESULTS:               NOT cells:        3
ABC RESULTS:                OR cells:        1
ABC RESULTS:        internal signals:       64
ABC RESULTS:           input signals:        7
ABC RESULTS:          output signals:       13
Removing temp directory.

30.22.18. Extracting gate netlist of module `\singlecycle_ctlpath' to `<abc-temp-dir>/input.blif'..

30.22.18.1. Executed ABC.
Extracted 0 gates and 0 wires to a netlist network with 0 inputs and 0 outputs.
Don't call ABC as there is nothing to map.
Removing temp directory.

30.22.19. Extracting gate netlist of module `\singlecycle_datapath' to `<abc-temp-dir>/input.blif'..

30.22.19.1. Executed ABC.
Extracted 0 gates and 0 wires to a netlist network with 0 inputs and 0 outputs.
Don't call ABC as there is nothing to map.
Removing temp directory.
Removing global temp directory.

30.23. Executing OPT pass (performing simple optimizations).

30.23.1. Executing OPT_EXPR pass (perform const folding).
Optimizing module $paramod$5ef3be0bfad1454aaa6432c4ab405bbd7cbab26b\multiplexer.
Optimizing module $paramod$6a3d32cf08b5e9a4d56891e3d8781ccd4215c4af\multiplexer.
Optimizing module $paramod$99da07bf27abaac915a8c95d36d6f2808394e702\multiplexer.
Optimizing module $paramod$e358a763f16798cd10903dfd37e7986c0fbbe40f\register.
Optimizing module $paramod\adder\WIDTH=s32'00000000000000000000000000100000.
Optimizing module $paramod\multiplexer2\WIDTH=s32'00000000000000000000000000100000.
Optimizing module $paramod\multiplexer4\WIDTH=s32'00000000000000000000000000100000.
Optimizing module $paramod\multiplexer8\WIDTH=s32'00000000000000000000000000100000.
Optimizing module alu.
<suppressed ~66 debug messages>
Optimizing module alu_control.
Optimizing module control_transfer.
Optimizing module data_memory_interface.
<suppressed ~16 debug messages>
Optimizing module immediate_generator.
Optimizing module instruction_decoder.
Optimizing module regfile.
Optimizing module riscv_core.
Optimizing module singlecycle_control.
Optimizing module singlecycle_ctlpath.
Optimizing module singlecycle_datapath.

30.23.2. Executing OPT_MERGE pass (detect identical cells).
Finding identical cells in module `$paramod$5ef3be0bfad1454aaa6432c4ab405bbd7cbab26b\multiplexer'.
Computing hashes of 492 cells of `$paramod$5ef3be0bfad1454aaa6432c4ab405bbd7cbab26b\multiplexer'.
Finding duplicate cells in `$paramod$5ef3be0bfad1454aaa6432c4ab405bbd7cbab26b\multiplexer'.
Finding identical cells in module `$paramod$6a3d32cf08b5e9a4d56891e3d8781ccd4215c4af\multiplexer'.
Computing hashes of 32 cells of `$paramod$6a3d32cf08b5e9a4d56891e3d8781ccd4215c4af\multiplexer'.
Finding duplicate cells in `$paramod$6a3d32cf08b5e9a4d56891e3d8781ccd4215c4af\multiplexer'.
Finding identical cells in module `$paramod$99da07bf27abaac915a8c95d36d6f2808394e702\multiplexer'.
Computing hashes of 228 cells of `$paramod$99da07bf27abaac915a8c95d36d6f2808394e702\multiplexer'.
Finding duplicate cells in `$paramod$99da07bf27abaac915a8c95d36d6f2808394e702\multiplexer'.
Finding identical cells in module `$paramod$e358a763f16798cd10903dfd37e7986c0fbbe40f\register'.
Computing hashes of 32 cells of `$paramod$e358a763f16798cd10903dfd37e7986c0fbbe40f\register'.
Finding duplicate cells in `$paramod$e358a763f16798cd10903dfd37e7986c0fbbe40f\register'.
Finding identical cells in module `$paramod\adder\WIDTH=s32'00000000000000000000000000100000'.
Computing hashes of 162 cells of `$paramod\adder\WIDTH=s32'00000000000000000000000000100000'.
Finding duplicate cells in `$paramod\adder\WIDTH=s32'00000000000000000000000000100000'.
Finding identical cells in module `$paramod\multiplexer2\WIDTH=s32'00000000000000000000000000100000'.
Computing hashes of 1 cells of `$paramod\multiplexer2\WIDTH=s32'00000000000000000000000000100000'.
Finding duplicate cells in `$paramod\multiplexer2\WIDTH=s32'00000000000000000000000000100000'.
Finding identical cells in module `$paramod\multiplexer4\WIDTH=s32'00000000000000000000000000100000'.
Computing hashes of 1 cells of `$paramod\multiplexer4\WIDTH=s32'00000000000000000000000000100000'.
Finding duplicate cells in `$paramod\multiplexer4\WIDTH=s32'00000000000000000000000000100000'.
Finding identical cells in module `$paramod\multiplexer8\WIDTH=s32'00000000000000000000000000100000'.
Computing hashes of 1 cells of `$paramod\multiplexer8\WIDTH=s32'00000000000000000000000000100000'.
Finding duplicate cells in `$paramod\multiplexer8\WIDTH=s32'00000000000000000000000000100000'.
Finding identical cells in module `\alu'.
Computing hashes of 18335 cells of `\alu'.
Finding duplicate cells in `\alu'.
Finding identical cells in module `\alu_control'.
Computing hashes of 59 cells of `\alu_control'.
Finding duplicate cells in `\alu_control'.
Finding identical cells in module `\control_transfer'.
Computing hashes of 6 cells of `\control_transfer'.
Finding duplicate cells in `\control_transfer'.
Finding identical cells in module `\data_memory_interface'.
Computing hashes of 191 cells of `\data_memory_interface'.
Finding duplicate cells in `\data_memory_interface'.
Finding identical cells in module `\immediate_generator'.
Computing hashes of 106 cells of `\immediate_generator'.
Finding duplicate cells in `\immediate_generator'.
Finding identical cells in module `\instruction_decoder'.
Computing hashes of 0 cells of `\instruction_decoder'.
Finding duplicate cells in `\instruction_decoder'.
Finding identical cells in module `\regfile'.
Computing hashes of 5255 cells of `\regfile'.
Finding duplicate cells in `\regfile'.
Finding identical cells in module `\riscv_core'.
Computing hashes of 5 cells of `\riscv_core'.
Finding duplicate cells in `\riscv_core'.
Finding identical cells in module `\singlecycle_control'.
Computing hashes of 42 cells of `\singlecycle_control'.
Finding duplicate cells in `\singlecycle_control'.
Computing hashes of 40 cells of `\singlecycle_control'.
Finding duplicate cells in `\singlecycle_control'.
<suppressed ~6 debug messages>
Finding identical cells in module `\singlecycle_ctlpath'.
Computing hashes of 3 cells of `\singlecycle_ctlpath'.
Finding duplicate cells in `\singlecycle_ctlpath'.
Finding identical cells in module `\singlecycle_datapath'.
Computing hashes of 9 cells of `\singlecycle_datapath'.
Finding duplicate cells in `\singlecycle_datapath'.
Removed a total of 2 cells.

30.23.3. Executing OPT_DFF pass (perform DFF optimizations).

30.23.4. Executing OPT_CLEAN pass (remove unused cells and wires).
Finding unused cells or wires in module $paramod$5ef3be0bfad1454aaa6432c4ab405bbd7cbab26b\multiplexer..
Finding unused cells or wires in module $paramod$6a3d32cf08b5e9a4d56891e3d8781ccd4215c4af\multiplexer..
Finding unused cells or wires in module $paramod$99da07bf27abaac915a8c95d36d6f2808394e702\multiplexer..
Finding unused cells or wires in module $paramod$e358a763f16798cd10903dfd37e7986c0fbbe40f\register..
Finding unused cells or wires in module $paramod\adder\WIDTH=s32'00000000000000000000000000100000..
Finding unused cells or wires in module $paramod\multiplexer2\WIDTH=s32'00000000000000000000000000100000..
Finding unused cells or wires in module $paramod\multiplexer4\WIDTH=s32'00000000000000000000000000100000..
Finding unused cells or wires in module $paramod\multiplexer8\WIDTH=s32'00000000000000000000000000100000..
Finding unused cells or wires in module \alu..
Finding unused cells or wires in module \alu_control..
Finding unused cells or wires in module \control_transfer..
Finding unused cells or wires in module \data_memory_interface..
Finding unused cells or wires in module \immediate_generator..
Finding unused cells or wires in module \instruction_decoder..
Finding unused cells or wires in module \regfile..
Finding unused cells or wires in module \riscv_core..
Finding unused cells or wires in module \singlecycle_control..
Finding unused cells or wires in module \singlecycle_ctlpath..
Finding unused cells or wires in module \singlecycle_datapath..
Removed 0 unused cells and 13777 unused wires.
<suppressed ~16 debug messages>

30.23.5. Finished fast OPT passes.

30.24. Executing HIERARCHY pass (managing design hierarchy).
Attribute `top' found on module `riscv_core'. Setting top module to riscv_core.

30.24.1. Analyzing design hierarchy..
Top module:  \riscv_core
Used module:     \data_memory_interface
Used module:     \immediate_generator
Used module:     \instruction_decoder
Used module:     \singlecycle_ctlpath
Used module:         \alu_control
Used module:         \control_transfer
Used module:         \singlecycle_control
Used module:     \singlecycle_datapath
Used module:         $paramod\adder\WIDTH=s32'00000000000000000000000000100000
Used module:         \alu
Used module:         $paramod\multiplexer4\WIDTH=s32'00000000000000000000000000100000
Used module:             $paramod$99da07bf27abaac915a8c95d36d6f2808394e702\multiplexer
Used module:         $paramod\multiplexer2\WIDTH=s32'00000000000000000000000000100000
Used module:             $paramod$6a3d32cf08b5e9a4d56891e3d8781ccd4215c4af\multiplexer
Used module:         $paramod\multiplexer8\WIDTH=s32'00000000000000000000000000100000
Used module:             $paramod$5ef3be0bfad1454aaa6432c4ab405bbd7cbab26b\multiplexer
Used module:         $paramod$e358a763f16798cd10903dfd37e7986c0fbbe40f\register
Used module:         \regfile

30.24.2. Analyzing design hierarchy..
Top module:  \riscv_core
Used module:     \data_memory_interface
Used module:     \immediate_generator
Used module:     \instruction_decoder
Used module:     \singlecycle_ctlpath
Used module:         \alu_control
Used module:         \control_transfer
Used module:         \singlecycle_control
Used module:     \singlecycle_datapath
Used module:         $paramod\adder\WIDTH=s32'00000000000000000000000000100000
Used module:         \alu
Used module:         $paramod\multiplexer4\WIDTH=s32'00000000000000000000000000100000
Used module:             $paramod$99da07bf27abaac915a8c95d36d6f2808394e702\multiplexer
Used module:         $paramod\multiplexer2\WIDTH=s32'00000000000000000000000000100000
Used module:             $paramod$6a3d32cf08b5e9a4d56891e3d8781ccd4215c4af\multiplexer
Used module:         $paramod\multiplexer8\WIDTH=s32'00000000000000000000000000100000
Used module:             $paramod$5ef3be0bfad1454aaa6432c4ab405bbd7cbab26b\multiplexer
Used module:         $paramod$e358a763f16798cd10903dfd37e7986c0fbbe40f\register
Used module:         \regfile
Removed 0 unused modules.

30.25. Printing statistics.

=== $paramod$5ef3be0bfad1454aaa6432c4ab405bbd7cbab26b\multiplexer ===

        +----------Local Count, excluding submodules.
        | 
      471 wires
     1007 wire bits
       11 public wires
      547 public wire bits
        3 ports
      291 port bits
      492 cells
        6   $_ANDNOT_
      197   $_AND_
      288   $_NAND_
        1   $_NOR_

=== $paramod$6a3d32cf08b5e9a4d56891e3d8781ccd4215c4af\multiplexer ===

        +----------Local Count, excluding submodules.
        | 
        5 wires
      161 wire bits
        5 public wires
      161 public wire bits
        3 ports
       97 port bits
       32 cells
       32   $_MUX_

=== $paramod$99da07bf27abaac915a8c95d36d6f2808394e702\multiplexer ===

        +----------Local Count, excluding submodules.
        | 
      203 wires
      486 wire bits
        7 public wires
      290 public wire bits
        3 ports
      162 port bits
      228 cells
        2   $_ANDNOT_
       65   $_AND_
      160   $_NAND_
        1   $_NOR_

=== $paramod$e358a763f16798cd10903dfd37e7986c0fbbe40f\register ===

        +----------Local Count, excluding submodules.
        | 
        5 wires
       67 wire bits
        5 public wires
       67 public wire bits
        5 ports
       67 port bits
       32 cells
       31   $_DFFE_PP0P_
        1   $_DFFE_PP1P_

=== $paramod\adder\WIDTH=s32'00000000000000000000000000100000 ===

        +----------Local Count, excluding submodules.
        | 
      133 wires
      226 wire bits
        3 public wires
       96 public wire bits
        3 ports
       96 port bits
      162 cells
        1   $_AND_
       98   $_NAND_
        8   $_OR_
       10   $_XNOR_
       45   $_XOR_

=== $paramod\multiplexer2\WIDTH=s32'00000000000000000000000000100000 ===

        +----------Local Count, excluding submodules.
        | 
        4 wires
       97 wire bits
        4 public wires
       97 public wire bits
        4 ports
       97 port bits
        1 submodules
        1   $paramod$6a3d32cf08b5e9a4d56891e3d8781ccd4215c4af\multiplexer

=== $paramod\multiplexer4\WIDTH=s32'00000000000000000000000000100000 ===

        +----------Local Count, excluding submodules.
        | 
        6 wires
      162 wire bits
        6 public wires
      162 public wire bits
        6 ports
      162 port bits
        1 submodules
        1   $paramod$99da07bf27abaac915a8c95d36d6f2808394e702\multiplexer

=== $paramod\multiplexer8\WIDTH=s32'00000000000000000000000000100000 ===

        +----------Local Count, excluding submodules.
        | 
       10 wires
      291 wire bits
       10 public wires
      291 public wire bits
       10 ports
      291 port bits
        1 submodules
        1   $paramod$5ef3be0bfad1454aaa6432c4ab405bbd7cbab26b\multiplexer

=== alu ===

        +----------Local Count, excluding submodules.
        | 
    18307 wires
    18404 wire bits
        5 public wires
      102 public wire bits
        5 ports
      102 port bits
    18335 cells
      345   $_ANDNOT_
     2835   $_AND_
     1262   $_MUX_
     6559   $_NAND_
       75   $_NOR_
       68   $_NOT_
      390   $_ORNOT_
     1774   $_OR_
     2233   $_XNOR_
     2794   $_XOR_

=== alu_control ===

        +----------Local Count, excluding submodules.
        | 
       62 wires
       92 wire bits
        8 public wires
       38 public wire bits
        4 ports
       18 port bits
       59 cells
        8   $_ANDNOT_
       15   $_AND_
        1   $_MUX_
       19   $_NAND_
        2   $_NOR_
        7   $_ORNOT_
        5   $_OR_
        2   $_XNOR_

=== control_transfer ===

        +----------Local Count, excluding submodules.
        | 
       10 wires
       13 wire bits
        6 public wires
        9 public wire bits
        6 ports
        9 port bits
        6 cells
        1   $_AND_
        2   $_MUX_
        1   $_NOR_
        1   $_ORNOT_
        1   $_XNOR_

=== data_memory_interface ===

        +----------Local Count, excluding submodules.
        | 
      138 wires
      391 wire bits
       15 public wires
      268 public wire bits
       13 ports
      204 port bits
      191 cells
       14   $_ANDNOT_
       22   $_AND_
       73   $_MUX_
       75   $_NAND_
        3   $_NOR_
        1   $_NOT_
        2   $_OR_
        1   $_XOR_

=== immediate_generator ===

        +----------Local Count, excluding submodules.
        | 
       76 wires
      138 wire bits
        2 public wires
       64 public wire bits
        2 ports
       64 port bits
      106 cells
        9   $_ANDNOT_
       26   $_AND_
       63   $_NAND_
        1   $_NOR_
        1   $_NOT_
        3   $_ORNOT_
        3   $_OR_

=== instruction_decoder ===

        +----------Local Count, excluding submodules.
        | 
        7 wires
       64 wire bits
        7 public wires
       64 public wire bits
        7 ports
       64 port bits

=== regfile ===

        +----------Local Count, excluding submodules.
        | 
     4208 wires
     5305 wire bits
       41 public wires
     1138 public wire bits
        9 ports
      114 port bits
     5255 cells
       39   $_ANDNOT_
     2073   $_AND_
     1024   $_DFFE_PP0P_
     2112   $_NAND_
        6   $_NOR_
        1   $_ORNOT_

=== riscv_core ===

        +----------Local Count, excluding submodules.
        | 
       30 wires
      345 wire bits
       30 public wires
      345 public wire bits
       10 ports
      168 port bits
        5 submodules
        1   data_memory_interface
        1   immediate_generator
        1   instruction_decoder
        1   singlecycle_ctlpath
        1   singlecycle_datapath

=== singlecycle_control ===

        +----------Local Count, excluding submodules.
        | 
       41 wires
       51 wire bits
       12 public wires
       22 public wire bits
       12 ports
       22 port bits
       40 cells
        7   $_ANDNOT_
       13   $_AND_
       14   $_NAND_
        2   $_NOR_
        3   $_NOT_
        1   $_OR_

=== singlecycle_ctlpath ===

        +----------Local Count, excluding submodules.
        | 
       17 wires
       40 wire bits
       17 public wires
       40 public wire bits
       13 ports
       34 port bits
        3 submodules
        1   alu_control
        1   control_transfer
        1   singlecycle_control

=== singlecycle_datapath ===

        +----------Local Count, excluding submodules.
        | 
       27 wires
      480 wire bits
       27 public wires
      480 public wire bits
       18 ports
      192 port bits
        9 submodules
        1   $paramod$e358a763f16798cd10903dfd37e7986c0fbbe40f\register
        2   $paramod\adder\WIDTH=s32'00000000000000000000000000100000
        2   $paramod\multiplexer2\WIDTH=s32'00000000000000000000000000100000
        1   $paramod\multiplexer4\WIDTH=s32'00000000000000000000000000100000
        1   $paramod\multiplexer8\WIDTH=s32'00000000000000000000000000100000
        1   alu
        1   regfile

=== design hierarchy ===

        +----------Count including submodules.
        | 
    25132 riscv_core
      191 data_memory_interface
      106 immediate_generator
       59   alu_control
        6   control_transfer
       40   singlecycle_control
       32   $paramod$e358a763f16798cd10903dfd37e7986c0fbbe40f\register
      162   $paramod\adder\WIDTH=s32'00000000000000000000000000100000
       32     $paramod$6a3d32cf08b5e9a4d56891e3d8781ccd4215c4af\multiplexer
      228     $paramod$99da07bf27abaac915a8c95d36d6f2808394e702\multiplexer
      492     $paramod$5ef3be0bfad1454aaa6432c4ab405bbd7cbab26b\multiplexer
    18335   alu
     5255   regfile

        +----------Count including submodules.
        | 
    23902 wires
    28304 wire bits
      233 public wires
     4635 public wire bits
      146 ports
     2544 port bits
        - memories
        - memory bits
        - processes
    25132 cells
      430   $_ANDNOT_
     5249   $_AND_
     1055   $_DFFE_PP0P_
        1   $_DFFE_PP1P_
     1402   $_MUX_
     9486   $_NAND_
       92   $_NOR_
       73   $_NOT_
      402   $_ORNOT_
     1801   $_OR_
     2256   $_XNOR_
     2885   $_XOR_
        5 submodules
        1   data_memory_interface
        1   immediate_generator
        1   instruction_decoder
        1   singlecycle_ctlpath
        1   singlecycle_datapath

30.26. Executing CHECK pass (checking for obvious problems).
Checking module $paramod$5ef3be0bfad1454aaa6432c4ab405bbd7cbab26b\multiplexer...
Checking module $paramod$6a3d32cf08b5e9a4d56891e3d8781ccd4215c4af\multiplexer...
Checking module $paramod$99da07bf27abaac915a8c95d36d6f2808394e702\multiplexer...
Checking module $paramod$e358a763f16798cd10903dfd37e7986c0fbbe40f\register...
Checking module $paramod\adder\WIDTH=s32'00000000000000000000000000100000...
Checking module $paramod\multiplexer2\WIDTH=s32'00000000000000000000000000100000...
Checking module $paramod\multiplexer4\WIDTH=s32'00000000000000000000000000100000...
Checking module $paramod\multiplexer8\WIDTH=s32'00000000000000000000000000100000...
Checking module alu...
Checking module alu_control...
Checking module control_transfer...
Checking module data_memory_interface...
Checking module immediate_generator...
Checking module instruction_decoder...
Checking module regfile...
Checking module riscv_core...
Checking module singlecycle_control...
Checking module singlecycle_ctlpath...
Checking module singlecycle_datapath...
Found and reported 0 problems.

31. Executing OPT_CLEAN pass (remove unused cells and wires).
Finding unused cells or wires in module $paramod$5ef3be0bfad1454aaa6432c4ab405bbd7cbab26b\multiplexer..
Finding unused cells or wires in module $paramod$6a3d32cf08b5e9a4d56891e3d8781ccd4215c4af\multiplexer..
Finding unused cells or wires in module $paramod$99da07bf27abaac915a8c95d36d6f2808394e702\multiplexer..
Finding unused cells or wires in module $paramod$e358a763f16798cd10903dfd37e7986c0fbbe40f\register..
Finding unused cells or wires in module $paramod\adder\WIDTH=s32'00000000000000000000000000100000..
Finding unused cells or wires in module $paramod\multiplexer2\WIDTH=s32'00000000000000000000000000100000..
Finding unused cells or wires in module $paramod\multiplexer4\WIDTH=s32'00000000000000000000000000100000..
Finding unused cells or wires in module $paramod\multiplexer8\WIDTH=s32'00000000000000000000000000100000..
Finding unused cells or wires in module \alu..
Finding unused cells or wires in module \alu_control..
Finding unused cells or wires in module \control_transfer..
Finding unused cells or wires in module \data_memory_interface..
Finding unused cells or wires in module \immediate_generator..
Finding unused cells or wires in module \instruction_decoder..
Finding unused cells or wires in module \regfile..
Finding unused cells or wires in module \riscv_core..
Finding unused cells or wires in module \singlecycle_control..
Finding unused cells or wires in module \singlecycle_ctlpath..
Finding unused cells or wires in module \singlecycle_datapath..
Removed 0 unused cells and 22 unused wires.
<suppressed ~22 debug messages>

32. Executing CHECK pass (checking for obvious problems).
Checking module $paramod$5ef3be0bfad1454aaa6432c4ab405bbd7cbab26b\multiplexer...
Checking module $paramod$6a3d32cf08b5e9a4d56891e3d8781ccd4215c4af\multiplexer...
Checking module $paramod$99da07bf27abaac915a8c95d36d6f2808394e702\multiplexer...
Checking module $paramod$e358a763f16798cd10903dfd37e7986c0fbbe40f\register...
Checking module $paramod\adder\WIDTH=s32'00000000000000000000000000100000...
Checking module $paramod\multiplexer2\WIDTH=s32'00000000000000000000000000100000...
Checking module $paramod\multiplexer4\WIDTH=s32'00000000000000000000000000100000...
Checking module $paramod\multiplexer8\WIDTH=s32'00000000000000000000000000100000...
Checking module alu...
Checking module alu_control...
Checking module control_transfer...
Checking module data_memory_interface...
Checking module immediate_generator...
Checking module instruction_decoder...
Checking module regfile...
Checking module riscv_core...
Checking module singlecycle_control...
Checking module singlecycle_ctlpath...
Checking module singlecycle_datapath...
Found and reported 0 problems.

33. Printing statistics.

=== $paramod$5ef3be0bfad1454aaa6432c4ab405bbd7cbab26b\multiplexer ===

        +----------Local Count, excluding submodules.
        | 
      463 wires
      751 wire bits
        3 public wires
      291 public wire bits
        3 ports
      291 port bits
      492 cells
        6   $_ANDNOT_
      197   $_AND_
      288   $_NAND_
        1   $_NOR_

=== $paramod$6a3d32cf08b5e9a4d56891e3d8781ccd4215c4af\multiplexer ===

        +----------Local Count, excluding submodules.
        | 
        3 wires
       97 wire bits
        3 public wires
       97 public wire bits
        3 ports
       97 port bits
       32 cells
       32   $_MUX_

=== $paramod$99da07bf27abaac915a8c95d36d6f2808394e702\multiplexer ===

        +----------Local Count, excluding submodules.
        | 
      199 wires
      358 wire bits
        3 public wires
      162 public wire bits
        3 ports
      162 port bits
      228 cells
        2   $_ANDNOT_
       65   $_AND_
      160   $_NAND_
        1   $_NOR_

=== $paramod$e358a763f16798cd10903dfd37e7986c0fbbe40f\register ===

        +----------Local Count, excluding submodules.
        | 
        5 wires
       67 wire bits
        5 public wires
       67 public wire bits
        5 ports
       67 port bits
       32 cells
       31   $_DFFE_PP0P_
        1   $_DFFE_PP1P_

=== $paramod\adder\WIDTH=s32'00000000000000000000000000100000 ===

        +----------Local Count, excluding submodules.
        | 
      133 wires
      226 wire bits
        3 public wires
       96 public wire bits
        3 ports
       96 port bits
      162 cells
        1   $_AND_
       98   $_NAND_
        8   $_OR_
       10   $_XNOR_
       45   $_XOR_

=== $paramod\multiplexer2\WIDTH=s32'00000000000000000000000000100000 ===

        +----------Local Count, excluding submodules.
        | 
        4 wires
       97 wire bits
        4 public wires
       97 public wire bits
        4 ports
       97 port bits
        1 submodules
        1   $paramod$6a3d32cf08b5e9a4d56891e3d8781ccd4215c4af\multiplexer

=== $paramod\multiplexer4\WIDTH=s32'00000000000000000000000000100000 ===

        +----------Local Count, excluding submodules.
        | 
        6 wires
      162 wire bits
        6 public wires
      162 public wire bits
        6 ports
      162 port bits
        1 submodules
        1   $paramod$99da07bf27abaac915a8c95d36d6f2808394e702\multiplexer

=== $paramod\multiplexer8\WIDTH=s32'00000000000000000000000000100000 ===

        +----------Local Count, excluding submodules.
        | 
       10 wires
      291 wire bits
       10 public wires
      291 public wire bits
       10 ports
      291 port bits
        1 submodules
        1   $paramod$5ef3be0bfad1454aaa6432c4ab405bbd7cbab26b\multiplexer

=== alu ===

        +----------Local Count, excluding submodules.
        | 
    18307 wires
    18404 wire bits
        5 public wires
      102 public wire bits
        5 ports
      102 port bits
    18335 cells
      345   $_ANDNOT_
     2835   $_AND_
     1262   $_MUX_
     6559   $_NAND_
       75   $_NOR_
       68   $_NOT_
      390   $_ORNOT_
     1774   $_OR_
     2233   $_XNOR_
     2794   $_XOR_

=== alu_control ===

        +----------Local Count, excluding submodules.
        | 
       58 wires
       72 wire bits
        4 public wires
       18 public wire bits
        4 ports
       18 port bits
       59 cells
        8   $_ANDNOT_
       15   $_AND_
        1   $_MUX_
       19   $_NAND_
        2   $_NOR_
        7   $_ORNOT_
        5   $_OR_
        2   $_XNOR_

=== control_transfer ===

        +----------Local Count, excluding submodules.
        | 
       10 wires
       13 wire bits
        6 public wires
        9 public wire bits
        6 ports
        9 port bits
        6 cells
        1   $_AND_
        2   $_MUX_
        1   $_NOR_
        1   $_ORNOT_
        1   $_XNOR_

=== data_memory_interface ===

        +----------Local Count, excluding submodules.
        | 
      136 wires
      327 wire bits
       13 public wires
      204 public wire bits
       13 ports
      204 port bits
      191 cells
       14   $_ANDNOT_
       22   $_AND_
       73   $_MUX_
       75   $_NAND_
        3   $_NOR_
        1   $_NOT_
        2   $_OR_
        1   $_XOR_

=== immediate_generator ===

        +----------Local Count, excluding submodules.
        | 
       76 wires
      138 wire bits
        2 public wires
       64 public wire bits
        2 ports
       64 port bits
      106 cells
        9   $_ANDNOT_
       26   $_AND_
       63   $_NAND_
        1   $_NOR_
        1   $_NOT_
        3   $_ORNOT_
        3   $_OR_

=== instruction_decoder ===

        +----------Local Count, excluding submodules.
        | 
        7 wires
       64 wire bits
        7 public wires
       64 public wire bits
        7 ports
       64 port bits

=== regfile ===

        +----------Local Count, excluding submodules.
        | 
     4208 wires
     5305 wire bits
       41 public wires
     1138 public wire bits
        9 ports
      114 port bits
     5255 cells
       39   $_ANDNOT_
     2073   $_AND_
     1024   $_DFFE_PP0P_
     2112   $_NAND_
        6   $_NOR_
        1   $_ORNOT_

=== riscv_core ===

        +----------Local Count, excluding submodules.
        | 
       30 wires
      345 wire bits
       30 public wires
      345 public wire bits
       10 ports
      168 port bits
        5 submodules
        1   data_memory_interface
        1   immediate_generator
        1   instruction_decoder
        1   singlecycle_ctlpath
        1   singlecycle_datapath

=== singlecycle_control ===

        +----------Local Count, excluding submodules.
        | 
       41 wires
       51 wire bits
       12 public wires
       22 public wire bits
       12 ports
       22 port bits
       40 cells
        7   $_ANDNOT_
       13   $_AND_
       14   $_NAND_
        2   $_NOR_
        3   $_NOT_
        1   $_OR_

=== singlecycle_ctlpath ===

        +----------Local Count, excluding submodules.
        | 
       17 wires
       40 wire bits
       17 public wires
       40 public wire bits
       13 ports
       34 port bits
        3 submodules
        1   alu_control
        1   control_transfer
        1   singlecycle_control

=== singlecycle_datapath ===

        +----------Local Count, excluding submodules.
        | 
       25 wires
      416 wire bits
       25 public wires
      416 public wire bits
       18 ports
      192 port bits
        9 submodules
        1   $paramod$e358a763f16798cd10903dfd37e7986c0fbbe40f\register
        2   $paramod\adder\WIDTH=s32'00000000000000000000000000100000
        2   $paramod\multiplexer2\WIDTH=s32'00000000000000000000000000100000
        1   $paramod\multiplexer4\WIDTH=s32'00000000000000000000000000100000
        1   $paramod\multiplexer8\WIDTH=s32'00000000000000000000000000100000
        1   alu
        1   regfile

=== design hierarchy ===

        +----------Count including submodules.
        | 
    25132 riscv_core
      191 data_memory_interface
      106 immediate_generator
       59   alu_control
        6   control_transfer
       40   singlecycle_control
       32   $paramod$e358a763f16798cd10903dfd37e7986c0fbbe40f\register
      162   $paramod\adder\WIDTH=s32'00000000000000000000000000100000
       32     $paramod$6a3d32cf08b5e9a4d56891e3d8781ccd4215c4af\multiplexer
      228     $paramod$99da07bf27abaac915a8c95d36d6f2808394e702\multiplexer
      492     $paramod$5ef3be0bfad1454aaa6432c4ab405bbd7cbab26b\multiplexer
    18335   alu
     5255   regfile

        +----------Count including submodules.
        | 
    23878 wires
    27644 wire bits
      209 public wires
     3975 public wire bits
      146 ports
     2544 port bits
        - memories
        - memory bits
        - processes
    25132 cells
      430   $_ANDNOT_
     5249   $_AND_
     1055   $_DFFE_PP0P_
        1   $_DFFE_PP1P_
     1402   $_MUX_
     9486   $_NAND_
       92   $_NOR_
       73   $_NOT_
      402   $_ORNOT_
     1801   $_OR_
     2256   $_XNOR_
     2885   $_XOR_
        5 submodules
        1   data_memory_interface
        1   immediate_generator
        1   instruction_decoder
        1   singlecycle_ctlpath
        1   singlecycle_datapath

34. Executing JSON backend.

35. Executing RTLIL backend.
Output filename: /workspace/incremental-synthesis/results/eco-003/base/synth.rtlil

36. Executing Verilog backend.
Dumping module `$paramod$5ef3be0bfad1454aaa6432c4ab405bbd7cbab26b\multiplexer'.
Dumping module `$paramod$6a3d32cf08b5e9a4d56891e3d8781ccd4215c4af\multiplexer'.
Dumping module `$paramod$99da07bf27abaac915a8c95d36d6f2808394e702\multiplexer'.
Dumping module `$paramod$e358a763f16798cd10903dfd37e7986c0fbbe40f\register'.
Dumping module `$paramod\adder\WIDTH=s32'00000000000000000000000000100000'.
Dumping module `$paramod\multiplexer2\WIDTH=s32'00000000000000000000000000100000'.
Dumping module `$paramod\multiplexer4\WIDTH=s32'00000000000000000000000000100000'.
Dumping module `$paramod\multiplexer8\WIDTH=s32'00000000000000000000000000100000'.
Dumping module `\alu'.
Dumping module `\alu_control'.
Dumping module `\control_transfer'.
Dumping module `\data_memory_interface'.
Dumping module `\immediate_generator'.
Dumping module `\instruction_decoder'.
Dumping module `\regfile'.
Dumping module `\riscv_core'.
Dumping module `\singlecycle_control'.
Dumping module `\singlecycle_ctlpath'.
Dumping module `\singlecycle_datapath'.

Warnings: 2 unique messages, 5 total
End of script. Logfile hash: 1fb16a9413, time: 17.64s, user: 11.80s, system: 0.87s, MEM: 324.78 MB peak
Yosys 0.67+24 (git sha1 0e82bbefe, Release, Clang /usr/bin/clang++ 18.1.8)
Time spent: 46% 1x abc (10 sec), 12% 52x opt_merge (2 sec), ...
