
 /----------------------------------------------------------------------------\
 |  yosys -- Yosys Open SYnthesis Suite                                       |
 |  Copyright (C) 2012 - 2026  Claire Xenia Wolf <claire@yosyshq.com>         |
 |  Distributed under an ISC-like license, type "license" to see terms        |
 \----------------------------------------------------------------------------/
 Yosys 0.67+24 (git sha1 0e82bbefe, Release, Clang /usr/bin/clang++ 18.1.8)

-- Executing script file `/__RESULT_ROOT__/flow.ys' --

1. Executing Verilog-2005 frontend: /__DESIGN_ROOT__/core/common/adder.sv
Parsing SystemVerilog input from `/__DESIGN_ROOT__/core/common/adder.sv' to AST representation.
Generating RTLIL representation for module `\adder'.
Successfully finished Verilog frontend.

2. Executing Verilog-2005 frontend: /__DESIGN_ROOT__/core/common/alu.sv
Parsing SystemVerilog input from `/__DESIGN_ROOT__/core/common/alu.sv' to AST representation.
Generating RTLIL representation for module `\alu'.
Successfully finished Verilog frontend.

3. Executing Verilog-2005 frontend: /__DESIGN_ROOT__/core/common/alu_control.sv
Parsing SystemVerilog input from `/__DESIGN_ROOT__/core/common/alu_control.sv' to AST representation.
Generating RTLIL representation for module `\alu_control'.
Successfully finished Verilog frontend.

4. Executing Verilog-2005 frontend: /__DESIGN_ROOT__/core/common/constants.sv
Parsing SystemVerilog input from `/__DESIGN_ROOT__/core/common/constants.sv' to AST representation.
Successfully finished Verilog frontend.

5. Executing Verilog-2005 frontend: /__DESIGN_ROOT__/core/common/control_transfer.sv
Parsing SystemVerilog input from `/__DESIGN_ROOT__/core/common/control_transfer.sv' to AST representation.
Generating RTLIL representation for module `\control_transfer'.
Successfully finished Verilog frontend.

6. Executing Verilog-2005 frontend: /__DESIGN_ROOT__/core/common/data_memory_interface.sv
Parsing SystemVerilog input from `/__DESIGN_ROOT__/core/common/data_memory_interface.sv' to AST representation.
Generating RTLIL representation for module `\data_memory_interface'.
Successfully finished Verilog frontend.

7. Executing Verilog-2005 frontend: /__DESIGN_ROOT__/core/common/example_data_memory_bus.sv
Parsing SystemVerilog input from `/__DESIGN_ROOT__/core/common/example_data_memory_bus.sv' to AST representation.
Generating RTLIL representation for module `\example_data_memory_bus'.
Successfully finished Verilog frontend.

8. Executing Verilog-2005 frontend: /__DESIGN_ROOT__/core/common/example_memory_bus.sv
Parsing SystemVerilog input from `/__DESIGN_ROOT__/core/common/example_memory_bus.sv' to AST representation.
Generating RTLIL representation for module `\example_memory_bus'.
Successfully finished Verilog frontend.

9. Executing Verilog-2005 frontend: /__DESIGN_ROOT__/core/common/example_text_memory_bus.sv
Parsing SystemVerilog input from `/__DESIGN_ROOT__/core/common/example_text_memory_bus.sv' to AST representation.
Generating RTLIL representation for module `\example_text_memory_bus'.
Successfully finished Verilog frontend.

10. Executing Verilog-2005 frontend: /__DESIGN_ROOT__/core/common/immediate_generator.sv
Parsing SystemVerilog input from `/__DESIGN_ROOT__/core/common/immediate_generator.sv' to AST representation.
Generating RTLIL representation for module `\immediate_generator'.
Successfully finished Verilog frontend.

11. Executing Verilog-2005 frontend: /__DESIGN_ROOT__/core/common/instruction_decoder.sv
Parsing SystemVerilog input from `/__DESIGN_ROOT__/core/common/instruction_decoder.sv' to AST representation.
Generating RTLIL representation for module `\instruction_decoder'.
Successfully finished Verilog frontend.

12. Executing Verilog-2005 frontend: /__DESIGN_ROOT__/core/common/multiplexer.sv
Parsing SystemVerilog input from `/__DESIGN_ROOT__/core/common/multiplexer.sv' to AST representation.
Generating RTLIL representation for module `\multiplexer'.
Warning: Replacing memory \input_array with list of registers. See /__DESIGN_ROOT__/core/common/multiplexer.sv:24
Successfully finished Verilog frontend.

13. Executing Verilog-2005 frontend: /__DESIGN_ROOT__/core/common/multiplexer2.sv
Parsing SystemVerilog input from `/__DESIGN_ROOT__/core/common/multiplexer2.sv' to AST representation.
Generating RTLIL representation for module `\multiplexer2'.
Successfully finished Verilog frontend.

14. Executing Verilog-2005 frontend: /__DESIGN_ROOT__/core/common/multiplexer4.sv
Parsing SystemVerilog input from `/__DESIGN_ROOT__/core/common/multiplexer4.sv' to AST representation.
Generating RTLIL representation for module `\multiplexer4'.
Successfully finished Verilog frontend.

15. Executing Verilog-2005 frontend: /__DESIGN_ROOT__/core/common/multiplexer8.sv
Parsing SystemVerilog input from `/__DESIGN_ROOT__/core/common/multiplexer8.sv' to AST representation.
Generating RTLIL representation for module `\multiplexer8'.
Successfully finished Verilog frontend.

16. Executing Verilog-2005 frontend: /__DESIGN_ROOT__/core/common/regfile.sv
Parsing SystemVerilog input from `/__DESIGN_ROOT__/core/common/regfile.sv' to AST representation.
Generating RTLIL representation for module `\regfile'.
Successfully finished Verilog frontend.

17. Executing Verilog-2005 frontend: /__DESIGN_ROOT__/core/common/register.sv
Parsing SystemVerilog input from `/__DESIGN_ROOT__/core/common/register.sv' to AST representation.
Generating RTLIL representation for module `\register'.
Successfully finished Verilog frontend.

18. Executing Verilog-2005 frontend: /__DESIGN_ROOT__/core/singlecycle/riscv_core.sv
Parsing SystemVerilog input from `/__DESIGN_ROOT__/core/singlecycle/riscv_core.sv' to AST representation.
Generating RTLIL representation for module `\riscv_core'.
Successfully finished Verilog frontend.

19. Executing Verilog-2005 frontend: /__DESIGN_ROOT__/core/singlecycle/singlecycle_control.sv
Parsing SystemVerilog input from `/__DESIGN_ROOT__/core/singlecycle/singlecycle_control.sv' to AST representation.
Generating RTLIL representation for module `\singlecycle_control'.
Successfully finished Verilog frontend.

20. Executing Verilog-2005 frontend: /__DESIGN_ROOT__/core/singlecycle/singlecycle_ctlpath.sv
Parsing SystemVerilog input from `/__DESIGN_ROOT__/core/singlecycle/singlecycle_ctlpath.sv' to AST representation.
Generating RTLIL representation for module `\singlecycle_ctlpath'.
Successfully finished Verilog frontend.

21. Executing Verilog-2005 frontend: /__DESIGN_ROOT__/core/singlecycle/singlecycle_datapath.sv
Parsing SystemVerilog input from `/__DESIGN_ROOT__/core/singlecycle/singlecycle_datapath.sv' to AST representation.
Generating RTLIL representation for module `\singlecycle_datapath'.
Successfully finished Verilog frontend.

22. Executing HIERARCHY pass (managing design hierarchy).

22.1. Analyzing design hierarchy..
Top module:  \riscv_core
Used module:     \data_memory_interface
Used module:     \singlecycle_ctlpath
Used module:         \alu_control
Used module:         \control_transfer
Used module:         \singlecycle_control
Used module:     \singlecycle_datapath
Used module:         \immediate_generator
Used module:         \instruction_decoder
Used module:         \regfile
Used module:         \register
Used module:         \multiplexer8
Used module:             \multiplexer
Used module:         \multiplexer2
Used module:         \multiplexer4
Used module:         \alu
Used module:         \adder
Parameter \WIDTH = 32
Parameter \CHANNELS = 2

22.2. Executing AST frontend in derive mode using pre-parsed AST for module `\multiplexer'.
Parameter \WIDTH = 32
Parameter \CHANNELS = 2
Generating RTLIL representation for module `$paramod$6a3d32cf08b5e9a4d56891e3d8781ccd4215c4af\multiplexer'.
Warning: Replacing memory \input_array with list of registers. See /__DESIGN_ROOT__/core/common/multiplexer.sv:24
Parameter \WIDTH = 32
Parameter \CHANNELS = 4

22.3. Executing AST frontend in derive mode using pre-parsed AST for module `\multiplexer'.
Parameter \WIDTH = 32
Parameter \CHANNELS = 4
Generating RTLIL representation for module `$paramod$99da07bf27abaac915a8c95d36d6f2808394e702\multiplexer'.
Warning: Replacing memory \input_array with list of registers. See /__DESIGN_ROOT__/core/common/multiplexer.sv:24
Parameter \WIDTH = 32
Parameter \CHANNELS = 8

22.4. Executing AST frontend in derive mode using pre-parsed AST for module `\multiplexer'.
Parameter \WIDTH = 32
Parameter \CHANNELS = 8
Generating RTLIL representation for module `$paramod$5ef3be0bfad1454aaa6432c4ab405bbd7cbab26b\multiplexer'.
Warning: Replacing memory \input_array with list of registers. See /__DESIGN_ROOT__/core/common/multiplexer.sv:24
Parameter \WIDTH = 32
Parameter \INITIAL = 4194304

22.5. Executing AST frontend in derive mode using pre-parsed AST for module `\register'.
Parameter \WIDTH = 32
Parameter \INITIAL = 4194304
Generating RTLIL representation for module `$paramod$e358a763f16798cd10903dfd37e7986c0fbbe40f\register'.
Parameter \WIDTH = 32

22.6. Executing AST frontend in derive mode using pre-parsed AST for module `\multiplexer8'.
Parameter \WIDTH = 32
Generating RTLIL representation for module `$paramod\multiplexer8\WIDTH=s32'00000000000000000000000000100000'.
Parameter \WIDTH = 32

22.7. Executing AST frontend in derive mode using pre-parsed AST for module `\multiplexer2'.
Parameter \WIDTH = 32
Generating RTLIL representation for module `$paramod\multiplexer2\WIDTH=s32'00000000000000000000000000100000'.
Parameter \WIDTH = 32
Found cached RTLIL representation for module `$paramod\multiplexer2\WIDTH=s32'00000000000000000000000000100000'.
Parameter \WIDTH = 32

22.8. Executing AST frontend in derive mode using pre-parsed AST for module `\multiplexer4'.
Parameter \WIDTH = 32
Generating RTLIL representation for module `$paramod\multiplexer4\WIDTH=s32'00000000000000000000000000100000'.
Parameter \WIDTH = 32

22.9. Executing AST frontend in derive mode using pre-parsed AST for module `\adder'.
Parameter \WIDTH = 32
Generating RTLIL representation for module `$paramod\adder\WIDTH=s32'00000000000000000000000000100000'.
Parameter \WIDTH = 32
Found cached RTLIL representation for module `$paramod\adder\WIDTH=s32'00000000000000000000000000100000'.

22.10. Analyzing design hierarchy..
Top module:  \riscv_core
Used module:     \data_memory_interface
Used module:     \singlecycle_ctlpath
Used module:         \alu_control
Used module:         \control_transfer
Used module:         \singlecycle_control
Used module:     \singlecycle_datapath
Used module:         \immediate_generator
Used module:         \instruction_decoder
Used module:         \regfile
Used module:         $paramod$e358a763f16798cd10903dfd37e7986c0fbbe40f\register
Used module:         $paramod\multiplexer8\WIDTH=s32'00000000000000000000000000100000
Used module:             \multiplexer
Used module:         $paramod\multiplexer2\WIDTH=s32'00000000000000000000000000100000
Used module:         $paramod\multiplexer4\WIDTH=s32'00000000000000000000000000100000
Used module:         \alu
Used module:         $paramod\adder\WIDTH=s32'00000000000000000000000000100000
Parameter \WIDTH = 32
Parameter \CHANNELS = 8
Found cached RTLIL representation for module `$paramod$5ef3be0bfad1454aaa6432c4ab405bbd7cbab26b\multiplexer'.
Parameter \WIDTH = 32
Parameter \CHANNELS = 2
Found cached RTLIL representation for module `$paramod$6a3d32cf08b5e9a4d56891e3d8781ccd4215c4af\multiplexer'.
Parameter \WIDTH = 32
Parameter \CHANNELS = 4
Found cached RTLIL representation for module `$paramod$99da07bf27abaac915a8c95d36d6f2808394e702\multiplexer'.

22.11. Analyzing design hierarchy..
Top module:  \riscv_core
Used module:     \data_memory_interface
Used module:     \singlecycle_ctlpath
Used module:         \alu_control
Used module:         \control_transfer
Used module:         \singlecycle_control
Used module:     \singlecycle_datapath
Used module:         \immediate_generator
Used module:         \instruction_decoder
Used module:         \regfile
Used module:         $paramod$e358a763f16798cd10903dfd37e7986c0fbbe40f\register
Used module:         $paramod\multiplexer8\WIDTH=s32'00000000000000000000000000100000
Used module:             $paramod$5ef3be0bfad1454aaa6432c4ab405bbd7cbab26b\multiplexer
Used module:         $paramod\multiplexer2\WIDTH=s32'00000000000000000000000000100000
Used module:             $paramod$6a3d32cf08b5e9a4d56891e3d8781ccd4215c4af\multiplexer
Used module:         $paramod\multiplexer4\WIDTH=s32'00000000000000000000000000100000
Used module:             $paramod$99da07bf27abaac915a8c95d36d6f2808394e702\multiplexer
Used module:         \alu
Used module:         $paramod\adder\WIDTH=s32'00000000000000000000000000100000

22.12. Analyzing design hierarchy..
Top module:  \riscv_core
Used module:     \data_memory_interface
Used module:     \singlecycle_ctlpath
Used module:         \alu_control
Used module:         \control_transfer
Used module:         \singlecycle_control
Used module:     \singlecycle_datapath
Used module:         \immediate_generator
Used module:         \instruction_decoder
Used module:         \regfile
Used module:         $paramod$e358a763f16798cd10903dfd37e7986c0fbbe40f\register
Used module:         $paramod\multiplexer8\WIDTH=s32'00000000000000000000000000100000
Used module:             $paramod$5ef3be0bfad1454aaa6432c4ab405bbd7cbab26b\multiplexer
Used module:         $paramod\multiplexer2\WIDTH=s32'00000000000000000000000000100000
Used module:             $paramod$6a3d32cf08b5e9a4d56891e3d8781ccd4215c4af\multiplexer
Used module:         $paramod\multiplexer4\WIDTH=s32'00000000000000000000000000100000
Used module:             $paramod$99da07bf27abaac915a8c95d36d6f2808394e702\multiplexer
Used module:         \alu
Used module:         $paramod\adder\WIDTH=s32'00000000000000000000000000100000
Removing unused module `\register'.
Removing unused module `\multiplexer8'.
Removing unused module `\multiplexer4'.
Removing unused module `\multiplexer2'.
Removing unused module `\multiplexer'.
Removing unused module `\example_text_memory_bus'.
Removing unused module `\example_memory_bus'.
Removing unused module `\example_data_memory_bus'.
Removing unused module `\adder'.
Removed 9 unused modules.

23. Executing PROC pass (convert processes to netlists).

23.1. Executing PROC_CLEAN pass (remove empty switches from decision trees).
Cleaned up 0 empty switches.

23.2. Executing PROC_RMDEAD pass (remove dead branches from decision trees).
Marked 1 switch rules as full_case in process $proc$/__DESIGN_ROOT__/core/singlecycle/singlecycle_control.sv:31$91 in module singlecycle_control.
Marked 1 switch rules as full_case in process $proc$/__DESIGN_ROOT__/core/singlecycle/singlecycle_control.sv:23$89 in module singlecycle_control.
Marked 2 switch rules as full_case in process $proc$/__DESIGN_ROOT__/core/common/regfile.sv:31$73 in module regfile.
Marked 1 switch rules as full_case in process $proc$/__DESIGN_ROOT__/core/common/register.sv:23$118 in module $paramod$e358a763f16798cd10903dfd37e7986c0fbbe40f\register.
Marked 1 switch rules as full_case in process $proc$/__DESIGN_ROOT__/core/common/immediate_generator.sv:22$62 in module immediate_generator.
Removed 1 dead cases from process $proc$/__DESIGN_ROOT__/core/common/multiplexer.sv:21$107 in module $paramod$5ef3be0bfad1454aaa6432c4ab405bbd7cbab26b\multiplexer.
Marked 1 switch rules as full_case in process $proc$/__DESIGN_ROOT__/core/common/multiplexer.sv:21$107 in module $paramod$5ef3be0bfad1454aaa6432c4ab405bbd7cbab26b\multiplexer.
Removed 1 dead cases from process $proc$/__DESIGN_ROOT__/core/common/multiplexer.sv:21$99 in module $paramod$99da07bf27abaac915a8c95d36d6f2808394e702\multiplexer.
Marked 1 switch rules as full_case in process $proc$/__DESIGN_ROOT__/core/common/multiplexer.sv:21$99 in module $paramod$99da07bf27abaac915a8c95d36d6f2808394e702\multiplexer.
Removed 1 dead cases from process $proc$/__DESIGN_ROOT__/core/common/multiplexer.sv:21$93 in module $paramod$6a3d32cf08b5e9a4d56891e3d8781ccd4215c4af\multiplexer.
Marked 1 switch rules as full_case in process $proc$/__DESIGN_ROOT__/core/common/multiplexer.sv:21$93 in module $paramod$6a3d32cf08b5e9a4d56891e3d8781ccd4215c4af\multiplexer.
Marked 1 switch rules as full_case in process $proc$/__DESIGN_ROOT__/core/common/data_memory_interface.sv:51$36 in module data_memory_interface.
Marked 1 switch rules as full_case in process $proc$/__DESIGN_ROOT__/core/common/data_memory_interface.sv:35$29 in module data_memory_interface.
Marked 1 switch rules as full_case in process $proc$/__DESIGN_ROOT__/core/common/control_transfer.sv:15$23 in module control_transfer.
Marked 1 switch rules as full_case in process $proc$/__DESIGN_ROOT__/core/common/alu_control.sv:66$22 in module alu_control.
Marked 1 switch rules as full_case in process $proc$/__DESIGN_ROOT__/core/common/alu_control.sv:59$21 in module alu_control.
Removed 1 dead cases from process $proc$/__DESIGN_ROOT__/core/common/alu_control.sv:46$20 in module alu_control.
Marked 1 switch rules as full_case in process $proc$/__DESIGN_ROOT__/core/common/alu_control.sv:46$20 in module alu_control.
Marked 1 switch rules as full_case in process $proc$/__DESIGN_ROOT__/core/common/alu_control.sv:41$17 in module alu_control.
Marked 1 switch rules as full_case in process $proc$/__DESIGN_ROOT__/core/common/alu_control.sv:34$16 in module alu_control.
Removed 1 dead cases from process $proc$/__DESIGN_ROOT__/core/common/alu_control.sv:25$15 in module alu_control.
Marked 1 switch rules as full_case in process $proc$/__DESIGN_ROOT__/core/common/alu_control.sv:25$15 in module alu_control.
Marked 1 switch rules as full_case in process $proc$/__DESIGN_ROOT__/core/common/alu.sv:25$3 in module alu.
Removed a total of 5 dead cases.

23.3. Executing PROC_PRUNE pass (remove redundant assignments in processes).
Removed 0 redundant assignments.
Promoted 43 assignments to connections.

23.4. Executing PROC_INIT pass (extract init attributes).
Found init rule in `$paramod$e358a763f16798cd10903dfd37e7986c0fbbe40f\register.$proc$/__DESIGN_ROOT__/core/common/register.sv:21$119'.
  Set init value: \value = 4194304

23.5. Executing PROC_ARST pass (detect async resets in processes).
Found async reset \reset in `$paramod$e358a763f16798cd10903dfd37e7986c0fbbe40f\register.$proc$/__DESIGN_ROOT__/core/common/register.sv:23$118'.

23.6. Executing PROC_ROM pass (convert switches to ROMs).
Converted 1 switch.
<suppressed ~18 debug messages>

23.7. Executing PROC_MUX pass (convert decision trees to multiplexers).
Creating decoders for process `\singlecycle_control.$proc$/__DESIGN_ROOT__/core/singlecycle/singlecycle_control.sv:31$91'.
     1/8: $1\reg_writeback_select[2:0]
     2/8: $1\data_mem_read_enable[0:0]
     3/8: $1\alu_op_type[1:0]
     4/8: $1\alu_operand_b_select[0:0]
     5/8: $1\alu_operand_a_select[0:0]
     6/8: $1\regfile_write_enable[0:0]
     7/8: $1\data_mem_write_enable[0:0]
     8/8: $1\pc_write_enable[0:0]
Creating decoders for process `\singlecycle_control.$proc$/__DESIGN_ROOT__/core/singlecycle/singlecycle_control.sv:23$89'.
     1/1: $1\next_pc_select[1:0]
Creating decoders for process `\regfile.$proc$/__DESIGN_ROOT__/core/common/regfile.sv:28$85'.
Creating decoders for process `\regfile.$proc$/__DESIGN_ROOT__/core/common/regfile.sv:31$73'.
     1/6: $2$memwr$\register$/__DESIGN_ROOT__/core/common/regfile.sv:33$70_EN[31:0]$83
     2/6: $2$memwr$\register$/__DESIGN_ROOT__/core/common/regfile.sv:33$70_DATA[31:0]$82
     3/6: $2$memwr$\register$/__DESIGN_ROOT__/core/common/regfile.sv:33$70_ADDR[4:0]$81
     4/6: $1$memwr$\register$/__DESIGN_ROOT__/core/common/regfile.sv:33$70_EN[31:0]$79
     5/6: $1$memwr$\register$/__DESIGN_ROOT__/core/common/regfile.sv:33$70_DATA[31:0]$78
     6/6: $1$memwr$\register$/__DESIGN_ROOT__/core/common/regfile.sv:33$70_ADDR[4:0]$77
Creating decoders for process `$paramod$e358a763f16798cd10903dfd37e7986c0fbbe40f\register.$proc$/__DESIGN_ROOT__/core/common/register.sv:21$119'.
Creating decoders for process `$paramod$e358a763f16798cd10903dfd37e7986c0fbbe40f\register.$proc$/__DESIGN_ROOT__/core/common/register.sv:23$118'.
     1/1: $0\value[31:0]
Creating decoders for process `\immediate_generator.$proc$/__DESIGN_ROOT__/core/common/immediate_generator.sv:22$62'.
     1/1: $1\immediate[31:0]
Creating decoders for process `$paramod$5ef3be0bfad1454aaa6432c4ab405bbd7cbab26b\multiplexer.$proc$/__DESIGN_ROOT__/core/common/multiplexer.sv:24$117'.
Creating decoders for process `$paramod$5ef3be0bfad1454aaa6432c4ab405bbd7cbab26b\multiplexer.$proc$/__DESIGN_ROOT__/core/common/multiplexer.sv:24$116'.
Creating decoders for process `$paramod$5ef3be0bfad1454aaa6432c4ab405bbd7cbab26b\multiplexer.$proc$/__DESIGN_ROOT__/core/common/multiplexer.sv:24$115'.
Creating decoders for process `$paramod$5ef3be0bfad1454aaa6432c4ab405bbd7cbab26b\multiplexer.$proc$/__DESIGN_ROOT__/core/common/multiplexer.sv:24$114'.
Creating decoders for process `$paramod$5ef3be0bfad1454aaa6432c4ab405bbd7cbab26b\multiplexer.$proc$/__DESIGN_ROOT__/core/common/multiplexer.sv:24$113'.
Creating decoders for process `$paramod$5ef3be0bfad1454aaa6432c4ab405bbd7cbab26b\multiplexer.$proc$/__DESIGN_ROOT__/core/common/multiplexer.sv:24$112'.
Creating decoders for process `$paramod$5ef3be0bfad1454aaa6432c4ab405bbd7cbab26b\multiplexer.$proc$/__DESIGN_ROOT__/core/common/multiplexer.sv:24$111'.
Creating decoders for process `$paramod$5ef3be0bfad1454aaa6432c4ab405bbd7cbab26b\multiplexer.$proc$/__DESIGN_ROOT__/core/common/multiplexer.sv:24$110'.
Creating decoders for process `$paramod$5ef3be0bfad1454aaa6432c4ab405bbd7cbab26b\multiplexer.$proc$/__DESIGN_ROOT__/core/common/multiplexer.sv:21$107'.
     1/1: $1$mem2reg_rd$\input_array$/__DESIGN_ROOT__/core/common/multiplexer.sv:21$106_DATA[31:0]$109
Creating decoders for process `$paramod$99da07bf27abaac915a8c95d36d6f2808394e702\multiplexer.$proc$/__DESIGN_ROOT__/core/common/multiplexer.sv:24$105'.
Creating decoders for process `$paramod$99da07bf27abaac915a8c95d36d6f2808394e702\multiplexer.$proc$/__DESIGN_ROOT__/core/common/multiplexer.sv:24$104'.
Creating decoders for process `$paramod$99da07bf27abaac915a8c95d36d6f2808394e702\multiplexer.$proc$/__DESIGN_ROOT__/core/common/multiplexer.sv:24$103'.
Creating decoders for process `$paramod$99da07bf27abaac915a8c95d36d6f2808394e702\multiplexer.$proc$/__DESIGN_ROOT__/core/common/multiplexer.sv:24$102'.
Creating decoders for process `$paramod$99da07bf27abaac915a8c95d36d6f2808394e702\multiplexer.$proc$/__DESIGN_ROOT__/core/common/multiplexer.sv:21$99'.
     1/1: $1$mem2reg_rd$\input_array$/__DESIGN_ROOT__/core/common/multiplexer.sv:21$98_DATA[31:0]$101
Creating decoders for process `$paramod$6a3d32cf08b5e9a4d56891e3d8781ccd4215c4af\multiplexer.$proc$/__DESIGN_ROOT__/core/common/multiplexer.sv:24$97'.
Creating decoders for process `$paramod$6a3d32cf08b5e9a4d56891e3d8781ccd4215c4af\multiplexer.$proc$/__DESIGN_ROOT__/core/common/multiplexer.sv:24$96'.
Creating decoders for process `$paramod$6a3d32cf08b5e9a4d56891e3d8781ccd4215c4af\multiplexer.$proc$/__DESIGN_ROOT__/core/common/multiplexer.sv:21$93'.
     1/1: $1$mem2reg_rd$\input_array$/__DESIGN_ROOT__/core/common/multiplexer.sv:21$92_DATA[31:0]$95
Creating decoders for process `\data_memory_interface.$proc$/__DESIGN_ROOT__/core/common/data_memory_interface.sv:51$36'.
     1/1: $1\sign_fix[31:0]
Creating decoders for process `\data_memory_interface.$proc$/__DESIGN_ROOT__/core/common/data_memory_interface.sv:46$33'.
Creating decoders for process `\data_memory_interface.$proc$/__DESIGN_ROOT__/core/common/data_memory_interface.sv:35$29'.
     1/1: $1\bus_byte_enable[3:0]
Creating decoders for process `\control_transfer.$proc$/__DESIGN_ROOT__/core/common/control_transfer.sv:15$23'.
     1/1: $1\take_branch[0:0]
Creating decoders for process `\alu_control.$proc$/__DESIGN_ROOT__/core/common/alu_control.sv:66$22'.
     1/1: $1\branch_funct[4:0]
Creating decoders for process `\alu_control.$proc$/__DESIGN_ROOT__/core/common/alu_control.sv:59$21'.
     1/1: $1\secondary_funct[4:0]
Creating decoders for process `\alu_control.$proc$/__DESIGN_ROOT__/core/common/alu_control.sv:46$20'.
     1/1: $1\default_funct[4:0]
Creating decoders for process `\alu_control.$proc$/__DESIGN_ROOT__/core/common/alu_control.sv:41$17'.
     1/1: $1\op_imm_funct[4:0]
Creating decoders for process `\alu_control.$proc$/__DESIGN_ROOT__/core/common/alu_control.sv:34$16'.
     1/1: $1\op_funct[4:0]
Creating decoders for process `\alu_control.$proc$/__DESIGN_ROOT__/core/common/alu_control.sv:25$15'.
     1/1: $1\alu_function[4:0]
Creating decoders for process `\alu.$proc$/__DESIGN_ROOT__/core/common/alu.sv:25$3'.
     1/1: $1\result[31:0]

23.8. Executing PROC_DLATCH pass (convert process syncs to latches).
No latch inferred for signal `\singlecycle_control.\alu_op_type' from process `\singlecycle_control.$proc$/__DESIGN_ROOT__/core/singlecycle/singlecycle_control.sv:31$91'.
No latch inferred for signal `\singlecycle_control.\pc_write_enable' from process `\singlecycle_control.$proc$/__DESIGN_ROOT__/core/singlecycle/singlecycle_control.sv:31$91'.
No latch inferred for signal `\singlecycle_control.\regfile_write_enable' from process `\singlecycle_control.$proc$/__DESIGN_ROOT__/core/singlecycle/singlecycle_control.sv:31$91'.
No latch inferred for signal `\singlecycle_control.\alu_operand_a_select' from process `\singlecycle_control.$proc$/__DESIGN_ROOT__/core/singlecycle/singlecycle_control.sv:31$91'.
No latch inferred for signal `\singlecycle_control.\alu_operand_b_select' from process `\singlecycle_control.$proc$/__DESIGN_ROOT__/core/singlecycle/singlecycle_control.sv:31$91'.
No latch inferred for signal `\singlecycle_control.\reg_writeback_select' from process `\singlecycle_control.$proc$/__DESIGN_ROOT__/core/singlecycle/singlecycle_control.sv:31$91'.
No latch inferred for signal `\singlecycle_control.\data_mem_read_enable' from process `\singlecycle_control.$proc$/__DESIGN_ROOT__/core/singlecycle/singlecycle_control.sv:31$91'.
No latch inferred for signal `\singlecycle_control.\data_mem_write_enable' from process `\singlecycle_control.$proc$/__DESIGN_ROOT__/core/singlecycle/singlecycle_control.sv:31$91'.
No latch inferred for signal `\singlecycle_control.\next_pc_select' from process `\singlecycle_control.$proc$/__DESIGN_ROOT__/core/singlecycle/singlecycle_control.sv:23$89'.
No latch inferred for signal `\regfile.$memwr$\register$/__DESIGN_ROOT__/core/common/regfile.sv:28$69_EN' from process `\regfile.$proc$/__DESIGN_ROOT__/core/common/regfile.sv:28$85'.
No latch inferred for signal `\immediate_generator.\immediate' from process `\immediate_generator.$proc$/__DESIGN_ROOT__/core/common/immediate_generator.sv:22$62'.
No latch inferred for signal `$paramod$5ef3be0bfad1454aaa6432c4ab405bbd7cbab26b\multiplexer.\input_array[0]' from process `$paramod$5ef3be0bfad1454aaa6432c4ab405bbd7cbab26b\multiplexer.$proc$/__DESIGN_ROOT__/core/common/multiplexer.sv:24$117'.
No latch inferred for signal `$paramod$5ef3be0bfad1454aaa6432c4ab405bbd7cbab26b\multiplexer.\input_array[1]' from process `$paramod$5ef3be0bfad1454aaa6432c4ab405bbd7cbab26b\multiplexer.$proc$/__DESIGN_ROOT__/core/common/multiplexer.sv:24$116'.
No latch inferred for signal `$paramod$5ef3be0bfad1454aaa6432c4ab405bbd7cbab26b\multiplexer.\input_array[2]' from process `$paramod$5ef3be0bfad1454aaa6432c4ab405bbd7cbab26b\multiplexer.$proc$/__DESIGN_ROOT__/core/common/multiplexer.sv:24$115'.
No latch inferred for signal `$paramod$5ef3be0bfad1454aaa6432c4ab405bbd7cbab26b\multiplexer.\input_array[3]' from process `$paramod$5ef3be0bfad1454aaa6432c4ab405bbd7cbab26b\multiplexer.$proc$/__DESIGN_ROOT__/core/common/multiplexer.sv:24$114'.
No latch inferred for signal `$paramod$5ef3be0bfad1454aaa6432c4ab405bbd7cbab26b\multiplexer.\input_array[4]' from process `$paramod$5ef3be0bfad1454aaa6432c4ab405bbd7cbab26b\multiplexer.$proc$/__DESIGN_ROOT__/core/common/multiplexer.sv:24$113'.
No latch inferred for signal `$paramod$5ef3be0bfad1454aaa6432c4ab405bbd7cbab26b\multiplexer.\input_array[5]' from process `$paramod$5ef3be0bfad1454aaa6432c4ab405bbd7cbab26b\multiplexer.$proc$/__DESIGN_ROOT__/core/common/multiplexer.sv:24$112'.
No latch inferred for signal `$paramod$5ef3be0bfad1454aaa6432c4ab405bbd7cbab26b\multiplexer.\input_array[6]' from process `$paramod$5ef3be0bfad1454aaa6432c4ab405bbd7cbab26b\multiplexer.$proc$/__DESIGN_ROOT__/core/common/multiplexer.sv:24$111'.
No latch inferred for signal `$paramod$5ef3be0bfad1454aaa6432c4ab405bbd7cbab26b\multiplexer.\input_array[7]' from process `$paramod$5ef3be0bfad1454aaa6432c4ab405bbd7cbab26b\multiplexer.$proc$/__DESIGN_ROOT__/core/common/multiplexer.sv:24$110'.
No latch inferred for signal `$paramod$5ef3be0bfad1454aaa6432c4ab405bbd7cbab26b\multiplexer.$mem2reg_rd$\input_array$/__DESIGN_ROOT__/core/common/multiplexer.sv:21$106_DATA' from process `$paramod$5ef3be0bfad1454aaa6432c4ab405bbd7cbab26b\multiplexer.$proc$/__DESIGN_ROOT__/core/common/multiplexer.sv:21$107'.
No latch inferred for signal `$paramod$99da07bf27abaac915a8c95d36d6f2808394e702\multiplexer.\input_array[0]' from process `$paramod$99da07bf27abaac915a8c95d36d6f2808394e702\multiplexer.$proc$/__DESIGN_ROOT__/core/common/multiplexer.sv:24$105'.
No latch inferred for signal `$paramod$99da07bf27abaac915a8c95d36d6f2808394e702\multiplexer.\input_array[1]' from process `$paramod$99da07bf27abaac915a8c95d36d6f2808394e702\multiplexer.$proc$/__DESIGN_ROOT__/core/common/multiplexer.sv:24$104'.
No latch inferred for signal `$paramod$99da07bf27abaac915a8c95d36d6f2808394e702\multiplexer.\input_array[2]' from process `$paramod$99da07bf27abaac915a8c95d36d6f2808394e702\multiplexer.$proc$/__DESIGN_ROOT__/core/common/multiplexer.sv:24$103'.
No latch inferred for signal `$paramod$99da07bf27abaac915a8c95d36d6f2808394e702\multiplexer.\input_array[3]' from process `$paramod$99da07bf27abaac915a8c95d36d6f2808394e702\multiplexer.$proc$/__DESIGN_ROOT__/core/common/multiplexer.sv:24$102'.
No latch inferred for signal `$paramod$99da07bf27abaac915a8c95d36d6f2808394e702\multiplexer.$mem2reg_rd$\input_array$/__DESIGN_ROOT__/core/common/multiplexer.sv:21$98_DATA' from process `$paramod$99da07bf27abaac915a8c95d36d6f2808394e702\multiplexer.$proc$/__DESIGN_ROOT__/core/common/multiplexer.sv:21$99'.
No latch inferred for signal `$paramod$6a3d32cf08b5e9a4d56891e3d8781ccd4215c4af\multiplexer.\input_array[0]' from process `$paramod$6a3d32cf08b5e9a4d56891e3d8781ccd4215c4af\multiplexer.$proc$/__DESIGN_ROOT__/core/common/multiplexer.sv:24$97'.
No latch inferred for signal `$paramod$6a3d32cf08b5e9a4d56891e3d8781ccd4215c4af\multiplexer.\input_array[1]' from process `$paramod$6a3d32cf08b5e9a4d56891e3d8781ccd4215c4af\multiplexer.$proc$/__DESIGN_ROOT__/core/common/multiplexer.sv:24$96'.
No latch inferred for signal `$paramod$6a3d32cf08b5e9a4d56891e3d8781ccd4215c4af\multiplexer.$mem2reg_rd$\input_array$/__DESIGN_ROOT__/core/common/multiplexer.sv:21$92_DATA' from process `$paramod$6a3d32cf08b5e9a4d56891e3d8781ccd4215c4af\multiplexer.$proc$/__DESIGN_ROOT__/core/common/multiplexer.sv:21$93'.
No latch inferred for signal `\data_memory_interface.\sign_fix' from process `\data_memory_interface.$proc$/__DESIGN_ROOT__/core/common/data_memory_interface.sv:51$36'.
No latch inferred for signal `\data_memory_interface.\position_fix' from process `\data_memory_interface.$proc$/__DESIGN_ROOT__/core/common/data_memory_interface.sv:46$33'.
No latch inferred for signal `\data_memory_interface.\bus_byte_enable' from process `\data_memory_interface.$proc$/__DESIGN_ROOT__/core/common/data_memory_interface.sv:35$29'.
No latch inferred for signal `\control_transfer.\take_branch' from process `\control_transfer.$proc$/__DESIGN_ROOT__/core/common/control_transfer.sv:15$23'.
No latch inferred for signal `\alu_control.\branch_funct' from process `\alu_control.$proc$/__DESIGN_ROOT__/core/common/alu_control.sv:66$22'.
No latch inferred for signal `\alu_control.\secondary_funct' from process `\alu_control.$proc$/__DESIGN_ROOT__/core/common/alu_control.sv:59$21'.
No latch inferred for signal `\alu_control.\default_funct' from process `\alu_control.$proc$/__DESIGN_ROOT__/core/common/alu_control.sv:46$20'.
No latch inferred for signal `\alu_control.\op_imm_funct' from process `\alu_control.$proc$/__DESIGN_ROOT__/core/common/alu_control.sv:41$17'.
No latch inferred for signal `\alu_control.\op_funct' from process `\alu_control.$proc$/__DESIGN_ROOT__/core/common/alu_control.sv:34$16'.
No latch inferred for signal `\alu_control.\alu_function' from process `\alu_control.$proc$/__DESIGN_ROOT__/core/common/alu_control.sv:25$15'.
No latch inferred for signal `\alu.\result' from process `\alu.$proc$/__DESIGN_ROOT__/core/common/alu.sv:25$3'.

23.9. Executing PROC_DFF pass (convert process syncs to FFs).
Creating register for signal `\regfile.$memwr$\register$/__DESIGN_ROOT__/core/common/regfile.sv:33$70_ADDR' using process `\regfile.$proc$/__DESIGN_ROOT__/core/common/regfile.sv:31$73'.
  created $dff cell `$procdff$327' with positive edge clock.
Creating register for signal `\regfile.$memwr$\register$/__DESIGN_ROOT__/core/common/regfile.sv:33$70_DATA' using process `\regfile.$proc$/__DESIGN_ROOT__/core/common/regfile.sv:31$73'.
  created $dff cell `$procdff$328' with positive edge clock.
Creating register for signal `\regfile.$memwr$\register$/__DESIGN_ROOT__/core/common/regfile.sv:33$70_EN' using process `\regfile.$proc$/__DESIGN_ROOT__/core/common/regfile.sv:31$73'.
  created $dff cell `$procdff$329' with positive edge clock.
Creating register for signal `$paramod$e358a763f16798cd10903dfd37e7986c0fbbe40f\register.\value' using process `$paramod$e358a763f16798cd10903dfd37e7986c0fbbe40f\register.$proc$/__DESIGN_ROOT__/core/common/register.sv:23$118'.
  created $adff cell `$procdff$332' with positive edge clock and positive level reset.

23.10. Executing PROC_MEMWR pass (convert process memory writes to cells).

23.11. Executing PROC_CLEAN pass (remove empty switches from decision trees).
Found and cleaned up 1 empty switch in `\singlecycle_control.$proc$/__DESIGN_ROOT__/core/singlecycle/singlecycle_control.sv:31$91'.
Removing empty process `singlecycle_control.$proc$/__DESIGN_ROOT__/core/singlecycle/singlecycle_control.sv:31$91'.
Found and cleaned up 1 empty switch in `\singlecycle_control.$proc$/__DESIGN_ROOT__/core/singlecycle/singlecycle_control.sv:23$89'.
Removing empty process `singlecycle_control.$proc$/__DESIGN_ROOT__/core/singlecycle/singlecycle_control.sv:23$89'.
Removing empty process `regfile.$proc$/__DESIGN_ROOT__/core/common/regfile.sv:28$85'.
Found and cleaned up 2 empty switches in `\regfile.$proc$/__DESIGN_ROOT__/core/common/regfile.sv:31$73'.
Removing empty process `regfile.$proc$/__DESIGN_ROOT__/core/common/regfile.sv:31$73'.
Removing empty process `$paramod$e358a763f16798cd10903dfd37e7986c0fbbe40f\register.$proc$/__DESIGN_ROOT__/core/common/register.sv:21$119'.
Found and cleaned up 1 empty switch in `$paramod$e358a763f16798cd10903dfd37e7986c0fbbe40f\register.$proc$/__DESIGN_ROOT__/core/common/register.sv:23$118'.
Removing empty process `$paramod$e358a763f16798cd10903dfd37e7986c0fbbe40f\register.$proc$/__DESIGN_ROOT__/core/common/register.sv:23$118'.
Found and cleaned up 1 empty switch in `\immediate_generator.$proc$/__DESIGN_ROOT__/core/common/immediate_generator.sv:22$62'.
Removing empty process `immediate_generator.$proc$/__DESIGN_ROOT__/core/common/immediate_generator.sv:22$62'.
Removing empty process `$paramod$5ef3be0bfad1454aaa6432c4ab405bbd7cbab26b\multiplexer.$proc$/__DESIGN_ROOT__/core/common/multiplexer.sv:24$117'.
Removing empty process `$paramod$5ef3be0bfad1454aaa6432c4ab405bbd7cbab26b\multiplexer.$proc$/__DESIGN_ROOT__/core/common/multiplexer.sv:24$116'.
Removing empty process `$paramod$5ef3be0bfad1454aaa6432c4ab405bbd7cbab26b\multiplexer.$proc$/__DESIGN_ROOT__/core/common/multiplexer.sv:24$115'.
Removing empty process `$paramod$5ef3be0bfad1454aaa6432c4ab405bbd7cbab26b\multiplexer.$proc$/__DESIGN_ROOT__/core/common/multiplexer.sv:24$114'.
Removing empty process `$paramod$5ef3be0bfad1454aaa6432c4ab405bbd7cbab26b\multiplexer.$proc$/__DESIGN_ROOT__/core/common/multiplexer.sv:24$113'.
Removing empty process `$paramod$5ef3be0bfad1454aaa6432c4ab405bbd7cbab26b\multiplexer.$proc$/__DESIGN_ROOT__/core/common/multiplexer.sv:24$112'.
Removing empty process `$paramod$5ef3be0bfad1454aaa6432c4ab405bbd7cbab26b\multiplexer.$proc$/__DESIGN_ROOT__/core/common/multiplexer.sv:24$111'.
Removing empty process `$paramod$5ef3be0bfad1454aaa6432c4ab405bbd7cbab26b\multiplexer.$proc$/__DESIGN_ROOT__/core/common/multiplexer.sv:24$110'.
Found and cleaned up 1 empty switch in `$paramod$5ef3be0bfad1454aaa6432c4ab405bbd7cbab26b\multiplexer.$proc$/__DESIGN_ROOT__/core/common/multiplexer.sv:21$107'.
Removing empty process `$paramod$5ef3be0bfad1454aaa6432c4ab405bbd7cbab26b\multiplexer.$proc$/__DESIGN_ROOT__/core/common/multiplexer.sv:21$107'.
Removing empty process `$paramod$99da07bf27abaac915a8c95d36d6f2808394e702\multiplexer.$proc$/__DESIGN_ROOT__/core/common/multiplexer.sv:24$105'.
Removing empty process `$paramod$99da07bf27abaac915a8c95d36d6f2808394e702\multiplexer.$proc$/__DESIGN_ROOT__/core/common/multiplexer.sv:24$104'.
Removing empty process `$paramod$99da07bf27abaac915a8c95d36d6f2808394e702\multiplexer.$proc$/__DESIGN_ROOT__/core/common/multiplexer.sv:24$103'.
Removing empty process `$paramod$99da07bf27abaac915a8c95d36d6f2808394e702\multiplexer.$proc$/__DESIGN_ROOT__/core/common/multiplexer.sv:24$102'.
Found and cleaned up 1 empty switch in `$paramod$99da07bf27abaac915a8c95d36d6f2808394e702\multiplexer.$proc$/__DESIGN_ROOT__/core/common/multiplexer.sv:21$99'.
Removing empty process `$paramod$99da07bf27abaac915a8c95d36d6f2808394e702\multiplexer.$proc$/__DESIGN_ROOT__/core/common/multiplexer.sv:21$99'.
Removing empty process `$paramod$6a3d32cf08b5e9a4d56891e3d8781ccd4215c4af\multiplexer.$proc$/__DESIGN_ROOT__/core/common/multiplexer.sv:24$97'.
Removing empty process `$paramod$6a3d32cf08b5e9a4d56891e3d8781ccd4215c4af\multiplexer.$proc$/__DESIGN_ROOT__/core/common/multiplexer.sv:24$96'.
Found and cleaned up 1 empty switch in `$paramod$6a3d32cf08b5e9a4d56891e3d8781ccd4215c4af\multiplexer.$proc$/__DESIGN_ROOT__/core/common/multiplexer.sv:21$93'.
Removing empty process `$paramod$6a3d32cf08b5e9a4d56891e3d8781ccd4215c4af\multiplexer.$proc$/__DESIGN_ROOT__/core/common/multiplexer.sv:21$93'.
Found and cleaned up 1 empty switch in `\data_memory_interface.$proc$/__DESIGN_ROOT__/core/common/data_memory_interface.sv:51$36'.
Removing empty process `data_memory_interface.$proc$/__DESIGN_ROOT__/core/common/data_memory_interface.sv:51$36'.
Removing empty process `data_memory_interface.$proc$/__DESIGN_ROOT__/core/common/data_memory_interface.sv:46$33'.
Found and cleaned up 1 empty switch in `\data_memory_interface.$proc$/__DESIGN_ROOT__/core/common/data_memory_interface.sv:35$29'.
Removing empty process `data_memory_interface.$proc$/__DESIGN_ROOT__/core/common/data_memory_interface.sv:35$29'.
Found and cleaned up 1 empty switch in `\control_transfer.$proc$/__DESIGN_ROOT__/core/common/control_transfer.sv:15$23'.
Removing empty process `control_transfer.$proc$/__DESIGN_ROOT__/core/common/control_transfer.sv:15$23'.
Found and cleaned up 1 empty switch in `\alu_control.$proc$/__DESIGN_ROOT__/core/common/alu_control.sv:66$22'.
Removing empty process `alu_control.$proc$/__DESIGN_ROOT__/core/common/alu_control.sv:66$22'.
Found and cleaned up 1 empty switch in `\alu_control.$proc$/__DESIGN_ROOT__/core/common/alu_control.sv:59$21'.
Removing empty process `alu_control.$proc$/__DESIGN_ROOT__/core/common/alu_control.sv:59$21'.
Found and cleaned up 1 empty switch in `\alu_control.$proc$/__DESIGN_ROOT__/core/common/alu_control.sv:46$20'.
Removing empty process `alu_control.$proc$/__DESIGN_ROOT__/core/common/alu_control.sv:46$20'.
Found and cleaned up 1 empty switch in `\alu_control.$proc$/__DESIGN_ROOT__/core/common/alu_control.sv:41$17'.
Removing empty process `alu_control.$proc$/__DESIGN_ROOT__/core/common/alu_control.sv:41$17'.
Found and cleaned up 1 empty switch in `\alu_control.$proc$/__DESIGN_ROOT__/core/common/alu_control.sv:34$16'.
Removing empty process `alu_control.$proc$/__DESIGN_ROOT__/core/common/alu_control.sv:34$16'.
Found and cleaned up 1 empty switch in `\alu_control.$proc$/__DESIGN_ROOT__/core/common/alu_control.sv:25$15'.
Removing empty process `alu_control.$proc$/__DESIGN_ROOT__/core/common/alu_control.sv:25$15'.
Found and cleaned up 1 empty switch in `\alu.$proc$/__DESIGN_ROOT__/core/common/alu.sv:25$3'.
Removing empty process `alu.$proc$/__DESIGN_ROOT__/core/common/alu.sv:25$3'.
Cleaned up 19 empty switches.

23.12. Executing OPT_EXPR pass (perform const folding).
Optimizing module singlecycle_ctlpath.
Optimizing module singlecycle_control.
Optimizing module riscv_core.
Optimizing module $paramod\adder\WIDTH=s32'00000000000000000000000000100000.
Optimizing module regfile.
<suppressed ~1 debug messages>
Optimizing module $paramod\multiplexer4\WIDTH=s32'00000000000000000000000000100000.
Optimizing module $paramod\multiplexer2\WIDTH=s32'00000000000000000000000000100000.
Optimizing module $paramod\multiplexer8\WIDTH=s32'00000000000000000000000000100000.
Optimizing module $paramod$e358a763f16798cd10903dfd37e7986c0fbbe40f\register.
<suppressed ~1 debug messages>
Optimizing module instruction_decoder.
Optimizing module immediate_generator.
Optimizing module $paramod$5ef3be0bfad1454aaa6432c4ab405bbd7cbab26b\multiplexer.
<suppressed ~1 debug messages>
Optimizing module $paramod$99da07bf27abaac915a8c95d36d6f2808394e702\multiplexer.
<suppressed ~1 debug messages>
Optimizing module $paramod$6a3d32cf08b5e9a4d56891e3d8781ccd4215c4af\multiplexer.
<suppressed ~1 debug messages>
Optimizing module data_memory_interface.
<suppressed ~2 debug messages>
Optimizing module control_transfer.
<suppressed ~1 debug messages>
Optimizing module alu_control.
<suppressed ~3 debug messages>
Optimizing module alu.
<suppressed ~1 debug messages>
Optimizing module singlecycle_datapath.

24. Executing OPT_CLEAN pass (remove unused cells and wires).
Finding unused cells or wires in module \singlecycle_ctlpath..
Finding unused cells or wires in module \singlecycle_control..
Finding unused cells or wires in module \riscv_core..
Finding unused cells or wires in module $paramod\adder\WIDTH=s32'00000000000000000000000000100000..
Finding unused cells or wires in module \regfile..
Finding unused cells or wires in module $paramod\multiplexer4\WIDTH=s32'00000000000000000000000000100000..
Finding unused cells or wires in module $paramod\multiplexer2\WIDTH=s32'00000000000000000000000000100000..
Finding unused cells or wires in module $paramod\multiplexer8\WIDTH=s32'00000000000000000000000000100000..
Finding unused cells or wires in module $paramod$e358a763f16798cd10903dfd37e7986c0fbbe40f\register..
Finding unused cells or wires in module \instruction_decoder..
Finding unused cells or wires in module \immediate_generator..
Finding unused cells or wires in module $paramod$5ef3be0bfad1454aaa6432c4ab405bbd7cbab26b\multiplexer..
Finding unused cells or wires in module $paramod$99da07bf27abaac915a8c95d36d6f2808394e702\multiplexer..
Finding unused cells or wires in module $paramod$6a3d32cf08b5e9a4d56891e3d8781ccd4215c4af\multiplexer..
Finding unused cells or wires in module \data_memory_interface..
Finding unused cells or wires in module \control_transfer..
Finding unused cells or wires in module \alu_control..
Finding unused cells or wires in module \alu..
Finding unused cells or wires in module \singlecycle_datapath..
Removed 3 unused cells and 126 unused wires.
<suppressed ~15 debug messages>

25. Executing CHECK pass (checking for obvious problems).
Checking module singlecycle_ctlpath...
Checking module singlecycle_control...
Checking module riscv_core...
Checking module $paramod\adder\WIDTH=s32'00000000000000000000000000100000...
Checking module regfile...
Checking module $paramod\multiplexer4\WIDTH=s32'00000000000000000000000000100000...
Checking module $paramod\multiplexer2\WIDTH=s32'00000000000000000000000000100000...
Checking module $paramod\multiplexer8\WIDTH=s32'00000000000000000000000000100000...
Checking module $paramod$e358a763f16798cd10903dfd37e7986c0fbbe40f\register...
Checking module instruction_decoder...
Checking module immediate_generator...
Checking module $paramod$5ef3be0bfad1454aaa6432c4ab405bbd7cbab26b\multiplexer...
Checking module $paramod$99da07bf27abaac915a8c95d36d6f2808394e702\multiplexer...
Checking module $paramod$6a3d32cf08b5e9a4d56891e3d8781ccd4215c4af\multiplexer...
Checking module data_memory_interface...
Checking module control_transfer...
Checking module alu_control...
Checking module alu...
Checking module singlecycle_datapath...
Found and reported 0 problems.

26. Executing JSON backend.

27. Executing RTLIL backend.
Output filename: /__RESULT_ROOT__/frontend.rtlil

28. Printing statistics.

=== $paramod$5ef3be0bfad1454aaa6432c4ab405bbd7cbab26b\multiplexer ===

        +----------Local Count, excluding submodules.
        | 
       19 wires
      555 wire bits
       11 public wires
      547 public wire bits
        3 ports
      291 port bits
        9 cells
        7   $eq
        1   $logic_not
        1   $pmux

=== $paramod$6a3d32cf08b5e9a4d56891e3d8781ccd4215c4af\multiplexer ===

        +----------Local Count, excluding submodules.
        | 
        6 wires
      162 wire bits
        5 public wires
      161 public wire bits
        3 ports
       97 port bits
        2 cells
        1   $not
        1   $pmux

=== $paramod$99da07bf27abaac915a8c95d36d6f2808394e702\multiplexer ===

        +----------Local Count, excluding submodules.
        | 
       11 wires
      294 wire bits
        7 public wires
      290 public wire bits
        3 ports
      162 port bits
        5 cells
        3   $eq
        1   $logic_not
        1   $pmux

=== $paramod$e358a763f16798cd10903dfd37e7986c0fbbe40f\register ===

        +----------Local Count, excluding submodules.
        | 
        6 wires
       99 wire bits
        5 public wires
       67 public wire bits
        5 ports
       67 port bits
        2 cells
        1   $adff
        1   $mux

=== $paramod\adder\WIDTH=s32'00000000000000000000000000100000 ===

        +----------Local Count, excluding submodules.
        | 
        3 wires
       96 wire bits
        3 public wires
       96 public wire bits
        3 ports
       96 port bits
        1 cells
        1   $add

=== $paramod\multiplexer2\WIDTH=s32'00000000000000000000000000100000 ===

        +----------Local Count, excluding submodules.
        | 
        4 wires
       97 wire bits
        4 public wires
       97 public wire bits
        4 ports
       97 port bits
        1 submodules
        1   $paramod$6a3d32cf08b5e9a4d56891e3d8781ccd4215c4af\multiplexer

=== $paramod\multiplexer4\WIDTH=s32'00000000000000000000000000100000 ===

        +----------Local Count, excluding submodules.
        | 
        6 wires
      162 wire bits
        6 public wires
      162 public wire bits
        6 ports
      162 port bits
        1 submodules
        1   $paramod$99da07bf27abaac915a8c95d36d6f2808394e702\multiplexer

=== $paramod\multiplexer8\WIDTH=s32'00000000000000000000000000100000 ===

        +----------Local Count, excluding submodules.
        | 
       10 wires
      291 wire bits
       10 public wires
      291 public wire bits
       10 ports
      291 port bits
        1 submodules
        1   $paramod$5ef3be0bfad1454aaa6432c4ab405bbd7cbab26b\multiplexer

=== alu ===

        +----------Local Count, excluding submodules.
        | 
       27 wires
      372 wire bits
        5 public wires
      102 public wire bits
        5 ports
      102 port bits
       24 cells
        1   $add
        1   $and
       12   $eq
        1   $logic_not
        2   $lt
        1   $or
        1   $pmux
        1   $shl
        1   $shr
        1   $sshr
        1   $sub
        1   $xor

=== alu_control ===

        +----------Local Count, excluding submodules.
        | 
       23 wires
       56 wire bits
        9 public wires
       42 public wire bits
        4 ports
       17 port bits
        1 memories
       40 memory bits
       21 cells
       10   $eq
        1   $logic_and
        3   $logic_not
        1   $meminit
        1   $memrd_v2
        2   $mux
        3   $pmux

=== control_transfer ===

        +----------Local Count, excluding submodules.
        | 
       12 wires
       14 wire bits
        3 public wires
        5 public wire bits
        3 ports
        5 port bits
       10 cells
        5   $eq
        4   $logic_not
        1   $pmux

=== data_memory_interface ===

        +----------Local Count, excluding submodules.
        | 
       30 wires
      354 wire bits
       15 public wires
      268 public wire bits
       13 ports
      204 port bits
       19 cells
        2   $and
        4   $eq
        2   $logic_not
        2   $mul
        2   $not
        2   $pmux
        4   $shl
        1   $shr

=== immediate_generator ===

        +----------Local Count, excluding submodules.
        | 
       10 wires
       77 wire bits
        2 public wires
       64 public wire bits
        2 ports
       64 port bits
       14 cells
       10   $eq
        1   $pmux
        3   $reduce_or

=== instruction_decoder ===

        +----------Local Count, excluding submodules.
        | 
        7 wires
       64 wire bits
        7 public wires
       64 public wire bits
        7 ports
       64 port bits

=== regfile ===

        +----------Local Count, excluding submodules.
        | 
       18 wires
      321 wire bits
        8 public wires
      113 public wire bits
        8 ports
      113 port bits
        1 memories
     1024 memory bits
       14 cells
        1   $meminit_v2
        2   $memrd
        1   $memwr_v2
        9   $mux
        1   $reduce_bool

=== riscv_core ===

        +----------Local Count, excluding submodules.
        | 
       26 wires
      298 wire bits
       26 public wires
      298 public wire bits
       10 ports
      168 port bits
        3 submodules
        1   data_memory_interface
        1   singlecycle_ctlpath
        1   singlecycle_datapath

=== singlecycle_control ===

        +----------Local Count, excluding submodules.
        | 
       88 wires
       99 wire bits
       11 public wires
       21 public wire bits
       11 ports
       21 port bits
       86 cells
       76   $eq
        1   $mux
        9   $pmux

=== singlecycle_ctlpath ===

        +----------Local Count, excluding submodules.
        | 
       15 wires
       37 wire bits
       15 public wires
       37 public wire bits
       13 ports
       34 port bits
        3 submodules
        1   alu_control
        1   control_transfer
        1   singlecycle_control

=== singlecycle_datapath ===

        +----------Local Count, excluding submodules.
        | 
       31 wires
      529 wire bits
       31 public wires
      529 public wire bits
       18 ports
      194 port bits
       11 submodules
        1   $paramod$e358a763f16798cd10903dfd37e7986c0fbbe40f\register
        2   $paramod\adder\WIDTH=s32'00000000000000000000000000100000
        2   $paramod\multiplexer2\WIDTH=s32'00000000000000000000000000100000
        1   $paramod\multiplexer4\WIDTH=s32'00000000000000000000000000100000
        1   $paramod\multiplexer8\WIDTH=s32'00000000000000000000000000100000
        1   alu
        1   immediate_generator
        1   instruction_decoder
        1   regfile

=== design hierarchy ===

        +----------Count including submodules.
        | 
      210 riscv_core
       19 data_memory_interface
       21   alu_control
       10   control_transfer
       86   singlecycle_control
        2   $paramod$e358a763f16798cd10903dfd37e7986c0fbbe40f\register
        1   $paramod\adder\WIDTH=s32'00000000000000000000000000100000
        2     $paramod$6a3d32cf08b5e9a4d56891e3d8781ccd4215c4af\multiplexer
        5     $paramod$99da07bf27abaac915a8c95d36d6f2808394e702\multiplexer
        9     $paramod$5ef3be0bfad1454aaa6432c4ab405bbd7cbab26b\multiplexer
       24   alu
       14   immediate_generator
       14   regfile

        +----------Count including submodules.
        | 
      365 wires
     4332 wire bits
      195 public wires
     3608 public wire bits
      141 ports
     2539 port bits
        2 memories
     1064 memory bits
        - processes
      210 cells
        3   $add
        1   $adff
        3   $and
      127   $eq
        1   $logic_and
       12   $logic_not
        2   $lt
        1   $meminit
        1   $meminit_v2
        2   $memrd
        1   $memrd_v2
        1   $memwr_v2
        2   $mul
       13   $mux
        4   $not
        1   $or
       21   $pmux
        1   $reduce_bool
        3   $reduce_or
        5   $shl
        2   $shr
        1   $sshr
        1   $sub
        1   $xor
        3 submodules
        1   data_memory_interface
        1   singlecycle_ctlpath
        1   singlecycle_datapath

29. Executing SYNTH pass.

29.1. Executing HIERARCHY pass (managing design hierarchy).

29.1.1. Analyzing design hierarchy..
Top module:  \riscv_core
Used module:     \data_memory_interface
Used module:     \singlecycle_ctlpath
Used module:         \alu_control
Used module:         \control_transfer
Used module:         \singlecycle_control
Used module:     \singlecycle_datapath
Used module:         $paramod\adder\WIDTH=s32'00000000000000000000000000100000
Used module:         \alu
Used module:         \immediate_generator
Used module:         \instruction_decoder
Used module:         $paramod\multiplexer4\WIDTH=s32'00000000000000000000000000100000
Used module:             $paramod$99da07bf27abaac915a8c95d36d6f2808394e702\multiplexer
Used module:         $paramod\multiplexer2\WIDTH=s32'00000000000000000000000000100000
Used module:             $paramod$6a3d32cf08b5e9a4d56891e3d8781ccd4215c4af\multiplexer
Used module:         $paramod\multiplexer8\WIDTH=s32'00000000000000000000000000100000
Used module:             $paramod$5ef3be0bfad1454aaa6432c4ab405bbd7cbab26b\multiplexer
Used module:         $paramod$e358a763f16798cd10903dfd37e7986c0fbbe40f\register
Used module:         \regfile

29.1.2. Analyzing design hierarchy..
Top module:  \riscv_core
Used module:     \data_memory_interface
Used module:     \singlecycle_ctlpath
Used module:         \alu_control
Used module:         \control_transfer
Used module:         \singlecycle_control
Used module:     \singlecycle_datapath
Used module:         $paramod\adder\WIDTH=s32'00000000000000000000000000100000
Used module:         \alu
Used module:         \immediate_generator
Used module:         \instruction_decoder
Used module:         $paramod\multiplexer4\WIDTH=s32'00000000000000000000000000100000
Used module:             $paramod$99da07bf27abaac915a8c95d36d6f2808394e702\multiplexer
Used module:         $paramod\multiplexer2\WIDTH=s32'00000000000000000000000000100000
Used module:             $paramod$6a3d32cf08b5e9a4d56891e3d8781ccd4215c4af\multiplexer
Used module:         $paramod\multiplexer8\WIDTH=s32'00000000000000000000000000100000
Used module:             $paramod$5ef3be0bfad1454aaa6432c4ab405bbd7cbab26b\multiplexer
Used module:         $paramod$e358a763f16798cd10903dfd37e7986c0fbbe40f\register
Used module:         \regfile
Removed 0 unused modules.

29.2. Executing PROC pass (convert processes to netlists).

29.2.1. Executing PROC_CLEAN pass (remove empty switches from decision trees).
Cleaned up 0 empty switches.

29.2.2. Executing PROC_RMDEAD pass (remove dead branches from decision trees).
Removed a total of 0 dead cases.

29.2.3. Executing PROC_PRUNE pass (remove redundant assignments in processes).
Removed 0 redundant assignments.
Promoted 0 assignments to connections.

29.2.4. Executing PROC_INIT pass (extract init attributes).

29.2.5. Executing PROC_ARST pass (detect async resets in processes).

29.2.6. Executing PROC_ROM pass (convert switches to ROMs).
Converted 0 switches.

29.2.7. Executing PROC_MUX pass (convert decision trees to multiplexers).

29.2.8. Executing PROC_DLATCH pass (convert process syncs to latches).

29.2.9. Executing PROC_DFF pass (convert process syncs to FFs).

29.2.10. Executing PROC_MEMWR pass (convert process memory writes to cells).

29.2.11. Executing PROC_CLEAN pass (remove empty switches from decision trees).
Cleaned up 0 empty switches.

29.2.12. Executing OPT_EXPR pass (perform const folding).
Optimizing module $paramod$5ef3be0bfad1454aaa6432c4ab405bbd7cbab26b\multiplexer.
Optimizing module $paramod$6a3d32cf08b5e9a4d56891e3d8781ccd4215c4af\multiplexer.
Optimizing module $paramod$99da07bf27abaac915a8c95d36d6f2808394e702\multiplexer.
Optimizing module $paramod$e358a763f16798cd10903dfd37e7986c0fbbe40f\register.
Optimizing module $paramod\adder\WIDTH=s32'00000000000000000000000000100000.
Optimizing module $paramod\multiplexer2\WIDTH=s32'00000000000000000000000000100000.
Optimizing module $paramod\multiplexer4\WIDTH=s32'00000000000000000000000000100000.
Optimizing module $paramod\multiplexer8\WIDTH=s32'00000000000000000000000000100000.
Optimizing module alu.
Optimizing module alu_control.
Optimizing module control_transfer.
Optimizing module data_memory_interface.
Optimizing module immediate_generator.
Optimizing module instruction_decoder.
Optimizing module regfile.
Optimizing module riscv_core.
Optimizing module singlecycle_control.
Optimizing module singlecycle_ctlpath.
Optimizing module singlecycle_datapath.

29.3. Executing OPT_EXPR pass (perform const folding).
Optimizing module $paramod$5ef3be0bfad1454aaa6432c4ab405bbd7cbab26b\multiplexer.
Optimizing module $paramod$6a3d32cf08b5e9a4d56891e3d8781ccd4215c4af\multiplexer.
Optimizing module $paramod$99da07bf27abaac915a8c95d36d6f2808394e702\multiplexer.
Optimizing module $paramod$e358a763f16798cd10903dfd37e7986c0fbbe40f\register.
Optimizing module $paramod\adder\WIDTH=s32'00000000000000000000000000100000.
Optimizing module $paramod\multiplexer2\WIDTH=s32'00000000000000000000000000100000.
Optimizing module $paramod\multiplexer4\WIDTH=s32'00000000000000000000000000100000.
Optimizing module $paramod\multiplexer8\WIDTH=s32'00000000000000000000000000100000.
Optimizing module alu.
Optimizing module alu_control.
Optimizing module control_transfer.
Optimizing module data_memory_interface.
<suppressed ~4 debug messages>
Optimizing module immediate_generator.
Optimizing module instruction_decoder.
Optimizing module regfile.
Optimizing module riscv_core.
Optimizing module singlecycle_control.
Optimizing module singlecycle_ctlpath.
Optimizing module singlecycle_datapath.

29.4. Executing OPT_CLEAN pass (remove unused cells and wires).
Finding unused cells or wires in module $paramod$5ef3be0bfad1454aaa6432c4ab405bbd7cbab26b\multiplexer..
Finding unused cells or wires in module $paramod$6a3d32cf08b5e9a4d56891e3d8781ccd4215c4af\multiplexer..
Finding unused cells or wires in module $paramod$99da07bf27abaac915a8c95d36d6f2808394e702\multiplexer..
Finding unused cells or wires in module $paramod$e358a763f16798cd10903dfd37e7986c0fbbe40f\register..
Finding unused cells or wires in module $paramod\adder\WIDTH=s32'00000000000000000000000000100000..
Finding unused cells or wires in module $paramod\multiplexer2\WIDTH=s32'00000000000000000000000000100000..
Finding unused cells or wires in module $paramod\multiplexer4\WIDTH=s32'00000000000000000000000000100000..
Finding unused cells or wires in module $paramod\multiplexer8\WIDTH=s32'00000000000000000000000000100000..
Finding unused cells or wires in module \alu..
Finding unused cells or wires in module \alu_control..
Finding unused cells or wires in module \control_transfer..
Finding unused cells or wires in module \data_memory_interface..
Finding unused cells or wires in module \immediate_generator..
Finding unused cells or wires in module \instruction_decoder..
Finding unused cells or wires in module \regfile..
Finding unused cells or wires in module \riscv_core..
Finding unused cells or wires in module \singlecycle_control..
Finding unused cells or wires in module \singlecycle_ctlpath..
Finding unused cells or wires in module \singlecycle_datapath..
Removed 0 unused cells and 2 unused wires.
<suppressed ~1 debug messages>

29.5. Executing CHECK pass (checking for obvious problems).
Checking module $paramod$5ef3be0bfad1454aaa6432c4ab405bbd7cbab26b\multiplexer...
Checking module $paramod$6a3d32cf08b5e9a4d56891e3d8781ccd4215c4af\multiplexer...
Checking module $paramod$99da07bf27abaac915a8c95d36d6f2808394e702\multiplexer...
Checking module $paramod$e358a763f16798cd10903dfd37e7986c0fbbe40f\register...
Checking module $paramod\adder\WIDTH=s32'00000000000000000000000000100000...
Checking module $paramod\multiplexer2\WIDTH=s32'00000000000000000000000000100000...
Checking module $paramod\multiplexer4\WIDTH=s32'00000000000000000000000000100000...
Checking module $paramod\multiplexer8\WIDTH=s32'00000000000000000000000000100000...
Checking module alu...
Checking module alu_control...
Checking module control_transfer...
Checking module data_memory_interface...
Checking module immediate_generator...
Checking module instruction_decoder...
Checking module regfile...
Checking module riscv_core...
Checking module singlecycle_control...
Checking module singlecycle_ctlpath...
Checking module singlecycle_datapath...
Found and reported 0 problems.

29.6. Executing OPT pass (performing simple optimizations).

29.6.1. Executing OPT_EXPR pass (perform const folding).
Optimizing module $paramod$5ef3be0bfad1454aaa6432c4ab405bbd7cbab26b\multiplexer.
Optimizing module $paramod$6a3d32cf08b5e9a4d56891e3d8781ccd4215c4af\multiplexer.
Optimizing module $paramod$99da07bf27abaac915a8c95d36d6f2808394e702\multiplexer.
Optimizing module $paramod$e358a763f16798cd10903dfd37e7986c0fbbe40f\register.
Optimizing module $paramod\adder\WIDTH=s32'00000000000000000000000000100000.
Optimizing module $paramod\multiplexer2\WIDTH=s32'00000000000000000000000000100000.
Optimizing module $paramod\multiplexer4\WIDTH=s32'00000000000000000000000000100000.
Optimizing module $paramod\multiplexer8\WIDTH=s32'00000000000000000000000000100000.
Optimizing module alu.
Optimizing module alu_control.
Optimizing module control_transfer.
Optimizing module data_memory_interface.
Optimizing module immediate_generator.
Optimizing module instruction_decoder.
Optimizing module regfile.
Optimizing module riscv_core.
Optimizing module singlecycle_control.
Optimizing module singlecycle_ctlpath.
Optimizing module singlecycle_datapath.

29.6.2. Executing OPT_MERGE pass (detect identical cells).
Finding identical cells in module `$paramod$5ef3be0bfad1454aaa6432c4ab405bbd7cbab26b\multiplexer'.
Computing hashes of 9 cells of `$paramod$5ef3be0bfad1454aaa6432c4ab405bbd7cbab26b\multiplexer'.
Finding duplicate cells in `$paramod$5ef3be0bfad1454aaa6432c4ab405bbd7cbab26b\multiplexer'.
Finding identical cells in module `$paramod$6a3d32cf08b5e9a4d56891e3d8781ccd4215c4af\multiplexer'.
Computing hashes of 2 cells of `$paramod$6a3d32cf08b5e9a4d56891e3d8781ccd4215c4af\multiplexer'.
Finding duplicate cells in `$paramod$6a3d32cf08b5e9a4d56891e3d8781ccd4215c4af\multiplexer'.
Finding identical cells in module `$paramod$99da07bf27abaac915a8c95d36d6f2808394e702\multiplexer'.
Computing hashes of 5 cells of `$paramod$99da07bf27abaac915a8c95d36d6f2808394e702\multiplexer'.
Finding duplicate cells in `$paramod$99da07bf27abaac915a8c95d36d6f2808394e702\multiplexer'.
Finding identical cells in module `$paramod$e358a763f16798cd10903dfd37e7986c0fbbe40f\register'.
Computing hashes of 2 cells of `$paramod$e358a763f16798cd10903dfd37e7986c0fbbe40f\register'.
Finding duplicate cells in `$paramod$e358a763f16798cd10903dfd37e7986c0fbbe40f\register'.
Finding identical cells in module `$paramod\adder\WIDTH=s32'00000000000000000000000000100000'.
Computing hashes of 1 cells of `$paramod\adder\WIDTH=s32'00000000000000000000000000100000'.
Finding duplicate cells in `$paramod\adder\WIDTH=s32'00000000000000000000000000100000'.
Finding identical cells in module `$paramod\multiplexer2\WIDTH=s32'00000000000000000000000000100000'.
Computing hashes of 1 cells of `$paramod\multiplexer2\WIDTH=s32'00000000000000000000000000100000'.
Finding duplicate cells in `$paramod\multiplexer2\WIDTH=s32'00000000000000000000000000100000'.
Finding identical cells in module `$paramod\multiplexer4\WIDTH=s32'00000000000000000000000000100000'.
Computing hashes of 1 cells of `$paramod\multiplexer4\WIDTH=s32'00000000000000000000000000100000'.
Finding duplicate cells in `$paramod\multiplexer4\WIDTH=s32'00000000000000000000000000100000'.
Finding identical cells in module `$paramod\multiplexer8\WIDTH=s32'00000000000000000000000000100000'.
Computing hashes of 1 cells of `$paramod\multiplexer8\WIDTH=s32'00000000000000000000000000100000'.
Finding duplicate cells in `$paramod\multiplexer8\WIDTH=s32'00000000000000000000000000100000'.
Finding identical cells in module `\alu'.
Computing hashes of 24 cells of `\alu'.
Finding duplicate cells in `\alu'.
Finding identical cells in module `\alu_control'.
Computing hashes of 21 cells of `\alu_control'.
Finding duplicate cells in `\alu_control'.
Computing hashes of 19 cells of `\alu_control'.
Finding duplicate cells in `\alu_control'.
<suppressed ~6 debug messages>
Finding identical cells in module `\control_transfer'.
Computing hashes of 10 cells of `\control_transfer'.
Finding duplicate cells in `\control_transfer'.
Computing hashes of 8 cells of `\control_transfer'.
Finding duplicate cells in `\control_transfer'.
<suppressed ~6 debug messages>
Finding identical cells in module `\data_memory_interface'.
Computing hashes of 17 cells of `\data_memory_interface'.
Finding duplicate cells in `\data_memory_interface'.
Computing hashes of 13 cells of `\data_memory_interface'.
Finding duplicate cells in `\data_memory_interface'.
<suppressed ~12 debug messages>
Finding identical cells in module `\immediate_generator'.
Computing hashes of 14 cells of `\immediate_generator'.
Finding duplicate cells in `\immediate_generator'.
Finding identical cells in module `\instruction_decoder'.
Computing hashes of 0 cells of `\instruction_decoder'.
Finding duplicate cells in `\instruction_decoder'.
Finding identical cells in module `\regfile'.
Computing hashes of 14 cells of `\regfile'.
Finding duplicate cells in `\regfile'.
Finding identical cells in module `\riscv_core'.
Computing hashes of 3 cells of `\riscv_core'.
Finding duplicate cells in `\riscv_core'.
Finding identical cells in module `\singlecycle_control'.
Computing hashes of 86 cells of `\singlecycle_control'.
Finding duplicate cells in `\singlecycle_control'.
Computing hashes of 20 cells of `\singlecycle_control'.
Finding duplicate cells in `\singlecycle_control'.
<suppressed ~198 debug messages>
Finding identical cells in module `\singlecycle_ctlpath'.
Computing hashes of 3 cells of `\singlecycle_ctlpath'.
Finding duplicate cells in `\singlecycle_ctlpath'.
Finding identical cells in module `\singlecycle_datapath'.
Computing hashes of 11 cells of `\singlecycle_datapath'.
Finding duplicate cells in `\singlecycle_datapath'.
Removed a total of 74 cells.

29.6.3. Executing OPT_MUXTREE pass (detect dead branches in mux trees).
Running muxtree optimizer on module $paramod$5ef3be0bfad1454aaa6432c4ab405bbd7cbab26b\multiplexer..
  Creating internal representation of mux trees.
  Evaluating internal representation of mux trees.
  Analyzing evaluation results.
Running muxtree optimizer on module $paramod$6a3d32cf08b5e9a4d56891e3d8781ccd4215c4af\multiplexer..
  Creating internal representation of mux trees.
  Evaluating internal representation of mux trees.
  Analyzing evaluation results.
Running muxtree optimizer on module $paramod$99da07bf27abaac915a8c95d36d6f2808394e702\multiplexer..
  Creating internal representation of mux trees.
  Evaluating internal representation of mux trees.
  Analyzing evaluation results.
Running muxtree optimizer on module $paramod$e358a763f16798cd10903dfd37e7986c0fbbe40f\register..
  Creating internal representation of mux trees.
  Evaluating internal representation of mux trees.
  Analyzing evaluation results.
Running muxtree optimizer on module $paramod\adder\WIDTH=s32'00000000000000000000000000100000..
  Creating internal representation of mux trees.
  No muxes found in this module.
Running muxtree optimizer on module $paramod\multiplexer2\WIDTH=s32'00000000000000000000000000100000..
  Creating internal representation of mux trees.
  No muxes found in this module.
Running muxtree optimizer on module $paramod\multiplexer4\WIDTH=s32'00000000000000000000000000100000..
  Creating internal representation of mux trees.
  No muxes found in this module.
Running muxtree optimizer on module $paramod\multiplexer8\WIDTH=s32'00000000000000000000000000100000..
  Creating internal representation of mux trees.
  No muxes found in this module.
Running muxtree optimizer on module \alu..
  Creating internal representation of mux trees.
  Evaluating internal representation of mux trees.
  Analyzing evaluation results.
Running muxtree optimizer on module \alu_control..
  Creating internal representation of mux trees.
  Evaluating internal representation of mux trees.
  Analyzing evaluation results.
Running muxtree optimizer on module \control_transfer..
  Creating internal representation of mux trees.
  Evaluating internal representation of mux trees.
  Analyzing evaluation results.
Running muxtree optimizer on module \data_memory_interface..
  Creating internal representation of mux trees.
  Evaluating internal representation of mux trees.
  Analyzing evaluation results.
Running muxtree optimizer on module \immediate_generator..
  Creating internal representation of mux trees.
  Evaluating internal representation of mux trees.
  Analyzing evaluation results.
Running muxtree optimizer on module \instruction_decoder..
  Creating internal representation of mux trees.
  No muxes found in this module.
Running muxtree optimizer on module \regfile..
  Creating internal representation of mux trees.
  Evaluating internal representation of mux trees.
  Analyzing evaluation results.
    dead port 2/2 on $mux $procmux$223.
    dead port 2/2 on $mux $procmux$229.
    dead port 2/2 on $mux $procmux$235.
Running muxtree optimizer on module \riscv_core..
  Creating internal representation of mux trees.
  No muxes found in this module.
Running muxtree optimizer on module \singlecycle_control..
  Creating internal representation of mux trees.
  Evaluating internal representation of mux trees.
  Analyzing evaluation results.
Running muxtree optimizer on module \singlecycle_ctlpath..
  Creating internal representation of mux trees.
  No muxes found in this module.
Running muxtree optimizer on module \singlecycle_datapath..
  Creating internal representation of mux trees.
  No muxes found in this module.
Removed 3 multiplexer ports.
<suppressed ~58 debug messages>

29.6.4. Executing OPT_REDUCE pass (consolidate $*mux and $reduce_* inputs).
  Optimizing cells in module $paramod$5ef3be0bfad1454aaa6432c4ab405bbd7cbab26b\multiplexer.
  Optimizing cells in module $paramod$6a3d32cf08b5e9a4d56891e3d8781ccd4215c4af\multiplexer.
  Optimizing cells in module $paramod$99da07bf27abaac915a8c95d36d6f2808394e702\multiplexer.
  Optimizing cells in module $paramod$e358a763f16798cd10903dfd37e7986c0fbbe40f\register.
  Optimizing cells in module $paramod\adder\WIDTH=s32'00000000000000000000000000100000.
  Optimizing cells in module $paramod\multiplexer2\WIDTH=s32'00000000000000000000000000100000.
  Optimizing cells in module $paramod\multiplexer4\WIDTH=s32'00000000000000000000000000100000.
  Optimizing cells in module $paramod\multiplexer8\WIDTH=s32'00000000000000000000000000100000.
  Optimizing cells in module \alu.
  Optimizing cells in module \alu_control.
    New ctrl vector for $pmux cell $procmux$291: { $auto$opt_reduce.cc:137:opt_pmux$339 $auto$opt_reduce.cc:137:opt_pmux$337 $auto$opt_reduce.cc:137:opt_pmux$335 }
  Optimizing cells in module \alu_control.
  Optimizing cells in module \control_transfer.
    New ctrl vector for $pmux cell $procmux$283: { $auto$opt_reduce.cc:137:opt_pmux$343 $auto$opt_reduce.cc:137:opt_pmux$341 }
  Optimizing cells in module \control_transfer.
  Optimizing cells in module \data_memory_interface.
  Optimizing cells in module \immediate_generator.
  Optimizing cells in module \instruction_decoder.
  Optimizing cells in module \regfile.
    Consolidated identical input bits for $mux cell $procmux$221:
      Old ports: A=0, B=32'11111111111111111111111111111111, Y=$procmux$221_Y
      New ports: A=1'0, B=1'1, Y=$procmux$221_Y [0]
      New connections: $procmux$221_Y [31:1] = { $procmux$221_Y [0] $procmux$221_Y [0] $procmux$221_Y [0] $procmux$221_Y [0] $procmux$221_Y [0] $procmux$221_Y [0] $procmux$221_Y [0] $procmux$221_Y [0] $procmux$221_Y [0] $procmux$221_Y [0] $procmux$221_Y [0] $procmux$221_Y [0] $procmux$221_Y [0] $procmux$221_Y [0] $procmux$221_Y [0] $procmux$221_Y [0] $procmux$221_Y [0] $procmux$221_Y [0] $procmux$221_Y [0] $procmux$221_Y [0] $procmux$221_Y [0] $procmux$221_Y [0] $procmux$221_Y [0] $procmux$221_Y [0] $procmux$221_Y [0] $procmux$221_Y [0] $procmux$221_Y [0] $procmux$221_Y [0] $procmux$221_Y [0] $procmux$221_Y [0] $procmux$221_Y [0] }
  Optimizing cells in module \regfile.
    Consolidated identical input bits for $mux cell $procmux$238:
      Old ports: A=0, B=$2$memwr$\register$/__DESIGN_ROOT__/core/common/regfile.sv:33$70_EN[31:0]$83, Y=$0$memwr$\register$/__DESIGN_ROOT__/core/common/regfile.sv:33$70_EN[31:0]$76
      New ports: A=1'0, B=$procmux$221_Y [0], Y=$0$memwr$\register$/__DESIGN_ROOT__/core/common/regfile.sv:33$70_EN[31:0]$76 [0]
      New connections: $0$memwr$\register$/__DESIGN_ROOT__/core/common/regfile.sv:33$70_EN[31:0]$76 [31:1] = { $0$memwr$\register$/__DESIGN_ROOT__/core/common/regfile.sv:33$70_EN[31:0]$76 [0] $0$memwr$\register$/__DESIGN_ROOT__/core/common/regfile.sv:33$70_EN[31:0]$76 [0] $0$memwr$\register$/__DESIGN_ROOT__/core/common/regfile.sv:33$70_EN[31:0]$76 [0] $0$memwr$\register$/__DESIGN_ROOT__/core/common/regfile.sv:33$70_EN[31:0]$76 [0] $0$memwr$\register$/__DESIGN_ROOT__/core/common/regfile.sv:33$70_EN[31:0]$76 [0] $0$memwr$\register$/__DESIGN_ROOT__/core/common/regfile.sv:33$70_EN[31:0]$76 [0] $0$memwr$\register$/__DESIGN_ROOT__/core/common/regfile.sv:33$70_EN[31:0]$76 [0] $0$memwr$\register$/__DESIGN_ROOT__/core/common/regfile.sv:33$70_EN[31:0]$76 [0] $0$memwr$\register$/__DESIGN_ROOT__/core/common/regfile.sv:33$70_EN[31:0]$76 [0] $0$memwr$\register$/__DESIGN_ROOT__/core/common/regfile.sv:33$70_EN[31:0]$76 [0] $0$memwr$\register$/__DESIGN_ROOT__/core/common/regfile.sv:33$70_EN[31:0]$76 [0] $0$memwr$\register$/__DESIGN_ROOT__/core/common/regfile.sv:33$70_EN[31:0]$76 [0] $0$memwr$\register$/__DESIGN_ROOT__/core/common/regfile.sv:33$70_EN[31:0]$76 [0] $0$memwr$\register$/__DESIGN_ROOT__/core/common/regfile.sv:33$70_EN[31:0]$76 [0] $0$memwr$\register$/__DESIGN_ROOT__/core/common/regfile.sv:33$70_EN[31:0]$76 [0] $0$memwr$\register$/__DESIGN_ROOT__/core/common/regfile.sv:33$70_EN[31:0]$76 [0] $0$memwr$\register$/__DESIGN_ROOT__/core/common/regfile.sv:33$70_EN[31:0]$76 [0] $0$memwr$\register$/__DESIGN_ROOT__/core/common/regfile.sv:33$70_EN[31:0]$76 [0] $0$memwr$\register$/__DESIGN_ROOT__/core/common/regfile.sv:33$70_EN[31:0]$76 [0] $0$memwr$\register$/__DESIGN_ROOT__/core/common/regfile.sv:33$70_EN[31:0]$76 [0] $0$memwr$\register$/__DESIGN_ROOT__/core/common/regfile.sv:33$70_EN[31:0]$76 [0] $0$memwr$\register$/__DESIGN_ROOT__/core/common/regfile.sv:33$70_EN[31:0]$76 [0] $0$memwr$\register$/__DESIGN_ROOT__/core/common/regfile.sv:33$70_EN[31:0]$76 [0] $0$memwr$\register$/__DESIGN_ROOT__/core/common/regfile.sv:33$70_EN[31:0]$76 [0] $0$memwr$\register$/__DESIGN_ROOT__/core/common/regfile.sv:33$70_EN[31:0]$76 [0] $0$memwr$\register$/__DESIGN_ROOT__/core/common/regfile.sv:33$70_EN[31:0]$76 [0] $0$memwr$\register$/__DESIGN_ROOT__/core/common/regfile.sv:33$70_EN[31:0]$76 [0] $0$memwr$\register$/__DESIGN_ROOT__/core/common/regfile.sv:33$70_EN[31:0]$76 [0] $0$memwr$\register$/__DESIGN_ROOT__/core/common/regfile.sv:33$70_EN[31:0]$76 [0] $0$memwr$\register$/__DESIGN_ROOT__/core/common/regfile.sv:33$70_EN[31:0]$76 [0] $0$memwr$\register$/__DESIGN_ROOT__/core/common/regfile.sv:33$70_EN[31:0]$76 [0] }
  Optimizing cells in module \regfile.
  Optimizing cells in module \riscv_core.
  Optimizing cells in module \singlecycle_control.
    New ctrl vector for $pmux cell $procmux$147: { $auto$opt_reduce.cc:137:opt_pmux$345 $procmux$138_CMP $procmux$130_CMP $procmux$132_CMP }
    New ctrl vector for $pmux cell $procmux$135: { $auto$opt_reduce.cc:137:opt_pmux$347 $procmux$133_CMP }
    New ctrl vector for $pmux cell $procmux$126: { $auto$opt_reduce.cc:137:opt_pmux$351 $procmux$129_CMP $auto$opt_reduce.cc:137:opt_pmux$349 $procmux$133_CMP }
    New ctrl vector for $pmux cell $procmux$203: $auto$opt_reduce.cc:137:opt_pmux$353
    New ctrl vector for $pmux cell $procmux$168: { $auto$opt_reduce.cc:137:opt_pmux$357 $auto$opt_reduce.cc:137:opt_pmux$355 }
    New ctrl vector for $pmux cell $procmux$191: { $auto$opt_reduce.cc:137:opt_pmux$359 $procmux$141_CMP }
    New ctrl vector for $pmux cell $procmux$157: { $auto$opt_reduce.cc:137:opt_pmux$363 $auto$opt_reduce.cc:137:opt_pmux$361 }
    New ctrl vector for $pmux cell $procmux$179: { $auto$opt_reduce.cc:137:opt_pmux$367 $auto$opt_reduce.cc:137:opt_pmux$365 }
  Optimizing cells in module \singlecycle_control.
  Optimizing cells in module \singlecycle_ctlpath.
  Optimizing cells in module \singlecycle_datapath.
Performed a total of 12 changes.

29.6.5. Executing OPT_MERGE pass (detect identical cells).
Finding identical cells in module `$paramod$5ef3be0bfad1454aaa6432c4ab405bbd7cbab26b\multiplexer'.
Computing hashes of 9 cells of `$paramod$5ef3be0bfad1454aaa6432c4ab405bbd7cbab26b\multiplexer'.
Finding duplicate cells in `$paramod$5ef3be0bfad1454aaa6432c4ab405bbd7cbab26b\multiplexer'.
Finding identical cells in module `$paramod$6a3d32cf08b5e9a4d56891e3d8781ccd4215c4af\multiplexer'.
Computing hashes of 2 cells of `$paramod$6a3d32cf08b5e9a4d56891e3d8781ccd4215c4af\multiplexer'.
Finding duplicate cells in `$paramod$6a3d32cf08b5e9a4d56891e3d8781ccd4215c4af\multiplexer'.
Finding identical cells in module `$paramod$99da07bf27abaac915a8c95d36d6f2808394e702\multiplexer'.
Computing hashes of 5 cells of `$paramod$99da07bf27abaac915a8c95d36d6f2808394e702\multiplexer'.
Finding duplicate cells in `$paramod$99da07bf27abaac915a8c95d36d6f2808394e702\multiplexer'.
Finding identical cells in module `$paramod$e358a763f16798cd10903dfd37e7986c0fbbe40f\register'.
Computing hashes of 2 cells of `$paramod$e358a763f16798cd10903dfd37e7986c0fbbe40f\register'.
Finding duplicate cells in `$paramod$e358a763f16798cd10903dfd37e7986c0fbbe40f\register'.
Finding identical cells in module `$paramod\adder\WIDTH=s32'00000000000000000000000000100000'.
Computing hashes of 1 cells of `$paramod\adder\WIDTH=s32'00000000000000000000000000100000'.
Finding duplicate cells in `$paramod\adder\WIDTH=s32'00000000000000000000000000100000'.
Finding identical cells in module `$paramod\multiplexer2\WIDTH=s32'00000000000000000000000000100000'.
Computing hashes of 1 cells of `$paramod\multiplexer2\WIDTH=s32'00000000000000000000000000100000'.
Finding duplicate cells in `$paramod\multiplexer2\WIDTH=s32'00000000000000000000000000100000'.
Finding identical cells in module `$paramod\multiplexer4\WIDTH=s32'00000000000000000000000000100000'.
Computing hashes of 1 cells of `$paramod\multiplexer4\WIDTH=s32'00000000000000000000000000100000'.
Finding duplicate cells in `$paramod\multiplexer4\WIDTH=s32'00000000000000000000000000100000'.
Finding identical cells in module `$paramod\multiplexer8\WIDTH=s32'00000000000000000000000000100000'.
Computing hashes of 1 cells of `$paramod\multiplexer8\WIDTH=s32'00000000000000000000000000100000'.
Finding duplicate cells in `$paramod\multiplexer8\WIDTH=s32'00000000000000000000000000100000'.
Finding identical cells in module `\alu'.
Computing hashes of 24 cells of `\alu'.
Finding duplicate cells in `\alu'.
Finding identical cells in module `\alu_control'.
Computing hashes of 22 cells of `\alu_control'.
Finding duplicate cells in `\alu_control'.
Finding identical cells in module `\control_transfer'.
Computing hashes of 10 cells of `\control_transfer'.
Finding duplicate cells in `\control_transfer'.
Finding identical cells in module `\data_memory_interface'.
Computing hashes of 13 cells of `\data_memory_interface'.
Finding duplicate cells in `\data_memory_interface'.
Finding identical cells in module `\immediate_generator'.
Computing hashes of 14 cells of `\immediate_generator'.
Finding duplicate cells in `\immediate_generator'.
Finding identical cells in module `\instruction_decoder'.
Computing hashes of 0 cells of `\instruction_decoder'.
Finding duplicate cells in `\instruction_decoder'.
Finding identical cells in module `\regfile'.
Computing hashes of 11 cells of `\regfile'.
Finding duplicate cells in `\regfile'.
Finding identical cells in module `\riscv_core'.
Computing hashes of 3 cells of `\riscv_core'.
Finding duplicate cells in `\riscv_core'.
Finding identical cells in module `\singlecycle_control'.
Computing hashes of 32 cells of `\singlecycle_control'.
Finding duplicate cells in `\singlecycle_control'.
Finding identical cells in module `\singlecycle_ctlpath'.
Computing hashes of 3 cells of `\singlecycle_ctlpath'.
Finding duplicate cells in `\singlecycle_ctlpath'.
Finding identical cells in module `\singlecycle_datapath'.
Computing hashes of 11 cells of `\singlecycle_datapath'.
Finding duplicate cells in `\singlecycle_datapath'.
Removed a total of 0 cells.

29.6.6. Executing OPT_DFF pass (perform DFF optimizations).

29.6.7. Executing OPT_CLEAN pass (remove unused cells and wires).
Finding unused cells or wires in module $paramod$5ef3be0bfad1454aaa6432c4ab405bbd7cbab26b\multiplexer..
Finding unused cells or wires in module $paramod$6a3d32cf08b5e9a4d56891e3d8781ccd4215c4af\multiplexer..
Finding unused cells or wires in module $paramod$99da07bf27abaac915a8c95d36d6f2808394e702\multiplexer..
Finding unused cells or wires in module $paramod$e358a763f16798cd10903dfd37e7986c0fbbe40f\register..
Finding unused cells or wires in module $paramod\adder\WIDTH=s32'00000000000000000000000000100000..
Finding unused cells or wires in module $paramod\multiplexer2\WIDTH=s32'00000000000000000000000000100000..
Finding unused cells or wires in module $paramod\multiplexer4\WIDTH=s32'00000000000000000000000000100000..
Finding unused cells or wires in module $paramod\multiplexer8\WIDTH=s32'00000000000000000000000000100000..
Finding unused cells or wires in module \alu..
Finding unused cells or wires in module \alu_control..
Finding unused cells or wires in module \control_transfer..
Finding unused cells or wires in module \data_memory_interface..
Finding unused cells or wires in module \immediate_generator..
Finding unused cells or wires in module \instruction_decoder..
Finding unused cells or wires in module \regfile..
Finding unused cells or wires in module \riscv_core..
Finding unused cells or wires in module \singlecycle_control..
Finding unused cells or wires in module \singlecycle_ctlpath..
Finding unused cells or wires in module \singlecycle_datapath..
Removed 0 unused cells and 77 unused wires.
<suppressed ~5 debug messages>

29.6.8. Executing OPT_EXPR pass (perform const folding).
Optimizing module $paramod$5ef3be0bfad1454aaa6432c4ab405bbd7cbab26b\multiplexer.
Optimizing module $paramod$6a3d32cf08b5e9a4d56891e3d8781ccd4215c4af\multiplexer.
Optimizing module $paramod$99da07bf27abaac915a8c95d36d6f2808394e702\multiplexer.
Optimizing module $paramod$e358a763f16798cd10903dfd37e7986c0fbbe40f\register.
Optimizing module $paramod\adder\WIDTH=s32'00000000000000000000000000100000.
Optimizing module $paramod\multiplexer2\WIDTH=s32'00000000000000000000000000100000.
Optimizing module $paramod\multiplexer4\WIDTH=s32'00000000000000000000000000100000.
Optimizing module $paramod\multiplexer8\WIDTH=s32'00000000000000000000000000100000.
Optimizing module alu.
Optimizing module alu_control.
Optimizing module control_transfer.
Optimizing module data_memory_interface.
Optimizing module immediate_generator.
Optimizing module instruction_decoder.
Optimizing module regfile.
Optimizing module riscv_core.
Optimizing module singlecycle_control.
Optimizing module singlecycle_ctlpath.
Optimizing module singlecycle_datapath.

29.6.9. Rerunning OPT passes. (Maybe there is more to do..)

29.6.10. Executing OPT_MUXTREE pass (detect dead branches in mux trees).
Running muxtree optimizer on module $paramod$5ef3be0bfad1454aaa6432c4ab405bbd7cbab26b\multiplexer..
  Creating internal representation of mux trees.
  Evaluating internal representation of mux trees.
  Analyzing evaluation results.
Running muxtree optimizer on module $paramod$6a3d32cf08b5e9a4d56891e3d8781ccd4215c4af\multiplexer..
  Creating internal representation of mux trees.
  Evaluating internal representation of mux trees.
  Analyzing evaluation results.
Running muxtree optimizer on module $paramod$99da07bf27abaac915a8c95d36d6f2808394e702\multiplexer..
  Creating internal representation of mux trees.
  Evaluating internal representation of mux trees.
  Analyzing evaluation results.
Running muxtree optimizer on module $paramod$e358a763f16798cd10903dfd37e7986c0fbbe40f\register..
  Creating internal representation of mux trees.
  Evaluating internal representation of mux trees.
  Analyzing evaluation results.
Running muxtree optimizer on module $paramod\adder\WIDTH=s32'00000000000000000000000000100000..
  Creating internal representation of mux trees.
  No muxes found in this module.
Running muxtree optimizer on module $paramod\multiplexer2\WIDTH=s32'00000000000000000000000000100000..
  Creating internal representation of mux trees.
  No muxes found in this module.
Running muxtree optimizer on module $paramod\multiplexer4\WIDTH=s32'00000000000000000000000000100000..
  Creating internal representation of mux trees.
  No muxes found in this module.
Running muxtree optimizer on module $paramod\multiplexer8\WIDTH=s32'00000000000000000000000000100000..
  Creating internal representation of mux trees.
  No muxes found in this module.
Running muxtree optimizer on module \alu..
  Creating internal representation of mux trees.
  Evaluating internal representation of mux trees.
  Analyzing evaluation results.
Running muxtree optimizer on module \alu_control..
  Creating internal representation of mux trees.
  Evaluating internal representation of mux trees.
  Analyzing evaluation results.
Running muxtree optimizer on module \control_transfer..
  Creating internal representation of mux trees.
  Evaluating internal representation of mux trees.
  Analyzing evaluation results.
Running muxtree optimizer on module \data_memory_interface..
  Creating internal representation of mux trees.
  Evaluating internal representation of mux trees.
  Analyzing evaluation results.
Running muxtree optimizer on module \immediate_generator..
  Creating internal representation of mux trees.
  Evaluating internal representation of mux trees.
  Analyzing evaluation results.
Running muxtree optimizer on module \instruction_decoder..
  Creating internal representation of mux trees.
  No muxes found in this module.
Running muxtree optimizer on module \regfile..
  Creating internal representation of mux trees.
  Evaluating internal representation of mux trees.
  Analyzing evaluation results.
Running muxtree optimizer on module \riscv_core..
  Creating internal representation of mux trees.
  No muxes found in this module.
Running muxtree optimizer on module \singlecycle_control..
  Creating internal representation of mux trees.
  Evaluating internal representation of mux trees.
  Analyzing evaluation results.
Running muxtree optimizer on module \singlecycle_ctlpath..
  Creating internal representation of mux trees.
  No muxes found in this module.
Running muxtree optimizer on module \singlecycle_datapath..
  Creating internal representation of mux trees.
  No muxes found in this module.
Removed 0 multiplexer ports.
<suppressed ~55 debug messages>

29.6.11. Executing OPT_REDUCE pass (consolidate $*mux and $reduce_* inputs).
  Optimizing cells in module $paramod$5ef3be0bfad1454aaa6432c4ab405bbd7cbab26b\multiplexer.
  Optimizing cells in module $paramod$6a3d32cf08b5e9a4d56891e3d8781ccd4215c4af\multiplexer.
  Optimizing cells in module $paramod$99da07bf27abaac915a8c95d36d6f2808394e702\multiplexer.
  Optimizing cells in module $paramod$e358a763f16798cd10903dfd37e7986c0fbbe40f\register.
  Optimizing cells in module $paramod\adder\WIDTH=s32'00000000000000000000000000100000.
  Optimizing cells in module $paramod\multiplexer2\WIDTH=s32'00000000000000000000000000100000.
  Optimizing cells in module $paramod\multiplexer4\WIDTH=s32'00000000000000000000000000100000.
  Optimizing cells in module $paramod\multiplexer8\WIDTH=s32'00000000000000000000000000100000.
  Optimizing cells in module \alu.
  Optimizing cells in module \alu_control.
  Optimizing cells in module \control_transfer.
  Optimizing cells in module \data_memory_interface.
  Optimizing cells in module \immediate_generator.
  Optimizing cells in module \instruction_decoder.
  Optimizing cells in module \regfile.
  Optimizing cells in module \riscv_core.
  Optimizing cells in module \singlecycle_control.
  Optimizing cells in module \singlecycle_ctlpath.
  Optimizing cells in module \singlecycle_datapath.
Performed a total of 0 changes.

29.6.12. Executing OPT_MERGE pass (detect identical cells).
Finding identical cells in module `$paramod$5ef3be0bfad1454aaa6432c4ab405bbd7cbab26b\multiplexer'.
Computing hashes of 9 cells of `$paramod$5ef3be0bfad1454aaa6432c4ab405bbd7cbab26b\multiplexer'.
Finding duplicate cells in `$paramod$5ef3be0bfad1454aaa6432c4ab405bbd7cbab26b\multiplexer'.
Finding identical cells in module `$paramod$6a3d32cf08b5e9a4d56891e3d8781ccd4215c4af\multiplexer'.
Computing hashes of 2 cells of `$paramod$6a3d32cf08b5e9a4d56891e3d8781ccd4215c4af\multiplexer'.
Finding duplicate cells in `$paramod$6a3d32cf08b5e9a4d56891e3d8781ccd4215c4af\multiplexer'.
Finding identical cells in module `$paramod$99da07bf27abaac915a8c95d36d6f2808394e702\multiplexer'.
Computing hashes of 5 cells of `$paramod$99da07bf27abaac915a8c95d36d6f2808394e702\multiplexer'.
Finding duplicate cells in `$paramod$99da07bf27abaac915a8c95d36d6f2808394e702\multiplexer'.
Finding identical cells in module `$paramod$e358a763f16798cd10903dfd37e7986c0fbbe40f\register'.
Computing hashes of 2 cells of `$paramod$e358a763f16798cd10903dfd37e7986c0fbbe40f\register'.
Finding duplicate cells in `$paramod$e358a763f16798cd10903dfd37e7986c0fbbe40f\register'.
Finding identical cells in module `$paramod\adder\WIDTH=s32'00000000000000000000000000100000'.
Computing hashes of 1 cells of `$paramod\adder\WIDTH=s32'00000000000000000000000000100000'.
Finding duplicate cells in `$paramod\adder\WIDTH=s32'00000000000000000000000000100000'.
Finding identical cells in module `$paramod\multiplexer2\WIDTH=s32'00000000000000000000000000100000'.
Computing hashes of 1 cells of `$paramod\multiplexer2\WIDTH=s32'00000000000000000000000000100000'.
Finding duplicate cells in `$paramod\multiplexer2\WIDTH=s32'00000000000000000000000000100000'.
Finding identical cells in module `$paramod\multiplexer4\WIDTH=s32'00000000000000000000000000100000'.
Computing hashes of 1 cells of `$paramod\multiplexer4\WIDTH=s32'00000000000000000000000000100000'.
Finding duplicate cells in `$paramod\multiplexer4\WIDTH=s32'00000000000000000000000000100000'.
Finding identical cells in module `$paramod\multiplexer8\WIDTH=s32'00000000000000000000000000100000'.
Computing hashes of 1 cells of `$paramod\multiplexer8\WIDTH=s32'00000000000000000000000000100000'.
Finding duplicate cells in `$paramod\multiplexer8\WIDTH=s32'00000000000000000000000000100000'.
Finding identical cells in module `\alu'.
Computing hashes of 24 cells of `\alu'.
Finding duplicate cells in `\alu'.
Finding identical cells in module `\alu_control'.
Computing hashes of 22 cells of `\alu_control'.
Finding duplicate cells in `\alu_control'.
Finding identical cells in module `\control_transfer'.
Computing hashes of 10 cells of `\control_transfer'.
Finding duplicate cells in `\control_transfer'.
Finding identical cells in module `\data_memory_interface'.
Computing hashes of 13 cells of `\data_memory_interface'.
Finding duplicate cells in `\data_memory_interface'.
Finding identical cells in module `\immediate_generator'.
Computing hashes of 14 cells of `\immediate_generator'.
Finding duplicate cells in `\immediate_generator'.
Finding identical cells in module `\instruction_decoder'.
Computing hashes of 0 cells of `\instruction_decoder'.
Finding duplicate cells in `\instruction_decoder'.
Finding identical cells in module `\regfile'.
Computing hashes of 11 cells of `\regfile'.
Finding duplicate cells in `\regfile'.
Finding identical cells in module `\riscv_core'.
Computing hashes of 3 cells of `\riscv_core'.
Finding duplicate cells in `\riscv_core'.
Finding identical cells in module `\singlecycle_control'.
Computing hashes of 32 cells of `\singlecycle_control'.
Finding duplicate cells in `\singlecycle_control'.
Finding identical cells in module `\singlecycle_ctlpath'.
Computing hashes of 3 cells of `\singlecycle_ctlpath'.
Finding duplicate cells in `\singlecycle_ctlpath'.
Finding identical cells in module `\singlecycle_datapath'.
Computing hashes of 11 cells of `\singlecycle_datapath'.
Finding duplicate cells in `\singlecycle_datapath'.
Removed a total of 0 cells.

29.6.13. Executing OPT_DFF pass (perform DFF optimizations).

29.6.14. Executing OPT_CLEAN pass (remove unused cells and wires).
Finding unused cells or wires in module $paramod$5ef3be0bfad1454aaa6432c4ab405bbd7cbab26b\multiplexer..
Finding unused cells or wires in module $paramod$6a3d32cf08b5e9a4d56891e3d8781ccd4215c4af\multiplexer..
Finding unused cells or wires in module $paramod$99da07bf27abaac915a8c95d36d6f2808394e702\multiplexer..
Finding unused cells or wires in module $paramod$e358a763f16798cd10903dfd37e7986c0fbbe40f\register..
Finding unused cells or wires in module $paramod\adder\WIDTH=s32'00000000000000000000000000100000..
Finding unused cells or wires in module $paramod\multiplexer2\WIDTH=s32'00000000000000000000000000100000..
Finding unused cells or wires in module $paramod\multiplexer4\WIDTH=s32'00000000000000000000000000100000..
Finding unused cells or wires in module $paramod\multiplexer8\WIDTH=s32'00000000000000000000000000100000..
Finding unused cells or wires in module \alu..
Finding unused cells or wires in module \alu_control..
Finding unused cells or wires in module \control_transfer..
Finding unused cells or wires in module \data_memory_interface..
Finding unused cells or wires in module \immediate_generator..
Finding unused cells or wires in module \instruction_decoder..
Finding unused cells or wires in module \regfile..
Finding unused cells or wires in module \riscv_core..
Finding unused cells or wires in module \singlecycle_control..
Finding unused cells or wires in module \singlecycle_ctlpath..
Finding unused cells or wires in module \singlecycle_datapath..

29.6.15. Executing OPT_EXPR pass (perform const folding).
Optimizing module $paramod$5ef3be0bfad1454aaa6432c4ab405bbd7cbab26b\multiplexer.
Optimizing module $paramod$6a3d32cf08b5e9a4d56891e3d8781ccd4215c4af\multiplexer.
Optimizing module $paramod$99da07bf27abaac915a8c95d36d6f2808394e702\multiplexer.
Optimizing module $paramod$e358a763f16798cd10903dfd37e7986c0fbbe40f\register.
Optimizing module $paramod\adder\WIDTH=s32'00000000000000000000000000100000.
Optimizing module $paramod\multiplexer2\WIDTH=s32'00000000000000000000000000100000.
Optimizing module $paramod\multiplexer4\WIDTH=s32'00000000000000000000000000100000.
Optimizing module $paramod\multiplexer8\WIDTH=s32'00000000000000000000000000100000.
Optimizing module alu.
Optimizing module alu_control.
Optimizing module control_transfer.
Optimizing module data_memory_interface.
Optimizing module immediate_generator.
Optimizing module instruction_decoder.
Optimizing module regfile.
Optimizing module riscv_core.
Optimizing module singlecycle_control.
Optimizing module singlecycle_ctlpath.
Optimizing module singlecycle_datapath.

29.6.16. Finished fast OPT passes. (There is nothing left to do.)

29.7. Executing FSM pass (extract and optimize FSM).

29.7.1. Executing FSM_DETECT pass (finding FSMs in design).

29.7.2. Executing FSM_EXTRACT pass (extracting FSM from design).

29.7.3. Executing FSM_OPT pass (simple optimizations of FSMs).

29.7.4. Executing OPT_CLEAN pass (remove unused cells and wires).
Finding unused cells or wires in module $paramod$5ef3be0bfad1454aaa6432c4ab405bbd7cbab26b\multiplexer..
Finding unused cells or wires in module $paramod$6a3d32cf08b5e9a4d56891e3d8781ccd4215c4af\multiplexer..
Finding unused cells or wires in module $paramod$99da07bf27abaac915a8c95d36d6f2808394e702\multiplexer..
Finding unused cells or wires in module $paramod$e358a763f16798cd10903dfd37e7986c0fbbe40f\register..
Finding unused cells or wires in module $paramod\adder\WIDTH=s32'00000000000000000000000000100000..
Finding unused cells or wires in module $paramod\multiplexer2\WIDTH=s32'00000000000000000000000000100000..
Finding unused cells or wires in module $paramod\multiplexer4\WIDTH=s32'00000000000000000000000000100000..
Finding unused cells or wires in module $paramod\multiplexer8\WIDTH=s32'00000000000000000000000000100000..
Finding unused cells or wires in module \alu..
Finding unused cells or wires in module \alu_control..
Finding unused cells or wires in module \control_transfer..
Finding unused cells or wires in module \data_memory_interface..
Finding unused cells or wires in module \immediate_generator..
Finding unused cells or wires in module \instruction_decoder..
Finding unused cells or wires in module \regfile..
Finding unused cells or wires in module \riscv_core..
Finding unused cells or wires in module \singlecycle_control..
Finding unused cells or wires in module \singlecycle_ctlpath..
Finding unused cells or wires in module \singlecycle_datapath..

29.7.5. Executing FSM_OPT pass (simple optimizations of FSMs).

29.7.6. Executing FSM_RECODE pass (re-assigning FSM state encoding).

29.7.7. Executing FSM_INFO pass (dumping all available information on FSM cells).

29.7.8. Executing FSM_MAP pass (mapping FSMs to basic logic).

29.8. Executing OPT pass (performing simple optimizations).

29.8.1. Executing OPT_EXPR pass (perform const folding).
Optimizing module $paramod$5ef3be0bfad1454aaa6432c4ab405bbd7cbab26b\multiplexer.
Optimizing module $paramod$6a3d32cf08b5e9a4d56891e3d8781ccd4215c4af\multiplexer.
Optimizing module $paramod$99da07bf27abaac915a8c95d36d6f2808394e702\multiplexer.
Optimizing module $paramod$e358a763f16798cd10903dfd37e7986c0fbbe40f\register.
Optimizing module $paramod\adder\WIDTH=s32'00000000000000000000000000100000.
Optimizing module $paramod\multiplexer2\WIDTH=s32'00000000000000000000000000100000.
Optimizing module $paramod\multiplexer4\WIDTH=s32'00000000000000000000000000100000.
Optimizing module $paramod\multiplexer8\WIDTH=s32'00000000000000000000000000100000.
Optimizing module alu.
Optimizing module alu_control.
Optimizing module control_transfer.
Optimizing module data_memory_interface.
Optimizing module immediate_generator.
Optimizing module instruction_decoder.
Optimizing module regfile.
Optimizing module riscv_core.
Optimizing module singlecycle_control.
Optimizing module singlecycle_ctlpath.
Optimizing module singlecycle_datapath.

29.8.2. Executing OPT_MERGE pass (detect identical cells).
Finding identical cells in module `$paramod$5ef3be0bfad1454aaa6432c4ab405bbd7cbab26b\multiplexer'.
Computing hashes of 9 cells of `$paramod$5ef3be0bfad1454aaa6432c4ab405bbd7cbab26b\multiplexer'.
Finding duplicate cells in `$paramod$5ef3be0bfad1454aaa6432c4ab405bbd7cbab26b\multiplexer'.
Finding identical cells in module `$paramod$6a3d32cf08b5e9a4d56891e3d8781ccd4215c4af\multiplexer'.
Computing hashes of 2 cells of `$paramod$6a3d32cf08b5e9a4d56891e3d8781ccd4215c4af\multiplexer'.
Finding duplicate cells in `$paramod$6a3d32cf08b5e9a4d56891e3d8781ccd4215c4af\multiplexer'.
Finding identical cells in module `$paramod$99da07bf27abaac915a8c95d36d6f2808394e702\multiplexer'.
Computing hashes of 5 cells of `$paramod$99da07bf27abaac915a8c95d36d6f2808394e702\multiplexer'.
Finding duplicate cells in `$paramod$99da07bf27abaac915a8c95d36d6f2808394e702\multiplexer'.
Finding identical cells in module `$paramod$e358a763f16798cd10903dfd37e7986c0fbbe40f\register'.
Computing hashes of 2 cells of `$paramod$e358a763f16798cd10903dfd37e7986c0fbbe40f\register'.
Finding duplicate cells in `$paramod$e358a763f16798cd10903dfd37e7986c0fbbe40f\register'.
Finding identical cells in module `$paramod\adder\WIDTH=s32'00000000000000000000000000100000'.
Computing hashes of 1 cells of `$paramod\adder\WIDTH=s32'00000000000000000000000000100000'.
Finding duplicate cells in `$paramod\adder\WIDTH=s32'00000000000000000000000000100000'.
Finding identical cells in module `$paramod\multiplexer2\WIDTH=s32'00000000000000000000000000100000'.
Computing hashes of 1 cells of `$paramod\multiplexer2\WIDTH=s32'00000000000000000000000000100000'.
Finding duplicate cells in `$paramod\multiplexer2\WIDTH=s32'00000000000000000000000000100000'.
Finding identical cells in module `$paramod\multiplexer4\WIDTH=s32'00000000000000000000000000100000'.
Computing hashes of 1 cells of `$paramod\multiplexer4\WIDTH=s32'00000000000000000000000000100000'.
Finding duplicate cells in `$paramod\multiplexer4\WIDTH=s32'00000000000000000000000000100000'.
Finding identical cells in module `$paramod\multiplexer8\WIDTH=s32'00000000000000000000000000100000'.
Computing hashes of 1 cells of `$paramod\multiplexer8\WIDTH=s32'00000000000000000000000000100000'.
Finding duplicate cells in `$paramod\multiplexer8\WIDTH=s32'00000000000000000000000000100000'.
Finding identical cells in module `\alu'.
Computing hashes of 24 cells of `\alu'.
Finding duplicate cells in `\alu'.
Finding identical cells in module `\alu_control'.
Computing hashes of 22 cells of `\alu_control'.
Finding duplicate cells in `\alu_control'.
Finding identical cells in module `\control_transfer'.
Computing hashes of 10 cells of `\control_transfer'.
Finding duplicate cells in `\control_transfer'.
Finding identical cells in module `\data_memory_interface'.
Computing hashes of 13 cells of `\data_memory_interface'.
Finding duplicate cells in `\data_memory_interface'.
Finding identical cells in module `\immediate_generator'.
Computing hashes of 14 cells of `\immediate_generator'.
Finding duplicate cells in `\immediate_generator'.
Finding identical cells in module `\instruction_decoder'.
Computing hashes of 0 cells of `\instruction_decoder'.
Finding duplicate cells in `\instruction_decoder'.
Finding identical cells in module `\regfile'.
Computing hashes of 11 cells of `\regfile'.
Finding duplicate cells in `\regfile'.
Finding identical cells in module `\riscv_core'.
Computing hashes of 3 cells of `\riscv_core'.
Finding duplicate cells in `\riscv_core'.
Finding identical cells in module `\singlecycle_control'.
Computing hashes of 32 cells of `\singlecycle_control'.
Finding duplicate cells in `\singlecycle_control'.
Finding identical cells in module `\singlecycle_ctlpath'.
Computing hashes of 3 cells of `\singlecycle_ctlpath'.
Finding duplicate cells in `\singlecycle_ctlpath'.
Finding identical cells in module `\singlecycle_datapath'.
Computing hashes of 11 cells of `\singlecycle_datapath'.
Finding duplicate cells in `\singlecycle_datapath'.
Removed a total of 0 cells.

29.8.3. Executing OPT_MUXTREE pass (detect dead branches in mux trees).
Running muxtree optimizer on module $paramod$5ef3be0bfad1454aaa6432c4ab405bbd7cbab26b\multiplexer..
  Creating internal representation of mux trees.
  Evaluating internal representation of mux trees.
  Analyzing evaluation results.
Running muxtree optimizer on module $paramod$6a3d32cf08b5e9a4d56891e3d8781ccd4215c4af\multiplexer..
  Creating internal representation of mux trees.
  Evaluating internal representation of mux trees.
  Analyzing evaluation results.
Running muxtree optimizer on module $paramod$99da07bf27abaac915a8c95d36d6f2808394e702\multiplexer..
  Creating internal representation of mux trees.
  Evaluating internal representation of mux trees.
  Analyzing evaluation results.
Running muxtree optimizer on module $paramod$e358a763f16798cd10903dfd37e7986c0fbbe40f\register..
  Creating internal representation of mux trees.
  Evaluating internal representation of mux trees.
  Analyzing evaluation results.
Running muxtree optimizer on module $paramod\adder\WIDTH=s32'00000000000000000000000000100000..
  Creating internal representation of mux trees.
  No muxes found in this module.
Running muxtree optimizer on module $paramod\multiplexer2\WIDTH=s32'00000000000000000000000000100000..
  Creating internal representation of mux trees.
  No muxes found in this module.
Running muxtree optimizer on module $paramod\multiplexer4\WIDTH=s32'00000000000000000000000000100000..
  Creating internal representation of mux trees.
  No muxes found in this module.
Running muxtree optimizer on module $paramod\multiplexer8\WIDTH=s32'00000000000000000000000000100000..
  Creating internal representation of mux trees.
  No muxes found in this module.
Running muxtree optimizer on module \alu..
  Creating internal representation of mux trees.
  Evaluating internal representation of mux trees.
  Analyzing evaluation results.
Running muxtree optimizer on module \alu_control..
  Creating internal representation of mux trees.
  Evaluating internal representation of mux trees.
  Analyzing evaluation results.
Running muxtree optimizer on module \control_transfer..
  Creating internal representation of mux trees.
  Evaluating internal representation of mux trees.
  Analyzing evaluation results.
Running muxtree optimizer on module \data_memory_interface..
  Creating internal representation of mux trees.
  Evaluating internal representation of mux trees.
  Analyzing evaluation results.
Running muxtree optimizer on module \immediate_generator..
  Creating internal representation of mux trees.
  Evaluating internal representation of mux trees.
  Analyzing evaluation results.
Running muxtree optimizer on module \instruction_decoder..
  Creating internal representation of mux trees.
  No muxes found in this module.
Running muxtree optimizer on module \regfile..
  Creating internal representation of mux trees.
  Evaluating internal representation of mux trees.
  Analyzing evaluation results.
Running muxtree optimizer on module \riscv_core..
  Creating internal representation of mux trees.
  No muxes found in this module.
Running muxtree optimizer on module \singlecycle_control..
  Creating internal representation of mux trees.
  Evaluating internal representation of mux trees.
  Analyzing evaluation results.
Running muxtree optimizer on module \singlecycle_ctlpath..
  Creating internal representation of mux trees.
  No muxes found in this module.
Running muxtree optimizer on module \singlecycle_datapath..
  Creating internal representation of mux trees.
  No muxes found in this module.
Removed 0 multiplexer ports.
<suppressed ~55 debug messages>

29.8.4. Executing OPT_REDUCE pass (consolidate $*mux and $reduce_* inputs).
  Optimizing cells in module $paramod$5ef3be0bfad1454aaa6432c4ab405bbd7cbab26b\multiplexer.
  Optimizing cells in module $paramod$6a3d32cf08b5e9a4d56891e3d8781ccd4215c4af\multiplexer.
  Optimizing cells in module $paramod$99da07bf27abaac915a8c95d36d6f2808394e702\multiplexer.
  Optimizing cells in module $paramod$e358a763f16798cd10903dfd37e7986c0fbbe40f\register.
  Optimizing cells in module $paramod\adder\WIDTH=s32'00000000000000000000000000100000.
  Optimizing cells in module $paramod\multiplexer2\WIDTH=s32'00000000000000000000000000100000.
  Optimizing cells in module $paramod\multiplexer4\WIDTH=s32'00000000000000000000000000100000.
  Optimizing cells in module $paramod\multiplexer8\WIDTH=s32'00000000000000000000000000100000.
  Optimizing cells in module \alu.
  Optimizing cells in module \alu_control.
  Optimizing cells in module \control_transfer.
  Optimizing cells in module \data_memory_interface.
  Optimizing cells in module \immediate_generator.
  Optimizing cells in module \instruction_decoder.
  Optimizing cells in module \regfile.
  Optimizing cells in module \riscv_core.
  Optimizing cells in module \singlecycle_control.
  Optimizing cells in module \singlecycle_ctlpath.
  Optimizing cells in module \singlecycle_datapath.
Performed a total of 0 changes.

29.8.5. Executing OPT_MERGE pass (detect identical cells).
Finding identical cells in module `$paramod$5ef3be0bfad1454aaa6432c4ab405bbd7cbab26b\multiplexer'.
Computing hashes of 9 cells of `$paramod$5ef3be0bfad1454aaa6432c4ab405bbd7cbab26b\multiplexer'.
Finding duplicate cells in `$paramod$5ef3be0bfad1454aaa6432c4ab405bbd7cbab26b\multiplexer'.
Finding identical cells in module `$paramod$6a3d32cf08b5e9a4d56891e3d8781ccd4215c4af\multiplexer'.
Computing hashes of 2 cells of `$paramod$6a3d32cf08b5e9a4d56891e3d8781ccd4215c4af\multiplexer'.
Finding duplicate cells in `$paramod$6a3d32cf08b5e9a4d56891e3d8781ccd4215c4af\multiplexer'.
Finding identical cells in module `$paramod$99da07bf27abaac915a8c95d36d6f2808394e702\multiplexer'.
Computing hashes of 5 cells of `$paramod$99da07bf27abaac915a8c95d36d6f2808394e702\multiplexer'.
Finding duplicate cells in `$paramod$99da07bf27abaac915a8c95d36d6f2808394e702\multiplexer'.
Finding identical cells in module `$paramod$e358a763f16798cd10903dfd37e7986c0fbbe40f\register'.
Computing hashes of 2 cells of `$paramod$e358a763f16798cd10903dfd37e7986c0fbbe40f\register'.
Finding duplicate cells in `$paramod$e358a763f16798cd10903dfd37e7986c0fbbe40f\register'.
Finding identical cells in module `$paramod\adder\WIDTH=s32'00000000000000000000000000100000'.
Computing hashes of 1 cells of `$paramod\adder\WIDTH=s32'00000000000000000000000000100000'.
Finding duplicate cells in `$paramod\adder\WIDTH=s32'00000000000000000000000000100000'.
Finding identical cells in module `$paramod\multiplexer2\WIDTH=s32'00000000000000000000000000100000'.
Computing hashes of 1 cells of `$paramod\multiplexer2\WIDTH=s32'00000000000000000000000000100000'.
Finding duplicate cells in `$paramod\multiplexer2\WIDTH=s32'00000000000000000000000000100000'.
Finding identical cells in module `$paramod\multiplexer4\WIDTH=s32'00000000000000000000000000100000'.
Computing hashes of 1 cells of `$paramod\multiplexer4\WIDTH=s32'00000000000000000000000000100000'.
Finding duplicate cells in `$paramod\multiplexer4\WIDTH=s32'00000000000000000000000000100000'.
Finding identical cells in module `$paramod\multiplexer8\WIDTH=s32'00000000000000000000000000100000'.
Computing hashes of 1 cells of `$paramod\multiplexer8\WIDTH=s32'00000000000000000000000000100000'.
Finding duplicate cells in `$paramod\multiplexer8\WIDTH=s32'00000000000000000000000000100000'.
Finding identical cells in module `\alu'.
Computing hashes of 24 cells of `\alu'.
Finding duplicate cells in `\alu'.
Finding identical cells in module `\alu_control'.
Computing hashes of 22 cells of `\alu_control'.
Finding duplicate cells in `\alu_control'.
Finding identical cells in module `\control_transfer'.
Computing hashes of 10 cells of `\control_transfer'.
Finding duplicate cells in `\control_transfer'.
Finding identical cells in module `\data_memory_interface'.
Computing hashes of 13 cells of `\data_memory_interface'.
Finding duplicate cells in `\data_memory_interface'.
Finding identical cells in module `\immediate_generator'.
Computing hashes of 14 cells of `\immediate_generator'.
Finding duplicate cells in `\immediate_generator'.
Finding identical cells in module `\instruction_decoder'.
Computing hashes of 0 cells of `\instruction_decoder'.
Finding duplicate cells in `\instruction_decoder'.
Finding identical cells in module `\regfile'.
Computing hashes of 11 cells of `\regfile'.
Finding duplicate cells in `\regfile'.
Finding identical cells in module `\riscv_core'.
Computing hashes of 3 cells of `\riscv_core'.
Finding duplicate cells in `\riscv_core'.
Finding identical cells in module `\singlecycle_control'.
Computing hashes of 32 cells of `\singlecycle_control'.
Finding duplicate cells in `\singlecycle_control'.
Finding identical cells in module `\singlecycle_ctlpath'.
Computing hashes of 3 cells of `\singlecycle_ctlpath'.
Finding duplicate cells in `\singlecycle_ctlpath'.
Finding identical cells in module `\singlecycle_datapath'.
Computing hashes of 11 cells of `\singlecycle_datapath'.
Finding duplicate cells in `\singlecycle_datapath'.
Removed a total of 0 cells.

29.8.6. Executing OPT_DFF pass (perform DFF optimizations).
Adding EN signal on $procdff$332 ($adff) from module $paramod$e358a763f16798cd10903dfd37e7986c0fbbe40f\register (D = \next, Q = \value).

29.8.7. Executing OPT_CLEAN pass (remove unused cells and wires).
Finding unused cells or wires in module $paramod$5ef3be0bfad1454aaa6432c4ab405bbd7cbab26b\multiplexer..
Finding unused cells or wires in module $paramod$6a3d32cf08b5e9a4d56891e3d8781ccd4215c4af\multiplexer..
Finding unused cells or wires in module $paramod$99da07bf27abaac915a8c95d36d6f2808394e702\multiplexer..
Finding unused cells or wires in module $paramod$e358a763f16798cd10903dfd37e7986c0fbbe40f\register..
Finding unused cells or wires in module $paramod\adder\WIDTH=s32'00000000000000000000000000100000..
Finding unused cells or wires in module $paramod\multiplexer2\WIDTH=s32'00000000000000000000000000100000..
Finding unused cells or wires in module $paramod\multiplexer4\WIDTH=s32'00000000000000000000000000100000..
Finding unused cells or wires in module $paramod\multiplexer8\WIDTH=s32'00000000000000000000000000100000..
Finding unused cells or wires in module \alu..
Finding unused cells or wires in module \alu_control..
Finding unused cells or wires in module \control_transfer..
Finding unused cells or wires in module \data_memory_interface..
Finding unused cells or wires in module \immediate_generator..
Finding unused cells or wires in module \instruction_decoder..
Finding unused cells or wires in module \regfile..
Finding unused cells or wires in module \riscv_core..
Finding unused cells or wires in module \singlecycle_control..
Finding unused cells or wires in module \singlecycle_ctlpath..
Finding unused cells or wires in module \singlecycle_datapath..
Removed 1 unused cells and 1 unused wires.
<suppressed ~2 debug messages>

29.8.8. Executing OPT_EXPR pass (perform const folding).
Optimizing module $paramod$5ef3be0bfad1454aaa6432c4ab405bbd7cbab26b\multiplexer.
Optimizing module $paramod$6a3d32cf08b5e9a4d56891e3d8781ccd4215c4af\multiplexer.
Optimizing module $paramod$99da07bf27abaac915a8c95d36d6f2808394e702\multiplexer.
Optimizing module $paramod$e358a763f16798cd10903dfd37e7986c0fbbe40f\register.
Optimizing module $paramod\adder\WIDTH=s32'00000000000000000000000000100000.
Optimizing module $paramod\multiplexer2\WIDTH=s32'00000000000000000000000000100000.
Optimizing module $paramod\multiplexer4\WIDTH=s32'00000000000000000000000000100000.
Optimizing module $paramod\multiplexer8\WIDTH=s32'00000000000000000000000000100000.
Optimizing module alu.
Optimizing module alu_control.
Optimizing module control_transfer.
Optimizing module data_memory_interface.
Optimizing module immediate_generator.
Optimizing module instruction_decoder.
Optimizing module regfile.
Optimizing module riscv_core.
Optimizing module singlecycle_control.
Optimizing module singlecycle_ctlpath.
Optimizing module singlecycle_datapath.

29.8.9. Rerunning OPT passes. (Maybe there is more to do..)

29.8.10. Executing OPT_MUXTREE pass (detect dead branches in mux trees).
Running muxtree optimizer on module $paramod$5ef3be0bfad1454aaa6432c4ab405bbd7cbab26b\multiplexer..
  Creating internal representation of mux trees.
  Evaluating internal representation of mux trees.
  Analyzing evaluation results.
Running muxtree optimizer on module $paramod$6a3d32cf08b5e9a4d56891e3d8781ccd4215c4af\multiplexer..
  Creating internal representation of mux trees.
  Evaluating internal representation of mux trees.
  Analyzing evaluation results.
Running muxtree optimizer on module $paramod$99da07bf27abaac915a8c95d36d6f2808394e702\multiplexer..
  Creating internal representation of mux trees.
  Evaluating internal representation of mux trees.
  Analyzing evaluation results.
Running muxtree optimizer on module $paramod$e358a763f16798cd10903dfd37e7986c0fbbe40f\register..
  Creating internal representation of mux trees.
  No muxes found in this module.
Running muxtree optimizer on module $paramod\adder\WIDTH=s32'00000000000000000000000000100000..
  Creating internal representation of mux trees.
  No muxes found in this module.
Running muxtree optimizer on module $paramod\multiplexer2\WIDTH=s32'00000000000000000000000000100000..
  Creating internal representation of mux trees.
  No muxes found in this module.
Running muxtree optimizer on module $paramod\multiplexer4\WIDTH=s32'00000000000000000000000000100000..
  Creating internal representation of mux trees.
  No muxes found in this module.
Running muxtree optimizer on module $paramod\multiplexer8\WIDTH=s32'00000000000000000000000000100000..
  Creating internal representation of mux trees.
  No muxes found in this module.
Running muxtree optimizer on module \alu..
  Creating internal representation of mux trees.
  Evaluating internal representation of mux trees.
  Analyzing evaluation results.
Running muxtree optimizer on module \alu_control..
  Creating internal representation of mux trees.
  Evaluating internal representation of mux trees.
  Analyzing evaluation results.
Running muxtree optimizer on module \control_transfer..
  Creating internal representation of mux trees.
  Evaluating internal representation of mux trees.
  Analyzing evaluation results.
Running muxtree optimizer on module \data_memory_interface..
  Creating internal representation of mux trees.
  Evaluating internal representation of mux trees.
  Analyzing evaluation results.
Running muxtree optimizer on module \immediate_generator..
  Creating internal representation of mux trees.
  Evaluating internal representation of mux trees.
  Analyzing evaluation results.
Running muxtree optimizer on module \instruction_decoder..
  Creating internal representation of mux trees.
  No muxes found in this module.
Running muxtree optimizer on module \regfile..
  Creating internal representation of mux trees.
  Evaluating internal representation of mux trees.
  Analyzing evaluation results.
Running muxtree optimizer on module \riscv_core..
  Creating internal representation of mux trees.
  No muxes found in this module.
Running muxtree optimizer on module \singlecycle_control..
  Creating internal representation of mux trees.
  Evaluating internal representation of mux trees.
  Analyzing evaluation results.
Running muxtree optimizer on module \singlecycle_ctlpath..
  Creating internal representation of mux trees.
  No muxes found in this module.
Running muxtree optimizer on module \singlecycle_datapath..
  Creating internal representation of mux trees.
  No muxes found in this module.
Removed 0 multiplexer ports.
<suppressed ~53 debug messages>

29.8.11. Executing OPT_REDUCE pass (consolidate $*mux and $reduce_* inputs).
  Optimizing cells in module $paramod$5ef3be0bfad1454aaa6432c4ab405bbd7cbab26b\multiplexer.
  Optimizing cells in module $paramod$6a3d32cf08b5e9a4d56891e3d8781ccd4215c4af\multiplexer.
  Optimizing cells in module $paramod$99da07bf27abaac915a8c95d36d6f2808394e702\multiplexer.
  Optimizing cells in module $paramod$e358a763f16798cd10903dfd37e7986c0fbbe40f\register.
  Optimizing cells in module $paramod\adder\WIDTH=s32'00000000000000000000000000100000.
  Optimizing cells in module $paramod\multiplexer2\WIDTH=s32'00000000000000000000000000100000.
  Optimizing cells in module $paramod\multiplexer4\WIDTH=s32'00000000000000000000000000100000.
  Optimizing cells in module $paramod\multiplexer8\WIDTH=s32'00000000000000000000000000100000.
  Optimizing cells in module \alu.
  Optimizing cells in module \alu_control.
  Optimizing cells in module \control_transfer.
  Optimizing cells in module \data_memory_interface.
  Optimizing cells in module \immediate_generator.
  Optimizing cells in module \instruction_decoder.
  Optimizing cells in module \regfile.
  Optimizing cells in module \riscv_core.
  Optimizing cells in module \singlecycle_control.
  Optimizing cells in module \singlecycle_ctlpath.
  Optimizing cells in module \singlecycle_datapath.
Performed a total of 0 changes.

29.8.12. Executing OPT_MERGE pass (detect identical cells).
Finding identical cells in module `$paramod$5ef3be0bfad1454aaa6432c4ab405bbd7cbab26b\multiplexer'.
Computing hashes of 9 cells of `$paramod$5ef3be0bfad1454aaa6432c4ab405bbd7cbab26b\multiplexer'.
Finding duplicate cells in `$paramod$5ef3be0bfad1454aaa6432c4ab405bbd7cbab26b\multiplexer'.
Finding identical cells in module `$paramod$6a3d32cf08b5e9a4d56891e3d8781ccd4215c4af\multiplexer'.
Computing hashes of 2 cells of `$paramod$6a3d32cf08b5e9a4d56891e3d8781ccd4215c4af\multiplexer'.
Finding duplicate cells in `$paramod$6a3d32cf08b5e9a4d56891e3d8781ccd4215c4af\multiplexer'.
Finding identical cells in module `$paramod$99da07bf27abaac915a8c95d36d6f2808394e702\multiplexer'.
Computing hashes of 5 cells of `$paramod$99da07bf27abaac915a8c95d36d6f2808394e702\multiplexer'.
Finding duplicate cells in `$paramod$99da07bf27abaac915a8c95d36d6f2808394e702\multiplexer'.
Finding identical cells in module `$paramod$e358a763f16798cd10903dfd37e7986c0fbbe40f\register'.
Computing hashes of 1 cells of `$paramod$e358a763f16798cd10903dfd37e7986c0fbbe40f\register'.
Finding duplicate cells in `$paramod$e358a763f16798cd10903dfd37e7986c0fbbe40f\register'.
Finding identical cells in module `$paramod\adder\WIDTH=s32'00000000000000000000000000100000'.
Computing hashes of 1 cells of `$paramod\adder\WIDTH=s32'00000000000000000000000000100000'.
Finding duplicate cells in `$paramod\adder\WIDTH=s32'00000000000000000000000000100000'.
Finding identical cells in module `$paramod\multiplexer2\WIDTH=s32'00000000000000000000000000100000'.
Computing hashes of 1 cells of `$paramod\multiplexer2\WIDTH=s32'00000000000000000000000000100000'.
Finding duplicate cells in `$paramod\multiplexer2\WIDTH=s32'00000000000000000000000000100000'.
Finding identical cells in module `$paramod\multiplexer4\WIDTH=s32'00000000000000000000000000100000'.
Computing hashes of 1 cells of `$paramod\multiplexer4\WIDTH=s32'00000000000000000000000000100000'.
Finding duplicate cells in `$paramod\multiplexer4\WIDTH=s32'00000000000000000000000000100000'.
Finding identical cells in module `$paramod\multiplexer8\WIDTH=s32'00000000000000000000000000100000'.
Computing hashes of 1 cells of `$paramod\multiplexer8\WIDTH=s32'00000000000000000000000000100000'.
Finding duplicate cells in `$paramod\multiplexer8\WIDTH=s32'00000000000000000000000000100000'.
Finding identical cells in module `\alu'.
Computing hashes of 24 cells of `\alu'.
Finding duplicate cells in `\alu'.
Finding identical cells in module `\alu_control'.
Computing hashes of 22 cells of `\alu_control'.
Finding duplicate cells in `\alu_control'.
Finding identical cells in module `\control_transfer'.
Computing hashes of 10 cells of `\control_transfer'.
Finding duplicate cells in `\control_transfer'.
Finding identical cells in module `\data_memory_interface'.
Computing hashes of 13 cells of `\data_memory_interface'.
Finding duplicate cells in `\data_memory_interface'.
Finding identical cells in module `\immediate_generator'.
Computing hashes of 14 cells of `\immediate_generator'.
Finding duplicate cells in `\immediate_generator'.
Finding identical cells in module `\instruction_decoder'.
Computing hashes of 0 cells of `\instruction_decoder'.
Finding duplicate cells in `\instruction_decoder'.
Finding identical cells in module `\regfile'.
Computing hashes of 11 cells of `\regfile'.
Finding duplicate cells in `\regfile'.
Finding identical cells in module `\riscv_core'.
Computing hashes of 3 cells of `\riscv_core'.
Finding duplicate cells in `\riscv_core'.
Finding identical cells in module `\singlecycle_control'.
Computing hashes of 32 cells of `\singlecycle_control'.
Finding duplicate cells in `\singlecycle_control'.
Finding identical cells in module `\singlecycle_ctlpath'.
Computing hashes of 3 cells of `\singlecycle_ctlpath'.
Finding duplicate cells in `\singlecycle_ctlpath'.
Finding identical cells in module `\singlecycle_datapath'.
Computing hashes of 11 cells of `\singlecycle_datapath'.
Finding duplicate cells in `\singlecycle_datapath'.
Removed a total of 0 cells.

29.8.13. Executing OPT_DFF pass (perform DFF optimizations).

29.8.14. Executing OPT_CLEAN pass (remove unused cells and wires).
Finding unused cells or wires in module $paramod$5ef3be0bfad1454aaa6432c4ab405bbd7cbab26b\multiplexer..
Finding unused cells or wires in module $paramod$6a3d32cf08b5e9a4d56891e3d8781ccd4215c4af\multiplexer..
Finding unused cells or wires in module $paramod$99da07bf27abaac915a8c95d36d6f2808394e702\multiplexer..
Finding unused cells or wires in module $paramod$e358a763f16798cd10903dfd37e7986c0fbbe40f\register..
Finding unused cells or wires in module $paramod\adder\WIDTH=s32'00000000000000000000000000100000..
Finding unused cells or wires in module $paramod\multiplexer2\WIDTH=s32'00000000000000000000000000100000..
Finding unused cells or wires in module $paramod\multiplexer4\WIDTH=s32'00000000000000000000000000100000..
Finding unused cells or wires in module $paramod\multiplexer8\WIDTH=s32'00000000000000000000000000100000..
Finding unused cells or wires in module \alu..
Finding unused cells or wires in module \alu_control..
Finding unused cells or wires in module \control_transfer..
Finding unused cells or wires in module \data_memory_interface..
Finding unused cells or wires in module \immediate_generator..
Finding unused cells or wires in module \instruction_decoder..
Finding unused cells or wires in module \regfile..
Finding unused cells or wires in module \riscv_core..
Finding unused cells or wires in module \singlecycle_control..
Finding unused cells or wires in module \singlecycle_ctlpath..
Finding unused cells or wires in module \singlecycle_datapath..

29.8.15. Executing OPT_EXPR pass (perform const folding).
Optimizing module $paramod$5ef3be0bfad1454aaa6432c4ab405bbd7cbab26b\multiplexer.
Optimizing module $paramod$6a3d32cf08b5e9a4d56891e3d8781ccd4215c4af\multiplexer.
Optimizing module $paramod$99da07bf27abaac915a8c95d36d6f2808394e702\multiplexer.
Optimizing module $paramod$e358a763f16798cd10903dfd37e7986c0fbbe40f\register.
Optimizing module $paramod\adder\WIDTH=s32'00000000000000000000000000100000.
Optimizing module $paramod\multiplexer2\WIDTH=s32'00000000000000000000000000100000.
Optimizing module $paramod\multiplexer4\WIDTH=s32'00000000000000000000000000100000.
Optimizing module $paramod\multiplexer8\WIDTH=s32'00000000000000000000000000100000.
Optimizing module alu.
Optimizing module alu_control.
Optimizing module control_transfer.
Optimizing module data_memory_interface.
Optimizing module immediate_generator.
Optimizing module instruction_decoder.
Optimizing module regfile.
Optimizing module riscv_core.
Optimizing module singlecycle_control.
Optimizing module singlecycle_ctlpath.
Optimizing module singlecycle_datapath.

29.8.16. Finished fast OPT passes. (There is nothing left to do.)

29.9. Executing WREDUCE pass (reducing word size of cells).
Removed top 1 bits (of 3) from port B of cell $paramod$5ef3be0bfad1454aaa6432c4ab405bbd7cbab26b\multiplexer.$procmux$260_CMP0 ($eq).
Removed top 1 bits (of 3) from port B of cell $paramod$5ef3be0bfad1454aaa6432c4ab405bbd7cbab26b\multiplexer.$procmux$261_CMP0 ($eq).
Removed top 2 bits (of 3) from port B of cell $paramod$5ef3be0bfad1454aaa6432c4ab405bbd7cbab26b\multiplexer.$procmux$262_CMP0 ($eq).
Removed top 1 bits (of 2) from port B of cell $paramod$99da07bf27abaac915a8c95d36d6f2808394e702\multiplexer.$procmux$267_CMP0 ($eq).
Removed top 1 bits (of 5) from port B of cell alu.$procmux$316_CMP0 ($eq).
Removed top 1 bits (of 5) from port B of cell alu.$procmux$317_CMP0 ($eq).
Removed top 1 bits (of 5) from port B of cell alu.$procmux$318_CMP0 ($eq).
Removed top 1 bits (of 5) from port B of cell alu.$procmux$319_CMP0 ($eq).
Removed top 2 bits (of 5) from port B of cell alu.$procmux$320_CMP0 ($eq).
Removed top 2 bits (of 5) from port B of cell alu.$procmux$321_CMP0 ($eq).
Removed top 2 bits (of 5) from port B of cell alu.$procmux$322_CMP0 ($eq).
Removed top 2 bits (of 5) from port B of cell alu.$procmux$323_CMP0 ($eq).
Removed top 3 bits (of 5) from port B of cell alu.$procmux$324_CMP0 ($eq).
Removed top 3 bits (of 5) from port B of cell alu.$procmux$325_CMP0 ($eq).
Removed top 4 bits (of 5) from port B of cell alu.$procmux$326_CMP0 ($eq).
Removed top 29 address bits (of 32) from memory init port alu_control.$auto$mem.cc:351:emit$124 ($auto$proc_rom.cc:155:do_switch$122).
Removed top 1 bits (of 2) from port B of cell alu_control.$eq$/__DESIGN_ROOT__/core/common/alu_control.sv:42$18 ($eq).
Removed top 2 bits (of 3) from port B of cell alu_control.$procmux$296_CMP0 ($eq).
Removed top 1 bits (of 2) from port B of cell alu_control.$procmux$310_CMP0 ($eq).
Removed top 2 bits (of 3) from port B of cell control_transfer.$procmux$288_CMP0 ($eq).
Removed top 27 bits (of 32) from port B of cell data_memory_interface.$shl$/__DESIGN_ROOT__/core/common/data_memory_interface.sv:32$28 ($shl).
Removed top 3 bits (of 4) from port A of cell data_memory_interface.$shl$/__DESIGN_ROOT__/core/common/data_memory_interface.sv:38$30 ($shl).
Removed top 2 bits (of 4) from port A of cell data_memory_interface.$shl$/__DESIGN_ROOT__/core/common/data_memory_interface.sv:39$31 ($shl).
Removed top 27 bits (of 32) from port B of cell data_memory_interface.$shr$/__DESIGN_ROOT__/core/common/data_memory_interface.sv:47$35 ($shr).
Removed top 1 bits (of 2) from port B of cell data_memory_interface.$procmux$275_CMP0 ($eq).
Removed top 2 bits (of 7) from port B of cell immediate_generator.$procmux$251_CMP0 ($eq).
Removed top 1 bits (of 7) from port B of cell immediate_generator.$procmux$251_CMP1 ($eq).
Removed top 1 bits (of 7) from port B of cell immediate_generator.$procmux$253_CMP0 ($eq).
Removed top 1 bits (of 7) from port B of cell immediate_generator.$procmux$253_CMP1 ($eq).
Removed top 5 bits (of 7) from port B of cell immediate_generator.$procmux$254_CMP0 ($eq).
Removed top 4 bits (of 7) from port B of cell immediate_generator.$procmux$254_CMP1 ($eq).
Removed top 2 bits (of 7) from port B of cell immediate_generator.$procmux$254_CMP2 ($eq).
Removed top 27 address bits (of 32) from memory init port regfile.$meminit$\register$/__DESIGN_ROOT__/core/common/regfile.sv:28$84 (register).
Removed top 1 bits (of 2) from mux cell singlecycle_control.$ternary$/__DESIGN_ROOT__/core/singlecycle/singlecycle_control.sv:25$90 ($mux).
Removed top 1 bits (of 7) from port B of cell singlecycle_control.$procmux$129_CMP0 ($eq).
Removed top 1 bits (of 7) from port B of cell singlecycle_control.$procmux$130_CMP0 ($eq).
Removed top 2 bits (of 7) from port B of cell singlecycle_control.$procmux$131_CMP0 ($eq).
Removed top 2 bits (of 7) from port B of cell singlecycle_control.$procmux$132_CMP0 ($eq).
Removed top 5 bits (of 7) from port B of cell singlecycle_control.$procmux$133_CMP0 ($eq).
Removed top 1 bits (of 7) from port B of cell singlecycle_control.$procmux$141_CMP0 ($eq).
Removed top 3 bits (of 7) from port B of cell singlecycle_control.$procmux$144_CMP0 ($eq).
Removed top 1 bits (of 2) from wire singlecycle_control.$ternary$/__DESIGN_ROOT__/core/singlecycle/singlecycle_control.sv:25$90_Y.

29.10. Executing PEEPOPT pass (run peephole optimizers).

29.11. Executing OPT_CLEAN pass (remove unused cells and wires).
Finding unused cells or wires in module $paramod$5ef3be0bfad1454aaa6432c4ab405bbd7cbab26b\multiplexer..
Finding unused cells or wires in module $paramod$6a3d32cf08b5e9a4d56891e3d8781ccd4215c4af\multiplexer..
Finding unused cells or wires in module $paramod$99da07bf27abaac915a8c95d36d6f2808394e702\multiplexer..
Finding unused cells or wires in module $paramod$e358a763f16798cd10903dfd37e7986c0fbbe40f\register..
Finding unused cells or wires in module $paramod\adder\WIDTH=s32'00000000000000000000000000100000..
Finding unused cells or wires in module $paramod\multiplexer2\WIDTH=s32'00000000000000000000000000100000..
Finding unused cells or wires in module $paramod\multiplexer4\WIDTH=s32'00000000000000000000000000100000..
Finding unused cells or wires in module $paramod\multiplexer8\WIDTH=s32'00000000000000000000000000100000..
Finding unused cells or wires in module \alu..
Finding unused cells or wires in module \alu_control..
Finding unused cells or wires in module \control_transfer..
Finding unused cells or wires in module \data_memory_interface..
Finding unused cells or wires in module \immediate_generator..
Finding unused cells or wires in module \instruction_decoder..
Finding unused cells or wires in module \regfile..
Finding unused cells or wires in module \riscv_core..
Finding unused cells or wires in module \singlecycle_control..
Finding unused cells or wires in module \singlecycle_ctlpath..
Finding unused cells or wires in module \singlecycle_datapath..
Removed 0 unused cells and 1 unused wires.
<suppressed ~1 debug messages>

29.12. Executing ALUMACC pass (create $alu and $macc cells).
Extracting $alu and $macc cells in module $paramod$5ef3be0bfad1454aaa6432c4ab405bbd7cbab26b\multiplexer:
  created 0 $alu and 0 $macc cells.
Extracting $alu and $macc cells in module $paramod$6a3d32cf08b5e9a4d56891e3d8781ccd4215c4af\multiplexer:
  created 0 $alu and 0 $macc cells.
Extracting $alu and $macc cells in module $paramod$99da07bf27abaac915a8c95d36d6f2808394e702\multiplexer:
  created 0 $alu and 0 $macc cells.
Extracting $alu and $macc cells in module $paramod$e358a763f16798cd10903dfd37e7986c0fbbe40f\register:
  created 0 $alu and 0 $macc cells.
Extracting $alu and $macc cells in module $paramod\adder\WIDTH=s32'00000000000000000000000000100000:
  creating $macc model for $add$/__DESIGN_ROOT__/core/common/adder.sv:17$120 ($add).
  creating $alu model for $macc $add$/__DESIGN_ROOT__/core/common/adder.sv:17$120.
  creating $alu cell for $add$/__DESIGN_ROOT__/core/common/adder.sv:17$120: $auto$alumacc.cc:512:replace_alu$370
  created 1 $alu and 0 $macc cells.
Extracting $alu and $macc cells in module $paramod\multiplexer2\WIDTH=s32'00000000000000000000000000100000:
  created 0 $alu and 0 $macc cells.
Extracting $alu and $macc cells in module $paramod\multiplexer4\WIDTH=s32'00000000000000000000000000100000:
  created 0 $alu and 0 $macc cells.
Extracting $alu and $macc cells in module $paramod\multiplexer8\WIDTH=s32'00000000000000000000000000100000:
  created 0 $alu and 0 $macc cells.
Extracting $alu and $macc cells in module alu:
  creating $macc model for $add$/__DESIGN_ROOT__/core/common/alu.sv:28$4 ($add).
  creating $macc model for $sub$/__DESIGN_ROOT__/core/common/alu.sv:29$5 ($sub).
  creating $alu model for $macc $sub$/__DESIGN_ROOT__/core/common/alu.sv:29$5.
  creating $alu model for $macc $add$/__DESIGN_ROOT__/core/common/alu.sv:28$4.
  creating $alu model for $lt$/__DESIGN_ROOT__/core/common/alu.sv:34$10 ($lt): merged with $sub$/__DESIGN_ROOT__/core/common/alu.sv:29$5.
  creating $alu model for $lt$/__DESIGN_ROOT__/core/common/alu.sv:35$11 ($lt): merged with $sub$/__DESIGN_ROOT__/core/common/alu.sv:29$5.
  creating $alu model for $eq$/__DESIGN_ROOT__/core/common/alu.sv:33$9 ($eq): merged with $sub$/__DESIGN_ROOT__/core/common/alu.sv:29$5.
  creating $alu cell for $add$/__DESIGN_ROOT__/core/common/alu.sv:28$4: $auto$alumacc.cc:512:replace_alu$373
  creating $alu cell for $sub$/__DESIGN_ROOT__/core/common/alu.sv:29$5, $lt$/__DESIGN_ROOT__/core/common/alu.sv:34$10, $lt$/__DESIGN_ROOT__/core/common/alu.sv:35$11, $eq$/__DESIGN_ROOT__/core/common/alu.sv:33$9: $auto$alumacc.cc:512:replace_alu$376
  created 2 $alu and 0 $macc cells.
Extracting $alu and $macc cells in module alu_control:
  created 0 $alu and 0 $macc cells.
Extracting $alu and $macc cells in module control_transfer:
  created 0 $alu and 0 $macc cells.
Extracting $alu and $macc cells in module data_memory_interface:
  created 0 $alu and 0 $macc cells.
Extracting $alu and $macc cells in module immediate_generator:
  created 0 $alu and 0 $macc cells.
Extracting $alu and $macc cells in module instruction_decoder:
  created 0 $alu and 0 $macc cells.
Extracting $alu and $macc cells in module regfile:
  created 0 $alu and 0 $macc cells.
Extracting $alu and $macc cells in module riscv_core:
  created 0 $alu and 0 $macc cells.
Extracting $alu and $macc cells in module singlecycle_control:
  created 0 $alu and 0 $macc cells.
Extracting $alu and $macc cells in module singlecycle_ctlpath:
  created 0 $alu and 0 $macc cells.
Extracting $alu and $macc cells in module singlecycle_datapath:
  created 0 $alu and 0 $macc cells.

29.13. Executing SHARE pass (SAT-based resource sharing).
Found 3 cells in module alu that may be considered for resource sharing.
  Analyzing resource sharing options for $sshr$/__DESIGN_ROOT__/core/common/alu.sv:32$8 ($sshr):
    Found 1 activation_patterns using ctrl signal $procmux$322_CMP.
    No candidates found.
  Analyzing resource sharing options for $shr$/__DESIGN_ROOT__/core/common/alu.sv:31$7 ($shr):
    Found 1 activation_patterns using ctrl signal $procmux$323_CMP.
    No candidates found.
  Analyzing resource sharing options for $shl$/__DESIGN_ROOT__/core/common/alu.sv:30$6 ($shl):
    Found 1 activation_patterns using ctrl signal $procmux$324_CMP.
    No candidates found.

29.14. Executing OPT pass (performing simple optimizations).

29.14.1. Executing OPT_EXPR pass (perform const folding).
Optimizing module $paramod$5ef3be0bfad1454aaa6432c4ab405bbd7cbab26b\multiplexer.
Optimizing module $paramod$6a3d32cf08b5e9a4d56891e3d8781ccd4215c4af\multiplexer.
Optimizing module $paramod$99da07bf27abaac915a8c95d36d6f2808394e702\multiplexer.
Optimizing module $paramod$e358a763f16798cd10903dfd37e7986c0fbbe40f\register.
Optimizing module $paramod\adder\WIDTH=s32'00000000000000000000000000100000.
Optimizing module $paramod\multiplexer2\WIDTH=s32'00000000000000000000000000100000.
Optimizing module $paramod\multiplexer4\WIDTH=s32'00000000000000000000000000100000.
Optimizing module $paramod\multiplexer8\WIDTH=s32'00000000000000000000000000100000.
Optimizing module alu.
Optimizing module alu_control.
Optimizing module control_transfer.
Optimizing module data_memory_interface.
Optimizing module immediate_generator.
Optimizing module instruction_decoder.
Optimizing module regfile.
Optimizing module riscv_core.
Optimizing module singlecycle_control.
Optimizing module singlecycle_ctlpath.
Optimizing module singlecycle_datapath.

29.14.2. Executing OPT_MERGE pass (detect identical cells).
Finding identical cells in module `$paramod$5ef3be0bfad1454aaa6432c4ab405bbd7cbab26b\multiplexer'.
Computing hashes of 9 cells of `$paramod$5ef3be0bfad1454aaa6432c4ab405bbd7cbab26b\multiplexer'.
Finding duplicate cells in `$paramod$5ef3be0bfad1454aaa6432c4ab405bbd7cbab26b\multiplexer'.
Finding identical cells in module `$paramod$6a3d32cf08b5e9a4d56891e3d8781ccd4215c4af\multiplexer'.
Computing hashes of 2 cells of `$paramod$6a3d32cf08b5e9a4d56891e3d8781ccd4215c4af\multiplexer'.
Finding duplicate cells in `$paramod$6a3d32cf08b5e9a4d56891e3d8781ccd4215c4af\multiplexer'.
Finding identical cells in module `$paramod$99da07bf27abaac915a8c95d36d6f2808394e702\multiplexer'.
Computing hashes of 5 cells of `$paramod$99da07bf27abaac915a8c95d36d6f2808394e702\multiplexer'.
Finding duplicate cells in `$paramod$99da07bf27abaac915a8c95d36d6f2808394e702\multiplexer'.
Finding identical cells in module `$paramod$e358a763f16798cd10903dfd37e7986c0fbbe40f\register'.
Computing hashes of 1 cells of `$paramod$e358a763f16798cd10903dfd37e7986c0fbbe40f\register'.
Finding duplicate cells in `$paramod$e358a763f16798cd10903dfd37e7986c0fbbe40f\register'.
Finding identical cells in module `$paramod\adder\WIDTH=s32'00000000000000000000000000100000'.
Computing hashes of 1 cells of `$paramod\adder\WIDTH=s32'00000000000000000000000000100000'.
Finding duplicate cells in `$paramod\adder\WIDTH=s32'00000000000000000000000000100000'.
Finding identical cells in module `$paramod\multiplexer2\WIDTH=s32'00000000000000000000000000100000'.
Computing hashes of 1 cells of `$paramod\multiplexer2\WIDTH=s32'00000000000000000000000000100000'.
Finding duplicate cells in `$paramod\multiplexer2\WIDTH=s32'00000000000000000000000000100000'.
Finding identical cells in module `$paramod\multiplexer4\WIDTH=s32'00000000000000000000000000100000'.
Computing hashes of 1 cells of `$paramod\multiplexer4\WIDTH=s32'00000000000000000000000000100000'.
Finding duplicate cells in `$paramod\multiplexer4\WIDTH=s32'00000000000000000000000000100000'.
Finding identical cells in module `$paramod\multiplexer8\WIDTH=s32'00000000000000000000000000100000'.
Computing hashes of 1 cells of `$paramod\multiplexer8\WIDTH=s32'00000000000000000000000000100000'.
Finding duplicate cells in `$paramod\multiplexer8\WIDTH=s32'00000000000000000000000000100000'.
Finding identical cells in module `\alu'.
Computing hashes of 25 cells of `\alu'.
Finding duplicate cells in `\alu'.
Finding identical cells in module `\alu_control'.
Computing hashes of 22 cells of `\alu_control'.
Finding duplicate cells in `\alu_control'.
Finding identical cells in module `\control_transfer'.
Computing hashes of 10 cells of `\control_transfer'.
Finding duplicate cells in `\control_transfer'.
Finding identical cells in module `\data_memory_interface'.
Computing hashes of 13 cells of `\data_memory_interface'.
Finding duplicate cells in `\data_memory_interface'.
Finding identical cells in module `\immediate_generator'.
Computing hashes of 14 cells of `\immediate_generator'.
Finding duplicate cells in `\immediate_generator'.
Finding identical cells in module `\instruction_decoder'.
Computing hashes of 0 cells of `\instruction_decoder'.
Finding duplicate cells in `\instruction_decoder'.
Finding identical cells in module `\regfile'.
Computing hashes of 11 cells of `\regfile'.
Finding duplicate cells in `\regfile'.
Finding identical cells in module `\riscv_core'.
Computing hashes of 3 cells of `\riscv_core'.
Finding duplicate cells in `\riscv_core'.
Finding identical cells in module `\singlecycle_control'.
Computing hashes of 32 cells of `\singlecycle_control'.
Finding duplicate cells in `\singlecycle_control'.
Finding identical cells in module `\singlecycle_ctlpath'.
Computing hashes of 3 cells of `\singlecycle_ctlpath'.
Finding duplicate cells in `\singlecycle_ctlpath'.
Finding identical cells in module `\singlecycle_datapath'.
Computing hashes of 11 cells of `\singlecycle_datapath'.
Finding duplicate cells in `\singlecycle_datapath'.
Removed a total of 0 cells.

29.14.3. Executing OPT_MUXTREE pass (detect dead branches in mux trees).
Running muxtree optimizer on module $paramod$5ef3be0bfad1454aaa6432c4ab405bbd7cbab26b\multiplexer..
  Creating internal representation of mux trees.
  Evaluating internal representation of mux trees.
  Analyzing evaluation results.
Running muxtree optimizer on module $paramod$6a3d32cf08b5e9a4d56891e3d8781ccd4215c4af\multiplexer..
  Creating internal representation of mux trees.
  Evaluating internal representation of mux trees.
  Analyzing evaluation results.
Running muxtree optimizer on module $paramod$99da07bf27abaac915a8c95d36d6f2808394e702\multiplexer..
  Creating internal representation of mux trees.
  Evaluating internal representation of mux trees.
  Analyzing evaluation results.
Running muxtree optimizer on module $paramod$e358a763f16798cd10903dfd37e7986c0fbbe40f\register..
  Creating internal representation of mux trees.
  No muxes found in this module.
Running muxtree optimizer on module $paramod\adder\WIDTH=s32'00000000000000000000000000100000..
  Creating internal representation of mux trees.
  No muxes found in this module.
Running muxtree optimizer on module $paramod\multiplexer2\WIDTH=s32'00000000000000000000000000100000..
  Creating internal representation of mux trees.
  No muxes found in this module.
Running muxtree optimizer on module $paramod\multiplexer4\WIDTH=s32'00000000000000000000000000100000..
  Creating internal representation of mux trees.
  No muxes found in this module.
Running muxtree optimizer on module $paramod\multiplexer8\WIDTH=s32'00000000000000000000000000100000..
  Creating internal representation of mux trees.
  No muxes found in this module.
Running muxtree optimizer on module \alu..
  Creating internal representation of mux trees.
  Evaluating internal representation of mux trees.
  Analyzing evaluation results.
Running muxtree optimizer on module \alu_control..
  Creating internal representation of mux trees.
  Evaluating internal representation of mux trees.
  Analyzing evaluation results.
Running muxtree optimizer on module \control_transfer..
  Creating internal representation of mux trees.
  Evaluating internal representation of mux trees.
  Analyzing evaluation results.
Running muxtree optimizer on module \data_memory_interface..
  Creating internal representation of mux trees.
  Evaluating internal representation of mux trees.
  Analyzing evaluation results.
Running muxtree optimizer on module \immediate_generator..
  Creating internal representation of mux trees.
  Evaluating internal representation of mux trees.
  Analyzing evaluation results.
Running muxtree optimizer on module \instruction_decoder..
  Creating internal representation of mux trees.
  No muxes found in this module.
Running muxtree optimizer on module \regfile..
  Creating internal representation of mux trees.
  Evaluating internal representation of mux trees.
  Analyzing evaluation results.
Running muxtree optimizer on module \riscv_core..
  Creating internal representation of mux trees.
  No muxes found in this module.
Running muxtree optimizer on module \singlecycle_control..
  Creating internal representation of mux trees.
  Evaluating internal representation of mux trees.
  Analyzing evaluation results.
Running muxtree optimizer on module \singlecycle_ctlpath..
  Creating internal representation of mux trees.
  No muxes found in this module.
Running muxtree optimizer on module \singlecycle_datapath..
  Creating internal representation of mux trees.
  No muxes found in this module.
Removed 0 multiplexer ports.
<suppressed ~53 debug messages>

29.14.4. Executing OPT_REDUCE pass (consolidate $*mux and $reduce_* inputs).
  Optimizing cells in module $paramod$5ef3be0bfad1454aaa6432c4ab405bbd7cbab26b\multiplexer.
  Optimizing cells in module $paramod$6a3d32cf08b5e9a4d56891e3d8781ccd4215c4af\multiplexer.
  Optimizing cells in module $paramod$99da07bf27abaac915a8c95d36d6f2808394e702\multiplexer.
  Optimizing cells in module $paramod$e358a763f16798cd10903dfd37e7986c0fbbe40f\register.
  Optimizing cells in module $paramod\adder\WIDTH=s32'00000000000000000000000000100000.
  Optimizing cells in module $paramod\multiplexer2\WIDTH=s32'00000000000000000000000000100000.
  Optimizing cells in module $paramod\multiplexer4\WIDTH=s32'00000000000000000000000000100000.
  Optimizing cells in module $paramod\multiplexer8\WIDTH=s32'00000000000000000000000000100000.
  Optimizing cells in module \alu.
  Optimizing cells in module \alu_control.
  Optimizing cells in module \control_transfer.
  Optimizing cells in module \data_memory_interface.
  Optimizing cells in module \immediate_generator.
  Optimizing cells in module \instruction_decoder.
  Optimizing cells in module \regfile.
  Optimizing cells in module \riscv_core.
  Optimizing cells in module \singlecycle_control.
  Optimizing cells in module \singlecycle_ctlpath.
  Optimizing cells in module \singlecycle_datapath.
Performed a total of 0 changes.

29.14.5. Executing OPT_MERGE pass (detect identical cells).
Finding identical cells in module `$paramod$5ef3be0bfad1454aaa6432c4ab405bbd7cbab26b\multiplexer'.
Computing hashes of 9 cells of `$paramod$5ef3be0bfad1454aaa6432c4ab405bbd7cbab26b\multiplexer'.
Finding duplicate cells in `$paramod$5ef3be0bfad1454aaa6432c4ab405bbd7cbab26b\multiplexer'.
Finding identical cells in module `$paramod$6a3d32cf08b5e9a4d56891e3d8781ccd4215c4af\multiplexer'.
Computing hashes of 2 cells of `$paramod$6a3d32cf08b5e9a4d56891e3d8781ccd4215c4af\multiplexer'.
Finding duplicate cells in `$paramod$6a3d32cf08b5e9a4d56891e3d8781ccd4215c4af\multiplexer'.
Finding identical cells in module `$paramod$99da07bf27abaac915a8c95d36d6f2808394e702\multiplexer'.
Computing hashes of 5 cells of `$paramod$99da07bf27abaac915a8c95d36d6f2808394e702\multiplexer'.
Finding duplicate cells in `$paramod$99da07bf27abaac915a8c95d36d6f2808394e702\multiplexer'.
Finding identical cells in module `$paramod$e358a763f16798cd10903dfd37e7986c0fbbe40f\register'.
Computing hashes of 1 cells of `$paramod$e358a763f16798cd10903dfd37e7986c0fbbe40f\register'.
Finding duplicate cells in `$paramod$e358a763f16798cd10903dfd37e7986c0fbbe40f\register'.
Finding identical cells in module `$paramod\adder\WIDTH=s32'00000000000000000000000000100000'.
Computing hashes of 1 cells of `$paramod\adder\WIDTH=s32'00000000000000000000000000100000'.
Finding duplicate cells in `$paramod\adder\WIDTH=s32'00000000000000000000000000100000'.
Finding identical cells in module `$paramod\multiplexer2\WIDTH=s32'00000000000000000000000000100000'.
Computing hashes of 1 cells of `$paramod\multiplexer2\WIDTH=s32'00000000000000000000000000100000'.
Finding duplicate cells in `$paramod\multiplexer2\WIDTH=s32'00000000000000000000000000100000'.
Finding identical cells in module `$paramod\multiplexer4\WIDTH=s32'00000000000000000000000000100000'.
Computing hashes of 1 cells of `$paramod\multiplexer4\WIDTH=s32'00000000000000000000000000100000'.
Finding duplicate cells in `$paramod\multiplexer4\WIDTH=s32'00000000000000000000000000100000'.
Finding identical cells in module `$paramod\multiplexer8\WIDTH=s32'00000000000000000000000000100000'.
Computing hashes of 1 cells of `$paramod\multiplexer8\WIDTH=s32'00000000000000000000000000100000'.
Finding duplicate cells in `$paramod\multiplexer8\WIDTH=s32'00000000000000000000000000100000'.
Finding identical cells in module `\alu'.
Computing hashes of 25 cells of `\alu'.
Finding duplicate cells in `\alu'.
Finding identical cells in module `\alu_control'.
Computing hashes of 22 cells of `\alu_control'.
Finding duplicate cells in `\alu_control'.
Finding identical cells in module `\control_transfer'.
Computing hashes of 10 cells of `\control_transfer'.
Finding duplicate cells in `\control_transfer'.
Finding identical cells in module `\data_memory_interface'.
Computing hashes of 13 cells of `\data_memory_interface'.
Finding duplicate cells in `\data_memory_interface'.
Finding identical cells in module `\immediate_generator'.
Computing hashes of 14 cells of `\immediate_generator'.
Finding duplicate cells in `\immediate_generator'.
Finding identical cells in module `\instruction_decoder'.
Computing hashes of 0 cells of `\instruction_decoder'.
Finding duplicate cells in `\instruction_decoder'.
Finding identical cells in module `\regfile'.
Computing hashes of 11 cells of `\regfile'.
Finding duplicate cells in `\regfile'.
Finding identical cells in module `\riscv_core'.
Computing hashes of 3 cells of `\riscv_core'.
Finding duplicate cells in `\riscv_core'.
Finding identical cells in module `\singlecycle_control'.
Computing hashes of 32 cells of `\singlecycle_control'.
Finding duplicate cells in `\singlecycle_control'.
Finding identical cells in module `\singlecycle_ctlpath'.
Computing hashes of 3 cells of `\singlecycle_ctlpath'.
Finding duplicate cells in `\singlecycle_ctlpath'.
Finding identical cells in module `\singlecycle_datapath'.
Computing hashes of 11 cells of `\singlecycle_datapath'.
Finding duplicate cells in `\singlecycle_datapath'.
Removed a total of 0 cells.

29.14.6. Executing OPT_DFF pass (perform DFF optimizations).

29.14.7. Executing OPT_CLEAN pass (remove unused cells and wires).
Finding unused cells or wires in module $paramod$5ef3be0bfad1454aaa6432c4ab405bbd7cbab26b\multiplexer..
Finding unused cells or wires in module $paramod$6a3d32cf08b5e9a4d56891e3d8781ccd4215c4af\multiplexer..
Finding unused cells or wires in module $paramod$99da07bf27abaac915a8c95d36d6f2808394e702\multiplexer..
Finding unused cells or wires in module $paramod$e358a763f16798cd10903dfd37e7986c0fbbe40f\register..
Finding unused cells or wires in module $paramod\adder\WIDTH=s32'00000000000000000000000000100000..
Finding unused cells or wires in module $paramod\multiplexer2\WIDTH=s32'00000000000000000000000000100000..
Finding unused cells or wires in module $paramod\multiplexer4\WIDTH=s32'00000000000000000000000000100000..
Finding unused cells or wires in module $paramod\multiplexer8\WIDTH=s32'00000000000000000000000000100000..
Finding unused cells or wires in module \alu..
Finding unused cells or wires in module \alu_control..
Finding unused cells or wires in module \control_transfer..
Finding unused cells or wires in module \data_memory_interface..
Finding unused cells or wires in module \immediate_generator..
Finding unused cells or wires in module \instruction_decoder..
Finding unused cells or wires in module \regfile..
Finding unused cells or wires in module \riscv_core..
Finding unused cells or wires in module \singlecycle_control..
Finding unused cells or wires in module \singlecycle_ctlpath..
Finding unused cells or wires in module \singlecycle_datapath..
Removed 0 unused cells and 3 unused wires.
<suppressed ~1 debug messages>

29.14.8. Executing OPT_EXPR pass (perform const folding).
Optimizing module $paramod$5ef3be0bfad1454aaa6432c4ab405bbd7cbab26b\multiplexer.
Optimizing module $paramod$6a3d32cf08b5e9a4d56891e3d8781ccd4215c4af\multiplexer.
Optimizing module $paramod$99da07bf27abaac915a8c95d36d6f2808394e702\multiplexer.
Optimizing module $paramod$e358a763f16798cd10903dfd37e7986c0fbbe40f\register.
Optimizing module $paramod\adder\WIDTH=s32'00000000000000000000000000100000.
Optimizing module $paramod\multiplexer2\WIDTH=s32'00000000000000000000000000100000.
Optimizing module $paramod\multiplexer4\WIDTH=s32'00000000000000000000000000100000.
Optimizing module $paramod\multiplexer8\WIDTH=s32'00000000000000000000000000100000.
Optimizing module alu.
Optimizing module alu_control.
Optimizing module control_transfer.
Optimizing module data_memory_interface.
Optimizing module immediate_generator.
Optimizing module instruction_decoder.
Optimizing module regfile.
Optimizing module riscv_core.
Optimizing module singlecycle_control.
Optimizing module singlecycle_ctlpath.
Optimizing module singlecycle_datapath.

29.14.9. Rerunning OPT passes. (Maybe there is more to do..)

29.14.10. Executing OPT_MUXTREE pass (detect dead branches in mux trees).
Running muxtree optimizer on module $paramod$5ef3be0bfad1454aaa6432c4ab405bbd7cbab26b\multiplexer..
  Creating internal representation of mux trees.
  Evaluating internal representation of mux trees.
  Analyzing evaluation results.
Running muxtree optimizer on module $paramod$6a3d32cf08b5e9a4d56891e3d8781ccd4215c4af\multiplexer..
  Creating internal representation of mux trees.
  Evaluating internal representation of mux trees.
  Analyzing evaluation results.
Running muxtree optimizer on module $paramod$99da07bf27abaac915a8c95d36d6f2808394e702\multiplexer..
  Creating internal representation of mux trees.
  Evaluating internal representation of mux trees.
  Analyzing evaluation results.
Running muxtree optimizer on module $paramod$e358a763f16798cd10903dfd37e7986c0fbbe40f\register..
  Creating internal representation of mux trees.
  No muxes found in this module.
Running muxtree optimizer on module $paramod\adder\WIDTH=s32'00000000000000000000000000100000..
  Creating internal representation of mux trees.
  No muxes found in this module.
Running muxtree optimizer on module $paramod\multiplexer2\WIDTH=s32'00000000000000000000000000100000..
  Creating internal representation of mux trees.
  No muxes found in this module.
Running muxtree optimizer on module $paramod\multiplexer4\WIDTH=s32'00000000000000000000000000100000..
  Creating internal representation of mux trees.
  No muxes found in this module.
Running muxtree optimizer on module $paramod\multiplexer8\WIDTH=s32'00000000000000000000000000100000..
  Creating internal representation of mux trees.
  No muxes found in this module.
Running muxtree optimizer on module \alu..
  Creating internal representation of mux trees.
  Evaluating internal representation of mux trees.
  Analyzing evaluation results.
Running muxtree optimizer on module \alu_control..
  Creating internal representation of mux trees.
  Evaluating internal representation of mux trees.
  Analyzing evaluation results.
Running muxtree optimizer on module \control_transfer..
  Creating internal representation of mux trees.
  Evaluating internal representation of mux trees.
  Analyzing evaluation results.
Running muxtree optimizer on module \data_memory_interface..
  Creating internal representation of mux trees.
  Evaluating internal representation of mux trees.
  Analyzing evaluation results.
Running muxtree optimizer on module \immediate_generator..
  Creating internal representation of mux trees.
  Evaluating internal representation of mux trees.
  Analyzing evaluation results.
Running muxtree optimizer on module \instruction_decoder..
  Creating internal representation of mux trees.
  No muxes found in this module.
Running muxtree optimizer on module \regfile..
  Creating internal representation of mux trees.
  Evaluating internal representation of mux trees.
  Analyzing evaluation results.
Running muxtree optimizer on module \riscv_core..
  Creating internal representation of mux trees.
  No muxes found in this module.
Running muxtree optimizer on module \singlecycle_control..
  Creating internal representation of mux trees.
  Evaluating internal representation of mux trees.
  Analyzing evaluation results.
Running muxtree optimizer on module \singlecycle_ctlpath..
  Creating internal representation of mux trees.
  No muxes found in this module.
Running muxtree optimizer on module \singlecycle_datapath..
  Creating internal representation of mux trees.
  No muxes found in this module.
Removed 0 multiplexer ports.
<suppressed ~53 debug messages>

29.14.11. Executing OPT_REDUCE pass (consolidate $*mux and $reduce_* inputs).
  Optimizing cells in module $paramod$5ef3be0bfad1454aaa6432c4ab405bbd7cbab26b\multiplexer.
  Optimizing cells in module $paramod$6a3d32cf08b5e9a4d56891e3d8781ccd4215c4af\multiplexer.
  Optimizing cells in module $paramod$99da07bf27abaac915a8c95d36d6f2808394e702\multiplexer.
  Optimizing cells in module $paramod$e358a763f16798cd10903dfd37e7986c0fbbe40f\register.
  Optimizing cells in module $paramod\adder\WIDTH=s32'00000000000000000000000000100000.
  Optimizing cells in module $paramod\multiplexer2\WIDTH=s32'00000000000000000000000000100000.
  Optimizing cells in module $paramod\multiplexer4\WIDTH=s32'00000000000000000000000000100000.
  Optimizing cells in module $paramod\multiplexer8\WIDTH=s32'00000000000000000000000000100000.
  Optimizing cells in module \alu.
  Optimizing cells in module \alu_control.
  Optimizing cells in module \control_transfer.
  Optimizing cells in module \data_memory_interface.
  Optimizing cells in module \immediate_generator.
  Optimizing cells in module \instruction_decoder.
  Optimizing cells in module \regfile.
  Optimizing cells in module \riscv_core.
  Optimizing cells in module \singlecycle_control.
  Optimizing cells in module \singlecycle_ctlpath.
  Optimizing cells in module \singlecycle_datapath.
Performed a total of 0 changes.

29.14.12. Executing OPT_MERGE pass (detect identical cells).
Finding identical cells in module `$paramod$5ef3be0bfad1454aaa6432c4ab405bbd7cbab26b\multiplexer'.
Computing hashes of 9 cells of `$paramod$5ef3be0bfad1454aaa6432c4ab405bbd7cbab26b\multiplexer'.
Finding duplicate cells in `$paramod$5ef3be0bfad1454aaa6432c4ab405bbd7cbab26b\multiplexer'.
Finding identical cells in module `$paramod$6a3d32cf08b5e9a4d56891e3d8781ccd4215c4af\multiplexer'.
Computing hashes of 2 cells of `$paramod$6a3d32cf08b5e9a4d56891e3d8781ccd4215c4af\multiplexer'.
Finding duplicate cells in `$paramod$6a3d32cf08b5e9a4d56891e3d8781ccd4215c4af\multiplexer'.
Finding identical cells in module `$paramod$99da07bf27abaac915a8c95d36d6f2808394e702\multiplexer'.
Computing hashes of 5 cells of `$paramod$99da07bf27abaac915a8c95d36d6f2808394e702\multiplexer'.
Finding duplicate cells in `$paramod$99da07bf27abaac915a8c95d36d6f2808394e702\multiplexer'.
Finding identical cells in module `$paramod$e358a763f16798cd10903dfd37e7986c0fbbe40f\register'.
Computing hashes of 1 cells of `$paramod$e358a763f16798cd10903dfd37e7986c0fbbe40f\register'.
Finding duplicate cells in `$paramod$e358a763f16798cd10903dfd37e7986c0fbbe40f\register'.
Finding identical cells in module `$paramod\adder\WIDTH=s32'00000000000000000000000000100000'.
Computing hashes of 1 cells of `$paramod\adder\WIDTH=s32'00000000000000000000000000100000'.
Finding duplicate cells in `$paramod\adder\WIDTH=s32'00000000000000000000000000100000'.
Finding identical cells in module `$paramod\multiplexer2\WIDTH=s32'00000000000000000000000000100000'.
Computing hashes of 1 cells of `$paramod\multiplexer2\WIDTH=s32'00000000000000000000000000100000'.
Finding duplicate cells in `$paramod\multiplexer2\WIDTH=s32'00000000000000000000000000100000'.
Finding identical cells in module `$paramod\multiplexer4\WIDTH=s32'00000000000000000000000000100000'.
Computing hashes of 1 cells of `$paramod\multiplexer4\WIDTH=s32'00000000000000000000000000100000'.
Finding duplicate cells in `$paramod\multiplexer4\WIDTH=s32'00000000000000000000000000100000'.
Finding identical cells in module `$paramod\multiplexer8\WIDTH=s32'00000000000000000000000000100000'.
Computing hashes of 1 cells of `$paramod\multiplexer8\WIDTH=s32'00000000000000000000000000100000'.
Finding duplicate cells in `$paramod\multiplexer8\WIDTH=s32'00000000000000000000000000100000'.
Finding identical cells in module `\alu'.
Computing hashes of 25 cells of `\alu'.
Finding duplicate cells in `\alu'.
Finding identical cells in module `\alu_control'.
Computing hashes of 22 cells of `\alu_control'.
Finding duplicate cells in `\alu_control'.
Finding identical cells in module `\control_transfer'.
Computing hashes of 10 cells of `\control_transfer'.
Finding duplicate cells in `\control_transfer'.
Finding identical cells in module `\data_memory_interface'.
Computing hashes of 13 cells of `\data_memory_interface'.
Finding duplicate cells in `\data_memory_interface'.
Finding identical cells in module `\immediate_generator'.
Computing hashes of 14 cells of `\immediate_generator'.
Finding duplicate cells in `\immediate_generator'.
Finding identical cells in module `\instruction_decoder'.
Computing hashes of 0 cells of `\instruction_decoder'.
Finding duplicate cells in `\instruction_decoder'.
Finding identical cells in module `\regfile'.
Computing hashes of 11 cells of `\regfile'.
Finding duplicate cells in `\regfile'.
Finding identical cells in module `\riscv_core'.
Computing hashes of 3 cells of `\riscv_core'.
Finding duplicate cells in `\riscv_core'.
Finding identical cells in module `\singlecycle_control'.
Computing hashes of 32 cells of `\singlecycle_control'.
Finding duplicate cells in `\singlecycle_control'.
Finding identical cells in module `\singlecycle_ctlpath'.
Computing hashes of 3 cells of `\singlecycle_ctlpath'.
Finding duplicate cells in `\singlecycle_ctlpath'.
Finding identical cells in module `\singlecycle_datapath'.
Computing hashes of 11 cells of `\singlecycle_datapath'.
Finding duplicate cells in `\singlecycle_datapath'.
Removed a total of 0 cells.

29.14.13. Executing OPT_DFF pass (perform DFF optimizations).

29.14.14. Executing OPT_CLEAN pass (remove unused cells and wires).
Finding unused cells or wires in module $paramod$5ef3be0bfad1454aaa6432c4ab405bbd7cbab26b\multiplexer..
Finding unused cells or wires in module $paramod$6a3d32cf08b5e9a4d56891e3d8781ccd4215c4af\multiplexer..
Finding unused cells or wires in module $paramod$99da07bf27abaac915a8c95d36d6f2808394e702\multiplexer..
Finding unused cells or wires in module $paramod$e358a763f16798cd10903dfd37e7986c0fbbe40f\register..
Finding unused cells or wires in module $paramod\adder\WIDTH=s32'00000000000000000000000000100000..
Finding unused cells or wires in module $paramod\multiplexer2\WIDTH=s32'00000000000000000000000000100000..
Finding unused cells or wires in module $paramod\multiplexer4\WIDTH=s32'00000000000000000000000000100000..
Finding unused cells or wires in module $paramod\multiplexer8\WIDTH=s32'00000000000000000000000000100000..
Finding unused cells or wires in module \alu..
Finding unused cells or wires in module \alu_control..
Finding unused cells or wires in module \control_transfer..
Finding unused cells or wires in module \data_memory_interface..
Finding unused cells or wires in module \immediate_generator..
Finding unused cells or wires in module \instruction_decoder..
Finding unused cells or wires in module \regfile..
Finding unused cells or wires in module \riscv_core..
Finding unused cells or wires in module \singlecycle_control..
Finding unused cells or wires in module \singlecycle_ctlpath..
Finding unused cells or wires in module \singlecycle_datapath..

29.14.15. Executing OPT_EXPR pass (perform const folding).
Optimizing module $paramod$5ef3be0bfad1454aaa6432c4ab405bbd7cbab26b\multiplexer.
Optimizing module $paramod$6a3d32cf08b5e9a4d56891e3d8781ccd4215c4af\multiplexer.
Optimizing module $paramod$99da07bf27abaac915a8c95d36d6f2808394e702\multiplexer.
Optimizing module $paramod$e358a763f16798cd10903dfd37e7986c0fbbe40f\register.
Optimizing module $paramod\adder\WIDTH=s32'00000000000000000000000000100000.
Optimizing module $paramod\multiplexer2\WIDTH=s32'00000000000000000000000000100000.
Optimizing module $paramod\multiplexer4\WIDTH=s32'00000000000000000000000000100000.
Optimizing module $paramod\multiplexer8\WIDTH=s32'00000000000000000000000000100000.
Optimizing module alu.
Optimizing module alu_control.
Optimizing module control_transfer.
Optimizing module data_memory_interface.
Optimizing module immediate_generator.
Optimizing module instruction_decoder.
Optimizing module regfile.
Optimizing module riscv_core.
Optimizing module singlecycle_control.
Optimizing module singlecycle_ctlpath.
Optimizing module singlecycle_datapath.

29.14.16. Finished fast OPT passes. (There is nothing left to do.)

29.15. Executing MEMORY pass.

29.15.1. Executing OPT_MEM pass (optimize memories).
alu_control.$auto$proc_rom.cc:155:do_switch$122: removing const-0 lane 4
Performed a total of 1 transformations.

29.15.2. Executing OPT_MEM_PRIORITY pass (removing unnecessary memory write priority relations).
Performed a total of 0 transformations.

29.15.3. Executing OPT_MEM_FEEDBACK pass (finding memory read-to-write feedback paths).
  Analyzing regfile.register write port 0.

29.15.4. Executing MEMORY_BMUX2ROM pass (converting muxes to ROMs).

29.15.5. Executing MEMORY_DFF pass (merging $dff cells to $memrd).
Checking read port `$auto$proc_rom.cc:155:do_switch$122'[0] in module `\alu_control': no output FF found.
Checking read port address `$auto$proc_rom.cc:155:do_switch$122'[0] in module `\alu_control': no address FF found.
Checking read port `\register'[0] in module `\regfile': no output FF found.
Checking read port `\register'[1] in module `\regfile': no output FF found.
Checking read port address `\register'[0] in module `\regfile': no address FF found.
Checking read port address `\register'[1] in module `\regfile': no address FF found.

29.15.6. Executing OPT_CLEAN pass (remove unused cells and wires).
Finding unused cells or wires in module $paramod$5ef3be0bfad1454aaa6432c4ab405bbd7cbab26b\multiplexer..
Finding unused cells or wires in module $paramod$6a3d32cf08b5e9a4d56891e3d8781ccd4215c4af\multiplexer..
Finding unused cells or wires in module $paramod$99da07bf27abaac915a8c95d36d6f2808394e702\multiplexer..
Finding unused cells or wires in module $paramod$e358a763f16798cd10903dfd37e7986c0fbbe40f\register..
Finding unused cells or wires in module $paramod\adder\WIDTH=s32'00000000000000000000000000100000..
Finding unused cells or wires in module $paramod\multiplexer2\WIDTH=s32'00000000000000000000000000100000..
Finding unused cells or wires in module $paramod\multiplexer4\WIDTH=s32'00000000000000000000000000100000..
Finding unused cells or wires in module $paramod\multiplexer8\WIDTH=s32'00000000000000000000000000100000..
Finding unused cells or wires in module \alu..
Finding unused cells or wires in module \alu_control..
Finding unused cells or wires in module \control_transfer..
Finding unused cells or wires in module \data_memory_interface..
Finding unused cells or wires in module \immediate_generator..
Finding unused cells or wires in module \instruction_decoder..
Finding unused cells or wires in module \regfile..
Finding unused cells or wires in module \riscv_core..
Finding unused cells or wires in module \singlecycle_control..
Finding unused cells or wires in module \singlecycle_ctlpath..
Finding unused cells or wires in module \singlecycle_datapath..

29.15.7. Executing MEMORY_SHARE pass (consolidating $memrd/$memwr cells).
Consolidating read ports of memory regfile.register by address:

29.15.8. Executing OPT_MEM_WIDEN pass (optimize memories where all ports are wide).
Performed a total of 0 transformations.

29.15.9. Executing OPT_CLEAN pass (remove unused cells and wires).
Finding unused cells or wires in module $paramod$5ef3be0bfad1454aaa6432c4ab405bbd7cbab26b\multiplexer..
Finding unused cells or wires in module $paramod$6a3d32cf08b5e9a4d56891e3d8781ccd4215c4af\multiplexer..
Finding unused cells or wires in module $paramod$99da07bf27abaac915a8c95d36d6f2808394e702\multiplexer..
Finding unused cells or wires in module $paramod$e358a763f16798cd10903dfd37e7986c0fbbe40f\register..
Finding unused cells or wires in module $paramod\adder\WIDTH=s32'00000000000000000000000000100000..
Finding unused cells or wires in module $paramod\multiplexer2\WIDTH=s32'00000000000000000000000000100000..
Finding unused cells or wires in module $paramod\multiplexer4\WIDTH=s32'00000000000000000000000000100000..
Finding unused cells or wires in module $paramod\multiplexer8\WIDTH=s32'00000000000000000000000000100000..
Finding unused cells or wires in module \alu..
Finding unused cells or wires in module \alu_control..
Finding unused cells or wires in module \control_transfer..
Finding unused cells or wires in module \data_memory_interface..
Finding unused cells or wires in module \immediate_generator..
Finding unused cells or wires in module \instruction_decoder..
Finding unused cells or wires in module \regfile..
Finding unused cells or wires in module \riscv_core..
Finding unused cells or wires in module \singlecycle_control..
Finding unused cells or wires in module \singlecycle_ctlpath..
Finding unused cells or wires in module \singlecycle_datapath..

29.15.10. Executing MEMORY_COLLECT pass (generating $mem cells).

29.16. Executing OPT_CLEAN pass (remove unused cells and wires).
Finding unused cells or wires in module $paramod$5ef3be0bfad1454aaa6432c4ab405bbd7cbab26b\multiplexer..
Finding unused cells or wires in module $paramod$6a3d32cf08b5e9a4d56891e3d8781ccd4215c4af\multiplexer..
Finding unused cells or wires in module $paramod$99da07bf27abaac915a8c95d36d6f2808394e702\multiplexer..
Finding unused cells or wires in module $paramod$e358a763f16798cd10903dfd37e7986c0fbbe40f\register..
Finding unused cells or wires in module $paramod\adder\WIDTH=s32'00000000000000000000000000100000..
Finding unused cells or wires in module $paramod\multiplexer2\WIDTH=s32'00000000000000000000000000100000..
Finding unused cells or wires in module $paramod\multiplexer4\WIDTH=s32'00000000000000000000000000100000..
Finding unused cells or wires in module $paramod\multiplexer8\WIDTH=s32'00000000000000000000000000100000..
Finding unused cells or wires in module \alu..
Finding unused cells or wires in module \alu_control..
Finding unused cells or wires in module \control_transfer..
Finding unused cells or wires in module \data_memory_interface..
Finding unused cells or wires in module \immediate_generator..
Finding unused cells or wires in module \instruction_decoder..
Finding unused cells or wires in module \regfile..
Finding unused cells or wires in module \riscv_core..
Finding unused cells or wires in module \singlecycle_control..
Finding unused cells or wires in module \singlecycle_ctlpath..
Finding unused cells or wires in module \singlecycle_datapath..

29.17. Executing OPT pass (performing simple optimizations).

29.17.1. Executing OPT_EXPR pass (perform const folding).
Optimizing module $paramod$5ef3be0bfad1454aaa6432c4ab405bbd7cbab26b\multiplexer.
<suppressed ~1 debug messages>
Optimizing module $paramod$6a3d32cf08b5e9a4d56891e3d8781ccd4215c4af\multiplexer.
<suppressed ~1 debug messages>
Optimizing module $paramod$99da07bf27abaac915a8c95d36d6f2808394e702\multiplexer.
<suppressed ~1 debug messages>
Optimizing module $paramod$e358a763f16798cd10903dfd37e7986c0fbbe40f\register.
Optimizing module $paramod\adder\WIDTH=s32'00000000000000000000000000100000.
Optimizing module $paramod\multiplexer2\WIDTH=s32'00000000000000000000000000100000.
Optimizing module $paramod\multiplexer4\WIDTH=s32'00000000000000000000000000100000.
Optimizing module $paramod\multiplexer8\WIDTH=s32'00000000000000000000000000100000.
Optimizing module alu.
Optimizing module alu_control.
<suppressed ~3 debug messages>
Optimizing module control_transfer.
Optimizing module data_memory_interface.
<suppressed ~1 debug messages>
Optimizing module immediate_generator.
Optimizing module instruction_decoder.
Optimizing module regfile.
<suppressed ~6 debug messages>
Optimizing module riscv_core.
Optimizing module singlecycle_control.
<suppressed ~12 debug messages>
Optimizing module singlecycle_ctlpath.
Optimizing module singlecycle_datapath.

29.17.2. Executing OPT_MERGE pass (detect identical cells).
Finding identical cells in module `$paramod$5ef3be0bfad1454aaa6432c4ab405bbd7cbab26b\multiplexer'.
Computing hashes of 9 cells of `$paramod$5ef3be0bfad1454aaa6432c4ab405bbd7cbab26b\multiplexer'.
Finding duplicate cells in `$paramod$5ef3be0bfad1454aaa6432c4ab405bbd7cbab26b\multiplexer'.
Finding identical cells in module `$paramod$6a3d32cf08b5e9a4d56891e3d8781ccd4215c4af\multiplexer'.
Computing hashes of 2 cells of `$paramod$6a3d32cf08b5e9a4d56891e3d8781ccd4215c4af\multiplexer'.
Finding duplicate cells in `$paramod$6a3d32cf08b5e9a4d56891e3d8781ccd4215c4af\multiplexer'.
Finding identical cells in module `$paramod$99da07bf27abaac915a8c95d36d6f2808394e702\multiplexer'.
Computing hashes of 5 cells of `$paramod$99da07bf27abaac915a8c95d36d6f2808394e702\multiplexer'.
Finding duplicate cells in `$paramod$99da07bf27abaac915a8c95d36d6f2808394e702\multiplexer'.
Finding identical cells in module `$paramod$e358a763f16798cd10903dfd37e7986c0fbbe40f\register'.
Computing hashes of 1 cells of `$paramod$e358a763f16798cd10903dfd37e7986c0fbbe40f\register'.
Finding duplicate cells in `$paramod$e358a763f16798cd10903dfd37e7986c0fbbe40f\register'.
Finding identical cells in module `$paramod\adder\WIDTH=s32'00000000000000000000000000100000'.
Computing hashes of 1 cells of `$paramod\adder\WIDTH=s32'00000000000000000000000000100000'.
Finding duplicate cells in `$paramod\adder\WIDTH=s32'00000000000000000000000000100000'.
Finding identical cells in module `$paramod\multiplexer2\WIDTH=s32'00000000000000000000000000100000'.
Computing hashes of 1 cells of `$paramod\multiplexer2\WIDTH=s32'00000000000000000000000000100000'.
Finding duplicate cells in `$paramod\multiplexer2\WIDTH=s32'00000000000000000000000000100000'.
Finding identical cells in module `$paramod\multiplexer4\WIDTH=s32'00000000000000000000000000100000'.
Computing hashes of 1 cells of `$paramod\multiplexer4\WIDTH=s32'00000000000000000000000000100000'.
Finding duplicate cells in `$paramod\multiplexer4\WIDTH=s32'00000000000000000000000000100000'.
Finding identical cells in module `$paramod\multiplexer8\WIDTH=s32'00000000000000000000000000100000'.
Computing hashes of 1 cells of `$paramod\multiplexer8\WIDTH=s32'00000000000000000000000000100000'.
Finding duplicate cells in `$paramod\multiplexer8\WIDTH=s32'00000000000000000000000000100000'.
Finding identical cells in module `\alu'.
Computing hashes of 25 cells of `\alu'.
Finding duplicate cells in `\alu'.
Finding identical cells in module `\alu_control'.
Computing hashes of 21 cells of `\alu_control'.
Finding duplicate cells in `\alu_control'.
Finding identical cells in module `\control_transfer'.
Computing hashes of 10 cells of `\control_transfer'.
Finding duplicate cells in `\control_transfer'.
Finding identical cells in module `\data_memory_interface'.
Computing hashes of 13 cells of `\data_memory_interface'.
Finding duplicate cells in `\data_memory_interface'.
Finding identical cells in module `\immediate_generator'.
Computing hashes of 14 cells of `\immediate_generator'.
Finding duplicate cells in `\immediate_generator'.
Finding identical cells in module `\instruction_decoder'.
Computing hashes of 0 cells of `\instruction_decoder'.
Finding duplicate cells in `\instruction_decoder'.
Finding identical cells in module `\regfile'.
Computing hashes of 3 cells of `\regfile'.
Finding duplicate cells in `\regfile'.
Finding identical cells in module `\riscv_core'.
Computing hashes of 3 cells of `\riscv_core'.
Finding duplicate cells in `\riscv_core'.
Finding identical cells in module `\singlecycle_control'.
Computing hashes of 28 cells of `\singlecycle_control'.
Finding duplicate cells in `\singlecycle_control'.
Finding identical cells in module `\singlecycle_ctlpath'.
Computing hashes of 3 cells of `\singlecycle_ctlpath'.
Finding duplicate cells in `\singlecycle_ctlpath'.
Finding identical cells in module `\singlecycle_datapath'.
Computing hashes of 11 cells of `\singlecycle_datapath'.
Finding duplicate cells in `\singlecycle_datapath'.
Removed a total of 0 cells.

29.17.3. Executing OPT_DFF pass (perform DFF optimizations).

29.17.4. Executing OPT_CLEAN pass (remove unused cells and wires).
Finding unused cells or wires in module $paramod$5ef3be0bfad1454aaa6432c4ab405bbd7cbab26b\multiplexer..
Finding unused cells or wires in module $paramod$6a3d32cf08b5e9a4d56891e3d8781ccd4215c4af\multiplexer..
Finding unused cells or wires in module $paramod$99da07bf27abaac915a8c95d36d6f2808394e702\multiplexer..
Finding unused cells or wires in module $paramod$e358a763f16798cd10903dfd37e7986c0fbbe40f\register..
Finding unused cells or wires in module $paramod\adder\WIDTH=s32'00000000000000000000000000100000..
Finding unused cells or wires in module $paramod\multiplexer2\WIDTH=s32'00000000000000000000000000100000..
Finding unused cells or wires in module $paramod\multiplexer4\WIDTH=s32'00000000000000000000000000100000..
Finding unused cells or wires in module $paramod\multiplexer8\WIDTH=s32'00000000000000000000000000100000..
Finding unused cells or wires in module \alu..
Finding unused cells or wires in module \alu_control..
Finding unused cells or wires in module \control_transfer..
Finding unused cells or wires in module \data_memory_interface..
Finding unused cells or wires in module \immediate_generator..
Finding unused cells or wires in module \instruction_decoder..
Finding unused cells or wires in module \regfile..
Finding unused cells or wires in module \riscv_core..
Finding unused cells or wires in module \singlecycle_control..
Finding unused cells or wires in module \singlecycle_ctlpath..
Finding unused cells or wires in module \singlecycle_datapath..
Removed 15 unused cells and 23 unused wires.
<suppressed ~21 debug messages>

29.17.5. Finished fast OPT passes.

29.18. Executing MEMORY_MAP pass (converting memories to logic and flip-flops).
Mapping memory $auto$proc_rom.cc:155:do_switch$122 in module \alu_control:
  created 8 $dff cells and 0 static cells of width 4.
  read interface: 0 $dff and 7 $mux cells.
  write interface: 0 write mux blocks.
Mapping memory \register in module \regfile:
  created 32 $dff cells and 0 static cells of width 32.
  read interface: 0 $dff and 62 $mux cells.
  write interface: 32 write mux blocks.

29.19. Executing OPT pass (performing simple optimizations).

29.19.1. Executing OPT_EXPR pass (perform const folding).
Optimizing module $paramod$5ef3be0bfad1454aaa6432c4ab405bbd7cbab26b\multiplexer.
Optimizing module $paramod$6a3d32cf08b5e9a4d56891e3d8781ccd4215c4af\multiplexer.
Optimizing module $paramod$99da07bf27abaac915a8c95d36d6f2808394e702\multiplexer.
Optimizing module $paramod$e358a763f16798cd10903dfd37e7986c0fbbe40f\register.
Optimizing module $paramod\adder\WIDTH=s32'00000000000000000000000000100000.
Optimizing module $paramod\multiplexer2\WIDTH=s32'00000000000000000000000000100000.
Optimizing module $paramod\multiplexer4\WIDTH=s32'00000000000000000000000000100000.
Optimizing module $paramod\multiplexer8\WIDTH=s32'00000000000000000000000000100000.
Optimizing module alu.
Optimizing module alu_control.
Optimizing module control_transfer.
Optimizing module data_memory_interface.
Optimizing module immediate_generator.
Optimizing module instruction_decoder.
Optimizing module regfile.
<suppressed ~10 debug messages>
Optimizing module riscv_core.
Optimizing module singlecycle_control.
Optimizing module singlecycle_ctlpath.
Optimizing module singlecycle_datapath.

29.19.2. Executing OPT_MERGE pass (detect identical cells).
Finding identical cells in module `$paramod$5ef3be0bfad1454aaa6432c4ab405bbd7cbab26b\multiplexer'.
Computing hashes of 8 cells of `$paramod$5ef3be0bfad1454aaa6432c4ab405bbd7cbab26b\multiplexer'.
Finding duplicate cells in `$paramod$5ef3be0bfad1454aaa6432c4ab405bbd7cbab26b\multiplexer'.
Finding identical cells in module `$paramod$6a3d32cf08b5e9a4d56891e3d8781ccd4215c4af\multiplexer'.
Computing hashes of 1 cells of `$paramod$6a3d32cf08b5e9a4d56891e3d8781ccd4215c4af\multiplexer'.
Finding duplicate cells in `$paramod$6a3d32cf08b5e9a4d56891e3d8781ccd4215c4af\multiplexer'.
Finding identical cells in module `$paramod$99da07bf27abaac915a8c95d36d6f2808394e702\multiplexer'.
Computing hashes of 4 cells of `$paramod$99da07bf27abaac915a8c95d36d6f2808394e702\multiplexer'.
Finding duplicate cells in `$paramod$99da07bf27abaac915a8c95d36d6f2808394e702\multiplexer'.
Finding identical cells in module `$paramod$e358a763f16798cd10903dfd37e7986c0fbbe40f\register'.
Computing hashes of 1 cells of `$paramod$e358a763f16798cd10903dfd37e7986c0fbbe40f\register'.
Finding duplicate cells in `$paramod$e358a763f16798cd10903dfd37e7986c0fbbe40f\register'.
Finding identical cells in module `$paramod\adder\WIDTH=s32'00000000000000000000000000100000'.
Computing hashes of 1 cells of `$paramod\adder\WIDTH=s32'00000000000000000000000000100000'.
Finding duplicate cells in `$paramod\adder\WIDTH=s32'00000000000000000000000000100000'.
Finding identical cells in module `$paramod\multiplexer2\WIDTH=s32'00000000000000000000000000100000'.
Computing hashes of 1 cells of `$paramod\multiplexer2\WIDTH=s32'00000000000000000000000000100000'.
Finding duplicate cells in `$paramod\multiplexer2\WIDTH=s32'00000000000000000000000000100000'.
Finding identical cells in module `$paramod\multiplexer4\WIDTH=s32'00000000000000000000000000100000'.
Computing hashes of 1 cells of `$paramod\multiplexer4\WIDTH=s32'00000000000000000000000000100000'.
Finding duplicate cells in `$paramod\multiplexer4\WIDTH=s32'00000000000000000000000000100000'.
Finding identical cells in module `$paramod\multiplexer8\WIDTH=s32'00000000000000000000000000100000'.
Computing hashes of 1 cells of `$paramod\multiplexer8\WIDTH=s32'00000000000000000000000000100000'.
Finding duplicate cells in `$paramod\multiplexer8\WIDTH=s32'00000000000000000000000000100000'.
Finding identical cells in module `\alu'.
Computing hashes of 25 cells of `\alu'.
Finding duplicate cells in `\alu'.
Finding identical cells in module `\alu_control'.
Computing hashes of 23 cells of `\alu_control'.
Finding duplicate cells in `\alu_control'.
Finding identical cells in module `\control_transfer'.
Computing hashes of 10 cells of `\control_transfer'.
Finding duplicate cells in `\control_transfer'.
Finding identical cells in module `\data_memory_interface'.
Computing hashes of 13 cells of `\data_memory_interface'.
Finding duplicate cells in `\data_memory_interface'.
Finding identical cells in module `\immediate_generator'.
Computing hashes of 14 cells of `\immediate_generator'.
Finding duplicate cells in `\immediate_generator'.
Finding identical cells in module `\instruction_decoder'.
Computing hashes of 0 cells of `\instruction_decoder'.
Finding duplicate cells in `\instruction_decoder'.
Finding identical cells in module `\regfile'.
Computing hashes of 213 cells of `\regfile'.
Finding duplicate cells in `\regfile'.
Finding identical cells in module `\riscv_core'.
Computing hashes of 3 cells of `\riscv_core'.
Finding duplicate cells in `\riscv_core'.
Finding identical cells in module `\singlecycle_control'.
Computing hashes of 20 cells of `\singlecycle_control'.
Finding duplicate cells in `\singlecycle_control'.
Finding identical cells in module `\singlecycle_ctlpath'.
Computing hashes of 3 cells of `\singlecycle_ctlpath'.
Finding duplicate cells in `\singlecycle_ctlpath'.
Finding identical cells in module `\singlecycle_datapath'.
Computing hashes of 11 cells of `\singlecycle_datapath'.
Finding duplicate cells in `\singlecycle_datapath'.
Removed a total of 0 cells.

29.19.3. Executing OPT_MUXTREE pass (detect dead branches in mux trees).
Running muxtree optimizer on module $paramod$5ef3be0bfad1454aaa6432c4ab405bbd7cbab26b\multiplexer..
  Creating internal representation of mux trees.
  Evaluating internal representation of mux trees.
  Analyzing evaluation results.
Running muxtree optimizer on module $paramod$6a3d32cf08b5e9a4d56891e3d8781ccd4215c4af\multiplexer..
  Creating internal representation of mux trees.
  Evaluating internal representation of mux trees.
  Analyzing evaluation results.
Running muxtree optimizer on module $paramod$99da07bf27abaac915a8c95d36d6f2808394e702\multiplexer..
  Creating internal representation of mux trees.
  Evaluating internal representation of mux trees.
  Analyzing evaluation results.
Running muxtree optimizer on module $paramod$e358a763f16798cd10903dfd37e7986c0fbbe40f\register..
  Creating internal representation of mux trees.
  No muxes found in this module.
Running muxtree optimizer on module $paramod\adder\WIDTH=s32'00000000000000000000000000100000..
  Creating internal representation of mux trees.
  No muxes found in this module.
Running muxtree optimizer on module $paramod\multiplexer2\WIDTH=s32'00000000000000000000000000100000..
  Creating internal representation of mux trees.
  No muxes found in this module.
Running muxtree optimizer on module $paramod\multiplexer4\WIDTH=s32'00000000000000000000000000100000..
  Creating internal representation of mux trees.
  No muxes found in this module.
Running muxtree optimizer on module $paramod\multiplexer8\WIDTH=s32'00000000000000000000000000100000..
  Creating internal representation of mux trees.
  No muxes found in this module.
Running muxtree optimizer on module \alu..
  Creating internal representation of mux trees.
  Evaluating internal representation of mux trees.
  Analyzing evaluation results.
Running muxtree optimizer on module \alu_control..
  Creating internal representation of mux trees.
  Evaluating internal representation of mux trees.
  Analyzing evaluation results.
Running muxtree optimizer on module \control_transfer..
  Creating internal representation of mux trees.
  Evaluating internal representation of mux trees.
  Analyzing evaluation results.
Running muxtree optimizer on module \data_memory_interface..
  Creating internal representation of mux trees.
  Evaluating internal representation of mux trees.
  Analyzing evaluation results.
Running muxtree optimizer on module \immediate_generator..
  Creating internal representation of mux trees.
  Evaluating internal representation of mux trees.
  Analyzing evaluation results.
Running muxtree optimizer on module \instruction_decoder..
  Creating internal representation of mux trees.
  No muxes found in this module.
Running muxtree optimizer on module \regfile..
  Creating internal representation of mux trees.
  Evaluating internal representation of mux trees.
  Analyzing evaluation results.
Running muxtree optimizer on module \riscv_core..
  Creating internal representation of mux trees.
  No muxes found in this module.
Running muxtree optimizer on module \singlecycle_control..
  Creating internal representation of mux trees.
  Evaluating internal representation of mux trees.
  Analyzing evaluation results.
Running muxtree optimizer on module \singlecycle_ctlpath..
  Creating internal representation of mux trees.
  No muxes found in this module.
Running muxtree optimizer on module \singlecycle_datapath..
  Creating internal representation of mux trees.
  No muxes found in this module.
Removed 0 multiplexer ports.
<suppressed ~181 debug messages>

29.19.4. Executing OPT_REDUCE pass (consolidate $*mux and $reduce_* inputs).
  Optimizing cells in module $paramod$5ef3be0bfad1454aaa6432c4ab405bbd7cbab26b\multiplexer.
  Optimizing cells in module $paramod$6a3d32cf08b5e9a4d56891e3d8781ccd4215c4af\multiplexer.
  Optimizing cells in module $paramod$99da07bf27abaac915a8c95d36d6f2808394e702\multiplexer.
  Optimizing cells in module $paramod$e358a763f16798cd10903dfd37e7986c0fbbe40f\register.
  Optimizing cells in module $paramod\adder\WIDTH=s32'00000000000000000000000000100000.
  Optimizing cells in module $paramod\multiplexer2\WIDTH=s32'00000000000000000000000000100000.
  Optimizing cells in module $paramod\multiplexer4\WIDTH=s32'00000000000000000000000000100000.
  Optimizing cells in module $paramod\multiplexer8\WIDTH=s32'00000000000000000000000000100000.
  Optimizing cells in module \alu.
  Optimizing cells in module \alu_control.
    Consolidated identical input bits for $mux cell $memory$auto$proc_rom.cc:155:do_switch$122$rdmux[0][2][2]$408:
      Old ports: A=4'1001, B=4'0100, Y=$memory$auto$proc_rom.cc:155:do_switch$122$rdmux[0][1][1]$a$400
      New ports: A=2'01, B=2'10, Y={ $memory$auto$proc_rom.cc:155:do_switch$122$rdmux[0][1][1]$a$400 [2] $memory$auto$proc_rom.cc:155:do_switch$122$rdmux[0][1][1]$a$400 [0] }
      New connections: { $memory$auto$proc_rom.cc:155:do_switch$122$rdmux[0][1][1]$a$400 [3] $memory$auto$proc_rom.cc:155:do_switch$122$rdmux[0][1][1]$a$400 [1] } = { $memory$auto$proc_rom.cc:155:do_switch$122$rdmux[0][1][1]$a$400 [0] 1'0 }
    Consolidated identical input bits for $mux cell $memory$auto$proc_rom.cc:155:do_switch$122$rdmux[0][2][1]$405:
      Old ports: A=4'0111, B=4'1000, Y=$memory$auto$proc_rom.cc:155:do_switch$122$rdmux[0][1][0]$b$398
      New ports: A=2'01, B=2'10, Y={ $memory$auto$proc_rom.cc:155:do_switch$122$rdmux[0][1][0]$b$398 [3] $memory$auto$proc_rom.cc:155:do_switch$122$rdmux[0][1][0]$b$398 [0] }
      New connections: $memory$auto$proc_rom.cc:155:do_switch$122$rdmux[0][1][0]$b$398 [2:1] = { $memory$auto$proc_rom.cc:155:do_switch$122$rdmux[0][1][0]$b$398 [0] $memory$auto$proc_rom.cc:155:do_switch$122$rdmux[0][1][0]$b$398 [0] }
    Consolidated identical input bits for $mux cell $memory$auto$proc_rom.cc:155:do_switch$122$rdmux[0][2][0]$402:
      Old ports: A=4'0001, B=4'0011, Y=$memory$auto$proc_rom.cc:155:do_switch$122$rdmux[0][1][0]$a$397
      New ports: A=1'0, B=1'1, Y=$memory$auto$proc_rom.cc:155:do_switch$122$rdmux[0][1][0]$a$397 [1]
      New connections: { $memory$auto$proc_rom.cc:155:do_switch$122$rdmux[0][1][0]$a$397 [3:2] $memory$auto$proc_rom.cc:155:do_switch$122$rdmux[0][1][0]$a$397 [0] } = 3'001
    Consolidated identical input bits for $pmux cell $procmux$291:
      Old ports: A=5'01000, B=10'0011100110, Y=\branch_funct
      New ports: A=3'100, B=6'011010, Y={ \branch_funct [3] \branch_funct [1:0] }
      New connections: { \branch_funct [4] \branch_funct [2] } = { 1'0 \branch_funct [1] }
    Consolidated identical input bits for $mux cell $procmux$299:
      Old ports: A=5'00010, B=5'00101, Y=\secondary_funct
      New ports: A=2'10, B=2'01, Y=\secondary_funct [1:0]
      New connections: \secondary_funct [4:2] = { 2'00 \secondary_funct [0] }
    Consolidated identical input bits for $mux cell $memory$auto$proc_rom.cc:155:do_switch$122$rdmux[0][2][3]$411:
      Old ports: A=4'1010, B=4'1011, Y=$memory$auto$proc_rom.cc:155:do_switch$122$rdmux[0][1][1]$b$401
      New ports: A=1'0, B=1'1, Y=$memory$auto$proc_rom.cc:155:do_switch$122$rdmux[0][1][1]$b$401 [0]
      New connections: $memory$auto$proc_rom.cc:155:do_switch$122$rdmux[0][1][1]$b$401 [3:1] = 3'101
  Optimizing cells in module \alu_control.
    Consolidated identical input bits for $mux cell $procmux$304:
      Old ports: A={ 1'0 \default_funct [3:0] }, B=\secondary_funct, Y=\op_imm_funct
      New ports: A=\default_funct [3:0], B={ 1'0 \secondary_funct [0] \secondary_funct [1:0] }, Y=\op_imm_funct [3:0]
      New connections: \op_imm_funct [4] = 1'0
    Consolidated identical input bits for $mux cell $procmux$307:
      Old ports: A={ 1'0 \default_funct [3:0] }, B=\secondary_funct, Y=\op_funct
      New ports: A=\default_funct [3:0], B={ 1'0 \secondary_funct [0] \secondary_funct [1:0] }, Y=\op_funct [3:0]
      New connections: \op_funct [4] = 1'0
  Optimizing cells in module \alu_control.
    Consolidated identical input bits for $pmux cell $procmux$309:
      Old ports: A=5'00001, B={ \op_funct \op_imm_funct \branch_funct }, Y=\alu_function
      New ports: A=4'0001, B={ \op_funct [3:0] \op_imm_funct [3:0] \branch_funct [3] \branch_funct [1] \branch_funct [1:0] }, Y=\alu_function [3:0]
      New connections: \alu_function [4] = 1'0
  Optimizing cells in module \alu_control.
  Optimizing cells in module \control_transfer.
  Optimizing cells in module \data_memory_interface.
    Consolidated identical input bits for $pmux cell $procmux$273:
      Old ports: A={ $and$/__DESIGN_ROOT__/core/common/data_memory_interface.sv:53$38_Y $and$/__DESIGN_ROOT__/core/common/data_memory_interface.sv:53$38_Y $and$/__DESIGN_ROOT__/core/common/data_memory_interface.sv:53$38_Y $and$/__DESIGN_ROOT__/core/common/data_memory_interface.sv:53$38_Y $and$/__DESIGN_ROOT__/core/common/data_memory_interface.sv:53$38_Y $and$/__DESIGN_ROOT__/core/common/data_memory_interface.sv:53$38_Y $and$/__DESIGN_ROOT__/core/common/data_memory_interface.sv:53$38_Y $and$/__DESIGN_ROOT__/core/common/data_memory_interface.sv:53$38_Y $and$/__DESIGN_ROOT__/core/common/data_memory_interface.sv:53$38_Y $and$/__DESIGN_ROOT__/core/common/data_memory_interface.sv:53$38_Y $and$/__DESIGN_ROOT__/core/common/data_memory_interface.sv:53$38_Y $and$/__DESIGN_ROOT__/core/common/data_memory_interface.sv:53$38_Y $and$/__DESIGN_ROOT__/core/common/data_memory_interface.sv:53$38_Y $and$/__DESIGN_ROOT__/core/common/data_memory_interface.sv:53$38_Y $and$/__DESIGN_ROOT__/core/common/data_memory_interface.sv:53$38_Y $and$/__DESIGN_ROOT__/core/common/data_memory_interface.sv:53$38_Y $and$/__DESIGN_ROOT__/core/common/data_memory_interface.sv:53$38_Y $and$/__DESIGN_ROOT__/core/common/data_memory_interface.sv:53$38_Y $and$/__DESIGN_ROOT__/core/common/data_memory_interface.sv:53$38_Y $and$/__DESIGN_ROOT__/core/common/data_memory_interface.sv:53$38_Y $and$/__DESIGN_ROOT__/core/common/data_memory_interface.sv:53$38_Y $and$/__DESIGN_ROOT__/core/common/data_memory_interface.sv:53$38_Y $and$/__DESIGN_ROOT__/core/common/data_memory_interface.sv:53$38_Y $and$/__DESIGN_ROOT__/core/common/data_memory_interface.sv:53$38_Y \position_fix [7:0] }, B={ $and$/__DESIGN_ROOT__/core/common/data_memory_interface.sv:54$40_Y $and$/__DESIGN_ROOT__/core/common/data_memory_interface.sv:54$40_Y $and$/__DESIGN_ROOT__/core/common/data_memory_interface.sv:54$40_Y $and$/__DESIGN_ROOT__/core/common/data_memory_interface.sv:54$40_Y $and$/__DESIGN_ROOT__/core/common/data_memory_interface.sv:54$40_Y $and$/__DESIGN_ROOT__/core/common/data_memory_interface.sv:54$40_Y $and$/__DESIGN_ROOT__/core/common/data_memory_interface.sv:54$40_Y $and$/__DESIGN_ROOT__/core/common/data_memory_interface.sv:54$40_Y $and$/__DESIGN_ROOT__/core/common/data_memory_interface.sv:54$40_Y $and$/__DESIGN_ROOT__/core/common/data_memory_interface.sv:54$40_Y $and$/__DESIGN_ROOT__/core/common/data_memory_interface.sv:54$40_Y $and$/__DESIGN_ROOT__/core/common/data_memory_interface.sv:54$40_Y $and$/__DESIGN_ROOT__/core/common/data_memory_interface.sv:54$40_Y $and$/__DESIGN_ROOT__/core/common/data_memory_interface.sv:54$40_Y $and$/__DESIGN_ROOT__/core/common/data_memory_interface.sv:54$40_Y $and$/__DESIGN_ROOT__/core/common/data_memory_interface.sv:54$40_Y \position_fix [15:0] \position_fix }, Y=\read_data
      New ports: A={ $and$/__DESIGN_ROOT__/core/common/data_memory_interface.sv:53$38_Y $and$/__DESIGN_ROOT__/core/common/data_memory_interface.sv:53$38_Y $and$/__DESIGN_ROOT__/core/common/data_memory_interface.sv:53$38_Y $and$/__DESIGN_ROOT__/core/common/data_memory_interface.sv:53$38_Y $and$/__DESIGN_ROOT__/core/common/data_memory_interface.sv:53$38_Y $and$/__DESIGN_ROOT__/core/common/data_memory_interface.sv:53$38_Y $and$/__DESIGN_ROOT__/core/common/data_memory_interface.sv:53$38_Y $and$/__DESIGN_ROOT__/core/common/data_memory_interface.sv:53$38_Y $and$/__DESIGN_ROOT__/core/common/data_memory_interface.sv:53$38_Y $and$/__DESIGN_ROOT__/core/common/data_memory_interface.sv:53$38_Y $and$/__DESIGN_ROOT__/core/common/data_memory_interface.sv:53$38_Y $and$/__DESIGN_ROOT__/core/common/data_memory_interface.sv:53$38_Y $and$/__DESIGN_ROOT__/core/common/data_memory_interface.sv:53$38_Y $and$/__DESIGN_ROOT__/core/common/data_memory_interface.sv:53$38_Y $and$/__DESIGN_ROOT__/core/common/data_memory_interface.sv:53$38_Y $and$/__DESIGN_ROOT__/core/common/data_memory_interface.sv:53$38_Y $and$/__DESIGN_ROOT__/core/common/data_memory_interface.sv:53$38_Y $and$/__DESIGN_ROOT__/core/common/data_memory_interface.sv:53$38_Y $and$/__DESIGN_ROOT__/core/common/data_memory_interface.sv:53$38_Y $and$/__DESIGN_ROOT__/core/common/data_memory_interface.sv:53$38_Y $and$/__DESIGN_ROOT__/core/common/data_memory_interface.sv:53$38_Y $and$/__DESIGN_ROOT__/core/common/data_memory_interface.sv:53$38_Y $and$/__DESIGN_ROOT__/core/common/data_memory_interface.sv:53$38_Y $and$/__DESIGN_ROOT__/core/common/data_memory_interface.sv:53$38_Y }, B={ $and$/__DESIGN_ROOT__/core/common/data_memory_interface.sv:54$40_Y $and$/__DESIGN_ROOT__/core/common/data_memory_interface.sv:54$40_Y $and$/__DESIGN_ROOT__/core/common/data_memory_interface.sv:54$40_Y $and$/__DESIGN_ROOT__/core/common/data_memory_interface.sv:54$40_Y $and$/__DESIGN_ROOT__/core/common/data_memory_interface.sv:54$40_Y $and$/__DESIGN_ROOT__/core/common/data_memory_interface.sv:54$40_Y $and$/__DESIGN_ROOT__/core/common/data_memory_interface.sv:54$40_Y $and$/__DESIGN_ROOT__/core/common/data_memory_interface.sv:54$40_Y $and$/__DESIGN_ROOT__/core/common/data_memory_interface.sv:54$40_Y $and$/__DESIGN_ROOT__/core/common/data_memory_interface.sv:54$40_Y $and$/__DESIGN_ROOT__/core/common/data_memory_interface.sv:54$40_Y $and$/__DESIGN_ROOT__/core/common/data_memory_interface.sv:54$40_Y $and$/__DESIGN_ROOT__/core/common/data_memory_interface.sv:54$40_Y $and$/__DESIGN_ROOT__/core/common/data_memory_interface.sv:54$40_Y $and$/__DESIGN_ROOT__/core/common/data_memory_interface.sv:54$40_Y $and$/__DESIGN_ROOT__/core/common/data_memory_interface.sv:54$40_Y \position_fix [15:8] \position_fix [31:8] }, Y=\read_data [31:8]
      New connections: \read_data [7:0] = \position_fix [7:0]
  Optimizing cells in module \data_memory_interface.
  Optimizing cells in module \immediate_generator.
  Optimizing cells in module \instruction_decoder.
  Optimizing cells in module \regfile.
  Optimizing cells in module \riscv_core.
  Optimizing cells in module \singlecycle_control.
    Consolidated identical input bits for $pmux cell $procmux$126:
      Old ports: A=3'010, B=9'011000001, Y=\reg_writeback_select
      New ports: A=2'10, B=6'110001, Y=\reg_writeback_select [1:0]
      New connections: \reg_writeback_select [2] = 1'0
  Optimizing cells in module \singlecycle_control.
  Optimizing cells in module \singlecycle_ctlpath.
  Optimizing cells in module \singlecycle_datapath.
Performed a total of 11 changes.

29.19.5. Executing OPT_MERGE pass (detect identical cells).
Finding identical cells in module `$paramod$5ef3be0bfad1454aaa6432c4ab405bbd7cbab26b\multiplexer'.
Computing hashes of 8 cells of `$paramod$5ef3be0bfad1454aaa6432c4ab405bbd7cbab26b\multiplexer'.
Finding duplicate cells in `$paramod$5ef3be0bfad1454aaa6432c4ab405bbd7cbab26b\multiplexer'.
Finding identical cells in module `$paramod$6a3d32cf08b5e9a4d56891e3d8781ccd4215c4af\multiplexer'.
Computing hashes of 1 cells of `$paramod$6a3d32cf08b5e9a4d56891e3d8781ccd4215c4af\multiplexer'.
Finding duplicate cells in `$paramod$6a3d32cf08b5e9a4d56891e3d8781ccd4215c4af\multiplexer'.
Finding identical cells in module `$paramod$99da07bf27abaac915a8c95d36d6f2808394e702\multiplexer'.
Computing hashes of 4 cells of `$paramod$99da07bf27abaac915a8c95d36d6f2808394e702\multiplexer'.
Finding duplicate cells in `$paramod$99da07bf27abaac915a8c95d36d6f2808394e702\multiplexer'.
Finding identical cells in module `$paramod$e358a763f16798cd10903dfd37e7986c0fbbe40f\register'.
Computing hashes of 1 cells of `$paramod$e358a763f16798cd10903dfd37e7986c0fbbe40f\register'.
Finding duplicate cells in `$paramod$e358a763f16798cd10903dfd37e7986c0fbbe40f\register'.
Finding identical cells in module `$paramod\adder\WIDTH=s32'00000000000000000000000000100000'.
Computing hashes of 1 cells of `$paramod\adder\WIDTH=s32'00000000000000000000000000100000'.
Finding duplicate cells in `$paramod\adder\WIDTH=s32'00000000000000000000000000100000'.
Finding identical cells in module `$paramod\multiplexer2\WIDTH=s32'00000000000000000000000000100000'.
Computing hashes of 1 cells of `$paramod\multiplexer2\WIDTH=s32'00000000000000000000000000100000'.
Finding duplicate cells in `$paramod\multiplexer2\WIDTH=s32'00000000000000000000000000100000'.
Finding identical cells in module `$paramod\multiplexer4\WIDTH=s32'00000000000000000000000000100000'.
Computing hashes of 1 cells of `$paramod\multiplexer4\WIDTH=s32'00000000000000000000000000100000'.
Finding duplicate cells in `$paramod\multiplexer4\WIDTH=s32'00000000000000000000000000100000'.
Finding identical cells in module `$paramod\multiplexer8\WIDTH=s32'00000000000000000000000000100000'.
Computing hashes of 1 cells of `$paramod\multiplexer8\WIDTH=s32'00000000000000000000000000100000'.
Finding duplicate cells in `$paramod\multiplexer8\WIDTH=s32'00000000000000000000000000100000'.
Finding identical cells in module `\alu'.
Computing hashes of 25 cells of `\alu'.
Finding duplicate cells in `\alu'.
Finding identical cells in module `\alu_control'.
Computing hashes of 23 cells of `\alu_control'.
Finding duplicate cells in `\alu_control'.
Computing hashes of 21 cells of `\alu_control'.
Finding duplicate cells in `\alu_control'.
<suppressed ~6 debug messages>
Finding identical cells in module `\control_transfer'.
Computing hashes of 10 cells of `\control_transfer'.
Finding duplicate cells in `\control_transfer'.
Finding identical cells in module `\data_memory_interface'.
Computing hashes of 13 cells of `\data_memory_interface'.
Finding duplicate cells in `\data_memory_interface'.
Finding identical cells in module `\immediate_generator'.
Computing hashes of 14 cells of `\immediate_generator'.
Finding duplicate cells in `\immediate_generator'.
Finding identical cells in module `\instruction_decoder'.
Computing hashes of 0 cells of `\instruction_decoder'.
Finding duplicate cells in `\instruction_decoder'.
Finding identical cells in module `\regfile'.
Computing hashes of 213 cells of `\regfile'.
Finding duplicate cells in `\regfile'.
Finding identical cells in module `\riscv_core'.
Computing hashes of 3 cells of `\riscv_core'.
Finding duplicate cells in `\riscv_core'.
Finding identical cells in module `\singlecycle_control'.
Computing hashes of 20 cells of `\singlecycle_control'.
Finding duplicate cells in `\singlecycle_control'.
Finding identical cells in module `\singlecycle_ctlpath'.
Computing hashes of 3 cells of `\singlecycle_ctlpath'.
Finding duplicate cells in `\singlecycle_ctlpath'.
Finding identical cells in module `\singlecycle_datapath'.
Computing hashes of 11 cells of `\singlecycle_datapath'.
Finding duplicate cells in `\singlecycle_datapath'.
Removed a total of 2 cells.

29.19.6. Executing OPT_SHARE pass.
    Found cells that share an operand and can be merged by moving the $pmux $procmux$278 in front of them:
        $shl$/__DESIGN_ROOT__/core/common/data_memory_interface.sv:40$32
        $shl$/__DESIGN_ROOT__/core/common/data_memory_interface.sv:39$31
        $shl$/__DESIGN_ROOT__/core/common/data_memory_interface.sv:38$30

29.19.7. Executing OPT_DFF pass (perform DFF optimizations).

29.19.8. Executing OPT_CLEAN pass (remove unused cells and wires).
Finding unused cells or wires in module $paramod$5ef3be0bfad1454aaa6432c4ab405bbd7cbab26b\multiplexer..
Finding unused cells or wires in module $paramod$6a3d32cf08b5e9a4d56891e3d8781ccd4215c4af\multiplexer..
Finding unused cells or wires in module $paramod$99da07bf27abaac915a8c95d36d6f2808394e702\multiplexer..
Finding unused cells or wires in module $paramod$e358a763f16798cd10903dfd37e7986c0fbbe40f\register..
Finding unused cells or wires in module $paramod\adder\WIDTH=s32'00000000000000000000000000100000..
Finding unused cells or wires in module $paramod\multiplexer2\WIDTH=s32'00000000000000000000000000100000..
Finding unused cells or wires in module $paramod\multiplexer4\WIDTH=s32'00000000000000000000000000100000..
Finding unused cells or wires in module $paramod\multiplexer8\WIDTH=s32'00000000000000000000000000100000..
Finding unused cells or wires in module \alu..
Finding unused cells or wires in module \alu_control..
Finding unused cells or wires in module \control_transfer..
Finding unused cells or wires in module \data_memory_interface..
Finding unused cells or wires in module \immediate_generator..
Finding unused cells or wires in module \instruction_decoder..
Finding unused cells or wires in module \regfile..
Finding unused cells or wires in module \riscv_core..
Finding unused cells or wires in module \singlecycle_control..
Finding unused cells or wires in module \singlecycle_ctlpath..
Finding unused cells or wires in module \singlecycle_datapath..
Removed 0 unused cells and 114 unused wires.
<suppressed ~3 debug messages>

29.19.9. Executing OPT_EXPR pass (perform const folding).
Optimizing module $paramod$5ef3be0bfad1454aaa6432c4ab405bbd7cbab26b\multiplexer.
Optimizing module $paramod$6a3d32cf08b5e9a4d56891e3d8781ccd4215c4af\multiplexer.
Optimizing module $paramod$99da07bf27abaac915a8c95d36d6f2808394e702\multiplexer.
Optimizing module $paramod$e358a763f16798cd10903dfd37e7986c0fbbe40f\register.
Optimizing module $paramod\adder\WIDTH=s32'00000000000000000000000000100000.
Optimizing module $paramod\multiplexer2\WIDTH=s32'00000000000000000000000000100000.
Optimizing module $paramod\multiplexer4\WIDTH=s32'00000000000000000000000000100000.
Optimizing module $paramod\multiplexer8\WIDTH=s32'00000000000000000000000000100000.
Optimizing module alu.
Optimizing module alu_control.
<suppressed ~1 debug messages>
Optimizing module control_transfer.
Optimizing module data_memory_interface.
<suppressed ~1 debug messages>
Optimizing module immediate_generator.
Optimizing module instruction_decoder.
Optimizing module regfile.
Optimizing module riscv_core.
Optimizing module singlecycle_control.
Optimizing module singlecycle_ctlpath.
Optimizing module singlecycle_datapath.

29.19.10. Rerunning OPT passes. (Maybe there is more to do..)

29.19.11. Executing OPT_MUXTREE pass (detect dead branches in mux trees).
Running muxtree optimizer on module $paramod$5ef3be0bfad1454aaa6432c4ab405bbd7cbab26b\multiplexer..
  Creating internal representation of mux trees.
  Evaluating internal representation of mux trees.
  Analyzing evaluation results.
Running muxtree optimizer on module $paramod$6a3d32cf08b5e9a4d56891e3d8781ccd4215c4af\multiplexer..
  Creating internal representation of mux trees.
  Evaluating internal representation of mux trees.
  Analyzing evaluation results.
Running muxtree optimizer on module $paramod$99da07bf27abaac915a8c95d36d6f2808394e702\multiplexer..
  Creating internal representation of mux trees.
  Evaluating internal representation of mux trees.
  Analyzing evaluation results.
Running muxtree optimizer on module $paramod$e358a763f16798cd10903dfd37e7986c0fbbe40f\register..
  Creating internal representation of mux trees.
  No muxes found in this module.
Running muxtree optimizer on module $paramod\adder\WIDTH=s32'00000000000000000000000000100000..
  Creating internal representation of mux trees.
  No muxes found in this module.
Running muxtree optimizer on module $paramod\multiplexer2\WIDTH=s32'00000000000000000000000000100000..
  Creating internal representation of mux trees.
  No muxes found in this module.
Running muxtree optimizer on module $paramod\multiplexer4\WIDTH=s32'00000000000000000000000000100000..
  Creating internal representation of mux trees.
  No muxes found in this module.
Running muxtree optimizer on module $paramod\multiplexer8\WIDTH=s32'00000000000000000000000000100000..
  Creating internal representation of mux trees.
  No muxes found in this module.
Running muxtree optimizer on module \alu..
  Creating internal representation of mux trees.
  Evaluating internal representation of mux trees.
  Analyzing evaluation results.
Running muxtree optimizer on module \alu_control..
  Creating internal representation of mux trees.
  Evaluating internal representation of mux trees.
  Analyzing evaluation results.
Running muxtree optimizer on module \control_transfer..
  Creating internal representation of mux trees.
  Evaluating internal representation of mux trees.
  Analyzing evaluation results.
Running muxtree optimizer on module \data_memory_interface..
  Creating internal representation of mux trees.
  Evaluating internal representation of mux trees.
  Analyzing evaluation results.
Running muxtree optimizer on module \immediate_generator..
  Creating internal representation of mux trees.
  Evaluating internal representation of mux trees.
  Analyzing evaluation results.
Running muxtree optimizer on module \instruction_decoder..
  Creating internal representation of mux trees.
  No muxes found in this module.
Running muxtree optimizer on module \regfile..
  Creating internal representation of mux trees.
  Evaluating internal representation of mux trees.
  Analyzing evaluation results.
Running muxtree optimizer on module \riscv_core..
  Creating internal representation of mux trees.
  No muxes found in this module.
Running muxtree optimizer on module \singlecycle_control..
  Creating internal representation of mux trees.
  Evaluating internal representation of mux trees.
  Analyzing evaluation results.
Running muxtree optimizer on module \singlecycle_ctlpath..
  Creating internal representation of mux trees.
  No muxes found in this module.
Running muxtree optimizer on module \singlecycle_datapath..
  Creating internal representation of mux trees.
  No muxes found in this module.
Removed 0 multiplexer ports.
<suppressed ~179 debug messages>

29.19.12. Executing OPT_REDUCE pass (consolidate $*mux and $reduce_* inputs).
  Optimizing cells in module $paramod$5ef3be0bfad1454aaa6432c4ab405bbd7cbab26b\multiplexer.
  Optimizing cells in module $paramod$6a3d32cf08b5e9a4d56891e3d8781ccd4215c4af\multiplexer.
  Optimizing cells in module $paramod$99da07bf27abaac915a8c95d36d6f2808394e702\multiplexer.
  Optimizing cells in module $paramod$e358a763f16798cd10903dfd37e7986c0fbbe40f\register.
  Optimizing cells in module $paramod\adder\WIDTH=s32'00000000000000000000000000100000.
  Optimizing cells in module $paramod\multiplexer2\WIDTH=s32'00000000000000000000000000100000.
  Optimizing cells in module $paramod\multiplexer4\WIDTH=s32'00000000000000000000000000100000.
  Optimizing cells in module $paramod\multiplexer8\WIDTH=s32'00000000000000000000000000100000.
  Optimizing cells in module \alu.
  Optimizing cells in module \alu_control.
  Optimizing cells in module \control_transfer.
  Optimizing cells in module \data_memory_interface.
    Consolidated identical input bits for $pmux cell $auto$opt_share.cc:246:merge_operators$909:
      Old ports: A=4'0001, B=8'00111111, Y=$auto$rtlil.cc:3404:Pmux$910
      New ports: A=2'00, B=4'0111, Y=$auto$rtlil.cc:3404:Pmux$910 [2:1]
      New connections: { $auto$rtlil.cc:3404:Pmux$910 [3] $auto$rtlil.cc:3404:Pmux$910 [0] } = { $auto$rtlil.cc:3404:Pmux$910 [2] 1'1 }
    New ctrl vector for $pmux cell $procmux$278: $auto$opt_reduce.cc:137:opt_pmux$912
  Optimizing cells in module \data_memory_interface.
  Optimizing cells in module \immediate_generator.
  Optimizing cells in module \instruction_decoder.
  Optimizing cells in module \regfile.
  Optimizing cells in module \riscv_core.
  Optimizing cells in module \singlecycle_control.
  Optimizing cells in module \singlecycle_ctlpath.
  Optimizing cells in module \singlecycle_datapath.
Performed a total of 2 changes.

29.19.13. Executing OPT_MERGE pass (detect identical cells).
Finding identical cells in module `$paramod$5ef3be0bfad1454aaa6432c4ab405bbd7cbab26b\multiplexer'.
Computing hashes of 8 cells of `$paramod$5ef3be0bfad1454aaa6432c4ab405bbd7cbab26b\multiplexer'.
Finding duplicate cells in `$paramod$5ef3be0bfad1454aaa6432c4ab405bbd7cbab26b\multiplexer'.
Finding identical cells in module `$paramod$6a3d32cf08b5e9a4d56891e3d8781ccd4215c4af\multiplexer'.
Computing hashes of 1 cells of `$paramod$6a3d32cf08b5e9a4d56891e3d8781ccd4215c4af\multiplexer'.
Finding duplicate cells in `$paramod$6a3d32cf08b5e9a4d56891e3d8781ccd4215c4af\multiplexer'.
Finding identical cells in module `$paramod$99da07bf27abaac915a8c95d36d6f2808394e702\multiplexer'.
Computing hashes of 4 cells of `$paramod$99da07bf27abaac915a8c95d36d6f2808394e702\multiplexer'.
Finding duplicate cells in `$paramod$99da07bf27abaac915a8c95d36d6f2808394e702\multiplexer'.
Finding identical cells in module `$paramod$e358a763f16798cd10903dfd37e7986c0fbbe40f\register'.
Computing hashes of 1 cells of `$paramod$e358a763f16798cd10903dfd37e7986c0fbbe40f\register'.
Finding duplicate cells in `$paramod$e358a763f16798cd10903dfd37e7986c0fbbe40f\register'.
Finding identical cells in module `$paramod\adder\WIDTH=s32'00000000000000000000000000100000'.
Computing hashes of 1 cells of `$paramod\adder\WIDTH=s32'00000000000000000000000000100000'.
Finding duplicate cells in `$paramod\adder\WIDTH=s32'00000000000000000000000000100000'.
Finding identical cells in module `$paramod\multiplexer2\WIDTH=s32'00000000000000000000000000100000'.
Computing hashes of 1 cells of `$paramod\multiplexer2\WIDTH=s32'00000000000000000000000000100000'.
Finding duplicate cells in `$paramod\multiplexer2\WIDTH=s32'00000000000000000000000000100000'.
Finding identical cells in module `$paramod\multiplexer4\WIDTH=s32'00000000000000000000000000100000'.
Computing hashes of 1 cells of `$paramod\multiplexer4\WIDTH=s32'00000000000000000000000000100000'.
Finding duplicate cells in `$paramod\multiplexer4\WIDTH=s32'00000000000000000000000000100000'.
Finding identical cells in module `$paramod\multiplexer8\WIDTH=s32'00000000000000000000000000100000'.
Computing hashes of 1 cells of `$paramod\multiplexer8\WIDTH=s32'00000000000000000000000000100000'.
Finding duplicate cells in `$paramod\multiplexer8\WIDTH=s32'00000000000000000000000000100000'.
Finding identical cells in module `\alu'.
Computing hashes of 25 cells of `\alu'.
Finding duplicate cells in `\alu'.
Finding identical cells in module `\alu_control'.
Computing hashes of 20 cells of `\alu_control'.
Finding duplicate cells in `\alu_control'.
Finding identical cells in module `\control_transfer'.
Computing hashes of 10 cells of `\control_transfer'.
Finding duplicate cells in `\control_transfer'.
Finding identical cells in module `\data_memory_interface'.
Computing hashes of 13 cells of `\data_memory_interface'.
Finding duplicate cells in `\data_memory_interface'.
Finding identical cells in module `\immediate_generator'.
Computing hashes of 14 cells of `\immediate_generator'.
Finding duplicate cells in `\immediate_generator'.
Finding identical cells in module `\instruction_decoder'.
Computing hashes of 0 cells of `\instruction_decoder'.
Finding duplicate cells in `\instruction_decoder'.
Finding identical cells in module `\regfile'.
Computing hashes of 213 cells of `\regfile'.
Finding duplicate cells in `\regfile'.
Finding identical cells in module `\riscv_core'.
Computing hashes of 3 cells of `\riscv_core'.
Finding duplicate cells in `\riscv_core'.
Finding identical cells in module `\singlecycle_control'.
Computing hashes of 20 cells of `\singlecycle_control'.
Finding duplicate cells in `\singlecycle_control'.
Finding identical cells in module `\singlecycle_ctlpath'.
Computing hashes of 3 cells of `\singlecycle_ctlpath'.
Finding duplicate cells in `\singlecycle_ctlpath'.
Finding identical cells in module `\singlecycle_datapath'.
Computing hashes of 11 cells of `\singlecycle_datapath'.
Finding duplicate cells in `\singlecycle_datapath'.
Removed a total of 0 cells.

29.19.14. Executing OPT_SHARE pass.

29.19.15. Executing OPT_DFF pass (perform DFF optimizations).
Adding EN signal on $memory\register[0]$414 ($dff) from module regfile (D = \rd_data, Q = \register[0]).
Adding EN signal on $memory\register[1]$416 ($dff) from module regfile (D = \rd_data, Q = \register[1]).
Adding EN signal on $memory\register[2]$418 ($dff) from module regfile (D = \rd_data, Q = \register[2]).
Adding EN signal on $memory\register[3]$420 ($dff) from module regfile (D = \rd_data, Q = \register[3]).
Adding EN signal on $memory\register[4]$422 ($dff) from module regfile (D = \rd_data, Q = \register[4]).
Adding EN signal on $memory\register[5]$424 ($dff) from module regfile (D = \rd_data, Q = \register[5]).
Adding EN signal on $memory\register[6]$426 ($dff) from module regfile (D = \rd_data, Q = \register[6]).
Adding EN signal on $memory\register[7]$428 ($dff) from module regfile (D = \rd_data, Q = \register[7]).
Adding EN signal on $memory\register[8]$430 ($dff) from module regfile (D = \rd_data, Q = \register[8]).
Adding EN signal on $memory\register[9]$432 ($dff) from module regfile (D = \rd_data, Q = \register[9]).
Adding EN signal on $memory\register[10]$434 ($dff) from module regfile (D = \rd_data, Q = \register[10]).
Adding EN signal on $memory\register[11]$436 ($dff) from module regfile (D = \rd_data, Q = \register[11]).
Adding EN signal on $memory\register[12]$438 ($dff) from module regfile (D = \rd_data, Q = \register[12]).
Adding EN signal on $memory\register[13]$440 ($dff) from module regfile (D = \rd_data, Q = \register[13]).
Adding EN signal on $memory\register[14]$442 ($dff) from module regfile (D = \rd_data, Q = \register[14]).
Adding EN signal on $memory\register[15]$444 ($dff) from module regfile (D = \rd_data, Q = \register[15]).
Adding EN signal on $memory\register[16]$446 ($dff) from module regfile (D = \rd_data, Q = \register[16]).
Adding EN signal on $memory\register[17]$448 ($dff) from module regfile (D = \rd_data, Q = \register[17]).
Adding EN signal on $memory\register[18]$450 ($dff) from module regfile (D = \rd_data, Q = \register[18]).
Adding EN signal on $memory\register[19]$452 ($dff) from module regfile (D = \rd_data, Q = \register[19]).
Adding EN signal on $memory\register[20]$454 ($dff) from module regfile (D = \rd_data, Q = \register[20]).
Adding EN signal on $memory\register[21]$456 ($dff) from module regfile (D = \rd_data, Q = \register[21]).
Adding EN signal on $memory\register[22]$458 ($dff) from module regfile (D = \rd_data, Q = \register[22]).
Adding EN signal on $memory\register[23]$460 ($dff) from module regfile (D = \rd_data, Q = \register[23]).
Adding EN signal on $memory\register[24]$462 ($dff) from module regfile (D = \rd_data, Q = \register[24]).
Adding EN signal on $memory\register[25]$464 ($dff) from module regfile (D = \rd_data, Q = \register[25]).
Adding EN signal on $memory\register[26]$466 ($dff) from module regfile (D = \rd_data, Q = \register[26]).
Adding EN signal on $memory\register[27]$468 ($dff) from module regfile (D = \rd_data, Q = \register[27]).
Adding EN signal on $memory\register[28]$470 ($dff) from module regfile (D = \rd_data, Q = \register[28]).
Adding EN signal on $memory\register[29]$472 ($dff) from module regfile (D = \rd_data, Q = \register[29]).
Adding EN signal on $memory\register[30]$474 ($dff) from module regfile (D = \rd_data, Q = \register[30]).
Adding EN signal on $memory\register[31]$476 ($dff) from module regfile (D = \rd_data, Q = \register[31]).

29.19.16. Executing OPT_CLEAN pass (remove unused cells and wires).
Finding unused cells or wires in module $paramod$5ef3be0bfad1454aaa6432c4ab405bbd7cbab26b\multiplexer..
Finding unused cells or wires in module $paramod$6a3d32cf08b5e9a4d56891e3d8781ccd4215c4af\multiplexer..
Finding unused cells or wires in module $paramod$99da07bf27abaac915a8c95d36d6f2808394e702\multiplexer..
Finding unused cells or wires in module $paramod$e358a763f16798cd10903dfd37e7986c0fbbe40f\register..
Finding unused cells or wires in module $paramod\adder\WIDTH=s32'00000000000000000000000000100000..
Finding unused cells or wires in module $paramod\multiplexer2\WIDTH=s32'00000000000000000000000000100000..
Finding unused cells or wires in module $paramod\multiplexer4\WIDTH=s32'00000000000000000000000000100000..
Finding unused cells or wires in module $paramod\multiplexer8\WIDTH=s32'00000000000000000000000000100000..
Finding unused cells or wires in module \alu..
Finding unused cells or wires in module \alu_control..
Finding unused cells or wires in module \control_transfer..
Finding unused cells or wires in module \data_memory_interface..
Finding unused cells or wires in module \immediate_generator..
Finding unused cells or wires in module \instruction_decoder..
Finding unused cells or wires in module \regfile..
Finding unused cells or wires in module \riscv_core..
Finding unused cells or wires in module \singlecycle_control..
Finding unused cells or wires in module \singlecycle_ctlpath..
Finding unused cells or wires in module \singlecycle_datapath..
Removed 32 unused cells and 33 unused wires.
<suppressed ~34 debug messages>

29.19.17. Executing OPT_EXPR pass (perform const folding).
Optimizing module $paramod$5ef3be0bfad1454aaa6432c4ab405bbd7cbab26b\multiplexer.
Optimizing module $paramod$6a3d32cf08b5e9a4d56891e3d8781ccd4215c4af\multiplexer.
Optimizing module $paramod$99da07bf27abaac915a8c95d36d6f2808394e702\multiplexer.
Optimizing module $paramod$e358a763f16798cd10903dfd37e7986c0fbbe40f\register.
Optimizing module $paramod\adder\WIDTH=s32'00000000000000000000000000100000.
Optimizing module $paramod\multiplexer2\WIDTH=s32'00000000000000000000000000100000.
Optimizing module $paramod\multiplexer4\WIDTH=s32'00000000000000000000000000100000.
Optimizing module $paramod\multiplexer8\WIDTH=s32'00000000000000000000000000100000.
Optimizing module alu.
Optimizing module alu_control.
Optimizing module control_transfer.
Optimizing module data_memory_interface.
Optimizing module immediate_generator.
Optimizing module instruction_decoder.
Optimizing module regfile.
Optimizing module riscv_core.
Optimizing module singlecycle_control.
Optimizing module singlecycle_ctlpath.
Optimizing module singlecycle_datapath.

29.19.18. Rerunning OPT passes. (Maybe there is more to do..)

29.19.19. Executing OPT_MUXTREE pass (detect dead branches in mux trees).
Running muxtree optimizer on module $paramod$5ef3be0bfad1454aaa6432c4ab405bbd7cbab26b\multiplexer..
  Creating internal representation of mux trees.
  Evaluating internal representation of mux trees.
  Analyzing evaluation results.
Running muxtree optimizer on module $paramod$6a3d32cf08b5e9a4d56891e3d8781ccd4215c4af\multiplexer..
  Creating internal representation of mux trees.
  Evaluating internal representation of mux trees.
  Analyzing evaluation results.
Running muxtree optimizer on module $paramod$99da07bf27abaac915a8c95d36d6f2808394e702\multiplexer..
  Creating internal representation of mux trees.
  Evaluating internal representation of mux trees.
  Analyzing evaluation results.
Running muxtree optimizer on module $paramod$e358a763f16798cd10903dfd37e7986c0fbbe40f\register..
  Creating internal representation of mux trees.
  No muxes found in this module.
Running muxtree optimizer on module $paramod\adder\WIDTH=s32'00000000000000000000000000100000..
  Creating internal representation of mux trees.
  No muxes found in this module.
Running muxtree optimizer on module $paramod\multiplexer2\WIDTH=s32'00000000000000000000000000100000..
  Creating internal representation of mux trees.
  No muxes found in this module.
Running muxtree optimizer on module $paramod\multiplexer4\WIDTH=s32'00000000000000000000000000100000..
  Creating internal representation of mux trees.
  No muxes found in this module.
Running muxtree optimizer on module $paramod\multiplexer8\WIDTH=s32'00000000000000000000000000100000..
  Creating internal representation of mux trees.
  No muxes found in this module.
Running muxtree optimizer on module \alu..
  Creating internal representation of mux trees.
  Evaluating internal representation of mux trees.
  Analyzing evaluation results.
Running muxtree optimizer on module \alu_control..
  Creating internal representation of mux trees.
  Evaluating internal representation of mux trees.
  Analyzing evaluation results.
Running muxtree optimizer on module \control_transfer..
  Creating internal representation of mux trees.
  Evaluating internal representation of mux trees.
  Analyzing evaluation results.
Running muxtree optimizer on module \data_memory_interface..
  Creating internal representation of mux trees.
  Evaluating internal representation of mux trees.
  Analyzing evaluation results.
Running muxtree optimizer on module \immediate_generator..
  Creating internal representation of mux trees.
  Evaluating internal representation of mux trees.
  Analyzing evaluation results.
Running muxtree optimizer on module \instruction_decoder..
  Creating internal representation of mux trees.
  No muxes found in this module.
Running muxtree optimizer on module \regfile..
  Creating internal representation of mux trees.
  Evaluating internal representation of mux trees.
  Analyzing evaluation results.
Running muxtree optimizer on module \riscv_core..
  Creating internal representation of mux trees.
  No muxes found in this module.
Running muxtree optimizer on module \singlecycle_control..
  Creating internal representation of mux trees.
  Evaluating internal representation of mux trees.
  Analyzing evaluation results.
Running muxtree optimizer on module \singlecycle_ctlpath..
  Creating internal representation of mux trees.
  No muxes found in this module.
Running muxtree optimizer on module \singlecycle_datapath..
  Creating internal representation of mux trees.
  No muxes found in this module.
Removed 0 multiplexer ports.
<suppressed ~115 debug messages>

29.19.20. Executing OPT_REDUCE pass (consolidate $*mux and $reduce_* inputs).
  Optimizing cells in module $paramod$5ef3be0bfad1454aaa6432c4ab405bbd7cbab26b\multiplexer.
  Optimizing cells in module $paramod$6a3d32cf08b5e9a4d56891e3d8781ccd4215c4af\multiplexer.
  Optimizing cells in module $paramod$99da07bf27abaac915a8c95d36d6f2808394e702\multiplexer.
  Optimizing cells in module $paramod$e358a763f16798cd10903dfd37e7986c0fbbe40f\register.
  Optimizing cells in module $paramod\adder\WIDTH=s32'00000000000000000000000000100000.
  Optimizing cells in module $paramod\multiplexer2\WIDTH=s32'00000000000000000000000000100000.
  Optimizing cells in module $paramod\multiplexer4\WIDTH=s32'00000000000000000000000000100000.
  Optimizing cells in module $paramod\multiplexer8\WIDTH=s32'00000000000000000000000000100000.
  Optimizing cells in module \alu.
  Optimizing cells in module \alu_control.
  Optimizing cells in module \control_transfer.
  Optimizing cells in module \data_memory_interface.
  Optimizing cells in module \immediate_generator.
  Optimizing cells in module \instruction_decoder.
  Optimizing cells in module \regfile.
  Optimizing cells in module \riscv_core.
  Optimizing cells in module \singlecycle_control.
  Optimizing cells in module \singlecycle_ctlpath.
  Optimizing cells in module \singlecycle_datapath.
Performed a total of 0 changes.

29.19.21. Executing OPT_MERGE pass (detect identical cells).
Finding identical cells in module `$paramod$5ef3be0bfad1454aaa6432c4ab405bbd7cbab26b\multiplexer'.
Computing hashes of 8 cells of `$paramod$5ef3be0bfad1454aaa6432c4ab405bbd7cbab26b\multiplexer'.
Finding duplicate cells in `$paramod$5ef3be0bfad1454aaa6432c4ab405bbd7cbab26b\multiplexer'.
Finding identical cells in module `$paramod$6a3d32cf08b5e9a4d56891e3d8781ccd4215c4af\multiplexer'.
Computing hashes of 1 cells of `$paramod$6a3d32cf08b5e9a4d56891e3d8781ccd4215c4af\multiplexer'.
Finding duplicate cells in `$paramod$6a3d32cf08b5e9a4d56891e3d8781ccd4215c4af\multiplexer'.
Finding identical cells in module `$paramod$99da07bf27abaac915a8c95d36d6f2808394e702\multiplexer'.
Computing hashes of 4 cells of `$paramod$99da07bf27abaac915a8c95d36d6f2808394e702\multiplexer'.
Finding duplicate cells in `$paramod$99da07bf27abaac915a8c95d36d6f2808394e702\multiplexer'.
Finding identical cells in module `$paramod$e358a763f16798cd10903dfd37e7986c0fbbe40f\register'.
Computing hashes of 1 cells of `$paramod$e358a763f16798cd10903dfd37e7986c0fbbe40f\register'.
Finding duplicate cells in `$paramod$e358a763f16798cd10903dfd37e7986c0fbbe40f\register'.
Finding identical cells in module `$paramod\adder\WIDTH=s32'00000000000000000000000000100000'.
Computing hashes of 1 cells of `$paramod\adder\WIDTH=s32'00000000000000000000000000100000'.
Finding duplicate cells in `$paramod\adder\WIDTH=s32'00000000000000000000000000100000'.
Finding identical cells in module `$paramod\multiplexer2\WIDTH=s32'00000000000000000000000000100000'.
Computing hashes of 1 cells of `$paramod\multiplexer2\WIDTH=s32'00000000000000000000000000100000'.
Finding duplicate cells in `$paramod\multiplexer2\WIDTH=s32'00000000000000000000000000100000'.
Finding identical cells in module `$paramod\multiplexer4\WIDTH=s32'00000000000000000000000000100000'.
Computing hashes of 1 cells of `$paramod\multiplexer4\WIDTH=s32'00000000000000000000000000100000'.
Finding duplicate cells in `$paramod\multiplexer4\WIDTH=s32'00000000000000000000000000100000'.
Finding identical cells in module `$paramod\multiplexer8\WIDTH=s32'00000000000000000000000000100000'.
Computing hashes of 1 cells of `$paramod\multiplexer8\WIDTH=s32'00000000000000000000000000100000'.
Finding duplicate cells in `$paramod\multiplexer8\WIDTH=s32'00000000000000000000000000100000'.
Finding identical cells in module `\alu'.
Computing hashes of 25 cells of `\alu'.
Finding duplicate cells in `\alu'.
Finding identical cells in module `\alu_control'.
Computing hashes of 20 cells of `\alu_control'.
Finding duplicate cells in `\alu_control'.
Finding identical cells in module `\control_transfer'.
Computing hashes of 10 cells of `\control_transfer'.
Finding duplicate cells in `\control_transfer'.
Finding identical cells in module `\data_memory_interface'.
Computing hashes of 13 cells of `\data_memory_interface'.
Finding duplicate cells in `\data_memory_interface'.
Finding identical cells in module `\immediate_generator'.
Computing hashes of 14 cells of `\immediate_generator'.
Finding duplicate cells in `\immediate_generator'.
Finding identical cells in module `\instruction_decoder'.
Computing hashes of 0 cells of `\instruction_decoder'.
Finding duplicate cells in `\instruction_decoder'.
Finding identical cells in module `\regfile'.
Computing hashes of 181 cells of `\regfile'.
Finding duplicate cells in `\regfile'.
Finding identical cells in module `\riscv_core'.
Computing hashes of 3 cells of `\riscv_core'.
Finding duplicate cells in `\riscv_core'.
Finding identical cells in module `\singlecycle_control'.
Computing hashes of 20 cells of `\singlecycle_control'.
Finding duplicate cells in `\singlecycle_control'.
Finding identical cells in module `\singlecycle_ctlpath'.
Computing hashes of 3 cells of `\singlecycle_ctlpath'.
Finding duplicate cells in `\singlecycle_ctlpath'.
Finding identical cells in module `\singlecycle_datapath'.
Computing hashes of 11 cells of `\singlecycle_datapath'.
Finding duplicate cells in `\singlecycle_datapath'.
Removed a total of 0 cells.

29.19.22. Executing OPT_SHARE pass.

29.19.23. Executing OPT_DFF pass (perform DFF optimizations).

29.19.24. Executing OPT_CLEAN pass (remove unused cells and wires).
Finding unused cells or wires in module $paramod$5ef3be0bfad1454aaa6432c4ab405bbd7cbab26b\multiplexer..
Finding unused cells or wires in module $paramod$6a3d32cf08b5e9a4d56891e3d8781ccd4215c4af\multiplexer..
Finding unused cells or wires in module $paramod$99da07bf27abaac915a8c95d36d6f2808394e702\multiplexer..
Finding unused cells or wires in module $paramod$e358a763f16798cd10903dfd37e7986c0fbbe40f\register..
Finding unused cells or wires in module $paramod\adder\WIDTH=s32'00000000000000000000000000100000..
Finding unused cells or wires in module $paramod\multiplexer2\WIDTH=s32'00000000000000000000000000100000..
Finding unused cells or wires in module $paramod\multiplexer4\WIDTH=s32'00000000000000000000000000100000..
Finding unused cells or wires in module $paramod\multiplexer8\WIDTH=s32'00000000000000000000000000100000..
Finding unused cells or wires in module \alu..
Finding unused cells or wires in module \alu_control..
Finding unused cells or wires in module \control_transfer..
Finding unused cells or wires in module \data_memory_interface..
Finding unused cells or wires in module \immediate_generator..
Finding unused cells or wires in module \instruction_decoder..
Finding unused cells or wires in module \regfile..
Finding unused cells or wires in module \riscv_core..
Finding unused cells or wires in module \singlecycle_control..
Finding unused cells or wires in module \singlecycle_ctlpath..
Finding unused cells or wires in module \singlecycle_datapath..

29.19.25. Executing OPT_EXPR pass (perform const folding).
Optimizing module $paramod$5ef3be0bfad1454aaa6432c4ab405bbd7cbab26b\multiplexer.
Optimizing module $paramod$6a3d32cf08b5e9a4d56891e3d8781ccd4215c4af\multiplexer.
Optimizing module $paramod$99da07bf27abaac915a8c95d36d6f2808394e702\multiplexer.
Optimizing module $paramod$e358a763f16798cd10903dfd37e7986c0fbbe40f\register.
Optimizing module $paramod\adder\WIDTH=s32'00000000000000000000000000100000.
Optimizing module $paramod\multiplexer2\WIDTH=s32'00000000000000000000000000100000.
Optimizing module $paramod\multiplexer4\WIDTH=s32'00000000000000000000000000100000.
Optimizing module $paramod\multiplexer8\WIDTH=s32'00000000000000000000000000100000.
Optimizing module alu.
Optimizing module alu_control.
Optimizing module control_transfer.
Optimizing module data_memory_interface.
Optimizing module immediate_generator.
Optimizing module instruction_decoder.
Optimizing module regfile.
Optimizing module riscv_core.
Optimizing module singlecycle_control.
Optimizing module singlecycle_ctlpath.
Optimizing module singlecycle_datapath.

29.19.26. Finished fast OPT passes. (There is nothing left to do.)

29.20. Executing TECHMAP pass (map to technology primitives).

29.20.1. Executing Verilog-2005 frontend: /opt/oss-cad-suite/lib/../share/yosys/techmap.v
Parsing Verilog input from `/opt/oss-cad-suite/lib/../share/yosys/techmap.v' to AST representation.
Generating RTLIL representation for module `\_90_simplemap_bool_ops'.
Generating RTLIL representation for module `\_90_simplemap_reduce_ops'.
Generating RTLIL representation for module `\_90_simplemap_logic_ops'.
Generating RTLIL representation for module `\_90_simplemap_compare_ops'.
Generating RTLIL representation for module `\_90_simplemap_various'.
Generating RTLIL representation for module `\_90_simplemap_registers'.
Generating RTLIL representation for module `\_90_shift_ops_shr_shl_sshl_sshr'.
Generating RTLIL representation for module `\_90_shift_shiftx'.
Generating RTLIL representation for module `\_90_fa'.
Generating RTLIL representation for module `\_90_lcu_brent_kung'.
Generating RTLIL representation for module `\_90_alu'.
Generating RTLIL representation for module `\_90_macc'.
Generating RTLIL representation for module `\_90_alumacc'.
Generating RTLIL representation for module `$__div_mod_u'.
Generating RTLIL representation for module `$__div_mod_trunc'.
Generating RTLIL representation for module `\_90_div'.
Generating RTLIL representation for module `\_90_mod'.
Generating RTLIL representation for module `$__div_mod_floor'.
Generating RTLIL representation for module `\_90_divfloor'.
Generating RTLIL representation for module `\_90_modfloor'.
Generating RTLIL representation for module `\_90_pow'.
Generating RTLIL representation for module `\_90_demux'.
Generating RTLIL representation for module `\_90_lut'.
Generating RTLIL representation for module `$connect'.
Generating RTLIL representation for module `$input_port'.
Successfully finished Verilog frontend.

29.20.2. Continuing TECHMAP pass.
Using extmapper simplemap for cells of type $reduce_or.
Using extmapper simplemap for cells of type $eq.
Using extmapper simplemap for cells of type $pmux.
Using extmapper simplemap for cells of type $not.
Using extmapper simplemap for cells of type $dffe.
Using extmapper simplemap for cells of type $and.
Using extmapper simplemap for cells of type $mux.
Using extmapper simplemap for cells of type $reduce_bool.
Using template $paramod$constmap:02ee4fad4c1ffc2bbdc3e6fbc37bedbf9185352a$paramod$335cfd09f1afa8139c4aafcbbe5f361887b79c5e\_90_shift_ops_shr_shl_sshl_sshr for cells of type $shl.
Using template $paramod$constmap:6e3026a439ed4a6e7983ca0e910890cc59b2f7b2$paramod$7b0bb309dce042ecaf2e0bfa495da988fc49fdf1\_90_shift_ops_shr_shl_sshl_sshr for cells of type $shl.
Using template $paramod$constmap:02ee4fad4c1ffc2bbdc3e6fbc37bedbf9185352a$paramod$feecc7a0dbd012970970f2858f15e786e251f677\_90_shift_ops_shr_shl_sshl_sshr for cells of type $shr.
Using extmapper simplemap for cells of type $logic_not.
Using extmapper simplemap for cells of type $logic_and.
Using extmapper simplemap for cells of type $reduce_and.
Using extmapper simplemap for cells of type $xor.
Using template $paramod$2653f68ddb8eab7b1907b4a20767b72a824a7a36\_90_alu for cells of type $alu.
Using template $paramod$constmap:4621fcf06a436d1e2a4080e2ed9866a7d07a6e07$paramod$ccbcf9cf459c8d68b04688a9a5245ee9d295a0be\_90_shift_ops_shr_shl_sshl_sshr for cells of type $shl.
Using template $paramod$constmap:4621fcf06a436d1e2a4080e2ed9866a7d07a6e07$paramod$b8fb36dbb218c8f6b30171c756a8f8357614d906\_90_shift_ops_shr_shl_sshl_sshr for cells of type $shr.
Using template $paramod$constmap:4621fcf06a436d1e2a4080e2ed9866a7d07a6e07$paramod$e765c459d3029c22a22a27989e94858fd9ebfa9c\_90_shift_ops_shr_shl_sshl_sshr for cells of type $sshr.
Using extmapper simplemap for cells of type $or.
Using template $paramod\_90_fa\WIDTH=32'00000000000000000000000000100000 for cells of type $fa.
Using template $paramod\_90_lcu_brent_kung\WIDTH=32'00000000000000000000000000100000 for cells of type $lcu.
Using extmapper simplemap for cells of type $pos.
Using template $paramod$fbc7873bff55778c0b3173955b7e4bce1d9d6834\_90_alu for cells of type $alu.
Using extmapper simplemap for cells of type $adffe.
No more expansions possible.
<suppressed ~3314 debug messages>

29.21. Executing OPT pass (performing simple optimizations).

29.21.1. Executing OPT_EXPR pass (perform const folding).
Optimizing module $paramod$5ef3be0bfad1454aaa6432c4ab405bbd7cbab26b\multiplexer.
<suppressed ~21 debug messages>
Optimizing module $paramod$6a3d32cf08b5e9a4d56891e3d8781ccd4215c4af\multiplexer.
Optimizing module $paramod$99da07bf27abaac915a8c95d36d6f2808394e702\multiplexer.
<suppressed ~6 debug messages>
Optimizing module $paramod$e358a763f16798cd10903dfd37e7986c0fbbe40f\register.
Optimizing module $paramod\adder\WIDTH=s32'00000000000000000000000000100000.
<suppressed ~132 debug messages>
Optimizing module $paramod\multiplexer2\WIDTH=s32'00000000000000000000000000100000.
Optimizing module $paramod\multiplexer4\WIDTH=s32'00000000000000000000000000100000.
Optimizing module $paramod\multiplexer8\WIDTH=s32'00000000000000000000000000100000.
Optimizing module alu.
<suppressed ~504 debug messages>
Optimizing module alu_control.
<suppressed ~30 debug messages>
Optimizing module control_transfer.
<suppressed ~15 debug messages>
Optimizing module data_memory_interface.
<suppressed ~9 debug messages>
Optimizing module immediate_generator.
<suppressed ~98 debug messages>
Optimizing module instruction_decoder.
Optimizing module regfile.
Optimizing module riscv_core.
Optimizing module singlecycle_control.
<suppressed ~95 debug messages>
Optimizing module singlecycle_ctlpath.
Optimizing module singlecycle_datapath.

29.21.2. Executing OPT_MERGE pass (detect identical cells).
Finding identical cells in module `$paramod$5ef3be0bfad1454aaa6432c4ab405bbd7cbab26b\multiplexer'.
Computing hashes of 487 cells of `$paramod$5ef3be0bfad1454aaa6432c4ab405bbd7cbab26b\multiplexer'.
Finding duplicate cells in `$paramod$5ef3be0bfad1454aaa6432c4ab405bbd7cbab26b\multiplexer'.
Computing hashes of 478 cells of `$paramod$5ef3be0bfad1454aaa6432c4ab405bbd7cbab26b\multiplexer'.
Finding duplicate cells in `$paramod$5ef3be0bfad1454aaa6432c4ab405bbd7cbab26b\multiplexer'.
Computing hashes of 475 cells of `$paramod$5ef3be0bfad1454aaa6432c4ab405bbd7cbab26b\multiplexer'.
Finding duplicate cells in `$paramod$5ef3be0bfad1454aaa6432c4ab405bbd7cbab26b\multiplexer'.
<suppressed ~36 debug messages>
Finding identical cells in module `$paramod$6a3d32cf08b5e9a4d56891e3d8781ccd4215c4af\multiplexer'.
Computing hashes of 32 cells of `$paramod$6a3d32cf08b5e9a4d56891e3d8781ccd4215c4af\multiplexer'.
Finding duplicate cells in `$paramod$6a3d32cf08b5e9a4d56891e3d8781ccd4215c4af\multiplexer'.
Finding identical cells in module `$paramod$99da07bf27abaac915a8c95d36d6f2808394e702\multiplexer'.
Computing hashes of 204 cells of `$paramod$99da07bf27abaac915a8c95d36d6f2808394e702\multiplexer'.
Finding duplicate cells in `$paramod$99da07bf27abaac915a8c95d36d6f2808394e702\multiplexer'.
Computing hashes of 202 cells of `$paramod$99da07bf27abaac915a8c95d36d6f2808394e702\multiplexer'.
Finding duplicate cells in `$paramod$99da07bf27abaac915a8c95d36d6f2808394e702\multiplexer'.
<suppressed ~6 debug messages>
Finding identical cells in module `$paramod$e358a763f16798cd10903dfd37e7986c0fbbe40f\register'.
Computing hashes of 32 cells of `$paramod$e358a763f16798cd10903dfd37e7986c0fbbe40f\register'.
Finding duplicate cells in `$paramod$e358a763f16798cd10903dfd37e7986c0fbbe40f\register'.
Finding identical cells in module `$paramod\adder\WIDTH=s32'00000000000000000000000000100000'.
Computing hashes of 267 cells of `$paramod\adder\WIDTH=s32'00000000000000000000000000100000'.
Finding duplicate cells in `$paramod\adder\WIDTH=s32'00000000000000000000000000100000'.
Finding identical cells in module `$paramod\multiplexer2\WIDTH=s32'00000000000000000000000000100000'.
Computing hashes of 1 cells of `$paramod\multiplexer2\WIDTH=s32'00000000000000000000000000100000'.
Finding duplicate cells in `$paramod\multiplexer2\WIDTH=s32'00000000000000000000000000100000'.
Finding identical cells in module `$paramod\multiplexer4\WIDTH=s32'00000000000000000000000000100000'.
Computing hashes of 1 cells of `$paramod\multiplexer4\WIDTH=s32'00000000000000000000000000100000'.
Finding duplicate cells in `$paramod\multiplexer4\WIDTH=s32'00000000000000000000000000100000'.
Finding identical cells in module `$paramod\multiplexer8\WIDTH=s32'00000000000000000000000000100000'.
Computing hashes of 1 cells of `$paramod\multiplexer8\WIDTH=s32'00000000000000000000000000100000'.
Finding duplicate cells in `$paramod\multiplexer8\WIDTH=s32'00000000000000000000000000100000'.
Finding identical cells in module `\alu'.
Computing hashes of 1776 cells of `\alu'.
Finding duplicate cells in `\alu'.
Computing hashes of 1615 cells of `\alu'.
Finding duplicate cells in `\alu'.
Computing hashes of 1567 cells of `\alu'.
Finding duplicate cells in `\alu'.
Computing hashes of 1539 cells of `\alu'.
Finding duplicate cells in `\alu'.
Computing hashes of 1521 cells of `\alu'.
Finding duplicate cells in `\alu'.
Computing hashes of 1520 cells of `\alu'.
Finding duplicate cells in `\alu'.
<suppressed ~768 debug messages>
Finding identical cells in module `\alu_control'.
Computing hashes of 84 cells of `\alu_control'.
Finding duplicate cells in `\alu_control'.
Computing hashes of 74 cells of `\alu_control'.
Finding duplicate cells in `\alu_control'.
Computing hashes of 72 cells of `\alu_control'.
Finding duplicate cells in `\alu_control'.
<suppressed ~36 debug messages>
Finding identical cells in module `\control_transfer'.
Computing hashes of 37 cells of `\control_transfer'.
Finding duplicate cells in `\control_transfer'.
Computing hashes of 30 cells of `\control_transfer'.
Finding duplicate cells in `\control_transfer'.
Computing hashes of 29 cells of `\control_transfer'.
Finding duplicate cells in `\control_transfer'.
<suppressed ~24 debug messages>
Finding identical cells in module `\data_memory_interface'.
Computing hashes of 253 cells of `\data_memory_interface'.
Finding duplicate cells in `\data_memory_interface'.
Computing hashes of 235 cells of `\data_memory_interface'.
Finding duplicate cells in `\data_memory_interface'.
<suppressed ~54 debug messages>
Finding identical cells in module `\immediate_generator'.
Computing hashes of 410 cells of `\immediate_generator'.
Finding duplicate cells in `\immediate_generator'.
Computing hashes of 304 cells of `\immediate_generator'.
Finding duplicate cells in `\immediate_generator'.
Computing hashes of 266 cells of `\immediate_generator'.
Finding duplicate cells in `\immediate_generator'.
Computing hashes of 255 cells of `\immediate_generator'.
Finding duplicate cells in `\immediate_generator'.
<suppressed ~465 debug messages>
Finding identical cells in module `\instruction_decoder'.
Computing hashes of 0 cells of `\instruction_decoder'.
Finding duplicate cells in `\instruction_decoder'.
Finding identical cells in module `\regfile'.
Computing hashes of 3098 cells of `\regfile'.
Finding duplicate cells in `\regfile'.
Finding identical cells in module `\riscv_core'.
Computing hashes of 3 cells of `\riscv_core'.
Finding duplicate cells in `\riscv_core'.
Finding identical cells in module `\singlecycle_control'.
Computing hashes of 142 cells of `\singlecycle_control'.
Finding duplicate cells in `\singlecycle_control'.
Computing hashes of 102 cells of `\singlecycle_control'.
Finding duplicate cells in `\singlecycle_control'.
Computing hashes of 83 cells of `\singlecycle_control'.
Finding duplicate cells in `\singlecycle_control'.
Computing hashes of 72 cells of `\singlecycle_control'.
Finding duplicate cells in `\singlecycle_control'.
<suppressed ~210 debug messages>
Finding identical cells in module `\singlecycle_ctlpath'.
Computing hashes of 3 cells of `\singlecycle_ctlpath'.
Finding duplicate cells in `\singlecycle_ctlpath'.
Finding identical cells in module `\singlecycle_datapath'.
Computing hashes of 11 cells of `\singlecycle_datapath'.
Finding duplicate cells in `\singlecycle_datapath'.
Removed a total of 533 cells.

29.21.3. Executing OPT_DFF pass (perform DFF optimizations).

29.21.4. Executing OPT_CLEAN pass (remove unused cells and wires).
Finding unused cells or wires in module $paramod$5ef3be0bfad1454aaa6432c4ab405bbd7cbab26b\multiplexer..
Finding unused cells or wires in module $paramod$6a3d32cf08b5e9a4d56891e3d8781ccd4215c4af\multiplexer..
Finding unused cells or wires in module $paramod$99da07bf27abaac915a8c95d36d6f2808394e702\multiplexer..
Finding unused cells or wires in module $paramod$e358a763f16798cd10903dfd37e7986c0fbbe40f\register..
Finding unused cells or wires in module $paramod\adder\WIDTH=s32'00000000000000000000000000100000..
Finding unused cells or wires in module $paramod\multiplexer2\WIDTH=s32'00000000000000000000000000100000..
Finding unused cells or wires in module $paramod\multiplexer4\WIDTH=s32'00000000000000000000000000100000..
Finding unused cells or wires in module $paramod\multiplexer8\WIDTH=s32'00000000000000000000000000100000..
Finding unused cells or wires in module \alu..
Finding unused cells or wires in module \alu_control..
Finding unused cells or wires in module \control_transfer..
Finding unused cells or wires in module \data_memory_interface..
Finding unused cells or wires in module \immediate_generator..
Finding unused cells or wires in module \instruction_decoder..
Finding unused cells or wires in module \regfile..
Finding unused cells or wires in module \riscv_core..
Finding unused cells or wires in module \singlecycle_control..
Finding unused cells or wires in module \singlecycle_ctlpath..
Finding unused cells or wires in module \singlecycle_datapath..
Removed 61 unused cells and 744 unused wires.
<suppressed ~71 debug messages>

29.21.5. Finished fast OPT passes.

29.22. Executing ABC pass (technology mapping using ABC).

29.22.1. Extracting gate netlist of module `$paramod$5ef3be0bfad1454aaa6432c4ab405bbd7cbab26b\multiplexer' to `<abc-temp-dir>/input.blif'..

29.22.1.1. Executed ABC.
Extracted 475 gates and 734 wires to a netlist network with 259 inputs and 32 outputs.
Running ABC script: <abc-temp-dir>/abc.script
ABC: UC Berkeley, ABC 1.01 (compiled Jul 11 2026 03:57:20)
ABC: abc 01> empty
ABC: abc 01> source <abc-temp-dir>/abc.script
ABC: + read_blif <abc-temp-dir>/input.blif 
ABC: + read_library <abc-temp-dir>/stdcells.genlib 
ABC: + strash 
ABC: + &get -n 
ABC: + &fraig -x 
ABC: + &put 
ABC: + scorr 
ABC: Warning: The network is combinational (run "fraig" or "fraig_sweep").
ABC: + dc2 
ABC: + dretime 
ABC: + strash 
ABC: + &get -n 
ABC: + &dch -f 
ABC: + &nf 
ABC: + &put 
ABC: + write_blif <abc-temp-dir>/output.blif 
ABC: 
ABC: YOSYS_ABC_DONE 

29.22.1.2. Re-integrating ABC results.
ABC RESULTS:               AND cells:      197
ABC RESULTS:            ANDNOT cells:        6
ABC RESULTS:              NAND cells:      288
ABC RESULTS:               NOR cells:        1
ABC RESULTS:        internal signals:      443
ABC RESULTS:           input signals:      259
ABC RESULTS:          output signals:       32
Removing temp directory.

29.22.2. Extracting gate netlist of module `$paramod$6a3d32cf08b5e9a4d56891e3d8781ccd4215c4af\multiplexer' to `<abc-temp-dir>/input.blif'..

29.22.2.1. Executed ABC.
Extracted 32 gates and 97 wires to a netlist network with 65 inputs and 32 outputs.
Running ABC script: <abc-temp-dir>/abc.script
ABC: UC Berkeley, ABC 1.01 (compiled Jul 11 2026 03:57:20)
ABC: abc 01> empty
ABC: abc 01> source <abc-temp-dir>/abc.script
ABC: + read_blif <abc-temp-dir>/input.blif 
ABC: + read_library <abc-temp-dir>/stdcells.genlib 
ABC: + strash 
ABC: + &get -n 
ABC: + &fraig -x 
ABC: + &put 
ABC: + scorr 
ABC: Warning: The network is combinational (run "fraig" or "fraig_sweep").
ABC: + dc2 
ABC: + dretime 
ABC: + strash 
ABC: + &get -n 
ABC: + &dch -f 
ABC: + &nf 
ABC: + &put 
ABC: + write_blif <abc-temp-dir>/output.blif 
ABC: 
ABC: YOSYS_ABC_DONE 

29.22.2.2. Re-integrating ABC results.
ABC RESULTS:               MUX cells:       32
ABC RESULTS:        internal signals:        0
ABC RESULTS:           input signals:       65
ABC RESULTS:          output signals:       32
Removing temp directory.

29.22.3. Extracting gate netlist of module `$paramod$99da07bf27abaac915a8c95d36d6f2808394e702\multiplexer' to `<abc-temp-dir>/input.blif'..

29.22.3.1. Executed ABC.
Extracted 202 gates and 332 wires to a netlist network with 130 inputs and 32 outputs.
Running ABC script: <abc-temp-dir>/abc.script
ABC: UC Berkeley, ABC 1.01 (compiled Jul 11 2026 03:57:20)
ABC: abc 01> empty
ABC: abc 01> source <abc-temp-dir>/abc.script
ABC: + read_blif <abc-temp-dir>/input.blif 
ABC: + read_library <abc-temp-dir>/stdcells.genlib 
ABC: + strash 
ABC: + &get -n 
ABC: + &fraig -x 
ABC: + &put 
ABC: + scorr 
ABC: Warning: The network is combinational (run "fraig" or "fraig_sweep").
ABC: + dc2 
ABC: + dretime 
ABC: + strash 
ABC: + &get -n 
ABC: + &dch -f 
ABC: + &nf 
ABC: + &put 
ABC: + write_blif <abc-temp-dir>/output.blif 
ABC: 
ABC: YOSYS_ABC_DONE 

29.22.3.2. Re-integrating ABC results.
ABC RESULTS:               AND cells:       65
ABC RESULTS:            ANDNOT cells:        2
ABC RESULTS:              NAND cells:      160
ABC RESULTS:               NOR cells:        1
ABC RESULTS:        internal signals:      170
ABC RESULTS:           input signals:      130
ABC RESULTS:          output signals:       32
Removing temp directory.

29.22.4. Extracting gate netlist of module `$paramod$e358a763f16798cd10903dfd37e7986c0fbbe40f\register' to `<abc-temp-dir>/input.blif'..

29.22.4.1. Executed ABC.
Extracted 0 gates and 0 wires to a netlist network with 0 inputs and 0 outputs.
Don't call ABC as there is nothing to map.
Removing temp directory.

29.22.5. Extracting gate netlist of module `$paramod\adder\WIDTH=s32'00000000000000000000000000100000' to `<abc-temp-dir>/input.blif'..

29.22.5.1. Executed ABC.
Extracted 220 gates and 284 wires to a netlist network with 64 inputs and 32 outputs.
Running ABC script: <abc-temp-dir>/abc.script
ABC: UC Berkeley, ABC 1.01 (compiled Jul 11 2026 03:57:20)
ABC: abc 01> empty
ABC: abc 01> source <abc-temp-dir>/abc.script
ABC: + read_blif <abc-temp-dir>/input.blif 
ABC: + read_library <abc-temp-dir>/stdcells.genlib 
ABC: + strash 
ABC: + &get -n 
ABC: + &fraig -x 
ABC: + &put 
ABC: + scorr 
ABC: Warning: The network is combinational (run "fraig" or "fraig_sweep").
ABC: + dc2 
ABC: + dretime 
ABC: + strash 
ABC: + &get -n 
ABC: + &dch -f 
ABC: + &nf 
ABC: + &put 
ABC: + write_blif <abc-temp-dir>/output.blif 
ABC: 
ABC: YOSYS_ABC_DONE 

29.22.5.2. Re-integrating ABC results.
ABC RESULTS:               AND cells:        1
ABC RESULTS:              NAND cells:       98
ABC RESULTS:                OR cells:        8
ABC RESULTS:              XNOR cells:       10
ABC RESULTS:               XOR cells:       45
ABC RESULTS:        internal signals:      188
ABC RESULTS:           input signals:       64
ABC RESULTS:          output signals:       32
Removing temp directory.

29.22.6. Extracting gate netlist of module `$paramod\multiplexer2\WIDTH=s32'00000000000000000000000000100000' to `<abc-temp-dir>/input.blif'..

29.22.6.1. Executed ABC.
Extracted 0 gates and 0 wires to a netlist network with 0 inputs and 0 outputs.
Don't call ABC as there is nothing to map.
Removing temp directory.

29.22.7. Extracting gate netlist of module `$paramod\multiplexer4\WIDTH=s32'00000000000000000000000000100000' to `<abc-temp-dir>/input.blif'..

29.22.7.1. Executed ABC.
Extracted 0 gates and 0 wires to a netlist network with 0 inputs and 0 outputs.
Don't call ABC as there is nothing to map.
Removing temp directory.

29.22.8. Extracting gate netlist of module `$paramod\multiplexer8\WIDTH=s32'00000000000000000000000000100000' to `<abc-temp-dir>/input.blif'..

29.22.8.1. Executed ABC.
Extracted 0 gates and 0 wires to a netlist network with 0 inputs and 0 outputs.
Don't call ABC as there is nothing to map.
Removing temp directory.

29.22.9. Extracting gate netlist of module `\alu' to `<abc-temp-dir>/input.blif'..

29.22.9.1. Executed ABC.
Extracted 1506 gates and 1576 wires to a netlist network with 69 inputs and 33 outputs.
Running ABC script: <abc-temp-dir>/abc.script
ABC: UC Berkeley, ABC 1.01 (compiled Jul 11 2026 03:57:20)
ABC: abc 01> empty
ABC: abc 01> source <abc-temp-dir>/abc.script
ABC: + read_blif <abc-temp-dir>/input.blif 
ABC: + read_library <abc-temp-dir>/stdcells.genlib 
ABC: + strash 
ABC: + &get -n 
ABC: + &fraig -x 
ABC: + &put 
ABC: + scorr 
ABC: Warning: The network is combinational (run "fraig" or "fraig_sweep").
ABC: + dc2 
ABC: + dretime 
ABC: + strash 
ABC: + &get -n 
ABC: + &dch -f 
ABC: + &nf 
ABC: + &put 
ABC: + write_blif <abc-temp-dir>/output.blif 
ABC: 
ABC: YOSYS_ABC_DONE 

29.22.9.2. Re-integrating ABC results.
ABC RESULTS:               AND cells:      379
ABC RESULTS:            ANDNOT cells:       29
ABC RESULTS:               MUX cells:      227
ABC RESULTS:              NAND cells:      420
ABC RESULTS:               NOR cells:       11
ABC RESULTS:               NOT cells:        8
ABC RESULTS:                OR cells:      136
ABC RESULTS:             ORNOT cells:       95
ABC RESULTS:              XNOR cells:       22
ABC RESULTS:               XOR cells:       24
ABC RESULTS:        internal signals:     1474
ABC RESULTS:           input signals:       69
ABC RESULTS:          output signals:       33
Removing temp directory.

29.22.10. Extracting gate netlist of module `\alu_control' to `<abc-temp-dir>/input.blif'..

29.22.10.1. Executed ABC.
Extracted 72 gates and 80 wires to a netlist network with 6 inputs and 4 outputs.
Running ABC script: <abc-temp-dir>/abc.script
ABC: UC Berkeley, ABC 1.01 (compiled Jul 11 2026 03:57:20)
ABC: abc 01> empty
ABC: abc 01> source <abc-temp-dir>/abc.script
ABC: + read_blif <abc-temp-dir>/input.blif 
ABC: + read_library <abc-temp-dir>/stdcells.genlib 
ABC: + strash 
ABC: + &get -n 
ABC: + &fraig -x 
ABC: + &put 
ABC: + scorr 
ABC: Warning: The network is combinational (run "fraig" or "fraig_sweep").
ABC: + dc2 
ABC: + dretime 
ABC: + strash 
ABC: + &get -n 
ABC: + &dch -f 
ABC: + &nf 
ABC: + &put 
ABC: + write_blif <abc-temp-dir>/output.blif 
ABC: 
ABC: YOSYS_ABC_DONE 

29.22.10.2. Re-integrating ABC results.
ABC RESULTS:               AND cells:        9
ABC RESULTS:            ANDNOT cells:        4
ABC RESULTS:               MUX cells:        4
ABC RESULTS:              NAND cells:       18
ABC RESULTS:               NOR cells:        1
ABC RESULTS:               NOT cells:        1
ABC RESULTS:                OR cells:        3
ABC RESULTS:             ORNOT cells:        6
ABC RESULTS:        internal signals:       70
ABC RESULTS:           input signals:        6
ABC RESULTS:          output signals:        4
Removing temp directory.

29.22.11. Extracting gate netlist of module `\control_transfer' to `<abc-temp-dir>/input.blif'..

29.22.11.1. Executed ABC.
Extracted 29 gates and 34 wires to a netlist network with 4 inputs and 1 outputs.
Running ABC script: <abc-temp-dir>/abc.script
ABC: UC Berkeley, ABC 1.01 (compiled Jul 11 2026 03:57:20)
ABC: abc 01> empty
ABC: abc 01> source <abc-temp-dir>/abc.script
ABC: + read_blif <abc-temp-dir>/input.blif 
ABC: + read_library <abc-temp-dir>/stdcells.genlib 
ABC: + strash 
ABC: + &get -n 
ABC: + &fraig -x 
ABC: + &put 
ABC: + scorr 
ABC: Warning: The network is combinational (run "fraig" or "fraig_sweep").
ABC: + dc2 
ABC: + dretime 
ABC: + strash 
ABC: + &get -n 
ABC: + &dch -f 
ABC: + &nf 
ABC: + &put 
ABC: + write_blif <abc-temp-dir>/output.blif 
ABC: 
ABC: YOSYS_ABC_DONE 

29.22.11.2. Re-integrating ABC results.
ABC RESULTS:               AND cells:        1
ABC RESULTS:             ORNOT cells:        1
ABC RESULTS:              XNOR cells:        1
ABC RESULTS:        internal signals:       29
ABC RESULTS:           input signals:        4
ABC RESULTS:          output signals:        1
Removing temp directory.

29.22.12. Extracting gate netlist of module `\data_memory_interface' to `<abc-temp-dir>/input.blif'..

29.22.12.1. Executed ABC.
Extracted 235 gates and 306 wires to a netlist network with 69 inputs and 68 outputs.
Running ABC script: <abc-temp-dir>/abc.script
ABC: UC Berkeley, ABC 1.01 (compiled Jul 11 2026 03:57:20)
ABC: abc 01> empty
ABC: abc 01> source <abc-temp-dir>/abc.script
ABC: + read_blif <abc-temp-dir>/input.blif 
ABC: + read_library <abc-temp-dir>/stdcells.genlib 
ABC: + strash 
ABC: + &get -n 
ABC: + &fraig -x 
ABC: + &put 
ABC: + scorr 
ABC: Warning: The network is combinational (run "fraig" or "fraig_sweep").
ABC: + dc2 
ABC: + dretime 
ABC: + strash 
ABC: + &get -n 
ABC: + &dch -f 
ABC: + &nf 
ABC: + &put 
ABC: + write_blif <abc-temp-dir>/output.blif 
ABC: 
ABC: YOSYS_ABC_DONE 

29.22.12.2. Re-integrating ABC results.
ABC RESULTS:               AND cells:       22
ABC RESULTS:            ANDNOT cells:       14
ABC RESULTS:               MUX cells:       73
ABC RESULTS:              NAND cells:       75
ABC RESULTS:               NOR cells:        3
ABC RESULTS:               NOT cells:        1
ABC RESULTS:                OR cells:        2
ABC RESULTS:               XOR cells:        1
ABC RESULTS:        internal signals:      169
ABC RESULTS:           input signals:       69
ABC RESULTS:          output signals:       68
Removing temp directory.

29.22.13. Extracting gate netlist of module `\immediate_generator' to `<abc-temp-dir>/input.blif'..

29.22.13.1. Executed ABC.
Extracted 255 gates and 288 wires to a netlist network with 32 inputs and 32 outputs.
Running ABC script: <abc-temp-dir>/abc.script
ABC: UC Berkeley, ABC 1.01 (compiled Jul 11 2026 03:57:20)
ABC: abc 01> empty
ABC: abc 01> source <abc-temp-dir>/abc.script
ABC: + read_blif <abc-temp-dir>/input.blif 
ABC: + read_library <abc-temp-dir>/stdcells.genlib 
ABC: + strash 
ABC: + &get -n 
ABC: + &fraig -x 
ABC: + &put 
ABC: + scorr 
ABC: Warning: The network is combinational (run "fraig" or "fraig_sweep").
ABC: + dc2 
ABC: + dretime 
ABC: + strash 
ABC: + &get -n 
ABC: + &dch -f 
ABC: + &nf 
ABC: + &put 
ABC: + write_blif <abc-temp-dir>/output.blif 
ABC: 
ABC: YOSYS_ABC_DONE 

29.22.13.2. Re-integrating ABC results.
ABC RESULTS:               AND cells:       26
ABC RESULTS:            ANDNOT cells:        9
ABC RESULTS:              NAND cells:       63
ABC RESULTS:               NOR cells:        1
ABC RESULTS:               NOT cells:        1
ABC RESULTS:                OR cells:        3
ABC RESULTS:             ORNOT cells:        3
ABC RESULTS:        internal signals:      224
ABC RESULTS:           input signals:       32
ABC RESULTS:          output signals:       32
Removing temp directory.

29.22.14. Extracting gate netlist of module `\instruction_decoder' to `<abc-temp-dir>/input.blif'..

29.22.14.1. Executed ABC.
Extracted 0 gates and 0 wires to a netlist network with 0 inputs and 0 outputs.
Don't call ABC as there is nothing to map.
Removing temp directory.

29.22.15. Extracting gate netlist of module `\regfile' to `<abc-temp-dir>/input.blif'..

29.22.15.1. Executed ABC.
Extracted 2074 gates and 3114 wires to a netlist network with 1040 inputs and 96 outputs.
Running ABC script: <abc-temp-dir>/abc.script
ABC: UC Berkeley, ABC 1.01 (compiled Jul 11 2026 03:57:20)
ABC: abc 01> empty
ABC: abc 01> source <abc-temp-dir>/abc.script
ABC: + read_blif <abc-temp-dir>/input.blif 
ABC: + read_library <abc-temp-dir>/stdcells.genlib 
ABC: + strash 
ABC: + &get -n 
ABC: + &fraig -x 
ABC: + &put 
ABC: + scorr 
ABC: Warning: The network is combinational (run "fraig" or "fraig_sweep").
ABC: + dc2 
ABC: + dretime 
ABC: + strash 
ABC: + &get -n 
ABC: + &dch -f 
ABC: + &nf 
ABC: + &put 
ABC: + write_blif <abc-temp-dir>/output.blif 
ABC: 
ABC: YOSYS_ABC_DONE 

29.22.15.2. Re-integrating ABC results.
ABC RESULTS:               AND cells:      709
ABC RESULTS:            ANDNOT cells:      139
ABC RESULTS:               MUX cells:      979
ABC RESULTS:              NAND cells:      940
ABC RESULTS:               NOR cells:      214
ABC RESULTS:                OR cells:      462
ABC RESULTS:             ORNOT cells:      603
ABC RESULTS:              ZERO cells:        1
ABC RESULTS:        internal signals:     1978
ABC RESULTS:           input signals:     1040
ABC RESULTS:          output signals:       96
Removing temp directory.

29.22.16. Extracting gate netlist of module `\riscv_core' to `<abc-temp-dir>/input.blif'..

29.22.16.1. Executed ABC.
Extracted 0 gates and 0 wires to a netlist network with 0 inputs and 0 outputs.
Don't call ABC as there is nothing to map.
Removing temp directory.

29.22.17. Extracting gate netlist of module `\singlecycle_control' to `<abc-temp-dir>/input.blif'..

29.22.17.1. Executed ABC.
Extracted 72 gates and 82 wires to a netlist network with 8 inputs and 11 outputs.
Running ABC script: <abc-temp-dir>/abc.script
ABC: UC Berkeley, ABC 1.01 (compiled Jul 11 2026 03:57:20)
ABC: abc 01> empty
ABC: abc 01> source <abc-temp-dir>/abc.script
ABC: + read_blif <abc-temp-dir>/input.blif 
ABC: + read_library <abc-temp-dir>/stdcells.genlib 
ABC: + strash 
ABC: + &get -n 
ABC: + &fraig -x 
ABC: + &put 
ABC: + scorr 
ABC: Warning: The network is combinational (run "fraig" or "fraig_sweep").
ABC: + dc2 
ABC: + dretime 
ABC: + strash 
ABC: + &get -n 
ABC: + &dch -f 
ABC: + &nf 
ABC: + &put 
ABC: + write_blif <abc-temp-dir>/output.blif 
ABC: 
ABC: YOSYS_ABC_DONE 

29.22.17.2. Re-integrating ABC results.
ABC RESULTS:               AND cells:       12
ABC RESULTS:            ANDNOT cells:        6
ABC RESULTS:              NAND cells:       14
ABC RESULTS:               NOR cells:        3
ABC RESULTS:               NOT cells:        2
ABC RESULTS:                OR cells:        1
ABC RESULTS:             ORNOT cells:        1
ABC RESULTS:        internal signals:       63
ABC RESULTS:           input signals:        8
ABC RESULTS:          output signals:       11
Removing temp directory.

29.22.18. Extracting gate netlist of module `\singlecycle_ctlpath' to `<abc-temp-dir>/input.blif'..

29.22.18.1. Executed ABC.
Extracted 0 gates and 0 wires to a netlist network with 0 inputs and 0 outputs.
Don't call ABC as there is nothing to map.
Removing temp directory.

29.22.19. Extracting gate netlist of module `\singlecycle_datapath' to `<abc-temp-dir>/input.blif'..

29.22.19.1. Executed ABC.
Extracted 0 gates and 0 wires to a netlist network with 0 inputs and 0 outputs.
Don't call ABC as there is nothing to map.
Removing temp directory.
Removing global temp directory.

29.23. Executing OPT pass (performing simple optimizations).

29.23.1. Executing OPT_EXPR pass (perform const folding).
Optimizing module $paramod$5ef3be0bfad1454aaa6432c4ab405bbd7cbab26b\multiplexer.
Optimizing module $paramod$6a3d32cf08b5e9a4d56891e3d8781ccd4215c4af\multiplexer.
Optimizing module $paramod$99da07bf27abaac915a8c95d36d6f2808394e702\multiplexer.
Optimizing module $paramod$e358a763f16798cd10903dfd37e7986c0fbbe40f\register.
Optimizing module $paramod\adder\WIDTH=s32'00000000000000000000000000100000.
Optimizing module $paramod\multiplexer2\WIDTH=s32'00000000000000000000000000100000.
Optimizing module $paramod\multiplexer4\WIDTH=s32'00000000000000000000000000100000.
Optimizing module $paramod\multiplexer8\WIDTH=s32'00000000000000000000000000100000.
Optimizing module alu.
<suppressed ~94 debug messages>
Optimizing module alu_control.
<suppressed ~1 debug messages>
Optimizing module control_transfer.
Optimizing module data_memory_interface.
<suppressed ~17 debug messages>
Optimizing module immediate_generator.
Optimizing module instruction_decoder.
Optimizing module regfile.
Optimizing module riscv_core.
Optimizing module singlecycle_control.
Optimizing module singlecycle_ctlpath.
Optimizing module singlecycle_datapath.

29.23.2. Executing OPT_MERGE pass (detect identical cells).
Finding identical cells in module `$paramod$5ef3be0bfad1454aaa6432c4ab405bbd7cbab26b\multiplexer'.
Computing hashes of 492 cells of `$paramod$5ef3be0bfad1454aaa6432c4ab405bbd7cbab26b\multiplexer'.
Finding duplicate cells in `$paramod$5ef3be0bfad1454aaa6432c4ab405bbd7cbab26b\multiplexer'.
Finding identical cells in module `$paramod$6a3d32cf08b5e9a4d56891e3d8781ccd4215c4af\multiplexer'.
Computing hashes of 32 cells of `$paramod$6a3d32cf08b5e9a4d56891e3d8781ccd4215c4af\multiplexer'.
Finding duplicate cells in `$paramod$6a3d32cf08b5e9a4d56891e3d8781ccd4215c4af\multiplexer'.
Finding identical cells in module `$paramod$99da07bf27abaac915a8c95d36d6f2808394e702\multiplexer'.
Computing hashes of 228 cells of `$paramod$99da07bf27abaac915a8c95d36d6f2808394e702\multiplexer'.
Finding duplicate cells in `$paramod$99da07bf27abaac915a8c95d36d6f2808394e702\multiplexer'.
Finding identical cells in module `$paramod$e358a763f16798cd10903dfd37e7986c0fbbe40f\register'.
Computing hashes of 32 cells of `$paramod$e358a763f16798cd10903dfd37e7986c0fbbe40f\register'.
Finding duplicate cells in `$paramod$e358a763f16798cd10903dfd37e7986c0fbbe40f\register'.
Finding identical cells in module `$paramod\adder\WIDTH=s32'00000000000000000000000000100000'.
Computing hashes of 162 cells of `$paramod\adder\WIDTH=s32'00000000000000000000000000100000'.
Finding duplicate cells in `$paramod\adder\WIDTH=s32'00000000000000000000000000100000'.
Finding identical cells in module `$paramod\multiplexer2\WIDTH=s32'00000000000000000000000000100000'.
Computing hashes of 1 cells of `$paramod\multiplexer2\WIDTH=s32'00000000000000000000000000100000'.
Finding duplicate cells in `$paramod\multiplexer2\WIDTH=s32'00000000000000000000000000100000'.
Finding identical cells in module `$paramod\multiplexer4\WIDTH=s32'00000000000000000000000000100000'.
Computing hashes of 1 cells of `$paramod\multiplexer4\WIDTH=s32'00000000000000000000000000100000'.
Finding duplicate cells in `$paramod\multiplexer4\WIDTH=s32'00000000000000000000000000100000'.
Finding identical cells in module `$paramod\multiplexer8\WIDTH=s32'00000000000000000000000000100000'.
Computing hashes of 1 cells of `$paramod\multiplexer8\WIDTH=s32'00000000000000000000000000100000'.
Finding duplicate cells in `$paramod\multiplexer8\WIDTH=s32'00000000000000000000000000100000'.
Finding identical cells in module `\alu'.
Computing hashes of 1351 cells of `\alu'.
Finding duplicate cells in `\alu'.
Finding identical cells in module `\alu_control'.
Computing hashes of 46 cells of `\alu_control'.
Finding duplicate cells in `\alu_control'.
Finding identical cells in module `\control_transfer'.
Computing hashes of 3 cells of `\control_transfer'.
Finding duplicate cells in `\control_transfer'.
Finding identical cells in module `\data_memory_interface'.
Computing hashes of 191 cells of `\data_memory_interface'.
Finding duplicate cells in `\data_memory_interface'.
Finding identical cells in module `\immediate_generator'.
Computing hashes of 106 cells of `\immediate_generator'.
Finding duplicate cells in `\immediate_generator'.
Finding identical cells in module `\instruction_decoder'.
Computing hashes of 0 cells of `\instruction_decoder'.
Finding duplicate cells in `\instruction_decoder'.
Finding identical cells in module `\regfile'.
Computing hashes of 5070 cells of `\regfile'.
Finding duplicate cells in `\regfile'.
Finding identical cells in module `\riscv_core'.
Computing hashes of 3 cells of `\riscv_core'.
Finding duplicate cells in `\riscv_core'.
Finding identical cells in module `\singlecycle_control'.
Computing hashes of 39 cells of `\singlecycle_control'.
Finding duplicate cells in `\singlecycle_control'.
Finding identical cells in module `\singlecycle_ctlpath'.
Computing hashes of 3 cells of `\singlecycle_ctlpath'.
Finding duplicate cells in `\singlecycle_ctlpath'.
Finding identical cells in module `\singlecycle_datapath'.
Computing hashes of 11 cells of `\singlecycle_datapath'.
Finding duplicate cells in `\singlecycle_datapath'.
Removed a total of 0 cells.

29.23.3. Executing OPT_DFF pass (perform DFF optimizations).
Handling never-active EN on $auto$ff.cc:337:slice$2361 ($_DFFE_PP_) from module regfile (removing D path).
Handling never-active EN on $auto$ff.cc:337:slice$2330 ($_DFFE_PP_) from module regfile (removing D path).
Handling never-active EN on $auto$ff.cc:337:slice$2331 ($_DFFE_PP_) from module regfile (removing D path).
Handling never-active EN on $auto$ff.cc:337:slice$2332 ($_DFFE_PP_) from module regfile (removing D path).
Handling never-active EN on $auto$ff.cc:337:slice$2333 ($_DFFE_PP_) from module regfile (removing D path).
Handling never-active EN on $auto$ff.cc:337:slice$2334 ($_DFFE_PP_) from module regfile (removing D path).
Handling never-active EN on $auto$ff.cc:337:slice$2335 ($_DFFE_PP_) from module regfile (removing D path).
Handling never-active EN on $auto$ff.cc:337:slice$2336 ($_DFFE_PP_) from module regfile (removing D path).
Handling never-active EN on $auto$ff.cc:337:slice$2337 ($_DFFE_PP_) from module regfile (removing D path).
Handling never-active EN on $auto$ff.cc:337:slice$2338 ($_DFFE_PP_) from module regfile (removing D path).
Handling never-active EN on $auto$ff.cc:337:slice$2339 ($_DFFE_PP_) from module regfile (removing D path).
Handling never-active EN on $auto$ff.cc:337:slice$2340 ($_DFFE_PP_) from module regfile (removing D path).
Handling never-active EN on $auto$ff.cc:337:slice$2341 ($_DFFE_PP_) from module regfile (removing D path).
Handling never-active EN on $auto$ff.cc:337:slice$2342 ($_DFFE_PP_) from module regfile (removing D path).
Handling never-active EN on $auto$ff.cc:337:slice$2343 ($_DFFE_PP_) from module regfile (removing D path).
Handling never-active EN on $auto$ff.cc:337:slice$2344 ($_DFFE_PP_) from module regfile (removing D path).
Handling never-active EN on $auto$ff.cc:337:slice$2345 ($_DFFE_PP_) from module regfile (removing D path).
Handling never-active EN on $auto$ff.cc:337:slice$2346 ($_DFFE_PP_) from module regfile (removing D path).
Handling never-active EN on $auto$ff.cc:337:slice$2347 ($_DFFE_PP_) from module regfile (removing D path).
Handling never-active EN on $auto$ff.cc:337:slice$2348 ($_DFFE_PP_) from module regfile (removing D path).
Handling never-active EN on $auto$ff.cc:337:slice$2349 ($_DFFE_PP_) from module regfile (removing D path).
Handling never-active EN on $auto$ff.cc:337:slice$2350 ($_DFFE_PP_) from module regfile (removing D path).
Handling never-active EN on $auto$ff.cc:337:slice$2351 ($_DFFE_PP_) from module regfile (removing D path).
Handling never-active EN on $auto$ff.cc:337:slice$2352 ($_DFFE_PP_) from module regfile (removing D path).
Handling never-active EN on $auto$ff.cc:337:slice$2353 ($_DFFE_PP_) from module regfile (removing D path).
Handling never-active EN on $auto$ff.cc:337:slice$2354 ($_DFFE_PP_) from module regfile (removing D path).
Handling never-active EN on $auto$ff.cc:337:slice$2355 ($_DFFE_PP_) from module regfile (removing D path).
Handling never-active EN on $auto$ff.cc:337:slice$2356 ($_DFFE_PP_) from module regfile (removing D path).
Handling never-active EN on $auto$ff.cc:337:slice$2357 ($_DFFE_PP_) from module regfile (removing D path).
Handling never-active EN on $auto$ff.cc:337:slice$2358 ($_DFFE_PP_) from module regfile (removing D path).
Handling never-active EN on $auto$ff.cc:337:slice$2359 ($_DFFE_PP_) from module regfile (removing D path).
Handling never-active EN on $auto$ff.cc:337:slice$2360 ($_DFFE_PP_) from module regfile (removing D path).

29.23.4. Executing OPT_CLEAN pass (remove unused cells and wires).
Finding unused cells or wires in module $paramod$5ef3be0bfad1454aaa6432c4ab405bbd7cbab26b\multiplexer..
Finding unused cells or wires in module $paramod$6a3d32cf08b5e9a4d56891e3d8781ccd4215c4af\multiplexer..
Finding unused cells or wires in module $paramod$99da07bf27abaac915a8c95d36d6f2808394e702\multiplexer..
Finding unused cells or wires in module $paramod$e358a763f16798cd10903dfd37e7986c0fbbe40f\register..
Finding unused cells or wires in module $paramod\adder\WIDTH=s32'00000000000000000000000000100000..
Finding unused cells or wires in module $paramod\multiplexer2\WIDTH=s32'00000000000000000000000000100000..
Finding unused cells or wires in module $paramod\multiplexer4\WIDTH=s32'00000000000000000000000000100000..
Finding unused cells or wires in module $paramod\multiplexer8\WIDTH=s32'00000000000000000000000000100000..
Finding unused cells or wires in module \alu..
Finding unused cells or wires in module \alu_control..
Finding unused cells or wires in module \control_transfer..
Finding unused cells or wires in module \data_memory_interface..
Finding unused cells or wires in module \immediate_generator..
Finding unused cells or wires in module \instruction_decoder..
Finding unused cells or wires in module \regfile..
Finding unused cells or wires in module \riscv_core..
Finding unused cells or wires in module \singlecycle_control..
Finding unused cells or wires in module \singlecycle_ctlpath..
Finding unused cells or wires in module \singlecycle_datapath..
Removed 0 unused cells and 3875 unused wires.
<suppressed ~11 debug messages>

29.23.5. Rerunning OPT passes. (Removed registers in this run.)

29.23.6. Executing OPT_EXPR pass (perform const folding).
Optimizing module $paramod$5ef3be0bfad1454aaa6432c4ab405bbd7cbab26b\multiplexer.
Optimizing module $paramod$6a3d32cf08b5e9a4d56891e3d8781ccd4215c4af\multiplexer.
Optimizing module $paramod$99da07bf27abaac915a8c95d36d6f2808394e702\multiplexer.
Optimizing module $paramod$e358a763f16798cd10903dfd37e7986c0fbbe40f\register.
Optimizing module $paramod\adder\WIDTH=s32'00000000000000000000000000100000.
Optimizing module $paramod\multiplexer2\WIDTH=s32'00000000000000000000000000100000.
Optimizing module $paramod\multiplexer4\WIDTH=s32'00000000000000000000000000100000.
Optimizing module $paramod\multiplexer8\WIDTH=s32'00000000000000000000000000100000.
Optimizing module alu.
Optimizing module alu_control.
Optimizing module control_transfer.
Optimizing module data_memory_interface.
Optimizing module immediate_generator.
Optimizing module instruction_decoder.
Optimizing module regfile.
Optimizing module riscv_core.
Optimizing module singlecycle_control.
Optimizing module singlecycle_ctlpath.
Optimizing module singlecycle_datapath.

29.23.7. Executing OPT_MERGE pass (detect identical cells).
Finding identical cells in module `$paramod$5ef3be0bfad1454aaa6432c4ab405bbd7cbab26b\multiplexer'.
Computing hashes of 492 cells of `$paramod$5ef3be0bfad1454aaa6432c4ab405bbd7cbab26b\multiplexer'.
Finding duplicate cells in `$paramod$5ef3be0bfad1454aaa6432c4ab405bbd7cbab26b\multiplexer'.
Finding identical cells in module `$paramod$6a3d32cf08b5e9a4d56891e3d8781ccd4215c4af\multiplexer'.
Computing hashes of 32 cells of `$paramod$6a3d32cf08b5e9a4d56891e3d8781ccd4215c4af\multiplexer'.
Finding duplicate cells in `$paramod$6a3d32cf08b5e9a4d56891e3d8781ccd4215c4af\multiplexer'.
Finding identical cells in module `$paramod$99da07bf27abaac915a8c95d36d6f2808394e702\multiplexer'.
Computing hashes of 228 cells of `$paramod$99da07bf27abaac915a8c95d36d6f2808394e702\multiplexer'.
Finding duplicate cells in `$paramod$99da07bf27abaac915a8c95d36d6f2808394e702\multiplexer'.
Finding identical cells in module `$paramod$e358a763f16798cd10903dfd37e7986c0fbbe40f\register'.
Computing hashes of 32 cells of `$paramod$e358a763f16798cd10903dfd37e7986c0fbbe40f\register'.
Finding duplicate cells in `$paramod$e358a763f16798cd10903dfd37e7986c0fbbe40f\register'.
Finding identical cells in module `$paramod\adder\WIDTH=s32'00000000000000000000000000100000'.
Computing hashes of 162 cells of `$paramod\adder\WIDTH=s32'00000000000000000000000000100000'.
Finding duplicate cells in `$paramod\adder\WIDTH=s32'00000000000000000000000000100000'.
Finding identical cells in module `$paramod\multiplexer2\WIDTH=s32'00000000000000000000000000100000'.
Computing hashes of 1 cells of `$paramod\multiplexer2\WIDTH=s32'00000000000000000000000000100000'.
Finding duplicate cells in `$paramod\multiplexer2\WIDTH=s32'00000000000000000000000000100000'.
Finding identical cells in module `$paramod\multiplexer4\WIDTH=s32'00000000000000000000000000100000'.
Computing hashes of 1 cells of `$paramod\multiplexer4\WIDTH=s32'00000000000000000000000000100000'.
Finding duplicate cells in `$paramod\multiplexer4\WIDTH=s32'00000000000000000000000000100000'.
Finding identical cells in module `$paramod\multiplexer8\WIDTH=s32'00000000000000000000000000100000'.
Computing hashes of 1 cells of `$paramod\multiplexer8\WIDTH=s32'00000000000000000000000000100000'.
Finding duplicate cells in `$paramod\multiplexer8\WIDTH=s32'00000000000000000000000000100000'.
Finding identical cells in module `\alu'.
Computing hashes of 1351 cells of `\alu'.
Finding duplicate cells in `\alu'.
Finding identical cells in module `\alu_control'.
Computing hashes of 46 cells of `\alu_control'.
Finding duplicate cells in `\alu_control'.
Finding identical cells in module `\control_transfer'.
Computing hashes of 3 cells of `\control_transfer'.
Finding duplicate cells in `\control_transfer'.
Finding identical cells in module `\data_memory_interface'.
Computing hashes of 191 cells of `\data_memory_interface'.
Finding duplicate cells in `\data_memory_interface'.
Finding identical cells in module `\immediate_generator'.
Computing hashes of 106 cells of `\immediate_generator'.
Finding duplicate cells in `\immediate_generator'.
Finding identical cells in module `\instruction_decoder'.
Computing hashes of 0 cells of `\instruction_decoder'.
Finding duplicate cells in `\instruction_decoder'.
Finding identical cells in module `\regfile'.
Computing hashes of 5038 cells of `\regfile'.
Finding duplicate cells in `\regfile'.
Finding identical cells in module `\riscv_core'.
Computing hashes of 3 cells of `\riscv_core'.
Finding duplicate cells in `\riscv_core'.
Finding identical cells in module `\singlecycle_control'.
Computing hashes of 39 cells of `\singlecycle_control'.
Finding duplicate cells in `\singlecycle_control'.
Finding identical cells in module `\singlecycle_ctlpath'.
Computing hashes of 3 cells of `\singlecycle_ctlpath'.
Finding duplicate cells in `\singlecycle_ctlpath'.
Finding identical cells in module `\singlecycle_datapath'.
Computing hashes of 11 cells of `\singlecycle_datapath'.
Finding duplicate cells in `\singlecycle_datapath'.
Removed a total of 0 cells.

29.23.8. Executing OPT_DFF pass (perform DFF optimizations).

29.23.9. Executing OPT_CLEAN pass (remove unused cells and wires).
Finding unused cells or wires in module $paramod$5ef3be0bfad1454aaa6432c4ab405bbd7cbab26b\multiplexer..
Finding unused cells or wires in module $paramod$6a3d32cf08b5e9a4d56891e3d8781ccd4215c4af\multiplexer..
Finding unused cells or wires in module $paramod$99da07bf27abaac915a8c95d36d6f2808394e702\multiplexer..
Finding unused cells or wires in module $paramod$e358a763f16798cd10903dfd37e7986c0fbbe40f\register..
Finding unused cells or wires in module $paramod\adder\WIDTH=s32'00000000000000000000000000100000..
Finding unused cells or wires in module $paramod\multiplexer2\WIDTH=s32'00000000000000000000000000100000..
Finding unused cells or wires in module $paramod\multiplexer4\WIDTH=s32'00000000000000000000000000100000..
Finding unused cells or wires in module $paramod\multiplexer8\WIDTH=s32'00000000000000000000000000100000..
Finding unused cells or wires in module \alu..
Finding unused cells or wires in module \alu_control..
Finding unused cells or wires in module \control_transfer..
Finding unused cells or wires in module \data_memory_interface..
Finding unused cells or wires in module \immediate_generator..
Finding unused cells or wires in module \instruction_decoder..
Finding unused cells or wires in module \regfile..
Finding unused cells or wires in module \riscv_core..
Finding unused cells or wires in module \singlecycle_control..
Finding unused cells or wires in module \singlecycle_ctlpath..
Finding unused cells or wires in module \singlecycle_datapath..

29.23.10. Finished fast OPT passes.

29.24. Executing HIERARCHY pass (managing design hierarchy).
Attribute `top' found on module `riscv_core'. Setting top module to riscv_core.

29.24.1. Analyzing design hierarchy..
Top module:  \riscv_core
Used module:     \data_memory_interface
Used module:     \singlecycle_ctlpath
Used module:         \alu_control
Used module:         \control_transfer
Used module:         \singlecycle_control
Used module:     \singlecycle_datapath
Used module:         $paramod\adder\WIDTH=s32'00000000000000000000000000100000
Used module:         \alu
Used module:         \immediate_generator
Used module:         \instruction_decoder
Used module:         $paramod\multiplexer4\WIDTH=s32'00000000000000000000000000100000
Used module:             $paramod$99da07bf27abaac915a8c95d36d6f2808394e702\multiplexer
Used module:         $paramod\multiplexer2\WIDTH=s32'00000000000000000000000000100000
Used module:             $paramod$6a3d32cf08b5e9a4d56891e3d8781ccd4215c4af\multiplexer
Used module:         $paramod\multiplexer8\WIDTH=s32'00000000000000000000000000100000
Used module:             $paramod$5ef3be0bfad1454aaa6432c4ab405bbd7cbab26b\multiplexer
Used module:         $paramod$e358a763f16798cd10903dfd37e7986c0fbbe40f\register
Used module:         \regfile

29.24.2. Analyzing design hierarchy..
Top module:  \riscv_core
Used module:     \data_memory_interface
Used module:     \singlecycle_ctlpath
Used module:         \alu_control
Used module:         \control_transfer
Used module:         \singlecycle_control
Used module:     \singlecycle_datapath
Used module:         $paramod\adder\WIDTH=s32'00000000000000000000000000100000
Used module:         \alu
Used module:         \immediate_generator
Used module:         \instruction_decoder
Used module:         $paramod\multiplexer4\WIDTH=s32'00000000000000000000000000100000
Used module:             $paramod$99da07bf27abaac915a8c95d36d6f2808394e702\multiplexer
Used module:         $paramod\multiplexer2\WIDTH=s32'00000000000000000000000000100000
Used module:             $paramod$6a3d32cf08b5e9a4d56891e3d8781ccd4215c4af\multiplexer
Used module:         $paramod\multiplexer8\WIDTH=s32'00000000000000000000000000100000
Used module:             $paramod$5ef3be0bfad1454aaa6432c4ab405bbd7cbab26b\multiplexer
Used module:         $paramod$e358a763f16798cd10903dfd37e7986c0fbbe40f\register
Used module:         \regfile
Removed 0 unused modules.

29.25. Printing statistics.

=== $paramod$5ef3be0bfad1454aaa6432c4ab405bbd7cbab26b\multiplexer ===

        +----------Local Count, excluding submodules.
        | 
      471 wires
     1007 wire bits
       11 public wires
      547 public wire bits
        3 ports
      291 port bits
      492 cells
        6   $_ANDNOT_
      197   $_AND_
      288   $_NAND_
        1   $_NOR_

=== $paramod$6a3d32cf08b5e9a4d56891e3d8781ccd4215c4af\multiplexer ===

        +----------Local Count, excluding submodules.
        | 
        5 wires
      161 wire bits
        5 public wires
      161 public wire bits
        3 ports
       97 port bits
       32 cells
       32   $_MUX_

=== $paramod$99da07bf27abaac915a8c95d36d6f2808394e702\multiplexer ===

        +----------Local Count, excluding submodules.
        | 
      203 wires
      486 wire bits
        7 public wires
      290 public wire bits
        3 ports
      162 port bits
      228 cells
        2   $_ANDNOT_
       65   $_AND_
      160   $_NAND_
        1   $_NOR_

=== $paramod$e358a763f16798cd10903dfd37e7986c0fbbe40f\register ===

        +----------Local Count, excluding submodules.
        | 
        5 wires
       67 wire bits
        5 public wires
       67 public wire bits
        5 ports
       67 port bits
       32 cells
       31   $_DFFE_PP0P_
        1   $_DFFE_PP1P_

=== $paramod\adder\WIDTH=s32'00000000000000000000000000100000 ===

        +----------Local Count, excluding submodules.
        | 
      133 wires
      226 wire bits
        3 public wires
       96 public wire bits
        3 ports
       96 port bits
      162 cells
        1   $_AND_
       98   $_NAND_
        8   $_OR_
       10   $_XNOR_
       45   $_XOR_

=== $paramod\multiplexer2\WIDTH=s32'00000000000000000000000000100000 ===

        +----------Local Count, excluding submodules.
        | 
        4 wires
       97 wire bits
        4 public wires
       97 public wire bits
        4 ports
       97 port bits
        1 submodules
        1   $paramod$6a3d32cf08b5e9a4d56891e3d8781ccd4215c4af\multiplexer

=== $paramod\multiplexer4\WIDTH=s32'00000000000000000000000000100000 ===

        +----------Local Count, excluding submodules.
        | 
        6 wires
      162 wire bits
        6 public wires
      162 public wire bits
        6 ports
      162 port bits
        1 submodules
        1   $paramod$99da07bf27abaac915a8c95d36d6f2808394e702\multiplexer

=== $paramod\multiplexer8\WIDTH=s32'00000000000000000000000000100000 ===

        +----------Local Count, excluding submodules.
        | 
       10 wires
      291 wire bits
       10 public wires
      291 public wire bits
       10 ports
      291 port bits
        1 submodules
        1   $paramod$5ef3be0bfad1454aaa6432c4ab405bbd7cbab26b\multiplexer

=== alu ===

        +----------Local Count, excluding submodules.
        | 
     1323 wires
     1420 wire bits
        5 public wires
      102 public wire bits
        5 ports
      102 port bits
     1351 cells
       29   $_ANDNOT_
      379   $_AND_
      227   $_MUX_
      420   $_NAND_
       11   $_NOR_
        8   $_NOT_
       95   $_ORNOT_
      136   $_OR_
       22   $_XNOR_
       24   $_XOR_

=== alu_control ===

        +----------Local Count, excluding submodules.
        | 
       51 wires
       84 wire bits
        9 public wires
       42 public wire bits
        4 ports
       17 port bits
       46 cells
        4   $_ANDNOT_
        9   $_AND_
        4   $_MUX_
       18   $_NAND_
        1   $_NOR_
        1   $_NOT_
        6   $_ORNOT_
        3   $_OR_

=== control_transfer ===

        +----------Local Count, excluding submodules.
        | 
        5 wires
        7 wire bits
        3 public wires
        5 public wire bits
        3 ports
        5 port bits
        3 cells
        1   $_AND_
        1   $_ORNOT_
        1   $_XNOR_

=== data_memory_interface ===

        +----------Local Count, excluding submodules.
        | 
      138 wires
      391 wire bits
       15 public wires
      268 public wire bits
       13 ports
      204 port bits
      191 cells
       14   $_ANDNOT_
       22   $_AND_
       73   $_MUX_
       75   $_NAND_
        3   $_NOR_
        1   $_NOT_
        2   $_OR_
        1   $_XOR_

=== immediate_generator ===

        +----------Local Count, excluding submodules.
        | 
       76 wires
      138 wire bits
        2 public wires
       64 public wire bits
        2 ports
       64 port bits
      106 cells
        9   $_ANDNOT_
       26   $_AND_
       63   $_NAND_
        1   $_NOR_
        1   $_NOT_
        3   $_ORNOT_
        3   $_OR_

=== instruction_decoder ===

        +----------Local Count, excluding submodules.
        | 
        7 wires
       64 wire bits
        7 public wires
       64 public wire bits
        7 ports
       64 port bits

=== regfile ===

        +----------Local Count, excluding submodules.
        | 
     4022 wires
     5119 wire bits
       40 public wires
     1137 public wire bits
        8 ports
      113 port bits
     5038 cells
      139   $_ANDNOT_
      709   $_AND_
      992   $_DFFE_PP_
      979   $_MUX_
      940   $_NAND_
      214   $_NOR_
      603   $_ORNOT_
      462   $_OR_

=== riscv_core ===

        +----------Local Count, excluding submodules.
        | 
       26 wires
      298 wire bits
       26 public wires
      298 public wire bits
       10 ports
      168 port bits
        3 submodules
        1   data_memory_interface
        1   singlecycle_ctlpath
        1   singlecycle_datapath

=== singlecycle_control ===

        +----------Local Count, excluding submodules.
        | 
       39 wires
       49 wire bits
       11 public wires
       21 public wire bits
       11 ports
       21 port bits
       39 cells
        6   $_ANDNOT_
       12   $_AND_
       14   $_NAND_
        3   $_NOR_
        2   $_NOT_
        1   $_ORNOT_
        1   $_OR_

=== singlecycle_ctlpath ===

        +----------Local Count, excluding submodules.
        | 
       15 wires
       37 wire bits
       15 public wires
       37 public wire bits
       13 ports
       34 port bits
        3 submodules
        1   alu_control
        1   control_transfer
        1   singlecycle_control

=== singlecycle_datapath ===

        +----------Local Count, excluding submodules.
        | 
       31 wires
      529 wire bits
       31 public wires
      529 public wire bits
       18 ports
      194 port bits
       11 submodules
        1   $paramod$e358a763f16798cd10903dfd37e7986c0fbbe40f\register
        2   $paramod\adder\WIDTH=s32'00000000000000000000000000100000
        2   $paramod\multiplexer2\WIDTH=s32'00000000000000000000000000100000
        1   $paramod\multiplexer4\WIDTH=s32'00000000000000000000000000100000
        1   $paramod\multiplexer8\WIDTH=s32'00000000000000000000000000100000
        1   alu
        1   immediate_generator
        1   instruction_decoder
        1   regfile

=== design hierarchy ===

        +----------Count including submodules.
        | 
     7914 riscv_core
      191 data_memory_interface
       46   alu_control
        3   control_transfer
       39   singlecycle_control
       32   $paramod$e358a763f16798cd10903dfd37e7986c0fbbe40f\register
      162   $paramod\adder\WIDTH=s32'00000000000000000000000000100000
       32     $paramod$6a3d32cf08b5e9a4d56891e3d8781ccd4215c4af\multiplexer
      228     $paramod$99da07bf27abaac915a8c95d36d6f2808394e702\multiplexer
      492     $paramod$5ef3be0bfad1454aaa6432c4ab405bbd7cbab26b\multiplexer
     1351   alu
      106   immediate_generator
     5038   regfile

        +----------Count including submodules.
        | 
     6712 wires
    11117 wire bits
      227 public wires
     4632 public wire bits
      141 ports
     2539 port bits
        - memories
        - memory bits
        - processes
     7914 cells
      209   $_ANDNOT_
     1422   $_AND_
       31   $_DFFE_PP0P_
        1   $_DFFE_PP1P_
      992   $_DFFE_PP_
     1347   $_MUX_
     2174   $_NAND_
      235   $_NOR_
       13   $_NOT_
      709   $_ORNOT_
      623   $_OR_
       43   $_XNOR_
      115   $_XOR_
        3 submodules
        1   data_memory_interface
        1   singlecycle_ctlpath
        1   singlecycle_datapath

29.26. Executing CHECK pass (checking for obvious problems).
Checking module $paramod$5ef3be0bfad1454aaa6432c4ab405bbd7cbab26b\multiplexer...
Checking module $paramod$6a3d32cf08b5e9a4d56891e3d8781ccd4215c4af\multiplexer...
Checking module $paramod$99da07bf27abaac915a8c95d36d6f2808394e702\multiplexer...
Checking module $paramod$e358a763f16798cd10903dfd37e7986c0fbbe40f\register...
Checking module $paramod\adder\WIDTH=s32'00000000000000000000000000100000...
Checking module $paramod\multiplexer2\WIDTH=s32'00000000000000000000000000100000...
Checking module $paramod\multiplexer4\WIDTH=s32'00000000000000000000000000100000...
Checking module $paramod\multiplexer8\WIDTH=s32'00000000000000000000000000100000...
Checking module alu...
Checking module alu_control...
Checking module control_transfer...
Checking module data_memory_interface...
Checking module immediate_generator...
Checking module instruction_decoder...
Checking module regfile...
Checking module riscv_core...
Checking module singlecycle_control...
Checking module singlecycle_ctlpath...
Checking module singlecycle_datapath...
Found and reported 0 problems.

30. Executing OPT_CLEAN pass (remove unused cells and wires).
Finding unused cells or wires in module $paramod$5ef3be0bfad1454aaa6432c4ab405bbd7cbab26b\multiplexer..
Finding unused cells or wires in module $paramod$6a3d32cf08b5e9a4d56891e3d8781ccd4215c4af\multiplexer..
Finding unused cells or wires in module $paramod$99da07bf27abaac915a8c95d36d6f2808394e702\multiplexer..
Finding unused cells or wires in module $paramod$e358a763f16798cd10903dfd37e7986c0fbbe40f\register..
Finding unused cells or wires in module $paramod\adder\WIDTH=s32'00000000000000000000000000100000..
Finding unused cells or wires in module $paramod\multiplexer2\WIDTH=s32'00000000000000000000000000100000..
Finding unused cells or wires in module $paramod\multiplexer4\WIDTH=s32'00000000000000000000000000100000..
Finding unused cells or wires in module $paramod\multiplexer8\WIDTH=s32'00000000000000000000000000100000..
Finding unused cells or wires in module \alu..
Finding unused cells or wires in module \alu_control..
Finding unused cells or wires in module \control_transfer..
Finding unused cells or wires in module \data_memory_interface..
Finding unused cells or wires in module \immediate_generator..
Finding unused cells or wires in module \instruction_decoder..
Finding unused cells or wires in module \regfile..
Finding unused cells or wires in module \riscv_core..
Finding unused cells or wires in module \singlecycle_control..
Finding unused cells or wires in module \singlecycle_ctlpath..
Finding unused cells or wires in module \singlecycle_datapath..
Removed 0 unused cells and 24 unused wires.
<suppressed ~24 debug messages>

31. Executing CHECK pass (checking for obvious problems).
Checking module $paramod$5ef3be0bfad1454aaa6432c4ab405bbd7cbab26b\multiplexer...
Checking module $paramod$6a3d32cf08b5e9a4d56891e3d8781ccd4215c4af\multiplexer...
Checking module $paramod$99da07bf27abaac915a8c95d36d6f2808394e702\multiplexer...
Checking module $paramod$e358a763f16798cd10903dfd37e7986c0fbbe40f\register...
Checking module $paramod\adder\WIDTH=s32'00000000000000000000000000100000...
Checking module $paramod\multiplexer2\WIDTH=s32'00000000000000000000000000100000...
Checking module $paramod\multiplexer4\WIDTH=s32'00000000000000000000000000100000...
Checking module $paramod\multiplexer8\WIDTH=s32'00000000000000000000000000100000...
Checking module alu...
Checking module alu_control...
Checking module control_transfer...
Checking module data_memory_interface...
Checking module immediate_generator...
Checking module instruction_decoder...
Checking module regfile...
Checking module riscv_core...
Checking module singlecycle_control...
Checking module singlecycle_ctlpath...
Checking module singlecycle_datapath...
Found and reported 0 problems.

32. Printing statistics.

=== $paramod$5ef3be0bfad1454aaa6432c4ab405bbd7cbab26b\multiplexer ===

        +----------Local Count, excluding submodules.
        | 
      463 wires
      751 wire bits
        3 public wires
      291 public wire bits
        3 ports
      291 port bits
      492 cells
        6   $_ANDNOT_
      197   $_AND_
      288   $_NAND_
        1   $_NOR_

=== $paramod$6a3d32cf08b5e9a4d56891e3d8781ccd4215c4af\multiplexer ===

        +----------Local Count, excluding submodules.
        | 
        3 wires
       97 wire bits
        3 public wires
       97 public wire bits
        3 ports
       97 port bits
       32 cells
       32   $_MUX_

=== $paramod$99da07bf27abaac915a8c95d36d6f2808394e702\multiplexer ===

        +----------Local Count, excluding submodules.
        | 
      199 wires
      358 wire bits
        3 public wires
      162 public wire bits
        3 ports
      162 port bits
      228 cells
        2   $_ANDNOT_
       65   $_AND_
      160   $_NAND_
        1   $_NOR_

=== $paramod$e358a763f16798cd10903dfd37e7986c0fbbe40f\register ===

        +----------Local Count, excluding submodules.
        | 
        5 wires
       67 wire bits
        5 public wires
       67 public wire bits
        5 ports
       67 port bits
       32 cells
       31   $_DFFE_PP0P_
        1   $_DFFE_PP1P_

=== $paramod\adder\WIDTH=s32'00000000000000000000000000100000 ===

        +----------Local Count, excluding submodules.
        | 
      133 wires
      226 wire bits
        3 public wires
       96 public wire bits
        3 ports
       96 port bits
      162 cells
        1   $_AND_
       98   $_NAND_
        8   $_OR_
       10   $_XNOR_
       45   $_XOR_

=== $paramod\multiplexer2\WIDTH=s32'00000000000000000000000000100000 ===

        +----------Local Count, excluding submodules.
        | 
        4 wires
       97 wire bits
        4 public wires
       97 public wire bits
        4 ports
       97 port bits
        1 submodules
        1   $paramod$6a3d32cf08b5e9a4d56891e3d8781ccd4215c4af\multiplexer

=== $paramod\multiplexer4\WIDTH=s32'00000000000000000000000000100000 ===

        +----------Local Count, excluding submodules.
        | 
        6 wires
      162 wire bits
        6 public wires
      162 public wire bits
        6 ports
      162 port bits
        1 submodules
        1   $paramod$99da07bf27abaac915a8c95d36d6f2808394e702\multiplexer

=== $paramod\multiplexer8\WIDTH=s32'00000000000000000000000000100000 ===

        +----------Local Count, excluding submodules.
        | 
       10 wires
      291 wire bits
       10 public wires
      291 public wire bits
       10 ports
      291 port bits
        1 submodules
        1   $paramod$5ef3be0bfad1454aaa6432c4ab405bbd7cbab26b\multiplexer

=== alu ===

        +----------Local Count, excluding submodules.
        | 
     1323 wires
     1420 wire bits
        5 public wires
      102 public wire bits
        5 ports
      102 port bits
     1351 cells
       29   $_ANDNOT_
      379   $_AND_
      227   $_MUX_
      420   $_NAND_
       11   $_NOR_
        8   $_NOT_
       95   $_ORNOT_
      136   $_OR_
       22   $_XNOR_
       24   $_XOR_

=== alu_control ===

        +----------Local Count, excluding submodules.
        | 
       46 wires
       59 wire bits
        4 public wires
       17 public wire bits
        4 ports
       17 port bits
       46 cells
        4   $_ANDNOT_
        9   $_AND_
        4   $_MUX_
       18   $_NAND_
        1   $_NOR_
        1   $_NOT_
        6   $_ORNOT_
        3   $_OR_

=== control_transfer ===

        +----------Local Count, excluding submodules.
        | 
        5 wires
        7 wire bits
        3 public wires
        5 public wire bits
        3 ports
        5 port bits
        3 cells
        1   $_AND_
        1   $_ORNOT_
        1   $_XNOR_

=== data_memory_interface ===

        +----------Local Count, excluding submodules.
        | 
      136 wires
      327 wire bits
       13 public wires
      204 public wire bits
       13 ports
      204 port bits
      191 cells
       14   $_ANDNOT_
       22   $_AND_
       73   $_MUX_
       75   $_NAND_
        3   $_NOR_
        1   $_NOT_
        2   $_OR_
        1   $_XOR_

=== immediate_generator ===

        +----------Local Count, excluding submodules.
        | 
       76 wires
      138 wire bits
        2 public wires
       64 public wire bits
        2 ports
       64 port bits
      106 cells
        9   $_ANDNOT_
       26   $_AND_
       63   $_NAND_
        1   $_NOR_
        1   $_NOT_
        3   $_ORNOT_
        3   $_OR_

=== instruction_decoder ===

        +----------Local Count, excluding submodules.
        | 
        7 wires
       64 wire bits
        7 public wires
       64 public wire bits
        7 ports
       64 port bits

=== regfile ===

        +----------Local Count, excluding submodules.
        | 
     4021 wires
     5087 wire bits
       39 public wires
     1105 public wire bits
        8 ports
      113 port bits
     5038 cells
      139   $_ANDNOT_
      709   $_AND_
      992   $_DFFE_PP_
      979   $_MUX_
      940   $_NAND_
      214   $_NOR_
      603   $_ORNOT_
      462   $_OR_

=== riscv_core ===

        +----------Local Count, excluding submodules.
        | 
       26 wires
      298 wire bits
       26 public wires
      298 public wire bits
       10 ports
      168 port bits
        3 submodules
        1   data_memory_interface
        1   singlecycle_ctlpath
        1   singlecycle_datapath

=== singlecycle_control ===

        +----------Local Count, excluding submodules.
        | 
       39 wires
       49 wire bits
       11 public wires
       21 public wire bits
       11 ports
       21 port bits
       39 cells
        6   $_ANDNOT_
       12   $_AND_
       14   $_NAND_
        3   $_NOR_
        2   $_NOT_
        1   $_ORNOT_
        1   $_OR_

=== singlecycle_ctlpath ===

        +----------Local Count, excluding submodules.
        | 
       15 wires
       37 wire bits
       15 public wires
       37 public wire bits
       13 ports
       34 port bits
        3 submodules
        1   alu_control
        1   control_transfer
        1   singlecycle_control

=== singlecycle_datapath ===

        +----------Local Count, excluding submodules.
        | 
       29 wires
      465 wire bits
       29 public wires
      465 public wire bits
       18 ports
      194 port bits
       11 submodules
        1   $paramod$e358a763f16798cd10903dfd37e7986c0fbbe40f\register
        2   $paramod\adder\WIDTH=s32'00000000000000000000000000100000
        2   $paramod\multiplexer2\WIDTH=s32'00000000000000000000000000100000
        1   $paramod\multiplexer4\WIDTH=s32'00000000000000000000000000100000
        1   $paramod\multiplexer8\WIDTH=s32'00000000000000000000000000100000
        1   alu
        1   immediate_generator
        1   instruction_decoder
        1   regfile

=== design hierarchy ===

        +----------Count including submodules.
        | 
     7914 riscv_core
      191 data_memory_interface
       46   alu_control
        3   control_transfer
       39   singlecycle_control
       32   $paramod$e358a763f16798cd10903dfd37e7986c0fbbe40f\register
      162   $paramod\adder\WIDTH=s32'00000000000000000000000000100000
       32     $paramod$6a3d32cf08b5e9a4d56891e3d8781ccd4215c4af\multiplexer
      228     $paramod$99da07bf27abaac915a8c95d36d6f2808394e702\multiplexer
      492     $paramod$5ef3be0bfad1454aaa6432c4ab405bbd7cbab26b\multiplexer
     1351   alu
      106   immediate_generator
     5038   regfile

        +----------Count including submodules.
        | 
     6686 wires
    10420 wire bits
      201 public wires
     3935 public wire bits
      141 ports
     2539 port bits
        - memories
        - memory bits
        - processes
     7914 cells
      209   $_ANDNOT_
     1422   $_AND_
       31   $_DFFE_PP0P_
        1   $_DFFE_PP1P_
      992   $_DFFE_PP_
     1347   $_MUX_
     2174   $_NAND_
      235   $_NOR_
       13   $_NOT_
      709   $_ORNOT_
      623   $_OR_
       43   $_XNOR_
      115   $_XOR_
        3 submodules
        1   data_memory_interface
        1   singlecycle_ctlpath
        1   singlecycle_datapath

33. Executing JSON backend.

34. Executing RTLIL backend.
Output filename: /__RESULT_ROOT__/synth.rtlil

35. Executing Verilog backend.
Dumping module `$paramod$5ef3be0bfad1454aaa6432c4ab405bbd7cbab26b\multiplexer'.
Dumping module `$paramod$6a3d32cf08b5e9a4d56891e3d8781ccd4215c4af\multiplexer'.
Dumping module `$paramod$99da07bf27abaac915a8c95d36d6f2808394e702\multiplexer'.
Dumping module `$paramod$e358a763f16798cd10903dfd37e7986c0fbbe40f\register'.
Dumping module `$paramod\adder\WIDTH=s32'00000000000000000000000000100000'.
Dumping module `$paramod\multiplexer2\WIDTH=s32'00000000000000000000000000100000'.
Dumping module `$paramod\multiplexer4\WIDTH=s32'00000000000000000000000000100000'.
Dumping module `$paramod\multiplexer8\WIDTH=s32'00000000000000000000000000100000'.
Dumping module `\alu'.
Dumping module `\alu_control'.
Dumping module `\control_transfer'.
Dumping module `\data_memory_interface'.
Dumping module `\immediate_generator'.
Dumping module `\instruction_decoder'.
Dumping module `\regfile'.
Dumping module `\riscv_core'.
Dumping module `\singlecycle_control'.
Dumping module `\singlecycle_ctlpath'.
Dumping module `\singlecycle_datapath'.

Warnings: 1 unique messages, 4 total
End of script. Logfile hash: 72a236b4f3, time: 2.48s, user: 1.04s, system: 0.13s, MEM: 40.29 MB peak
Yosys 0.67+24 (git sha1 0e82bbefe, Release, Clang /usr/bin/clang++ 18.1.8)
Time spent: 64% 1x abc (1 sec), 7% 22x opt_clean (0 sec), ...
