
 /----------------------------------------------------------------------------\
 |  yosys -- Yosys Open SYnthesis Suite                                       |
 |  Copyright (C) 2012 - 2026  Claire Xenia Wolf <claire@yosyshq.com>         |
 |  Distributed under an ISC-like license, type "license" to see terms        |
 \----------------------------------------------------------------------------/
 Yosys 0.67+24 (git sha1 0e82bbefe, Release, Clang /usr/bin/clang++ 18.1.8)

-- Executing script file `/workspace/incremental-synthesis/results/partition-incremental/__granularity_cv32e40p-eco-001/new/run_export_hierarchy.ys' --

1. Executing Verilog-2005 frontend: /workspace/incremental-synthesis/benchmarks/cv32e40p-eco-001-new/core/common/normalized_cv32e40p.v
Parsing SystemVerilog input from `/workspace/incremental-synthesis/benchmarks/cv32e40p-eco-001-new/core/common/normalized_cv32e40p.v' to AST representation.
Generating RTLIL representation for module `\cv32e40p_aligner$cv32e40p_core.if_stage_i.aligner_i'.
Generating RTLIL representation for module `\cv32e40p_alu$cv32e40p_core.ex_stage_i.alu_i'.
Generating RTLIL representation for module `\cv32e40p_alu_div$cv32e40p_core.ex_stage_i.alu_i.alu_div_i'.
Generating RTLIL representation for module `\cv32e40p_clock_gate$cv32e40p_core.sleep_unit_i.core_clock_gate_i'.
Generating RTLIL representation for module `\cv32e40p_compressed_decoder$cv32e40p_core.if_stage_i.compressed_decoder_i'.
Generating RTLIL representation for module `\cv32e40p_controller$cv32e40p_core.id_stage_i.controller_i'.
Generating RTLIL representation for module `\cv32e40p_core'.
Generating RTLIL representation for module `\cv32e40p_cs_registers$cv32e40p_core.cs_registers_i'.
Generating RTLIL representation for module `\cv32e40p_decoder$cv32e40p_core.id_stage_i.decoder_i'.
Generating RTLIL representation for module `\cv32e40p_ex_stage$cv32e40p_core.ex_stage_i'.
Generating RTLIL representation for module `\cv32e40p_ff_one$cv32e40p_core.ex_stage_i.alu_i.ff_one_i'.
Generating RTLIL representation for module `\cv32e40p_fifo$cv32e40p_core.if_stage_i.prefetch_buffer_i.fifo_i'.
Generating RTLIL representation for module `\cv32e40p_hwloop_regs$cv32e40p_core.id_stage_i.gen_hwloop_regs.hwloop_regs_i'.
Generating RTLIL representation for module `\cv32e40p_id_stage$cv32e40p_core.id_stage_i'.
Generating RTLIL representation for module `\cv32e40p_if_stage$cv32e40p_core.if_stage_i'.
Generating RTLIL representation for module `\cv32e40p_int_controller$cv32e40p_core.id_stage_i.int_controller_i'.
Generating RTLIL representation for module `\cv32e40p_load_store_unit$cv32e40p_core.load_store_unit_i'.
Generating RTLIL representation for module `\cv32e40p_mult$cv32e40p_core.ex_stage_i.mult_i'.
Generating RTLIL representation for module `\cv32e40p_obi_interface$cv32e40p_core.if_stage_i.prefetch_buffer_i.instruction_obi_i'.
Generating RTLIL representation for module `\cv32e40p_obi_interface$cv32e40p_core.load_store_unit_i.data_obi_i'.
Generating RTLIL representation for module `\cv32e40p_popcnt$cv32e40p_core.ex_stage_i.alu_i.popcnt_i'.
Generating RTLIL representation for module `\cv32e40p_prefetch_buffer$cv32e40p_core.if_stage_i.prefetch_buffer_i'.
Generating RTLIL representation for module `\cv32e40p_prefetch_controller$cv32e40p_core.if_stage_i.prefetch_buffer_i.prefetch_controller_i'.
Generating RTLIL representation for module `\cv32e40p_register_file$cv32e40p_core.id_stage_i.register_file_i'.
Generating RTLIL representation for module `\cv32e40p_sleep_unit$cv32e40p_core.sleep_unit_i'.
Successfully finished Verilog frontend.

2. Executing HIERARCHY pass (managing design hierarchy).

2.1. Analyzing design hierarchy..
Top module:  \cv32e40p_core
Used module:     \cv32e40p_sleep_unit$cv32e40p_core.sleep_unit_i
Used module:         \cv32e40p_clock_gate$cv32e40p_core.sleep_unit_i.core_clock_gate_i
Used module:     \cv32e40p_load_store_unit$cv32e40p_core.load_store_unit_i
Used module:         \cv32e40p_obi_interface$cv32e40p_core.load_store_unit_i.data_obi_i
Used module:     \cv32e40p_if_stage$cv32e40p_core.if_stage_i
Used module:         \cv32e40p_prefetch_buffer$cv32e40p_core.if_stage_i.prefetch_buffer_i
Used module:             \cv32e40p_prefetch_controller$cv32e40p_core.if_stage_i.prefetch_buffer_i.prefetch_controller_i
Used module:             \cv32e40p_obi_interface$cv32e40p_core.if_stage_i.prefetch_buffer_i.instruction_obi_i
Used module:             \cv32e40p_fifo$cv32e40p_core.if_stage_i.prefetch_buffer_i.fifo_i
Used module:         \cv32e40p_compressed_decoder$cv32e40p_core.if_stage_i.compressed_decoder_i
Used module:         \cv32e40p_aligner$cv32e40p_core.if_stage_i.aligner_i
Used module:     \cv32e40p_id_stage$cv32e40p_core.id_stage_i
Used module:         \cv32e40p_register_file$cv32e40p_core.id_stage_i.register_file_i
Used module:         \cv32e40p_int_controller$cv32e40p_core.id_stage_i.int_controller_i
Used module:         \cv32e40p_hwloop_regs$cv32e40p_core.id_stage_i.gen_hwloop_regs.hwloop_regs_i
Used module:         \cv32e40p_decoder$cv32e40p_core.id_stage_i.decoder_i
Used module:         \cv32e40p_controller$cv32e40p_core.id_stage_i.controller_i
Used module:     \cv32e40p_ex_stage$cv32e40p_core.ex_stage_i
Used module:         \cv32e40p_mult$cv32e40p_core.ex_stage_i.mult_i
Used module:         \cv32e40p_alu$cv32e40p_core.ex_stage_i.alu_i
Used module:             \cv32e40p_popcnt$cv32e40p_core.ex_stage_i.alu_i.popcnt_i
Used module:             \cv32e40p_ff_one$cv32e40p_core.ex_stage_i.alu_i.ff_one_i
Used module:             \cv32e40p_alu_div$cv32e40p_core.ex_stage_i.alu_i.alu_div_i
Used module:     \cv32e40p_cs_registers$cv32e40p_core.cs_registers_i

2.2. Analyzing design hierarchy..
Top module:  \cv32e40p_core
Used module:     \cv32e40p_sleep_unit$cv32e40p_core.sleep_unit_i
Used module:         \cv32e40p_clock_gate$cv32e40p_core.sleep_unit_i.core_clock_gate_i
Used module:     \cv32e40p_load_store_unit$cv32e40p_core.load_store_unit_i
Used module:         \cv32e40p_obi_interface$cv32e40p_core.load_store_unit_i.data_obi_i
Used module:     \cv32e40p_if_stage$cv32e40p_core.if_stage_i
Used module:         \cv32e40p_prefetch_buffer$cv32e40p_core.if_stage_i.prefetch_buffer_i
Used module:             \cv32e40p_prefetch_controller$cv32e40p_core.if_stage_i.prefetch_buffer_i.prefetch_controller_i
Used module:             \cv32e40p_obi_interface$cv32e40p_core.if_stage_i.prefetch_buffer_i.instruction_obi_i
Used module:             \cv32e40p_fifo$cv32e40p_core.if_stage_i.prefetch_buffer_i.fifo_i
Used module:         \cv32e40p_compressed_decoder$cv32e40p_core.if_stage_i.compressed_decoder_i
Used module:         \cv32e40p_aligner$cv32e40p_core.if_stage_i.aligner_i
Used module:     \cv32e40p_id_stage$cv32e40p_core.id_stage_i
Used module:         \cv32e40p_register_file$cv32e40p_core.id_stage_i.register_file_i
Used module:         \cv32e40p_int_controller$cv32e40p_core.id_stage_i.int_controller_i
Used module:         \cv32e40p_hwloop_regs$cv32e40p_core.id_stage_i.gen_hwloop_regs.hwloop_regs_i
Used module:         \cv32e40p_decoder$cv32e40p_core.id_stage_i.decoder_i
Used module:         \cv32e40p_controller$cv32e40p_core.id_stage_i.controller_i
Used module:     \cv32e40p_ex_stage$cv32e40p_core.ex_stage_i
Used module:         \cv32e40p_mult$cv32e40p_core.ex_stage_i.mult_i
Used module:         \cv32e40p_alu$cv32e40p_core.ex_stage_i.alu_i
Used module:             \cv32e40p_popcnt$cv32e40p_core.ex_stage_i.alu_i.popcnt_i
Used module:             \cv32e40p_ff_one$cv32e40p_core.ex_stage_i.alu_i.ff_one_i
Used module:             \cv32e40p_alu_div$cv32e40p_core.ex_stage_i.alu_i.alu_div_i
Used module:     \cv32e40p_cs_registers$cv32e40p_core.cs_registers_i
Removed 0 unused modules.

-- Executing script file `/workspace/incremental-synthesis/partition-incremental/yosys/export_hierarchy.ys' --

3. Executing PROC pass (convert processes to netlists).

3.1. Executing PROC_CLEAN pass (remove empty switches from decision trees).
Cleaned up 0 empty switches.

3.2. Executing PROC_RMDEAD pass (remove dead branches from decision trees).
Marked 1 switch rules as full_case in process $proc$/workspace/incremental-synthesis/benchmarks/cv32e40p-eco-001-new/core/common/normalized_cv32e40p.v:42557$14577 in module cv32e40p_sleep_unit$cv32e40p_core.sleep_unit_i.
Marked 1 switch rules as full_case in process $proc$/workspace/incremental-synthesis/benchmarks/cv32e40p-eco-001-new/core/common/normalized_cv32e40p.v:42554$14575 in module cv32e40p_sleep_unit$cv32e40p_core.sleep_unit_i.
Marked 1 switch rules as full_case in process $proc$/workspace/incremental-synthesis/benchmarks/cv32e40p-eco-001-new/core/common/normalized_cv32e40p.v:42551$14573 in module cv32e40p_sleep_unit$cv32e40p_core.sleep_unit_i.
Marked 1 switch rules as full_case in process $proc$/workspace/incremental-synthesis/benchmarks/cv32e40p-eco-001-new/core/common/normalized_cv32e40p.v:42133$14469 in module cv32e40p_register_file$cv32e40p_core.id_stage_i.register_file_i.
Marked 1 switch rules as full_case in process $proc$/workspace/incremental-synthesis/benchmarks/cv32e40p-eco-001-new/core/common/normalized_cv32e40p.v:42130$14467 in module cv32e40p_register_file$cv32e40p_core.id_stage_i.register_file_i.
Marked 1 switch rules as full_case in process $proc$/workspace/incremental-synthesis/benchmarks/cv32e40p-eco-001-new/core/common/normalized_cv32e40p.v:42127$14465 in module cv32e40p_register_file$cv32e40p_core.id_stage_i.register_file_i.
Marked 1 switch rules as full_case in process $proc$/workspace/incremental-synthesis/benchmarks/cv32e40p-eco-001-new/core/common/normalized_cv32e40p.v:42124$14463 in module cv32e40p_register_file$cv32e40p_core.id_stage_i.register_file_i.
Marked 1 switch rules as full_case in process $proc$/workspace/incremental-synthesis/benchmarks/cv32e40p-eco-001-new/core/common/normalized_cv32e40p.v:42121$14461 in module cv32e40p_register_file$cv32e40p_core.id_stage_i.register_file_i.
Marked 1 switch rules as full_case in process $proc$/workspace/incremental-synthesis/benchmarks/cv32e40p-eco-001-new/core/common/normalized_cv32e40p.v:42118$14459 in module cv32e40p_register_file$cv32e40p_core.id_stage_i.register_file_i.
Marked 1 switch rules as full_case in process $proc$/workspace/incremental-synthesis/benchmarks/cv32e40p-eco-001-new/core/common/normalized_cv32e40p.v:42115$14457 in module cv32e40p_register_file$cv32e40p_core.id_stage_i.register_file_i.
Marked 1 switch rules as full_case in process $proc$/workspace/incremental-synthesis/benchmarks/cv32e40p-eco-001-new/core/common/normalized_cv32e40p.v:42112$14455 in module cv32e40p_register_file$cv32e40p_core.id_stage_i.register_file_i.
Marked 1 switch rules as full_case in process $proc$/workspace/incremental-synthesis/benchmarks/cv32e40p-eco-001-new/core/common/normalized_cv32e40p.v:42109$14453 in module cv32e40p_register_file$cv32e40p_core.id_stage_i.register_file_i.
Marked 1 switch rules as full_case in process $proc$/workspace/incremental-synthesis/benchmarks/cv32e40p-eco-001-new/core/common/normalized_cv32e40p.v:42106$14451 in module cv32e40p_register_file$cv32e40p_core.id_stage_i.register_file_i.
Marked 1 switch rules as full_case in process $proc$/workspace/incremental-synthesis/benchmarks/cv32e40p-eco-001-new/core/common/normalized_cv32e40p.v:42103$14449 in module cv32e40p_register_file$cv32e40p_core.id_stage_i.register_file_i.
Marked 1 switch rules as full_case in process $proc$/workspace/incremental-synthesis/benchmarks/cv32e40p-eco-001-new/core/common/normalized_cv32e40p.v:42100$14447 in module cv32e40p_register_file$cv32e40p_core.id_stage_i.register_file_i.
Marked 1 switch rules as full_case in process $proc$/workspace/incremental-synthesis/benchmarks/cv32e40p-eco-001-new/core/common/normalized_cv32e40p.v:42097$14445 in module cv32e40p_register_file$cv32e40p_core.id_stage_i.register_file_i.
Marked 1 switch rules as full_case in process $proc$/workspace/incremental-synthesis/benchmarks/cv32e40p-eco-001-new/core/common/normalized_cv32e40p.v:42094$14443 in module cv32e40p_register_file$cv32e40p_core.id_stage_i.register_file_i.
Marked 1 switch rules as full_case in process $proc$/workspace/incremental-synthesis/benchmarks/cv32e40p-eco-001-new/core/common/normalized_cv32e40p.v:42091$14441 in module cv32e40p_register_file$cv32e40p_core.id_stage_i.register_file_i.
Marked 1 switch rules as full_case in process $proc$/workspace/incremental-synthesis/benchmarks/cv32e40p-eco-001-new/core/common/normalized_cv32e40p.v:42088$14439 in module cv32e40p_register_file$cv32e40p_core.id_stage_i.register_file_i.
Marked 1 switch rules as full_case in process $proc$/workspace/incremental-synthesis/benchmarks/cv32e40p-eco-001-new/core/common/normalized_cv32e40p.v:42085$14437 in module cv32e40p_register_file$cv32e40p_core.id_stage_i.register_file_i.
Marked 1 switch rules as full_case in process $proc$/workspace/incremental-synthesis/benchmarks/cv32e40p-eco-001-new/core/common/normalized_cv32e40p.v:42082$14435 in module cv32e40p_register_file$cv32e40p_core.id_stage_i.register_file_i.
Marked 1 switch rules as full_case in process $proc$/workspace/incremental-synthesis/benchmarks/cv32e40p-eco-001-new/core/common/normalized_cv32e40p.v:42079$14433 in module cv32e40p_register_file$cv32e40p_core.id_stage_i.register_file_i.
Marked 1 switch rules as full_case in process $proc$/workspace/incremental-synthesis/benchmarks/cv32e40p-eco-001-new/core/common/normalized_cv32e40p.v:42076$14431 in module cv32e40p_register_file$cv32e40p_core.id_stage_i.register_file_i.
Marked 1 switch rules as full_case in process $proc$/workspace/incremental-synthesis/benchmarks/cv32e40p-eco-001-new/core/common/normalized_cv32e40p.v:42073$14429 in module cv32e40p_register_file$cv32e40p_core.id_stage_i.register_file_i.
Marked 1 switch rules as full_case in process $proc$/workspace/incremental-synthesis/benchmarks/cv32e40p-eco-001-new/core/common/normalized_cv32e40p.v:42070$14427 in module cv32e40p_register_file$cv32e40p_core.id_stage_i.register_file_i.
Marked 1 switch rules as full_case in process $proc$/workspace/incremental-synthesis/benchmarks/cv32e40p-eco-001-new/core/common/normalized_cv32e40p.v:42067$14425 in module cv32e40p_register_file$cv32e40p_core.id_stage_i.register_file_i.
Marked 1 switch rules as full_case in process $proc$/workspace/incremental-synthesis/benchmarks/cv32e40p-eco-001-new/core/common/normalized_cv32e40p.v:42064$14423 in module cv32e40p_register_file$cv32e40p_core.id_stage_i.register_file_i.
Marked 1 switch rules as full_case in process $proc$/workspace/incremental-synthesis/benchmarks/cv32e40p-eco-001-new/core/common/normalized_cv32e40p.v:42061$14421 in module cv32e40p_register_file$cv32e40p_core.id_stage_i.register_file_i.
Marked 1 switch rules as full_case in process $proc$/workspace/incremental-synthesis/benchmarks/cv32e40p-eco-001-new/core/common/normalized_cv32e40p.v:42058$14419 in module cv32e40p_register_file$cv32e40p_core.id_stage_i.register_file_i.
Marked 1 switch rules as full_case in process $proc$/workspace/incremental-synthesis/benchmarks/cv32e40p-eco-001-new/core/common/normalized_cv32e40p.v:42055$14417 in module cv32e40p_register_file$cv32e40p_core.id_stage_i.register_file_i.
Marked 1 switch rules as full_case in process $proc$/workspace/incremental-synthesis/benchmarks/cv32e40p-eco-001-new/core/common/normalized_cv32e40p.v:42052$14415 in module cv32e40p_register_file$cv32e40p_core.id_stage_i.register_file_i.
Marked 1 switch rules as full_case in process $proc$/workspace/incremental-synthesis/benchmarks/cv32e40p-eco-001-new/core/common/normalized_cv32e40p.v:42049$14413 in module cv32e40p_register_file$cv32e40p_core.id_stage_i.register_file_i.
Marked 1 switch rules as full_case in process $proc$/workspace/incremental-synthesis/benchmarks/cv32e40p-eco-001-new/core/common/normalized_cv32e40p.v:42046$14411 in module cv32e40p_register_file$cv32e40p_core.id_stage_i.register_file_i.
Marked 1 switch rules as full_case in process $proc$/workspace/incremental-synthesis/benchmarks/cv32e40p-eco-001-new/core/common/normalized_cv32e40p.v:42043$14409 in module cv32e40p_register_file$cv32e40p_core.id_stage_i.register_file_i.
Marked 1 switch rules as full_case in process $proc$/workspace/incremental-synthesis/benchmarks/cv32e40p-eco-001-new/core/common/normalized_cv32e40p.v:42040$14407 in module cv32e40p_register_file$cv32e40p_core.id_stage_i.register_file_i.
Marked 1 switch rules as full_case in process $proc$/workspace/incremental-synthesis/benchmarks/cv32e40p-eco-001-new/core/common/normalized_cv32e40p.v:40923$14005 in module cv32e40p_prefetch_controller$cv32e40p_core.if_stage_i.prefetch_buffer_i.prefetch_controller_i.
Marked 1 switch rules as full_case in process $proc$/workspace/incremental-synthesis/benchmarks/cv32e40p-eco-001-new/core/common/normalized_cv32e40p.v:40920$14003 in module cv32e40p_prefetch_controller$cv32e40p_core.if_stage_i.prefetch_buffer_i.prefetch_controller_i.
Marked 1 switch rules as full_case in process $proc$/workspace/incremental-synthesis/benchmarks/cv32e40p-eco-001-new/core/common/normalized_cv32e40p.v:40917$14001 in module cv32e40p_prefetch_controller$cv32e40p_core.if_stage_i.prefetch_buffer_i.prefetch_controller_i.
Marked 1 switch rules as full_case in process $proc$/workspace/incremental-synthesis/benchmarks/cv32e40p-eco-001-new/core/common/normalized_cv32e40p.v:40914$13999 in module cv32e40p_prefetch_controller$cv32e40p_core.if_stage_i.prefetch_buffer_i.prefetch_controller_i.
Marked 1 switch rules as full_case in process $proc$/workspace/incremental-synthesis/benchmarks/cv32e40p-eco-001-new/core/common/normalized_cv32e40p.v:40911$13997 in module cv32e40p_prefetch_controller$cv32e40p_core.if_stage_i.prefetch_buffer_i.prefetch_controller_i.
Marked 1 switch rules as full_case in process $proc$/workspace/incremental-synthesis/benchmarks/cv32e40p-eco-001-new/core/common/normalized_cv32e40p.v:40908$13995 in module cv32e40p_prefetch_controller$cv32e40p_core.if_stage_i.prefetch_buffer_i.prefetch_controller_i.
Marked 1 switch rules as full_case in process $proc$/workspace/incremental-synthesis/benchmarks/cv32e40p-eco-001-new/core/common/normalized_cv32e40p.v:40277$13878 in module cv32e40p_obi_interface$cv32e40p_core.if_stage_i.prefetch_buffer_i.instruction_obi_i.
Marked 1 switch rules as full_case in process $proc$/workspace/incremental-synthesis/benchmarks/cv32e40p-eco-001-new/core/common/normalized_cv32e40p.v:40274$13876 in module cv32e40p_obi_interface$cv32e40p_core.if_stage_i.prefetch_buffer_i.instruction_obi_i.
Marked 1 switch rules as full_case in process $proc$/workspace/incremental-synthesis/benchmarks/cv32e40p-eco-001-new/core/common/normalized_cv32e40p.v:40271$13874 in module cv32e40p_obi_interface$cv32e40p_core.if_stage_i.prefetch_buffer_i.instruction_obi_i.
Marked 1 switch rules as full_case in process $proc$/workspace/incremental-synthesis/benchmarks/cv32e40p-eco-001-new/core/common/normalized_cv32e40p.v:40268$13872 in module cv32e40p_obi_interface$cv32e40p_core.if_stage_i.prefetch_buffer_i.instruction_obi_i.
Marked 1 switch rules as full_case in process $proc$/workspace/incremental-synthesis/benchmarks/cv32e40p-eco-001-new/core/common/normalized_cv32e40p.v:40265$13870 in module cv32e40p_obi_interface$cv32e40p_core.if_stage_i.prefetch_buffer_i.instruction_obi_i.
Marked 1 switch rules as full_case in process $proc$/workspace/incremental-synthesis/benchmarks/cv32e40p-eco-001-new/core/common/normalized_cv32e40p.v:40262$13868 in module cv32e40p_obi_interface$cv32e40p_core.if_stage_i.prefetch_buffer_i.instruction_obi_i.
Marked 1 switch rules as full_case in process $proc$/workspace/incremental-synthesis/benchmarks/cv32e40p-eco-001-new/core/common/normalized_cv32e40p.v:40042$13804 in module cv32e40p_mult$cv32e40p_core.ex_stage_i.mult_i.
Marked 1 switch rules as full_case in process $proc$/workspace/incremental-synthesis/benchmarks/cv32e40p-eco-001-new/core/common/normalized_cv32e40p.v:40039$13802 in module cv32e40p_mult$cv32e40p_core.ex_stage_i.mult_i.
Marked 1 switch rules as full_case in process $proc$/workspace/incremental-synthesis/benchmarks/cv32e40p-eco-001-new/core/common/normalized_cv32e40p.v:39316$13546 in module cv32e40p_load_store_unit$cv32e40p_core.load_store_unit_i.
Marked 1 switch rules as full_case in process $proc$/workspace/incremental-synthesis/benchmarks/cv32e40p-eco-001-new/core/common/normalized_cv32e40p.v:39313$13544 in module cv32e40p_load_store_unit$cv32e40p_core.load_store_unit_i.
Marked 1 switch rules as full_case in process $proc$/workspace/incremental-synthesis/benchmarks/cv32e40p-eco-001-new/core/common/normalized_cv32e40p.v:39310$13542 in module cv32e40p_load_store_unit$cv32e40p_core.load_store_unit_i.
Marked 1 switch rules as full_case in process $proc$/workspace/incremental-synthesis/benchmarks/cv32e40p-eco-001-new/core/common/normalized_cv32e40p.v:39307$13540 in module cv32e40p_load_store_unit$cv32e40p_core.load_store_unit_i.
Marked 1 switch rules as full_case in process $proc$/workspace/incremental-synthesis/benchmarks/cv32e40p-eco-001-new/core/common/normalized_cv32e40p.v:39304$13538 in module cv32e40p_load_store_unit$cv32e40p_core.load_store_unit_i.
Marked 1 switch rules as full_case in process $proc$/workspace/incremental-synthesis/benchmarks/cv32e40p-eco-001-new/core/common/normalized_cv32e40p.v:39301$13536 in module cv32e40p_load_store_unit$cv32e40p_core.load_store_unit_i.
Marked 1 switch rules as full_case in process $proc$/workspace/incremental-synthesis/benchmarks/cv32e40p-eco-001-new/core/common/normalized_cv32e40p.v:39298$13534 in module cv32e40p_load_store_unit$cv32e40p_core.load_store_unit_i.
Marked 1 switch rules as full_case in process $proc$/workspace/incremental-synthesis/benchmarks/cv32e40p-eco-001-new/core/common/normalized_cv32e40p.v:37614$12891 in module cv32e40p_int_controller$cv32e40p_core.id_stage_i.int_controller_i.
Marked 1 switch rules as full_case in process $proc$/workspace/incremental-synthesis/benchmarks/cv32e40p-eco-001-new/core/common/normalized_cv32e40p.v:37611$12889 in module cv32e40p_int_controller$cv32e40p_core.id_stage_i.int_controller_i.
Marked 1 switch rules as full_case in process $proc$/workspace/incremental-synthesis/benchmarks/cv32e40p-eco-001-new/core/common/normalized_cv32e40p.v:36357$12849 in module cv32e40p_if_stage$cv32e40p_core.if_stage_i.
Marked 1 switch rules as full_case in process $proc$/workspace/incremental-synthesis/benchmarks/cv32e40p-eco-001-new/core/common/normalized_cv32e40p.v:36354$12847 in module cv32e40p_if_stage$cv32e40p_core.if_stage_i.
Marked 1 switch rules as full_case in process $proc$/workspace/incremental-synthesis/benchmarks/cv32e40p-eco-001-new/core/common/normalized_cv32e40p.v:36351$12845 in module cv32e40p_if_stage$cv32e40p_core.if_stage_i.
Marked 1 switch rules as full_case in process $proc$/workspace/incremental-synthesis/benchmarks/cv32e40p-eco-001-new/core/common/normalized_cv32e40p.v:36348$12843 in module cv32e40p_if_stage$cv32e40p_core.if_stage_i.
Marked 1 switch rules as full_case in process $proc$/workspace/incremental-synthesis/benchmarks/cv32e40p-eco-001-new/core/common/normalized_cv32e40p.v:36345$12841 in module cv32e40p_if_stage$cv32e40p_core.if_stage_i.
Marked 1 switch rules as full_case in process $proc$/workspace/incremental-synthesis/benchmarks/cv32e40p-eco-001-new/core/common/normalized_cv32e40p.v:36342$12839 in module cv32e40p_if_stage$cv32e40p_core.if_stage_i.
Marked 1 switch rules as full_case in process $proc$/workspace/incremental-synthesis/benchmarks/cv32e40p-eco-001-new/core/common/normalized_cv32e40p.v:34481$12229 in module cv32e40p_id_stage$cv32e40p_core.id_stage_i.
Marked 1 switch rules as full_case in process $proc$/workspace/incremental-synthesis/benchmarks/cv32e40p-eco-001-new/core/common/normalized_cv32e40p.v:34478$12227 in module cv32e40p_id_stage$cv32e40p_core.id_stage_i.
Marked 1 switch rules as full_case in process $proc$/workspace/incremental-synthesis/benchmarks/cv32e40p-eco-001-new/core/common/normalized_cv32e40p.v:34475$12225 in module cv32e40p_id_stage$cv32e40p_core.id_stage_i.
Marked 1 switch rules as full_case in process $proc$/workspace/incremental-synthesis/benchmarks/cv32e40p-eco-001-new/core/common/normalized_cv32e40p.v:34472$12223 in module cv32e40p_id_stage$cv32e40p_core.id_stage_i.
Marked 1 switch rules as full_case in process $proc$/workspace/incremental-synthesis/benchmarks/cv32e40p-eco-001-new/core/common/normalized_cv32e40p.v:34469$12221 in module cv32e40p_id_stage$cv32e40p_core.id_stage_i.
Marked 1 switch rules as full_case in process $proc$/workspace/incremental-synthesis/benchmarks/cv32e40p-eco-001-new/core/common/normalized_cv32e40p.v:34466$12219 in module cv32e40p_id_stage$cv32e40p_core.id_stage_i.
Marked 1 switch rules as full_case in process $proc$/workspace/incremental-synthesis/benchmarks/cv32e40p-eco-001-new/core/common/normalized_cv32e40p.v:34463$12217 in module cv32e40p_id_stage$cv32e40p_core.id_stage_i.
Marked 1 switch rules as full_case in process $proc$/workspace/incremental-synthesis/benchmarks/cv32e40p-eco-001-new/core/common/normalized_cv32e40p.v:34460$12215 in module cv32e40p_id_stage$cv32e40p_core.id_stage_i.
Marked 1 switch rules as full_case in process $proc$/workspace/incremental-synthesis/benchmarks/cv32e40p-eco-001-new/core/common/normalized_cv32e40p.v:34457$12213 in module cv32e40p_id_stage$cv32e40p_core.id_stage_i.
Marked 1 switch rules as full_case in process $proc$/workspace/incremental-synthesis/benchmarks/cv32e40p-eco-001-new/core/common/normalized_cv32e40p.v:34454$12211 in module cv32e40p_id_stage$cv32e40p_core.id_stage_i.
Marked 1 switch rules as full_case in process $proc$/workspace/incremental-synthesis/benchmarks/cv32e40p-eco-001-new/core/common/normalized_cv32e40p.v:34451$12209 in module cv32e40p_id_stage$cv32e40p_core.id_stage_i.
Marked 1 switch rules as full_case in process $proc$/workspace/incremental-synthesis/benchmarks/cv32e40p-eco-001-new/core/common/normalized_cv32e40p.v:34448$12207 in module cv32e40p_id_stage$cv32e40p_core.id_stage_i.
Marked 1 switch rules as full_case in process $proc$/workspace/incremental-synthesis/benchmarks/cv32e40p-eco-001-new/core/common/normalized_cv32e40p.v:34445$12205 in module cv32e40p_id_stage$cv32e40p_core.id_stage_i.
Marked 1 switch rules as full_case in process $proc$/workspace/incremental-synthesis/benchmarks/cv32e40p-eco-001-new/core/common/normalized_cv32e40p.v:34442$12203 in module cv32e40p_id_stage$cv32e40p_core.id_stage_i.
Marked 1 switch rules as full_case in process $proc$/workspace/incremental-synthesis/benchmarks/cv32e40p-eco-001-new/core/common/normalized_cv32e40p.v:34439$12201 in module cv32e40p_id_stage$cv32e40p_core.id_stage_i.
Marked 1 switch rules as full_case in process $proc$/workspace/incremental-synthesis/benchmarks/cv32e40p-eco-001-new/core/common/normalized_cv32e40p.v:34436$12199 in module cv32e40p_id_stage$cv32e40p_core.id_stage_i.
Marked 1 switch rules as full_case in process $proc$/workspace/incremental-synthesis/benchmarks/cv32e40p-eco-001-new/core/common/normalized_cv32e40p.v:34433$12197 in module cv32e40p_id_stage$cv32e40p_core.id_stage_i.
Marked 1 switch rules as full_case in process $proc$/workspace/incremental-synthesis/benchmarks/cv32e40p-eco-001-new/core/common/normalized_cv32e40p.v:34430$12195 in module cv32e40p_id_stage$cv32e40p_core.id_stage_i.
Marked 1 switch rules as full_case in process $proc$/workspace/incremental-synthesis/benchmarks/cv32e40p-eco-001-new/core/common/normalized_cv32e40p.v:34427$12193 in module cv32e40p_id_stage$cv32e40p_core.id_stage_i.
Marked 1 switch rules as full_case in process $proc$/workspace/incremental-synthesis/benchmarks/cv32e40p-eco-001-new/core/common/normalized_cv32e40p.v:34424$12191 in module cv32e40p_id_stage$cv32e40p_core.id_stage_i.
Marked 1 switch rules as full_case in process $proc$/workspace/incremental-synthesis/benchmarks/cv32e40p-eco-001-new/core/common/normalized_cv32e40p.v:34421$12189 in module cv32e40p_id_stage$cv32e40p_core.id_stage_i.
Marked 1 switch rules as full_case in process $proc$/workspace/incremental-synthesis/benchmarks/cv32e40p-eco-001-new/core/common/normalized_cv32e40p.v:34418$12187 in module cv32e40p_id_stage$cv32e40p_core.id_stage_i.
Marked 1 switch rules as full_case in process $proc$/workspace/incremental-synthesis/benchmarks/cv32e40p-eco-001-new/core/common/normalized_cv32e40p.v:34415$12185 in module cv32e40p_id_stage$cv32e40p_core.id_stage_i.
Marked 1 switch rules as full_case in process $proc$/workspace/incremental-synthesis/benchmarks/cv32e40p-eco-001-new/core/common/normalized_cv32e40p.v:34412$12183 in module cv32e40p_id_stage$cv32e40p_core.id_stage_i.
Marked 1 switch rules as full_case in process $proc$/workspace/incremental-synthesis/benchmarks/cv32e40p-eco-001-new/core/common/normalized_cv32e40p.v:34409$12181 in module cv32e40p_id_stage$cv32e40p_core.id_stage_i.
Marked 1 switch rules as full_case in process $proc$/workspace/incremental-synthesis/benchmarks/cv32e40p-eco-001-new/core/common/normalized_cv32e40p.v:34406$12179 in module cv32e40p_id_stage$cv32e40p_core.id_stage_i.
Marked 1 switch rules as full_case in process $proc$/workspace/incremental-synthesis/benchmarks/cv32e40p-eco-001-new/core/common/normalized_cv32e40p.v:34403$12177 in module cv32e40p_id_stage$cv32e40p_core.id_stage_i.
Marked 1 switch rules as full_case in process $proc$/workspace/incremental-synthesis/benchmarks/cv32e40p-eco-001-new/core/common/normalized_cv32e40p.v:34400$12175 in module cv32e40p_id_stage$cv32e40p_core.id_stage_i.
Marked 1 switch rules as full_case in process $proc$/workspace/incremental-synthesis/benchmarks/cv32e40p-eco-001-new/core/common/normalized_cv32e40p.v:34397$12173 in module cv32e40p_id_stage$cv32e40p_core.id_stage_i.
Marked 1 switch rules as full_case in process $proc$/workspace/incremental-synthesis/benchmarks/cv32e40p-eco-001-new/core/common/normalized_cv32e40p.v:34394$12171 in module cv32e40p_id_stage$cv32e40p_core.id_stage_i.
Marked 1 switch rules as full_case in process $proc$/workspace/incremental-synthesis/benchmarks/cv32e40p-eco-001-new/core/common/normalized_cv32e40p.v:34391$12169 in module cv32e40p_id_stage$cv32e40p_core.id_stage_i.
Marked 1 switch rules as full_case in process $proc$/workspace/incremental-synthesis/benchmarks/cv32e40p-eco-001-new/core/common/normalized_cv32e40p.v:34388$12167 in module cv32e40p_id_stage$cv32e40p_core.id_stage_i.
Marked 1 switch rules as full_case in process $proc$/workspace/incremental-synthesis/benchmarks/cv32e40p-eco-001-new/core/common/normalized_cv32e40p.v:34385$12165 in module cv32e40p_id_stage$cv32e40p_core.id_stage_i.
Marked 1 switch rules as full_case in process $proc$/workspace/incremental-synthesis/benchmarks/cv32e40p-eco-001-new/core/common/normalized_cv32e40p.v:34382$12163 in module cv32e40p_id_stage$cv32e40p_core.id_stage_i.
Marked 1 switch rules as full_case in process $proc$/workspace/incremental-synthesis/benchmarks/cv32e40p-eco-001-new/core/common/normalized_cv32e40p.v:34379$12161 in module cv32e40p_id_stage$cv32e40p_core.id_stage_i.
Marked 1 switch rules as full_case in process $proc$/workspace/incremental-synthesis/benchmarks/cv32e40p-eco-001-new/core/common/normalized_cv32e40p.v:34376$12159 in module cv32e40p_id_stage$cv32e40p_core.id_stage_i.
Marked 1 switch rules as full_case in process $proc$/workspace/incremental-synthesis/benchmarks/cv32e40p-eco-001-new/core/common/normalized_cv32e40p.v:34373$12157 in module cv32e40p_id_stage$cv32e40p_core.id_stage_i.
Marked 1 switch rules as full_case in process $proc$/workspace/incremental-synthesis/benchmarks/cv32e40p-eco-001-new/core/common/normalized_cv32e40p.v:34370$12155 in module cv32e40p_id_stage$cv32e40p_core.id_stage_i.
Marked 1 switch rules as full_case in process $proc$/workspace/incremental-synthesis/benchmarks/cv32e40p-eco-001-new/core/common/normalized_cv32e40p.v:34367$12153 in module cv32e40p_id_stage$cv32e40p_core.id_stage_i.
Marked 1 switch rules as full_case in process $proc$/workspace/incremental-synthesis/benchmarks/cv32e40p-eco-001-new/core/common/normalized_cv32e40p.v:34364$12151 in module cv32e40p_id_stage$cv32e40p_core.id_stage_i.
Marked 1 switch rules as full_case in process $proc$/workspace/incremental-synthesis/benchmarks/cv32e40p-eco-001-new/core/common/normalized_cv32e40p.v:34361$12149 in module cv32e40p_id_stage$cv32e40p_core.id_stage_i.
Marked 1 switch rules as full_case in process $proc$/workspace/incremental-synthesis/benchmarks/cv32e40p-eco-001-new/core/common/normalized_cv32e40p.v:34358$12147 in module cv32e40p_id_stage$cv32e40p_core.id_stage_i.
Marked 1 switch rules as full_case in process $proc$/workspace/incremental-synthesis/benchmarks/cv32e40p-eco-001-new/core/common/normalized_cv32e40p.v:34355$12145 in module cv32e40p_id_stage$cv32e40p_core.id_stage_i.
Marked 1 switch rules as full_case in process $proc$/workspace/incremental-synthesis/benchmarks/cv32e40p-eco-001-new/core/common/normalized_cv32e40p.v:34352$12143 in module cv32e40p_id_stage$cv32e40p_core.id_stage_i.
Marked 1 switch rules as full_case in process $proc$/workspace/incremental-synthesis/benchmarks/cv32e40p-eco-001-new/core/common/normalized_cv32e40p.v:34349$12141 in module cv32e40p_id_stage$cv32e40p_core.id_stage_i.
Marked 1 switch rules as full_case in process $proc$/workspace/incremental-synthesis/benchmarks/cv32e40p-eco-001-new/core/common/normalized_cv32e40p.v:34346$12139 in module cv32e40p_id_stage$cv32e40p_core.id_stage_i.
Marked 1 switch rules as full_case in process $proc$/workspace/incremental-synthesis/benchmarks/cv32e40p-eco-001-new/core/common/normalized_cv32e40p.v:34343$12137 in module cv32e40p_id_stage$cv32e40p_core.id_stage_i.
Marked 1 switch rules as full_case in process $proc$/workspace/incremental-synthesis/benchmarks/cv32e40p-eco-001-new/core/common/normalized_cv32e40p.v:34340$12135 in module cv32e40p_id_stage$cv32e40p_core.id_stage_i.
Marked 1 switch rules as full_case in process $proc$/workspace/incremental-synthesis/benchmarks/cv32e40p-eco-001-new/core/common/normalized_cv32e40p.v:34337$12133 in module cv32e40p_id_stage$cv32e40p_core.id_stage_i.
Marked 1 switch rules as full_case in process $proc$/workspace/incremental-synthesis/benchmarks/cv32e40p-eco-001-new/core/common/normalized_cv32e40p.v:34334$12131 in module cv32e40p_id_stage$cv32e40p_core.id_stage_i.
Marked 1 switch rules as full_case in process $proc$/workspace/incremental-synthesis/benchmarks/cv32e40p-eco-001-new/core/common/normalized_cv32e40p.v:34331$12129 in module cv32e40p_id_stage$cv32e40p_core.id_stage_i.
Marked 1 switch rules as full_case in process $proc$/workspace/incremental-synthesis/benchmarks/cv32e40p-eco-001-new/core/common/normalized_cv32e40p.v:34328$12127 in module cv32e40p_id_stage$cv32e40p_core.id_stage_i.
Marked 1 switch rules as full_case in process $proc$/workspace/incremental-synthesis/benchmarks/cv32e40p-eco-001-new/core/common/normalized_cv32e40p.v:34325$12125 in module cv32e40p_id_stage$cv32e40p_core.id_stage_i.
Marked 1 switch rules as full_case in process $proc$/workspace/incremental-synthesis/benchmarks/cv32e40p-eco-001-new/core/common/normalized_cv32e40p.v:34322$12123 in module cv32e40p_id_stage$cv32e40p_core.id_stage_i.
Marked 1 switch rules as full_case in process $proc$/workspace/incremental-synthesis/benchmarks/cv32e40p-eco-001-new/core/common/normalized_cv32e40p.v:34319$12121 in module cv32e40p_id_stage$cv32e40p_core.id_stage_i.
Marked 1 switch rules as full_case in process $proc$/workspace/incremental-synthesis/benchmarks/cv32e40p-eco-001-new/core/common/normalized_cv32e40p.v:34316$12119 in module cv32e40p_id_stage$cv32e40p_core.id_stage_i.
Marked 1 switch rules as full_case in process $proc$/workspace/incremental-synthesis/benchmarks/cv32e40p-eco-001-new/core/common/normalized_cv32e40p.v:34313$12117 in module cv32e40p_id_stage$cv32e40p_core.id_stage_i.
Marked 1 switch rules as full_case in process $proc$/workspace/incremental-synthesis/benchmarks/cv32e40p-eco-001-new/core/common/normalized_cv32e40p.v:34310$12115 in module cv32e40p_id_stage$cv32e40p_core.id_stage_i.
Marked 1 switch rules as full_case in process $proc$/workspace/incremental-synthesis/benchmarks/cv32e40p-eco-001-new/core/common/normalized_cv32e40p.v:34307$12113 in module cv32e40p_id_stage$cv32e40p_core.id_stage_i.
Marked 1 switch rules as full_case in process $proc$/workspace/incremental-synthesis/benchmarks/cv32e40p-eco-001-new/core/common/normalized_cv32e40p.v:34304$12111 in module cv32e40p_id_stage$cv32e40p_core.id_stage_i.
Marked 1 switch rules as full_case in process $proc$/workspace/incremental-synthesis/benchmarks/cv32e40p-eco-001-new/core/common/normalized_cv32e40p.v:34301$12109 in module cv32e40p_id_stage$cv32e40p_core.id_stage_i.
Marked 1 switch rules as full_case in process $proc$/workspace/incremental-synthesis/benchmarks/cv32e40p-eco-001-new/core/common/normalized_cv32e40p.v:34298$12107 in module cv32e40p_id_stage$cv32e40p_core.id_stage_i.
Marked 1 switch rules as full_case in process $proc$/workspace/incremental-synthesis/benchmarks/cv32e40p-eco-001-new/core/common/normalized_cv32e40p.v:34295$12105 in module cv32e40p_id_stage$cv32e40p_core.id_stage_i.
Marked 1 switch rules as full_case in process $proc$/workspace/incremental-synthesis/benchmarks/cv32e40p-eco-001-new/core/common/normalized_cv32e40p.v:34292$12103 in module cv32e40p_id_stage$cv32e40p_core.id_stage_i.
Marked 1 switch rules as full_case in process $proc$/workspace/incremental-synthesis/benchmarks/cv32e40p-eco-001-new/core/common/normalized_cv32e40p.v:31965$11909 in module cv32e40p_hwloop_regs$cv32e40p_core.id_stage_i.gen_hwloop_regs.hwloop_regs_i.
Marked 1 switch rules as full_case in process $proc$/workspace/incremental-synthesis/benchmarks/cv32e40p-eco-001-new/core/common/normalized_cv32e40p.v:31962$11907 in module cv32e40p_hwloop_regs$cv32e40p_core.id_stage_i.gen_hwloop_regs.hwloop_regs_i.
Marked 1 switch rules as full_case in process $proc$/workspace/incremental-synthesis/benchmarks/cv32e40p-eco-001-new/core/common/normalized_cv32e40p.v:31959$11905 in module cv32e40p_hwloop_regs$cv32e40p_core.id_stage_i.gen_hwloop_regs.hwloop_regs_i.
Marked 1 switch rules as full_case in process $proc$/workspace/incremental-synthesis/benchmarks/cv32e40p-eco-001-new/core/common/normalized_cv32e40p.v:31956$11903 in module cv32e40p_hwloop_regs$cv32e40p_core.id_stage_i.gen_hwloop_regs.hwloop_regs_i.
Marked 1 switch rules as full_case in process $proc$/workspace/incremental-synthesis/benchmarks/cv32e40p-eco-001-new/core/common/normalized_cv32e40p.v:31953$11901 in module cv32e40p_hwloop_regs$cv32e40p_core.id_stage_i.gen_hwloop_regs.hwloop_regs_i.
Marked 1 switch rules as full_case in process $proc$/workspace/incremental-synthesis/benchmarks/cv32e40p-eco-001-new/core/common/normalized_cv32e40p.v:31950$11899 in module cv32e40p_hwloop_regs$cv32e40p_core.id_stage_i.gen_hwloop_regs.hwloop_regs_i.
Marked 1 switch rules as full_case in process $proc$/workspace/incremental-synthesis/benchmarks/cv32e40p-eco-001-new/core/common/normalized_cv32e40p.v:31760$11853 in module cv32e40p_fifo$cv32e40p_core.if_stage_i.prefetch_buffer_i.fifo_i.
Marked 1 switch rules as full_case in process $proc$/workspace/incremental-synthesis/benchmarks/cv32e40p-eco-001-new/core/common/normalized_cv32e40p.v:31757$11851 in module cv32e40p_fifo$cv32e40p_core.if_stage_i.prefetch_buffer_i.fifo_i.
Marked 1 switch rules as full_case in process $proc$/workspace/incremental-synthesis/benchmarks/cv32e40p-eco-001-new/core/common/normalized_cv32e40p.v:31754$11849 in module cv32e40p_fifo$cv32e40p_core.if_stage_i.prefetch_buffer_i.fifo_i.
Marked 1 switch rules as full_case in process $proc$/workspace/incremental-synthesis/benchmarks/cv32e40p-eco-001-new/core/common/normalized_cv32e40p.v:31751$11847 in module cv32e40p_fifo$cv32e40p_core.if_stage_i.prefetch_buffer_i.fifo_i.
Marked 1 switch rules as full_case in process $proc$/workspace/incremental-synthesis/benchmarks/cv32e40p-eco-001-new/core/common/normalized_cv32e40p.v:31748$11845 in module cv32e40p_fifo$cv32e40p_core.if_stage_i.prefetch_buffer_i.fifo_i.
Marked 1 switch rules as full_case in process $proc$/workspace/incremental-synthesis/benchmarks/cv32e40p-eco-001-new/core/common/normalized_cv32e40p.v:31114$11694 in module cv32e40p_ex_stage$cv32e40p_core.ex_stage_i.
Marked 1 switch rules as full_case in process $proc$/workspace/incremental-synthesis/benchmarks/cv32e40p-eco-001-new/core/common/normalized_cv32e40p.v:31111$11692 in module cv32e40p_ex_stage$cv32e40p_core.ex_stage_i.
Marked 1 switch rules as full_case in process $proc$/workspace/incremental-synthesis/benchmarks/cv32e40p-eco-001-new/core/common/normalized_cv32e40p.v:17751$5232 in module cv32e40p_cs_registers$cv32e40p_core.cs_registers_i.
Marked 1 switch rules as full_case in process $proc$/workspace/incremental-synthesis/benchmarks/cv32e40p-eco-001-new/core/common/normalized_cv32e40p.v:17748$5230 in module cv32e40p_cs_registers$cv32e40p_core.cs_registers_i.
Marked 1 switch rules as full_case in process $proc$/workspace/incremental-synthesis/benchmarks/cv32e40p-eco-001-new/core/common/normalized_cv32e40p.v:17745$5228 in module cv32e40p_cs_registers$cv32e40p_core.cs_registers_i.
Marked 1 switch rules as full_case in process $proc$/workspace/incremental-synthesis/benchmarks/cv32e40p-eco-001-new/core/common/normalized_cv32e40p.v:17742$5226 in module cv32e40p_cs_registers$cv32e40p_core.cs_registers_i.
Marked 1 switch rules as full_case in process $proc$/workspace/incremental-synthesis/benchmarks/cv32e40p-eco-001-new/core/common/normalized_cv32e40p.v:17739$5224 in module cv32e40p_cs_registers$cv32e40p_core.cs_registers_i.
Marked 1 switch rules as full_case in process $proc$/workspace/incremental-synthesis/benchmarks/cv32e40p-eco-001-new/core/common/normalized_cv32e40p.v:17736$5222 in module cv32e40p_cs_registers$cv32e40p_core.cs_registers_i.
Marked 1 switch rules as full_case in process $proc$/workspace/incremental-synthesis/benchmarks/cv32e40p-eco-001-new/core/common/normalized_cv32e40p.v:17733$5220 in module cv32e40p_cs_registers$cv32e40p_core.cs_registers_i.
Marked 1 switch rules as full_case in process $proc$/workspace/incremental-synthesis/benchmarks/cv32e40p-eco-001-new/core/common/normalized_cv32e40p.v:17730$5218 in module cv32e40p_cs_registers$cv32e40p_core.cs_registers_i.
Marked 1 switch rules as full_case in process $proc$/workspace/incremental-synthesis/benchmarks/cv32e40p-eco-001-new/core/common/normalized_cv32e40p.v:17727$5216 in module cv32e40p_cs_registers$cv32e40p_core.cs_registers_i.
Marked 1 switch rules as full_case in process $proc$/workspace/incremental-synthesis/benchmarks/cv32e40p-eco-001-new/core/common/normalized_cv32e40p.v:17724$5214 in module cv32e40p_cs_registers$cv32e40p_core.cs_registers_i.
Marked 1 switch rules as full_case in process $proc$/workspace/incremental-synthesis/benchmarks/cv32e40p-eco-001-new/core/common/normalized_cv32e40p.v:17720$5212 in module cv32e40p_cs_registers$cv32e40p_core.cs_registers_i.
Marked 1 switch rules as full_case in process $proc$/workspace/incremental-synthesis/benchmarks/cv32e40p-eco-001-new/core/common/normalized_cv32e40p.v:17715$5210 in module cv32e40p_cs_registers$cv32e40p_core.cs_registers_i.
Marked 1 switch rules as full_case in process $proc$/workspace/incremental-synthesis/benchmarks/cv32e40p-eco-001-new/core/common/normalized_cv32e40p.v:17710$5208 in module cv32e40p_cs_registers$cv32e40p_core.cs_registers_i.
Marked 1 switch rules as full_case in process $proc$/workspace/incremental-synthesis/benchmarks/cv32e40p-eco-001-new/core/common/normalized_cv32e40p.v:17705$5206 in module cv32e40p_cs_registers$cv32e40p_core.cs_registers_i.
Marked 1 switch rules as full_case in process $proc$/workspace/incremental-synthesis/benchmarks/cv32e40p-eco-001-new/core/common/normalized_cv32e40p.v:17701$5204 in module cv32e40p_cs_registers$cv32e40p_core.cs_registers_i.
Marked 1 switch rules as full_case in process $proc$/workspace/incremental-synthesis/benchmarks/cv32e40p-eco-001-new/core/common/normalized_cv32e40p.v:17697$5202 in module cv32e40p_cs_registers$cv32e40p_core.cs_registers_i.
Marked 1 switch rules as full_case in process $proc$/workspace/incremental-synthesis/benchmarks/cv32e40p-eco-001-new/core/common/normalized_cv32e40p.v:17692$5200 in module cv32e40p_cs_registers$cv32e40p_core.cs_registers_i.
Marked 1 switch rules as full_case in process $proc$/workspace/incremental-synthesis/benchmarks/cv32e40p-eco-001-new/core/common/normalized_cv32e40p.v:17687$5198 in module cv32e40p_cs_registers$cv32e40p_core.cs_registers_i.
Marked 1 switch rules as full_case in process $proc$/workspace/incremental-synthesis/benchmarks/cv32e40p-eco-001-new/core/common/normalized_cv32e40p.v:17683$5196 in module cv32e40p_cs_registers$cv32e40p_core.cs_registers_i.
Marked 1 switch rules as full_case in process $proc$/workspace/incremental-synthesis/benchmarks/cv32e40p-eco-001-new/core/common/normalized_cv32e40p.v:17680$5194 in module cv32e40p_cs_registers$cv32e40p_core.cs_registers_i.
Marked 1 switch rules as full_case in process $proc$/workspace/incremental-synthesis/benchmarks/cv32e40p-eco-001-new/core/common/normalized_cv32e40p.v:17677$5192 in module cv32e40p_cs_registers$cv32e40p_core.cs_registers_i.
Marked 1 switch rules as full_case in process $proc$/workspace/incremental-synthesis/benchmarks/cv32e40p-eco-001-new/core/common/normalized_cv32e40p.v:17674$5190 in module cv32e40p_cs_registers$cv32e40p_core.cs_registers_i.
Marked 1 switch rules as full_case in process $proc$/workspace/incremental-synthesis/benchmarks/cv32e40p-eco-001-new/core/common/normalized_cv32e40p.v:17671$5188 in module cv32e40p_cs_registers$cv32e40p_core.cs_registers_i.
Marked 1 switch rules as full_case in process $proc$/workspace/incremental-synthesis/benchmarks/cv32e40p-eco-001-new/core/common/normalized_cv32e40p.v:17668$5186 in module cv32e40p_cs_registers$cv32e40p_core.cs_registers_i.
Marked 1 switch rules as full_case in process $proc$/workspace/incremental-synthesis/benchmarks/cv32e40p-eco-001-new/core/common/normalized_cv32e40p.v:17665$5184 in module cv32e40p_cs_registers$cv32e40p_core.cs_registers_i.
Marked 1 switch rules as full_case in process $proc$/workspace/incremental-synthesis/benchmarks/cv32e40p-eco-001-new/core/common/normalized_cv32e40p.v:17662$5182 in module cv32e40p_cs_registers$cv32e40p_core.cs_registers_i.
Marked 1 switch rules as full_case in process $proc$/workspace/incremental-synthesis/benchmarks/cv32e40p-eco-001-new/core/common/normalized_cv32e40p.v:17659$5180 in module cv32e40p_cs_registers$cv32e40p_core.cs_registers_i.
Marked 1 switch rules as full_case in process $proc$/workspace/incremental-synthesis/benchmarks/cv32e40p-eco-001-new/core/common/normalized_cv32e40p.v:17656$5178 in module cv32e40p_cs_registers$cv32e40p_core.cs_registers_i.
Marked 1 switch rules as full_case in process $proc$/workspace/incremental-synthesis/benchmarks/cv32e40p-eco-001-new/core/common/normalized_cv32e40p.v:17653$5176 in module cv32e40p_cs_registers$cv32e40p_core.cs_registers_i.
Marked 1 switch rules as full_case in process $proc$/workspace/incremental-synthesis/benchmarks/cv32e40p-eco-001-new/core/common/normalized_cv32e40p.v:17650$5174 in module cv32e40p_cs_registers$cv32e40p_core.cs_registers_i.
Marked 1 switch rules as full_case in process $proc$/workspace/incremental-synthesis/benchmarks/cv32e40p-eco-001-new/core/common/normalized_cv32e40p.v:17647$5172 in module cv32e40p_cs_registers$cv32e40p_core.cs_registers_i.
Marked 1 switch rules as full_case in process $proc$/workspace/incremental-synthesis/benchmarks/cv32e40p-eco-001-new/core/common/normalized_cv32e40p.v:17644$5170 in module cv32e40p_cs_registers$cv32e40p_core.cs_registers_i.
Marked 1 switch rules as full_case in process $proc$/workspace/incremental-synthesis/benchmarks/cv32e40p-eco-001-new/core/common/normalized_cv32e40p.v:17641$5168 in module cv32e40p_cs_registers$cv32e40p_core.cs_registers_i.
Marked 1 switch rules as full_case in process $proc$/workspace/incremental-synthesis/benchmarks/cv32e40p-eco-001-new/core/common/normalized_cv32e40p.v:17638$5166 in module cv32e40p_cs_registers$cv32e40p_core.cs_registers_i.
Marked 1 switch rules as full_case in process $proc$/workspace/incremental-synthesis/benchmarks/cv32e40p-eco-001-new/core/common/normalized_cv32e40p.v:17635$5164 in module cv32e40p_cs_registers$cv32e40p_core.cs_registers_i.
Marked 1 switch rules as full_case in process $proc$/workspace/incremental-synthesis/benchmarks/cv32e40p-eco-001-new/core/common/normalized_cv32e40p.v:17632$5162 in module cv32e40p_cs_registers$cv32e40p_core.cs_registers_i.
Marked 1 switch rules as full_case in process $proc$/workspace/incremental-synthesis/benchmarks/cv32e40p-eco-001-new/core/common/normalized_cv32e40p.v:17629$5160 in module cv32e40p_cs_registers$cv32e40p_core.cs_registers_i.
Marked 1 switch rules as full_case in process $proc$/workspace/incremental-synthesis/benchmarks/cv32e40p-eco-001-new/core/common/normalized_cv32e40p.v:17626$5158 in module cv32e40p_cs_registers$cv32e40p_core.cs_registers_i.
Marked 1 switch rules as full_case in process $proc$/workspace/incremental-synthesis/benchmarks/cv32e40p-eco-001-new/core/common/normalized_cv32e40p.v:17623$5156 in module cv32e40p_cs_registers$cv32e40p_core.cs_registers_i.
Marked 1 switch rules as full_case in process $proc$/workspace/incremental-synthesis/benchmarks/cv32e40p-eco-001-new/core/common/normalized_cv32e40p.v:10360$2235 in module cv32e40p_controller$cv32e40p_core.id_stage_i.controller_i.
Marked 1 switch rules as full_case in process $proc$/workspace/incremental-synthesis/benchmarks/cv32e40p-eco-001-new/core/common/normalized_cv32e40p.v:10357$2233 in module cv32e40p_controller$cv32e40p_core.id_stage_i.controller_i.
Marked 1 switch rules as full_case in process $proc$/workspace/incremental-synthesis/benchmarks/cv32e40p-eco-001-new/core/common/normalized_cv32e40p.v:10354$2231 in module cv32e40p_controller$cv32e40p_core.id_stage_i.controller_i.
Marked 1 switch rules as full_case in process $proc$/workspace/incremental-synthesis/benchmarks/cv32e40p-eco-001-new/core/common/normalized_cv32e40p.v:10351$2229 in module cv32e40p_controller$cv32e40p_core.id_stage_i.controller_i.
Marked 1 switch rules as full_case in process $proc$/workspace/incremental-synthesis/benchmarks/cv32e40p-eco-001-new/core/common/normalized_cv32e40p.v:10348$2227 in module cv32e40p_controller$cv32e40p_core.id_stage_i.controller_i.
Marked 1 switch rules as full_case in process $proc$/workspace/incremental-synthesis/benchmarks/cv32e40p-eco-001-new/core/common/normalized_cv32e40p.v:10345$2225 in module cv32e40p_controller$cv32e40p_core.id_stage_i.controller_i.
Marked 1 switch rules as full_case in process $proc$/workspace/incremental-synthesis/benchmarks/cv32e40p-eco-001-new/core/common/normalized_cv32e40p.v:10342$2223 in module cv32e40p_controller$cv32e40p_core.id_stage_i.controller_i.
Marked 1 switch rules as full_case in process $proc$/workspace/incremental-synthesis/benchmarks/cv32e40p-eco-001-new/core/common/normalized_cv32e40p.v:10339$2221 in module cv32e40p_controller$cv32e40p_core.id_stage_i.controller_i.
Marked 1 switch rules as full_case in process $proc$/workspace/incremental-synthesis/benchmarks/cv32e40p-eco-001-new/core/common/normalized_cv32e40p.v:10336$2219 in module cv32e40p_controller$cv32e40p_core.id_stage_i.controller_i.
Marked 1 switch rules as full_case in process $proc$/workspace/incremental-synthesis/benchmarks/cv32e40p-eco-001-new/core/common/normalized_cv32e40p.v:10333$2217 in module cv32e40p_controller$cv32e40p_core.id_stage_i.controller_i.
Marked 1 switch rules as full_case in process $proc$/workspace/incremental-synthesis/benchmarks/cv32e40p-eco-001-new/core/common/normalized_cv32e40p.v:2708$934 in module cv32e40p_clock_gate$cv32e40p_core.sleep_unit_i.core_clock_gate_i.
Marked 1 switch rules as full_case in process $proc$/workspace/incremental-synthesis/benchmarks/cv32e40p-eco-001-new/core/common/normalized_cv32e40p.v:2620$896 in module cv32e40p_alu_div$cv32e40p_core.ex_stage_i.alu_i.alu_div_i.
Marked 1 switch rules as full_case in process $proc$/workspace/incremental-synthesis/benchmarks/cv32e40p-eco-001-new/core/common/normalized_cv32e40p.v:2617$894 in module cv32e40p_alu_div$cv32e40p_core.ex_stage_i.alu_i.alu_div_i.
Marked 1 switch rules as full_case in process $proc$/workspace/incremental-synthesis/benchmarks/cv32e40p-eco-001-new/core/common/normalized_cv32e40p.v:2614$892 in module cv32e40p_alu_div$cv32e40p_core.ex_stage_i.alu_i.alu_div_i.
Marked 1 switch rules as full_case in process $proc$/workspace/incremental-synthesis/benchmarks/cv32e40p-eco-001-new/core/common/normalized_cv32e40p.v:2611$890 in module cv32e40p_alu_div$cv32e40p_core.ex_stage_i.alu_i.alu_div_i.
Marked 1 switch rules as full_case in process $proc$/workspace/incremental-synthesis/benchmarks/cv32e40p-eco-001-new/core/common/normalized_cv32e40p.v:2608$888 in module cv32e40p_alu_div$cv32e40p_core.ex_stage_i.alu_i.alu_div_i.
Marked 1 switch rules as full_case in process $proc$/workspace/incremental-synthesis/benchmarks/cv32e40p-eco-001-new/core/common/normalized_cv32e40p.v:2605$886 in module cv32e40p_alu_div$cv32e40p_core.ex_stage_i.alu_i.alu_div_i.
Marked 1 switch rules as full_case in process $proc$/workspace/incremental-synthesis/benchmarks/cv32e40p-eco-001-new/core/common/normalized_cv32e40p.v:2602$884 in module cv32e40p_alu_div$cv32e40p_core.ex_stage_i.alu_i.alu_div_i.
Marked 1 switch rules as full_case in process $proc$/workspace/incremental-synthesis/benchmarks/cv32e40p-eco-001-new/core/common/normalized_cv32e40p.v:2599$882 in module cv32e40p_alu_div$cv32e40p_core.ex_stage_i.alu_i.alu_div_i.
Marked 1 switch rules as full_case in process $proc$/workspace/incremental-synthesis/benchmarks/cv32e40p-eco-001-new/core/common/normalized_cv32e40p.v:344$69 in module cv32e40p_aligner$cv32e40p_core.if_stage_i.aligner_i.
Marked 1 switch rules as full_case in process $proc$/workspace/incremental-synthesis/benchmarks/cv32e40p-eco-001-new/core/common/normalized_cv32e40p.v:341$67 in module cv32e40p_aligner$cv32e40p_core.if_stage_i.aligner_i.
Marked 1 switch rules as full_case in process $proc$/workspace/incremental-synthesis/benchmarks/cv32e40p-eco-001-new/core/common/normalized_cv32e40p.v:338$65 in module cv32e40p_aligner$cv32e40p_core.if_stage_i.aligner_i.
Marked 1 switch rules as full_case in process $proc$/workspace/incremental-synthesis/benchmarks/cv32e40p-eco-001-new/core/common/normalized_cv32e40p.v:335$63 in module cv32e40p_aligner$cv32e40p_core.if_stage_i.aligner_i.
Marked 1 switch rules as full_case in process $proc$/workspace/incremental-synthesis/benchmarks/cv32e40p-eco-001-new/core/common/normalized_cv32e40p.v:332$61 in module cv32e40p_aligner$cv32e40p_core.if_stage_i.aligner_i.
Marked 1 switch rules as full_case in process $proc$/workspace/incremental-synthesis/benchmarks/cv32e40p-eco-001-new/core/common/normalized_cv32e40p.v:329$59 in module cv32e40p_aligner$cv32e40p_core.if_stage_i.aligner_i.
Removed a total of 0 dead cases.

3.3. Executing PROC_PRUNE pass (remove redundant assignments in processes).
Removed 204 redundant assignments.
Promoted 2 assignments to connections.

3.4. Executing PROC_INIT pass (extract init attributes).
Found init rule in `\cv32e40p_hwloop_regs$cv32e40p_core.id_stage_i.gen_hwloop_regs.hwloop_regs_i.$proc$/workspace/incremental-synthesis/benchmarks/cv32e40p-eco-001-new/core/common/normalized_cv32e40p.v:31910$11920'.
  Set init value: \i = 0

3.5. Executing PROC_ARST pass (detect async resets in processes).
Found async reset \rst_n in `\cv32e40p_sleep_unit$cv32e40p_core.sleep_unit_i.$proc$/workspace/incremental-synthesis/benchmarks/cv32e40p-eco-001-new/core/common/normalized_cv32e40p.v:42557$14577'.
Found async reset \rst_n in `\cv32e40p_sleep_unit$cv32e40p_core.sleep_unit_i.$proc$/workspace/incremental-synthesis/benchmarks/cv32e40p-eco-001-new/core/common/normalized_cv32e40p.v:42554$14575'.
Found async reset \rst_n in `\cv32e40p_sleep_unit$cv32e40p_core.sleep_unit_i.$proc$/workspace/incremental-synthesis/benchmarks/cv32e40p-eco-001-new/core/common/normalized_cv32e40p.v:42551$14573'.
Found async reset \rst_n in `\cv32e40p_register_file$cv32e40p_core.id_stage_i.register_file_i.$proc$/workspace/incremental-synthesis/benchmarks/cv32e40p-eco-001-new/core/common/normalized_cv32e40p.v:42133$14469'.
Found async reset \rst_n in `\cv32e40p_register_file$cv32e40p_core.id_stage_i.register_file_i.$proc$/workspace/incremental-synthesis/benchmarks/cv32e40p-eco-001-new/core/common/normalized_cv32e40p.v:42130$14467'.
Found async reset \rst_n in `\cv32e40p_register_file$cv32e40p_core.id_stage_i.register_file_i.$proc$/workspace/incremental-synthesis/benchmarks/cv32e40p-eco-001-new/core/common/normalized_cv32e40p.v:42127$14465'.
Found async reset \rst_n in `\cv32e40p_register_file$cv32e40p_core.id_stage_i.register_file_i.$proc$/workspace/incremental-synthesis/benchmarks/cv32e40p-eco-001-new/core/common/normalized_cv32e40p.v:42124$14463'.
Found async reset \rst_n in `\cv32e40p_register_file$cv32e40p_core.id_stage_i.register_file_i.$proc$/workspace/incremental-synthesis/benchmarks/cv32e40p-eco-001-new/core/common/normalized_cv32e40p.v:42121$14461'.
Found async reset \rst_n in `\cv32e40p_register_file$cv32e40p_core.id_stage_i.register_file_i.$proc$/workspace/incremental-synthesis/benchmarks/cv32e40p-eco-001-new/core/common/normalized_cv32e40p.v:42118$14459'.
Found async reset \rst_n in `\cv32e40p_register_file$cv32e40p_core.id_stage_i.register_file_i.$proc$/workspace/incremental-synthesis/benchmarks/cv32e40p-eco-001-new/core/common/normalized_cv32e40p.v:42115$14457'.
Found async reset \rst_n in `\cv32e40p_register_file$cv32e40p_core.id_stage_i.register_file_i.$proc$/workspace/incremental-synthesis/benchmarks/cv32e40p-eco-001-new/core/common/normalized_cv32e40p.v:42112$14455'.
Found async reset \rst_n in `\cv32e40p_register_file$cv32e40p_core.id_stage_i.register_file_i.$proc$/workspace/incremental-synthesis/benchmarks/cv32e40p-eco-001-new/core/common/normalized_cv32e40p.v:42109$14453'.
Found async reset \rst_n in `\cv32e40p_register_file$cv32e40p_core.id_stage_i.register_file_i.$proc$/workspace/incremental-synthesis/benchmarks/cv32e40p-eco-001-new/core/common/normalized_cv32e40p.v:42106$14451'.
Found async reset \rst_n in `\cv32e40p_register_file$cv32e40p_core.id_stage_i.register_file_i.$proc$/workspace/incremental-synthesis/benchmarks/cv32e40p-eco-001-new/core/common/normalized_cv32e40p.v:42103$14449'.
Found async reset \rst_n in `\cv32e40p_register_file$cv32e40p_core.id_stage_i.register_file_i.$proc$/workspace/incremental-synthesis/benchmarks/cv32e40p-eco-001-new/core/common/normalized_cv32e40p.v:42100$14447'.
Found async reset \rst_n in `\cv32e40p_register_file$cv32e40p_core.id_stage_i.register_file_i.$proc$/workspace/incremental-synthesis/benchmarks/cv32e40p-eco-001-new/core/common/normalized_cv32e40p.v:42097$14445'.
Found async reset \rst_n in `\cv32e40p_register_file$cv32e40p_core.id_stage_i.register_file_i.$proc$/workspace/incremental-synthesis/benchmarks/cv32e40p-eco-001-new/core/common/normalized_cv32e40p.v:42094$14443'.
Found async reset \rst_n in `\cv32e40p_register_file$cv32e40p_core.id_stage_i.register_file_i.$proc$/workspace/incremental-synthesis/benchmarks/cv32e40p-eco-001-new/core/common/normalized_cv32e40p.v:42091$14441'.
Found async reset \rst_n in `\cv32e40p_register_file$cv32e40p_core.id_stage_i.register_file_i.$proc$/workspace/incremental-synthesis/benchmarks/cv32e40p-eco-001-new/core/common/normalized_cv32e40p.v:42088$14439'.
Found async reset \rst_n in `\cv32e40p_register_file$cv32e40p_core.id_stage_i.register_file_i.$proc$/workspace/incremental-synthesis/benchmarks/cv32e40p-eco-001-new/core/common/normalized_cv32e40p.v:42085$14437'.
Found async reset \rst_n in `\cv32e40p_register_file$cv32e40p_core.id_stage_i.register_file_i.$proc$/workspace/incremental-synthesis/benchmarks/cv32e40p-eco-001-new/core/common/normalized_cv32e40p.v:42082$14435'.
Found async reset \rst_n in `\cv32e40p_register_file$cv32e40p_core.id_stage_i.register_file_i.$proc$/workspace/incremental-synthesis/benchmarks/cv32e40p-eco-001-new/core/common/normalized_cv32e40p.v:42079$14433'.
Found async reset \rst_n in `\cv32e40p_register_file$cv32e40p_core.id_stage_i.register_file_i.$proc$/workspace/incremental-synthesis/benchmarks/cv32e40p-eco-001-new/core/common/normalized_cv32e40p.v:42076$14431'.
Found async reset \rst_n in `\cv32e40p_register_file$cv32e40p_core.id_stage_i.register_file_i.$proc$/workspace/incremental-synthesis/benchmarks/cv32e40p-eco-001-new/core/common/normalized_cv32e40p.v:42073$14429'.
Found async reset \rst_n in `\cv32e40p_register_file$cv32e40p_core.id_stage_i.register_file_i.$proc$/workspace/incremental-synthesis/benchmarks/cv32e40p-eco-001-new/core/common/normalized_cv32e40p.v:42070$14427'.
Found async reset \rst_n in `\cv32e40p_register_file$cv32e40p_core.id_stage_i.register_file_i.$proc$/workspace/incremental-synthesis/benchmarks/cv32e40p-eco-001-new/core/common/normalized_cv32e40p.v:42067$14425'.
Found async reset \rst_n in `\cv32e40p_register_file$cv32e40p_core.id_stage_i.register_file_i.$proc$/workspace/incremental-synthesis/benchmarks/cv32e40p-eco-001-new/core/common/normalized_cv32e40p.v:42064$14423'.
Found async reset \rst_n in `\cv32e40p_register_file$cv32e40p_core.id_stage_i.register_file_i.$proc$/workspace/incremental-synthesis/benchmarks/cv32e40p-eco-001-new/core/common/normalized_cv32e40p.v:42061$14421'.
Found async reset \rst_n in `\cv32e40p_register_file$cv32e40p_core.id_stage_i.register_file_i.$proc$/workspace/incremental-synthesis/benchmarks/cv32e40p-eco-001-new/core/common/normalized_cv32e40p.v:42058$14419'.
Found async reset \rst_n in `\cv32e40p_register_file$cv32e40p_core.id_stage_i.register_file_i.$proc$/workspace/incremental-synthesis/benchmarks/cv32e40p-eco-001-new/core/common/normalized_cv32e40p.v:42055$14417'.
Found async reset \rst_n in `\cv32e40p_register_file$cv32e40p_core.id_stage_i.register_file_i.$proc$/workspace/incremental-synthesis/benchmarks/cv32e40p-eco-001-new/core/common/normalized_cv32e40p.v:42052$14415'.
Found async reset \rst_n in `\cv32e40p_register_file$cv32e40p_core.id_stage_i.register_file_i.$proc$/workspace/incremental-synthesis/benchmarks/cv32e40p-eco-001-new/core/common/normalized_cv32e40p.v:42049$14413'.
Found async reset \rst_n in `\cv32e40p_register_file$cv32e40p_core.id_stage_i.register_file_i.$proc$/workspace/incremental-synthesis/benchmarks/cv32e40p-eco-001-new/core/common/normalized_cv32e40p.v:42046$14411'.
Found async reset \rst_n in `\cv32e40p_register_file$cv32e40p_core.id_stage_i.register_file_i.$proc$/workspace/incremental-synthesis/benchmarks/cv32e40p-eco-001-new/core/common/normalized_cv32e40p.v:42043$14409'.
Found async reset \rst_n in `\cv32e40p_register_file$cv32e40p_core.id_stage_i.register_file_i.$proc$/workspace/incremental-synthesis/benchmarks/cv32e40p-eco-001-new/core/common/normalized_cv32e40p.v:42040$14407'.
Found async reset \rst_n in `\cv32e40p_prefetch_controller$cv32e40p_core.if_stage_i.prefetch_buffer_i.prefetch_controller_i.$proc$/workspace/incremental-synthesis/benchmarks/cv32e40p-eco-001-new/core/common/normalized_cv32e40p.v:40923$14005'.
Found async reset \rst_n in `\cv32e40p_prefetch_controller$cv32e40p_core.if_stage_i.prefetch_buffer_i.prefetch_controller_i.$proc$/workspace/incremental-synthesis/benchmarks/cv32e40p-eco-001-new/core/common/normalized_cv32e40p.v:40920$14003'.
Found async reset \rst_n in `\cv32e40p_prefetch_controller$cv32e40p_core.if_stage_i.prefetch_buffer_i.prefetch_controller_i.$proc$/workspace/incremental-synthesis/benchmarks/cv32e40p-eco-001-new/core/common/normalized_cv32e40p.v:40917$14001'.
Found async reset \rst_n in `\cv32e40p_prefetch_controller$cv32e40p_core.if_stage_i.prefetch_buffer_i.prefetch_controller_i.$proc$/workspace/incremental-synthesis/benchmarks/cv32e40p-eco-001-new/core/common/normalized_cv32e40p.v:40914$13999'.
Found async reset \rst_n in `\cv32e40p_prefetch_controller$cv32e40p_core.if_stage_i.prefetch_buffer_i.prefetch_controller_i.$proc$/workspace/incremental-synthesis/benchmarks/cv32e40p-eco-001-new/core/common/normalized_cv32e40p.v:40911$13997'.
Found async reset \rst_n in `\cv32e40p_prefetch_controller$cv32e40p_core.if_stage_i.prefetch_buffer_i.prefetch_controller_i.$proc$/workspace/incremental-synthesis/benchmarks/cv32e40p-eco-001-new/core/common/normalized_cv32e40p.v:40908$13995'.
Found async reset \rst_n in `\cv32e40p_obi_interface$cv32e40p_core.if_stage_i.prefetch_buffer_i.instruction_obi_i.$proc$/workspace/incremental-synthesis/benchmarks/cv32e40p-eco-001-new/core/common/normalized_cv32e40p.v:40277$13878'.
Found async reset \rst_n in `\cv32e40p_obi_interface$cv32e40p_core.if_stage_i.prefetch_buffer_i.instruction_obi_i.$proc$/workspace/incremental-synthesis/benchmarks/cv32e40p-eco-001-new/core/common/normalized_cv32e40p.v:40274$13876'.
Found async reset \rst_n in `\cv32e40p_obi_interface$cv32e40p_core.if_stage_i.prefetch_buffer_i.instruction_obi_i.$proc$/workspace/incremental-synthesis/benchmarks/cv32e40p-eco-001-new/core/common/normalized_cv32e40p.v:40271$13874'.
Found async reset \rst_n in `\cv32e40p_obi_interface$cv32e40p_core.if_stage_i.prefetch_buffer_i.instruction_obi_i.$proc$/workspace/incremental-synthesis/benchmarks/cv32e40p-eco-001-new/core/common/normalized_cv32e40p.v:40268$13872'.
Found async reset \rst_n in `\cv32e40p_obi_interface$cv32e40p_core.if_stage_i.prefetch_buffer_i.instruction_obi_i.$proc$/workspace/incremental-synthesis/benchmarks/cv32e40p-eco-001-new/core/common/normalized_cv32e40p.v:40265$13870'.
Found async reset \rst_n in `\cv32e40p_obi_interface$cv32e40p_core.if_stage_i.prefetch_buffer_i.instruction_obi_i.$proc$/workspace/incremental-synthesis/benchmarks/cv32e40p-eco-001-new/core/common/normalized_cv32e40p.v:40262$13868'.
Found async reset \rst_n in `\cv32e40p_mult$cv32e40p_core.ex_stage_i.mult_i.$proc$/workspace/incremental-synthesis/benchmarks/cv32e40p-eco-001-new/core/common/normalized_cv32e40p.v:40042$13804'.
Found async reset \rst_n in `\cv32e40p_mult$cv32e40p_core.ex_stage_i.mult_i.$proc$/workspace/incremental-synthesis/benchmarks/cv32e40p-eco-001-new/core/common/normalized_cv32e40p.v:40039$13802'.
Found async reset \rst_n in `\cv32e40p_load_store_unit$cv32e40p_core.load_store_unit_i.$proc$/workspace/incremental-synthesis/benchmarks/cv32e40p-eco-001-new/core/common/normalized_cv32e40p.v:39316$13546'.
Found async reset \rst_n in `\cv32e40p_load_store_unit$cv32e40p_core.load_store_unit_i.$proc$/workspace/incremental-synthesis/benchmarks/cv32e40p-eco-001-new/core/common/normalized_cv32e40p.v:39313$13544'.
Found async reset \rst_n in `\cv32e40p_load_store_unit$cv32e40p_core.load_store_unit_i.$proc$/workspace/incremental-synthesis/benchmarks/cv32e40p-eco-001-new/core/common/normalized_cv32e40p.v:39310$13542'.
Found async reset \rst_n in `\cv32e40p_load_store_unit$cv32e40p_core.load_store_unit_i.$proc$/workspace/incremental-synthesis/benchmarks/cv32e40p-eco-001-new/core/common/normalized_cv32e40p.v:39307$13540'.
Found async reset \rst_n in `\cv32e40p_load_store_unit$cv32e40p_core.load_store_unit_i.$proc$/workspace/incremental-synthesis/benchmarks/cv32e40p-eco-001-new/core/common/normalized_cv32e40p.v:39304$13538'.
Found async reset \rst_n in `\cv32e40p_load_store_unit$cv32e40p_core.load_store_unit_i.$proc$/workspace/incremental-synthesis/benchmarks/cv32e40p-eco-001-new/core/common/normalized_cv32e40p.v:39301$13536'.
Found async reset \rst_n in `\cv32e40p_load_store_unit$cv32e40p_core.load_store_unit_i.$proc$/workspace/incremental-synthesis/benchmarks/cv32e40p-eco-001-new/core/common/normalized_cv32e40p.v:39298$13534'.
Found async reset \rst_n in `\cv32e40p_int_controller$cv32e40p_core.id_stage_i.int_controller_i.$proc$/workspace/incremental-synthesis/benchmarks/cv32e40p-eco-001-new/core/common/normalized_cv32e40p.v:37614$12891'.
Found async reset \rst_n in `\cv32e40p_int_controller$cv32e40p_core.id_stage_i.int_controller_i.$proc$/workspace/incremental-synthesis/benchmarks/cv32e40p-eco-001-new/core/common/normalized_cv32e40p.v:37611$12889'.
Found async reset \rst_n in `\cv32e40p_if_stage$cv32e40p_core.if_stage_i.$proc$/workspace/incremental-synthesis/benchmarks/cv32e40p-eco-001-new/core/common/normalized_cv32e40p.v:36357$12849'.
Found async reset \rst_n in `\cv32e40p_if_stage$cv32e40p_core.if_stage_i.$proc$/workspace/incremental-synthesis/benchmarks/cv32e40p-eco-001-new/core/common/normalized_cv32e40p.v:36354$12847'.
Found async reset \rst_n in `\cv32e40p_if_stage$cv32e40p_core.if_stage_i.$proc$/workspace/incremental-synthesis/benchmarks/cv32e40p-eco-001-new/core/common/normalized_cv32e40p.v:36351$12845'.
Found async reset \rst_n in `\cv32e40p_if_stage$cv32e40p_core.if_stage_i.$proc$/workspace/incremental-synthesis/benchmarks/cv32e40p-eco-001-new/core/common/normalized_cv32e40p.v:36348$12843'.
Found async reset \rst_n in `\cv32e40p_if_stage$cv32e40p_core.if_stage_i.$proc$/workspace/incremental-synthesis/benchmarks/cv32e40p-eco-001-new/core/common/normalized_cv32e40p.v:36345$12841'.
Found async reset \rst_n in `\cv32e40p_if_stage$cv32e40p_core.if_stage_i.$proc$/workspace/incremental-synthesis/benchmarks/cv32e40p-eco-001-new/core/common/normalized_cv32e40p.v:36342$12839'.
Found async reset \rst_n in `\cv32e40p_id_stage$cv32e40p_core.id_stage_i.$proc$/workspace/incremental-synthesis/benchmarks/cv32e40p-eco-001-new/core/common/normalized_cv32e40p.v:34481$12229'.
Found async reset \rst_n in `\cv32e40p_id_stage$cv32e40p_core.id_stage_i.$proc$/workspace/incremental-synthesis/benchmarks/cv32e40p-eco-001-new/core/common/normalized_cv32e40p.v:34478$12227'.
Found async reset \rst_n in `\cv32e40p_id_stage$cv32e40p_core.id_stage_i.$proc$/workspace/incremental-synthesis/benchmarks/cv32e40p-eco-001-new/core/common/normalized_cv32e40p.v:34475$12225'.
Found async reset \rst_n in `\cv32e40p_id_stage$cv32e40p_core.id_stage_i.$proc$/workspace/incremental-synthesis/benchmarks/cv32e40p-eco-001-new/core/common/normalized_cv32e40p.v:34472$12223'.
Found async reset \rst_n in `\cv32e40p_id_stage$cv32e40p_core.id_stage_i.$proc$/workspace/incremental-synthesis/benchmarks/cv32e40p-eco-001-new/core/common/normalized_cv32e40p.v:34469$12221'.
Found async reset \rst_n in `\cv32e40p_id_stage$cv32e40p_core.id_stage_i.$proc$/workspace/incremental-synthesis/benchmarks/cv32e40p-eco-001-new/core/common/normalized_cv32e40p.v:34466$12219'.
Found async reset \rst_n in `\cv32e40p_id_stage$cv32e40p_core.id_stage_i.$proc$/workspace/incremental-synthesis/benchmarks/cv32e40p-eco-001-new/core/common/normalized_cv32e40p.v:34463$12217'.
Found async reset \rst_n in `\cv32e40p_id_stage$cv32e40p_core.id_stage_i.$proc$/workspace/incremental-synthesis/benchmarks/cv32e40p-eco-001-new/core/common/normalized_cv32e40p.v:34460$12215'.
Found async reset \rst_n in `\cv32e40p_id_stage$cv32e40p_core.id_stage_i.$proc$/workspace/incremental-synthesis/benchmarks/cv32e40p-eco-001-new/core/common/normalized_cv32e40p.v:34457$12213'.
Found async reset \rst_n in `\cv32e40p_id_stage$cv32e40p_core.id_stage_i.$proc$/workspace/incremental-synthesis/benchmarks/cv32e40p-eco-001-new/core/common/normalized_cv32e40p.v:34454$12211'.
Found async reset \rst_n in `\cv32e40p_id_stage$cv32e40p_core.id_stage_i.$proc$/workspace/incremental-synthesis/benchmarks/cv32e40p-eco-001-new/core/common/normalized_cv32e40p.v:34451$12209'.
Found async reset \rst_n in `\cv32e40p_id_stage$cv32e40p_core.id_stage_i.$proc$/workspace/incremental-synthesis/benchmarks/cv32e40p-eco-001-new/core/common/normalized_cv32e40p.v:34448$12207'.
Found async reset \rst_n in `\cv32e40p_id_stage$cv32e40p_core.id_stage_i.$proc$/workspace/incremental-synthesis/benchmarks/cv32e40p-eco-001-new/core/common/normalized_cv32e40p.v:34445$12205'.
Found async reset \rst_n in `\cv32e40p_id_stage$cv32e40p_core.id_stage_i.$proc$/workspace/incremental-synthesis/benchmarks/cv32e40p-eco-001-new/core/common/normalized_cv32e40p.v:34442$12203'.
Found async reset \rst_n in `\cv32e40p_id_stage$cv32e40p_core.id_stage_i.$proc$/workspace/incremental-synthesis/benchmarks/cv32e40p-eco-001-new/core/common/normalized_cv32e40p.v:34439$12201'.
Found async reset \rst_n in `\cv32e40p_id_stage$cv32e40p_core.id_stage_i.$proc$/workspace/incremental-synthesis/benchmarks/cv32e40p-eco-001-new/core/common/normalized_cv32e40p.v:34436$12199'.
Found async reset \rst_n in `\cv32e40p_id_stage$cv32e40p_core.id_stage_i.$proc$/workspace/incremental-synthesis/benchmarks/cv32e40p-eco-001-new/core/common/normalized_cv32e40p.v:34433$12197'.
Found async reset \rst_n in `\cv32e40p_id_stage$cv32e40p_core.id_stage_i.$proc$/workspace/incremental-synthesis/benchmarks/cv32e40p-eco-001-new/core/common/normalized_cv32e40p.v:34430$12195'.
Found async reset \rst_n in `\cv32e40p_id_stage$cv32e40p_core.id_stage_i.$proc$/workspace/incremental-synthesis/benchmarks/cv32e40p-eco-001-new/core/common/normalized_cv32e40p.v:34427$12193'.
Found async reset \rst_n in `\cv32e40p_id_stage$cv32e40p_core.id_stage_i.$proc$/workspace/incremental-synthesis/benchmarks/cv32e40p-eco-001-new/core/common/normalized_cv32e40p.v:34424$12191'.
Found async reset \rst_n in `\cv32e40p_id_stage$cv32e40p_core.id_stage_i.$proc$/workspace/incremental-synthesis/benchmarks/cv32e40p-eco-001-new/core/common/normalized_cv32e40p.v:34421$12189'.
Found async reset \rst_n in `\cv32e40p_id_stage$cv32e40p_core.id_stage_i.$proc$/workspace/incremental-synthesis/benchmarks/cv32e40p-eco-001-new/core/common/normalized_cv32e40p.v:34418$12187'.
Found async reset \rst_n in `\cv32e40p_id_stage$cv32e40p_core.id_stage_i.$proc$/workspace/incremental-synthesis/benchmarks/cv32e40p-eco-001-new/core/common/normalized_cv32e40p.v:34415$12185'.
Found async reset \rst_n in `\cv32e40p_id_stage$cv32e40p_core.id_stage_i.$proc$/workspace/incremental-synthesis/benchmarks/cv32e40p-eco-001-new/core/common/normalized_cv32e40p.v:34412$12183'.
Found async reset \rst_n in `\cv32e40p_id_stage$cv32e40p_core.id_stage_i.$proc$/workspace/incremental-synthesis/benchmarks/cv32e40p-eco-001-new/core/common/normalized_cv32e40p.v:34409$12181'.
Found async reset \rst_n in `\cv32e40p_id_stage$cv32e40p_core.id_stage_i.$proc$/workspace/incremental-synthesis/benchmarks/cv32e40p-eco-001-new/core/common/normalized_cv32e40p.v:34406$12179'.
Found async reset \rst_n in `\cv32e40p_id_stage$cv32e40p_core.id_stage_i.$proc$/workspace/incremental-synthesis/benchmarks/cv32e40p-eco-001-new/core/common/normalized_cv32e40p.v:34403$12177'.
Found async reset \rst_n in `\cv32e40p_id_stage$cv32e40p_core.id_stage_i.$proc$/workspace/incremental-synthesis/benchmarks/cv32e40p-eco-001-new/core/common/normalized_cv32e40p.v:34400$12175'.
Found async reset \rst_n in `\cv32e40p_id_stage$cv32e40p_core.id_stage_i.$proc$/workspace/incremental-synthesis/benchmarks/cv32e40p-eco-001-new/core/common/normalized_cv32e40p.v:34397$12173'.
Found async reset \rst_n in `\cv32e40p_id_stage$cv32e40p_core.id_stage_i.$proc$/workspace/incremental-synthesis/benchmarks/cv32e40p-eco-001-new/core/common/normalized_cv32e40p.v:34394$12171'.
Found async reset \rst_n in `\cv32e40p_id_stage$cv32e40p_core.id_stage_i.$proc$/workspace/incremental-synthesis/benchmarks/cv32e40p-eco-001-new/core/common/normalized_cv32e40p.v:34391$12169'.
Found async reset \rst_n in `\cv32e40p_id_stage$cv32e40p_core.id_stage_i.$proc$/workspace/incremental-synthesis/benchmarks/cv32e40p-eco-001-new/core/common/normalized_cv32e40p.v:34388$12167'.
Found async reset \rst_n in `\cv32e40p_id_stage$cv32e40p_core.id_stage_i.$proc$/workspace/incremental-synthesis/benchmarks/cv32e40p-eco-001-new/core/common/normalized_cv32e40p.v:34385$12165'.
Found async reset \rst_n in `\cv32e40p_id_stage$cv32e40p_core.id_stage_i.$proc$/workspace/incremental-synthesis/benchmarks/cv32e40p-eco-001-new/core/common/normalized_cv32e40p.v:34382$12163'.
Found async reset \rst_n in `\cv32e40p_id_stage$cv32e40p_core.id_stage_i.$proc$/workspace/incremental-synthesis/benchmarks/cv32e40p-eco-001-new/core/common/normalized_cv32e40p.v:34379$12161'.
Found async reset \rst_n in `\cv32e40p_id_stage$cv32e40p_core.id_stage_i.$proc$/workspace/incremental-synthesis/benchmarks/cv32e40p-eco-001-new/core/common/normalized_cv32e40p.v:34376$12159'.
Found async reset \rst_n in `\cv32e40p_id_stage$cv32e40p_core.id_stage_i.$proc$/workspace/incremental-synthesis/benchmarks/cv32e40p-eco-001-new/core/common/normalized_cv32e40p.v:34373$12157'.
Found async reset \rst_n in `\cv32e40p_id_stage$cv32e40p_core.id_stage_i.$proc$/workspace/incremental-synthesis/benchmarks/cv32e40p-eco-001-new/core/common/normalized_cv32e40p.v:34370$12155'.
Found async reset \rst_n in `\cv32e40p_id_stage$cv32e40p_core.id_stage_i.$proc$/workspace/incremental-synthesis/benchmarks/cv32e40p-eco-001-new/core/common/normalized_cv32e40p.v:34367$12153'.
Found async reset \rst_n in `\cv32e40p_id_stage$cv32e40p_core.id_stage_i.$proc$/workspace/incremental-synthesis/benchmarks/cv32e40p-eco-001-new/core/common/normalized_cv32e40p.v:34364$12151'.
Found async reset \rst_n in `\cv32e40p_id_stage$cv32e40p_core.id_stage_i.$proc$/workspace/incremental-synthesis/benchmarks/cv32e40p-eco-001-new/core/common/normalized_cv32e40p.v:34361$12149'.
Found async reset \rst_n in `\cv32e40p_id_stage$cv32e40p_core.id_stage_i.$proc$/workspace/incremental-synthesis/benchmarks/cv32e40p-eco-001-new/core/common/normalized_cv32e40p.v:34358$12147'.
Found async reset \rst_n in `\cv32e40p_id_stage$cv32e40p_core.id_stage_i.$proc$/workspace/incremental-synthesis/benchmarks/cv32e40p-eco-001-new/core/common/normalized_cv32e40p.v:34355$12145'.
Found async reset \rst_n in `\cv32e40p_id_stage$cv32e40p_core.id_stage_i.$proc$/workspace/incremental-synthesis/benchmarks/cv32e40p-eco-001-new/core/common/normalized_cv32e40p.v:34352$12143'.
Found async reset \rst_n in `\cv32e40p_id_stage$cv32e40p_core.id_stage_i.$proc$/workspace/incremental-synthesis/benchmarks/cv32e40p-eco-001-new/core/common/normalized_cv32e40p.v:34349$12141'.
Found async reset \rst_n in `\cv32e40p_id_stage$cv32e40p_core.id_stage_i.$proc$/workspace/incremental-synthesis/benchmarks/cv32e40p-eco-001-new/core/common/normalized_cv32e40p.v:34346$12139'.
Found async reset \rst_n in `\cv32e40p_id_stage$cv32e40p_core.id_stage_i.$proc$/workspace/incremental-synthesis/benchmarks/cv32e40p-eco-001-new/core/common/normalized_cv32e40p.v:34343$12137'.
Found async reset \rst_n in `\cv32e40p_id_stage$cv32e40p_core.id_stage_i.$proc$/workspace/incremental-synthesis/benchmarks/cv32e40p-eco-001-new/core/common/normalized_cv32e40p.v:34340$12135'.
Found async reset \rst_n in `\cv32e40p_id_stage$cv32e40p_core.id_stage_i.$proc$/workspace/incremental-synthesis/benchmarks/cv32e40p-eco-001-new/core/common/normalized_cv32e40p.v:34337$12133'.
Found async reset \rst_n in `\cv32e40p_id_stage$cv32e40p_core.id_stage_i.$proc$/workspace/incremental-synthesis/benchmarks/cv32e40p-eco-001-new/core/common/normalized_cv32e40p.v:34334$12131'.
Found async reset \rst_n in `\cv32e40p_id_stage$cv32e40p_core.id_stage_i.$proc$/workspace/incremental-synthesis/benchmarks/cv32e40p-eco-001-new/core/common/normalized_cv32e40p.v:34331$12129'.
Found async reset \rst_n in `\cv32e40p_id_stage$cv32e40p_core.id_stage_i.$proc$/workspace/incremental-synthesis/benchmarks/cv32e40p-eco-001-new/core/common/normalized_cv32e40p.v:34328$12127'.
Found async reset \rst_n in `\cv32e40p_id_stage$cv32e40p_core.id_stage_i.$proc$/workspace/incremental-synthesis/benchmarks/cv32e40p-eco-001-new/core/common/normalized_cv32e40p.v:34325$12125'.
Found async reset \rst_n in `\cv32e40p_id_stage$cv32e40p_core.id_stage_i.$proc$/workspace/incremental-synthesis/benchmarks/cv32e40p-eco-001-new/core/common/normalized_cv32e40p.v:34322$12123'.
Found async reset \rst_n in `\cv32e40p_id_stage$cv32e40p_core.id_stage_i.$proc$/workspace/incremental-synthesis/benchmarks/cv32e40p-eco-001-new/core/common/normalized_cv32e40p.v:34319$12121'.
Found async reset \rst_n in `\cv32e40p_id_stage$cv32e40p_core.id_stage_i.$proc$/workspace/incremental-synthesis/benchmarks/cv32e40p-eco-001-new/core/common/normalized_cv32e40p.v:34316$12119'.
Found async reset \rst_n in `\cv32e40p_id_stage$cv32e40p_core.id_stage_i.$proc$/workspace/incremental-synthesis/benchmarks/cv32e40p-eco-001-new/core/common/normalized_cv32e40p.v:34313$12117'.
Found async reset \rst_n in `\cv32e40p_id_stage$cv32e40p_core.id_stage_i.$proc$/workspace/incremental-synthesis/benchmarks/cv32e40p-eco-001-new/core/common/normalized_cv32e40p.v:34310$12115'.
Found async reset \rst_n in `\cv32e40p_id_stage$cv32e40p_core.id_stage_i.$proc$/workspace/incremental-synthesis/benchmarks/cv32e40p-eco-001-new/core/common/normalized_cv32e40p.v:34307$12113'.
Found async reset \rst_n in `\cv32e40p_id_stage$cv32e40p_core.id_stage_i.$proc$/workspace/incremental-synthesis/benchmarks/cv32e40p-eco-001-new/core/common/normalized_cv32e40p.v:34304$12111'.
Found async reset \rst_n in `\cv32e40p_id_stage$cv32e40p_core.id_stage_i.$proc$/workspace/incremental-synthesis/benchmarks/cv32e40p-eco-001-new/core/common/normalized_cv32e40p.v:34301$12109'.
Found async reset \rst_n in `\cv32e40p_id_stage$cv32e40p_core.id_stage_i.$proc$/workspace/incremental-synthesis/benchmarks/cv32e40p-eco-001-new/core/common/normalized_cv32e40p.v:34298$12107'.
Found async reset \rst_n in `\cv32e40p_id_stage$cv32e40p_core.id_stage_i.$proc$/workspace/incremental-synthesis/benchmarks/cv32e40p-eco-001-new/core/common/normalized_cv32e40p.v:34295$12105'.
Found async reset \rst_n in `\cv32e40p_id_stage$cv32e40p_core.id_stage_i.$proc$/workspace/incremental-synthesis/benchmarks/cv32e40p-eco-001-new/core/common/normalized_cv32e40p.v:34292$12103'.
Found async reset \rst_n in `\cv32e40p_hwloop_regs$cv32e40p_core.id_stage_i.gen_hwloop_regs.hwloop_regs_i.$proc$/workspace/incremental-synthesis/benchmarks/cv32e40p-eco-001-new/core/common/normalized_cv32e40p.v:31965$11909'.
Found async reset \rst_n in `\cv32e40p_hwloop_regs$cv32e40p_core.id_stage_i.gen_hwloop_regs.hwloop_regs_i.$proc$/workspace/incremental-synthesis/benchmarks/cv32e40p-eco-001-new/core/common/normalized_cv32e40p.v:31962$11907'.
Found async reset \rst_n in `\cv32e40p_hwloop_regs$cv32e40p_core.id_stage_i.gen_hwloop_regs.hwloop_regs_i.$proc$/workspace/incremental-synthesis/benchmarks/cv32e40p-eco-001-new/core/common/normalized_cv32e40p.v:31959$11905'.
Found async reset \rst_n in `\cv32e40p_hwloop_regs$cv32e40p_core.id_stage_i.gen_hwloop_regs.hwloop_regs_i.$proc$/workspace/incremental-synthesis/benchmarks/cv32e40p-eco-001-new/core/common/normalized_cv32e40p.v:31956$11903'.
Found async reset \rst_n in `\cv32e40p_hwloop_regs$cv32e40p_core.id_stage_i.gen_hwloop_regs.hwloop_regs_i.$proc$/workspace/incremental-synthesis/benchmarks/cv32e40p-eco-001-new/core/common/normalized_cv32e40p.v:31953$11901'.
Found async reset \rst_n in `\cv32e40p_hwloop_regs$cv32e40p_core.id_stage_i.gen_hwloop_regs.hwloop_regs_i.$proc$/workspace/incremental-synthesis/benchmarks/cv32e40p-eco-001-new/core/common/normalized_cv32e40p.v:31950$11899'.
Found async reset \rst_ni in `\cv32e40p_fifo$cv32e40p_core.if_stage_i.prefetch_buffer_i.fifo_i.$proc$/workspace/incremental-synthesis/benchmarks/cv32e40p-eco-001-new/core/common/normalized_cv32e40p.v:31760$11853'.
Found async reset \rst_ni in `\cv32e40p_fifo$cv32e40p_core.if_stage_i.prefetch_buffer_i.fifo_i.$proc$/workspace/incremental-synthesis/benchmarks/cv32e40p-eco-001-new/core/common/normalized_cv32e40p.v:31757$11851'.
Found async reset \rst_ni in `\cv32e40p_fifo$cv32e40p_core.if_stage_i.prefetch_buffer_i.fifo_i.$proc$/workspace/incremental-synthesis/benchmarks/cv32e40p-eco-001-new/core/common/normalized_cv32e40p.v:31754$11849'.
Found async reset \rst_ni in `\cv32e40p_fifo$cv32e40p_core.if_stage_i.prefetch_buffer_i.fifo_i.$proc$/workspace/incremental-synthesis/benchmarks/cv32e40p-eco-001-new/core/common/normalized_cv32e40p.v:31751$11847'.
Found async reset \rst_ni in `\cv32e40p_fifo$cv32e40p_core.if_stage_i.prefetch_buffer_i.fifo_i.$proc$/workspace/incremental-synthesis/benchmarks/cv32e40p-eco-001-new/core/common/normalized_cv32e40p.v:31748$11845'.
Found async reset \rst_n in `\cv32e40p_ex_stage$cv32e40p_core.ex_stage_i.$proc$/workspace/incremental-synthesis/benchmarks/cv32e40p-eco-001-new/core/common/normalized_cv32e40p.v:31114$11694'.
Found async reset \rst_n in `\cv32e40p_ex_stage$cv32e40p_core.ex_stage_i.$proc$/workspace/incremental-synthesis/benchmarks/cv32e40p-eco-001-new/core/common/normalized_cv32e40p.v:31111$11692'.
Found async reset \rst_n in `\cv32e40p_cs_registers$cv32e40p_core.cs_registers_i.$proc$/workspace/incremental-synthesis/benchmarks/cv32e40p-eco-001-new/core/common/normalized_cv32e40p.v:17751$5232'.
Found async reset \rst_n in `\cv32e40p_cs_registers$cv32e40p_core.cs_registers_i.$proc$/workspace/incremental-synthesis/benchmarks/cv32e40p-eco-001-new/core/common/normalized_cv32e40p.v:17748$5230'.
Found async reset \rst_n in `\cv32e40p_cs_registers$cv32e40p_core.cs_registers_i.$proc$/workspace/incremental-synthesis/benchmarks/cv32e40p-eco-001-new/core/common/normalized_cv32e40p.v:17745$5228'.
Found async reset \rst_n in `\cv32e40p_cs_registers$cv32e40p_core.cs_registers_i.$proc$/workspace/incremental-synthesis/benchmarks/cv32e40p-eco-001-new/core/common/normalized_cv32e40p.v:17742$5226'.
Found async reset \rst_n in `\cv32e40p_cs_registers$cv32e40p_core.cs_registers_i.$proc$/workspace/incremental-synthesis/benchmarks/cv32e40p-eco-001-new/core/common/normalized_cv32e40p.v:17739$5224'.
Found async reset \rst_n in `\cv32e40p_cs_registers$cv32e40p_core.cs_registers_i.$proc$/workspace/incremental-synthesis/benchmarks/cv32e40p-eco-001-new/core/common/normalized_cv32e40p.v:17736$5222'.
Found async reset \rst_n in `\cv32e40p_cs_registers$cv32e40p_core.cs_registers_i.$proc$/workspace/incremental-synthesis/benchmarks/cv32e40p-eco-001-new/core/common/normalized_cv32e40p.v:17733$5220'.
Found async reset \rst_n in `\cv32e40p_cs_registers$cv32e40p_core.cs_registers_i.$proc$/workspace/incremental-synthesis/benchmarks/cv32e40p-eco-001-new/core/common/normalized_cv32e40p.v:17730$5218'.
Found async reset \rst_n in `\cv32e40p_cs_registers$cv32e40p_core.cs_registers_i.$proc$/workspace/incremental-synthesis/benchmarks/cv32e40p-eco-001-new/core/common/normalized_cv32e40p.v:17727$5216'.
Found async reset \rst_n in `\cv32e40p_cs_registers$cv32e40p_core.cs_registers_i.$proc$/workspace/incremental-synthesis/benchmarks/cv32e40p-eco-001-new/core/common/normalized_cv32e40p.v:17724$5214'.
Found async reset \rst_n in `\cv32e40p_cs_registers$cv32e40p_core.cs_registers_i.$proc$/workspace/incremental-synthesis/benchmarks/cv32e40p-eco-001-new/core/common/normalized_cv32e40p.v:17720$5212'.
Found async reset \rst_n in `\cv32e40p_cs_registers$cv32e40p_core.cs_registers_i.$proc$/workspace/incremental-synthesis/benchmarks/cv32e40p-eco-001-new/core/common/normalized_cv32e40p.v:17715$5210'.
Found async reset \rst_n in `\cv32e40p_cs_registers$cv32e40p_core.cs_registers_i.$proc$/workspace/incremental-synthesis/benchmarks/cv32e40p-eco-001-new/core/common/normalized_cv32e40p.v:17710$5208'.
Found async reset \rst_n in `\cv32e40p_cs_registers$cv32e40p_core.cs_registers_i.$proc$/workspace/incremental-synthesis/benchmarks/cv32e40p-eco-001-new/core/common/normalized_cv32e40p.v:17705$5206'.
Found async reset \rst_n in `\cv32e40p_cs_registers$cv32e40p_core.cs_registers_i.$proc$/workspace/incremental-synthesis/benchmarks/cv32e40p-eco-001-new/core/common/normalized_cv32e40p.v:17701$5204'.
Found async reset \rst_n in `\cv32e40p_cs_registers$cv32e40p_core.cs_registers_i.$proc$/workspace/incremental-synthesis/benchmarks/cv32e40p-eco-001-new/core/common/normalized_cv32e40p.v:17697$5202'.
Found async reset \rst_n in `\cv32e40p_cs_registers$cv32e40p_core.cs_registers_i.$proc$/workspace/incremental-synthesis/benchmarks/cv32e40p-eco-001-new/core/common/normalized_cv32e40p.v:17692$5200'.
Found async reset \rst_n in `\cv32e40p_cs_registers$cv32e40p_core.cs_registers_i.$proc$/workspace/incremental-synthesis/benchmarks/cv32e40p-eco-001-new/core/common/normalized_cv32e40p.v:17687$5198'.
Found async reset \rst_n in `\cv32e40p_cs_registers$cv32e40p_core.cs_registers_i.$proc$/workspace/incremental-synthesis/benchmarks/cv32e40p-eco-001-new/core/common/normalized_cv32e40p.v:17683$5196'.
Found async reset \rst_n in `\cv32e40p_cs_registers$cv32e40p_core.cs_registers_i.$proc$/workspace/incremental-synthesis/benchmarks/cv32e40p-eco-001-new/core/common/normalized_cv32e40p.v:17680$5194'.
Found async reset \rst_n in `\cv32e40p_cs_registers$cv32e40p_core.cs_registers_i.$proc$/workspace/incremental-synthesis/benchmarks/cv32e40p-eco-001-new/core/common/normalized_cv32e40p.v:17677$5192'.
Found async reset \rst_n in `\cv32e40p_cs_registers$cv32e40p_core.cs_registers_i.$proc$/workspace/incremental-synthesis/benchmarks/cv32e40p-eco-001-new/core/common/normalized_cv32e40p.v:17674$5190'.
Found async reset \rst_n in `\cv32e40p_cs_registers$cv32e40p_core.cs_registers_i.$proc$/workspace/incremental-synthesis/benchmarks/cv32e40p-eco-001-new/core/common/normalized_cv32e40p.v:17671$5188'.
Found async reset \rst_n in `\cv32e40p_cs_registers$cv32e40p_core.cs_registers_i.$proc$/workspace/incremental-synthesis/benchmarks/cv32e40p-eco-001-new/core/common/normalized_cv32e40p.v:17668$5186'.
Found async reset \rst_n in `\cv32e40p_cs_registers$cv32e40p_core.cs_registers_i.$proc$/workspace/incremental-synthesis/benchmarks/cv32e40p-eco-001-new/core/common/normalized_cv32e40p.v:17665$5184'.
Found async reset \rst_n in `\cv32e40p_cs_registers$cv32e40p_core.cs_registers_i.$proc$/workspace/incremental-synthesis/benchmarks/cv32e40p-eco-001-new/core/common/normalized_cv32e40p.v:17662$5182'.
Found async reset \rst_n in `\cv32e40p_cs_registers$cv32e40p_core.cs_registers_i.$proc$/workspace/incremental-synthesis/benchmarks/cv32e40p-eco-001-new/core/common/normalized_cv32e40p.v:17659$5180'.
Found async reset \rst_n in `\cv32e40p_cs_registers$cv32e40p_core.cs_registers_i.$proc$/workspace/incremental-synthesis/benchmarks/cv32e40p-eco-001-new/core/common/normalized_cv32e40p.v:17656$5178'.
Found async reset \rst_n in `\cv32e40p_cs_registers$cv32e40p_core.cs_registers_i.$proc$/workspace/incremental-synthesis/benchmarks/cv32e40p-eco-001-new/core/common/normalized_cv32e40p.v:17653$5176'.
Found async reset \rst_n in `\cv32e40p_cs_registers$cv32e40p_core.cs_registers_i.$proc$/workspace/incremental-synthesis/benchmarks/cv32e40p-eco-001-new/core/common/normalized_cv32e40p.v:17650$5174'.
Found async reset \rst_n in `\cv32e40p_cs_registers$cv32e40p_core.cs_registers_i.$proc$/workspace/incremental-synthesis/benchmarks/cv32e40p-eco-001-new/core/common/normalized_cv32e40p.v:17647$5172'.
Found async reset \rst_n in `\cv32e40p_cs_registers$cv32e40p_core.cs_registers_i.$proc$/workspace/incremental-synthesis/benchmarks/cv32e40p-eco-001-new/core/common/normalized_cv32e40p.v:17644$5170'.
Found async reset \rst_n in `\cv32e40p_cs_registers$cv32e40p_core.cs_registers_i.$proc$/workspace/incremental-synthesis/benchmarks/cv32e40p-eco-001-new/core/common/normalized_cv32e40p.v:17641$5168'.
Found async reset \rst_n in `\cv32e40p_cs_registers$cv32e40p_core.cs_registers_i.$proc$/workspace/incremental-synthesis/benchmarks/cv32e40p-eco-001-new/core/common/normalized_cv32e40p.v:17638$5166'.
Found async reset \rst_n in `\cv32e40p_cs_registers$cv32e40p_core.cs_registers_i.$proc$/workspace/incremental-synthesis/benchmarks/cv32e40p-eco-001-new/core/common/normalized_cv32e40p.v:17635$5164'.
Found async reset \rst_n in `\cv32e40p_cs_registers$cv32e40p_core.cs_registers_i.$proc$/workspace/incremental-synthesis/benchmarks/cv32e40p-eco-001-new/core/common/normalized_cv32e40p.v:17632$5162'.
Found async reset \rst_n in `\cv32e40p_cs_registers$cv32e40p_core.cs_registers_i.$proc$/workspace/incremental-synthesis/benchmarks/cv32e40p-eco-001-new/core/common/normalized_cv32e40p.v:17629$5160'.
Found async reset \rst_n in `\cv32e40p_cs_registers$cv32e40p_core.cs_registers_i.$proc$/workspace/incremental-synthesis/benchmarks/cv32e40p-eco-001-new/core/common/normalized_cv32e40p.v:17626$5158'.
Found async reset \rst_n in `\cv32e40p_cs_registers$cv32e40p_core.cs_registers_i.$proc$/workspace/incremental-synthesis/benchmarks/cv32e40p-eco-001-new/core/common/normalized_cv32e40p.v:17623$5156'.
Found async reset \rst_n in `\cv32e40p_controller$cv32e40p_core.id_stage_i.controller_i.$proc$/workspace/incremental-synthesis/benchmarks/cv32e40p-eco-001-new/core/common/normalized_cv32e40p.v:10360$2235'.
Found async reset \rst_n in `\cv32e40p_controller$cv32e40p_core.id_stage_i.controller_i.$proc$/workspace/incremental-synthesis/benchmarks/cv32e40p-eco-001-new/core/common/normalized_cv32e40p.v:10357$2233'.
Found async reset \rst_n in `\cv32e40p_controller$cv32e40p_core.id_stage_i.controller_i.$proc$/workspace/incremental-synthesis/benchmarks/cv32e40p-eco-001-new/core/common/normalized_cv32e40p.v:10354$2231'.
Found async reset \rst_n in `\cv32e40p_controller$cv32e40p_core.id_stage_i.controller_i.$proc$/workspace/incremental-synthesis/benchmarks/cv32e40p-eco-001-new/core/common/normalized_cv32e40p.v:10351$2229'.
Found async reset \rst_n in `\cv32e40p_controller$cv32e40p_core.id_stage_i.controller_i.$proc$/workspace/incremental-synthesis/benchmarks/cv32e40p-eco-001-new/core/common/normalized_cv32e40p.v:10348$2227'.
Found async reset \rst_n in `\cv32e40p_controller$cv32e40p_core.id_stage_i.controller_i.$proc$/workspace/incremental-synthesis/benchmarks/cv32e40p-eco-001-new/core/common/normalized_cv32e40p.v:10345$2225'.
Found async reset \rst_n in `\cv32e40p_controller$cv32e40p_core.id_stage_i.controller_i.$proc$/workspace/incremental-synthesis/benchmarks/cv32e40p-eco-001-new/core/common/normalized_cv32e40p.v:10342$2223'.
Found async reset \rst_n in `\cv32e40p_controller$cv32e40p_core.id_stage_i.controller_i.$proc$/workspace/incremental-synthesis/benchmarks/cv32e40p-eco-001-new/core/common/normalized_cv32e40p.v:10339$2221'.
Found async reset \rst_n in `\cv32e40p_controller$cv32e40p_core.id_stage_i.controller_i.$proc$/workspace/incremental-synthesis/benchmarks/cv32e40p-eco-001-new/core/common/normalized_cv32e40p.v:10336$2219'.
Found async reset \rst_n in `\cv32e40p_controller$cv32e40p_core.id_stage_i.controller_i.$proc$/workspace/incremental-synthesis/benchmarks/cv32e40p-eco-001-new/core/common/normalized_cv32e40p.v:10333$2217'.
Found async reset \Rst_RBI in `\cv32e40p_alu_div$cv32e40p_core.ex_stage_i.alu_i.alu_div_i.$proc$/workspace/incremental-synthesis/benchmarks/cv32e40p-eco-001-new/core/common/normalized_cv32e40p.v:2620$896'.
Found async reset \Rst_RBI in `\cv32e40p_alu_div$cv32e40p_core.ex_stage_i.alu_i.alu_div_i.$proc$/workspace/incremental-synthesis/benchmarks/cv32e40p-eco-001-new/core/common/normalized_cv32e40p.v:2617$894'.
Found async reset \Rst_RBI in `\cv32e40p_alu_div$cv32e40p_core.ex_stage_i.alu_i.alu_div_i.$proc$/workspace/incremental-synthesis/benchmarks/cv32e40p-eco-001-new/core/common/normalized_cv32e40p.v:2614$892'.
Found async reset \Rst_RBI in `\cv32e40p_alu_div$cv32e40p_core.ex_stage_i.alu_i.alu_div_i.$proc$/workspace/incremental-synthesis/benchmarks/cv32e40p-eco-001-new/core/common/normalized_cv32e40p.v:2611$890'.
Found async reset \Rst_RBI in `\cv32e40p_alu_div$cv32e40p_core.ex_stage_i.alu_i.alu_div_i.$proc$/workspace/incremental-synthesis/benchmarks/cv32e40p-eco-001-new/core/common/normalized_cv32e40p.v:2608$888'.
Found async reset \Rst_RBI in `\cv32e40p_alu_div$cv32e40p_core.ex_stage_i.alu_i.alu_div_i.$proc$/workspace/incremental-synthesis/benchmarks/cv32e40p-eco-001-new/core/common/normalized_cv32e40p.v:2605$886'.
Found async reset \Rst_RBI in `\cv32e40p_alu_div$cv32e40p_core.ex_stage_i.alu_i.alu_div_i.$proc$/workspace/incremental-synthesis/benchmarks/cv32e40p-eco-001-new/core/common/normalized_cv32e40p.v:2602$884'.
Found async reset \Rst_RBI in `\cv32e40p_alu_div$cv32e40p_core.ex_stage_i.alu_i.alu_div_i.$proc$/workspace/incremental-synthesis/benchmarks/cv32e40p-eco-001-new/core/common/normalized_cv32e40p.v:2599$882'.
Found async reset \rst_n in `\cv32e40p_aligner$cv32e40p_core.if_stage_i.aligner_i.$proc$/workspace/incremental-synthesis/benchmarks/cv32e40p-eco-001-new/core/common/normalized_cv32e40p.v:344$69'.
Found async reset \rst_n in `\cv32e40p_aligner$cv32e40p_core.if_stage_i.aligner_i.$proc$/workspace/incremental-synthesis/benchmarks/cv32e40p-eco-001-new/core/common/normalized_cv32e40p.v:341$67'.
Found async reset \rst_n in `\cv32e40p_aligner$cv32e40p_core.if_stage_i.aligner_i.$proc$/workspace/incremental-synthesis/benchmarks/cv32e40p-eco-001-new/core/common/normalized_cv32e40p.v:338$65'.
Found async reset \rst_n in `\cv32e40p_aligner$cv32e40p_core.if_stage_i.aligner_i.$proc$/workspace/incremental-synthesis/benchmarks/cv32e40p-eco-001-new/core/common/normalized_cv32e40p.v:335$63'.
Found async reset \rst_n in `\cv32e40p_aligner$cv32e40p_core.if_stage_i.aligner_i.$proc$/workspace/incremental-synthesis/benchmarks/cv32e40p-eco-001-new/core/common/normalized_cv32e40p.v:332$61'.
Found async reset \rst_n in `\cv32e40p_aligner$cv32e40p_core.if_stage_i.aligner_i.$proc$/workspace/incremental-synthesis/benchmarks/cv32e40p-eco-001-new/core/common/normalized_cv32e40p.v:329$59'.

3.6. Executing PROC_ROM pass (convert switches to ROMs).
Converted 0 switches.
<suppressed ~2 debug messages>

3.7. Executing PROC_MUX pass (convert decision trees to multiplexers).
Creating decoders for process `\cv32e40p_sleep_unit$cv32e40p_core.sleep_unit_i.$proc$/workspace/incremental-synthesis/benchmarks/cv32e40p-eco-001-new/core/common/normalized_cv32e40p.v:42557$14577'.
     1/1: $0\p_elw_busy_q[0:0]
Creating decoders for process `\cv32e40p_sleep_unit$cv32e40p_core.sleep_unit_i.$proc$/workspace/incremental-synthesis/benchmarks/cv32e40p-eco-001-new/core/common/normalized_cv32e40p.v:42554$14575'.
     1/1: $0\fetch_enable_q[0:0]
Creating decoders for process `\cv32e40p_sleep_unit$cv32e40p_core.sleep_unit_i.$proc$/workspace/incremental-synthesis/benchmarks/cv32e40p-eco-001-new/core/common/normalized_cv32e40p.v:42551$14573'.
     1/1: $0\core_busy_q[0:0]
Creating decoders for process `\cv32e40p_register_file$cv32e40p_core.id_stage_i.register_file_i.$proc$/workspace/incremental-synthesis/benchmarks/cv32e40p-eco-001-new/core/common/normalized_cv32e40p.v:42133$14469'.
     1/1: $0\mem[319:288]
Creating decoders for process `\cv32e40p_register_file$cv32e40p_core.id_stage_i.register_file_i.$proc$/workspace/incremental-synthesis/benchmarks/cv32e40p-eco-001-new/core/common/normalized_cv32e40p.v:42130$14467'.
     1/1: $0\mem[287:256]
Creating decoders for process `\cv32e40p_register_file$cv32e40p_core.id_stage_i.register_file_i.$proc$/workspace/incremental-synthesis/benchmarks/cv32e40p-eco-001-new/core/common/normalized_cv32e40p.v:42127$14465'.
     1/1: $0\mem[255:224]
Creating decoders for process `\cv32e40p_register_file$cv32e40p_core.id_stage_i.register_file_i.$proc$/workspace/incremental-synthesis/benchmarks/cv32e40p-eco-001-new/core/common/normalized_cv32e40p.v:42124$14463'.
     1/1: $0\mem[223:192]
Creating decoders for process `\cv32e40p_register_file$cv32e40p_core.id_stage_i.register_file_i.$proc$/workspace/incremental-synthesis/benchmarks/cv32e40p-eco-001-new/core/common/normalized_cv32e40p.v:42121$14461'.
     1/1: $0\mem[191:160]
Creating decoders for process `\cv32e40p_register_file$cv32e40p_core.id_stage_i.register_file_i.$proc$/workspace/incremental-synthesis/benchmarks/cv32e40p-eco-001-new/core/common/normalized_cv32e40p.v:42118$14459'.
     1/1: $0\mem[159:128]
Creating decoders for process `\cv32e40p_register_file$cv32e40p_core.id_stage_i.register_file_i.$proc$/workspace/incremental-synthesis/benchmarks/cv32e40p-eco-001-new/core/common/normalized_cv32e40p.v:42115$14457'.
     1/1: $0\mem[127:96]
Creating decoders for process `\cv32e40p_register_file$cv32e40p_core.id_stage_i.register_file_i.$proc$/workspace/incremental-synthesis/benchmarks/cv32e40p-eco-001-new/core/common/normalized_cv32e40p.v:42112$14455'.
     1/1: $0\mem[1023:992]
Creating decoders for process `\cv32e40p_register_file$cv32e40p_core.id_stage_i.register_file_i.$proc$/workspace/incremental-synthesis/benchmarks/cv32e40p-eco-001-new/core/common/normalized_cv32e40p.v:42109$14453'.
     1/1: $0\mem[991:960]
Creating decoders for process `\cv32e40p_register_file$cv32e40p_core.id_stage_i.register_file_i.$proc$/workspace/incremental-synthesis/benchmarks/cv32e40p-eco-001-new/core/common/normalized_cv32e40p.v:42106$14451'.
     1/1: $0\mem[95:64]
Creating decoders for process `\cv32e40p_register_file$cv32e40p_core.id_stage_i.register_file_i.$proc$/workspace/incremental-synthesis/benchmarks/cv32e40p-eco-001-new/core/common/normalized_cv32e40p.v:42103$14449'.
     1/1: $0\mem[959:928]
Creating decoders for process `\cv32e40p_register_file$cv32e40p_core.id_stage_i.register_file_i.$proc$/workspace/incremental-synthesis/benchmarks/cv32e40p-eco-001-new/core/common/normalized_cv32e40p.v:42100$14447'.
     1/1: $0\mem[927:896]
Creating decoders for process `\cv32e40p_register_file$cv32e40p_core.id_stage_i.register_file_i.$proc$/workspace/incremental-synthesis/benchmarks/cv32e40p-eco-001-new/core/common/normalized_cv32e40p.v:42097$14445'.
     1/1: $0\mem[895:864]
Creating decoders for process `\cv32e40p_register_file$cv32e40p_core.id_stage_i.register_file_i.$proc$/workspace/incremental-synthesis/benchmarks/cv32e40p-eco-001-new/core/common/normalized_cv32e40p.v:42094$14443'.
     1/1: $0\mem[863:832]
Creating decoders for process `\cv32e40p_register_file$cv32e40p_core.id_stage_i.register_file_i.$proc$/workspace/incremental-synthesis/benchmarks/cv32e40p-eco-001-new/core/common/normalized_cv32e40p.v:42091$14441'.
     1/1: $0\mem[831:800]
Creating decoders for process `\cv32e40p_register_file$cv32e40p_core.id_stage_i.register_file_i.$proc$/workspace/incremental-synthesis/benchmarks/cv32e40p-eco-001-new/core/common/normalized_cv32e40p.v:42088$14439'.
     1/1: $0\mem[799:768]
Creating decoders for process `\cv32e40p_register_file$cv32e40p_core.id_stage_i.register_file_i.$proc$/workspace/incremental-synthesis/benchmarks/cv32e40p-eco-001-new/core/common/normalized_cv32e40p.v:42085$14437'.
     1/1: $0\mem[767:736]
Creating decoders for process `\cv32e40p_register_file$cv32e40p_core.id_stage_i.register_file_i.$proc$/workspace/incremental-synthesis/benchmarks/cv32e40p-eco-001-new/core/common/normalized_cv32e40p.v:42082$14435'.
     1/1: $0\mem[735:704]
Creating decoders for process `\cv32e40p_register_file$cv32e40p_core.id_stage_i.register_file_i.$proc$/workspace/incremental-synthesis/benchmarks/cv32e40p-eco-001-new/core/common/normalized_cv32e40p.v:42079$14433'.
     1/1: $0\mem[703:672]
Creating decoders for process `\cv32e40p_register_file$cv32e40p_core.id_stage_i.register_file_i.$proc$/workspace/incremental-synthesis/benchmarks/cv32e40p-eco-001-new/core/common/normalized_cv32e40p.v:42076$14431'.
     1/1: $0\mem[671:640]
Creating decoders for process `\cv32e40p_register_file$cv32e40p_core.id_stage_i.register_file_i.$proc$/workspace/incremental-synthesis/benchmarks/cv32e40p-eco-001-new/core/common/normalized_cv32e40p.v:42073$14429'.
     1/1: $0\mem[63:32]
Creating decoders for process `\cv32e40p_register_file$cv32e40p_core.id_stage_i.register_file_i.$proc$/workspace/incremental-synthesis/benchmarks/cv32e40p-eco-001-new/core/common/normalized_cv32e40p.v:42070$14427'.
     1/1: $0\mem[639:608]
Creating decoders for process `\cv32e40p_register_file$cv32e40p_core.id_stage_i.register_file_i.$proc$/workspace/incremental-synthesis/benchmarks/cv32e40p-eco-001-new/core/common/normalized_cv32e40p.v:42067$14425'.
     1/1: $0\mem[607:576]
Creating decoders for process `\cv32e40p_register_file$cv32e40p_core.id_stage_i.register_file_i.$proc$/workspace/incremental-synthesis/benchmarks/cv32e40p-eco-001-new/core/common/normalized_cv32e40p.v:42064$14423'.
     1/1: $0\mem[575:544]
Creating decoders for process `\cv32e40p_register_file$cv32e40p_core.id_stage_i.register_file_i.$proc$/workspace/incremental-synthesis/benchmarks/cv32e40p-eco-001-new/core/common/normalized_cv32e40p.v:42061$14421'.
     1/1: $0\mem[543:512]
Creating decoders for process `\cv32e40p_register_file$cv32e40p_core.id_stage_i.register_file_i.$proc$/workspace/incremental-synthesis/benchmarks/cv32e40p-eco-001-new/core/common/normalized_cv32e40p.v:42058$14419'.
     1/1: $0\mem[511:480]
Creating decoders for process `\cv32e40p_register_file$cv32e40p_core.id_stage_i.register_file_i.$proc$/workspace/incremental-synthesis/benchmarks/cv32e40p-eco-001-new/core/common/normalized_cv32e40p.v:42055$14417'.
     1/1: $0\mem[479:448]
Creating decoders for process `\cv32e40p_register_file$cv32e40p_core.id_stage_i.register_file_i.$proc$/workspace/incremental-synthesis/benchmarks/cv32e40p-eco-001-new/core/common/normalized_cv32e40p.v:42052$14415'.
     1/1: $0\mem[447:416]
Creating decoders for process `\cv32e40p_register_file$cv32e40p_core.id_stage_i.register_file_i.$proc$/workspace/incremental-synthesis/benchmarks/cv32e40p-eco-001-new/core/common/normalized_cv32e40p.v:42049$14413'.
     1/1: $0\mem[415:384]
Creating decoders for process `\cv32e40p_register_file$cv32e40p_core.id_stage_i.register_file_i.$proc$/workspace/incremental-synthesis/benchmarks/cv32e40p-eco-001-new/core/common/normalized_cv32e40p.v:42046$14411'.
     1/1: $0\mem[383:352]
Creating decoders for process `\cv32e40p_register_file$cv32e40p_core.id_stage_i.register_file_i.$proc$/workspace/incremental-synthesis/benchmarks/cv32e40p-eco-001-new/core/common/normalized_cv32e40p.v:42043$14409'.
     1/1: $0\mem[351:320]
Creating decoders for process `\cv32e40p_register_file$cv32e40p_core.id_stage_i.register_file_i.$proc$/workspace/incremental-synthesis/benchmarks/cv32e40p-eco-001-new/core/common/normalized_cv32e40p.v:42040$14407'.
     1/1: $0\mem[31:0]
Creating decoders for process `\cv32e40p_prefetch_controller$cv32e40p_core.if_stage_i.prefetch_buffer_i.prefetch_controller_i.$proc$/workspace/incremental-synthesis/benchmarks/cv32e40p-eco-001-new/core/common/normalized_cv32e40p.v:40923$14005'.
     1/1: $0\trans_addr_q[31:0]
Creating decoders for process `\cv32e40p_prefetch_controller$cv32e40p_core.if_stage_i.prefetch_buffer_i.prefetch_controller_i.$proc$/workspace/incremental-synthesis/benchmarks/cv32e40p-eco-001-new/core/common/normalized_cv32e40p.v:40920$14003'.
     1/1: $0\state_q[0:0]
Creating decoders for process `\cv32e40p_prefetch_controller$cv32e40p_core.if_stage_i.prefetch_buffer_i.prefetch_controller_i.$proc$/workspace/incremental-synthesis/benchmarks/cv32e40p-eco-001-new/core/common/normalized_cv32e40p.v:40917$14001'.
     1/1: $0\hwlp_flush_cnt_delayed_q[1:0]
Creating decoders for process `\cv32e40p_prefetch_controller$cv32e40p_core.if_stage_i.prefetch_buffer_i.prefetch_controller_i.$proc$/workspace/incremental-synthesis/benchmarks/cv32e40p-eco-001-new/core/common/normalized_cv32e40p.v:40914$13999'.
     1/1: $0\hwlp_flush_after_resp[0:0]
Creating decoders for process `\cv32e40p_prefetch_controller$cv32e40p_core.if_stage_i.prefetch_buffer_i.prefetch_controller_i.$proc$/workspace/incremental-synthesis/benchmarks/cv32e40p-eco-001-new/core/common/normalized_cv32e40p.v:40911$13997'.
     1/1: $0\flush_cnt_q[1:0]
Creating decoders for process `\cv32e40p_prefetch_controller$cv32e40p_core.if_stage_i.prefetch_buffer_i.prefetch_controller_i.$proc$/workspace/incremental-synthesis/benchmarks/cv32e40p-eco-001-new/core/common/normalized_cv32e40p.v:40908$13995'.
     1/1: $0\cnt_q[1:0]
Creating decoders for process `\cv32e40p_obi_interface$cv32e40p_core.if_stage_i.prefetch_buffer_i.instruction_obi_i.$proc$/workspace/incremental-synthesis/benchmarks/cv32e40p-eco-001-new/core/common/normalized_cv32e40p.v:40277$13878'.
     1/1: $0\state_q[0:0]
Creating decoders for process `\cv32e40p_obi_interface$cv32e40p_core.if_stage_i.prefetch_buffer_i.instruction_obi_i.$proc$/workspace/incremental-synthesis/benchmarks/cv32e40p-eco-001-new/core/common/normalized_cv32e40p.v:40274$13876'.
     1/1: $0\gen_no_trans_stable.obi_we_q[0:0]
Creating decoders for process `\cv32e40p_obi_interface$cv32e40p_core.if_stage_i.prefetch_buffer_i.instruction_obi_i.$proc$/workspace/incremental-synthesis/benchmarks/cv32e40p-eco-001-new/core/common/normalized_cv32e40p.v:40271$13874'.
     1/1: $0\gen_no_trans_stable.obi_wdata_q[31:0]
Creating decoders for process `\cv32e40p_obi_interface$cv32e40p_core.if_stage_i.prefetch_buffer_i.instruction_obi_i.$proc$/workspace/incremental-synthesis/benchmarks/cv32e40p-eco-001-new/core/common/normalized_cv32e40p.v:40268$13872'.
     1/1: $0\gen_no_trans_stable.obi_be_q[3:0]
Creating decoders for process `\cv32e40p_obi_interface$cv32e40p_core.if_stage_i.prefetch_buffer_i.instruction_obi_i.$proc$/workspace/incremental-synthesis/benchmarks/cv32e40p-eco-001-new/core/common/normalized_cv32e40p.v:40265$13870'.
     1/1: $0\gen_no_trans_stable.obi_atop_q[5:0]
Creating decoders for process `\cv32e40p_obi_interface$cv32e40p_core.if_stage_i.prefetch_buffer_i.instruction_obi_i.$proc$/workspace/incremental-synthesis/benchmarks/cv32e40p-eco-001-new/core/common/normalized_cv32e40p.v:40262$13868'.
     1/1: $0\gen_no_trans_stable.obi_addr_q[31:0]
Creating decoders for process `\cv32e40p_mult$cv32e40p_core.ex_stage_i.mult_i.$proc$/workspace/incremental-synthesis/benchmarks/cv32e40p-eco-001-new/core/common/normalized_cv32e40p.v:40042$13804'.
     1/1: $0\mulh_carry_q[0:0]
Creating decoders for process `\cv32e40p_mult$cv32e40p_core.ex_stage_i.mult_i.$proc$/workspace/incremental-synthesis/benchmarks/cv32e40p-eco-001-new/core/common/normalized_cv32e40p.v:40039$13802'.
     1/1: $0\mulh_CS[2:0]
Creating decoders for process `\cv32e40p_load_store_unit$cv32e40p_core.load_store_unit_i.$proc$/workspace/incremental-synthesis/benchmarks/cv32e40p-eco-001-new/core/common/normalized_cv32e40p.v:39316$13546'.
     1/1: $0\rdata_q[31:0]
Creating decoders for process `\cv32e40p_load_store_unit$cv32e40p_core.load_store_unit_i.$proc$/workspace/incremental-synthesis/benchmarks/cv32e40p-eco-001-new/core/common/normalized_cv32e40p.v:39313$13544'.
     1/1: $0\rdata_offset_q[1:0]
Creating decoders for process `\cv32e40p_load_store_unit$cv32e40p_core.load_store_unit_i.$proc$/workspace/incremental-synthesis/benchmarks/cv32e40p-eco-001-new/core/common/normalized_cv32e40p.v:39310$13542'.
     1/1: $0\data_we_q[0:0]
Creating decoders for process `\cv32e40p_load_store_unit$cv32e40p_core.load_store_unit_i.$proc$/workspace/incremental-synthesis/benchmarks/cv32e40p-eco-001-new/core/common/normalized_cv32e40p.v:39307$13540'.
     1/1: $0\data_type_q[1:0]
Creating decoders for process `\cv32e40p_load_store_unit$cv32e40p_core.load_store_unit_i.$proc$/workspace/incremental-synthesis/benchmarks/cv32e40p-eco-001-new/core/common/normalized_cv32e40p.v:39304$13538'.
     1/1: $0\data_sign_ext_q[1:0]
Creating decoders for process `\cv32e40p_load_store_unit$cv32e40p_core.load_store_unit_i.$proc$/workspace/incremental-synthesis/benchmarks/cv32e40p-eco-001-new/core/common/normalized_cv32e40p.v:39301$13536'.
     1/1: $0\data_load_event_q[0:0]
Creating decoders for process `\cv32e40p_load_store_unit$cv32e40p_core.load_store_unit_i.$proc$/workspace/incremental-synthesis/benchmarks/cv32e40p-eco-001-new/core/common/normalized_cv32e40p.v:39298$13534'.
     1/1: $0\cnt_q[1:0]
Creating decoders for process `\cv32e40p_int_controller$cv32e40p_core.id_stage_i.int_controller_i.$proc$/workspace/incremental-synthesis/benchmarks/cv32e40p-eco-001-new/core/common/normalized_cv32e40p.v:37614$12891'.
     1/1: $0\irq_sec_q[0:0]
Creating decoders for process `\cv32e40p_int_controller$cv32e40p_core.id_stage_i.int_controller_i.$proc$/workspace/incremental-synthesis/benchmarks/cv32e40p-eco-001-new/core/common/normalized_cv32e40p.v:37611$12889'.
     1/1: $0\irq_q[31:0]
Creating decoders for process `\cv32e40p_if_stage$cv32e40p_core.if_stage_i.$proc$/workspace/incremental-synthesis/benchmarks/cv32e40p-eco-001-new/core/common/normalized_cv32e40p.v:36357$12849'.
     1/1: $0\pc_id_o[31:0]
Creating decoders for process `\cv32e40p_if_stage$cv32e40p_core.if_stage_i.$proc$/workspace/incremental-synthesis/benchmarks/cv32e40p-eco-001-new/core/common/normalized_cv32e40p.v:36354$12847'.
     1/1: $0\is_fetch_failed_o[0:0]
Creating decoders for process `\cv32e40p_if_stage$cv32e40p_core.if_stage_i.$proc$/workspace/incremental-synthesis/benchmarks/cv32e40p-eco-001-new/core/common/normalized_cv32e40p.v:36351$12845'.
     1/1: $0\is_compressed_id_o[0:0]
Creating decoders for process `\cv32e40p_if_stage$cv32e40p_core.if_stage_i.$proc$/workspace/incremental-synthesis/benchmarks/cv32e40p-eco-001-new/core/common/normalized_cv32e40p.v:36348$12843'.
     1/1: $0\instr_valid_id_o[0:0]
Creating decoders for process `\cv32e40p_if_stage$cv32e40p_core.if_stage_i.$proc$/workspace/incremental-synthesis/benchmarks/cv32e40p-eco-001-new/core/common/normalized_cv32e40p.v:36345$12841'.
     1/1: $0\instr_rdata_id_o[31:0]
Creating decoders for process `\cv32e40p_if_stage$cv32e40p_core.if_stage_i.$proc$/workspace/incremental-synthesis/benchmarks/cv32e40p-eco-001-new/core/common/normalized_cv32e40p.v:36342$12839'.
     1/1: $0\illegal_c_insn_id_o[0:0]
Creating decoders for process `\cv32e40p_id_stage$cv32e40p_core.id_stage_i.$proc$/workspace/incremental-synthesis/benchmarks/cv32e40p-eco-001-new/core/common/normalized_cv32e40p.v:34481$12229'.
     1/1: $0\regfile_we_ex_o[0:0]
Creating decoders for process `\cv32e40p_id_stage$cv32e40p_core.id_stage_i.$proc$/workspace/incremental-synthesis/benchmarks/cv32e40p-eco-001-new/core/common/normalized_cv32e40p.v:34478$12227'.
     1/1: $0\regfile_waddr_ex_o[5:0]
Creating decoders for process `\cv32e40p_id_stage$cv32e40p_core.id_stage_i.$proc$/workspace/incremental-synthesis/benchmarks/cv32e40p-eco-001-new/core/common/normalized_cv32e40p.v:34475$12225'.
     1/1: $0\regfile_alu_we_ex_o[0:0]
Creating decoders for process `\cv32e40p_id_stage$cv32e40p_core.id_stage_i.$proc$/workspace/incremental-synthesis/benchmarks/cv32e40p-eco-001-new/core/common/normalized_cv32e40p.v:34472$12223'.
     1/1: $0\regfile_alu_waddr_ex_o[5:0]
Creating decoders for process `\cv32e40p_id_stage$cv32e40p_core.id_stage_i.$proc$/workspace/incremental-synthesis/benchmarks/cv32e40p-eco-001-new/core/common/normalized_cv32e40p.v:34469$12221'.
     1/1: $0\prepost_useincr_ex_o[0:0]
Creating decoders for process `\cv32e40p_id_stage$cv32e40p_core.id_stage_i.$proc$/workspace/incremental-synthesis/benchmarks/cv32e40p-eco-001-new/core/common/normalized_cv32e40p.v:34466$12219'.
     1/1: $0\pc_ex_o[31:0]
Creating decoders for process `\cv32e40p_id_stage$cv32e40p_core.id_stage_i.$proc$/workspace/incremental-synthesis/benchmarks/cv32e40p-eco-001-new/core/common/normalized_cv32e40p.v:34463$12217'.
     1/1: $0\mult_signed_mode_ex_o[1:0]
Creating decoders for process `\cv32e40p_id_stage$cv32e40p_core.id_stage_i.$proc$/workspace/incremental-synthesis/benchmarks/cv32e40p-eco-001-new/core/common/normalized_cv32e40p.v:34460$12215'.
     1/1: $0\mult_sel_subword_ex_o[0:0]
Creating decoders for process `\cv32e40p_id_stage$cv32e40p_core.id_stage_i.$proc$/workspace/incremental-synthesis/benchmarks/cv32e40p-eco-001-new/core/common/normalized_cv32e40p.v:34457$12213'.
     1/1: $0\mult_operator_ex_o[2:0]
Creating decoders for process `\cv32e40p_id_stage$cv32e40p_core.id_stage_i.$proc$/workspace/incremental-synthesis/benchmarks/cv32e40p-eco-001-new/core/common/normalized_cv32e40p.v:34454$12211'.
     1/1: $0\mult_operand_c_ex_o[31:0]
Creating decoders for process `\cv32e40p_id_stage$cv32e40p_core.id_stage_i.$proc$/workspace/incremental-synthesis/benchmarks/cv32e40p-eco-001-new/core/common/normalized_cv32e40p.v:34451$12209'.
     1/1: $0\mult_operand_b_ex_o[31:0]
Creating decoders for process `\cv32e40p_id_stage$cv32e40p_core.id_stage_i.$proc$/workspace/incremental-synthesis/benchmarks/cv32e40p-eco-001-new/core/common/normalized_cv32e40p.v:34448$12207'.
     1/1: $0\mult_operand_a_ex_o[31:0]
Creating decoders for process `\cv32e40p_id_stage$cv32e40p_core.id_stage_i.$proc$/workspace/incremental-synthesis/benchmarks/cv32e40p-eco-001-new/core/common/normalized_cv32e40p.v:34445$12205'.
     1/1: $0\mult_is_clpx_ex_o[0:0]
Creating decoders for process `\cv32e40p_id_stage$cv32e40p_core.id_stage_i.$proc$/workspace/incremental-synthesis/benchmarks/cv32e40p-eco-001-new/core/common/normalized_cv32e40p.v:34442$12203'.
     1/1: $0\mult_imm_ex_o[4:0]
Creating decoders for process `\cv32e40p_id_stage$cv32e40p_core.id_stage_i.$proc$/workspace/incremental-synthesis/benchmarks/cv32e40p-eco-001-new/core/common/normalized_cv32e40p.v:34439$12201'.
     1/1: $0\mult_en_ex_o[0:0]
Creating decoders for process `\cv32e40p_id_stage$cv32e40p_core.id_stage_i.$proc$/workspace/incremental-synthesis/benchmarks/cv32e40p-eco-001-new/core/common/normalized_cv32e40p.v:34436$12199'.
     1/1: $0\mult_dot_signed_ex_o[1:0]
Creating decoders for process `\cv32e40p_id_stage$cv32e40p_core.id_stage_i.$proc$/workspace/incremental-synthesis/benchmarks/cv32e40p-eco-001-new/core/common/normalized_cv32e40p.v:34433$12197'.
     1/1: $0\mult_dot_op_c_ex_o[31:0]
Creating decoders for process `\cv32e40p_id_stage$cv32e40p_core.id_stage_i.$proc$/workspace/incremental-synthesis/benchmarks/cv32e40p-eco-001-new/core/common/normalized_cv32e40p.v:34430$12195'.
     1/1: $0\mult_dot_op_b_ex_o[31:0]
Creating decoders for process `\cv32e40p_id_stage$cv32e40p_core.id_stage_i.$proc$/workspace/incremental-synthesis/benchmarks/cv32e40p-eco-001-new/core/common/normalized_cv32e40p.v:34427$12193'.
     1/1: $0\mult_dot_op_a_ex_o[31:0]
Creating decoders for process `\cv32e40p_id_stage$cv32e40p_core.id_stage_i.$proc$/workspace/incremental-synthesis/benchmarks/cv32e40p-eco-001-new/core/common/normalized_cv32e40p.v:34424$12191'.
     1/1: $0\mult_clpx_shift_ex_o[1:0]
Creating decoders for process `\cv32e40p_id_stage$cv32e40p_core.id_stage_i.$proc$/workspace/incremental-synthesis/benchmarks/cv32e40p-eco-001-new/core/common/normalized_cv32e40p.v:34421$12189'.
     1/1: $0\mult_clpx_img_ex_o[0:0]
Creating decoders for process `\cv32e40p_id_stage$cv32e40p_core.id_stage_i.$proc$/workspace/incremental-synthesis/benchmarks/cv32e40p-eco-001-new/core/common/normalized_cv32e40p.v:34418$12187'.
     1/1: $0\mhpmevent_store_o[0:0]
Creating decoders for process `\cv32e40p_id_stage$cv32e40p_core.id_stage_i.$proc$/workspace/incremental-synthesis/benchmarks/cv32e40p-eco-001-new/core/common/normalized_cv32e40p.v:34415$12185'.
     1/1: $0\mhpmevent_pipe_stall_o[0:0]
Creating decoders for process `\cv32e40p_id_stage$cv32e40p_core.id_stage_i.$proc$/workspace/incremental-synthesis/benchmarks/cv32e40p-eco-001-new/core/common/normalized_cv32e40p.v:34412$12183'.
     1/1: $0\mhpmevent_minstret_o[0:0]
Creating decoders for process `\cv32e40p_id_stage$cv32e40p_core.id_stage_i.$proc$/workspace/incremental-synthesis/benchmarks/cv32e40p-eco-001-new/core/common/normalized_cv32e40p.v:34409$12181'.
     1/1: $0\mhpmevent_load_o[0:0]
Creating decoders for process `\cv32e40p_id_stage$cv32e40p_core.id_stage_i.$proc$/workspace/incremental-synthesis/benchmarks/cv32e40p-eco-001-new/core/common/normalized_cv32e40p.v:34406$12179'.
     1/1: $0\mhpmevent_ld_stall_o[0:0]
Creating decoders for process `\cv32e40p_id_stage$cv32e40p_core.id_stage_i.$proc$/workspace/incremental-synthesis/benchmarks/cv32e40p-eco-001-new/core/common/normalized_cv32e40p.v:34403$12177'.
     1/1: $0\mhpmevent_jump_o[0:0]
Creating decoders for process `\cv32e40p_id_stage$cv32e40p_core.id_stage_i.$proc$/workspace/incremental-synthesis/benchmarks/cv32e40p-eco-001-new/core/common/normalized_cv32e40p.v:34400$12175'.
     1/1: $0\mhpmevent_jr_stall_o[0:0]
Creating decoders for process `\cv32e40p_id_stage$cv32e40p_core.id_stage_i.$proc$/workspace/incremental-synthesis/benchmarks/cv32e40p-eco-001-new/core/common/normalized_cv32e40p.v:34397$12173'.
     1/1: $0\mhpmevent_imiss_o[0:0]
Creating decoders for process `\cv32e40p_id_stage$cv32e40p_core.id_stage_i.$proc$/workspace/incremental-synthesis/benchmarks/cv32e40p-eco-001-new/core/common/normalized_cv32e40p.v:34394$12171'.
     1/1: $0\mhpmevent_compressed_o[0:0]
Creating decoders for process `\cv32e40p_id_stage$cv32e40p_core.id_stage_i.$proc$/workspace/incremental-synthesis/benchmarks/cv32e40p-eco-001-new/core/common/normalized_cv32e40p.v:34391$12169'.
     1/1: $0\mhpmevent_branch_taken_o[0:0]
Creating decoders for process `\cv32e40p_id_stage$cv32e40p_core.id_stage_i.$proc$/workspace/incremental-synthesis/benchmarks/cv32e40p-eco-001-new/core/common/normalized_cv32e40p.v:34388$12167'.
     1/1: $0\mhpmevent_branch_o[0:0]
Creating decoders for process `\cv32e40p_id_stage$cv32e40p_core.id_stage_i.$proc$/workspace/incremental-synthesis/benchmarks/cv32e40p-eco-001-new/core/common/normalized_cv32e40p.v:34385$12165'.
     1/1: $0\imm_vec_ext_ex_o[1:0]
Creating decoders for process `\cv32e40p_id_stage$cv32e40p_core.id_stage_i.$proc$/workspace/incremental-synthesis/benchmarks/cv32e40p-eco-001-new/core/common/normalized_cv32e40p.v:34382$12163'.
     1/1: $0\id_valid_q[0:0]
Creating decoders for process `\cv32e40p_id_stage$cv32e40p_core.id_stage_i.$proc$/workspace/incremental-synthesis/benchmarks/cv32e40p-eco-001-new/core/common/normalized_cv32e40p.v:34379$12161'.
     1/1: $0\data_we_ex_o[0:0]
Creating decoders for process `\cv32e40p_id_stage$cv32e40p_core.id_stage_i.$proc$/workspace/incremental-synthesis/benchmarks/cv32e40p-eco-001-new/core/common/normalized_cv32e40p.v:34376$12159'.
     1/1: $0\data_type_ex_o[1:0]
Creating decoders for process `\cv32e40p_id_stage$cv32e40p_core.id_stage_i.$proc$/workspace/incremental-synthesis/benchmarks/cv32e40p-eco-001-new/core/common/normalized_cv32e40p.v:34373$12157'.
     1/1: $0\data_sign_ext_ex_o[1:0]
Creating decoders for process `\cv32e40p_id_stage$cv32e40p_core.id_stage_i.$proc$/workspace/incremental-synthesis/benchmarks/cv32e40p-eco-001-new/core/common/normalized_cv32e40p.v:34370$12155'.
     1/1: $0\data_req_ex_o[0:0]
Creating decoders for process `\cv32e40p_id_stage$cv32e40p_core.id_stage_i.$proc$/workspace/incremental-synthesis/benchmarks/cv32e40p-eco-001-new/core/common/normalized_cv32e40p.v:34367$12153'.
     1/1: $0\data_reg_offset_ex_o[1:0]
Creating decoders for process `\cv32e40p_id_stage$cv32e40p_core.id_stage_i.$proc$/workspace/incremental-synthesis/benchmarks/cv32e40p-eco-001-new/core/common/normalized_cv32e40p.v:34364$12151'.
     1/1: $0\data_misaligned_ex_o[0:0]
Creating decoders for process `\cv32e40p_id_stage$cv32e40p_core.id_stage_i.$proc$/workspace/incremental-synthesis/benchmarks/cv32e40p-eco-001-new/core/common/normalized_cv32e40p.v:34361$12149'.
     1/1: $0\data_load_event_ex_o[0:0]
Creating decoders for process `\cv32e40p_id_stage$cv32e40p_core.id_stage_i.$proc$/workspace/incremental-synthesis/benchmarks/cv32e40p-eco-001-new/core/common/normalized_cv32e40p.v:34358$12147'.
     1/1: $0\csr_op_ex_o[1:0]
Creating decoders for process `\cv32e40p_id_stage$cv32e40p_core.id_stage_i.$proc$/workspace/incremental-synthesis/benchmarks/cv32e40p-eco-001-new/core/common/normalized_cv32e40p.v:34355$12145'.
     1/1: $0\csr_access_ex_o[0:0]
Creating decoders for process `\cv32e40p_id_stage$cv32e40p_core.id_stage_i.$proc$/workspace/incremental-synthesis/benchmarks/cv32e40p-eco-001-new/core/common/normalized_cv32e40p.v:34352$12143'.
     1/1: $0\branch_in_ex_o[0:0]
Creating decoders for process `\cv32e40p_id_stage$cv32e40p_core.id_stage_i.$proc$/workspace/incremental-synthesis/benchmarks/cv32e40p-eco-001-new/core/common/normalized_cv32e40p.v:34349$12141'.
     1/1: $0\bmask_b_ex_o[4:0]
Creating decoders for process `\cv32e40p_id_stage$cv32e40p_core.id_stage_i.$proc$/workspace/incremental-synthesis/benchmarks/cv32e40p-eco-001-new/core/common/normalized_cv32e40p.v:34346$12139'.
     1/1: $0\bmask_a_ex_o[4:0]
Creating decoders for process `\cv32e40p_id_stage$cv32e40p_core.id_stage_i.$proc$/workspace/incremental-synthesis/benchmarks/cv32e40p-eco-001-new/core/common/normalized_cv32e40p.v:34343$12137'.
     1/1: $0\atop_ex_o[5:0]
Creating decoders for process `\cv32e40p_id_stage$cv32e40p_core.id_stage_i.$proc$/workspace/incremental-synthesis/benchmarks/cv32e40p-eco-001-new/core/common/normalized_cv32e40p.v:34340$12135'.
     1/1: $0\apu_waddr_ex_o[5:0]
Creating decoders for process `\cv32e40p_id_stage$cv32e40p_core.id_stage_i.$proc$/workspace/incremental-synthesis/benchmarks/cv32e40p-eco-001-new/core/common/normalized_cv32e40p.v:34337$12133'.
     1/1: $0\apu_operands_ex_o[95:64]
Creating decoders for process `\cv32e40p_id_stage$cv32e40p_core.id_stage_i.$proc$/workspace/incremental-synthesis/benchmarks/cv32e40p-eco-001-new/core/common/normalized_cv32e40p.v:34334$12131'.
     1/1: $0\apu_operands_ex_o[63:32]
Creating decoders for process `\cv32e40p_id_stage$cv32e40p_core.id_stage_i.$proc$/workspace/incremental-synthesis/benchmarks/cv32e40p-eco-001-new/core/common/normalized_cv32e40p.v:34331$12129'.
     1/1: $0\apu_operands_ex_o[31:0]
Creating decoders for process `\cv32e40p_id_stage$cv32e40p_core.id_stage_i.$proc$/workspace/incremental-synthesis/benchmarks/cv32e40p-eco-001-new/core/common/normalized_cv32e40p.v:34328$12127'.
     1/1: $0\apu_op_ex_o[5:0]
Creating decoders for process `\cv32e40p_id_stage$cv32e40p_core.id_stage_i.$proc$/workspace/incremental-synthesis/benchmarks/cv32e40p-eco-001-new/core/common/normalized_cv32e40p.v:34325$12125'.
     1/1: $0\apu_lat_ex_o[1:0]
Creating decoders for process `\cv32e40p_id_stage$cv32e40p_core.id_stage_i.$proc$/workspace/incremental-synthesis/benchmarks/cv32e40p-eco-001-new/core/common/normalized_cv32e40p.v:34322$12123'.
     1/1: $0\apu_flags_ex_o[14:0]
Creating decoders for process `\cv32e40p_id_stage$cv32e40p_core.id_stage_i.$proc$/workspace/incremental-synthesis/benchmarks/cv32e40p-eco-001-new/core/common/normalized_cv32e40p.v:34319$12121'.
     1/1: $0\apu_en_ex_o[0:0]
Creating decoders for process `\cv32e40p_id_stage$cv32e40p_core.id_stage_i.$proc$/workspace/incremental-synthesis/benchmarks/cv32e40p-eco-001-new/core/common/normalized_cv32e40p.v:34316$12119'.
     1/1: $0\alu_vec_mode_ex_o[1:0]
Creating decoders for process `\cv32e40p_id_stage$cv32e40p_core.id_stage_i.$proc$/workspace/incremental-synthesis/benchmarks/cv32e40p-eco-001-new/core/common/normalized_cv32e40p.v:34313$12117'.
     1/1: $0\alu_operator_ex_o[6:0]
Creating decoders for process `\cv32e40p_id_stage$cv32e40p_core.id_stage_i.$proc$/workspace/incremental-synthesis/benchmarks/cv32e40p-eco-001-new/core/common/normalized_cv32e40p.v:34310$12115'.
     1/1: $0\alu_operand_c_ex_o[31:0]
Creating decoders for process `\cv32e40p_id_stage$cv32e40p_core.id_stage_i.$proc$/workspace/incremental-synthesis/benchmarks/cv32e40p-eco-001-new/core/common/normalized_cv32e40p.v:34307$12113'.
     1/1: $0\alu_operand_b_ex_o[31:0]
Creating decoders for process `\cv32e40p_id_stage$cv32e40p_core.id_stage_i.$proc$/workspace/incremental-synthesis/benchmarks/cv32e40p-eco-001-new/core/common/normalized_cv32e40p.v:34304$12111'.
     1/1: $0\alu_operand_a_ex_o[31:0]
Creating decoders for process `\cv32e40p_id_stage$cv32e40p_core.id_stage_i.$proc$/workspace/incremental-synthesis/benchmarks/cv32e40p-eco-001-new/core/common/normalized_cv32e40p.v:34301$12109'.
     1/1: $0\alu_is_subrot_ex_o[0:0]
Creating decoders for process `\cv32e40p_id_stage$cv32e40p_core.id_stage_i.$proc$/workspace/incremental-synthesis/benchmarks/cv32e40p-eco-001-new/core/common/normalized_cv32e40p.v:34298$12107'.
     1/1: $0\alu_is_clpx_ex_o[0:0]
Creating decoders for process `\cv32e40p_id_stage$cv32e40p_core.id_stage_i.$proc$/workspace/incremental-synthesis/benchmarks/cv32e40p-eco-001-new/core/common/normalized_cv32e40p.v:34295$12105'.
     1/1: $0\alu_en_ex_o[0:0]
Creating decoders for process `\cv32e40p_id_stage$cv32e40p_core.id_stage_i.$proc$/workspace/incremental-synthesis/benchmarks/cv32e40p-eco-001-new/core/common/normalized_cv32e40p.v:34292$12103'.
     1/1: $0\alu_clpx_shift_ex_o[1:0]
Creating decoders for process `\cv32e40p_hwloop_regs$cv32e40p_core.id_stage_i.gen_hwloop_regs.hwloop_regs_i.$proc$/workspace/incremental-synthesis/benchmarks/cv32e40p-eco-001-new/core/common/normalized_cv32e40p.v:31910$11920'.
Creating decoders for process `\cv32e40p_hwloop_regs$cv32e40p_core.id_stage_i.gen_hwloop_regs.hwloop_regs_i.$proc$/workspace/incremental-synthesis/benchmarks/cv32e40p-eco-001-new/core/common/normalized_cv32e40p.v:31968$11911'.
     1/1: $0\i[31:0]
Creating decoders for process `\cv32e40p_hwloop_regs$cv32e40p_core.id_stage_i.gen_hwloop_regs.hwloop_regs_i.$proc$/workspace/incremental-synthesis/benchmarks/cv32e40p-eco-001-new/core/common/normalized_cv32e40p.v:31965$11909'.
     1/1: $0\hwlp_start_q[63:32]
Creating decoders for process `\cv32e40p_hwloop_regs$cv32e40p_core.id_stage_i.gen_hwloop_regs.hwloop_regs_i.$proc$/workspace/incremental-synthesis/benchmarks/cv32e40p-eco-001-new/core/common/normalized_cv32e40p.v:31962$11907'.
     1/1: $0\hwlp_start_q[31:0]
Creating decoders for process `\cv32e40p_hwloop_regs$cv32e40p_core.id_stage_i.gen_hwloop_regs.hwloop_regs_i.$proc$/workspace/incremental-synthesis/benchmarks/cv32e40p-eco-001-new/core/common/normalized_cv32e40p.v:31959$11905'.
     1/1: $0\hwlp_end_q[63:32]
Creating decoders for process `\cv32e40p_hwloop_regs$cv32e40p_core.id_stage_i.gen_hwloop_regs.hwloop_regs_i.$proc$/workspace/incremental-synthesis/benchmarks/cv32e40p-eco-001-new/core/common/normalized_cv32e40p.v:31956$11903'.
     1/1: $0\hwlp_end_q[31:0]
Creating decoders for process `\cv32e40p_hwloop_regs$cv32e40p_core.id_stage_i.gen_hwloop_regs.hwloop_regs_i.$proc$/workspace/incremental-synthesis/benchmarks/cv32e40p-eco-001-new/core/common/normalized_cv32e40p.v:31953$11901'.
     1/1: $0\hwlp_counter_q[63:32]
Creating decoders for process `\cv32e40p_hwloop_regs$cv32e40p_core.id_stage_i.gen_hwloop_regs.hwloop_regs_i.$proc$/workspace/incremental-synthesis/benchmarks/cv32e40p-eco-001-new/core/common/normalized_cv32e40p.v:31950$11899'.
     1/1: $0\hwlp_counter_q[31:0]
Creating decoders for process `\cv32e40p_fifo$cv32e40p_core.if_stage_i.prefetch_buffer_i.fifo_i.$proc$/workspace/incremental-synthesis/benchmarks/cv32e40p-eco-001-new/core/common/normalized_cv32e40p.v:31760$11853'.
     1/1: $0\write_pointer_q[0:0]
Creating decoders for process `\cv32e40p_fifo$cv32e40p_core.if_stage_i.prefetch_buffer_i.fifo_i.$proc$/workspace/incremental-synthesis/benchmarks/cv32e40p-eco-001-new/core/common/normalized_cv32e40p.v:31757$11851'.
     1/1: $0\status_cnt_q[1:0]
Creating decoders for process `\cv32e40p_fifo$cv32e40p_core.if_stage_i.prefetch_buffer_i.fifo_i.$proc$/workspace/incremental-synthesis/benchmarks/cv32e40p-eco-001-new/core/common/normalized_cv32e40p.v:31754$11849'.
     1/1: $0\read_pointer_q[0:0]
Creating decoders for process `\cv32e40p_fifo$cv32e40p_core.if_stage_i.prefetch_buffer_i.fifo_i.$proc$/workspace/incremental-synthesis/benchmarks/cv32e40p-eco-001-new/core/common/normalized_cv32e40p.v:31751$11847'.
     1/1: $0\mem_q[63:32]
Creating decoders for process `\cv32e40p_fifo$cv32e40p_core.if_stage_i.prefetch_buffer_i.fifo_i.$proc$/workspace/incremental-synthesis/benchmarks/cv32e40p-eco-001-new/core/common/normalized_cv32e40p.v:31748$11845'.
     1/1: $0\mem_q[31:0]
Creating decoders for process `\cv32e40p_ex_stage$cv32e40p_core.ex_stage_i.$proc$/workspace/incremental-synthesis/benchmarks/cv32e40p-eco-001-new/core/common/normalized_cv32e40p.v:31114$11694'.
     1/1: $0\regfile_we_lsu[0:0]
Creating decoders for process `\cv32e40p_ex_stage$cv32e40p_core.ex_stage_i.$proc$/workspace/incremental-synthesis/benchmarks/cv32e40p-eco-001-new/core/common/normalized_cv32e40p.v:31111$11692'.
     1/1: $0\regfile_waddr_lsu[5:0]
Creating decoders for process `\cv32e40p_cs_registers$cv32e40p_core.cs_registers_i.$proc$/workspace/incremental-synthesis/benchmarks/cv32e40p-eco-001-new/core/common/normalized_cv32e40p.v:17751$5232'.
     1/1: $0\mtvec_q[23:0]
Creating decoders for process `\cv32e40p_cs_registers$cv32e40p_core.cs_registers_i.$proc$/workspace/incremental-synthesis/benchmarks/cv32e40p-eco-001-new/core/common/normalized_cv32e40p.v:17748$5230'.
     1/1: $0\mtvec_mode_q[1:0]
Creating decoders for process `\cv32e40p_cs_registers$cv32e40p_core.cs_registers_i.$proc$/workspace/incremental-synthesis/benchmarks/cv32e40p-eco-001-new/core/common/normalized_cv32e40p.v:17745$5228'.
     1/1: $0\mstatus_q[4:4]
Creating decoders for process `\cv32e40p_cs_registers$cv32e40p_core.cs_registers_i.$proc$/workspace/incremental-synthesis/benchmarks/cv32e40p-eco-001-new/core/common/normalized_cv32e40p.v:17742$5226'.
     1/1: $0\mstatus_q[6:6]
Creating decoders for process `\cv32e40p_cs_registers$cv32e40p_core.cs_registers_i.$proc$/workspace/incremental-synthesis/benchmarks/cv32e40p-eco-001-new/core/common/normalized_cv32e40p.v:17739$5224'.
     1/1: $0\mstatus_q[0:0]
Creating decoders for process `\cv32e40p_cs_registers$cv32e40p_core.cs_registers_i.$proc$/workspace/incremental-synthesis/benchmarks/cv32e40p-eco-001-new/core/common/normalized_cv32e40p.v:17736$5222'.
     1/1: $0\mstatus_q[2:1]
Creating decoders for process `\cv32e40p_cs_registers$cv32e40p_core.cs_registers_i.$proc$/workspace/incremental-synthesis/benchmarks/cv32e40p-eco-001-new/core/common/normalized_cv32e40p.v:17733$5220'.
     1/1: $0\mstatus_q[3:3]
Creating decoders for process `\cv32e40p_cs_registers$cv32e40p_core.cs_registers_i.$proc$/workspace/incremental-synthesis/benchmarks/cv32e40p-eco-001-new/core/common/normalized_cv32e40p.v:17730$5218'.
     1/1: $0\mstatus_q[5:5]
Creating decoders for process `\cv32e40p_cs_registers$cv32e40p_core.cs_registers_i.$proc$/workspace/incremental-synthesis/benchmarks/cv32e40p-eco-001-new/core/common/normalized_cv32e40p.v:17727$5216'.
     1/1: $0\mscratch_q[31:0]
Creating decoders for process `\cv32e40p_cs_registers$cv32e40p_core.cs_registers_i.$proc$/workspace/incremental-synthesis/benchmarks/cv32e40p-eco-001-new/core/common/normalized_cv32e40p.v:17724$5214'.
     1/1: $0\mie_q[31:0]
Creating decoders for process `\cv32e40p_cs_registers$cv32e40p_core.cs_registers_i.$proc$/workspace/incremental-synthesis/benchmarks/cv32e40p-eco-001-new/core/common/normalized_cv32e40p.v:17720$5212'.
     1/1: $0\_1771_[15:0]
Creating decoders for process `\cv32e40p_cs_registers$cv32e40p_core.cs_registers_i.$proc$/workspace/incremental-synthesis/benchmarks/cv32e40p-eco-001-new/core/common/normalized_cv32e40p.v:17715$5210'.
     1/1: $0\_1770_[63:0]
Creating decoders for process `\cv32e40p_cs_registers$cv32e40p_core.cs_registers_i.$proc$/workspace/incremental-synthesis/benchmarks/cv32e40p-eco-001-new/core/common/normalized_cv32e40p.v:17710$5208'.
     1/1: $0\_1769_[63:0]
Creating decoders for process `\cv32e40p_cs_registers$cv32e40p_core.cs_registers_i.$proc$/workspace/incremental-synthesis/benchmarks/cv32e40p-eco-001-new/core/common/normalized_cv32e40p.v:17705$5206'.
     1/1: $0\_1768_[63:0]
Creating decoders for process `\cv32e40p_cs_registers$cv32e40p_core.cs_registers_i.$proc$/workspace/incremental-synthesis/benchmarks/cv32e40p-eco-001-new/core/common/normalized_cv32e40p.v:17701$5204'.
     1/1: $0\mepc_q[31:0]
Creating decoders for process `\cv32e40p_cs_registers$cv32e40p_core.cs_registers_i.$proc$/workspace/incremental-synthesis/benchmarks/cv32e40p-eco-001-new/core/common/normalized_cv32e40p.v:17697$5202'.
     1/1: $0\mcountinhibit_q_reg[3][0:0]
Creating decoders for process `\cv32e40p_cs_registers$cv32e40p_core.cs_registers_i.$proc$/workspace/incremental-synthesis/benchmarks/cv32e40p-eco-001-new/core/common/normalized_cv32e40p.v:17692$5200'.
     1/1: $0\mcountinhibit_q_reg[2][0:0]
Creating decoders for process `\cv32e40p_cs_registers$cv32e40p_core.cs_registers_i.$proc$/workspace/incremental-synthesis/benchmarks/cv32e40p-eco-001-new/core/common/normalized_cv32e40p.v:17687$5198'.
     1/1: $0\mcountinhibit_q_reg[0][0:0]
Creating decoders for process `\cv32e40p_cs_registers$cv32e40p_core.cs_registers_i.$proc$/workspace/incremental-synthesis/benchmarks/cv32e40p-eco-001-new/core/common/normalized_cv32e40p.v:17683$5196'.
     1/1: $0\mcause_q[5:0]
Creating decoders for process `\cv32e40p_cs_registers$cv32e40p_core.cs_registers_i.$proc$/workspace/incremental-synthesis/benchmarks/cv32e40p-eco-001-new/core/common/normalized_cv32e40p.v:17680$5194'.
     1/1: $0\gen_trigger_regs.tmatch_value_q[31:0]
Creating decoders for process `\cv32e40p_cs_registers$cv32e40p_core.cs_registers_i.$proc$/workspace/incremental-synthesis/benchmarks/cv32e40p-eco-001-new/core/common/normalized_cv32e40p.v:17677$5192'.
     1/1: $0\gen_trigger_regs.tmatch_control_exec_q[0:0]
Creating decoders for process `\cv32e40p_cs_registers$cv32e40p_core.cs_registers_i.$proc$/workspace/incremental-synthesis/benchmarks/cv32e40p-eco-001-new/core/common/normalized_cv32e40p.v:17674$5190'.
     1/1: $0\dscratch1_q[31:0]
Creating decoders for process `\cv32e40p_cs_registers$cv32e40p_core.cs_registers_i.$proc$/workspace/incremental-synthesis/benchmarks/cv32e40p-eco-001-new/core/common/normalized_cv32e40p.v:17671$5188'.
     1/1: $0\dscratch0_q[31:0]
Creating decoders for process `\cv32e40p_cs_registers$cv32e40p_core.cs_registers_i.$proc$/workspace/incremental-synthesis/benchmarks/cv32e40p-eco-001-new/core/common/normalized_cv32e40p.v:17668$5186'.
     1/1: $0\depc_q[31:0]
Creating decoders for process `\cv32e40p_cs_registers$cv32e40p_core.cs_registers_i.$proc$/workspace/incremental-synthesis/benchmarks/cv32e40p-eco-001-new/core/common/normalized_cv32e40p.v:17665$5184'.
     1/1: $0\dcsr_q[27:16]
Creating decoders for process `\cv32e40p_cs_registers$cv32e40p_core.cs_registers_i.$proc$/workspace/incremental-synthesis/benchmarks/cv32e40p-eco-001-new/core/common/normalized_cv32e40p.v:17662$5182'.
     1/1: $0\dcsr_q[14:14]
Creating decoders for process `\cv32e40p_cs_registers$cv32e40p_core.cs_registers_i.$proc$/workspace/incremental-synthesis/benchmarks/cv32e40p-eco-001-new/core/common/normalized_cv32e40p.v:17659$5180'.
     1/1: $0\dcsr_q[5:5]
Creating decoders for process `\cv32e40p_cs_registers$cv32e40p_core.cs_registers_i.$proc$/workspace/incremental-synthesis/benchmarks/cv32e40p-eco-001-new/core/common/normalized_cv32e40p.v:17656$5178'.
     1/1: $0\dcsr_q[31:28]
Creating decoders for process `\cv32e40p_cs_registers$cv32e40p_core.cs_registers_i.$proc$/workspace/incremental-synthesis/benchmarks/cv32e40p-eco-001-new/core/common/normalized_cv32e40p.v:17653$5176'.
     1/1: $0\dcsr_q[9:9]
Creating decoders for process `\cv32e40p_cs_registers$cv32e40p_core.cs_registers_i.$proc$/workspace/incremental-synthesis/benchmarks/cv32e40p-eco-001-new/core/common/normalized_cv32e40p.v:17650$5174'.
     1/1: $0\dcsr_q[10:10]
Creating decoders for process `\cv32e40p_cs_registers$cv32e40p_core.cs_registers_i.$proc$/workspace/incremental-synthesis/benchmarks/cv32e40p-eco-001-new/core/common/normalized_cv32e40p.v:17647$5172'.
     1/1: $0\dcsr_q[11:11]
Creating decoders for process `\cv32e40p_cs_registers$cv32e40p_core.cs_registers_i.$proc$/workspace/incremental-synthesis/benchmarks/cv32e40p-eco-001-new/core/common/normalized_cv32e40p.v:17644$5170'.
     1/1: $0\dcsr_q[2:2]
Creating decoders for process `\cv32e40p_cs_registers$cv32e40p_core.cs_registers_i.$proc$/workspace/incremental-synthesis/benchmarks/cv32e40p-eco-001-new/core/common/normalized_cv32e40p.v:17641$5168'.
     1/1: $0\dcsr_q[1:0]
Creating decoders for process `\cv32e40p_cs_registers$cv32e40p_core.cs_registers_i.$proc$/workspace/incremental-synthesis/benchmarks/cv32e40p-eco-001-new/core/common/normalized_cv32e40p.v:17638$5166'.
     1/1: $0\dcsr_q[3:3]
Creating decoders for process `\cv32e40p_cs_registers$cv32e40p_core.cs_registers_i.$proc$/workspace/incremental-synthesis/benchmarks/cv32e40p-eco-001-new/core/common/normalized_cv32e40p.v:17635$5164'.
     1/1: $0\dcsr_q[4:4]
Creating decoders for process `\cv32e40p_cs_registers$cv32e40p_core.cs_registers_i.$proc$/workspace/incremental-synthesis/benchmarks/cv32e40p-eco-001-new/core/common/normalized_cv32e40p.v:17632$5162'.
     1/1: $0\dcsr_q[12:12]
Creating decoders for process `\cv32e40p_cs_registers$cv32e40p_core.cs_registers_i.$proc$/workspace/incremental-synthesis/benchmarks/cv32e40p-eco-001-new/core/common/normalized_cv32e40p.v:17629$5160'.
     1/1: $0\dcsr_q[13:13]
Creating decoders for process `\cv32e40p_cs_registers$cv32e40p_core.cs_registers_i.$proc$/workspace/incremental-synthesis/benchmarks/cv32e40p-eco-001-new/core/common/normalized_cv32e40p.v:17626$5158'.
     1/1: $0\dcsr_q[15:15]
Creating decoders for process `\cv32e40p_cs_registers$cv32e40p_core.cs_registers_i.$proc$/workspace/incremental-synthesis/benchmarks/cv32e40p-eco-001-new/core/common/normalized_cv32e40p.v:17623$5156'.
     1/1: $0\dcsr_q[8:6]
Creating decoders for process `\cv32e40p_controller$cv32e40p_core.id_stage_i.controller_i.$proc$/workspace/incremental-synthesis/benchmarks/cv32e40p-eco-001-new/core/common/normalized_cv32e40p.v:10360$2235'.
     1/1: $0\jump_done_q[0:0]
Creating decoders for process `\cv32e40p_controller$cv32e40p_core.id_stage_i.controller_i.$proc$/workspace/incremental-synthesis/benchmarks/cv32e40p-eco-001-new/core/common/normalized_cv32e40p.v:10357$2233'.
     1/1: $0\illegal_insn_q[0:0]
Creating decoders for process `\cv32e40p_controller$cv32e40p_core.id_stage_i.controller_i.$proc$/workspace/incremental-synthesis/benchmarks/cv32e40p-eco-001-new/core/common/normalized_cv32e40p.v:10354$2231'.
     1/1: $0\hwlp_end_4_id_q[0:0]
Creating decoders for process `\cv32e40p_controller$cv32e40p_core.id_stage_i.controller_i.$proc$/workspace/incremental-synthesis/benchmarks/cv32e40p-eco-001-new/core/common/normalized_cv32e40p.v:10351$2229'.
     1/1: $0\debug_req_q[0:0]
Creating decoders for process `\cv32e40p_controller$cv32e40p_core.id_stage_i.controller_i.$proc$/workspace/incremental-synthesis/benchmarks/cv32e40p-eco-001-new/core/common/normalized_cv32e40p.v:10348$2227'.
     1/1: $0\debug_req_entry_q[0:0]
Creating decoders for process `\cv32e40p_controller$cv32e40p_core.id_stage_i.controller_i.$proc$/workspace/incremental-synthesis/benchmarks/cv32e40p-eco-001-new/core/common/normalized_cv32e40p.v:10345$2225'.
     1/1: $0\debug_mode_q[0:0]
Creating decoders for process `\cv32e40p_controller$cv32e40p_core.id_stage_i.controller_i.$proc$/workspace/incremental-synthesis/benchmarks/cv32e40p-eco-001-new/core/common/normalized_cv32e40p.v:10342$2223'.
     1/1: $0\debug_fsm_cs[2:0]
Creating decoders for process `\cv32e40p_controller$cv32e40p_core.id_stage_i.controller_i.$proc$/workspace/incremental-synthesis/benchmarks/cv32e40p-eco-001-new/core/common/normalized_cv32e40p.v:10339$2221'.
     1/1: $0\debug_force_wakeup_q[0:0]
Creating decoders for process `\cv32e40p_controller$cv32e40p_core.id_stage_i.controller_i.$proc$/workspace/incremental-synthesis/benchmarks/cv32e40p-eco-001-new/core/common/normalized_cv32e40p.v:10336$2219'.
     1/1: $0\data_err_q[0:0]
Creating decoders for process `\cv32e40p_controller$cv32e40p_core.id_stage_i.controller_i.$proc$/workspace/incremental-synthesis/benchmarks/cv32e40p-eco-001-new/core/common/normalized_cv32e40p.v:10333$2217'.
     1/1: $0\ctrl_fsm_cs[4:0]
Creating decoders for process `\cv32e40p_clock_gate$cv32e40p_core.sleep_unit_i.core_clock_gate_i.$proc$/workspace/incremental-synthesis/benchmarks/cv32e40p-eco-001-new/core/common/normalized_cv32e40p.v:2708$934'.
     1/1: $1\clk_en[0:0]
Creating decoders for process `\cv32e40p_alu_div$cv32e40p_core.ex_stage_i.alu_i.alu_div_i.$proc$/workspace/incremental-synthesis/benchmarks/cv32e40p-eco-001-new/core/common/normalized_cv32e40p.v:2620$896'.
     1/1: $0\State_SP[1:0]
Creating decoders for process `\cv32e40p_alu_div$cv32e40p_core.ex_stage_i.alu_i.alu_div_i.$proc$/workspace/incremental-synthesis/benchmarks/cv32e40p-eco-001-new/core/common/normalized_cv32e40p.v:2617$894'.
     1/1: $0\ResReg_DP[31:0]
Creating decoders for process `\cv32e40p_alu_div$cv32e40p_core.ex_stage_i.alu_i.alu_div_i.$proc$/workspace/incremental-synthesis/benchmarks/cv32e40p-eco-001-new/core/common/normalized_cv32e40p.v:2614$892'.
     1/1: $0\ResInv_SP[0:0]
Creating decoders for process `\cv32e40p_alu_div$cv32e40p_core.ex_stage_i.alu_i.alu_div_i.$proc$/workspace/incremental-synthesis/benchmarks/cv32e40p-eco-001-new/core/common/normalized_cv32e40p.v:2611$890'.
     1/1: $0\RemSel_SP[0:0]
Creating decoders for process `\cv32e40p_alu_div$cv32e40p_core.ex_stage_i.alu_i.alu_div_i.$proc$/workspace/incremental-synthesis/benchmarks/cv32e40p-eco-001-new/core/common/normalized_cv32e40p.v:2608$888'.
     1/1: $0\CompInv_SP[0:0]
Creating decoders for process `\cv32e40p_alu_div$cv32e40p_core.ex_stage_i.alu_i.alu_div_i.$proc$/workspace/incremental-synthesis/benchmarks/cv32e40p-eco-001-new/core/common/normalized_cv32e40p.v:2605$886'.
     1/1: $0\Cnt_DP[5:0]
Creating decoders for process `\cv32e40p_alu_div$cv32e40p_core.ex_stage_i.alu_i.alu_div_i.$proc$/workspace/incremental-synthesis/benchmarks/cv32e40p-eco-001-new/core/common/normalized_cv32e40p.v:2602$884'.
     1/1: $0\BReg_DP[31:0]
Creating decoders for process `\cv32e40p_alu_div$cv32e40p_core.ex_stage_i.alu_i.alu_div_i.$proc$/workspace/incremental-synthesis/benchmarks/cv32e40p-eco-001-new/core/common/normalized_cv32e40p.v:2599$882'.
     1/1: $0\AReg_DP[31:0]
Creating decoders for process `\cv32e40p_aligner$cv32e40p_core.if_stage_i.aligner_i.$proc$/workspace/incremental-synthesis/benchmarks/cv32e40p-eco-001-new/core/common/normalized_cv32e40p.v:344$69'.
     1/1: $0\state[2:0]
Creating decoders for process `\cv32e40p_aligner$cv32e40p_core.if_stage_i.aligner_i.$proc$/workspace/incremental-synthesis/benchmarks/cv32e40p-eco-001-new/core/common/normalized_cv32e40p.v:341$67'.
     1/1: $0\r_instr_h[15:0]
Creating decoders for process `\cv32e40p_aligner$cv32e40p_core.if_stage_i.aligner_i.$proc$/workspace/incremental-synthesis/benchmarks/cv32e40p-eco-001-new/core/common/normalized_cv32e40p.v:338$65'.
     1/1: $0\pc_q[31:0]
Creating decoders for process `\cv32e40p_aligner$cv32e40p_core.if_stage_i.aligner_i.$proc$/workspace/incremental-synthesis/benchmarks/cv32e40p-eco-001-new/core/common/normalized_cv32e40p.v:335$63'.
     1/1: $0\hwlp_update_pc_q[0:0]
Creating decoders for process `\cv32e40p_aligner$cv32e40p_core.if_stage_i.aligner_i.$proc$/workspace/incremental-synthesis/benchmarks/cv32e40p-eco-001-new/core/common/normalized_cv32e40p.v:332$61'.
     1/1: $0\hwlp_addr_q[31:0]
Creating decoders for process `\cv32e40p_aligner$cv32e40p_core.if_stage_i.aligner_i.$proc$/workspace/incremental-synthesis/benchmarks/cv32e40p-eco-001-new/core/common/normalized_cv32e40p.v:329$59'.
     1/1: $0\aligner_ready_q[0:0]

3.8. Executing PROC_DLATCH pass (convert process syncs to latches).
Warning: Latch inferred for signal `\cv32e40p_clock_gate$cv32e40p_core.sleep_unit_i.core_clock_gate_i.\clk_en' from process `\cv32e40p_clock_gate$cv32e40p_core.sleep_unit_i.core_clock_gate_i.$proc$/workspace/incremental-synthesis/benchmarks/cv32e40p-eco-001-new/core/common/normalized_cv32e40p.v:2708$934': $auto$proc_dlatch.cc:547:proc_dlatch$14594

3.9. Executing PROC_DFF pass (convert process syncs to FFs).
Creating register for signal `\cv32e40p_sleep_unit$cv32e40p_core.sleep_unit_i.\p_elw_busy_q' using process `\cv32e40p_sleep_unit$cv32e40p_core.sleep_unit_i.$proc$/workspace/incremental-synthesis/benchmarks/cv32e40p-eco-001-new/core/common/normalized_cv32e40p.v:42557$14577'.
  created $adff cell `$procdff$14599' with positive edge clock and positive level reset.
Creating register for signal `\cv32e40p_sleep_unit$cv32e40p_core.sleep_unit_i.\fetch_enable_q' using process `\cv32e40p_sleep_unit$cv32e40p_core.sleep_unit_i.$proc$/workspace/incremental-synthesis/benchmarks/cv32e40p-eco-001-new/core/common/normalized_cv32e40p.v:42554$14575'.
  created $adff cell `$procdff$14604' with positive edge clock and positive level reset.
Creating register for signal `\cv32e40p_sleep_unit$cv32e40p_core.sleep_unit_i.\core_busy_q' using process `\cv32e40p_sleep_unit$cv32e40p_core.sleep_unit_i.$proc$/workspace/incremental-synthesis/benchmarks/cv32e40p-eco-001-new/core/common/normalized_cv32e40p.v:42551$14573'.
  created $adff cell `$procdff$14609' with positive edge clock and positive level reset.
Creating register for signal `\cv32e40p_register_file$cv32e40p_core.id_stage_i.register_file_i.\mem [319:288]' using process `\cv32e40p_register_file$cv32e40p_core.id_stage_i.register_file_i.$proc$/workspace/incremental-synthesis/benchmarks/cv32e40p-eco-001-new/core/common/normalized_cv32e40p.v:42133$14469'.
  created $adff cell `$procdff$14614' with positive edge clock and positive level reset.
Creating register for signal `\cv32e40p_register_file$cv32e40p_core.id_stage_i.register_file_i.\mem [287:256]' using process `\cv32e40p_register_file$cv32e40p_core.id_stage_i.register_file_i.$proc$/workspace/incremental-synthesis/benchmarks/cv32e40p-eco-001-new/core/common/normalized_cv32e40p.v:42130$14467'.
  created $adff cell `$procdff$14619' with positive edge clock and positive level reset.
Creating register for signal `\cv32e40p_register_file$cv32e40p_core.id_stage_i.register_file_i.\mem [255:224]' using process `\cv32e40p_register_file$cv32e40p_core.id_stage_i.register_file_i.$proc$/workspace/incremental-synthesis/benchmarks/cv32e40p-eco-001-new/core/common/normalized_cv32e40p.v:42127$14465'.
  created $adff cell `$procdff$14624' with positive edge clock and positive level reset.
Creating register for signal `\cv32e40p_register_file$cv32e40p_core.id_stage_i.register_file_i.\mem [223:192]' using process `\cv32e40p_register_file$cv32e40p_core.id_stage_i.register_file_i.$proc$/workspace/incremental-synthesis/benchmarks/cv32e40p-eco-001-new/core/common/normalized_cv32e40p.v:42124$14463'.
  created $adff cell `$procdff$14629' with positive edge clock and positive level reset.
Creating register for signal `\cv32e40p_register_file$cv32e40p_core.id_stage_i.register_file_i.\mem [191:160]' using process `\cv32e40p_register_file$cv32e40p_core.id_stage_i.register_file_i.$proc$/workspace/incremental-synthesis/benchmarks/cv32e40p-eco-001-new/core/common/normalized_cv32e40p.v:42121$14461'.
  created $adff cell `$procdff$14634' with positive edge clock and positive level reset.
Creating register for signal `\cv32e40p_register_file$cv32e40p_core.id_stage_i.register_file_i.\mem [159:128]' using process `\cv32e40p_register_file$cv32e40p_core.id_stage_i.register_file_i.$proc$/workspace/incremental-synthesis/benchmarks/cv32e40p-eco-001-new/core/common/normalized_cv32e40p.v:42118$14459'.
  created $adff cell `$procdff$14639' with positive edge clock and positive level reset.
Creating register for signal `\cv32e40p_register_file$cv32e40p_core.id_stage_i.register_file_i.\mem [127:96]' using process `\cv32e40p_register_file$cv32e40p_core.id_stage_i.register_file_i.$proc$/workspace/incremental-synthesis/benchmarks/cv32e40p-eco-001-new/core/common/normalized_cv32e40p.v:42115$14457'.
  created $adff cell `$procdff$14644' with positive edge clock and positive level reset.
Creating register for signal `\cv32e40p_register_file$cv32e40p_core.id_stage_i.register_file_i.\mem [1023:992]' using process `\cv32e40p_register_file$cv32e40p_core.id_stage_i.register_file_i.$proc$/workspace/incremental-synthesis/benchmarks/cv32e40p-eco-001-new/core/common/normalized_cv32e40p.v:42112$14455'.
  created $adff cell `$procdff$14649' with positive edge clock and positive level reset.
Creating register for signal `\cv32e40p_register_file$cv32e40p_core.id_stage_i.register_file_i.\mem [991:960]' using process `\cv32e40p_register_file$cv32e40p_core.id_stage_i.register_file_i.$proc$/workspace/incremental-synthesis/benchmarks/cv32e40p-eco-001-new/core/common/normalized_cv32e40p.v:42109$14453'.
  created $adff cell `$procdff$14654' with positive edge clock and positive level reset.
Creating register for signal `\cv32e40p_register_file$cv32e40p_core.id_stage_i.register_file_i.\mem [95:64]' using process `\cv32e40p_register_file$cv32e40p_core.id_stage_i.register_file_i.$proc$/workspace/incremental-synthesis/benchmarks/cv32e40p-eco-001-new/core/common/normalized_cv32e40p.v:42106$14451'.
  created $adff cell `$procdff$14659' with positive edge clock and positive level reset.
Creating register for signal `\cv32e40p_register_file$cv32e40p_core.id_stage_i.register_file_i.\mem [959:928]' using process `\cv32e40p_register_file$cv32e40p_core.id_stage_i.register_file_i.$proc$/workspace/incremental-synthesis/benchmarks/cv32e40p-eco-001-new/core/common/normalized_cv32e40p.v:42103$14449'.
  created $adff cell `$procdff$14664' with positive edge clock and positive level reset.
Creating register for signal `\cv32e40p_register_file$cv32e40p_core.id_stage_i.register_file_i.\mem [927:896]' using process `\cv32e40p_register_file$cv32e40p_core.id_stage_i.register_file_i.$proc$/workspace/incremental-synthesis/benchmarks/cv32e40p-eco-001-new/core/common/normalized_cv32e40p.v:42100$14447'.
  created $adff cell `$procdff$14669' with positive edge clock and positive level reset.
Creating register for signal `\cv32e40p_register_file$cv32e40p_core.id_stage_i.register_file_i.\mem [895:864]' using process `\cv32e40p_register_file$cv32e40p_core.id_stage_i.register_file_i.$proc$/workspace/incremental-synthesis/benchmarks/cv32e40p-eco-001-new/core/common/normalized_cv32e40p.v:42097$14445'.
  created $adff cell `$procdff$14674' with positive edge clock and positive level reset.
Creating register for signal `\cv32e40p_register_file$cv32e40p_core.id_stage_i.register_file_i.\mem [863:832]' using process `\cv32e40p_register_file$cv32e40p_core.id_stage_i.register_file_i.$proc$/workspace/incremental-synthesis/benchmarks/cv32e40p-eco-001-new/core/common/normalized_cv32e40p.v:42094$14443'.
  created $adff cell `$procdff$14679' with positive edge clock and positive level reset.
Creating register for signal `\cv32e40p_register_file$cv32e40p_core.id_stage_i.register_file_i.\mem [831:800]' using process `\cv32e40p_register_file$cv32e40p_core.id_stage_i.register_file_i.$proc$/workspace/incremental-synthesis/benchmarks/cv32e40p-eco-001-new/core/common/normalized_cv32e40p.v:42091$14441'.
  created $adff cell `$procdff$14684' with positive edge clock and positive level reset.
Creating register for signal `\cv32e40p_register_file$cv32e40p_core.id_stage_i.register_file_i.\mem [799:768]' using process `\cv32e40p_register_file$cv32e40p_core.id_stage_i.register_file_i.$proc$/workspace/incremental-synthesis/benchmarks/cv32e40p-eco-001-new/core/common/normalized_cv32e40p.v:42088$14439'.
  created $adff cell `$procdff$14689' with positive edge clock and positive level reset.
Creating register for signal `\cv32e40p_register_file$cv32e40p_core.id_stage_i.register_file_i.\mem [767:736]' using process `\cv32e40p_register_file$cv32e40p_core.id_stage_i.register_file_i.$proc$/workspace/incremental-synthesis/benchmarks/cv32e40p-eco-001-new/core/common/normalized_cv32e40p.v:42085$14437'.
  created $adff cell `$procdff$14694' with positive edge clock and positive level reset.
Creating register for signal `\cv32e40p_register_file$cv32e40p_core.id_stage_i.register_file_i.\mem [735:704]' using process `\cv32e40p_register_file$cv32e40p_core.id_stage_i.register_file_i.$proc$/workspace/incremental-synthesis/benchmarks/cv32e40p-eco-001-new/core/common/normalized_cv32e40p.v:42082$14435'.
  created $adff cell `$procdff$14699' with positive edge clock and positive level reset.
Creating register for signal `\cv32e40p_register_file$cv32e40p_core.id_stage_i.register_file_i.\mem [703:672]' using process `\cv32e40p_register_file$cv32e40p_core.id_stage_i.register_file_i.$proc$/workspace/incremental-synthesis/benchmarks/cv32e40p-eco-001-new/core/common/normalized_cv32e40p.v:42079$14433'.
  created $adff cell `$procdff$14704' with positive edge clock and positive level reset.
Creating register for signal `\cv32e40p_register_file$cv32e40p_core.id_stage_i.register_file_i.\mem [671:640]' using process `\cv32e40p_register_file$cv32e40p_core.id_stage_i.register_file_i.$proc$/workspace/incremental-synthesis/benchmarks/cv32e40p-eco-001-new/core/common/normalized_cv32e40p.v:42076$14431'.
  created $adff cell `$procdff$14709' with positive edge clock and positive level reset.
Creating register for signal `\cv32e40p_register_file$cv32e40p_core.id_stage_i.register_file_i.\mem [63:32]' using process `\cv32e40p_register_file$cv32e40p_core.id_stage_i.register_file_i.$proc$/workspace/incremental-synthesis/benchmarks/cv32e40p-eco-001-new/core/common/normalized_cv32e40p.v:42073$14429'.
  created $adff cell `$procdff$14714' with positive edge clock and positive level reset.
Creating register for signal `\cv32e40p_register_file$cv32e40p_core.id_stage_i.register_file_i.\mem [639:608]' using process `\cv32e40p_register_file$cv32e40p_core.id_stage_i.register_file_i.$proc$/workspace/incremental-synthesis/benchmarks/cv32e40p-eco-001-new/core/common/normalized_cv32e40p.v:42070$14427'.
  created $adff cell `$procdff$14719' with positive edge clock and positive level reset.
Creating register for signal `\cv32e40p_register_file$cv32e40p_core.id_stage_i.register_file_i.\mem [607:576]' using process `\cv32e40p_register_file$cv32e40p_core.id_stage_i.register_file_i.$proc$/workspace/incremental-synthesis/benchmarks/cv32e40p-eco-001-new/core/common/normalized_cv32e40p.v:42067$14425'.
  created $adff cell `$procdff$14724' with positive edge clock and positive level reset.
Creating register for signal `\cv32e40p_register_file$cv32e40p_core.id_stage_i.register_file_i.\mem [575:544]' using process `\cv32e40p_register_file$cv32e40p_core.id_stage_i.register_file_i.$proc$/workspace/incremental-synthesis/benchmarks/cv32e40p-eco-001-new/core/common/normalized_cv32e40p.v:42064$14423'.
  created $adff cell `$procdff$14729' with positive edge clock and positive level reset.
Creating register for signal `\cv32e40p_register_file$cv32e40p_core.id_stage_i.register_file_i.\mem [543:512]' using process `\cv32e40p_register_file$cv32e40p_core.id_stage_i.register_file_i.$proc$/workspace/incremental-synthesis/benchmarks/cv32e40p-eco-001-new/core/common/normalized_cv32e40p.v:42061$14421'.
  created $adff cell `$procdff$14734' with positive edge clock and positive level reset.
Creating register for signal `\cv32e40p_register_file$cv32e40p_core.id_stage_i.register_file_i.\mem [511:480]' using process `\cv32e40p_register_file$cv32e40p_core.id_stage_i.register_file_i.$proc$/workspace/incremental-synthesis/benchmarks/cv32e40p-eco-001-new/core/common/normalized_cv32e40p.v:42058$14419'.
  created $adff cell `$procdff$14739' with positive edge clock and positive level reset.
Creating register for signal `\cv32e40p_register_file$cv32e40p_core.id_stage_i.register_file_i.\mem [479:448]' using process `\cv32e40p_register_file$cv32e40p_core.id_stage_i.register_file_i.$proc$/workspace/incremental-synthesis/benchmarks/cv32e40p-eco-001-new/core/common/normalized_cv32e40p.v:42055$14417'.
  created $adff cell `$procdff$14744' with positive edge clock and positive level reset.
Creating register for signal `\cv32e40p_register_file$cv32e40p_core.id_stage_i.register_file_i.\mem [447:416]' using process `\cv32e40p_register_file$cv32e40p_core.id_stage_i.register_file_i.$proc$/workspace/incremental-synthesis/benchmarks/cv32e40p-eco-001-new/core/common/normalized_cv32e40p.v:42052$14415'.
  created $adff cell `$procdff$14749' with positive edge clock and positive level reset.
Creating register for signal `\cv32e40p_register_file$cv32e40p_core.id_stage_i.register_file_i.\mem [415:384]' using process `\cv32e40p_register_file$cv32e40p_core.id_stage_i.register_file_i.$proc$/workspace/incremental-synthesis/benchmarks/cv32e40p-eco-001-new/core/common/normalized_cv32e40p.v:42049$14413'.
  created $adff cell `$procdff$14754' with positive edge clock and positive level reset.
Creating register for signal `\cv32e40p_register_file$cv32e40p_core.id_stage_i.register_file_i.\mem [383:352]' using process `\cv32e40p_register_file$cv32e40p_core.id_stage_i.register_file_i.$proc$/workspace/incremental-synthesis/benchmarks/cv32e40p-eco-001-new/core/common/normalized_cv32e40p.v:42046$14411'.
  created $adff cell `$procdff$14759' with positive edge clock and positive level reset.
Creating register for signal `\cv32e40p_register_file$cv32e40p_core.id_stage_i.register_file_i.\mem [351:320]' using process `\cv32e40p_register_file$cv32e40p_core.id_stage_i.register_file_i.$proc$/workspace/incremental-synthesis/benchmarks/cv32e40p-eco-001-new/core/common/normalized_cv32e40p.v:42043$14409'.
  created $adff cell `$procdff$14764' with positive edge clock and positive level reset.
Creating register for signal `\cv32e40p_register_file$cv32e40p_core.id_stage_i.register_file_i.\mem [31:0]' using process `\cv32e40p_register_file$cv32e40p_core.id_stage_i.register_file_i.$proc$/workspace/incremental-synthesis/benchmarks/cv32e40p-eco-001-new/core/common/normalized_cv32e40p.v:42040$14407'.
  created $adff cell `$procdff$14769' with positive edge clock and positive level reset.
Creating register for signal `\cv32e40p_prefetch_controller$cv32e40p_core.if_stage_i.prefetch_buffer_i.prefetch_controller_i.\trans_addr_q' using process `\cv32e40p_prefetch_controller$cv32e40p_core.if_stage_i.prefetch_buffer_i.prefetch_controller_i.$proc$/workspace/incremental-synthesis/benchmarks/cv32e40p-eco-001-new/core/common/normalized_cv32e40p.v:40923$14005'.
  created $adff cell `$procdff$14774' with positive edge clock and positive level reset.
Creating register for signal `\cv32e40p_prefetch_controller$cv32e40p_core.if_stage_i.prefetch_buffer_i.prefetch_controller_i.\state_q' using process `\cv32e40p_prefetch_controller$cv32e40p_core.if_stage_i.prefetch_buffer_i.prefetch_controller_i.$proc$/workspace/incremental-synthesis/benchmarks/cv32e40p-eco-001-new/core/common/normalized_cv32e40p.v:40920$14003'.
  created $adff cell `$procdff$14779' with positive edge clock and positive level reset.
Creating register for signal `\cv32e40p_prefetch_controller$cv32e40p_core.if_stage_i.prefetch_buffer_i.prefetch_controller_i.\hwlp_flush_cnt_delayed_q' using process `\cv32e40p_prefetch_controller$cv32e40p_core.if_stage_i.prefetch_buffer_i.prefetch_controller_i.$proc$/workspace/incremental-synthesis/benchmarks/cv32e40p-eco-001-new/core/common/normalized_cv32e40p.v:40917$14001'.
  created $adff cell `$procdff$14784' with positive edge clock and positive level reset.
Creating register for signal `\cv32e40p_prefetch_controller$cv32e40p_core.if_stage_i.prefetch_buffer_i.prefetch_controller_i.\hwlp_flush_after_resp' using process `\cv32e40p_prefetch_controller$cv32e40p_core.if_stage_i.prefetch_buffer_i.prefetch_controller_i.$proc$/workspace/incremental-synthesis/benchmarks/cv32e40p-eco-001-new/core/common/normalized_cv32e40p.v:40914$13999'.
  created $adff cell `$procdff$14789' with positive edge clock and positive level reset.
Creating register for signal `\cv32e40p_prefetch_controller$cv32e40p_core.if_stage_i.prefetch_buffer_i.prefetch_controller_i.\flush_cnt_q' using process `\cv32e40p_prefetch_controller$cv32e40p_core.if_stage_i.prefetch_buffer_i.prefetch_controller_i.$proc$/workspace/incremental-synthesis/benchmarks/cv32e40p-eco-001-new/core/common/normalized_cv32e40p.v:40911$13997'.
  created $adff cell `$procdff$14794' with positive edge clock and positive level reset.
Creating register for signal `\cv32e40p_prefetch_controller$cv32e40p_core.if_stage_i.prefetch_buffer_i.prefetch_controller_i.\cnt_q' using process `\cv32e40p_prefetch_controller$cv32e40p_core.if_stage_i.prefetch_buffer_i.prefetch_controller_i.$proc$/workspace/incremental-synthesis/benchmarks/cv32e40p-eco-001-new/core/common/normalized_cv32e40p.v:40908$13995'.
  created $adff cell `$procdff$14799' with positive edge clock and positive level reset.
Creating register for signal `\cv32e40p_obi_interface$cv32e40p_core.if_stage_i.prefetch_buffer_i.instruction_obi_i.\state_q' using process `\cv32e40p_obi_interface$cv32e40p_core.if_stage_i.prefetch_buffer_i.instruction_obi_i.$proc$/workspace/incremental-synthesis/benchmarks/cv32e40p-eco-001-new/core/common/normalized_cv32e40p.v:40277$13878'.
  created $adff cell `$procdff$14804' with positive edge clock and positive level reset.
Creating register for signal `\cv32e40p_obi_interface$cv32e40p_core.if_stage_i.prefetch_buffer_i.instruction_obi_i.\gen_no_trans_stable.obi_we_q' using process `\cv32e40p_obi_interface$cv32e40p_core.if_stage_i.prefetch_buffer_i.instruction_obi_i.$proc$/workspace/incremental-synthesis/benchmarks/cv32e40p-eco-001-new/core/common/normalized_cv32e40p.v:40274$13876'.
  created $adff cell `$procdff$14809' with positive edge clock and positive level reset.
Creating register for signal `\cv32e40p_obi_interface$cv32e40p_core.if_stage_i.prefetch_buffer_i.instruction_obi_i.\gen_no_trans_stable.obi_wdata_q' using process `\cv32e40p_obi_interface$cv32e40p_core.if_stage_i.prefetch_buffer_i.instruction_obi_i.$proc$/workspace/incremental-synthesis/benchmarks/cv32e40p-eco-001-new/core/common/normalized_cv32e40p.v:40271$13874'.
  created $adff cell `$procdff$14814' with positive edge clock and positive level reset.
Creating register for signal `\cv32e40p_obi_interface$cv32e40p_core.if_stage_i.prefetch_buffer_i.instruction_obi_i.\gen_no_trans_stable.obi_be_q' using process `\cv32e40p_obi_interface$cv32e40p_core.if_stage_i.prefetch_buffer_i.instruction_obi_i.$proc$/workspace/incremental-synthesis/benchmarks/cv32e40p-eco-001-new/core/common/normalized_cv32e40p.v:40268$13872'.
  created $adff cell `$procdff$14819' with positive edge clock and positive level reset.
Creating register for signal `\cv32e40p_obi_interface$cv32e40p_core.if_stage_i.prefetch_buffer_i.instruction_obi_i.\gen_no_trans_stable.obi_atop_q' using process `\cv32e40p_obi_interface$cv32e40p_core.if_stage_i.prefetch_buffer_i.instruction_obi_i.$proc$/workspace/incremental-synthesis/benchmarks/cv32e40p-eco-001-new/core/common/normalized_cv32e40p.v:40265$13870'.
  created $adff cell `$procdff$14824' with positive edge clock and positive level reset.
Creating register for signal `\cv32e40p_obi_interface$cv32e40p_core.if_stage_i.prefetch_buffer_i.instruction_obi_i.\gen_no_trans_stable.obi_addr_q' using process `\cv32e40p_obi_interface$cv32e40p_core.if_stage_i.prefetch_buffer_i.instruction_obi_i.$proc$/workspace/incremental-synthesis/benchmarks/cv32e40p-eco-001-new/core/common/normalized_cv32e40p.v:40262$13868'.
  created $adff cell `$procdff$14829' with positive edge clock and positive level reset.
Creating register for signal `\cv32e40p_mult$cv32e40p_core.ex_stage_i.mult_i.\mulh_carry_q' using process `\cv32e40p_mult$cv32e40p_core.ex_stage_i.mult_i.$proc$/workspace/incremental-synthesis/benchmarks/cv32e40p-eco-001-new/core/common/normalized_cv32e40p.v:40042$13804'.
  created $adff cell `$procdff$14834' with positive edge clock and positive level reset.
Creating register for signal `\cv32e40p_mult$cv32e40p_core.ex_stage_i.mult_i.\mulh_CS' using process `\cv32e40p_mult$cv32e40p_core.ex_stage_i.mult_i.$proc$/workspace/incremental-synthesis/benchmarks/cv32e40p-eco-001-new/core/common/normalized_cv32e40p.v:40039$13802'.
  created $adff cell `$procdff$14839' with positive edge clock and positive level reset.
Creating register for signal `\cv32e40p_load_store_unit$cv32e40p_core.load_store_unit_i.\rdata_q' using process `\cv32e40p_load_store_unit$cv32e40p_core.load_store_unit_i.$proc$/workspace/incremental-synthesis/benchmarks/cv32e40p-eco-001-new/core/common/normalized_cv32e40p.v:39316$13546'.
  created $adff cell `$procdff$14844' with positive edge clock and positive level reset.
Creating register for signal `\cv32e40p_load_store_unit$cv32e40p_core.load_store_unit_i.\rdata_offset_q' using process `\cv32e40p_load_store_unit$cv32e40p_core.load_store_unit_i.$proc$/workspace/incremental-synthesis/benchmarks/cv32e40p-eco-001-new/core/common/normalized_cv32e40p.v:39313$13544'.
  created $adff cell `$procdff$14849' with positive edge clock and positive level reset.
Creating register for signal `\cv32e40p_load_store_unit$cv32e40p_core.load_store_unit_i.\data_we_q' using process `\cv32e40p_load_store_unit$cv32e40p_core.load_store_unit_i.$proc$/workspace/incremental-synthesis/benchmarks/cv32e40p-eco-001-new/core/common/normalized_cv32e40p.v:39310$13542'.
  created $adff cell `$procdff$14854' with positive edge clock and positive level reset.
Creating register for signal `\cv32e40p_load_store_unit$cv32e40p_core.load_store_unit_i.\data_type_q' using process `\cv32e40p_load_store_unit$cv32e40p_core.load_store_unit_i.$proc$/workspace/incremental-synthesis/benchmarks/cv32e40p-eco-001-new/core/common/normalized_cv32e40p.v:39307$13540'.
  created $adff cell `$procdff$14859' with positive edge clock and positive level reset.
Creating register for signal `\cv32e40p_load_store_unit$cv32e40p_core.load_store_unit_i.\data_sign_ext_q' using process `\cv32e40p_load_store_unit$cv32e40p_core.load_store_unit_i.$proc$/workspace/incremental-synthesis/benchmarks/cv32e40p-eco-001-new/core/common/normalized_cv32e40p.v:39304$13538'.
  created $adff cell `$procdff$14864' with positive edge clock and positive level reset.
Creating register for signal `\cv32e40p_load_store_unit$cv32e40p_core.load_store_unit_i.\data_load_event_q' using process `\cv32e40p_load_store_unit$cv32e40p_core.load_store_unit_i.$proc$/workspace/incremental-synthesis/benchmarks/cv32e40p-eco-001-new/core/common/normalized_cv32e40p.v:39301$13536'.
  created $adff cell `$procdff$14869' with positive edge clock and positive level reset.
Creating register for signal `\cv32e40p_load_store_unit$cv32e40p_core.load_store_unit_i.\cnt_q' using process `\cv32e40p_load_store_unit$cv32e40p_core.load_store_unit_i.$proc$/workspace/incremental-synthesis/benchmarks/cv32e40p-eco-001-new/core/common/normalized_cv32e40p.v:39298$13534'.
  created $adff cell `$procdff$14874' with positive edge clock and positive level reset.
Creating register for signal `\cv32e40p_int_controller$cv32e40p_core.id_stage_i.int_controller_i.\irq_sec_q' using process `\cv32e40p_int_controller$cv32e40p_core.id_stage_i.int_controller_i.$proc$/workspace/incremental-synthesis/benchmarks/cv32e40p-eco-001-new/core/common/normalized_cv32e40p.v:37614$12891'.
  created $adff cell `$procdff$14879' with positive edge clock and positive level reset.
Creating register for signal `\cv32e40p_int_controller$cv32e40p_core.id_stage_i.int_controller_i.\irq_q' using process `\cv32e40p_int_controller$cv32e40p_core.id_stage_i.int_controller_i.$proc$/workspace/incremental-synthesis/benchmarks/cv32e40p-eco-001-new/core/common/normalized_cv32e40p.v:37611$12889'.
  created $adff cell `$procdff$14884' with positive edge clock and positive level reset.
Creating register for signal `\cv32e40p_if_stage$cv32e40p_core.if_stage_i.\pc_id_o' using process `\cv32e40p_if_stage$cv32e40p_core.if_stage_i.$proc$/workspace/incremental-synthesis/benchmarks/cv32e40p-eco-001-new/core/common/normalized_cv32e40p.v:36357$12849'.
  created $adff cell `$procdff$14889' with positive edge clock and positive level reset.
Creating register for signal `\cv32e40p_if_stage$cv32e40p_core.if_stage_i.\is_fetch_failed_o' using process `\cv32e40p_if_stage$cv32e40p_core.if_stage_i.$proc$/workspace/incremental-synthesis/benchmarks/cv32e40p-eco-001-new/core/common/normalized_cv32e40p.v:36354$12847'.
  created $adff cell `$procdff$14894' with positive edge clock and positive level reset.
Creating register for signal `\cv32e40p_if_stage$cv32e40p_core.if_stage_i.\is_compressed_id_o' using process `\cv32e40p_if_stage$cv32e40p_core.if_stage_i.$proc$/workspace/incremental-synthesis/benchmarks/cv32e40p-eco-001-new/core/common/normalized_cv32e40p.v:36351$12845'.
  created $adff cell `$procdff$14899' with positive edge clock and positive level reset.
Creating register for signal `\cv32e40p_if_stage$cv32e40p_core.if_stage_i.\instr_valid_id_o' using process `\cv32e40p_if_stage$cv32e40p_core.if_stage_i.$proc$/workspace/incremental-synthesis/benchmarks/cv32e40p-eco-001-new/core/common/normalized_cv32e40p.v:36348$12843'.
  created $adff cell `$procdff$14904' with positive edge clock and positive level reset.
Creating register for signal `\cv32e40p_if_stage$cv32e40p_core.if_stage_i.\instr_rdata_id_o' using process `\cv32e40p_if_stage$cv32e40p_core.if_stage_i.$proc$/workspace/incremental-synthesis/benchmarks/cv32e40p-eco-001-new/core/common/normalized_cv32e40p.v:36345$12841'.
  created $adff cell `$procdff$14909' with positive edge clock and positive level reset.
Creating register for signal `\cv32e40p_if_stage$cv32e40p_core.if_stage_i.\illegal_c_insn_id_o' using process `\cv32e40p_if_stage$cv32e40p_core.if_stage_i.$proc$/workspace/incremental-synthesis/benchmarks/cv32e40p-eco-001-new/core/common/normalized_cv32e40p.v:36342$12839'.
  created $adff cell `$procdff$14914' with positive edge clock and positive level reset.
Creating register for signal `\cv32e40p_id_stage$cv32e40p_core.id_stage_i.\regfile_we_ex_o' using process `\cv32e40p_id_stage$cv32e40p_core.id_stage_i.$proc$/workspace/incremental-synthesis/benchmarks/cv32e40p-eco-001-new/core/common/normalized_cv32e40p.v:34481$12229'.
  created $adff cell `$procdff$14919' with positive edge clock and positive level reset.
Creating register for signal `\cv32e40p_id_stage$cv32e40p_core.id_stage_i.\regfile_waddr_ex_o' using process `\cv32e40p_id_stage$cv32e40p_core.id_stage_i.$proc$/workspace/incremental-synthesis/benchmarks/cv32e40p-eco-001-new/core/common/normalized_cv32e40p.v:34478$12227'.
  created $adff cell `$procdff$14924' with positive edge clock and positive level reset.
Creating register for signal `\cv32e40p_id_stage$cv32e40p_core.id_stage_i.\regfile_alu_we_ex_o' using process `\cv32e40p_id_stage$cv32e40p_core.id_stage_i.$proc$/workspace/incremental-synthesis/benchmarks/cv32e40p-eco-001-new/core/common/normalized_cv32e40p.v:34475$12225'.
  created $adff cell `$procdff$14929' with positive edge clock and positive level reset.
Creating register for signal `\cv32e40p_id_stage$cv32e40p_core.id_stage_i.\regfile_alu_waddr_ex_o' using process `\cv32e40p_id_stage$cv32e40p_core.id_stage_i.$proc$/workspace/incremental-synthesis/benchmarks/cv32e40p-eco-001-new/core/common/normalized_cv32e40p.v:34472$12223'.
  created $adff cell `$procdff$14934' with positive edge clock and positive level reset.
Creating register for signal `\cv32e40p_id_stage$cv32e40p_core.id_stage_i.\prepost_useincr_ex_o' using process `\cv32e40p_id_stage$cv32e40p_core.id_stage_i.$proc$/workspace/incremental-synthesis/benchmarks/cv32e40p-eco-001-new/core/common/normalized_cv32e40p.v:34469$12221'.
  created $adff cell `$procdff$14939' with positive edge clock and positive level reset.
Creating register for signal `\cv32e40p_id_stage$cv32e40p_core.id_stage_i.\pc_ex_o' using process `\cv32e40p_id_stage$cv32e40p_core.id_stage_i.$proc$/workspace/incremental-synthesis/benchmarks/cv32e40p-eco-001-new/core/common/normalized_cv32e40p.v:34466$12219'.
  created $adff cell `$procdff$14944' with positive edge clock and positive level reset.
Creating register for signal `\cv32e40p_id_stage$cv32e40p_core.id_stage_i.\mult_signed_mode_ex_o' using process `\cv32e40p_id_stage$cv32e40p_core.id_stage_i.$proc$/workspace/incremental-synthesis/benchmarks/cv32e40p-eco-001-new/core/common/normalized_cv32e40p.v:34463$12217'.
  created $adff cell `$procdff$14949' with positive edge clock and positive level reset.
Creating register for signal `\cv32e40p_id_stage$cv32e40p_core.id_stage_i.\mult_sel_subword_ex_o' using process `\cv32e40p_id_stage$cv32e40p_core.id_stage_i.$proc$/workspace/incremental-synthesis/benchmarks/cv32e40p-eco-001-new/core/common/normalized_cv32e40p.v:34460$12215'.
  created $adff cell `$procdff$14954' with positive edge clock and positive level reset.
Creating register for signal `\cv32e40p_id_stage$cv32e40p_core.id_stage_i.\mult_operator_ex_o' using process `\cv32e40p_id_stage$cv32e40p_core.id_stage_i.$proc$/workspace/incremental-synthesis/benchmarks/cv32e40p-eco-001-new/core/common/normalized_cv32e40p.v:34457$12213'.
  created $adff cell `$procdff$14959' with positive edge clock and positive level reset.
Creating register for signal `\cv32e40p_id_stage$cv32e40p_core.id_stage_i.\mult_operand_c_ex_o' using process `\cv32e40p_id_stage$cv32e40p_core.id_stage_i.$proc$/workspace/incremental-synthesis/benchmarks/cv32e40p-eco-001-new/core/common/normalized_cv32e40p.v:34454$12211'.
  created $adff cell `$procdff$14964' with positive edge clock and positive level reset.
Creating register for signal `\cv32e40p_id_stage$cv32e40p_core.id_stage_i.\mult_operand_b_ex_o' using process `\cv32e40p_id_stage$cv32e40p_core.id_stage_i.$proc$/workspace/incremental-synthesis/benchmarks/cv32e40p-eco-001-new/core/common/normalized_cv32e40p.v:34451$12209'.
  created $adff cell `$procdff$14969' with positive edge clock and positive level reset.
Creating register for signal `\cv32e40p_id_stage$cv32e40p_core.id_stage_i.\mult_operand_a_ex_o' using process `\cv32e40p_id_stage$cv32e40p_core.id_stage_i.$proc$/workspace/incremental-synthesis/benchmarks/cv32e40p-eco-001-new/core/common/normalized_cv32e40p.v:34448$12207'.
  created $adff cell `$procdff$14974' with positive edge clock and positive level reset.
Creating register for signal `\cv32e40p_id_stage$cv32e40p_core.id_stage_i.\mult_is_clpx_ex_o' using process `\cv32e40p_id_stage$cv32e40p_core.id_stage_i.$proc$/workspace/incremental-synthesis/benchmarks/cv32e40p-eco-001-new/core/common/normalized_cv32e40p.v:34445$12205'.
  created $adff cell `$procdff$14979' with positive edge clock and positive level reset.
Creating register for signal `\cv32e40p_id_stage$cv32e40p_core.id_stage_i.\mult_imm_ex_o' using process `\cv32e40p_id_stage$cv32e40p_core.id_stage_i.$proc$/workspace/incremental-synthesis/benchmarks/cv32e40p-eco-001-new/core/common/normalized_cv32e40p.v:34442$12203'.
  created $adff cell `$procdff$14984' with positive edge clock and positive level reset.
Creating register for signal `\cv32e40p_id_stage$cv32e40p_core.id_stage_i.\mult_en_ex_o' using process `\cv32e40p_id_stage$cv32e40p_core.id_stage_i.$proc$/workspace/incremental-synthesis/benchmarks/cv32e40p-eco-001-new/core/common/normalized_cv32e40p.v:34439$12201'.
  created $adff cell `$procdff$14989' with positive edge clock and positive level reset.
Creating register for signal `\cv32e40p_id_stage$cv32e40p_core.id_stage_i.\mult_dot_signed_ex_o' using process `\cv32e40p_id_stage$cv32e40p_core.id_stage_i.$proc$/workspace/incremental-synthesis/benchmarks/cv32e40p-eco-001-new/core/common/normalized_cv32e40p.v:34436$12199'.
  created $adff cell `$procdff$14994' with positive edge clock and positive level reset.
Creating register for signal `\cv32e40p_id_stage$cv32e40p_core.id_stage_i.\mult_dot_op_c_ex_o' using process `\cv32e40p_id_stage$cv32e40p_core.id_stage_i.$proc$/workspace/incremental-synthesis/benchmarks/cv32e40p-eco-001-new/core/common/normalized_cv32e40p.v:34433$12197'.
  created $adff cell `$procdff$14999' with positive edge clock and positive level reset.
Creating register for signal `\cv32e40p_id_stage$cv32e40p_core.id_stage_i.\mult_dot_op_b_ex_o' using process `\cv32e40p_id_stage$cv32e40p_core.id_stage_i.$proc$/workspace/incremental-synthesis/benchmarks/cv32e40p-eco-001-new/core/common/normalized_cv32e40p.v:34430$12195'.
  created $adff cell `$procdff$15004' with positive edge clock and positive level reset.
Creating register for signal `\cv32e40p_id_stage$cv32e40p_core.id_stage_i.\mult_dot_op_a_ex_o' using process `\cv32e40p_id_stage$cv32e40p_core.id_stage_i.$proc$/workspace/incremental-synthesis/benchmarks/cv32e40p-eco-001-new/core/common/normalized_cv32e40p.v:34427$12193'.
  created $adff cell `$procdff$15009' with positive edge clock and positive level reset.
Creating register for signal `\cv32e40p_id_stage$cv32e40p_core.id_stage_i.\mult_clpx_shift_ex_o' using process `\cv32e40p_id_stage$cv32e40p_core.id_stage_i.$proc$/workspace/incremental-synthesis/benchmarks/cv32e40p-eco-001-new/core/common/normalized_cv32e40p.v:34424$12191'.
  created $adff cell `$procdff$15014' with positive edge clock and positive level reset.
Creating register for signal `\cv32e40p_id_stage$cv32e40p_core.id_stage_i.\mult_clpx_img_ex_o' using process `\cv32e40p_id_stage$cv32e40p_core.id_stage_i.$proc$/workspace/incremental-synthesis/benchmarks/cv32e40p-eco-001-new/core/common/normalized_cv32e40p.v:34421$12189'.
  created $adff cell `$procdff$15019' with positive edge clock and positive level reset.
Creating register for signal `\cv32e40p_id_stage$cv32e40p_core.id_stage_i.\mhpmevent_store_o' using process `\cv32e40p_id_stage$cv32e40p_core.id_stage_i.$proc$/workspace/incremental-synthesis/benchmarks/cv32e40p-eco-001-new/core/common/normalized_cv32e40p.v:34418$12187'.
  created $adff cell `$procdff$15024' with positive edge clock and positive level reset.
Creating register for signal `\cv32e40p_id_stage$cv32e40p_core.id_stage_i.\mhpmevent_pipe_stall_o' using process `\cv32e40p_id_stage$cv32e40p_core.id_stage_i.$proc$/workspace/incremental-synthesis/benchmarks/cv32e40p-eco-001-new/core/common/normalized_cv32e40p.v:34415$12185'.
  created $adff cell `$procdff$15029' with positive edge clock and positive level reset.
Creating register for signal `\cv32e40p_id_stage$cv32e40p_core.id_stage_i.\mhpmevent_minstret_o' using process `\cv32e40p_id_stage$cv32e40p_core.id_stage_i.$proc$/workspace/incremental-synthesis/benchmarks/cv32e40p-eco-001-new/core/common/normalized_cv32e40p.v:34412$12183'.
  created $adff cell `$procdff$15034' with positive edge clock and positive level reset.
Creating register for signal `\cv32e40p_id_stage$cv32e40p_core.id_stage_i.\mhpmevent_load_o' using process `\cv32e40p_id_stage$cv32e40p_core.id_stage_i.$proc$/workspace/incremental-synthesis/benchmarks/cv32e40p-eco-001-new/core/common/normalized_cv32e40p.v:34409$12181'.
  created $adff cell `$procdff$15039' with positive edge clock and positive level reset.
Creating register for signal `\cv32e40p_id_stage$cv32e40p_core.id_stage_i.\mhpmevent_ld_stall_o' using process `\cv32e40p_id_stage$cv32e40p_core.id_stage_i.$proc$/workspace/incremental-synthesis/benchmarks/cv32e40p-eco-001-new/core/common/normalized_cv32e40p.v:34406$12179'.
  created $adff cell `$procdff$15044' with positive edge clock and positive level reset.
Creating register for signal `\cv32e40p_id_stage$cv32e40p_core.id_stage_i.\mhpmevent_jump_o' using process `\cv32e40p_id_stage$cv32e40p_core.id_stage_i.$proc$/workspace/incremental-synthesis/benchmarks/cv32e40p-eco-001-new/core/common/normalized_cv32e40p.v:34403$12177'.
  created $adff cell `$procdff$15049' with positive edge clock and positive level reset.
Creating register for signal `\cv32e40p_id_stage$cv32e40p_core.id_stage_i.\mhpmevent_jr_stall_o' using process `\cv32e40p_id_stage$cv32e40p_core.id_stage_i.$proc$/workspace/incremental-synthesis/benchmarks/cv32e40p-eco-001-new/core/common/normalized_cv32e40p.v:34400$12175'.
  created $adff cell `$procdff$15054' with positive edge clock and positive level reset.
Creating register for signal `\cv32e40p_id_stage$cv32e40p_core.id_stage_i.\mhpmevent_imiss_o' using process `\cv32e40p_id_stage$cv32e40p_core.id_stage_i.$proc$/workspace/incremental-synthesis/benchmarks/cv32e40p-eco-001-new/core/common/normalized_cv32e40p.v:34397$12173'.
  created $adff cell `$procdff$15059' with positive edge clock and positive level reset.
Creating register for signal `\cv32e40p_id_stage$cv32e40p_core.id_stage_i.\mhpmevent_compressed_o' using process `\cv32e40p_id_stage$cv32e40p_core.id_stage_i.$proc$/workspace/incremental-synthesis/benchmarks/cv32e40p-eco-001-new/core/common/normalized_cv32e40p.v:34394$12171'.
  created $adff cell `$procdff$15064' with positive edge clock and positive level reset.
Creating register for signal `\cv32e40p_id_stage$cv32e40p_core.id_stage_i.\mhpmevent_branch_taken_o' using process `\cv32e40p_id_stage$cv32e40p_core.id_stage_i.$proc$/workspace/incremental-synthesis/benchmarks/cv32e40p-eco-001-new/core/common/normalized_cv32e40p.v:34391$12169'.
  created $adff cell `$procdff$15069' with positive edge clock and positive level reset.
Creating register for signal `\cv32e40p_id_stage$cv32e40p_core.id_stage_i.\mhpmevent_branch_o' using process `\cv32e40p_id_stage$cv32e40p_core.id_stage_i.$proc$/workspace/incremental-synthesis/benchmarks/cv32e40p-eco-001-new/core/common/normalized_cv32e40p.v:34388$12167'.
  created $adff cell `$procdff$15074' with positive edge clock and positive level reset.
Creating register for signal `\cv32e40p_id_stage$cv32e40p_core.id_stage_i.\imm_vec_ext_ex_o' using process `\cv32e40p_id_stage$cv32e40p_core.id_stage_i.$proc$/workspace/incremental-synthesis/benchmarks/cv32e40p-eco-001-new/core/common/normalized_cv32e40p.v:34385$12165'.
  created $adff cell `$procdff$15079' with positive edge clock and positive level reset.
Creating register for signal `\cv32e40p_id_stage$cv32e40p_core.id_stage_i.\id_valid_q' using process `\cv32e40p_id_stage$cv32e40p_core.id_stage_i.$proc$/workspace/incremental-synthesis/benchmarks/cv32e40p-eco-001-new/core/common/normalized_cv32e40p.v:34382$12163'.
  created $adff cell `$procdff$15084' with positive edge clock and positive level reset.
Creating register for signal `\cv32e40p_id_stage$cv32e40p_core.id_stage_i.\data_we_ex_o' using process `\cv32e40p_id_stage$cv32e40p_core.id_stage_i.$proc$/workspace/incremental-synthesis/benchmarks/cv32e40p-eco-001-new/core/common/normalized_cv32e40p.v:34379$12161'.
  created $adff cell `$procdff$15089' with positive edge clock and positive level reset.
Creating register for signal `\cv32e40p_id_stage$cv32e40p_core.id_stage_i.\data_type_ex_o' using process `\cv32e40p_id_stage$cv32e40p_core.id_stage_i.$proc$/workspace/incremental-synthesis/benchmarks/cv32e40p-eco-001-new/core/common/normalized_cv32e40p.v:34376$12159'.
  created $adff cell `$procdff$15094' with positive edge clock and positive level reset.
Creating register for signal `\cv32e40p_id_stage$cv32e40p_core.id_stage_i.\data_sign_ext_ex_o' using process `\cv32e40p_id_stage$cv32e40p_core.id_stage_i.$proc$/workspace/incremental-synthesis/benchmarks/cv32e40p-eco-001-new/core/common/normalized_cv32e40p.v:34373$12157'.
  created $adff cell `$procdff$15099' with positive edge clock and positive level reset.
Creating register for signal `\cv32e40p_id_stage$cv32e40p_core.id_stage_i.\data_req_ex_o' using process `\cv32e40p_id_stage$cv32e40p_core.id_stage_i.$proc$/workspace/incremental-synthesis/benchmarks/cv32e40p-eco-001-new/core/common/normalized_cv32e40p.v:34370$12155'.
  created $adff cell `$procdff$15104' with positive edge clock and positive level reset.
Creating register for signal `\cv32e40p_id_stage$cv32e40p_core.id_stage_i.\data_reg_offset_ex_o' using process `\cv32e40p_id_stage$cv32e40p_core.id_stage_i.$proc$/workspace/incremental-synthesis/benchmarks/cv32e40p-eco-001-new/core/common/normalized_cv32e40p.v:34367$12153'.
  created $adff cell `$procdff$15109' with positive edge clock and positive level reset.
Creating register for signal `\cv32e40p_id_stage$cv32e40p_core.id_stage_i.\data_misaligned_ex_o' using process `\cv32e40p_id_stage$cv32e40p_core.id_stage_i.$proc$/workspace/incremental-synthesis/benchmarks/cv32e40p-eco-001-new/core/common/normalized_cv32e40p.v:34364$12151'.
  created $adff cell `$procdff$15114' with positive edge clock and positive level reset.
Creating register for signal `\cv32e40p_id_stage$cv32e40p_core.id_stage_i.\data_load_event_ex_o' using process `\cv32e40p_id_stage$cv32e40p_core.id_stage_i.$proc$/workspace/incremental-synthesis/benchmarks/cv32e40p-eco-001-new/core/common/normalized_cv32e40p.v:34361$12149'.
  created $adff cell `$procdff$15119' with positive edge clock and positive level reset.
Creating register for signal `\cv32e40p_id_stage$cv32e40p_core.id_stage_i.\csr_op_ex_o' using process `\cv32e40p_id_stage$cv32e40p_core.id_stage_i.$proc$/workspace/incremental-synthesis/benchmarks/cv32e40p-eco-001-new/core/common/normalized_cv32e40p.v:34358$12147'.
  created $adff cell `$procdff$15124' with positive edge clock and positive level reset.
Creating register for signal `\cv32e40p_id_stage$cv32e40p_core.id_stage_i.\csr_access_ex_o' using process `\cv32e40p_id_stage$cv32e40p_core.id_stage_i.$proc$/workspace/incremental-synthesis/benchmarks/cv32e40p-eco-001-new/core/common/normalized_cv32e40p.v:34355$12145'.
  created $adff cell `$procdff$15129' with positive edge clock and positive level reset.
Creating register for signal `\cv32e40p_id_stage$cv32e40p_core.id_stage_i.\branch_in_ex_o' using process `\cv32e40p_id_stage$cv32e40p_core.id_stage_i.$proc$/workspace/incremental-synthesis/benchmarks/cv32e40p-eco-001-new/core/common/normalized_cv32e40p.v:34352$12143'.
  created $adff cell `$procdff$15134' with positive edge clock and positive level reset.
Creating register for signal `\cv32e40p_id_stage$cv32e40p_core.id_stage_i.\bmask_b_ex_o' using process `\cv32e40p_id_stage$cv32e40p_core.id_stage_i.$proc$/workspace/incremental-synthesis/benchmarks/cv32e40p-eco-001-new/core/common/normalized_cv32e40p.v:34349$12141'.
  created $adff cell `$procdff$15139' with positive edge clock and positive level reset.
Creating register for signal `\cv32e40p_id_stage$cv32e40p_core.id_stage_i.\bmask_a_ex_o' using process `\cv32e40p_id_stage$cv32e40p_core.id_stage_i.$proc$/workspace/incremental-synthesis/benchmarks/cv32e40p-eco-001-new/core/common/normalized_cv32e40p.v:34346$12139'.
  created $adff cell `$procdff$15144' with positive edge clock and positive level reset.
Creating register for signal `\cv32e40p_id_stage$cv32e40p_core.id_stage_i.\atop_ex_o' using process `\cv32e40p_id_stage$cv32e40p_core.id_stage_i.$proc$/workspace/incremental-synthesis/benchmarks/cv32e40p-eco-001-new/core/common/normalized_cv32e40p.v:34343$12137'.
  created $adff cell `$procdff$15149' with positive edge clock and positive level reset.
Creating register for signal `\cv32e40p_id_stage$cv32e40p_core.id_stage_i.\apu_waddr_ex_o' using process `\cv32e40p_id_stage$cv32e40p_core.id_stage_i.$proc$/workspace/incremental-synthesis/benchmarks/cv32e40p-eco-001-new/core/common/normalized_cv32e40p.v:34340$12135'.
  created $adff cell `$procdff$15154' with positive edge clock and positive level reset.
Creating register for signal `\cv32e40p_id_stage$cv32e40p_core.id_stage_i.\apu_operands_ex_o [95:64]' using process `\cv32e40p_id_stage$cv32e40p_core.id_stage_i.$proc$/workspace/incremental-synthesis/benchmarks/cv32e40p-eco-001-new/core/common/normalized_cv32e40p.v:34337$12133'.
  created $adff cell `$procdff$15159' with positive edge clock and positive level reset.
Creating register for signal `\cv32e40p_id_stage$cv32e40p_core.id_stage_i.\apu_operands_ex_o [63:32]' using process `\cv32e40p_id_stage$cv32e40p_core.id_stage_i.$proc$/workspace/incremental-synthesis/benchmarks/cv32e40p-eco-001-new/core/common/normalized_cv32e40p.v:34334$12131'.
  created $adff cell `$procdff$15164' with positive edge clock and positive level reset.
Creating register for signal `\cv32e40p_id_stage$cv32e40p_core.id_stage_i.\apu_operands_ex_o [31:0]' using process `\cv32e40p_id_stage$cv32e40p_core.id_stage_i.$proc$/workspace/incremental-synthesis/benchmarks/cv32e40p-eco-001-new/core/common/normalized_cv32e40p.v:34331$12129'.
  created $adff cell `$procdff$15169' with positive edge clock and positive level reset.
Creating register for signal `\cv32e40p_id_stage$cv32e40p_core.id_stage_i.\apu_op_ex_o' using process `\cv32e40p_id_stage$cv32e40p_core.id_stage_i.$proc$/workspace/incremental-synthesis/benchmarks/cv32e40p-eco-001-new/core/common/normalized_cv32e40p.v:34328$12127'.
  created $adff cell `$procdff$15174' with positive edge clock and positive level reset.
Creating register for signal `\cv32e40p_id_stage$cv32e40p_core.id_stage_i.\apu_lat_ex_o' using process `\cv32e40p_id_stage$cv32e40p_core.id_stage_i.$proc$/workspace/incremental-synthesis/benchmarks/cv32e40p-eco-001-new/core/common/normalized_cv32e40p.v:34325$12125'.
  created $adff cell `$procdff$15179' with positive edge clock and positive level reset.
Creating register for signal `\cv32e40p_id_stage$cv32e40p_core.id_stage_i.\apu_flags_ex_o' using process `\cv32e40p_id_stage$cv32e40p_core.id_stage_i.$proc$/workspace/incremental-synthesis/benchmarks/cv32e40p-eco-001-new/core/common/normalized_cv32e40p.v:34322$12123'.
  created $adff cell `$procdff$15184' with positive edge clock and positive level reset.
Creating register for signal `\cv32e40p_id_stage$cv32e40p_core.id_stage_i.\apu_en_ex_o' using process `\cv32e40p_id_stage$cv32e40p_core.id_stage_i.$proc$/workspace/incremental-synthesis/benchmarks/cv32e40p-eco-001-new/core/common/normalized_cv32e40p.v:34319$12121'.
  created $adff cell `$procdff$15189' with positive edge clock and positive level reset.
Creating register for signal `\cv32e40p_id_stage$cv32e40p_core.id_stage_i.\alu_vec_mode_ex_o' using process `\cv32e40p_id_stage$cv32e40p_core.id_stage_i.$proc$/workspace/incremental-synthesis/benchmarks/cv32e40p-eco-001-new/core/common/normalized_cv32e40p.v:34316$12119'.
  created $adff cell `$procdff$15194' with positive edge clock and positive level reset.
Creating register for signal `\cv32e40p_id_stage$cv32e40p_core.id_stage_i.\alu_operator_ex_o' using process `\cv32e40p_id_stage$cv32e40p_core.id_stage_i.$proc$/workspace/incremental-synthesis/benchmarks/cv32e40p-eco-001-new/core/common/normalized_cv32e40p.v:34313$12117'.
  created $adff cell `$procdff$15199' with positive edge clock and positive level reset.
Creating register for signal `\cv32e40p_id_stage$cv32e40p_core.id_stage_i.\alu_operand_c_ex_o' using process `\cv32e40p_id_stage$cv32e40p_core.id_stage_i.$proc$/workspace/incremental-synthesis/benchmarks/cv32e40p-eco-001-new/core/common/normalized_cv32e40p.v:34310$12115'.
  created $adff cell `$procdff$15204' with positive edge clock and positive level reset.
Creating register for signal `\cv32e40p_id_stage$cv32e40p_core.id_stage_i.\alu_operand_b_ex_o' using process `\cv32e40p_id_stage$cv32e40p_core.id_stage_i.$proc$/workspace/incremental-synthesis/benchmarks/cv32e40p-eco-001-new/core/common/normalized_cv32e40p.v:34307$12113'.
  created $adff cell `$procdff$15209' with positive edge clock and positive level reset.
Creating register for signal `\cv32e40p_id_stage$cv32e40p_core.id_stage_i.\alu_operand_a_ex_o' using process `\cv32e40p_id_stage$cv32e40p_core.id_stage_i.$proc$/workspace/incremental-synthesis/benchmarks/cv32e40p-eco-001-new/core/common/normalized_cv32e40p.v:34304$12111'.
  created $adff cell `$procdff$15214' with positive edge clock and positive level reset.
Creating register for signal `\cv32e40p_id_stage$cv32e40p_core.id_stage_i.\alu_is_subrot_ex_o' using process `\cv32e40p_id_stage$cv32e40p_core.id_stage_i.$proc$/workspace/incremental-synthesis/benchmarks/cv32e40p-eco-001-new/core/common/normalized_cv32e40p.v:34301$12109'.
  created $adff cell `$procdff$15219' with positive edge clock and positive level reset.
Creating register for signal `\cv32e40p_id_stage$cv32e40p_core.id_stage_i.\alu_is_clpx_ex_o' using process `\cv32e40p_id_stage$cv32e40p_core.id_stage_i.$proc$/workspace/incremental-synthesis/benchmarks/cv32e40p-eco-001-new/core/common/normalized_cv32e40p.v:34298$12107'.
  created $adff cell `$procdff$15224' with positive edge clock and positive level reset.
Creating register for signal `\cv32e40p_id_stage$cv32e40p_core.id_stage_i.\alu_en_ex_o' using process `\cv32e40p_id_stage$cv32e40p_core.id_stage_i.$proc$/workspace/incremental-synthesis/benchmarks/cv32e40p-eco-001-new/core/common/normalized_cv32e40p.v:34295$12105'.
  created $adff cell `$procdff$15229' with positive edge clock and positive level reset.
Creating register for signal `\cv32e40p_id_stage$cv32e40p_core.id_stage_i.\alu_clpx_shift_ex_o' using process `\cv32e40p_id_stage$cv32e40p_core.id_stage_i.$proc$/workspace/incremental-synthesis/benchmarks/cv32e40p-eco-001-new/core/common/normalized_cv32e40p.v:34292$12103'.
  created $adff cell `$procdff$15234' with positive edge clock and positive level reset.
Creating register for signal `\cv32e40p_hwloop_regs$cv32e40p_core.id_stage_i.gen_hwloop_regs.hwloop_regs_i.\i' using process `\cv32e40p_hwloop_regs$cv32e40p_core.id_stage_i.gen_hwloop_regs.hwloop_regs_i.$proc$/workspace/incremental-synthesis/benchmarks/cv32e40p-eco-001-new/core/common/normalized_cv32e40p.v:31968$11911'.
  created $dff cell `$procdff$15235' with positive edge clock.
Creating register for signal `\cv32e40p_hwloop_regs$cv32e40p_core.id_stage_i.gen_hwloop_regs.hwloop_regs_i.\hwlp_start_q [63:32]' using process `\cv32e40p_hwloop_regs$cv32e40p_core.id_stage_i.gen_hwloop_regs.hwloop_regs_i.$proc$/workspace/incremental-synthesis/benchmarks/cv32e40p-eco-001-new/core/common/normalized_cv32e40p.v:31965$11909'.
  created $adff cell `$procdff$15240' with positive edge clock and positive level reset.
Creating register for signal `\cv32e40p_hwloop_regs$cv32e40p_core.id_stage_i.gen_hwloop_regs.hwloop_regs_i.\hwlp_start_q [31:0]' using process `\cv32e40p_hwloop_regs$cv32e40p_core.id_stage_i.gen_hwloop_regs.hwloop_regs_i.$proc$/workspace/incremental-synthesis/benchmarks/cv32e40p-eco-001-new/core/common/normalized_cv32e40p.v:31962$11907'.
  created $adff cell `$procdff$15245' with positive edge clock and positive level reset.
Creating register for signal `\cv32e40p_hwloop_regs$cv32e40p_core.id_stage_i.gen_hwloop_regs.hwloop_regs_i.\hwlp_end_q [63:32]' using process `\cv32e40p_hwloop_regs$cv32e40p_core.id_stage_i.gen_hwloop_regs.hwloop_regs_i.$proc$/workspace/incremental-synthesis/benchmarks/cv32e40p-eco-001-new/core/common/normalized_cv32e40p.v:31959$11905'.
  created $adff cell `$procdff$15250' with positive edge clock and positive level reset.
Creating register for signal `\cv32e40p_hwloop_regs$cv32e40p_core.id_stage_i.gen_hwloop_regs.hwloop_regs_i.\hwlp_end_q [31:0]' using process `\cv32e40p_hwloop_regs$cv32e40p_core.id_stage_i.gen_hwloop_regs.hwloop_regs_i.$proc$/workspace/incremental-synthesis/benchmarks/cv32e40p-eco-001-new/core/common/normalized_cv32e40p.v:31956$11903'.
  created $adff cell `$procdff$15255' with positive edge clock and positive level reset.
Creating register for signal `\cv32e40p_hwloop_regs$cv32e40p_core.id_stage_i.gen_hwloop_regs.hwloop_regs_i.\hwlp_counter_q [63:32]' using process `\cv32e40p_hwloop_regs$cv32e40p_core.id_stage_i.gen_hwloop_regs.hwloop_regs_i.$proc$/workspace/incremental-synthesis/benchmarks/cv32e40p-eco-001-new/core/common/normalized_cv32e40p.v:31953$11901'.
  created $adff cell `$procdff$15260' with positive edge clock and positive level reset.
Creating register for signal `\cv32e40p_hwloop_regs$cv32e40p_core.id_stage_i.gen_hwloop_regs.hwloop_regs_i.\hwlp_counter_q [31:0]' using process `\cv32e40p_hwloop_regs$cv32e40p_core.id_stage_i.gen_hwloop_regs.hwloop_regs_i.$proc$/workspace/incremental-synthesis/benchmarks/cv32e40p-eco-001-new/core/common/normalized_cv32e40p.v:31950$11899'.
  created $adff cell `$procdff$15265' with positive edge clock and positive level reset.
Creating register for signal `\cv32e40p_fifo$cv32e40p_core.if_stage_i.prefetch_buffer_i.fifo_i.\write_pointer_q' using process `\cv32e40p_fifo$cv32e40p_core.if_stage_i.prefetch_buffer_i.fifo_i.$proc$/workspace/incremental-synthesis/benchmarks/cv32e40p-eco-001-new/core/common/normalized_cv32e40p.v:31760$11853'.
  created $adff cell `$procdff$15270' with positive edge clock and positive level reset.
Creating register for signal `\cv32e40p_fifo$cv32e40p_core.if_stage_i.prefetch_buffer_i.fifo_i.\status_cnt_q' using process `\cv32e40p_fifo$cv32e40p_core.if_stage_i.prefetch_buffer_i.fifo_i.$proc$/workspace/incremental-synthesis/benchmarks/cv32e40p-eco-001-new/core/common/normalized_cv32e40p.v:31757$11851'.
  created $adff cell `$procdff$15275' with positive edge clock and positive level reset.
Creating register for signal `\cv32e40p_fifo$cv32e40p_core.if_stage_i.prefetch_buffer_i.fifo_i.\read_pointer_q' using process `\cv32e40p_fifo$cv32e40p_core.if_stage_i.prefetch_buffer_i.fifo_i.$proc$/workspace/incremental-synthesis/benchmarks/cv32e40p-eco-001-new/core/common/normalized_cv32e40p.v:31754$11849'.
  created $adff cell `$procdff$15280' with positive edge clock and positive level reset.
Creating register for signal `\cv32e40p_fifo$cv32e40p_core.if_stage_i.prefetch_buffer_i.fifo_i.\mem_q [63:32]' using process `\cv32e40p_fifo$cv32e40p_core.if_stage_i.prefetch_buffer_i.fifo_i.$proc$/workspace/incremental-synthesis/benchmarks/cv32e40p-eco-001-new/core/common/normalized_cv32e40p.v:31751$11847'.
  created $adff cell `$procdff$15285' with positive edge clock and positive level reset.
Creating register for signal `\cv32e40p_fifo$cv32e40p_core.if_stage_i.prefetch_buffer_i.fifo_i.\mem_q [31:0]' using process `\cv32e40p_fifo$cv32e40p_core.if_stage_i.prefetch_buffer_i.fifo_i.$proc$/workspace/incremental-synthesis/benchmarks/cv32e40p-eco-001-new/core/common/normalized_cv32e40p.v:31748$11845'.
  created $adff cell `$procdff$15290' with positive edge clock and positive level reset.
Creating register for signal `\cv32e40p_ex_stage$cv32e40p_core.ex_stage_i.\regfile_we_lsu' using process `\cv32e40p_ex_stage$cv32e40p_core.ex_stage_i.$proc$/workspace/incremental-synthesis/benchmarks/cv32e40p-eco-001-new/core/common/normalized_cv32e40p.v:31114$11694'.
  created $adff cell `$procdff$15295' with positive edge clock and positive level reset.
Creating register for signal `\cv32e40p_ex_stage$cv32e40p_core.ex_stage_i.\regfile_waddr_lsu' using process `\cv32e40p_ex_stage$cv32e40p_core.ex_stage_i.$proc$/workspace/incremental-synthesis/benchmarks/cv32e40p-eco-001-new/core/common/normalized_cv32e40p.v:31111$11692'.
  created $adff cell `$procdff$15300' with positive edge clock and positive level reset.
Creating register for signal `\cv32e40p_cs_registers$cv32e40p_core.cs_registers_i.\mtvec_q' using process `\cv32e40p_cs_registers$cv32e40p_core.cs_registers_i.$proc$/workspace/incremental-synthesis/benchmarks/cv32e40p-eco-001-new/core/common/normalized_cv32e40p.v:17751$5232'.
  created $adff cell `$procdff$15305' with positive edge clock and positive level reset.
Creating register for signal `\cv32e40p_cs_registers$cv32e40p_core.cs_registers_i.\mtvec_mode_q' using process `\cv32e40p_cs_registers$cv32e40p_core.cs_registers_i.$proc$/workspace/incremental-synthesis/benchmarks/cv32e40p-eco-001-new/core/common/normalized_cv32e40p.v:17748$5230'.
  created $adff cell `$procdff$15310' with positive edge clock and positive level reset.
Creating register for signal `\cv32e40p_cs_registers$cv32e40p_core.cs_registers_i.\mstatus_q [4]' using process `\cv32e40p_cs_registers$cv32e40p_core.cs_registers_i.$proc$/workspace/incremental-synthesis/benchmarks/cv32e40p-eco-001-new/core/common/normalized_cv32e40p.v:17745$5228'.
  created $adff cell `$procdff$15315' with positive edge clock and positive level reset.
Creating register for signal `\cv32e40p_cs_registers$cv32e40p_core.cs_registers_i.\mstatus_q [6]' using process `\cv32e40p_cs_registers$cv32e40p_core.cs_registers_i.$proc$/workspace/incremental-synthesis/benchmarks/cv32e40p-eco-001-new/core/common/normalized_cv32e40p.v:17742$5226'.
  created $adff cell `$procdff$15320' with positive edge clock and positive level reset.
Creating register for signal `\cv32e40p_cs_registers$cv32e40p_core.cs_registers_i.\mstatus_q [0]' using process `\cv32e40p_cs_registers$cv32e40p_core.cs_registers_i.$proc$/workspace/incremental-synthesis/benchmarks/cv32e40p-eco-001-new/core/common/normalized_cv32e40p.v:17739$5224'.
  created $adff cell `$procdff$15325' with positive edge clock and positive level reset.
Creating register for signal `\cv32e40p_cs_registers$cv32e40p_core.cs_registers_i.\mstatus_q [2:1]' using process `\cv32e40p_cs_registers$cv32e40p_core.cs_registers_i.$proc$/workspace/incremental-synthesis/benchmarks/cv32e40p-eco-001-new/core/common/normalized_cv32e40p.v:17736$5222'.
  created $adff cell `$procdff$15330' with positive edge clock and positive level reset.
Creating register for signal `\cv32e40p_cs_registers$cv32e40p_core.cs_registers_i.\mstatus_q [3]' using process `\cv32e40p_cs_registers$cv32e40p_core.cs_registers_i.$proc$/workspace/incremental-synthesis/benchmarks/cv32e40p-eco-001-new/core/common/normalized_cv32e40p.v:17733$5220'.
  created $adff cell `$procdff$15335' with positive edge clock and positive level reset.
Creating register for signal `\cv32e40p_cs_registers$cv32e40p_core.cs_registers_i.\mstatus_q [5]' using process `\cv32e40p_cs_registers$cv32e40p_core.cs_registers_i.$proc$/workspace/incremental-synthesis/benchmarks/cv32e40p-eco-001-new/core/common/normalized_cv32e40p.v:17730$5218'.
  created $adff cell `$procdff$15340' with positive edge clock and positive level reset.
Creating register for signal `\cv32e40p_cs_registers$cv32e40p_core.cs_registers_i.\mscratch_q' using process `\cv32e40p_cs_registers$cv32e40p_core.cs_registers_i.$proc$/workspace/incremental-synthesis/benchmarks/cv32e40p-eco-001-new/core/common/normalized_cv32e40p.v:17727$5216'.
  created $adff cell `$procdff$15345' with positive edge clock and positive level reset.
Creating register for signal `\cv32e40p_cs_registers$cv32e40p_core.cs_registers_i.\mie_q' using process `\cv32e40p_cs_registers$cv32e40p_core.cs_registers_i.$proc$/workspace/incremental-synthesis/benchmarks/cv32e40p-eco-001-new/core/common/normalized_cv32e40p.v:17724$5214'.
  created $adff cell `$procdff$15350' with positive edge clock and positive level reset.
Creating register for signal `\cv32e40p_cs_registers$cv32e40p_core.cs_registers_i.\_1771_' using process `\cv32e40p_cs_registers$cv32e40p_core.cs_registers_i.$proc$/workspace/incremental-synthesis/benchmarks/cv32e40p-eco-001-new/core/common/normalized_cv32e40p.v:17720$5212'.
  created $adff cell `$procdff$15355' with positive edge clock and positive level reset.
Creating register for signal `\cv32e40p_cs_registers$cv32e40p_core.cs_registers_i.\_1770_' using process `\cv32e40p_cs_registers$cv32e40p_core.cs_registers_i.$proc$/workspace/incremental-synthesis/benchmarks/cv32e40p-eco-001-new/core/common/normalized_cv32e40p.v:17715$5210'.
  created $adff cell `$procdff$15360' with positive edge clock and positive level reset.
Creating register for signal `\cv32e40p_cs_registers$cv32e40p_core.cs_registers_i.\_1769_' using process `\cv32e40p_cs_registers$cv32e40p_core.cs_registers_i.$proc$/workspace/incremental-synthesis/benchmarks/cv32e40p-eco-001-new/core/common/normalized_cv32e40p.v:17710$5208'.
  created $adff cell `$procdff$15365' with positive edge clock and positive level reset.
Creating register for signal `\cv32e40p_cs_registers$cv32e40p_core.cs_registers_i.\_1768_' using process `\cv32e40p_cs_registers$cv32e40p_core.cs_registers_i.$proc$/workspace/incremental-synthesis/benchmarks/cv32e40p-eco-001-new/core/common/normalized_cv32e40p.v:17705$5206'.
  created $adff cell `$procdff$15370' with positive edge clock and positive level reset.
Creating register for signal `\cv32e40p_cs_registers$cv32e40p_core.cs_registers_i.\mepc_q' using process `\cv32e40p_cs_registers$cv32e40p_core.cs_registers_i.$proc$/workspace/incremental-synthesis/benchmarks/cv32e40p-eco-001-new/core/common/normalized_cv32e40p.v:17701$5204'.
  created $adff cell `$procdff$15375' with positive edge clock and positive level reset.
Creating register for signal `\cv32e40p_cs_registers$cv32e40p_core.cs_registers_i.\mcountinhibit_q_reg[3]' using process `\cv32e40p_cs_registers$cv32e40p_core.cs_registers_i.$proc$/workspace/incremental-synthesis/benchmarks/cv32e40p-eco-001-new/core/common/normalized_cv32e40p.v:17697$5202'.
  created $adff cell `$procdff$15380' with positive edge clock and positive level reset.
Creating register for signal `\cv32e40p_cs_registers$cv32e40p_core.cs_registers_i.\mcountinhibit_q_reg[2]' using process `\cv32e40p_cs_registers$cv32e40p_core.cs_registers_i.$proc$/workspace/incremental-synthesis/benchmarks/cv32e40p-eco-001-new/core/common/normalized_cv32e40p.v:17692$5200'.
  created $adff cell `$procdff$15385' with positive edge clock and positive level reset.
Creating register for signal `\cv32e40p_cs_registers$cv32e40p_core.cs_registers_i.\mcountinhibit_q_reg[0]' using process `\cv32e40p_cs_registers$cv32e40p_core.cs_registers_i.$proc$/workspace/incremental-synthesis/benchmarks/cv32e40p-eco-001-new/core/common/normalized_cv32e40p.v:17687$5198'.
  created $adff cell `$procdff$15390' with positive edge clock and positive level reset.
Creating register for signal `\cv32e40p_cs_registers$cv32e40p_core.cs_registers_i.\mcause_q' using process `\cv32e40p_cs_registers$cv32e40p_core.cs_registers_i.$proc$/workspace/incremental-synthesis/benchmarks/cv32e40p-eco-001-new/core/common/normalized_cv32e40p.v:17683$5196'.
  created $adff cell `$procdff$15395' with positive edge clock and positive level reset.
Creating register for signal `\cv32e40p_cs_registers$cv32e40p_core.cs_registers_i.\gen_trigger_regs.tmatch_value_q' using process `\cv32e40p_cs_registers$cv32e40p_core.cs_registers_i.$proc$/workspace/incremental-synthesis/benchmarks/cv32e40p-eco-001-new/core/common/normalized_cv32e40p.v:17680$5194'.
  created $adff cell `$procdff$15400' with positive edge clock and positive level reset.
Creating register for signal `\cv32e40p_cs_registers$cv32e40p_core.cs_registers_i.\gen_trigger_regs.tmatch_control_exec_q' using process `\cv32e40p_cs_registers$cv32e40p_core.cs_registers_i.$proc$/workspace/incremental-synthesis/benchmarks/cv32e40p-eco-001-new/core/common/normalized_cv32e40p.v:17677$5192'.
  created $adff cell `$procdff$15405' with positive edge clock and positive level reset.
Creating register for signal `\cv32e40p_cs_registers$cv32e40p_core.cs_registers_i.\dscratch1_q' using process `\cv32e40p_cs_registers$cv32e40p_core.cs_registers_i.$proc$/workspace/incremental-synthesis/benchmarks/cv32e40p-eco-001-new/core/common/normalized_cv32e40p.v:17674$5190'.
  created $adff cell `$procdff$15410' with positive edge clock and positive level reset.
Creating register for signal `\cv32e40p_cs_registers$cv32e40p_core.cs_registers_i.\dscratch0_q' using process `\cv32e40p_cs_registers$cv32e40p_core.cs_registers_i.$proc$/workspace/incremental-synthesis/benchmarks/cv32e40p-eco-001-new/core/common/normalized_cv32e40p.v:17671$5188'.
  created $adff cell `$procdff$15415' with positive edge clock and positive level reset.
Creating register for signal `\cv32e40p_cs_registers$cv32e40p_core.cs_registers_i.\depc_q' using process `\cv32e40p_cs_registers$cv32e40p_core.cs_registers_i.$proc$/workspace/incremental-synthesis/benchmarks/cv32e40p-eco-001-new/core/common/normalized_cv32e40p.v:17668$5186'.
  created $adff cell `$procdff$15420' with positive edge clock and positive level reset.
Creating register for signal `\cv32e40p_cs_registers$cv32e40p_core.cs_registers_i.\dcsr_q [27:16]' using process `\cv32e40p_cs_registers$cv32e40p_core.cs_registers_i.$proc$/workspace/incremental-synthesis/benchmarks/cv32e40p-eco-001-new/core/common/normalized_cv32e40p.v:17665$5184'.
  created $adff cell `$procdff$15425' with positive edge clock and positive level reset.
Creating register for signal `\cv32e40p_cs_registers$cv32e40p_core.cs_registers_i.\dcsr_q [14]' using process `\cv32e40p_cs_registers$cv32e40p_core.cs_registers_i.$proc$/workspace/incremental-synthesis/benchmarks/cv32e40p-eco-001-new/core/common/normalized_cv32e40p.v:17662$5182'.
  created $adff cell `$procdff$15430' with positive edge clock and positive level reset.
Creating register for signal `\cv32e40p_cs_registers$cv32e40p_core.cs_registers_i.\dcsr_q [5]' using process `\cv32e40p_cs_registers$cv32e40p_core.cs_registers_i.$proc$/workspace/incremental-synthesis/benchmarks/cv32e40p-eco-001-new/core/common/normalized_cv32e40p.v:17659$5180'.
  created $adff cell `$procdff$15435' with positive edge clock and positive level reset.
Creating register for signal `\cv32e40p_cs_registers$cv32e40p_core.cs_registers_i.\dcsr_q [31:28]' using process `\cv32e40p_cs_registers$cv32e40p_core.cs_registers_i.$proc$/workspace/incremental-synthesis/benchmarks/cv32e40p-eco-001-new/core/common/normalized_cv32e40p.v:17656$5178'.
  created $adff cell `$procdff$15440' with positive edge clock and positive level reset.
Creating register for signal `\cv32e40p_cs_registers$cv32e40p_core.cs_registers_i.\dcsr_q [9]' using process `\cv32e40p_cs_registers$cv32e40p_core.cs_registers_i.$proc$/workspace/incremental-synthesis/benchmarks/cv32e40p-eco-001-new/core/common/normalized_cv32e40p.v:17653$5176'.
  created $adff cell `$procdff$15445' with positive edge clock and positive level reset.
Creating register for signal `\cv32e40p_cs_registers$cv32e40p_core.cs_registers_i.\dcsr_q [10]' using process `\cv32e40p_cs_registers$cv32e40p_core.cs_registers_i.$proc$/workspace/incremental-synthesis/benchmarks/cv32e40p-eco-001-new/core/common/normalized_cv32e40p.v:17650$5174'.
  created $adff cell `$procdff$15450' with positive edge clock and positive level reset.
Creating register for signal `\cv32e40p_cs_registers$cv32e40p_core.cs_registers_i.\dcsr_q [11]' using process `\cv32e40p_cs_registers$cv32e40p_core.cs_registers_i.$proc$/workspace/incremental-synthesis/benchmarks/cv32e40p-eco-001-new/core/common/normalized_cv32e40p.v:17647$5172'.
  created $adff cell `$procdff$15455' with positive edge clock and positive level reset.
Creating register for signal `\cv32e40p_cs_registers$cv32e40p_core.cs_registers_i.\dcsr_q [2]' using process `\cv32e40p_cs_registers$cv32e40p_core.cs_registers_i.$proc$/workspace/incremental-synthesis/benchmarks/cv32e40p-eco-001-new/core/common/normalized_cv32e40p.v:17644$5170'.
  created $adff cell `$procdff$15460' with positive edge clock and positive level reset.
Creating register for signal `\cv32e40p_cs_registers$cv32e40p_core.cs_registers_i.\dcsr_q [1:0]' using process `\cv32e40p_cs_registers$cv32e40p_core.cs_registers_i.$proc$/workspace/incremental-synthesis/benchmarks/cv32e40p-eco-001-new/core/common/normalized_cv32e40p.v:17641$5168'.
  created $adff cell `$procdff$15465' with positive edge clock and positive level reset.
Creating register for signal `\cv32e40p_cs_registers$cv32e40p_core.cs_registers_i.\dcsr_q [3]' using process `\cv32e40p_cs_registers$cv32e40p_core.cs_registers_i.$proc$/workspace/incremental-synthesis/benchmarks/cv32e40p-eco-001-new/core/common/normalized_cv32e40p.v:17638$5166'.
  created $adff cell `$procdff$15470' with positive edge clock and positive level reset.
Creating register for signal `\cv32e40p_cs_registers$cv32e40p_core.cs_registers_i.\dcsr_q [4]' using process `\cv32e40p_cs_registers$cv32e40p_core.cs_registers_i.$proc$/workspace/incremental-synthesis/benchmarks/cv32e40p-eco-001-new/core/common/normalized_cv32e40p.v:17635$5164'.
  created $adff cell `$procdff$15475' with positive edge clock and positive level reset.
Creating register for signal `\cv32e40p_cs_registers$cv32e40p_core.cs_registers_i.\dcsr_q [12]' using process `\cv32e40p_cs_registers$cv32e40p_core.cs_registers_i.$proc$/workspace/incremental-synthesis/benchmarks/cv32e40p-eco-001-new/core/common/normalized_cv32e40p.v:17632$5162'.
  created $adff cell `$procdff$15480' with positive edge clock and positive level reset.
Creating register for signal `\cv32e40p_cs_registers$cv32e40p_core.cs_registers_i.\dcsr_q [13]' using process `\cv32e40p_cs_registers$cv32e40p_core.cs_registers_i.$proc$/workspace/incremental-synthesis/benchmarks/cv32e40p-eco-001-new/core/common/normalized_cv32e40p.v:17629$5160'.
  created $adff cell `$procdff$15485' with positive edge clock and positive level reset.
Creating register for signal `\cv32e40p_cs_registers$cv32e40p_core.cs_registers_i.\dcsr_q [15]' using process `\cv32e40p_cs_registers$cv32e40p_core.cs_registers_i.$proc$/workspace/incremental-synthesis/benchmarks/cv32e40p-eco-001-new/core/common/normalized_cv32e40p.v:17626$5158'.
  created $adff cell `$procdff$15490' with positive edge clock and positive level reset.
Creating register for signal `\cv32e40p_cs_registers$cv32e40p_core.cs_registers_i.\dcsr_q [8:6]' using process `\cv32e40p_cs_registers$cv32e40p_core.cs_registers_i.$proc$/workspace/incremental-synthesis/benchmarks/cv32e40p-eco-001-new/core/common/normalized_cv32e40p.v:17623$5156'.
  created $adff cell `$procdff$15495' with positive edge clock and positive level reset.
Creating register for signal `\cv32e40p_controller$cv32e40p_core.id_stage_i.controller_i.\jump_done_q' using process `\cv32e40p_controller$cv32e40p_core.id_stage_i.controller_i.$proc$/workspace/incremental-synthesis/benchmarks/cv32e40p-eco-001-new/core/common/normalized_cv32e40p.v:10360$2235'.
  created $adff cell `$procdff$15500' with positive edge clock and positive level reset.
Creating register for signal `\cv32e40p_controller$cv32e40p_core.id_stage_i.controller_i.\illegal_insn_q' using process `\cv32e40p_controller$cv32e40p_core.id_stage_i.controller_i.$proc$/workspace/incremental-synthesis/benchmarks/cv32e40p-eco-001-new/core/common/normalized_cv32e40p.v:10357$2233'.
  created $adff cell `$procdff$15505' with positive edge clock and positive level reset.
Creating register for signal `\cv32e40p_controller$cv32e40p_core.id_stage_i.controller_i.\hwlp_end_4_id_q' using process `\cv32e40p_controller$cv32e40p_core.id_stage_i.controller_i.$proc$/workspace/incremental-synthesis/benchmarks/cv32e40p-eco-001-new/core/common/normalized_cv32e40p.v:10354$2231'.
  created $adff cell `$procdff$15510' with positive edge clock and positive level reset.
Creating register for signal `\cv32e40p_controller$cv32e40p_core.id_stage_i.controller_i.\debug_req_q' using process `\cv32e40p_controller$cv32e40p_core.id_stage_i.controller_i.$proc$/workspace/incremental-synthesis/benchmarks/cv32e40p-eco-001-new/core/common/normalized_cv32e40p.v:10351$2229'.
  created $adff cell `$procdff$15515' with positive edge clock and positive level reset.
Creating register for signal `\cv32e40p_controller$cv32e40p_core.id_stage_i.controller_i.\debug_req_entry_q' using process `\cv32e40p_controller$cv32e40p_core.id_stage_i.controller_i.$proc$/workspace/incremental-synthesis/benchmarks/cv32e40p-eco-001-new/core/common/normalized_cv32e40p.v:10348$2227'.
  created $adff cell `$procdff$15520' with positive edge clock and positive level reset.
Creating register for signal `\cv32e40p_controller$cv32e40p_core.id_stage_i.controller_i.\debug_mode_q' using process `\cv32e40p_controller$cv32e40p_core.id_stage_i.controller_i.$proc$/workspace/incremental-synthesis/benchmarks/cv32e40p-eco-001-new/core/common/normalized_cv32e40p.v:10345$2225'.
  created $adff cell `$procdff$15525' with positive edge clock and positive level reset.
Creating register for signal `\cv32e40p_controller$cv32e40p_core.id_stage_i.controller_i.\debug_fsm_cs' using process `\cv32e40p_controller$cv32e40p_core.id_stage_i.controller_i.$proc$/workspace/incremental-synthesis/benchmarks/cv32e40p-eco-001-new/core/common/normalized_cv32e40p.v:10342$2223'.
  created $adff cell `$procdff$15530' with positive edge clock and positive level reset.
Creating register for signal `\cv32e40p_controller$cv32e40p_core.id_stage_i.controller_i.\debug_force_wakeup_q' using process `\cv32e40p_controller$cv32e40p_core.id_stage_i.controller_i.$proc$/workspace/incremental-synthesis/benchmarks/cv32e40p-eco-001-new/core/common/normalized_cv32e40p.v:10339$2221'.
  created $adff cell `$procdff$15535' with positive edge clock and positive level reset.
Creating register for signal `\cv32e40p_controller$cv32e40p_core.id_stage_i.controller_i.\data_err_q' using process `\cv32e40p_controller$cv32e40p_core.id_stage_i.controller_i.$proc$/workspace/incremental-synthesis/benchmarks/cv32e40p-eco-001-new/core/common/normalized_cv32e40p.v:10336$2219'.
  created $adff cell `$procdff$15540' with positive edge clock and positive level reset.
Creating register for signal `\cv32e40p_controller$cv32e40p_core.id_stage_i.controller_i.\ctrl_fsm_cs' using process `\cv32e40p_controller$cv32e40p_core.id_stage_i.controller_i.$proc$/workspace/incremental-synthesis/benchmarks/cv32e40p-eco-001-new/core/common/normalized_cv32e40p.v:10333$2217'.
  created $adff cell `$procdff$15545' with positive edge clock and positive level reset.
Creating register for signal `\cv32e40p_alu_div$cv32e40p_core.ex_stage_i.alu_i.alu_div_i.\State_SP' using process `\cv32e40p_alu_div$cv32e40p_core.ex_stage_i.alu_i.alu_div_i.$proc$/workspace/incremental-synthesis/benchmarks/cv32e40p-eco-001-new/core/common/normalized_cv32e40p.v:2620$896'.
  created $adff cell `$procdff$15550' with positive edge clock and positive level reset.
Creating register for signal `\cv32e40p_alu_div$cv32e40p_core.ex_stage_i.alu_i.alu_div_i.\ResReg_DP' using process `\cv32e40p_alu_div$cv32e40p_core.ex_stage_i.alu_i.alu_div_i.$proc$/workspace/incremental-synthesis/benchmarks/cv32e40p-eco-001-new/core/common/normalized_cv32e40p.v:2617$894'.
  created $adff cell `$procdff$15555' with positive edge clock and positive level reset.
Creating register for signal `\cv32e40p_alu_div$cv32e40p_core.ex_stage_i.alu_i.alu_div_i.\ResInv_SP' using process `\cv32e40p_alu_div$cv32e40p_core.ex_stage_i.alu_i.alu_div_i.$proc$/workspace/incremental-synthesis/benchmarks/cv32e40p-eco-001-new/core/common/normalized_cv32e40p.v:2614$892'.
  created $adff cell `$procdff$15560' with positive edge clock and positive level reset.
Creating register for signal `\cv32e40p_alu_div$cv32e40p_core.ex_stage_i.alu_i.alu_div_i.\RemSel_SP' using process `\cv32e40p_alu_div$cv32e40p_core.ex_stage_i.alu_i.alu_div_i.$proc$/workspace/incremental-synthesis/benchmarks/cv32e40p-eco-001-new/core/common/normalized_cv32e40p.v:2611$890'.
  created $adff cell `$procdff$15565' with positive edge clock and positive level reset.
Creating register for signal `\cv32e40p_alu_div$cv32e40p_core.ex_stage_i.alu_i.alu_div_i.\CompInv_SP' using process `\cv32e40p_alu_div$cv32e40p_core.ex_stage_i.alu_i.alu_div_i.$proc$/workspace/incremental-synthesis/benchmarks/cv32e40p-eco-001-new/core/common/normalized_cv32e40p.v:2608$888'.
  created $adff cell `$procdff$15570' with positive edge clock and positive level reset.
Creating register for signal `\cv32e40p_alu_div$cv32e40p_core.ex_stage_i.alu_i.alu_div_i.\Cnt_DP' using process `\cv32e40p_alu_div$cv32e40p_core.ex_stage_i.alu_i.alu_div_i.$proc$/workspace/incremental-synthesis/benchmarks/cv32e40p-eco-001-new/core/common/normalized_cv32e40p.v:2605$886'.
  created $adff cell `$procdff$15575' with positive edge clock and positive level reset.
Creating register for signal `\cv32e40p_alu_div$cv32e40p_core.ex_stage_i.alu_i.alu_div_i.\BReg_DP' using process `\cv32e40p_alu_div$cv32e40p_core.ex_stage_i.alu_i.alu_div_i.$proc$/workspace/incremental-synthesis/benchmarks/cv32e40p-eco-001-new/core/common/normalized_cv32e40p.v:2602$884'.
  created $adff cell `$procdff$15580' with positive edge clock and positive level reset.
Creating register for signal `\cv32e40p_alu_div$cv32e40p_core.ex_stage_i.alu_i.alu_div_i.\AReg_DP' using process `\cv32e40p_alu_div$cv32e40p_core.ex_stage_i.alu_i.alu_div_i.$proc$/workspace/incremental-synthesis/benchmarks/cv32e40p-eco-001-new/core/common/normalized_cv32e40p.v:2599$882'.
  created $adff cell `$procdff$15585' with positive edge clock and positive level reset.
Creating register for signal `\cv32e40p_aligner$cv32e40p_core.if_stage_i.aligner_i.\state' using process `\cv32e40p_aligner$cv32e40p_core.if_stage_i.aligner_i.$proc$/workspace/incremental-synthesis/benchmarks/cv32e40p-eco-001-new/core/common/normalized_cv32e40p.v:344$69'.
  created $adff cell `$procdff$15590' with positive edge clock and positive level reset.
Creating register for signal `\cv32e40p_aligner$cv32e40p_core.if_stage_i.aligner_i.\r_instr_h' using process `\cv32e40p_aligner$cv32e40p_core.if_stage_i.aligner_i.$proc$/workspace/incremental-synthesis/benchmarks/cv32e40p-eco-001-new/core/common/normalized_cv32e40p.v:341$67'.
  created $adff cell `$procdff$15595' with positive edge clock and positive level reset.
Creating register for signal `\cv32e40p_aligner$cv32e40p_core.if_stage_i.aligner_i.\pc_q' using process `\cv32e40p_aligner$cv32e40p_core.if_stage_i.aligner_i.$proc$/workspace/incremental-synthesis/benchmarks/cv32e40p-eco-001-new/core/common/normalized_cv32e40p.v:338$65'.
  created $adff cell `$procdff$15600' with positive edge clock and positive level reset.
Creating register for signal `\cv32e40p_aligner$cv32e40p_core.if_stage_i.aligner_i.\hwlp_update_pc_q' using process `\cv32e40p_aligner$cv32e40p_core.if_stage_i.aligner_i.$proc$/workspace/incremental-synthesis/benchmarks/cv32e40p-eco-001-new/core/common/normalized_cv32e40p.v:335$63'.
  created $adff cell `$procdff$15605' with positive edge clock and positive level reset.
Creating register for signal `\cv32e40p_aligner$cv32e40p_core.if_stage_i.aligner_i.\hwlp_addr_q' using process `\cv32e40p_aligner$cv32e40p_core.if_stage_i.aligner_i.$proc$/workspace/incremental-synthesis/benchmarks/cv32e40p-eco-001-new/core/common/normalized_cv32e40p.v:332$61'.
  created $adff cell `$procdff$15610' with positive edge clock and positive level reset.
Creating register for signal `\cv32e40p_aligner$cv32e40p_core.if_stage_i.aligner_i.\aligner_ready_q' using process `\cv32e40p_aligner$cv32e40p_core.if_stage_i.aligner_i.$proc$/workspace/incremental-synthesis/benchmarks/cv32e40p-eco-001-new/core/common/normalized_cv32e40p.v:329$59'.
  created $adff cell `$procdff$15615' with positive edge clock and positive level reset.

3.10. Executing PROC_MEMWR pass (convert process memory writes to cells).

3.11. Executing PROC_CLEAN pass (remove empty switches from decision trees).
Removing empty process `cv32e40p_sleep_unit$cv32e40p_core.sleep_unit_i.$proc$/workspace/incremental-synthesis/benchmarks/cv32e40p-eco-001-new/core/common/normalized_cv32e40p.v:42557$14577'.
Removing empty process `cv32e40p_sleep_unit$cv32e40p_core.sleep_unit_i.$proc$/workspace/incremental-synthesis/benchmarks/cv32e40p-eco-001-new/core/common/normalized_cv32e40p.v:42554$14575'.
Removing empty process `cv32e40p_sleep_unit$cv32e40p_core.sleep_unit_i.$proc$/workspace/incremental-synthesis/benchmarks/cv32e40p-eco-001-new/core/common/normalized_cv32e40p.v:42551$14573'.
Removing empty process `cv32e40p_register_file$cv32e40p_core.id_stage_i.register_file_i.$proc$/workspace/incremental-synthesis/benchmarks/cv32e40p-eco-001-new/core/common/normalized_cv32e40p.v:42133$14469'.
Removing empty process `cv32e40p_register_file$cv32e40p_core.id_stage_i.register_file_i.$proc$/workspace/incremental-synthesis/benchmarks/cv32e40p-eco-001-new/core/common/normalized_cv32e40p.v:42130$14467'.
Removing empty process `cv32e40p_register_file$cv32e40p_core.id_stage_i.register_file_i.$proc$/workspace/incremental-synthesis/benchmarks/cv32e40p-eco-001-new/core/common/normalized_cv32e40p.v:42127$14465'.
Removing empty process `cv32e40p_register_file$cv32e40p_core.id_stage_i.register_file_i.$proc$/workspace/incremental-synthesis/benchmarks/cv32e40p-eco-001-new/core/common/normalized_cv32e40p.v:42124$14463'.
Removing empty process `cv32e40p_register_file$cv32e40p_core.id_stage_i.register_file_i.$proc$/workspace/incremental-synthesis/benchmarks/cv32e40p-eco-001-new/core/common/normalized_cv32e40p.v:42121$14461'.
Removing empty process `cv32e40p_register_file$cv32e40p_core.id_stage_i.register_file_i.$proc$/workspace/incremental-synthesis/benchmarks/cv32e40p-eco-001-new/core/common/normalized_cv32e40p.v:42118$14459'.
Removing empty process `cv32e40p_register_file$cv32e40p_core.id_stage_i.register_file_i.$proc$/workspace/incremental-synthesis/benchmarks/cv32e40p-eco-001-new/core/common/normalized_cv32e40p.v:42115$14457'.
Removing empty process `cv32e40p_register_file$cv32e40p_core.id_stage_i.register_file_i.$proc$/workspace/incremental-synthesis/benchmarks/cv32e40p-eco-001-new/core/common/normalized_cv32e40p.v:42112$14455'.
Removing empty process `cv32e40p_register_file$cv32e40p_core.id_stage_i.register_file_i.$proc$/workspace/incremental-synthesis/benchmarks/cv32e40p-eco-001-new/core/common/normalized_cv32e40p.v:42109$14453'.
Removing empty process `cv32e40p_register_file$cv32e40p_core.id_stage_i.register_file_i.$proc$/workspace/incremental-synthesis/benchmarks/cv32e40p-eco-001-new/core/common/normalized_cv32e40p.v:42106$14451'.
Removing empty process `cv32e40p_register_file$cv32e40p_core.id_stage_i.register_file_i.$proc$/workspace/incremental-synthesis/benchmarks/cv32e40p-eco-001-new/core/common/normalized_cv32e40p.v:42103$14449'.
Removing empty process `cv32e40p_register_file$cv32e40p_core.id_stage_i.register_file_i.$proc$/workspace/incremental-synthesis/benchmarks/cv32e40p-eco-001-new/core/common/normalized_cv32e40p.v:42100$14447'.
Removing empty process `cv32e40p_register_file$cv32e40p_core.id_stage_i.register_file_i.$proc$/workspace/incremental-synthesis/benchmarks/cv32e40p-eco-001-new/core/common/normalized_cv32e40p.v:42097$14445'.
Removing empty process `cv32e40p_register_file$cv32e40p_core.id_stage_i.register_file_i.$proc$/workspace/incremental-synthesis/benchmarks/cv32e40p-eco-001-new/core/common/normalized_cv32e40p.v:42094$14443'.
Removing empty process `cv32e40p_register_file$cv32e40p_core.id_stage_i.register_file_i.$proc$/workspace/incremental-synthesis/benchmarks/cv32e40p-eco-001-new/core/common/normalized_cv32e40p.v:42091$14441'.
Removing empty process `cv32e40p_register_file$cv32e40p_core.id_stage_i.register_file_i.$proc$/workspace/incremental-synthesis/benchmarks/cv32e40p-eco-001-new/core/common/normalized_cv32e40p.v:42088$14439'.
Removing empty process `cv32e40p_register_file$cv32e40p_core.id_stage_i.register_file_i.$proc$/workspace/incremental-synthesis/benchmarks/cv32e40p-eco-001-new/core/common/normalized_cv32e40p.v:42085$14437'.
Removing empty process `cv32e40p_register_file$cv32e40p_core.id_stage_i.register_file_i.$proc$/workspace/incremental-synthesis/benchmarks/cv32e40p-eco-001-new/core/common/normalized_cv32e40p.v:42082$14435'.
Removing empty process `cv32e40p_register_file$cv32e40p_core.id_stage_i.register_file_i.$proc$/workspace/incremental-synthesis/benchmarks/cv32e40p-eco-001-new/core/common/normalized_cv32e40p.v:42079$14433'.
Removing empty process `cv32e40p_register_file$cv32e40p_core.id_stage_i.register_file_i.$proc$/workspace/incremental-synthesis/benchmarks/cv32e40p-eco-001-new/core/common/normalized_cv32e40p.v:42076$14431'.
Removing empty process `cv32e40p_register_file$cv32e40p_core.id_stage_i.register_file_i.$proc$/workspace/incremental-synthesis/benchmarks/cv32e40p-eco-001-new/core/common/normalized_cv32e40p.v:42073$14429'.
Removing empty process `cv32e40p_register_file$cv32e40p_core.id_stage_i.register_file_i.$proc$/workspace/incremental-synthesis/benchmarks/cv32e40p-eco-001-new/core/common/normalized_cv32e40p.v:42070$14427'.
Removing empty process `cv32e40p_register_file$cv32e40p_core.id_stage_i.register_file_i.$proc$/workspace/incremental-synthesis/benchmarks/cv32e40p-eco-001-new/core/common/normalized_cv32e40p.v:42067$14425'.
Removing empty process `cv32e40p_register_file$cv32e40p_core.id_stage_i.register_file_i.$proc$/workspace/incremental-synthesis/benchmarks/cv32e40p-eco-001-new/core/common/normalized_cv32e40p.v:42064$14423'.
Removing empty process `cv32e40p_register_file$cv32e40p_core.id_stage_i.register_file_i.$proc$/workspace/incremental-synthesis/benchmarks/cv32e40p-eco-001-new/core/common/normalized_cv32e40p.v:42061$14421'.
Removing empty process `cv32e40p_register_file$cv32e40p_core.id_stage_i.register_file_i.$proc$/workspace/incremental-synthesis/benchmarks/cv32e40p-eco-001-new/core/common/normalized_cv32e40p.v:42058$14419'.
Removing empty process `cv32e40p_register_file$cv32e40p_core.id_stage_i.register_file_i.$proc$/workspace/incremental-synthesis/benchmarks/cv32e40p-eco-001-new/core/common/normalized_cv32e40p.v:42055$14417'.
Removing empty process `cv32e40p_register_file$cv32e40p_core.id_stage_i.register_file_i.$proc$/workspace/incremental-synthesis/benchmarks/cv32e40p-eco-001-new/core/common/normalized_cv32e40p.v:42052$14415'.
Removing empty process `cv32e40p_register_file$cv32e40p_core.id_stage_i.register_file_i.$proc$/workspace/incremental-synthesis/benchmarks/cv32e40p-eco-001-new/core/common/normalized_cv32e40p.v:42049$14413'.
Removing empty process `cv32e40p_register_file$cv32e40p_core.id_stage_i.register_file_i.$proc$/workspace/incremental-synthesis/benchmarks/cv32e40p-eco-001-new/core/common/normalized_cv32e40p.v:42046$14411'.
Removing empty process `cv32e40p_register_file$cv32e40p_core.id_stage_i.register_file_i.$proc$/workspace/incremental-synthesis/benchmarks/cv32e40p-eco-001-new/core/common/normalized_cv32e40p.v:42043$14409'.
Removing empty process `cv32e40p_register_file$cv32e40p_core.id_stage_i.register_file_i.$proc$/workspace/incremental-synthesis/benchmarks/cv32e40p-eco-001-new/core/common/normalized_cv32e40p.v:42040$14407'.
Removing empty process `cv32e40p_prefetch_controller$cv32e40p_core.if_stage_i.prefetch_buffer_i.prefetch_controller_i.$proc$/workspace/incremental-synthesis/benchmarks/cv32e40p-eco-001-new/core/common/normalized_cv32e40p.v:40923$14005'.
Removing empty process `cv32e40p_prefetch_controller$cv32e40p_core.if_stage_i.prefetch_buffer_i.prefetch_controller_i.$proc$/workspace/incremental-synthesis/benchmarks/cv32e40p-eco-001-new/core/common/normalized_cv32e40p.v:40920$14003'.
Removing empty process `cv32e40p_prefetch_controller$cv32e40p_core.if_stage_i.prefetch_buffer_i.prefetch_controller_i.$proc$/workspace/incremental-synthesis/benchmarks/cv32e40p-eco-001-new/core/common/normalized_cv32e40p.v:40917$14001'.
Removing empty process `cv32e40p_prefetch_controller$cv32e40p_core.if_stage_i.prefetch_buffer_i.prefetch_controller_i.$proc$/workspace/incremental-synthesis/benchmarks/cv32e40p-eco-001-new/core/common/normalized_cv32e40p.v:40914$13999'.
Removing empty process `cv32e40p_prefetch_controller$cv32e40p_core.if_stage_i.prefetch_buffer_i.prefetch_controller_i.$proc$/workspace/incremental-synthesis/benchmarks/cv32e40p-eco-001-new/core/common/normalized_cv32e40p.v:40911$13997'.
Removing empty process `cv32e40p_prefetch_controller$cv32e40p_core.if_stage_i.prefetch_buffer_i.prefetch_controller_i.$proc$/workspace/incremental-synthesis/benchmarks/cv32e40p-eco-001-new/core/common/normalized_cv32e40p.v:40908$13995'.
Removing empty process `cv32e40p_obi_interface$cv32e40p_core.if_stage_i.prefetch_buffer_i.instruction_obi_i.$proc$/workspace/incremental-synthesis/benchmarks/cv32e40p-eco-001-new/core/common/normalized_cv32e40p.v:40277$13878'.
Removing empty process `cv32e40p_obi_interface$cv32e40p_core.if_stage_i.prefetch_buffer_i.instruction_obi_i.$proc$/workspace/incremental-synthesis/benchmarks/cv32e40p-eco-001-new/core/common/normalized_cv32e40p.v:40274$13876'.
Removing empty process `cv32e40p_obi_interface$cv32e40p_core.if_stage_i.prefetch_buffer_i.instruction_obi_i.$proc$/workspace/incremental-synthesis/benchmarks/cv32e40p-eco-001-new/core/common/normalized_cv32e40p.v:40271$13874'.
Removing empty process `cv32e40p_obi_interface$cv32e40p_core.if_stage_i.prefetch_buffer_i.instruction_obi_i.$proc$/workspace/incremental-synthesis/benchmarks/cv32e40p-eco-001-new/core/common/normalized_cv32e40p.v:40268$13872'.
Removing empty process `cv32e40p_obi_interface$cv32e40p_core.if_stage_i.prefetch_buffer_i.instruction_obi_i.$proc$/workspace/incremental-synthesis/benchmarks/cv32e40p-eco-001-new/core/common/normalized_cv32e40p.v:40265$13870'.
Removing empty process `cv32e40p_obi_interface$cv32e40p_core.if_stage_i.prefetch_buffer_i.instruction_obi_i.$proc$/workspace/incremental-synthesis/benchmarks/cv32e40p-eco-001-new/core/common/normalized_cv32e40p.v:40262$13868'.
Removing empty process `cv32e40p_mult$cv32e40p_core.ex_stage_i.mult_i.$proc$/workspace/incremental-synthesis/benchmarks/cv32e40p-eco-001-new/core/common/normalized_cv32e40p.v:40042$13804'.
Removing empty process `cv32e40p_mult$cv32e40p_core.ex_stage_i.mult_i.$proc$/workspace/incremental-synthesis/benchmarks/cv32e40p-eco-001-new/core/common/normalized_cv32e40p.v:40039$13802'.
Removing empty process `cv32e40p_load_store_unit$cv32e40p_core.load_store_unit_i.$proc$/workspace/incremental-synthesis/benchmarks/cv32e40p-eco-001-new/core/common/normalized_cv32e40p.v:39316$13546'.
Removing empty process `cv32e40p_load_store_unit$cv32e40p_core.load_store_unit_i.$proc$/workspace/incremental-synthesis/benchmarks/cv32e40p-eco-001-new/core/common/normalized_cv32e40p.v:39313$13544'.
Removing empty process `cv32e40p_load_store_unit$cv32e40p_core.load_store_unit_i.$proc$/workspace/incremental-synthesis/benchmarks/cv32e40p-eco-001-new/core/common/normalized_cv32e40p.v:39310$13542'.
Removing empty process `cv32e40p_load_store_unit$cv32e40p_core.load_store_unit_i.$proc$/workspace/incremental-synthesis/benchmarks/cv32e40p-eco-001-new/core/common/normalized_cv32e40p.v:39307$13540'.
Removing empty process `cv32e40p_load_store_unit$cv32e40p_core.load_store_unit_i.$proc$/workspace/incremental-synthesis/benchmarks/cv32e40p-eco-001-new/core/common/normalized_cv32e40p.v:39304$13538'.
Removing empty process `cv32e40p_load_store_unit$cv32e40p_core.load_store_unit_i.$proc$/workspace/incremental-synthesis/benchmarks/cv32e40p-eco-001-new/core/common/normalized_cv32e40p.v:39301$13536'.
Removing empty process `cv32e40p_load_store_unit$cv32e40p_core.load_store_unit_i.$proc$/workspace/incremental-synthesis/benchmarks/cv32e40p-eco-001-new/core/common/normalized_cv32e40p.v:39298$13534'.
Removing empty process `cv32e40p_int_controller$cv32e40p_core.id_stage_i.int_controller_i.$proc$/workspace/incremental-synthesis/benchmarks/cv32e40p-eco-001-new/core/common/normalized_cv32e40p.v:37614$12891'.
Removing empty process `cv32e40p_int_controller$cv32e40p_core.id_stage_i.int_controller_i.$proc$/workspace/incremental-synthesis/benchmarks/cv32e40p-eco-001-new/core/common/normalized_cv32e40p.v:37611$12889'.
Removing empty process `cv32e40p_if_stage$cv32e40p_core.if_stage_i.$proc$/workspace/incremental-synthesis/benchmarks/cv32e40p-eco-001-new/core/common/normalized_cv32e40p.v:36357$12849'.
Removing empty process `cv32e40p_if_stage$cv32e40p_core.if_stage_i.$proc$/workspace/incremental-synthesis/benchmarks/cv32e40p-eco-001-new/core/common/normalized_cv32e40p.v:36354$12847'.
Removing empty process `cv32e40p_if_stage$cv32e40p_core.if_stage_i.$proc$/workspace/incremental-synthesis/benchmarks/cv32e40p-eco-001-new/core/common/normalized_cv32e40p.v:36351$12845'.
Removing empty process `cv32e40p_if_stage$cv32e40p_core.if_stage_i.$proc$/workspace/incremental-synthesis/benchmarks/cv32e40p-eco-001-new/core/common/normalized_cv32e40p.v:36348$12843'.
Removing empty process `cv32e40p_if_stage$cv32e40p_core.if_stage_i.$proc$/workspace/incremental-synthesis/benchmarks/cv32e40p-eco-001-new/core/common/normalized_cv32e40p.v:36345$12841'.
Removing empty process `cv32e40p_if_stage$cv32e40p_core.if_stage_i.$proc$/workspace/incremental-synthesis/benchmarks/cv32e40p-eco-001-new/core/common/normalized_cv32e40p.v:36342$12839'.
Removing empty process `cv32e40p_id_stage$cv32e40p_core.id_stage_i.$proc$/workspace/incremental-synthesis/benchmarks/cv32e40p-eco-001-new/core/common/normalized_cv32e40p.v:34481$12229'.
Removing empty process `cv32e40p_id_stage$cv32e40p_core.id_stage_i.$proc$/workspace/incremental-synthesis/benchmarks/cv32e40p-eco-001-new/core/common/normalized_cv32e40p.v:34478$12227'.
Removing empty process `cv32e40p_id_stage$cv32e40p_core.id_stage_i.$proc$/workspace/incremental-synthesis/benchmarks/cv32e40p-eco-001-new/core/common/normalized_cv32e40p.v:34475$12225'.
Removing empty process `cv32e40p_id_stage$cv32e40p_core.id_stage_i.$proc$/workspace/incremental-synthesis/benchmarks/cv32e40p-eco-001-new/core/common/normalized_cv32e40p.v:34472$12223'.
Removing empty process `cv32e40p_id_stage$cv32e40p_core.id_stage_i.$proc$/workspace/incremental-synthesis/benchmarks/cv32e40p-eco-001-new/core/common/normalized_cv32e40p.v:34469$12221'.
Removing empty process `cv32e40p_id_stage$cv32e40p_core.id_stage_i.$proc$/workspace/incremental-synthesis/benchmarks/cv32e40p-eco-001-new/core/common/normalized_cv32e40p.v:34466$12219'.
Removing empty process `cv32e40p_id_stage$cv32e40p_core.id_stage_i.$proc$/workspace/incremental-synthesis/benchmarks/cv32e40p-eco-001-new/core/common/normalized_cv32e40p.v:34463$12217'.
Removing empty process `cv32e40p_id_stage$cv32e40p_core.id_stage_i.$proc$/workspace/incremental-synthesis/benchmarks/cv32e40p-eco-001-new/core/common/normalized_cv32e40p.v:34460$12215'.
Removing empty process `cv32e40p_id_stage$cv32e40p_core.id_stage_i.$proc$/workspace/incremental-synthesis/benchmarks/cv32e40p-eco-001-new/core/common/normalized_cv32e40p.v:34457$12213'.
Removing empty process `cv32e40p_id_stage$cv32e40p_core.id_stage_i.$proc$/workspace/incremental-synthesis/benchmarks/cv32e40p-eco-001-new/core/common/normalized_cv32e40p.v:34454$12211'.
Removing empty process `cv32e40p_id_stage$cv32e40p_core.id_stage_i.$proc$/workspace/incremental-synthesis/benchmarks/cv32e40p-eco-001-new/core/common/normalized_cv32e40p.v:34451$12209'.
Removing empty process `cv32e40p_id_stage$cv32e40p_core.id_stage_i.$proc$/workspace/incremental-synthesis/benchmarks/cv32e40p-eco-001-new/core/common/normalized_cv32e40p.v:34448$12207'.
Removing empty process `cv32e40p_id_stage$cv32e40p_core.id_stage_i.$proc$/workspace/incremental-synthesis/benchmarks/cv32e40p-eco-001-new/core/common/normalized_cv32e40p.v:34445$12205'.
Removing empty process `cv32e40p_id_stage$cv32e40p_core.id_stage_i.$proc$/workspace/incremental-synthesis/benchmarks/cv32e40p-eco-001-new/core/common/normalized_cv32e40p.v:34442$12203'.
Removing empty process `cv32e40p_id_stage$cv32e40p_core.id_stage_i.$proc$/workspace/incremental-synthesis/benchmarks/cv32e40p-eco-001-new/core/common/normalized_cv32e40p.v:34439$12201'.
Removing empty process `cv32e40p_id_stage$cv32e40p_core.id_stage_i.$proc$/workspace/incremental-synthesis/benchmarks/cv32e40p-eco-001-new/core/common/normalized_cv32e40p.v:34436$12199'.
Removing empty process `cv32e40p_id_stage$cv32e40p_core.id_stage_i.$proc$/workspace/incremental-synthesis/benchmarks/cv32e40p-eco-001-new/core/common/normalized_cv32e40p.v:34433$12197'.
Removing empty process `cv32e40p_id_stage$cv32e40p_core.id_stage_i.$proc$/workspace/incremental-synthesis/benchmarks/cv32e40p-eco-001-new/core/common/normalized_cv32e40p.v:34430$12195'.
Removing empty process `cv32e40p_id_stage$cv32e40p_core.id_stage_i.$proc$/workspace/incremental-synthesis/benchmarks/cv32e40p-eco-001-new/core/common/normalized_cv32e40p.v:34427$12193'.
Removing empty process `cv32e40p_id_stage$cv32e40p_core.id_stage_i.$proc$/workspace/incremental-synthesis/benchmarks/cv32e40p-eco-001-new/core/common/normalized_cv32e40p.v:34424$12191'.
Removing empty process `cv32e40p_id_stage$cv32e40p_core.id_stage_i.$proc$/workspace/incremental-synthesis/benchmarks/cv32e40p-eco-001-new/core/common/normalized_cv32e40p.v:34421$12189'.
Removing empty process `cv32e40p_id_stage$cv32e40p_core.id_stage_i.$proc$/workspace/incremental-synthesis/benchmarks/cv32e40p-eco-001-new/core/common/normalized_cv32e40p.v:34418$12187'.
Removing empty process `cv32e40p_id_stage$cv32e40p_core.id_stage_i.$proc$/workspace/incremental-synthesis/benchmarks/cv32e40p-eco-001-new/core/common/normalized_cv32e40p.v:34415$12185'.
Removing empty process `cv32e40p_id_stage$cv32e40p_core.id_stage_i.$proc$/workspace/incremental-synthesis/benchmarks/cv32e40p-eco-001-new/core/common/normalized_cv32e40p.v:34412$12183'.
Removing empty process `cv32e40p_id_stage$cv32e40p_core.id_stage_i.$proc$/workspace/incremental-synthesis/benchmarks/cv32e40p-eco-001-new/core/common/normalized_cv32e40p.v:34409$12181'.
Removing empty process `cv32e40p_id_stage$cv32e40p_core.id_stage_i.$proc$/workspace/incremental-synthesis/benchmarks/cv32e40p-eco-001-new/core/common/normalized_cv32e40p.v:34406$12179'.
Removing empty process `cv32e40p_id_stage$cv32e40p_core.id_stage_i.$proc$/workspace/incremental-synthesis/benchmarks/cv32e40p-eco-001-new/core/common/normalized_cv32e40p.v:34403$12177'.
Removing empty process `cv32e40p_id_stage$cv32e40p_core.id_stage_i.$proc$/workspace/incremental-synthesis/benchmarks/cv32e40p-eco-001-new/core/common/normalized_cv32e40p.v:34400$12175'.
Removing empty process `cv32e40p_id_stage$cv32e40p_core.id_stage_i.$proc$/workspace/incremental-synthesis/benchmarks/cv32e40p-eco-001-new/core/common/normalized_cv32e40p.v:34397$12173'.
Removing empty process `cv32e40p_id_stage$cv32e40p_core.id_stage_i.$proc$/workspace/incremental-synthesis/benchmarks/cv32e40p-eco-001-new/core/common/normalized_cv32e40p.v:34394$12171'.
Removing empty process `cv32e40p_id_stage$cv32e40p_core.id_stage_i.$proc$/workspace/incremental-synthesis/benchmarks/cv32e40p-eco-001-new/core/common/normalized_cv32e40p.v:34391$12169'.
Removing empty process `cv32e40p_id_stage$cv32e40p_core.id_stage_i.$proc$/workspace/incremental-synthesis/benchmarks/cv32e40p-eco-001-new/core/common/normalized_cv32e40p.v:34388$12167'.
Removing empty process `cv32e40p_id_stage$cv32e40p_core.id_stage_i.$proc$/workspace/incremental-synthesis/benchmarks/cv32e40p-eco-001-new/core/common/normalized_cv32e40p.v:34385$12165'.
Removing empty process `cv32e40p_id_stage$cv32e40p_core.id_stage_i.$proc$/workspace/incremental-synthesis/benchmarks/cv32e40p-eco-001-new/core/common/normalized_cv32e40p.v:34382$12163'.
Removing empty process `cv32e40p_id_stage$cv32e40p_core.id_stage_i.$proc$/workspace/incremental-synthesis/benchmarks/cv32e40p-eco-001-new/core/common/normalized_cv32e40p.v:34379$12161'.
Removing empty process `cv32e40p_id_stage$cv32e40p_core.id_stage_i.$proc$/workspace/incremental-synthesis/benchmarks/cv32e40p-eco-001-new/core/common/normalized_cv32e40p.v:34376$12159'.
Removing empty process `cv32e40p_id_stage$cv32e40p_core.id_stage_i.$proc$/workspace/incremental-synthesis/benchmarks/cv32e40p-eco-001-new/core/common/normalized_cv32e40p.v:34373$12157'.
Removing empty process `cv32e40p_id_stage$cv32e40p_core.id_stage_i.$proc$/workspace/incremental-synthesis/benchmarks/cv32e40p-eco-001-new/core/common/normalized_cv32e40p.v:34370$12155'.
Removing empty process `cv32e40p_id_stage$cv32e40p_core.id_stage_i.$proc$/workspace/incremental-synthesis/benchmarks/cv32e40p-eco-001-new/core/common/normalized_cv32e40p.v:34367$12153'.
Removing empty process `cv32e40p_id_stage$cv32e40p_core.id_stage_i.$proc$/workspace/incremental-synthesis/benchmarks/cv32e40p-eco-001-new/core/common/normalized_cv32e40p.v:34364$12151'.
Removing empty process `cv32e40p_id_stage$cv32e40p_core.id_stage_i.$proc$/workspace/incremental-synthesis/benchmarks/cv32e40p-eco-001-new/core/common/normalized_cv32e40p.v:34361$12149'.
Removing empty process `cv32e40p_id_stage$cv32e40p_core.id_stage_i.$proc$/workspace/incremental-synthesis/benchmarks/cv32e40p-eco-001-new/core/common/normalized_cv32e40p.v:34358$12147'.
Removing empty process `cv32e40p_id_stage$cv32e40p_core.id_stage_i.$proc$/workspace/incremental-synthesis/benchmarks/cv32e40p-eco-001-new/core/common/normalized_cv32e40p.v:34355$12145'.
Removing empty process `cv32e40p_id_stage$cv32e40p_core.id_stage_i.$proc$/workspace/incremental-synthesis/benchmarks/cv32e40p-eco-001-new/core/common/normalized_cv32e40p.v:34352$12143'.
Removing empty process `cv32e40p_id_stage$cv32e40p_core.id_stage_i.$proc$/workspace/incremental-synthesis/benchmarks/cv32e40p-eco-001-new/core/common/normalized_cv32e40p.v:34349$12141'.
Removing empty process `cv32e40p_id_stage$cv32e40p_core.id_stage_i.$proc$/workspace/incremental-synthesis/benchmarks/cv32e40p-eco-001-new/core/common/normalized_cv32e40p.v:34346$12139'.
Removing empty process `cv32e40p_id_stage$cv32e40p_core.id_stage_i.$proc$/workspace/incremental-synthesis/benchmarks/cv32e40p-eco-001-new/core/common/normalized_cv32e40p.v:34343$12137'.
Removing empty process `cv32e40p_id_stage$cv32e40p_core.id_stage_i.$proc$/workspace/incremental-synthesis/benchmarks/cv32e40p-eco-001-new/core/common/normalized_cv32e40p.v:34340$12135'.
Removing empty process `cv32e40p_id_stage$cv32e40p_core.id_stage_i.$proc$/workspace/incremental-synthesis/benchmarks/cv32e40p-eco-001-new/core/common/normalized_cv32e40p.v:34337$12133'.
Removing empty process `cv32e40p_id_stage$cv32e40p_core.id_stage_i.$proc$/workspace/incremental-synthesis/benchmarks/cv32e40p-eco-001-new/core/common/normalized_cv32e40p.v:34334$12131'.
Removing empty process `cv32e40p_id_stage$cv32e40p_core.id_stage_i.$proc$/workspace/incremental-synthesis/benchmarks/cv32e40p-eco-001-new/core/common/normalized_cv32e40p.v:34331$12129'.
Removing empty process `cv32e40p_id_stage$cv32e40p_core.id_stage_i.$proc$/workspace/incremental-synthesis/benchmarks/cv32e40p-eco-001-new/core/common/normalized_cv32e40p.v:34328$12127'.
Removing empty process `cv32e40p_id_stage$cv32e40p_core.id_stage_i.$proc$/workspace/incremental-synthesis/benchmarks/cv32e40p-eco-001-new/core/common/normalized_cv32e40p.v:34325$12125'.
Removing empty process `cv32e40p_id_stage$cv32e40p_core.id_stage_i.$proc$/workspace/incremental-synthesis/benchmarks/cv32e40p-eco-001-new/core/common/normalized_cv32e40p.v:34322$12123'.
Removing empty process `cv32e40p_id_stage$cv32e40p_core.id_stage_i.$proc$/workspace/incremental-synthesis/benchmarks/cv32e40p-eco-001-new/core/common/normalized_cv32e40p.v:34319$12121'.
Removing empty process `cv32e40p_id_stage$cv32e40p_core.id_stage_i.$proc$/workspace/incremental-synthesis/benchmarks/cv32e40p-eco-001-new/core/common/normalized_cv32e40p.v:34316$12119'.
Removing empty process `cv32e40p_id_stage$cv32e40p_core.id_stage_i.$proc$/workspace/incremental-synthesis/benchmarks/cv32e40p-eco-001-new/core/common/normalized_cv32e40p.v:34313$12117'.
Removing empty process `cv32e40p_id_stage$cv32e40p_core.id_stage_i.$proc$/workspace/incremental-synthesis/benchmarks/cv32e40p-eco-001-new/core/common/normalized_cv32e40p.v:34310$12115'.
Removing empty process `cv32e40p_id_stage$cv32e40p_core.id_stage_i.$proc$/workspace/incremental-synthesis/benchmarks/cv32e40p-eco-001-new/core/common/normalized_cv32e40p.v:34307$12113'.
Removing empty process `cv32e40p_id_stage$cv32e40p_core.id_stage_i.$proc$/workspace/incremental-synthesis/benchmarks/cv32e40p-eco-001-new/core/common/normalized_cv32e40p.v:34304$12111'.
Removing empty process `cv32e40p_id_stage$cv32e40p_core.id_stage_i.$proc$/workspace/incremental-synthesis/benchmarks/cv32e40p-eco-001-new/core/common/normalized_cv32e40p.v:34301$12109'.
Removing empty process `cv32e40p_id_stage$cv32e40p_core.id_stage_i.$proc$/workspace/incremental-synthesis/benchmarks/cv32e40p-eco-001-new/core/common/normalized_cv32e40p.v:34298$12107'.
Removing empty process `cv32e40p_id_stage$cv32e40p_core.id_stage_i.$proc$/workspace/incremental-synthesis/benchmarks/cv32e40p-eco-001-new/core/common/normalized_cv32e40p.v:34295$12105'.
Removing empty process `cv32e40p_id_stage$cv32e40p_core.id_stage_i.$proc$/workspace/incremental-synthesis/benchmarks/cv32e40p-eco-001-new/core/common/normalized_cv32e40p.v:34292$12103'.
Removing empty process `cv32e40p_hwloop_regs$cv32e40p_core.id_stage_i.gen_hwloop_regs.hwloop_regs_i.$proc$/workspace/incremental-synthesis/benchmarks/cv32e40p-eco-001-new/core/common/normalized_cv32e40p.v:31910$11920'.
Found and cleaned up 1 empty switch in `\cv32e40p_hwloop_regs$cv32e40p_core.id_stage_i.gen_hwloop_regs.hwloop_regs_i.$proc$/workspace/incremental-synthesis/benchmarks/cv32e40p-eco-001-new/core/common/normalized_cv32e40p.v:31968$11911'.
Removing empty process `cv32e40p_hwloop_regs$cv32e40p_core.id_stage_i.gen_hwloop_regs.hwloop_regs_i.$proc$/workspace/incremental-synthesis/benchmarks/cv32e40p-eco-001-new/core/common/normalized_cv32e40p.v:31968$11911'.
Removing empty process `cv32e40p_hwloop_regs$cv32e40p_core.id_stage_i.gen_hwloop_regs.hwloop_regs_i.$proc$/workspace/incremental-synthesis/benchmarks/cv32e40p-eco-001-new/core/common/normalized_cv32e40p.v:31965$11909'.
Removing empty process `cv32e40p_hwloop_regs$cv32e40p_core.id_stage_i.gen_hwloop_regs.hwloop_regs_i.$proc$/workspace/incremental-synthesis/benchmarks/cv32e40p-eco-001-new/core/common/normalized_cv32e40p.v:31962$11907'.
Removing empty process `cv32e40p_hwloop_regs$cv32e40p_core.id_stage_i.gen_hwloop_regs.hwloop_regs_i.$proc$/workspace/incremental-synthesis/benchmarks/cv32e40p-eco-001-new/core/common/normalized_cv32e40p.v:31959$11905'.
Removing empty process `cv32e40p_hwloop_regs$cv32e40p_core.id_stage_i.gen_hwloop_regs.hwloop_regs_i.$proc$/workspace/incremental-synthesis/benchmarks/cv32e40p-eco-001-new/core/common/normalized_cv32e40p.v:31956$11903'.
Removing empty process `cv32e40p_hwloop_regs$cv32e40p_core.id_stage_i.gen_hwloop_regs.hwloop_regs_i.$proc$/workspace/incremental-synthesis/benchmarks/cv32e40p-eco-001-new/core/common/normalized_cv32e40p.v:31953$11901'.
Removing empty process `cv32e40p_hwloop_regs$cv32e40p_core.id_stage_i.gen_hwloop_regs.hwloop_regs_i.$proc$/workspace/incremental-synthesis/benchmarks/cv32e40p-eco-001-new/core/common/normalized_cv32e40p.v:31950$11899'.
Removing empty process `cv32e40p_fifo$cv32e40p_core.if_stage_i.prefetch_buffer_i.fifo_i.$proc$/workspace/incremental-synthesis/benchmarks/cv32e40p-eco-001-new/core/common/normalized_cv32e40p.v:31760$11853'.
Removing empty process `cv32e40p_fifo$cv32e40p_core.if_stage_i.prefetch_buffer_i.fifo_i.$proc$/workspace/incremental-synthesis/benchmarks/cv32e40p-eco-001-new/core/common/normalized_cv32e40p.v:31757$11851'.
Removing empty process `cv32e40p_fifo$cv32e40p_core.if_stage_i.prefetch_buffer_i.fifo_i.$proc$/workspace/incremental-synthesis/benchmarks/cv32e40p-eco-001-new/core/common/normalized_cv32e40p.v:31754$11849'.
Removing empty process `cv32e40p_fifo$cv32e40p_core.if_stage_i.prefetch_buffer_i.fifo_i.$proc$/workspace/incremental-synthesis/benchmarks/cv32e40p-eco-001-new/core/common/normalized_cv32e40p.v:31751$11847'.
Removing empty process `cv32e40p_fifo$cv32e40p_core.if_stage_i.prefetch_buffer_i.fifo_i.$proc$/workspace/incremental-synthesis/benchmarks/cv32e40p-eco-001-new/core/common/normalized_cv32e40p.v:31748$11845'.
Removing empty process `cv32e40p_ex_stage$cv32e40p_core.ex_stage_i.$proc$/workspace/incremental-synthesis/benchmarks/cv32e40p-eco-001-new/core/common/normalized_cv32e40p.v:31114$11694'.
Removing empty process `cv32e40p_ex_stage$cv32e40p_core.ex_stage_i.$proc$/workspace/incremental-synthesis/benchmarks/cv32e40p-eco-001-new/core/common/normalized_cv32e40p.v:31111$11692'.
Removing empty process `cv32e40p_cs_registers$cv32e40p_core.cs_registers_i.$proc$/workspace/incremental-synthesis/benchmarks/cv32e40p-eco-001-new/core/common/normalized_cv32e40p.v:17751$5232'.
Removing empty process `cv32e40p_cs_registers$cv32e40p_core.cs_registers_i.$proc$/workspace/incremental-synthesis/benchmarks/cv32e40p-eco-001-new/core/common/normalized_cv32e40p.v:17748$5230'.
Removing empty process `cv32e40p_cs_registers$cv32e40p_core.cs_registers_i.$proc$/workspace/incremental-synthesis/benchmarks/cv32e40p-eco-001-new/core/common/normalized_cv32e40p.v:17745$5228'.
Removing empty process `cv32e40p_cs_registers$cv32e40p_core.cs_registers_i.$proc$/workspace/incremental-synthesis/benchmarks/cv32e40p-eco-001-new/core/common/normalized_cv32e40p.v:17742$5226'.
Removing empty process `cv32e40p_cs_registers$cv32e40p_core.cs_registers_i.$proc$/workspace/incremental-synthesis/benchmarks/cv32e40p-eco-001-new/core/common/normalized_cv32e40p.v:17739$5224'.
Removing empty process `cv32e40p_cs_registers$cv32e40p_core.cs_registers_i.$proc$/workspace/incremental-synthesis/benchmarks/cv32e40p-eco-001-new/core/common/normalized_cv32e40p.v:17736$5222'.
Removing empty process `cv32e40p_cs_registers$cv32e40p_core.cs_registers_i.$proc$/workspace/incremental-synthesis/benchmarks/cv32e40p-eco-001-new/core/common/normalized_cv32e40p.v:17733$5220'.
Removing empty process `cv32e40p_cs_registers$cv32e40p_core.cs_registers_i.$proc$/workspace/incremental-synthesis/benchmarks/cv32e40p-eco-001-new/core/common/normalized_cv32e40p.v:17730$5218'.
Removing empty process `cv32e40p_cs_registers$cv32e40p_core.cs_registers_i.$proc$/workspace/incremental-synthesis/benchmarks/cv32e40p-eco-001-new/core/common/normalized_cv32e40p.v:17727$5216'.
Removing empty process `cv32e40p_cs_registers$cv32e40p_core.cs_registers_i.$proc$/workspace/incremental-synthesis/benchmarks/cv32e40p-eco-001-new/core/common/normalized_cv32e40p.v:17724$5214'.
Removing empty process `cv32e40p_cs_registers$cv32e40p_core.cs_registers_i.$proc$/workspace/incremental-synthesis/benchmarks/cv32e40p-eco-001-new/core/common/normalized_cv32e40p.v:17720$5212'.
Removing empty process `cv32e40p_cs_registers$cv32e40p_core.cs_registers_i.$proc$/workspace/incremental-synthesis/benchmarks/cv32e40p-eco-001-new/core/common/normalized_cv32e40p.v:17715$5210'.
Removing empty process `cv32e40p_cs_registers$cv32e40p_core.cs_registers_i.$proc$/workspace/incremental-synthesis/benchmarks/cv32e40p-eco-001-new/core/common/normalized_cv32e40p.v:17710$5208'.
Removing empty process `cv32e40p_cs_registers$cv32e40p_core.cs_registers_i.$proc$/workspace/incremental-synthesis/benchmarks/cv32e40p-eco-001-new/core/common/normalized_cv32e40p.v:17705$5206'.
Removing empty process `cv32e40p_cs_registers$cv32e40p_core.cs_registers_i.$proc$/workspace/incremental-synthesis/benchmarks/cv32e40p-eco-001-new/core/common/normalized_cv32e40p.v:17701$5204'.
Removing empty process `cv32e40p_cs_registers$cv32e40p_core.cs_registers_i.$proc$/workspace/incremental-synthesis/benchmarks/cv32e40p-eco-001-new/core/common/normalized_cv32e40p.v:17697$5202'.
Removing empty process `cv32e40p_cs_registers$cv32e40p_core.cs_registers_i.$proc$/workspace/incremental-synthesis/benchmarks/cv32e40p-eco-001-new/core/common/normalized_cv32e40p.v:17692$5200'.
Removing empty process `cv32e40p_cs_registers$cv32e40p_core.cs_registers_i.$proc$/workspace/incremental-synthesis/benchmarks/cv32e40p-eco-001-new/core/common/normalized_cv32e40p.v:17687$5198'.
Removing empty process `cv32e40p_cs_registers$cv32e40p_core.cs_registers_i.$proc$/workspace/incremental-synthesis/benchmarks/cv32e40p-eco-001-new/core/common/normalized_cv32e40p.v:17683$5196'.
Removing empty process `cv32e40p_cs_registers$cv32e40p_core.cs_registers_i.$proc$/workspace/incremental-synthesis/benchmarks/cv32e40p-eco-001-new/core/common/normalized_cv32e40p.v:17680$5194'.
Removing empty process `cv32e40p_cs_registers$cv32e40p_core.cs_registers_i.$proc$/workspace/incremental-synthesis/benchmarks/cv32e40p-eco-001-new/core/common/normalized_cv32e40p.v:17677$5192'.
Removing empty process `cv32e40p_cs_registers$cv32e40p_core.cs_registers_i.$proc$/workspace/incremental-synthesis/benchmarks/cv32e40p-eco-001-new/core/common/normalized_cv32e40p.v:17674$5190'.
Removing empty process `cv32e40p_cs_registers$cv32e40p_core.cs_registers_i.$proc$/workspace/incremental-synthesis/benchmarks/cv32e40p-eco-001-new/core/common/normalized_cv32e40p.v:17671$5188'.
Removing empty process `cv32e40p_cs_registers$cv32e40p_core.cs_registers_i.$proc$/workspace/incremental-synthesis/benchmarks/cv32e40p-eco-001-new/core/common/normalized_cv32e40p.v:17668$5186'.
Removing empty process `cv32e40p_cs_registers$cv32e40p_core.cs_registers_i.$proc$/workspace/incremental-synthesis/benchmarks/cv32e40p-eco-001-new/core/common/normalized_cv32e40p.v:17665$5184'.
Removing empty process `cv32e40p_cs_registers$cv32e40p_core.cs_registers_i.$proc$/workspace/incremental-synthesis/benchmarks/cv32e40p-eco-001-new/core/common/normalized_cv32e40p.v:17662$5182'.
Removing empty process `cv32e40p_cs_registers$cv32e40p_core.cs_registers_i.$proc$/workspace/incremental-synthesis/benchmarks/cv32e40p-eco-001-new/core/common/normalized_cv32e40p.v:17659$5180'.
Removing empty process `cv32e40p_cs_registers$cv32e40p_core.cs_registers_i.$proc$/workspace/incremental-synthesis/benchmarks/cv32e40p-eco-001-new/core/common/normalized_cv32e40p.v:17656$5178'.
Removing empty process `cv32e40p_cs_registers$cv32e40p_core.cs_registers_i.$proc$/workspace/incremental-synthesis/benchmarks/cv32e40p-eco-001-new/core/common/normalized_cv32e40p.v:17653$5176'.
Removing empty process `cv32e40p_cs_registers$cv32e40p_core.cs_registers_i.$proc$/workspace/incremental-synthesis/benchmarks/cv32e40p-eco-001-new/core/common/normalized_cv32e40p.v:17650$5174'.
Removing empty process `cv32e40p_cs_registers$cv32e40p_core.cs_registers_i.$proc$/workspace/incremental-synthesis/benchmarks/cv32e40p-eco-001-new/core/common/normalized_cv32e40p.v:17647$5172'.
Removing empty process `cv32e40p_cs_registers$cv32e40p_core.cs_registers_i.$proc$/workspace/incremental-synthesis/benchmarks/cv32e40p-eco-001-new/core/common/normalized_cv32e40p.v:17644$5170'.
Removing empty process `cv32e40p_cs_registers$cv32e40p_core.cs_registers_i.$proc$/workspace/incremental-synthesis/benchmarks/cv32e40p-eco-001-new/core/common/normalized_cv32e40p.v:17641$5168'.
Removing empty process `cv32e40p_cs_registers$cv32e40p_core.cs_registers_i.$proc$/workspace/incremental-synthesis/benchmarks/cv32e40p-eco-001-new/core/common/normalized_cv32e40p.v:17638$5166'.
Removing empty process `cv32e40p_cs_registers$cv32e40p_core.cs_registers_i.$proc$/workspace/incremental-synthesis/benchmarks/cv32e40p-eco-001-new/core/common/normalized_cv32e40p.v:17635$5164'.
Removing empty process `cv32e40p_cs_registers$cv32e40p_core.cs_registers_i.$proc$/workspace/incremental-synthesis/benchmarks/cv32e40p-eco-001-new/core/common/normalized_cv32e40p.v:17632$5162'.
Removing empty process `cv32e40p_cs_registers$cv32e40p_core.cs_registers_i.$proc$/workspace/incremental-synthesis/benchmarks/cv32e40p-eco-001-new/core/common/normalized_cv32e40p.v:17629$5160'.
Removing empty process `cv32e40p_cs_registers$cv32e40p_core.cs_registers_i.$proc$/workspace/incremental-synthesis/benchmarks/cv32e40p-eco-001-new/core/common/normalized_cv32e40p.v:17626$5158'.
Removing empty process `cv32e40p_cs_registers$cv32e40p_core.cs_registers_i.$proc$/workspace/incremental-synthesis/benchmarks/cv32e40p-eco-001-new/core/common/normalized_cv32e40p.v:17623$5156'.
Removing empty process `cv32e40p_controller$cv32e40p_core.id_stage_i.controller_i.$proc$/workspace/incremental-synthesis/benchmarks/cv32e40p-eco-001-new/core/common/normalized_cv32e40p.v:10360$2235'.
Removing empty process `cv32e40p_controller$cv32e40p_core.id_stage_i.controller_i.$proc$/workspace/incremental-synthesis/benchmarks/cv32e40p-eco-001-new/core/common/normalized_cv32e40p.v:10357$2233'.
Removing empty process `cv32e40p_controller$cv32e40p_core.id_stage_i.controller_i.$proc$/workspace/incremental-synthesis/benchmarks/cv32e40p-eco-001-new/core/common/normalized_cv32e40p.v:10354$2231'.
Removing empty process `cv32e40p_controller$cv32e40p_core.id_stage_i.controller_i.$proc$/workspace/incremental-synthesis/benchmarks/cv32e40p-eco-001-new/core/common/normalized_cv32e40p.v:10351$2229'.
Removing empty process `cv32e40p_controller$cv32e40p_core.id_stage_i.controller_i.$proc$/workspace/incremental-synthesis/benchmarks/cv32e40p-eco-001-new/core/common/normalized_cv32e40p.v:10348$2227'.
Removing empty process `cv32e40p_controller$cv32e40p_core.id_stage_i.controller_i.$proc$/workspace/incremental-synthesis/benchmarks/cv32e40p-eco-001-new/core/common/normalized_cv32e40p.v:10345$2225'.
Removing empty process `cv32e40p_controller$cv32e40p_core.id_stage_i.controller_i.$proc$/workspace/incremental-synthesis/benchmarks/cv32e40p-eco-001-new/core/common/normalized_cv32e40p.v:10342$2223'.
Removing empty process `cv32e40p_controller$cv32e40p_core.id_stage_i.controller_i.$proc$/workspace/incremental-synthesis/benchmarks/cv32e40p-eco-001-new/core/common/normalized_cv32e40p.v:10339$2221'.
Removing empty process `cv32e40p_controller$cv32e40p_core.id_stage_i.controller_i.$proc$/workspace/incremental-synthesis/benchmarks/cv32e40p-eco-001-new/core/common/normalized_cv32e40p.v:10336$2219'.
Removing empty process `cv32e40p_controller$cv32e40p_core.id_stage_i.controller_i.$proc$/workspace/incremental-synthesis/benchmarks/cv32e40p-eco-001-new/core/common/normalized_cv32e40p.v:10333$2217'.
Found and cleaned up 1 empty switch in `\cv32e40p_clock_gate$cv32e40p_core.sleep_unit_i.core_clock_gate_i.$proc$/workspace/incremental-synthesis/benchmarks/cv32e40p-eco-001-new/core/common/normalized_cv32e40p.v:2708$934'.
Removing empty process `cv32e40p_clock_gate$cv32e40p_core.sleep_unit_i.core_clock_gate_i.$proc$/workspace/incremental-synthesis/benchmarks/cv32e40p-eco-001-new/core/common/normalized_cv32e40p.v:2708$934'.
Removing empty process `cv32e40p_alu_div$cv32e40p_core.ex_stage_i.alu_i.alu_div_i.$proc$/workspace/incremental-synthesis/benchmarks/cv32e40p-eco-001-new/core/common/normalized_cv32e40p.v:2620$896'.
Removing empty process `cv32e40p_alu_div$cv32e40p_core.ex_stage_i.alu_i.alu_div_i.$proc$/workspace/incremental-synthesis/benchmarks/cv32e40p-eco-001-new/core/common/normalized_cv32e40p.v:2617$894'.
Removing empty process `cv32e40p_alu_div$cv32e40p_core.ex_stage_i.alu_i.alu_div_i.$proc$/workspace/incremental-synthesis/benchmarks/cv32e40p-eco-001-new/core/common/normalized_cv32e40p.v:2614$892'.
Removing empty process `cv32e40p_alu_div$cv32e40p_core.ex_stage_i.alu_i.alu_div_i.$proc$/workspace/incremental-synthesis/benchmarks/cv32e40p-eco-001-new/core/common/normalized_cv32e40p.v:2611$890'.
Removing empty process `cv32e40p_alu_div$cv32e40p_core.ex_stage_i.alu_i.alu_div_i.$proc$/workspace/incremental-synthesis/benchmarks/cv32e40p-eco-001-new/core/common/normalized_cv32e40p.v:2608$888'.
Removing empty process `cv32e40p_alu_div$cv32e40p_core.ex_stage_i.alu_i.alu_div_i.$proc$/workspace/incremental-synthesis/benchmarks/cv32e40p-eco-001-new/core/common/normalized_cv32e40p.v:2605$886'.
Removing empty process `cv32e40p_alu_div$cv32e40p_core.ex_stage_i.alu_i.alu_div_i.$proc$/workspace/incremental-synthesis/benchmarks/cv32e40p-eco-001-new/core/common/normalized_cv32e40p.v:2602$884'.
Removing empty process `cv32e40p_alu_div$cv32e40p_core.ex_stage_i.alu_i.alu_div_i.$proc$/workspace/incremental-synthesis/benchmarks/cv32e40p-eco-001-new/core/common/normalized_cv32e40p.v:2599$882'.
Removing empty process `cv32e40p_aligner$cv32e40p_core.if_stage_i.aligner_i.$proc$/workspace/incremental-synthesis/benchmarks/cv32e40p-eco-001-new/core/common/normalized_cv32e40p.v:344$69'.
Removing empty process `cv32e40p_aligner$cv32e40p_core.if_stage_i.aligner_i.$proc$/workspace/incremental-synthesis/benchmarks/cv32e40p-eco-001-new/core/common/normalized_cv32e40p.v:341$67'.
Removing empty process `cv32e40p_aligner$cv32e40p_core.if_stage_i.aligner_i.$proc$/workspace/incremental-synthesis/benchmarks/cv32e40p-eco-001-new/core/common/normalized_cv32e40p.v:338$65'.
Removing empty process `cv32e40p_aligner$cv32e40p_core.if_stage_i.aligner_i.$proc$/workspace/incremental-synthesis/benchmarks/cv32e40p-eco-001-new/core/common/normalized_cv32e40p.v:335$63'.
Removing empty process `cv32e40p_aligner$cv32e40p_core.if_stage_i.aligner_i.$proc$/workspace/incremental-synthesis/benchmarks/cv32e40p-eco-001-new/core/common/normalized_cv32e40p.v:332$61'.
Removing empty process `cv32e40p_aligner$cv32e40p_core.if_stage_i.aligner_i.$proc$/workspace/incremental-synthesis/benchmarks/cv32e40p-eco-001-new/core/common/normalized_cv32e40p.v:329$59'.
Cleaned up 2 empty switches.

3.12. Executing OPT_EXPR pass (perform const folding).
Optimizing module cv32e40p_sleep_unit$cv32e40p_core.sleep_unit_i.
<suppressed ~6 debug messages>
Optimizing module cv32e40p_register_file$cv32e40p_core.id_stage_i.register_file_i.
<suppressed ~157 debug messages>
Optimizing module cv32e40p_prefetch_controller$cv32e40p_core.if_stage_i.prefetch_buffer_i.prefetch_controller_i.
<suppressed ~12 debug messages>
Optimizing module cv32e40p_prefetch_buffer$cv32e40p_core.if_stage_i.prefetch_buffer_i.
Optimizing module cv32e40p_popcnt$cv32e40p_core.ex_stage_i.alu_i.popcnt_i.
Optimizing module cv32e40p_obi_interface$cv32e40p_core.load_store_unit_i.data_obi_i.
Optimizing module cv32e40p_obi_interface$cv32e40p_core.if_stage_i.prefetch_buffer_i.instruction_obi_i.
<suppressed ~12 debug messages>
Optimizing module cv32e40p_mult$cv32e40p_core.ex_stage_i.mult_i.
<suppressed ~12 debug messages>
Optimizing module cv32e40p_load_store_unit$cv32e40p_core.load_store_unit_i.
<suppressed ~14 debug messages>
Optimizing module cv32e40p_int_controller$cv32e40p_core.id_stage_i.int_controller_i.
<suppressed ~4 debug messages>
Optimizing module cv32e40p_if_stage$cv32e40p_core.if_stage_i.
<suppressed ~12 debug messages>
Optimizing module cv32e40p_id_stage$cv32e40p_core.id_stage_i.
<suppressed ~130 debug messages>
Optimizing module cv32e40p_hwloop_regs$cv32e40p_core.id_stage_i.gen_hwloop_regs.hwloop_regs_i.
<suppressed ~18 debug messages>
Optimizing module cv32e40p_fifo$cv32e40p_core.if_stage_i.prefetch_buffer_i.fifo_i.
<suppressed ~15 debug messages>
Optimizing module cv32e40p_ff_one$cv32e40p_core.ex_stage_i.alu_i.ff_one_i.
Optimizing module cv32e40p_ex_stage$cv32e40p_core.ex_stage_i.
<suppressed ~33 debug messages>
Optimizing module cv32e40p_decoder$cv32e40p_core.id_stage_i.decoder_i.
<suppressed ~115 debug messages>
Optimizing module cv32e40p_cs_registers$cv32e40p_core.cs_registers_i.
<suppressed ~199 debug messages>
Optimizing module cv32e40p_core.
Optimizing module cv32e40p_controller$cv32e40p_core.id_stage_i.controller_i.
<suppressed ~155 debug messages>
Optimizing module cv32e40p_compressed_decoder$cv32e40p_core.if_stage_i.compressed_decoder_i.
<suppressed ~2 debug messages>
Optimizing module cv32e40p_clock_gate$cv32e40p_core.sleep_unit_i.core_clock_gate_i.
<suppressed ~8 debug messages>
Optimizing module cv32e40p_alu_div$cv32e40p_core.ex_stage_i.alu_i.alu_div_i.
<suppressed ~19 debug messages>
Optimizing module cv32e40p_alu$cv32e40p_core.ex_stage_i.alu_i.
<suppressed ~1 debug messages>
Optimizing module cv32e40p_aligner$cv32e40p_core.if_stage_i.aligner_i.
<suppressed ~12 debug messages>

4. Executing OPT_CLEAN pass (remove unused cells and wires).
Finding unused cells or wires in module \cv32e40p_sleep_unit$cv32e40p_core.sleep_unit_i..
Finding unused cells or wires in module \cv32e40p_register_file$cv32e40p_core.id_stage_i.register_file_i..
Finding unused cells or wires in module \cv32e40p_prefetch_controller$cv32e40p_core.if_stage_i.prefetch_buffer_i.prefetch_controller_i..
Finding unused cells or wires in module \cv32e40p_prefetch_buffer$cv32e40p_core.if_stage_i.prefetch_buffer_i..
Finding unused cells or wires in module \cv32e40p_popcnt$cv32e40p_core.ex_stage_i.alu_i.popcnt_i..
Finding unused cells or wires in module \cv32e40p_obi_interface$cv32e40p_core.load_store_unit_i.data_obi_i..
Finding unused cells or wires in module \cv32e40p_obi_interface$cv32e40p_core.if_stage_i.prefetch_buffer_i.instruction_obi_i..
Finding unused cells or wires in module \cv32e40p_mult$cv32e40p_core.ex_stage_i.mult_i..
Finding unused cells or wires in module \cv32e40p_load_store_unit$cv32e40p_core.load_store_unit_i..
Finding unused cells or wires in module \cv32e40p_int_controller$cv32e40p_core.id_stage_i.int_controller_i..
Finding unused cells or wires in module \cv32e40p_if_stage$cv32e40p_core.if_stage_i..
Finding unused cells or wires in module \cv32e40p_id_stage$cv32e40p_core.id_stage_i..
Finding unused cells or wires in module \cv32e40p_hwloop_regs$cv32e40p_core.id_stage_i.gen_hwloop_regs.hwloop_regs_i..
Finding unused cells or wires in module \cv32e40p_fifo$cv32e40p_core.if_stage_i.prefetch_buffer_i.fifo_i..
Finding unused cells or wires in module \cv32e40p_ff_one$cv32e40p_core.ex_stage_i.alu_i.ff_one_i..
Finding unused cells or wires in module \cv32e40p_ex_stage$cv32e40p_core.ex_stage_i..
Finding unused cells or wires in module \cv32e40p_decoder$cv32e40p_core.id_stage_i.decoder_i..
Finding unused cells or wires in module \cv32e40p_cs_registers$cv32e40p_core.cs_registers_i..
Finding unused cells or wires in module \cv32e40p_core..
Finding unused cells or wires in module \cv32e40p_controller$cv32e40p_core.id_stage_i.controller_i..
Finding unused cells or wires in module \cv32e40p_compressed_decoder$cv32e40p_core.if_stage_i.compressed_decoder_i..
Finding unused cells or wires in module \cv32e40p_clock_gate$cv32e40p_core.sleep_unit_i.core_clock_gate_i..
Finding unused cells or wires in module \cv32e40p_alu_div$cv32e40p_core.ex_stage_i.alu_i.alu_div_i..
Finding unused cells or wires in module \cv32e40p_alu$cv32e40p_core.ex_stage_i.alu_i..
Finding unused cells or wires in module \cv32e40p_aligner$cv32e40p_core.if_stage_i.aligner_i..
Removed 1363 unused cells and 22374 unused wires.
<suppressed ~1398 debug messages>

5. Executing CHECK pass (checking for obvious problems).
Checking module cv32e40p_sleep_unit$cv32e40p_core.sleep_unit_i...
Checking module cv32e40p_register_file$cv32e40p_core.id_stage_i.register_file_i...
Checking module cv32e40p_prefetch_controller$cv32e40p_core.if_stage_i.prefetch_buffer_i.prefetch_controller_i...
Checking module cv32e40p_prefetch_buffer$cv32e40p_core.if_stage_i.prefetch_buffer_i...
Checking module cv32e40p_popcnt$cv32e40p_core.ex_stage_i.alu_i.popcnt_i...
Checking module cv32e40p_obi_interface$cv32e40p_core.load_store_unit_i.data_obi_i...
Checking module cv32e40p_obi_interface$cv32e40p_core.if_stage_i.prefetch_buffer_i.instruction_obi_i...
Checking module cv32e40p_mult$cv32e40p_core.ex_stage_i.mult_i...
Checking module cv32e40p_load_store_unit$cv32e40p_core.load_store_unit_i...
Checking module cv32e40p_int_controller$cv32e40p_core.id_stage_i.int_controller_i...
Checking module cv32e40p_if_stage$cv32e40p_core.if_stage_i...
Checking module cv32e40p_id_stage$cv32e40p_core.id_stage_i...
Checking module cv32e40p_hwloop_regs$cv32e40p_core.id_stage_i.gen_hwloop_regs.hwloop_regs_i...
Checking module cv32e40p_fifo$cv32e40p_core.if_stage_i.prefetch_buffer_i.fifo_i...
Checking module cv32e40p_ff_one$cv32e40p_core.ex_stage_i.alu_i.ff_one_i...
Checking module cv32e40p_ex_stage$cv32e40p_core.ex_stage_i...
Checking module cv32e40p_decoder$cv32e40p_core.id_stage_i.decoder_i...
Checking module cv32e40p_cs_registers$cv32e40p_core.cs_registers_i...
Checking module cv32e40p_core...
Checking module cv32e40p_controller$cv32e40p_core.id_stage_i.controller_i...
Checking module cv32e40p_compressed_decoder$cv32e40p_core.if_stage_i.compressed_decoder_i...
Checking module cv32e40p_clock_gate$cv32e40p_core.sleep_unit_i.core_clock_gate_i...
Checking module cv32e40p_alu_div$cv32e40p_core.ex_stage_i.alu_i.alu_div_i...
Checking module cv32e40p_alu$cv32e40p_core.ex_stage_i.alu_i...
Checking module cv32e40p_aligner$cv32e40p_core.if_stage_i.aligner_i...
Found and reported 0 problems.

6. Executing JSON backend.

7. Executing RTLIL backend.
Output filename: /workspace/incremental-synthesis/results/partition-incremental/__granularity_cv32e40p-eco-001/new/frontend_hier.rtlil

8. Printing statistics.

=== cv32e40p_aligner$cv32e40p_core.if_stage_i.aligner_i ===

        +----------Local Count, excluding submodules.
        | 
      157 wires
     1428 wire bits
      157 public wires
     1428 public wire bits
       13 ports
      168 port bits
      146 cells
        2   $add
        6   $adff
        7   $and
       35   $eq
       13   $logic_not
        2   $logic_or
       74   $mux
        7   $or

=== cv32e40p_alu$cv32e40p_core.ex_stage_i.alu_i ===

        +----------Local Count, excluding submodules.
        | 
      555 wires
     4329 wire bits
      555 public wires
     4329 public wire bits
       18 ports
      159 port bits
      617 cells
        3   $add
       32   $and
      235   $eq
        4   $gt
        5   $logic_not
       37   $logic_or
        1   $lt
      219   $mux
       18   $not
       18   $or
       32   $reduce_or
        2   $shl
        1   $shr
        6   $sshr
        2   $sub
        2   $xor
        3 submodules
        1   cv32e40p_alu_div$cv32e40p_core.ex_stage_i.alu_i.alu_div_i
        1   cv32e40p_ff_one$cv32e40p_core.ex_stage_i.alu_i.ff_one_i
        1   cv32e40p_popcnt$cv32e40p_core.ex_stage_i.alu_i.popcnt_i

=== cv32e40p_alu_div$cv32e40p_core.ex_stage_i.alu_i.alu_div_i ===

        +----------Local Count, excluding submodules.
        | 
      100 wires
      808 wire bits
      100 public wires
      808 public wire bits
       12 ports
      111 port bits
       88 cells
        1   $add
        8   $adff
        5   $and
        9   $eq
        1   $gt
       10   $logic_not
       40   $mux
        1   $neg
        2   $not
        4   $or
        2   $reduce_or
        2   $sub
        3   $xor

=== cv32e40p_clock_gate$cv32e40p_core.sleep_unit_i.core_clock_gate_i ===

        +----------Local Count, excluding submodules.
        | 
        6 wires
        6 wire bits
        6 public wires
        6 public wire bits
        4 ports
        4 port bits
        3 cells
        1   $and
        1   $dlatch
        1   $or

=== cv32e40p_compressed_decoder$cv32e40p_core.if_stage_i.compressed_decoder_i ===

        +----------Local Count, excluding submodules.
        | 
      262 wires
     2782 wire bits
      262 public wires
     2782 public wire bits
        4 ports
       66 port bits
      270 cells
       94   $eq
       25   $logic_not
      132   $mux
        1   $ne
        1   $not
        8   $or
        9   $reduce_or

=== cv32e40p_controller$cv32e40p_core.id_stage_i.controller_i ===

        +----------Local Count, excluding submodules.
        | 
     3082 wires
     8185 wire bits
     3082 public wires
     8185 public wire bits
      108 ports
      401 port bits
     2995 cells
        6   $add
       10   $adff
       11   $and
      552   $eq
        2   $ge
        2   $gt
        2   $le
       36   $logic_and
       21   $logic_not
       25   $logic_or
     2146   $mux
       19   $not
      122   $or
       41   $reduce_or

=== cv32e40p_core ===

        +----------Local Count, excluding submodules.
        | 
      224 wires
     2762 wire bits
      224 public wires
     2762 public wire bits
       40 ports
      537 port bits
        5 cells
        2   $logic_not
        3   $mux
        6 submodules
        1   cv32e40p_cs_registers$cv32e40p_core.cs_registers_i
        1   cv32e40p_ex_stage$cv32e40p_core.ex_stage_i
        1   cv32e40p_id_stage$cv32e40p_core.id_stage_i
        1   cv32e40p_if_stage$cv32e40p_core.if_stage_i
        1   cv32e40p_load_store_unit$cv32e40p_core.load_store_unit_i
        1   cv32e40p_sleep_unit$cv32e40p_core.sleep_unit_i

=== cv32e40p_cs_registers$cv32e40p_core.cs_registers_i ===

        +----------Local Count, excluding submodules.
        | 
      550 wires
    25963 wire bits
      550 public wires
    25963 public wire bits
       67 ports
     1371 port bits
      635 cells
        3   $add
       39   $adff
       12   $and
      284   $eq
        1   $ge
       23   $logic_and
       21   $logic_not
       28   $logic_or
        4   $lt
      193   $mux
        3   $not
       13   $or
       11   $reduce_or

=== cv32e40p_decoder$cv32e40p_core.id_stage_i.decoder_i ===

        +----------Local Count, excluding submodules.
        | 
     3800 wires
     7551 wire bits
     3800 public wires
     7551 public wire bits
       81 ports
      196 port bits
     5668 cells
     3311   $eq
        1   $gt
       74   $logic_and
      113   $logic_not
       43   $logic_or
     1664   $mux
       68   $ne
        5   $not
      113   $or
      276   $reduce_or

=== cv32e40p_ex_stage$cv32e40p_core.ex_stage_i ===

        +----------Local Count, excluding submodules.
        | 
      141 wires
     1149 wire bits
      141 public wires
     1149 public wire bits
       86 ports
      843 port bits
       43 cells
        2   $adff
       15   $and
       17   $mux
        5   $not
        4   $or
        2 submodules
        1   cv32e40p_alu$cv32e40p_core.ex_stage_i.alu_i
        1   cv32e40p_mult$cv32e40p_core.ex_stage_i.mult_i

=== cv32e40p_ff_one$cv32e40p_core.ex_stage_i.alu_i.ff_one_i ===

        +----------Local Count, excluding submodules.
        | 
       67 wires
      571 wire bits
       67 public wires
      571 public wire bits
        3 ports
       38 port bits
       63 cells
       31   $mux
        1   $not
       31   $or

=== cv32e40p_fifo$cv32e40p_core.if_stage_i.prefetch_buffer_i.fifo_i ===

        +----------Local Count, excluding submodules.
        | 
       62 wires
      884 wire bits
       62 public wires
      884 public wire bits
       12 ports
       75 port bits
       55 cells
        4   $add
        5   $adff
        2   $and
        1   $eq
        1   $ge
        3   $gt
        6   $logic_and
        1   $logic_not
        2   $lt
       23   $mux
        5   $not
        1   $or
        1   $sub

=== cv32e40p_hwloop_regs$cv32e40p_core.id_stage_i.gen_hwloop_regs.hwloop_regs_i ===

        +----------Local Count, excluding submodules.
        | 
       49 wires
     1652 wire bits
       49 public wires
     1652 public wire bits
       12 ports
      297 port bits
       41 cells
        6   $adff
        4   $and
        2   $ge
        6   $logic_and
        2   $lt
       14   $mux
        3   $not
        2   $or
        2   $sub

=== cv32e40p_id_stage$cv32e40p_core.id_stage_i ===

        +----------Local Count, excluding submodules.
        | 
     1014 wires
     9620 wire bits
     1014 public wires
     9620 public wire bits
      151 ports
     1191 port bits
      793 cells
        7   $add
       64   $adff
       11   $and
       53   $eq
       34   $logic_and
        9   $logic_not
        5   $logic_or
      580   $mux
        7   $not
       10   $or
       11   $reduce_or
        1   $shl
        1   $sub
        5 submodules
        1   cv32e40p_controller$cv32e40p_core.id_stage_i.controller_i
        1   cv32e40p_decoder$cv32e40p_core.id_stage_i.decoder_i
        1   cv32e40p_hwloop_regs$cv32e40p_core.id_stage_i.gen_hwloop_regs.hwloop_regs_i
        1   cv32e40p_int_controller$cv32e40p_core.id_stage_i.int_controller_i
        1   cv32e40p_register_file$cv32e40p_core.id_stage_i.register_file_i

=== cv32e40p_if_stage$cv32e40p_core.if_stage_i ===

        +----------Local Count, excluding submodules.
        | 
      111 wires
     1217 wire bits
      111 public wires
     1217 public wire bits
       41 ports
      535 port bits
       64 cells
        1   $add
        6   $adff
        3   $and
       13   $eq
        3   $logic_and
        3   $logic_not
       30   $mux
        1   $not
        3   $or
        1   $reduce_or
        3 submodules
        1   cv32e40p_aligner$cv32e40p_core.if_stage_i.aligner_i
        1   cv32e40p_compressed_decoder$cv32e40p_core.if_stage_i.compressed_decoder_i
        1   cv32e40p_prefetch_buffer$cv32e40p_core.if_stage_i.prefetch_buffer_i

=== cv32e40p_int_controller$cv32e40p_core.id_stage_i.int_controller_i ===

        +----------Local Count, excluding submodules.
        | 
      546 wires
     2845 wire bits
      546 public wires
     2845 public wire bits
       13 ports
      111 port bits
      535 cells
        2   $adff
        2   $and
        1   $logic_and
      528   $mux
        2   $reduce_or

=== cv32e40p_load_store_unit$cv32e40p_core.load_store_unit_i ===

        +----------Local Count, excluding submodules.
        | 
      265 wires
     2551 wire bits
      265 public wires
     2551 public wire bits
       32 ports
      265 port bits
      229 cells
        2   $add
        7   $adff
       58   $eq
       11   $logic_and
       23   $logic_not
        2   $logic_or
        1   $lt
      107   $mux
        2   $not
        9   $or
        5   $reduce_or
        2   $sub
        1 submodules
        1   cv32e40p_obi_interface$cv32e40p_core.load_store_unit_i.data_obi_i

=== cv32e40p_mult$cv32e40p_core.ex_stage_i.mult_i ===

        +----------Local Count, excluding submodules.
        | 
      184 wires
     2010 wire bits
      184 public wires
     2010 public wire bits
       22 ports
      248 port bits
      153 cells
       10   $add
        2   $adff
       24   $and
       33   $eq
        1   $logic_and
        6   $logic_not
        8   $mul
       54   $mux
        3   $not
        4   $or
        3   $reduce_or
        1   $shl
        2   $sshr
        2   $xor

=== cv32e40p_obi_interface$cv32e40p_core.if_stage_i.prefetch_buffer_i.instruction_obi_i ===

        +----------Local Count, excluding submodules.
        | 
       43 wires
      385 wire bits
       43 public wires
      385 public wire bits
       22 ports
      224 port bits
       27 cells
        6   $adff
        2   $logic_and
        1   $logic_not
       16   $mux
        2   $not

=== cv32e40p_obi_interface$cv32e40p_core.load_store_unit_i.data_obi_i ===

        +----------Local Count, excluding submodules.
        | 
       24 wires
      226 wire bits
       24 public wires
      226 public wire bits
       22 ports
      224 port bits

=== cv32e40p_popcnt$cv32e40p_core.ex_stage_i.alu_i.popcnt_i ===

        +----------Local Count, excluding submodules.
        | 
       36 wires
      202 wire bits
       36 public wires
      202 public wire bits
        2 ports
       38 port bits
       31 cells
       31   $add

=== cv32e40p_prefetch_buffer$cv32e40p_core.if_stage_i.prefetch_buffer_i ===

        +----------Local Count, excluding submodules.
        | 
       31 wires
      280 wire bits
       31 public wires
      280 public wire bits
       18 ports
      173 port bits
        1 cells
        1   $mux
        3 submodules
        1   cv32e40p_fifo$cv32e40p_core.if_stage_i.prefetch_buffer_i.fifo_i
        1   cv32e40p_obi_interface$cv32e40p_core.if_stage_i.prefetch_buffer_i.instruction_obi_i
        1   cv32e40p_prefetch_controller$cv32e40p_core.if_stage_i.prefetch_buffer_i.prefetch_controller_i

=== cv32e40p_prefetch_controller$cv32e40p_core.if_stage_i.prefetch_buffer_i.prefetch_controller_i ===

        +----------Local Count, excluding submodules.
        | 
      122 wires
      585 wire bits
      122 public wires
      585 public wire bits
       20 ports
      114 port bits
      103 cells
        3   $add
        6   $adff
        3   $eq
        4   $gt
       21   $logic_and
       11   $logic_not
       11   $logic_or
        1   $lt
       37   $mux
        1   $or
        1   $reduce_or
        4   $sub

=== cv32e40p_register_file$cv32e40p_core.id_stage_i.register_file_i ===

        +----------Local Count, excluding submodules.
        | 
      265 wires
     8593 wire bits
      265 public wires
     8593 public wire bits
       15 ports
      195 port bits
      357 cells
       32   $adff
       62   $eq
        6   $lt
      257   $mux

=== cv32e40p_sleep_unit$cv32e40p_core.sleep_unit_i ===

        +----------Local Count, excluding submodules.
        | 
       28 wires
       28 wire bits
       28 public wires
       28 public wire bits
       16 ports
       16 port bits
       10 cells
        2   $adff
        2   $logic_and
        1   $logic_not
        4   $logic_or
        1   $mux
        1 submodules
        1   cv32e40p_clock_gate$cv32e40p_core.sleep_unit_i.core_clock_gate_i

=== design hierarchy ===

        +----------Count including submodules.
        | 
    12932 cv32e40p_core
      635 cv32e40p_cs_registers$cv32e40p_core.cs_registers_i
       43 cv32e40p_ex_stage$cv32e40p_core.ex_stage_i
      617   cv32e40p_alu$cv32e40p_core.ex_stage_i.alu_i
       88     cv32e40p_alu_div$cv32e40p_core.ex_stage_i.alu_i.alu_div_i
       63     cv32e40p_ff_one$cv32e40p_core.ex_stage_i.alu_i.ff_one_i
       31     cv32e40p_popcnt$cv32e40p_core.ex_stage_i.alu_i.popcnt_i
      153   cv32e40p_mult$cv32e40p_core.ex_stage_i.mult_i
      793 cv32e40p_id_stage$cv32e40p_core.id_stage_i
     2995   cv32e40p_controller$cv32e40p_core.id_stage_i.controller_i
     5668   cv32e40p_decoder$cv32e40p_core.id_stage_i.decoder_i
       41   cv32e40p_hwloop_regs$cv32e40p_core.id_stage_i.gen_hwloop_regs.hwloop_regs_i
      535   cv32e40p_int_controller$cv32e40p_core.id_stage_i.int_controller_i
      357   cv32e40p_register_file$cv32e40p_core.id_stage_i.register_file_i
       64 cv32e40p_if_stage$cv32e40p_core.if_stage_i
      146   cv32e40p_aligner$cv32e40p_core.if_stage_i.aligner_i
      270   cv32e40p_compressed_decoder$cv32e40p_core.if_stage_i.compressed_decoder_i
        1   cv32e40p_prefetch_buffer$cv32e40p_core.if_stage_i.prefetch_buffer_i
       55     cv32e40p_fifo$cv32e40p_core.if_stage_i.prefetch_buffer_i.fifo_i
       27     cv32e40p_obi_interface$cv32e40p_core.if_stage_i.prefetch_buffer_i.instruction_obi_i
      103     cv32e40p_prefetch_controller$cv32e40p_core.if_stage_i.prefetch_buffer_i.prefetch_controller_i
      229 cv32e40p_load_store_unit$cv32e40p_core.load_store_unit_i
       10 cv32e40p_sleep_unit$cv32e40p_core.sleep_unit_i
        3   cv32e40p_clock_gate$cv32e40p_core.sleep_unit_i.core_clock_gate_i

        +----------Count including submodules.
        | 
    11724 wires
    86612 wire bits
    11724 public wires
    86612 public wire bits
      834 ports
     7600 port bits
        - memories
        - memory bits
        - processes
    12932 cells
       73   $add
      203   $adff
      129   $and
        1   $dlatch
     4743   $eq
        6   $ge
       15   $gt
        2   $le
      220   $logic_and
      265   $logic_not
      157   $logic_or
       17   $lt
        8   $mul
     6167   $mux
       69   $ne
        1   $neg
       77   $not
      351   $or
      394   $reduce_or
        4   $shl
        1   $shr
        8   $sshr
       14   $sub
        7   $xor
        6 submodules
        1   cv32e40p_cs_registers$cv32e40p_core.cs_registers_i
        1   cv32e40p_ex_stage$cv32e40p_core.ex_stage_i
        1   cv32e40p_id_stage$cv32e40p_core.id_stage_i
        1   cv32e40p_if_stage$cv32e40p_core.if_stage_i
        1   cv32e40p_load_store_unit$cv32e40p_core.load_store_unit_i
        1   cv32e40p_sleep_unit$cv32e40p_core.sleep_unit_i

Warnings: 1 unique messages, 1 total
End of script. Logfile hash: 70ae99dd88, time: 2.26s, user: 2.35s, system: 0.14s, MEM: 171.43 MB peak
Yosys 0.67+24 (git sha1 0e82bbefe, Release, Clang /usr/bin/clang++ 18.1.8)
Time spent: 47% 2x read_verilog (1 sec), 12% 1x opt_clean (0 sec), ...
