
 /----------------------------------------------------------------------------\
 |  yosys -- Yosys Open SYnthesis Suite                                       |
 |  Copyright (C) 2012 - 2026  Claire Xenia Wolf <claire@yosyshq.com>         |
 |  Distributed under an ISC-like license, type "license" to see terms        |
 \----------------------------------------------------------------------------/
 Yosys 0.67+24 (git sha1 0e82bbefe, Release, Clang /usr/bin/clang++ 18.1.8)

-- Executing script file `/workspace/incremental-synthesis/results/partition-incremental/eco-003/area-analysis/liberty-area/presynth-linked-mapped/run_presynth_linked.ys' --

1. Executing JSON frontend.
Importing module riscv_core from JSON tree.

2. Executing RTLIL frontend.
Input filename: /workspace/incremental-synthesis/results/partition-incremental/eco-003/new/partition-frontends/data_memory_interface/flattened.rtlil

3. Executing RTLIL frontend.
Input filename: /workspace/incremental-synthesis/results/partition-incremental/eco-003/new/partition-frontends/immediate_generator/flattened.rtlil

4. Executing RTLIL frontend.
Input filename: /workspace/incremental-synthesis/results/partition-incremental/eco-003/new/partition-frontends/instruction_decoder/flattened.rtlil

5. Executing RTLIL frontend.
Input filename: /workspace/incremental-synthesis/results/partition-incremental/eco-003/new/partition-frontends/singlecycle_ctlpath/flattened.rtlil

6. Executing RTLIL frontend.
Input filename: /workspace/incremental-synthesis/results/partition-incremental/eco-003/new/partition-frontends/singlecycle_datapath/flattened.rtlil

7. Executing HIERARCHY pass (managing design hierarchy).

7.1. Analyzing design hierarchy..
Top module:  \riscv_core
Used module:     \data_memory_interface
Used module:     \immediate_generator
Used module:     \instruction_decoder
Used module:     \singlecycle_ctlpath
Used module:     \singlecycle_datapath

7.2. Analyzing design hierarchy..
Top module:  \riscv_core
Used module:     \data_memory_interface
Used module:     \immediate_generator
Used module:     \instruction_decoder
Used module:     \singlecycle_ctlpath
Used module:     \singlecycle_datapath
Removed 0 unused modules.

8. Executing CHECK pass (checking for obvious problems).
Checking module singlecycle_datapath...
Checking module singlecycle_ctlpath...
Checking module instruction_decoder...
Checking module immediate_generator...
Checking module data_memory_interface...
Checking module riscv_core...
Found and reported 0 problems.

9. Executing JSON backend.

10. Executing RTLIL backend.
Output filename: /workspace/incremental-synthesis/results/partition-incremental/eco-003/area-analysis/liberty-area/presynth-linked-mapped/presynth_linked.rtlil

11. Executing FLATTEN pass (flatten design).
Deleting now unused module data_memory_interface.
Deleting now unused module immediate_generator.
Deleting now unused module instruction_decoder.
Deleting now unused module singlecycle_ctlpath.
Deleting now unused module singlecycle_datapath.
<suppressed ~5 debug messages>

12. Executing OPT_CLEAN pass (remove unused cells and wires).
Finding unused cells or wires in module \riscv_core..

13. Executing CHECK pass (checking for obvious problems).
Checking module riscv_core...
Found and reported 0 problems.

14. Executing JSON backend.

15. Executing SYNTH pass.

15.1. Executing HIERARCHY pass (managing design hierarchy).

15.1.1. Analyzing design hierarchy..
Top module:  \riscv_core

15.1.2. Analyzing design hierarchy..
Top module:  \riscv_core
Removed 0 unused modules.

15.2. Executing PROC pass (convert processes to netlists).

15.2.1. Executing PROC_CLEAN pass (remove empty switches from decision trees).
Cleaned up 0 empty switches.

15.2.2. Executing PROC_RMDEAD pass (remove dead branches from decision trees).
Removed a total of 0 dead cases.

15.2.3. Executing PROC_PRUNE pass (remove redundant assignments in processes).
Removed 0 redundant assignments.
Promoted 0 assignments to connections.

15.2.4. Executing PROC_INIT pass (extract init attributes).

15.2.5. Executing PROC_ARST pass (detect async resets in processes).

15.2.6. Executing PROC_ROM pass (convert switches to ROMs).
Converted 0 switches.

15.2.7. Executing PROC_MUX pass (convert decision trees to multiplexers).

15.2.8. Executing PROC_DLATCH pass (convert process syncs to latches).

15.2.9. Executing PROC_DFF pass (convert process syncs to FFs).

15.2.10. Executing PROC_MEMWR pass (convert process memory writes to cells).

15.2.11. Executing PROC_CLEAN pass (remove empty switches from decision trees).
Cleaned up 0 empty switches.

15.2.12. Executing OPT_EXPR pass (perform const folding).
Optimizing module riscv_core.

15.3. Executing OPT_EXPR pass (perform const folding).
Optimizing module riscv_core.
<suppressed ~4 debug messages>

15.4. Executing OPT_CLEAN pass (remove unused cells and wires).
Finding unused cells or wires in module \riscv_core..
Removed 0 unused cells and 2 unused wires.
<suppressed ~1 debug messages>

15.5. Executing CHECK pass (checking for obvious problems).
Checking module riscv_core...
Found and reported 0 problems.

15.6. Executing OPT pass (performing simple optimizations).

15.6.1. Executing OPT_EXPR pass (perform const folding).
Optimizing module riscv_core.

15.6.2. Executing OPT_MERGE pass (detect identical cells).
Finding identical cells in module `\riscv_core'.
Computing hashes of 540 cells of `\riscv_core'.
Finding duplicate cells in `\riscv_core'.
Computing hashes of 400 cells of `\riscv_core'.
Finding duplicate cells in `\riscv_core'.
Computing hashes of 399 cells of `\riscv_core'.
Finding duplicate cells in `\riscv_core'.
<suppressed ~423 debug messages>
Removed a total of 141 cells.

15.6.3. Executing OPT_MUXTREE pass (detect dead branches in mux trees).
Running muxtree optimizer on module \riscv_core..
  Creating internal representation of mux trees.
  Evaluating internal representation of mux trees.
  Analyzing evaluation results.
    dead port 2/2 on $mux $flatten\singlecycle_datapath.\alu.$procmux$1584.
    dead port 1/2 on $mux $flatten\singlecycle_datapath.\alu.$procmux$1592.
    dead port 2/2 on $mux $flatten\singlecycle_datapath.\alu.$procmux$1594.
    dead port 2/2 on $mux $flatten\singlecycle_datapath.\alu.$procmux$1601.
    dead port 2/2 on $mux $flatten\singlecycle_datapath.\alu.$procmux$1609.
    dead port 1/2 on $mux $flatten\singlecycle_datapath.\alu.$procmux$1619.
    dead port 2/2 on $mux $flatten\singlecycle_datapath.\alu.$procmux$1621.
    dead port 2/2 on $mux $flatten\singlecycle_datapath.\alu.$procmux$1630.
    dead port 1/2 on $mux $flatten\singlecycle_ctlpath.\alu_control.$procmux$160.
Removed 9 multiplexer ports.
<suppressed ~289 debug messages>

15.6.4. Executing OPT_REDUCE pass (consolidate $*mux and $reduce_* inputs).
  Optimizing cells in module \riscv_core.
    New ctrl vector for $pmux cell $flatten\singlecycle_ctlpath.\singlecycle_control.$procmux$197: { $auto$opt_reduce.cc:137:opt_pmux$1774 $flatten\immediate_generator.$procmux$127_CMP $auto$opt_reduce.cc:137:opt_pmux$1772 $flatten\singlecycle_ctlpath.\singlecycle_control.$procmux$178_CMP $flatten\immediate_generator.$procmux$129_CMP [2] }
    New ctrl vector for $pmux cell $flatten\singlecycle_ctlpath.\alu_control.$procmux$141: { $auto$opt_reduce.cc:137:opt_pmux$1780 $auto$opt_reduce.cc:137:opt_pmux$1778 $auto$opt_reduce.cc:137:opt_pmux$1776 }
    New ctrl vector for $pmux cell $flatten\singlecycle_ctlpath.\singlecycle_control.$procmux$209: { $auto$opt_reduce.cc:137:opt_pmux$1784 $auto$opt_reduce.cc:137:opt_pmux$1782 }
    New ctrl vector for $pmux cell $flatten\singlecycle_ctlpath.\singlecycle_control.$procmux$257: $auto$opt_reduce.cc:137:opt_pmux$1786
    New ctrl vector for $pmux cell $flatten\singlecycle_datapath.\alu.$procmux$1633: { $flatten\singlecycle_datapath.\alu.$procmux$1585_CMP $flatten\singlecycle_datapath.\alu.$procmux$1595_CMP $flatten\singlecycle_datapath.\alu.$procmux$1610_CMP $flatten\singlecycle_datapath.\alu.$procmux$1622_CMP $auto$opt_reduce.cc:137:opt_pmux$1788 $flatten\singlecycle_datapath.\alu.$procmux$1640_CMP $flatten\singlecycle_datapath.\alu.$procmux$1641_CMP $flatten\singlecycle_datapath.\alu.$procmux$1642_CMP $flatten\singlecycle_datapath.\alu.$procmux$1643_CMP $flatten\singlecycle_datapath.\alu.$procmux$1644_CMP $flatten\singlecycle_datapath.\alu.$procmux$1645_CMP $flatten\singlecycle_datapath.\alu.$procmux$1646_CMP $flatten\singlecycle_datapath.\alu.$procmux$1647_CMP $flatten\singlecycle_datapath.\alu.$procmux$1648_CMP $flatten\singlecycle_datapath.\alu.$procmux$1649_CMP $flatten\singlecycle_datapath.\alu.$procmux$1650_CMP $flatten\singlecycle_datapath.\alu.$procmux$1651_CMP }
    New ctrl vector for $pmux cell $flatten\singlecycle_datapath.\mux_reg_writeback.\multiplexer.$procmux$1571: { $auto$opt_reduce.cc:137:opt_pmux$1790 $flatten\singlecycle_datapath.\mux_reg_writeback.\multiplexer.$procmux$1576_CMP $flatten\singlecycle_datapath.\mux_reg_writeback.\multiplexer.$procmux$1577_CMP $flatten\singlecycle_datapath.\mux_reg_writeback.\multiplexer.$procmux$1578_CMP $flatten\singlecycle_datapath.\mux_reg_writeback.\multiplexer.$procmux$1579_CMP }
    New ctrl vector for $pmux cell $flatten\singlecycle_ctlpath.\singlecycle_control.$procmux$221: { $auto$opt_reduce.cc:137:opt_pmux$1794 $auto$opt_reduce.cc:137:opt_pmux$1792 }
    New ctrl vector for $pmux cell $flatten\singlecycle_ctlpath.\control_transfer.$procmux$132: { $auto$opt_reduce.cc:137:opt_pmux$1798 $auto$opt_reduce.cc:137:opt_pmux$1796 }
    New ctrl vector for $pmux cell $flatten\singlecycle_ctlpath.\singlecycle_control.$procmux$233: { $auto$opt_reduce.cc:137:opt_pmux$1802 $auto$opt_reduce.cc:137:opt_pmux$1800 }
    New ctrl vector for $pmux cell $flatten\singlecycle_ctlpath.\singlecycle_control.$procmux$173: { $auto$opt_reduce.cc:137:opt_pmux$1806 $auto$opt_reduce.cc:137:opt_pmux$1804 $flatten\immediate_generator.$procmux$126_CMP [1] $flatten\immediate_generator.$procmux$129_CMP [0] }
    New ctrl vector for $pmux cell $flatten\singlecycle_ctlpath.\singlecycle_control.$procmux$245: { $auto$opt_reduce.cc:137:opt_pmux$1808 $flatten\immediate_generator.$procmux$128_CMP [1] }
    New ctrl vector for $pmux cell $flatten\singlecycle_ctlpath.\singlecycle_control.$procmux$185: { $auto$opt_reduce.cc:137:opt_pmux$1810 $flatten\immediate_generator.$procmux$129_CMP [0] }
  Optimizing cells in module \riscv_core.
Performed a total of 12 changes.

15.6.5. Executing OPT_MERGE pass (detect identical cells).
Finding identical cells in module `\riscv_core'.
Computing hashes of 410 cells of `\riscv_core'.
Finding duplicate cells in `\riscv_core'.
Removed a total of 0 cells.

15.6.6. Executing OPT_DFF pass (perform DFF optimizations).

15.6.7. Executing OPT_CLEAN pass (remove unused cells and wires).
Finding unused cells or wires in module \riscv_core..
Removed 0 unused cells and 149 unused wires.
<suppressed ~1 debug messages>

15.6.8. Executing OPT_EXPR pass (perform const folding).
Optimizing module riscv_core.

15.6.9. Rerunning OPT passes. (Maybe there is more to do..)

15.6.10. Executing OPT_MUXTREE pass (detect dead branches in mux trees).
Running muxtree optimizer on module \riscv_core..
  Creating internal representation of mux trees.
  Evaluating internal representation of mux trees.
  Analyzing evaluation results.
Removed 0 multiplexer ports.
<suppressed ~280 debug messages>

15.6.11. Executing OPT_REDUCE pass (consolidate $*mux and $reduce_* inputs).
  Optimizing cells in module \riscv_core.
Performed a total of 0 changes.

15.6.12. Executing OPT_MERGE pass (detect identical cells).
Finding identical cells in module `\riscv_core'.
Computing hashes of 410 cells of `\riscv_core'.
Finding duplicate cells in `\riscv_core'.
Removed a total of 0 cells.

15.6.13. Executing OPT_DFF pass (perform DFF optimizations).

15.6.14. Executing OPT_CLEAN pass (remove unused cells and wires).
Finding unused cells or wires in module \riscv_core..

15.6.15. Executing OPT_EXPR pass (perform const folding).
Optimizing module riscv_core.

15.6.16. Finished fast OPT passes. (There is nothing left to do.)

15.7. Executing FSM pass (extract and optimize FSM).

15.7.1. Executing FSM_DETECT pass (finding FSMs in design).

15.7.2. Executing FSM_EXTRACT pass (extracting FSM from design).

15.7.3. Executing FSM_OPT pass (simple optimizations of FSMs).

15.7.4. Executing OPT_CLEAN pass (remove unused cells and wires).
Finding unused cells or wires in module \riscv_core..

15.7.5. Executing FSM_OPT pass (simple optimizations of FSMs).

15.7.6. Executing FSM_RECODE pass (re-assigning FSM state encoding).

15.7.7. Executing FSM_INFO pass (dumping all available information on FSM cells).

15.7.8. Executing FSM_MAP pass (mapping FSMs to basic logic).

15.8. Executing OPT pass (performing simple optimizations).

15.8.1. Executing OPT_EXPR pass (perform const folding).
Optimizing module riscv_core.

15.8.2. Executing OPT_MERGE pass (detect identical cells).
Finding identical cells in module `\riscv_core'.
Computing hashes of 410 cells of `\riscv_core'.
Finding duplicate cells in `\riscv_core'.
Removed a total of 0 cells.

15.8.3. Executing OPT_MUXTREE pass (detect dead branches in mux trees).
Running muxtree optimizer on module \riscv_core..
  Creating internal representation of mux trees.
  Evaluating internal representation of mux trees.
  Analyzing evaluation results.
Removed 0 multiplexer ports.
<suppressed ~280 debug messages>

15.8.4. Executing OPT_REDUCE pass (consolidate $*mux and $reduce_* inputs).
  Optimizing cells in module \riscv_core.
Performed a total of 0 changes.

15.8.5. Executing OPT_MERGE pass (detect identical cells).
Finding identical cells in module `\riscv_core'.
Computing hashes of 410 cells of `\riscv_core'.
Finding duplicate cells in `\riscv_core'.
Removed a total of 0 cells.

15.8.6. Executing OPT_DFF pass (perform DFF optimizations).
Adding EN signal on $flatten\singlecycle_datapath.\regfile.$procdff$1755 ($adff) from module riscv_core (D = $flatten\singlecycle_datapath.\regfile.$procmux$263_Y, Q = \singlecycle_datapath.regfile.register[31]).
Adding EN signal on $flatten\singlecycle_datapath.\regfile.$procdff$1752 ($adff) from module riscv_core (D = $flatten\singlecycle_datapath.\regfile.$procmux$275_Y, Q = \singlecycle_datapath.regfile.register[30]).
Adding EN signal on $flatten\singlecycle_datapath.\regfile.$procdff$1749 ($adff) from module riscv_core (D = $flatten\singlecycle_datapath.\regfile.$procmux$289_Y, Q = \singlecycle_datapath.regfile.register[29]).
Adding EN signal on $flatten\singlecycle_datapath.\regfile.$procdff$1746 ($adff) from module riscv_core (D = $flatten\singlecycle_datapath.\regfile.$procmux$305_Y, Q = \singlecycle_datapath.regfile.register[28]).
Adding EN signal on $flatten\singlecycle_datapath.\regfile.$procdff$1743 ($adff) from module riscv_core (D = $flatten\singlecycle_datapath.\regfile.$procmux$323_Y, Q = \singlecycle_datapath.regfile.register[27]).
Adding EN signal on $flatten\singlecycle_datapath.\regfile.$procdff$1740 ($adff) from module riscv_core (D = $flatten\singlecycle_datapath.\regfile.$procmux$343_Y, Q = \singlecycle_datapath.regfile.register[26]).
Adding EN signal on $flatten\singlecycle_datapath.\regfile.$procdff$1737 ($adff) from module riscv_core (D = $flatten\singlecycle_datapath.\regfile.$procmux$365_Y, Q = \singlecycle_datapath.regfile.register[25]).
Adding EN signal on $flatten\singlecycle_datapath.\regfile.$procdff$1734 ($adff) from module riscv_core (D = $flatten\singlecycle_datapath.\regfile.$procmux$389_Y, Q = \singlecycle_datapath.regfile.register[24]).
Adding EN signal on $flatten\singlecycle_datapath.\regfile.$procdff$1731 ($adff) from module riscv_core (D = $flatten\singlecycle_datapath.\regfile.$procmux$415_Y, Q = \singlecycle_datapath.regfile.register[23]).
Adding EN signal on $flatten\singlecycle_datapath.\regfile.$procdff$1728 ($adff) from module riscv_core (D = $flatten\singlecycle_datapath.\regfile.$procmux$443_Y, Q = \singlecycle_datapath.regfile.register[22]).
Adding EN signal on $flatten\singlecycle_datapath.\regfile.$procdff$1725 ($adff) from module riscv_core (D = $flatten\singlecycle_datapath.\regfile.$procmux$473_Y, Q = \singlecycle_datapath.regfile.register[21]).
Adding EN signal on $flatten\singlecycle_datapath.\regfile.$procdff$1722 ($adff) from module riscv_core (D = $flatten\singlecycle_datapath.\regfile.$procmux$505_Y, Q = \singlecycle_datapath.regfile.register[20]).
Adding EN signal on $flatten\singlecycle_datapath.\regfile.$procdff$1719 ($adff) from module riscv_core (D = $flatten\singlecycle_datapath.\regfile.$procmux$539_Y, Q = \singlecycle_datapath.regfile.register[19]).
Adding EN signal on $flatten\singlecycle_datapath.\regfile.$procdff$1716 ($adff) from module riscv_core (D = $flatten\singlecycle_datapath.\regfile.$procmux$575_Y, Q = \singlecycle_datapath.regfile.register[18]).
Adding EN signal on $flatten\singlecycle_datapath.\regfile.$procdff$1713 ($adff) from module riscv_core (D = $flatten\singlecycle_datapath.\regfile.$procmux$613_Y, Q = \singlecycle_datapath.regfile.register[17]).
Adding EN signal on $flatten\singlecycle_datapath.\regfile.$procdff$1710 ($adff) from module riscv_core (D = $flatten\singlecycle_datapath.\regfile.$procmux$653_Y, Q = \singlecycle_datapath.regfile.register[16]).
Adding EN signal on $flatten\singlecycle_datapath.\regfile.$procdff$1707 ($adff) from module riscv_core (D = $flatten\singlecycle_datapath.\regfile.$procmux$695_Y, Q = \singlecycle_datapath.regfile.register[15]).
Adding EN signal on $flatten\singlecycle_datapath.\regfile.$procdff$1704 ($adff) from module riscv_core (D = $flatten\singlecycle_datapath.\regfile.$procmux$739_Y, Q = \singlecycle_datapath.regfile.register[14]).
Adding EN signal on $flatten\singlecycle_datapath.\regfile.$procdff$1701 ($adff) from module riscv_core (D = $flatten\singlecycle_datapath.\regfile.$procmux$785_Y, Q = \singlecycle_datapath.regfile.register[13]).
Adding EN signal on $flatten\singlecycle_datapath.\regfile.$procdff$1698 ($adff) from module riscv_core (D = $flatten\singlecycle_datapath.\regfile.$procmux$833_Y, Q = \singlecycle_datapath.regfile.register[12]).
Adding EN signal on $flatten\singlecycle_datapath.\regfile.$procdff$1695 ($adff) from module riscv_core (D = $flatten\singlecycle_datapath.\regfile.$procmux$883_Y, Q = \singlecycle_datapath.regfile.register[11]).
Adding EN signal on $flatten\singlecycle_datapath.\regfile.$procdff$1692 ($adff) from module riscv_core (D = $flatten\singlecycle_datapath.\regfile.$procmux$935_Y, Q = \singlecycle_datapath.regfile.register[10]).
Adding EN signal on $flatten\singlecycle_datapath.\regfile.$procdff$1689 ($adff) from module riscv_core (D = $flatten\singlecycle_datapath.\regfile.$procmux$989_Y, Q = \singlecycle_datapath.regfile.register[9]).
Adding EN signal on $flatten\singlecycle_datapath.\regfile.$procdff$1686 ($adff) from module riscv_core (D = $flatten\singlecycle_datapath.\regfile.$procmux$1045_Y, Q = \singlecycle_datapath.regfile.register[8]).
Adding EN signal on $flatten\singlecycle_datapath.\regfile.$procdff$1683 ($adff) from module riscv_core (D = $flatten\singlecycle_datapath.\regfile.$procmux$1103_Y, Q = \singlecycle_datapath.regfile.register[7]).
Adding EN signal on $flatten\singlecycle_datapath.\regfile.$procdff$1680 ($adff) from module riscv_core (D = $flatten\singlecycle_datapath.\regfile.$procmux$1163_Y, Q = \singlecycle_datapath.regfile.register[6]).
Adding EN signal on $flatten\singlecycle_datapath.\regfile.$procdff$1677 ($adff) from module riscv_core (D = $flatten\singlecycle_datapath.\regfile.$procmux$1225_Y, Q = \singlecycle_datapath.regfile.register[5]).
Adding EN signal on $flatten\singlecycle_datapath.\regfile.$procdff$1674 ($adff) from module riscv_core (D = $flatten\singlecycle_datapath.\regfile.$procmux$1289_Y, Q = \singlecycle_datapath.regfile.register[4]).
Adding EN signal on $flatten\singlecycle_datapath.\regfile.$procdff$1671 ($adff) from module riscv_core (D = $flatten\singlecycle_datapath.\regfile.$procmux$1355_Y, Q = \singlecycle_datapath.regfile.register[3]).
Adding EN signal on $flatten\singlecycle_datapath.\regfile.$procdff$1668 ($adff) from module riscv_core (D = $flatten\singlecycle_datapath.\regfile.$procmux$1423_Y, Q = \singlecycle_datapath.regfile.register[2]).
Adding EN signal on $flatten\singlecycle_datapath.\regfile.$procdff$1665 ($adff) from module riscv_core (D = $flatten\singlecycle_datapath.\regfile.$procmux$1493_Y, Q = \singlecycle_datapath.regfile.register[1]).
Adding EN signal on $flatten\singlecycle_datapath.\regfile.$procdff$1662 ($adff) from module riscv_core (D = $flatten\singlecycle_datapath.\regfile.$procmux$1565_Y, Q = \singlecycle_datapath.regfile.register[0]).
Adding EN signal on $flatten\singlecycle_datapath.\program_counter.$procdff$1770 ($adff) from module riscv_core (D = \singlecycle_datapath.mux_next_pc_select.multiplexer.out, Q = \singlecycle_datapath.program_counter.value).

15.8.7. Executing OPT_CLEAN pass (remove unused cells and wires).
Finding unused cells or wires in module \riscv_core..
Removed 33 unused cells and 33 unused wires.
<suppressed ~34 debug messages>

15.8.8. Executing OPT_EXPR pass (perform const folding).
Optimizing module riscv_core.
<suppressed ~32 debug messages>

15.8.9. Rerunning OPT passes. (Maybe there is more to do..)

15.8.10. Executing OPT_MUXTREE pass (detect dead branches in mux trees).
Running muxtree optimizer on module \riscv_core..
  Creating internal representation of mux trees.
  Evaluating internal representation of mux trees.
  Analyzing evaluation results.
Removed 0 multiplexer ports.
<suppressed ~247 debug messages>

15.8.11. Executing OPT_REDUCE pass (consolidate $*mux and $reduce_* inputs).
  Optimizing cells in module \riscv_core.
Performed a total of 0 changes.

15.8.12. Executing OPT_MERGE pass (detect identical cells).
Finding identical cells in module `\riscv_core'.
Computing hashes of 409 cells of `\riscv_core'.
Finding duplicate cells in `\riscv_core'.
Removed a total of 0 cells.

15.8.13. Executing OPT_DFF pass (perform DFF optimizations).

15.8.14. Executing OPT_CLEAN pass (remove unused cells and wires).
Finding unused cells or wires in module \riscv_core..
Removed 0 unused cells and 32 unused wires.
<suppressed ~1 debug messages>

15.8.15. Executing OPT_EXPR pass (perform const folding).
Optimizing module riscv_core.

15.8.16. Rerunning OPT passes. (Maybe there is more to do..)

15.8.17. Executing OPT_MUXTREE pass (detect dead branches in mux trees).
Running muxtree optimizer on module \riscv_core..
  Creating internal representation of mux trees.
  Evaluating internal representation of mux trees.
  Analyzing evaluation results.
Removed 0 multiplexer ports.
<suppressed ~247 debug messages>

15.8.18. Executing OPT_REDUCE pass (consolidate $*mux and $reduce_* inputs).
  Optimizing cells in module \riscv_core.
Performed a total of 0 changes.

15.8.19. Executing OPT_MERGE pass (detect identical cells).
Finding identical cells in module `\riscv_core'.
Computing hashes of 409 cells of `\riscv_core'.
Finding duplicate cells in `\riscv_core'.
Removed a total of 0 cells.

15.8.20. Executing OPT_DFF pass (perform DFF optimizations).

15.8.21. Executing OPT_CLEAN pass (remove unused cells and wires).
Finding unused cells or wires in module \riscv_core..

15.8.22. Executing OPT_EXPR pass (perform const folding).
Optimizing module riscv_core.

15.8.23. Finished fast OPT passes. (There is nothing left to do.)

15.9. Executing WREDUCE pass (reducing word size of cells).
Removed top 29 address bits (of 32) from memory init port riscv_core.$flatten\singlecycle_ctlpath.\alu_control.$auto$mem.cc:351:emit$126 ($flatten\singlecycle_ctlpath.\alu_control.$auto$proc_rom.cc:155:do_switch$124).
Removed top 29 address bits (of 32) from memory init port riscv_core.$flatten\singlecycle_ctlpath.\alu_control.$auto$mem.cc:351:emit$130 ($flatten\singlecycle_ctlpath.\alu_control.$auto$proc_rom.cc:155:do_switch$128).
Removed top 29 bits (of 32) from port A of cell riscv_core.$flatten\singlecycle_datapath.\adder_pc_plus_4.$add$/workspace/incremental-synthesis/benchmarks/riscv-eco-003-new/core/common/adder.sv:17$151 ($add).
Removed top 31 bits (of 32) from port B of cell riscv_core.$flatten\singlecycle_datapath.\alu.$eq$/workspace/incremental-synthesis/benchmarks/riscv-eco-003-new/core/common/alu.sv:47$16 ($eq).
Removed top 32 bits (of 64) from port A of cell riscv_core.$flatten\singlecycle_datapath.\alu.$mul$/workspace/incremental-synthesis/benchmarks/riscv-eco-003-new/core/common/alu.sv:77$30 ($mul).
Removed top 32 bits (of 64) from port B of cell riscv_core.$flatten\singlecycle_datapath.\alu.$mul$/workspace/incremental-synthesis/benchmarks/riscv-eco-003-new/core/common/alu.sv:77$30 ($mul).
Removed top 1 bits (of 5) from port B of cell riscv_core.$flatten\singlecycle_datapath.\alu.$procmux$1622_CMP0 ($eq).
Removed top 1 bits (of 5) from port B of cell riscv_core.$flatten\singlecycle_datapath.\alu.$procmux$1638_CMP0 ($eq).
Removed top 1 bits (of 5) from port B of cell riscv_core.$flatten\singlecycle_datapath.\alu.$procmux$1639_CMP0 ($eq).
Removed top 1 bits (of 5) from port B of cell riscv_core.$flatten\singlecycle_datapath.\alu.$procmux$1640_CMP0 ($eq).
Removed top 1 bits (of 5) from port B of cell riscv_core.$flatten\singlecycle_datapath.\alu.$procmux$1641_CMP0 ($eq).
Removed top 1 bits (of 5) from port B of cell riscv_core.$flatten\singlecycle_datapath.\alu.$procmux$1642_CMP0 ($eq).
Removed top 1 bits (of 5) from port B of cell riscv_core.$flatten\singlecycle_datapath.\alu.$procmux$1643_CMP0 ($eq).
Removed top 1 bits (of 5) from port B of cell riscv_core.$flatten\singlecycle_datapath.\alu.$procmux$1644_CMP0 ($eq).
Removed top 2 bits (of 5) from port B of cell riscv_core.$flatten\singlecycle_datapath.\alu.$procmux$1645_CMP0 ($eq).
Removed top 2 bits (of 5) from port B of cell riscv_core.$flatten\singlecycle_datapath.\alu.$procmux$1646_CMP0 ($eq).
Removed top 2 bits (of 5) from port B of cell riscv_core.$flatten\singlecycle_datapath.\alu.$procmux$1647_CMP0 ($eq).
Removed top 2 bits (of 5) from port B of cell riscv_core.$flatten\singlecycle_datapath.\alu.$procmux$1648_CMP0 ($eq).
Removed top 3 bits (of 5) from port B of cell riscv_core.$flatten\singlecycle_datapath.\alu.$procmux$1649_CMP0 ($eq).
Removed top 3 bits (of 5) from port B of cell riscv_core.$flatten\singlecycle_datapath.\alu.$procmux$1650_CMP0 ($eq).
Removed top 4 bits (of 5) from port B of cell riscv_core.$flatten\singlecycle_datapath.\alu.$procmux$1651_CMP0 ($eq).
Removed top 1 bits (of 2) from port B of cell riscv_core.$flatten\singlecycle_datapath.\mux_next_pc_select.\multiplexer.$procmux$1655_CMP0 ($eq).
Removed top 1 bits (of 3) from port B of cell riscv_core.$flatten\singlecycle_datapath.\mux_reg_writeback.\multiplexer.$procmux$1576_CMP0 ($eq).
Removed top 1 bits (of 3) from port B of cell riscv_core.$flatten\singlecycle_datapath.\mux_reg_writeback.\multiplexer.$procmux$1577_CMP0 ($eq).
Removed top 2 bits (of 3) from port B of cell riscv_core.$flatten\singlecycle_datapath.\mux_reg_writeback.\multiplexer.$procmux$1578_CMP0 ($eq).
Removed top 1 bits (of 5) from port B of cell riscv_core.$flatten\singlecycle_datapath.\regfile.$procmux$1018_CMP0 ($eq).
Removed top 2 bits (of 5) from port B of cell riscv_core.$flatten\singlecycle_datapath.\regfile.$procmux$1075_CMP0 ($eq).
Removed top 2 bits (of 5) from port B of cell riscv_core.$flatten\singlecycle_datapath.\regfile.$procmux$1134_CMP0 ($eq).
Removed top 2 bits (of 5) from port B of cell riscv_core.$flatten\singlecycle_datapath.\regfile.$procmux$1195_CMP0 ($eq).
Removed top 2 bits (of 5) from port B of cell riscv_core.$flatten\singlecycle_datapath.\regfile.$procmux$1258_CMP0 ($eq).
Removed top 3 bits (of 5) from port B of cell riscv_core.$flatten\singlecycle_datapath.\regfile.$procmux$1323_CMP0 ($eq).
Removed top 3 bits (of 5) from port B of cell riscv_core.$flatten\singlecycle_datapath.\regfile.$procmux$1390_CMP0 ($eq).
Removed top 4 bits (of 5) from port B of cell riscv_core.$flatten\singlecycle_datapath.\regfile.$procmux$1459_CMP0 ($eq).
Removed top 1 bits (of 5) from port B of cell riscv_core.$flatten\singlecycle_datapath.\regfile.$procmux$172_CMP0 ($eq).
Removed top 1 bits (of 5) from port B of cell riscv_core.$flatten\singlecycle_datapath.\regfile.$procmux$173_CMP0 ($eq).
Removed top 1 bits (of 5) from port B of cell riscv_core.$flatten\singlecycle_datapath.\regfile.$procmux$174_CMP0 ($eq).
Removed top 1 bits (of 5) from port B of cell riscv_core.$flatten\singlecycle_datapath.\regfile.$procmux$175_CMP0 ($eq).
Removed top 1 bits (of 5) from port B of cell riscv_core.$flatten\singlecycle_datapath.\regfile.$procmux$176_CMP0 ($eq).
Removed top 1 bits (of 5) from port B of cell riscv_core.$flatten\singlecycle_datapath.\regfile.$procmux$177_CMP0 ($eq).
Removed top 1 bits (of 5) from port B of cell riscv_core.$flatten\singlecycle_datapath.\regfile.$procmux$178_CMP0 ($eq).
Removed top 1 bits (of 5) from port B of cell riscv_core.$flatten\singlecycle_datapath.\regfile.$procmux$179_CMP0 ($eq).
Removed top 2 bits (of 5) from port B of cell riscv_core.$flatten\singlecycle_datapath.\regfile.$procmux$180_CMP0 ($eq).
Removed top 2 bits (of 5) from port B of cell riscv_core.$flatten\singlecycle_datapath.\regfile.$procmux$181_CMP0 ($eq).
Removed top 2 bits (of 5) from port B of cell riscv_core.$flatten\singlecycle_datapath.\regfile.$procmux$182_CMP0 ($eq).
Removed top 2 bits (of 5) from port B of cell riscv_core.$flatten\singlecycle_datapath.\regfile.$procmux$183_CMP0 ($eq).
Removed top 3 bits (of 5) from port B of cell riscv_core.$flatten\singlecycle_datapath.\regfile.$procmux$184_CMP0 ($eq).
Removed top 3 bits (of 5) from port B of cell riscv_core.$flatten\singlecycle_datapath.\regfile.$procmux$185_CMP0 ($eq).
Removed top 4 bits (of 5) from port B of cell riscv_core.$flatten\singlecycle_datapath.\regfile.$procmux$186_CMP0 ($eq).
Removed top 1 bits (of 5) from port B of cell riscv_core.$flatten\singlecycle_datapath.\regfile.$procmux$205_CMP0 ($eq).
Removed top 1 bits (of 5) from port B of cell riscv_core.$flatten\singlecycle_datapath.\regfile.$procmux$206_CMP0 ($eq).
Removed top 1 bits (of 5) from port B of cell riscv_core.$flatten\singlecycle_datapath.\regfile.$procmux$207_CMP0 ($eq).
Removed top 1 bits (of 5) from port B of cell riscv_core.$flatten\singlecycle_datapath.\regfile.$procmux$208_CMP0 ($eq).
Removed top 1 bits (of 5) from port B of cell riscv_core.$flatten\singlecycle_datapath.\regfile.$procmux$209_CMP0 ($eq).
Removed top 1 bits (of 5) from port B of cell riscv_core.$flatten\singlecycle_datapath.\regfile.$procmux$210_CMP0 ($eq).
Removed top 1 bits (of 5) from port B of cell riscv_core.$flatten\singlecycle_datapath.\regfile.$procmux$211_CMP0 ($eq).
Removed top 1 bits (of 5) from port B of cell riscv_core.$flatten\singlecycle_datapath.\regfile.$procmux$212_CMP0 ($eq).
Removed top 2 bits (of 5) from port B of cell riscv_core.$flatten\singlecycle_datapath.\regfile.$procmux$213_CMP0 ($eq).
Removed top 2 bits (of 5) from port B of cell riscv_core.$flatten\singlecycle_datapath.\regfile.$procmux$214_CMP0 ($eq).
Removed top 2 bits (of 5) from port B of cell riscv_core.$flatten\singlecycle_datapath.\regfile.$procmux$215_CMP0 ($eq).
Removed top 2 bits (of 5) from port B of cell riscv_core.$flatten\singlecycle_datapath.\regfile.$procmux$216_CMP0 ($eq).
Removed top 3 bits (of 5) from port B of cell riscv_core.$flatten\singlecycle_datapath.\regfile.$procmux$217_CMP0 ($eq).
Removed top 3 bits (of 5) from port B of cell riscv_core.$flatten\singlecycle_datapath.\regfile.$procmux$218_CMP0 ($eq).
Removed top 4 bits (of 5) from port B of cell riscv_core.$flatten\singlecycle_datapath.\regfile.$procmux$219_CMP0 ($eq).
Removed top 1 bits (of 5) from port B of cell riscv_core.$flatten\singlecycle_datapath.\regfile.$procmux$675_CMP0 ($eq).
Removed top 1 bits (of 5) from port B of cell riscv_core.$flatten\singlecycle_datapath.\regfile.$procmux$718_CMP0 ($eq).
Removed top 1 bits (of 5) from port B of cell riscv_core.$flatten\singlecycle_datapath.\regfile.$procmux$763_CMP0 ($eq).
Removed top 1 bits (of 5) from port B of cell riscv_core.$flatten\singlecycle_datapath.\regfile.$procmux$810_CMP0 ($eq).
Removed top 1 bits (of 5) from port B of cell riscv_core.$flatten\singlecycle_datapath.\regfile.$procmux$859_CMP0 ($eq).
Removed top 1 bits (of 5) from port B of cell riscv_core.$flatten\singlecycle_datapath.\regfile.$procmux$910_CMP0 ($eq).
Removed top 1 bits (of 5) from port B of cell riscv_core.$flatten\singlecycle_datapath.\regfile.$procmux$963_CMP0 ($eq).
Removed top 2 bits (of 3) from port B of cell riscv_core.$flatten\singlecycle_ctlpath.\alu_control.$procmux$146_CMP0 ($eq).
Removed top 1 bits (of 3) from port B of cell riscv_core.$flatten\singlecycle_ctlpath.\alu_control.$procmux$168_CMP0 ($eq).
Removed top 1 bits (of 3) from port B of cell riscv_core.$flatten\singlecycle_ctlpath.\alu_control.$procmux$169_CMP0 ($eq).
Removed top 2 bits (of 3) from port B of cell riscv_core.$flatten\singlecycle_ctlpath.\alu_control.$procmux$170_CMP0 ($eq).
Removed top 1 bits (of 7) from port B of cell riscv_core.$flatten\singlecycle_ctlpath.\singlecycle_control.$procmux$178_CMP0 ($eq).
Removed top 3 bits (of 7) from port B of cell riscv_core.$flatten\singlecycle_ctlpath.\singlecycle_control.$procmux$182_CMP0 ($eq).
Removed top 1 bits (of 2) from mux cell riscv_core.$flatten\singlecycle_ctlpath.\singlecycle_control.$ternary$/workspace/incremental-synthesis/benchmarks/riscv-eco-003-new/core/singlecycle/singlecycle_control.sv:25$121 ($mux).
Removed top 2 bits (of 7) from port B of cell riscv_core.$flatten\immediate_generator.$procmux$126_CMP0 ($eq).
Removed top 1 bits (of 7) from port B of cell riscv_core.$flatten\immediate_generator.$procmux$126_CMP1 ($eq).
Removed top 1 bits (of 7) from port B of cell riscv_core.$flatten\immediate_generator.$procmux$128_CMP0 ($eq).
Removed top 1 bits (of 7) from port B of cell riscv_core.$flatten\immediate_generator.$procmux$128_CMP1 ($eq).
Removed top 5 bits (of 7) from port B of cell riscv_core.$flatten\immediate_generator.$procmux$129_CMP0 ($eq).
Removed top 4 bits (of 7) from port B of cell riscv_core.$flatten\immediate_generator.$procmux$129_CMP1 ($eq).
Removed top 2 bits (of 7) from port B of cell riscv_core.$flatten\immediate_generator.$procmux$129_CMP2 ($eq).
Removed top 1 bits (of 2) from port B of cell riscv_core.$flatten\data_memory_interface.$procmux$126_CMP0 ($eq).
Removed top 27 bits (of 32) from port B of cell riscv_core.$flatten\data_memory_interface.$shl$/workspace/incremental-synthesis/benchmarks/riscv-eco-003-new/core/common/data_memory_interface.sv:32$46 ($shl).
Removed top 3 bits (of 4) from port A of cell riscv_core.$flatten\data_memory_interface.$shl$/workspace/incremental-synthesis/benchmarks/riscv-eco-003-new/core/common/data_memory_interface.sv:38$48 ($shl).
Removed top 2 bits (of 4) from port A of cell riscv_core.$flatten\data_memory_interface.$shl$/workspace/incremental-synthesis/benchmarks/riscv-eco-003-new/core/common/data_memory_interface.sv:39$49 ($shl).
Removed top 27 bits (of 32) from port B of cell riscv_core.$flatten\data_memory_interface.$shr$/workspace/incremental-synthesis/benchmarks/riscv-eco-003-new/core/common/data_memory_interface.sv:47$53 ($shr).
Removed top 1 bits (of 2) from wire riscv_core.$flatten\singlecycle_ctlpath.\singlecycle_control.$ternary$/workspace/incremental-synthesis/benchmarks/riscv-eco-003-new/core/singlecycle/singlecycle_control.sv:25$121_Y.

15.10. Executing PEEPOPT pass (run peephole optimizers).

15.11. Executing OPT_CLEAN pass (remove unused cells and wires).
Finding unused cells or wires in module \riscv_core..
Removed 0 unused cells and 1 unused wires.
<suppressed ~1 debug messages>

15.12. Executing ALUMACC pass (create $alu and $macc cells).
Extracting $alu and $macc cells in module riscv_core:
  creating $macc model for $flatten\singlecycle_datapath.\adder_pc_plus_4.$add$/workspace/incremental-synthesis/benchmarks/riscv-eco-003-new/core/common/adder.sv:17$151 ($add).
  creating $macc model for $flatten\singlecycle_datapath.\adder_pc_plus_immediate.$add$/workspace/incremental-synthesis/benchmarks/riscv-eco-003-new/core/common/adder.sv:17$151 ($add).
  creating $macc model for $flatten\singlecycle_datapath.\alu.$add$/workspace/incremental-synthesis/benchmarks/riscv-eco-003-new/core/common/alu.sv:29$4 ($add).
  creating $macc model for $flatten\singlecycle_datapath.\alu.$mul$/workspace/incremental-synthesis/benchmarks/riscv-eco-003-new/core/common/alu.sv:76$29 ($mul).
  creating $macc model for $flatten\singlecycle_datapath.\alu.$mul$/workspace/incremental-synthesis/benchmarks/riscv-eco-003-new/core/common/alu.sv:77$30 ($mul).
  creating $macc model for $flatten\singlecycle_datapath.\alu.$sub$/workspace/incremental-synthesis/benchmarks/riscv-eco-003-new/core/common/alu.sv:30$5 ($sub).
  creating $alu model for $macc $flatten\singlecycle_datapath.\alu.$sub$/workspace/incremental-synthesis/benchmarks/riscv-eco-003-new/core/common/alu.sv:30$5.
  creating $alu model for $macc $flatten\singlecycle_datapath.\alu.$add$/workspace/incremental-synthesis/benchmarks/riscv-eco-003-new/core/common/alu.sv:29$4.
  creating $alu model for $macc $flatten\singlecycle_datapath.\adder_pc_plus_immediate.$add$/workspace/incremental-synthesis/benchmarks/riscv-eco-003-new/core/common/adder.sv:17$151.
  creating $alu model for $macc $flatten\singlecycle_datapath.\adder_pc_plus_4.$add$/workspace/incremental-synthesis/benchmarks/riscv-eco-003-new/core/common/adder.sv:17$151.
  creating $macc cell for $flatten\singlecycle_datapath.\alu.$mul$/workspace/incremental-synthesis/benchmarks/riscv-eco-003-new/core/common/alu.sv:77$30: $auto$alumacc.cc:382:replace_macc$1973
  creating $macc cell for $flatten\singlecycle_datapath.\alu.$mul$/workspace/incremental-synthesis/benchmarks/riscv-eco-003-new/core/common/alu.sv:76$29: $auto$alumacc.cc:382:replace_macc$1974
  creating $alu model for $flatten\singlecycle_datapath.\alu.$lt$/workspace/incremental-synthesis/benchmarks/riscv-eco-003-new/core/common/alu.sv:34$9 ($lt): merged with $flatten\singlecycle_datapath.\alu.$sub$/workspace/incremental-synthesis/benchmarks/riscv-eco-003-new/core/common/alu.sv:30$5.
  creating $alu model for $flatten\singlecycle_datapath.\alu.$lt$/workspace/incremental-synthesis/benchmarks/riscv-eco-003-new/core/common/alu.sv:35$10 ($lt): merged with $flatten\singlecycle_datapath.\alu.$sub$/workspace/incremental-synthesis/benchmarks/riscv-eco-003-new/core/common/alu.sv:30$5.
  creating $alu cell for $flatten\singlecycle_datapath.\adder_pc_plus_4.$add$/workspace/incremental-synthesis/benchmarks/riscv-eco-003-new/core/common/adder.sv:17$151: $auto$alumacc.cc:512:replace_alu$1975
  creating $alu cell for $flatten\singlecycle_datapath.\adder_pc_plus_immediate.$add$/workspace/incremental-synthesis/benchmarks/riscv-eco-003-new/core/common/adder.sv:17$151: $auto$alumacc.cc:512:replace_alu$1978
  creating $alu cell for $flatten\singlecycle_datapath.\alu.$add$/workspace/incremental-synthesis/benchmarks/riscv-eco-003-new/core/common/alu.sv:29$4: $auto$alumacc.cc:512:replace_alu$1981
  creating $alu cell for $flatten\singlecycle_datapath.\alu.$sub$/workspace/incremental-synthesis/benchmarks/riscv-eco-003-new/core/common/alu.sv:30$5, $flatten\singlecycle_datapath.\alu.$lt$/workspace/incremental-synthesis/benchmarks/riscv-eco-003-new/core/common/alu.sv:34$9, $flatten\singlecycle_datapath.\alu.$lt$/workspace/incremental-synthesis/benchmarks/riscv-eco-003-new/core/common/alu.sv:35$10: $auto$alumacc.cc:512:replace_alu$1984
  created 4 $alu and 2 $macc cells.

15.13. Executing SHARE pass (SAT-based resource sharing).
Found 10 cells in module riscv_core that may be considered for resource sharing.
  Analyzing resource sharing options for $flatten\data_memory_interface.$shr$/workspace/incremental-synthesis/benchmarks/riscv-eco-003-new/core/common/data_memory_interface.sv:47$53 ($shr):
    Found 96 activation_patterns using ctrl signal { $flatten\data_memory_interface.$procmux$127_CMP $flatten\data_memory_interface.$procmux$126_CMP $flatten\data_memory_interface.$procmux$125_CMP $flatten\singlecycle_datapath.\regfile.$ne$/workspace/incremental-synthesis/benchmarks/riscv-eco-003-new/core/common/regfile.sv:40$106_Y $flatten\singlecycle_datapath.\mux_reg_writeback.\multiplexer.$procmux$1578_CMP $auto$opt_dff.cc:319:make_patterns_logic$1812 $auto$opt_dff.cc:319:make_patterns_logic$1817 $auto$opt_dff.cc:319:make_patterns_logic$1822 $auto$opt_dff.cc:319:make_patterns_logic$1827 $auto$opt_dff.cc:319:make_patterns_logic$1832 $auto$opt_dff.cc:319:make_patterns_logic$1837 $auto$opt_dff.cc:319:make_patterns_logic$1842 $auto$opt_dff.cc:319:make_patterns_logic$1847 $auto$opt_dff.cc:319:make_patterns_logic$1852 $auto$opt_dff.cc:319:make_patterns_logic$1857 $auto$opt_dff.cc:319:make_patterns_logic$1862 $auto$opt_dff.cc:319:make_patterns_logic$1867 $auto$opt_dff.cc:319:make_patterns_logic$1872 $auto$opt_dff.cc:319:make_patterns_logic$1877 $auto$opt_dff.cc:319:make_patterns_logic$1882 $auto$opt_dff.cc:319:make_patterns_logic$1887 $auto$opt_dff.cc:319:make_patterns_logic$1892 $auto$opt_dff.cc:319:make_patterns_logic$1897 $auto$opt_dff.cc:319:make_patterns_logic$1902 $auto$opt_dff.cc:319:make_patterns_logic$1907 $auto$opt_dff.cc:319:make_patterns_logic$1912 $auto$opt_dff.cc:319:make_patterns_logic$1917 $auto$opt_dff.cc:319:make_patterns_logic$1922 $auto$opt_dff.cc:319:make_patterns_logic$1927 $auto$opt_dff.cc:319:make_patterns_logic$1932 $auto$opt_dff.cc:319:make_patterns_logic$1937 $auto$opt_dff.cc:319:make_patterns_logic$1942 $auto$opt_dff.cc:319:make_patterns_logic$1947 $auto$opt_dff.cc:319:make_patterns_logic$1952 $auto$opt_dff.cc:319:make_patterns_logic$1957 $auto$opt_dff.cc:319:make_patterns_logic$1962 $auto$opt_dff.cc:319:make_patterns_logic$1967 }.
    Found 1 candidates: $flatten\singlecycle_datapath.\alu.$shr$/workspace/incremental-synthesis/benchmarks/riscv-eco-003-new/core/common/alu.sv:32$7
    Analyzing resource sharing with $flatten\singlecycle_datapath.\alu.$shr$/workspace/incremental-synthesis/benchmarks/riscv-eco-003-new/core/common/alu.sv:32$7 ($shr):
      Found 1 activation_patterns using ctrl signal $flatten\singlecycle_datapath.\alu.$procmux$1648_CMP.
      Forbidden control signals for this pair of cells: { \singlecycle_ctlpath.control_transfer.take_branch $flatten\singlecycle_datapath.\mux_next_pc_select.\multiplexer.$procmux$1656_CMP $flatten\singlecycle_datapath.\mux_next_pc_select.\multiplexer.$procmux$1655_CMP $flatten\singlecycle_datapath.\mux_next_pc_select.\multiplexer.$procmux$1654_CMP $flatten\singlecycle_datapath.\mux_next_pc_select.\multiplexer.$procmux$1653_CMP }
      Activation pattern for cell $flatten\data_memory_interface.$shr$/workspace/incremental-synthesis/benchmarks/riscv-eco-003-new/core/common/data_memory_interface.sv:47$53: { $flatten\data_memory_interface.$procmux$125_CMP $flatten\singlecycle_datapath.\regfile.$ne$/workspace/incremental-synthesis/benchmarks/riscv-eco-003-new/core/common/regfile.sv:40$106_Y $flatten\singlecycle_datapath.\mux_reg_writeback.\multiplexer.$procmux$1578_CMP $auto$opt_dff.cc:319:make_patterns_logic$1927 } = 4'1111
      Activation pattern for cell $flatten\data_memory_interface.$shr$/workspace/incremental-synthesis/benchmarks/riscv-eco-003-new/core/common/data_memory_interface.sv:47$53: { $flatten\data_memory_interface.$procmux$125_CMP $flatten\singlecycle_datapath.\regfile.$ne$/workspace/incremental-synthesis/benchmarks/riscv-eco-003-new/core/common/regfile.sv:40$106_Y $flatten\singlecycle_datapath.\mux_reg_writeback.\multiplexer.$procmux$1578_CMP $auto$opt_dff.cc:319:make_patterns_logic$1932 } = 4'1111
      Activation pattern for cell $flatten\data_memory_interface.$shr$/workspace/incremental-synthesis/benchmarks/riscv-eco-003-new/core/common/data_memory_interface.sv:47$53: { $flatten\data_memory_interface.$procmux$125_CMP $flatten\singlecycle_datapath.\regfile.$ne$/workspace/incremental-synthesis/benchmarks/riscv-eco-003-new/core/common/regfile.sv:40$106_Y $flatten\singlecycle_datapath.\mux_reg_writeback.\multiplexer.$procmux$1578_CMP $auto$opt_dff.cc:319:make_patterns_logic$1937 } = 4'1111
      Activation pattern for cell $flatten\data_memory_interface.$shr$/workspace/incremental-synthesis/benchmarks/riscv-eco-003-new/core/common/data_memory_interface.sv:47$53: { $flatten\data_memory_interface.$procmux$125_CMP $flatten\singlecycle_datapath.\regfile.$ne$/workspace/incremental-synthesis/benchmarks/riscv-eco-003-new/core/common/regfile.sv:40$106_Y $flatten\singlecycle_datapath.\mux_reg_writeback.\multiplexer.$procmux$1578_CMP $auto$opt_dff.cc:319:make_patterns_logic$1942 } = 4'1111
      Activation pattern for cell $flatten\data_memory_interface.$shr$/workspace/incremental-synthesis/benchmarks/riscv-eco-003-new/core/common/data_memory_interface.sv:47$53: { $flatten\data_memory_interface.$procmux$125_CMP $flatten\singlecycle_datapath.\regfile.$ne$/workspace/incremental-synthesis/benchmarks/riscv-eco-003-new/core/common/regfile.sv:40$106_Y $flatten\singlecycle_datapath.\mux_reg_writeback.\multiplexer.$procmux$1578_CMP $auto$opt_dff.cc:319:make_patterns_logic$1947 } = 4'1111
      Activation pattern for cell $flatten\data_memory_interface.$shr$/workspace/incremental-synthesis/benchmarks/riscv-eco-003-new/core/common/data_memory_interface.sv:47$53: { $flatten\data_memory_interface.$procmux$125_CMP $flatten\singlecycle_datapath.\regfile.$ne$/workspace/incremental-synthesis/benchmarks/riscv-eco-003-new/core/common/regfile.sv:40$106_Y $flatten\singlecycle_datapath.\mux_reg_writeback.\multiplexer.$procmux$1578_CMP $auto$opt_dff.cc:319:make_patterns_logic$1952 } = 4'1111
      Activation pattern for cell $flatten\data_memory_interface.$shr$/workspace/incremental-synthesis/benchmarks/riscv-eco-003-new/core/common/data_memory_interface.sv:47$53: { $flatten\data_memory_interface.$procmux$125_CMP $flatten\singlecycle_datapath.\regfile.$ne$/workspace/incremental-synthesis/benchmarks/riscv-eco-003-new/core/common/regfile.sv:40$106_Y $flatten\singlecycle_datapath.\mux_reg_writeback.\multiplexer.$procmux$1578_CMP $auto$opt_dff.cc:319:make_patterns_logic$1957 } = 4'1111
      Activation pattern for cell $flatten\data_memory_interface.$shr$/workspace/incremental-synthesis/benchmarks/riscv-eco-003-new/core/common/data_memory_interface.sv:47$53: { $flatten\data_memory_interface.$procmux$125_CMP $flatten\singlecycle_datapath.\regfile.$ne$/workspace/incremental-synthesis/benchmarks/riscv-eco-003-new/core/common/regfile.sv:40$106_Y $flatten\singlecycle_datapath.\mux_reg_writeback.\multiplexer.$procmux$1578_CMP $auto$opt_dff.cc:319:make_patterns_logic$1962 } = 4'1111
      Activation pattern for cell $flatten\data_memory_interface.$shr$/workspace/incremental-synthesis/benchmarks/riscv-eco-003-new/core/common/data_memory_interface.sv:47$53: { $flatten\data_memory_interface.$procmux$125_CMP $flatten\singlecycle_datapath.\regfile.$ne$/workspace/incremental-synthesis/benchmarks/riscv-eco-003-new/core/common/regfile.sv:40$106_Y $flatten\singlecycle_datapath.\mux_reg_writeback.\multiplexer.$procmux$1578_CMP $auto$opt_dff.cc:319:make_patterns_logic$1967 } = 4'1111
      Activation pattern for cell $flatten\data_memory_interface.$shr$/workspace/incremental-synthesis/benchmarks/riscv-eco-003-new/core/common/data_memory_interface.sv:47$53: { $flatten\data_memory_interface.$procmux$125_CMP $flatten\singlecycle_datapath.\regfile.$ne$/workspace/incremental-synthesis/benchmarks/riscv-eco-003-new/core/common/regfile.sv:40$106_Y $flatten\singlecycle_datapath.\mux_reg_writeback.\multiplexer.$procmux$1578_CMP $auto$opt_dff.cc:319:make_patterns_logic$1812 } = 4'1111
      Activation pattern for cell $flatten\data_memory_interface.$shr$/workspace/incremental-synthesis/benchmarks/riscv-eco-003-new/core/common/data_memory_interface.sv:47$53: { $flatten\data_memory_interface.$procmux$125_CMP $flatten\singlecycle_datapath.\regfile.$ne$/workspace/incremental-synthesis/benchmarks/riscv-eco-003-new/core/common/regfile.sv:40$106_Y $flatten\singlecycle_datapath.\mux_reg_writeback.\multiplexer.$procmux$1578_CMP $auto$opt_dff.cc:319:make_patterns_logic$1817 } = 4'1111
      Activation pattern for cell $flatten\data_memory_interface.$shr$/workspace/incremental-synthesis/benchmarks/riscv-eco-003-new/core/common/data_memory_interface.sv:47$53: { $flatten\data_memory_interface.$procmux$125_CMP $flatten\singlecycle_datapath.\regfile.$ne$/workspace/incremental-synthesis/benchmarks/riscv-eco-003-new/core/common/regfile.sv:40$106_Y $flatten\singlecycle_datapath.\mux_reg_writeback.\multiplexer.$procmux$1578_CMP $auto$opt_dff.cc:319:make_patterns_logic$1822 } = 4'1111
      Activation pattern for cell $flatten\data_memory_interface.$shr$/workspace/incremental-synthesis/benchmarks/riscv-eco-003-new/core/common/data_memory_interface.sv:47$53: { $flatten\data_memory_interface.$procmux$125_CMP $flatten\singlecycle_datapath.\regfile.$ne$/workspace/incremental-synthesis/benchmarks/riscv-eco-003-new/core/common/regfile.sv:40$106_Y $flatten\singlecycle_datapath.\mux_reg_writeback.\multiplexer.$procmux$1578_CMP $auto$opt_dff.cc:319:make_patterns_logic$1827 } = 4'1111
      Activation pattern for cell $flatten\data_memory_interface.$shr$/workspace/incremental-synthesis/benchmarks/riscv-eco-003-new/core/common/data_memory_interface.sv:47$53: { $flatten\data_memory_interface.$procmux$125_CMP $flatten\singlecycle_datapath.\regfile.$ne$/workspace/incremental-synthesis/benchmarks/riscv-eco-003-new/core/common/regfile.sv:40$106_Y $flatten\singlecycle_datapath.\mux_reg_writeback.\multiplexer.$procmux$1578_CMP $auto$opt_dff.cc:319:make_patterns_logic$1832 } = 4'1111
      Activation pattern for cell $flatten\data_memory_interface.$shr$/workspace/incremental-synthesis/benchmarks/riscv-eco-003-new/core/common/data_memory_interface.sv:47$53: { $flatten\data_memory_interface.$procmux$125_CMP $flatten\singlecycle_datapath.\regfile.$ne$/workspace/incremental-synthesis/benchmarks/riscv-eco-003-new/core/common/regfile.sv:40$106_Y $flatten\singlecycle_datapath.\mux_reg_writeback.\multiplexer.$procmux$1578_CMP $auto$opt_dff.cc:319:make_patterns_logic$1837 } = 4'1111
      Activation pattern for cell $flatten\data_memory_interface.$shr$/workspace/incremental-synthesis/benchmarks/riscv-eco-003-new/core/common/data_memory_interface.sv:47$53: { $flatten\data_memory_interface.$procmux$125_CMP $flatten\singlecycle_datapath.\regfile.$ne$/workspace/incremental-synthesis/benchmarks/riscv-eco-003-new/core/common/regfile.sv:40$106_Y $flatten\singlecycle_datapath.\mux_reg_writeback.\multiplexer.$procmux$1578_CMP $auto$opt_dff.cc:319:make_patterns_logic$1842 } = 4'1111
      Activation pattern for cell $flatten\data_memory_interface.$shr$/workspace/incremental-synthesis/benchmarks/riscv-eco-003-new/core/common/data_memory_interface.sv:47$53: { $flatten\data_memory_interface.$procmux$125_CMP $flatten\singlecycle_datapath.\regfile.$ne$/workspace/incremental-synthesis/benchmarks/riscv-eco-003-new/core/common/regfile.sv:40$106_Y $flatten\singlecycle_datapath.\mux_reg_writeback.\multiplexer.$procmux$1578_CMP $auto$opt_dff.cc:319:make_patterns_logic$1847 } = 4'1111
      Activation pattern for cell $flatten\data_memory_interface.$shr$/workspace/incremental-synthesis/benchmarks/riscv-eco-003-new/core/common/data_memory_interface.sv:47$53: { $flatten\data_memory_interface.$procmux$125_CMP $flatten\singlecycle_datapath.\regfile.$ne$/workspace/incremental-synthesis/benchmarks/riscv-eco-003-new/core/common/regfile.sv:40$106_Y $flatten\singlecycle_datapath.\mux_reg_writeback.\multiplexer.$procmux$1578_CMP $auto$opt_dff.cc:319:make_patterns_logic$1852 } = 4'1111
      Activation pattern for cell $flatten\data_memory_interface.$shr$/workspace/incremental-synthesis/benchmarks/riscv-eco-003-new/core/common/data_memory_interface.sv:47$53: { $flatten\data_memory_interface.$procmux$125_CMP $flatten\singlecycle_datapath.\regfile.$ne$/workspace/incremental-synthesis/benchmarks/riscv-eco-003-new/core/common/regfile.sv:40$106_Y $flatten\singlecycle_datapath.\mux_reg_writeback.\multiplexer.$procmux$1578_CMP $auto$opt_dff.cc:319:make_patterns_logic$1857 } = 4'1111
      Activation pattern for cell $flatten\data_memory_interface.$shr$/workspace/incremental-synthesis/benchmarks/riscv-eco-003-new/core/common/data_memory_interface.sv:47$53: { $flatten\data_memory_interface.$procmux$125_CMP $flatten\singlecycle_datapath.\regfile.$ne$/workspace/incremental-synthesis/benchmarks/riscv-eco-003-new/core/common/regfile.sv:40$106_Y $flatten\singlecycle_datapath.\mux_reg_writeback.\multiplexer.$procmux$1578_CMP $auto$opt_dff.cc:319:make_patterns_logic$1862 } = 4'1111
      Activation pattern for cell $flatten\data_memory_interface.$shr$/workspace/incremental-synthesis/benchmarks/riscv-eco-003-new/core/common/data_memory_interface.sv:47$53: { $flatten\data_memory_interface.$procmux$125_CMP $flatten\singlecycle_datapath.\regfile.$ne$/workspace/incremental-synthesis/benchmarks/riscv-eco-003-new/core/common/regfile.sv:40$106_Y $flatten\singlecycle_datapath.\mux_reg_writeback.\multiplexer.$procmux$1578_CMP $auto$opt_dff.cc:319:make_patterns_logic$1867 } = 4'1111
      Activation pattern for cell $flatten\data_memory_interface.$shr$/workspace/incremental-synthesis/benchmarks/riscv-eco-003-new/core/common/data_memory_interface.sv:47$53: { $flatten\data_memory_interface.$procmux$125_CMP $flatten\singlecycle_datapath.\regfile.$ne$/workspace/incremental-synthesis/benchmarks/riscv-eco-003-new/core/common/regfile.sv:40$106_Y $flatten\singlecycle_datapath.\mux_reg_writeback.\multiplexer.$procmux$1578_CMP $auto$opt_dff.cc:319:make_patterns_logic$1872 } = 4'1111
      Activation pattern for cell $flatten\data_memory_interface.$shr$/workspace/incremental-synthesis/benchmarks/riscv-eco-003-new/core/common/data_memory_interface.sv:47$53: { $flatten\data_memory_interface.$procmux$125_CMP $flatten\singlecycle_datapath.\regfile.$ne$/workspace/incremental-synthesis/benchmarks/riscv-eco-003-new/core/common/regfile.sv:40$106_Y $flatten\singlecycle_datapath.\mux_reg_writeback.\multiplexer.$procmux$1578_CMP $auto$opt_dff.cc:319:make_patterns_logic$1877 } = 4'1111
      Activation pattern for cell $flatten\data_memory_interface.$shr$/workspace/incremental-synthesis/benchmarks/riscv-eco-003-new/core/common/data_memory_interface.sv:47$53: { $flatten\data_memory_interface.$procmux$125_CMP $flatten\singlecycle_datapath.\regfile.$ne$/workspace/incremental-synthesis/benchmarks/riscv-eco-003-new/core/common/regfile.sv:40$106_Y $flatten\singlecycle_datapath.\mux_reg_writeback.\multiplexer.$procmux$1578_CMP $auto$opt_dff.cc:319:make_patterns_logic$1882 } = 4'1111
      Activation pattern for cell $flatten\data_memory_interface.$shr$/workspace/incremental-synthesis/benchmarks/riscv-eco-003-new/core/common/data_memory_interface.sv:47$53: { $flatten\data_memory_interface.$procmux$125_CMP $flatten\singlecycle_datapath.\regfile.$ne$/workspace/incremental-synthesis/benchmarks/riscv-eco-003-new/core/common/regfile.sv:40$106_Y $flatten\singlecycle_datapath.\mux_reg_writeback.\multiplexer.$procmux$1578_CMP $auto$opt_dff.cc:319:make_patterns_logic$1887 } = 4'1111
      Activation pattern for cell $flatten\data_memory_interface.$shr$/workspace/incremental-synthesis/benchmarks/riscv-eco-003-new/core/common/data_memory_interface.sv:47$53: { $flatten\data_memory_interface.$procmux$125_CMP $flatten\singlecycle_datapath.\regfile.$ne$/workspace/incremental-synthesis/benchmarks/riscv-eco-003-new/core/common/regfile.sv:40$106_Y $flatten\singlecycle_datapath.\mux_reg_writeback.\multiplexer.$procmux$1578_CMP $auto$opt_dff.cc:319:make_patterns_logic$1892 } = 4'1111
      Activation pattern for cell $flatten\data_memory_interface.$shr$/workspace/incremental-synthesis/benchmarks/riscv-eco-003-new/core/common/data_memory_interface.sv:47$53: { $flatten\data_memory_interface.$procmux$125_CMP $flatten\singlecycle_datapath.\regfile.$ne$/workspace/incremental-synthesis/benchmarks/riscv-eco-003-new/core/common/regfile.sv:40$106_Y $flatten\singlecycle_datapath.\mux_reg_writeback.\multiplexer.$procmux$1578_CMP $auto$opt_dff.cc:319:make_patterns_logic$1897 } = 4'1111
      Activation pattern for cell $flatten\data_memory_interface.$shr$/workspace/incremental-synthesis/benchmarks/riscv-eco-003-new/core/common/data_memory_interface.sv:47$53: { $flatten\data_memory_interface.$procmux$125_CMP $flatten\singlecycle_datapath.\regfile.$ne$/workspace/incremental-synthesis/benchmarks/riscv-eco-003-new/core/common/regfile.sv:40$106_Y $flatten\singlecycle_datapath.\mux_reg_writeback.\multiplexer.$procmux$1578_CMP $auto$opt_dff.cc:319:make_patterns_logic$1902 } = 4'1111
      Activation pattern for cell $flatten\data_memory_interface.$shr$/workspace/incremental-synthesis/benchmarks/riscv-eco-003-new/core/common/data_memory_interface.sv:47$53: { $flatten\data_memory_interface.$procmux$125_CMP $flatten\singlecycle_datapath.\regfile.$ne$/workspace/incremental-synthesis/benchmarks/riscv-eco-003-new/core/common/regfile.sv:40$106_Y $flatten\singlecycle_datapath.\mux_reg_writeback.\multiplexer.$procmux$1578_CMP $auto$opt_dff.cc:319:make_patterns_logic$1907 } = 4'1111
      Activation pattern for cell $flatten\data_memory_interface.$shr$/workspace/incremental-synthesis/benchmarks/riscv-eco-003-new/core/common/data_memory_interface.sv:47$53: { $flatten\data_memory_interface.$procmux$125_CMP $flatten\singlecycle_datapath.\regfile.$ne$/workspace/incremental-synthesis/benchmarks/riscv-eco-003-new/core/common/regfile.sv:40$106_Y $flatten\singlecycle_datapath.\mux_reg_writeback.\multiplexer.$procmux$1578_CMP $auto$opt_dff.cc:319:make_patterns_logic$1912 } = 4'1111
      Activation pattern for cell $flatten\data_memory_interface.$shr$/workspace/incremental-synthesis/benchmarks/riscv-eco-003-new/core/common/data_memory_interface.sv:47$53: { $flatten\data_memory_interface.$procmux$125_CMP $flatten\singlecycle_datapath.\regfile.$ne$/workspace/incremental-synthesis/benchmarks/riscv-eco-003-new/core/common/regfile.sv:40$106_Y $flatten\singlecycle_datapath.\mux_reg_writeback.\multiplexer.$procmux$1578_CMP $auto$opt_dff.cc:319:make_patterns_logic$1917 } = 4'1111
      Activation pattern for cell $flatten\data_memory_interface.$shr$/workspace/incremental-synthesis/benchmarks/riscv-eco-003-new/core/common/data_memory_interface.sv:47$53: { $flatten\data_memory_interface.$procmux$125_CMP $flatten\singlecycle_datapath.\regfile.$ne$/workspace/incremental-synthesis/benchmarks/riscv-eco-003-new/core/common/regfile.sv:40$106_Y $flatten\singlecycle_datapath.\mux_reg_writeback.\multiplexer.$procmux$1578_CMP $auto$opt_dff.cc:319:make_patterns_logic$1922 } = 4'1111
      Activation pattern for cell $flatten\data_memory_interface.$shr$/workspace/incremental-synthesis/benchmarks/riscv-eco-003-new/core/common/data_memory_interface.sv:47$53: { $flatten\data_memory_interface.$procmux$126_CMP $flatten\singlecycle_datapath.\regfile.$ne$/workspace/incremental-synthesis/benchmarks/riscv-eco-003-new/core/common/regfile.sv:40$106_Y $flatten\singlecycle_datapath.\mux_reg_writeback.\multiplexer.$procmux$1578_CMP $auto$opt_dff.cc:319:make_patterns_logic$1927 } = 4'1111
      Activation pattern for cell $flatten\data_memory_interface.$shr$/workspace/incremental-synthesis/benchmarks/riscv-eco-003-new/core/common/data_memory_interface.sv:47$53: { $flatten\data_memory_interface.$procmux$126_CMP $flatten\singlecycle_datapath.\regfile.$ne$/workspace/incremental-synthesis/benchmarks/riscv-eco-003-new/core/common/regfile.sv:40$106_Y $flatten\singlecycle_datapath.\mux_reg_writeback.\multiplexer.$procmux$1578_CMP $auto$opt_dff.cc:319:make_patterns_logic$1932 } = 4'1111
      Activation pattern for cell $flatten\data_memory_interface.$shr$/workspace/incremental-synthesis/benchmarks/riscv-eco-003-new/core/common/data_memory_interface.sv:47$53: { $flatten\data_memory_interface.$procmux$126_CMP $flatten\singlecycle_datapath.\regfile.$ne$/workspace/incremental-synthesis/benchmarks/riscv-eco-003-new/core/common/regfile.sv:40$106_Y $flatten\singlecycle_datapath.\mux_reg_writeback.\multiplexer.$procmux$1578_CMP $auto$opt_dff.cc:319:make_patterns_logic$1937 } = 4'1111
      Activation pattern for cell $flatten\data_memory_interface.$shr$/workspace/incremental-synthesis/benchmarks/riscv-eco-003-new/core/common/data_memory_interface.sv:47$53: { $flatten\data_memory_interface.$procmux$126_CMP $flatten\singlecycle_datapath.\regfile.$ne$/workspace/incremental-synthesis/benchmarks/riscv-eco-003-new/core/common/regfile.sv:40$106_Y $flatten\singlecycle_datapath.\mux_reg_writeback.\multiplexer.$procmux$1578_CMP $auto$opt_dff.cc:319:make_patterns_logic$1942 } = 4'1111
      Activation pattern for cell $flatten\data_memory_interface.$shr$/workspace/incremental-synthesis/benchmarks/riscv-eco-003-new/core/common/data_memory_interface.sv:47$53: { $flatten\data_memory_interface.$procmux$126_CMP $flatten\singlecycle_datapath.\regfile.$ne$/workspace/incremental-synthesis/benchmarks/riscv-eco-003-new/core/common/regfile.sv:40$106_Y $flatten\singlecycle_datapath.\mux_reg_writeback.\multiplexer.$procmux$1578_CMP $auto$opt_dff.cc:319:make_patterns_logic$1947 } = 4'1111
      Activation pattern for cell $flatten\data_memory_interface.$shr$/workspace/incremental-synthesis/benchmarks/riscv-eco-003-new/core/common/data_memory_interface.sv:47$53: { $flatten\data_memory_interface.$procmux$126_CMP $flatten\singlecycle_datapath.\regfile.$ne$/workspace/incremental-synthesis/benchmarks/riscv-eco-003-new/core/common/regfile.sv:40$106_Y $flatten\singlecycle_datapath.\mux_reg_writeback.\multiplexer.$procmux$1578_CMP $auto$opt_dff.cc:319:make_patterns_logic$1952 } = 4'1111
      Activation pattern for cell $flatten\data_memory_interface.$shr$/workspace/incremental-synthesis/benchmarks/riscv-eco-003-new/core/common/data_memory_interface.sv:47$53: { $flatten\data_memory_interface.$procmux$126_CMP $flatten\singlecycle_datapath.\regfile.$ne$/workspace/incremental-synthesis/benchmarks/riscv-eco-003-new/core/common/regfile.sv:40$106_Y $flatten\singlecycle_datapath.\mux_reg_writeback.\multiplexer.$procmux$1578_CMP $auto$opt_dff.cc:319:make_patterns_logic$1957 } = 4'1111
      Activation pattern for cell $flatten\data_memory_interface.$shr$/workspace/incremental-synthesis/benchmarks/riscv-eco-003-new/core/common/data_memory_interface.sv:47$53: { $flatten\data_memory_interface.$procmux$126_CMP $flatten\singlecycle_datapath.\regfile.$ne$/workspace/incremental-synthesis/benchmarks/riscv-eco-003-new/core/common/regfile.sv:40$106_Y $flatten\singlecycle_datapath.\mux_reg_writeback.\multiplexer.$procmux$1578_CMP $auto$opt_dff.cc:319:make_patterns_logic$1962 } = 4'1111
      Activation pattern for cell $flatten\data_memory_interface.$shr$/workspace/incremental-synthesis/benchmarks/riscv-eco-003-new/core/common/data_memory_interface.sv:47$53: { $flatten\data_memory_interface.$procmux$126_CMP $flatten\singlecycle_datapath.\regfile.$ne$/workspace/incremental-synthesis/benchmarks/riscv-eco-003-new/core/common/regfile.sv:40$106_Y $flatten\singlecycle_datapath.\mux_reg_writeback.\multiplexer.$procmux$1578_CMP $auto$opt_dff.cc:319:make_patterns_logic$1967 } = 4'1111
      Activation pattern for cell $flatten\data_memory_interface.$shr$/workspace/incremental-synthesis/benchmarks/riscv-eco-003-new/core/common/data_memory_interface.sv:47$53: { $flatten\data_memory_interface.$procmux$126_CMP $flatten\singlecycle_datapath.\regfile.$ne$/workspace/incremental-synthesis/benchmarks/riscv-eco-003-new/core/common/regfile.sv:40$106_Y $flatten\singlecycle_datapath.\mux_reg_writeback.\multiplexer.$procmux$1578_CMP $auto$opt_dff.cc:319:make_patterns_logic$1812 } = 4'1111
      Activation pattern for cell $flatten\data_memory_interface.$shr$/workspace/incremental-synthesis/benchmarks/riscv-eco-003-new/core/common/data_memory_interface.sv:47$53: { $flatten\data_memory_interface.$procmux$126_CMP $flatten\singlecycle_datapath.\regfile.$ne$/workspace/incremental-synthesis/benchmarks/riscv-eco-003-new/core/common/regfile.sv:40$106_Y $flatten\singlecycle_datapath.\mux_reg_writeback.\multiplexer.$procmux$1578_CMP $auto$opt_dff.cc:319:make_patterns_logic$1817 } = 4'1111
      Activation pattern for cell $flatten\data_memory_interface.$shr$/workspace/incremental-synthesis/benchmarks/riscv-eco-003-new/core/common/data_memory_interface.sv:47$53: { $flatten\data_memory_interface.$procmux$126_CMP $flatten\singlecycle_datapath.\regfile.$ne$/workspace/incremental-synthesis/benchmarks/riscv-eco-003-new/core/common/regfile.sv:40$106_Y $flatten\singlecycle_datapath.\mux_reg_writeback.\multiplexer.$procmux$1578_CMP $auto$opt_dff.cc:319:make_patterns_logic$1822 } = 4'1111
      Activation pattern for cell $flatten\data_memory_interface.$shr$/workspace/incremental-synthesis/benchmarks/riscv-eco-003-new/core/common/data_memory_interface.sv:47$53: { $flatten\data_memory_interface.$procmux$126_CMP $flatten\singlecycle_datapath.\regfile.$ne$/workspace/incremental-synthesis/benchmarks/riscv-eco-003-new/core/common/regfile.sv:40$106_Y $flatten\singlecycle_datapath.\mux_reg_writeback.\multiplexer.$procmux$1578_CMP $auto$opt_dff.cc:319:make_patterns_logic$1827 } = 4'1111
      Activation pattern for cell $flatten\data_memory_interface.$shr$/workspace/incremental-synthesis/benchmarks/riscv-eco-003-new/core/common/data_memory_interface.sv:47$53: { $flatten\data_memory_interface.$procmux$126_CMP $flatten\singlecycle_datapath.\regfile.$ne$/workspace/incremental-synthesis/benchmarks/riscv-eco-003-new/core/common/regfile.sv:40$106_Y $flatten\singlecycle_datapath.\mux_reg_writeback.\multiplexer.$procmux$1578_CMP $auto$opt_dff.cc:319:make_patterns_logic$1832 } = 4'1111
      Activation pattern for cell $flatten\data_memory_interface.$shr$/workspace/incremental-synthesis/benchmarks/riscv-eco-003-new/core/common/data_memory_interface.sv:47$53: { $flatten\data_memory_interface.$procmux$126_CMP $flatten\singlecycle_datapath.\regfile.$ne$/workspace/incremental-synthesis/benchmarks/riscv-eco-003-new/core/common/regfile.sv:40$106_Y $flatten\singlecycle_datapath.\mux_reg_writeback.\multiplexer.$procmux$1578_CMP $auto$opt_dff.cc:319:make_patterns_logic$1837 } = 4'1111
      Activation pattern for cell $flatten\data_memory_interface.$shr$/workspace/incremental-synthesis/benchmarks/riscv-eco-003-new/core/common/data_memory_interface.sv:47$53: { $flatten\data_memory_interface.$procmux$126_CMP $flatten\singlecycle_datapath.\regfile.$ne$/workspace/incremental-synthesis/benchmarks/riscv-eco-003-new/core/common/regfile.sv:40$106_Y $flatten\singlecycle_datapath.\mux_reg_writeback.\multiplexer.$procmux$1578_CMP $auto$opt_dff.cc:319:make_patterns_logic$1842 } = 4'1111
      Activation pattern for cell $flatten\data_memory_interface.$shr$/workspace/incremental-synthesis/benchmarks/riscv-eco-003-new/core/common/data_memory_interface.sv:47$53: { $flatten\data_memory_interface.$procmux$126_CMP $flatten\singlecycle_datapath.\regfile.$ne$/workspace/incremental-synthesis/benchmarks/riscv-eco-003-new/core/common/regfile.sv:40$106_Y $flatten\singlecycle_datapath.\mux_reg_writeback.\multiplexer.$procmux$1578_CMP $auto$opt_dff.cc:319:make_patterns_logic$1847 } = 4'1111
      Activation pattern for cell $flatten\data_memory_interface.$shr$/workspace/incremental-synthesis/benchmarks/riscv-eco-003-new/core/common/data_memory_interface.sv:47$53: { $flatten\data_memory_interface.$procmux$126_CMP $flatten\singlecycle_datapath.\regfile.$ne$/workspace/incremental-synthesis/benchmarks/riscv-eco-003-new/core/common/regfile.sv:40$106_Y $flatten\singlecycle_datapath.\mux_reg_writeback.\multiplexer.$procmux$1578_CMP $auto$opt_dff.cc:319:make_patterns_logic$1852 } = 4'1111
      Activation pattern for cell $flatten\data_memory_interface.$shr$/workspace/incremental-synthesis/benchmarks/riscv-eco-003-new/core/common/data_memory_interface.sv:47$53: { $flatten\data_memory_interface.$procmux$126_CMP $flatten\singlecycle_datapath.\regfile.$ne$/workspace/incremental-synthesis/benchmarks/riscv-eco-003-new/core/common/regfile.sv:40$106_Y $flatten\singlecycle_datapath.\mux_reg_writeback.\multiplexer.$procmux$1578_CMP $auto$opt_dff.cc:319:make_patterns_logic$1857 } = 4'1111
      Activation pattern for cell $flatten\data_memory_interface.$shr$/workspace/incremental-synthesis/benchmarks/riscv-eco-003-new/core/common/data_memory_interface.sv:47$53: { $flatten\data_memory_interface.$procmux$126_CMP $flatten\singlecycle_datapath.\regfile.$ne$/workspace/incremental-synthesis/benchmarks/riscv-eco-003-new/core/common/regfile.sv:40$106_Y $flatten\singlecycle_datapath.\mux_reg_writeback.\multiplexer.$procmux$1578_CMP $auto$opt_dff.cc:319:make_patterns_logic$1862 } = 4'1111
      Activation pattern for cell $flatten\data_memory_interface.$shr$/workspace/incremental-synthesis/benchmarks/riscv-eco-003-new/core/common/data_memory_interface.sv:47$53: { $flatten\data_memory_interface.$procmux$126_CMP $flatten\singlecycle_datapath.\regfile.$ne$/workspace/incremental-synthesis/benchmarks/riscv-eco-003-new/core/common/regfile.sv:40$106_Y $flatten\singlecycle_datapath.\mux_reg_writeback.\multiplexer.$procmux$1578_CMP $auto$opt_dff.cc:319:make_patterns_logic$1867 } = 4'1111
      Activation pattern for cell $flatten\data_memory_interface.$shr$/workspace/incremental-synthesis/benchmarks/riscv-eco-003-new/core/common/data_memory_interface.sv:47$53: { $flatten\data_memory_interface.$procmux$126_CMP $flatten\singlecycle_datapath.\regfile.$ne$/workspace/incremental-synthesis/benchmarks/riscv-eco-003-new/core/common/regfile.sv:40$106_Y $flatten\singlecycle_datapath.\mux_reg_writeback.\multiplexer.$procmux$1578_CMP $auto$opt_dff.cc:319:make_patterns_logic$1872 } = 4'1111
      Activation pattern for cell $flatten\data_memory_interface.$shr$/workspace/incremental-synthesis/benchmarks/riscv-eco-003-new/core/common/data_memory_interface.sv:47$53: { $flatten\data_memory_interface.$procmux$126_CMP $flatten\singlecycle_datapath.\regfile.$ne$/workspace/incremental-synthesis/benchmarks/riscv-eco-003-new/core/common/regfile.sv:40$106_Y $flatten\singlecycle_datapath.\mux_reg_writeback.\multiplexer.$procmux$1578_CMP $auto$opt_dff.cc:319:make_patterns_logic$1877 } = 4'1111
      Activation pattern for cell $flatten\data_memory_interface.$shr$/workspace/incremental-synthesis/benchmarks/riscv-eco-003-new/core/common/data_memory_interface.sv:47$53: { $flatten\data_memory_interface.$procmux$126_CMP $flatten\singlecycle_datapath.\regfile.$ne$/workspace/incremental-synthesis/benchmarks/riscv-eco-003-new/core/common/regfile.sv:40$106_Y $flatten\singlecycle_datapath.\mux_reg_writeback.\multiplexer.$procmux$1578_CMP $auto$opt_dff.cc:319:make_patterns_logic$1882 } = 4'1111
      Activation pattern for cell $flatten\data_memory_interface.$shr$/workspace/incremental-synthesis/benchmarks/riscv-eco-003-new/core/common/data_memory_interface.sv:47$53: { $flatten\data_memory_interface.$procmux$126_CMP $flatten\singlecycle_datapath.\regfile.$ne$/workspace/incremental-synthesis/benchmarks/riscv-eco-003-new/core/common/regfile.sv:40$106_Y $flatten\singlecycle_datapath.\mux_reg_writeback.\multiplexer.$procmux$1578_CMP $auto$opt_dff.cc:319:make_patterns_logic$1887 } = 4'1111
      Activation pattern for cell $flatten\data_memory_interface.$shr$/workspace/incremental-synthesis/benchmarks/riscv-eco-003-new/core/common/data_memory_interface.sv:47$53: { $flatten\data_memory_interface.$procmux$126_CMP $flatten\singlecycle_datapath.\regfile.$ne$/workspace/incremental-synthesis/benchmarks/riscv-eco-003-new/core/common/regfile.sv:40$106_Y $flatten\singlecycle_datapath.\mux_reg_writeback.\multiplexer.$procmux$1578_CMP $auto$opt_dff.cc:319:make_patterns_logic$1892 } = 4'1111
      Activation pattern for cell $flatten\data_memory_interface.$shr$/workspace/incremental-synthesis/benchmarks/riscv-eco-003-new/core/common/data_memory_interface.sv:47$53: { $flatten\data_memory_interface.$procmux$126_CMP $flatten\singlecycle_datapath.\regfile.$ne$/workspace/incremental-synthesis/benchmarks/riscv-eco-003-new/core/common/regfile.sv:40$106_Y $flatten\singlecycle_datapath.\mux_reg_writeback.\multiplexer.$procmux$1578_CMP $auto$opt_dff.cc:319:make_patterns_logic$1897 } = 4'1111
      Activation pattern for cell $flatten\data_memory_interface.$shr$/workspace/incremental-synthesis/benchmarks/riscv-eco-003-new/core/common/data_memory_interface.sv:47$53: { $flatten\data_memory_interface.$procmux$126_CMP $flatten\singlecycle_datapath.\regfile.$ne$/workspace/incremental-synthesis/benchmarks/riscv-eco-003-new/core/common/regfile.sv:40$106_Y $flatten\singlecycle_datapath.\mux_reg_writeback.\multiplexer.$procmux$1578_CMP $auto$opt_dff.cc:319:make_patterns_logic$1902 } = 4'1111
      Activation pattern for cell $flatten\data_memory_interface.$shr$/workspace/incremental-synthesis/benchmarks/riscv-eco-003-new/core/common/data_memory_interface.sv:47$53: { $flatten\data_memory_interface.$procmux$126_CMP $flatten\singlecycle_datapath.\regfile.$ne$/workspace/incremental-synthesis/benchmarks/riscv-eco-003-new/core/common/regfile.sv:40$106_Y $flatten\singlecycle_datapath.\mux_reg_writeback.\multiplexer.$procmux$1578_CMP $auto$opt_dff.cc:319:make_patterns_logic$1907 } = 4'1111
      Activation pattern for cell $flatten\data_memory_interface.$shr$/workspace/incremental-synthesis/benchmarks/riscv-eco-003-new/core/common/data_memory_interface.sv:47$53: { $flatten\data_memory_interface.$procmux$126_CMP $flatten\singlecycle_datapath.\regfile.$ne$/workspace/incremental-synthesis/benchmarks/riscv-eco-003-new/core/common/regfile.sv:40$106_Y $flatten\singlecycle_datapath.\mux_reg_writeback.\multiplexer.$procmux$1578_CMP $auto$opt_dff.cc:319:make_patterns_logic$1912 } = 4'1111
      Activation pattern for cell $flatten\data_memory_interface.$shr$/workspace/incremental-synthesis/benchmarks/riscv-eco-003-new/core/common/data_memory_interface.sv:47$53: { $flatten\data_memory_interface.$procmux$126_CMP $flatten\singlecycle_datapath.\regfile.$ne$/workspace/incremental-synthesis/benchmarks/riscv-eco-003-new/core/common/regfile.sv:40$106_Y $flatten\singlecycle_datapath.\mux_reg_writeback.\multiplexer.$procmux$1578_CMP $auto$opt_dff.cc:319:make_patterns_logic$1917 } = 4'1111
      Activation pattern for cell $flatten\data_memory_interface.$shr$/workspace/incremental-synthesis/benchmarks/riscv-eco-003-new/core/common/data_memory_interface.sv:47$53: { $flatten\data_memory_interface.$procmux$126_CMP $flatten\singlecycle_datapath.\regfile.$ne$/workspace/incremental-synthesis/benchmarks/riscv-eco-003-new/core/common/regfile.sv:40$106_Y $flatten\singlecycle_datapath.\mux_reg_writeback.\multiplexer.$procmux$1578_CMP $auto$opt_dff.cc:319:make_patterns_logic$1922 } = 4'1111
      Activation pattern for cell $flatten\data_memory_interface.$shr$/workspace/incremental-synthesis/benchmarks/riscv-eco-003-new/core/common/data_memory_interface.sv:47$53: { $flatten\data_memory_interface.$procmux$127_CMP $flatten\singlecycle_datapath.\regfile.$ne$/workspace/incremental-synthesis/benchmarks/riscv-eco-003-new/core/common/regfile.sv:40$106_Y $flatten\singlecycle_datapath.\mux_reg_writeback.\multiplexer.$procmux$1578_CMP $auto$opt_dff.cc:319:make_patterns_logic$1927 } = 4'1111
      Activation pattern for cell $flatten\data_memory_interface.$shr$/workspace/incremental-synthesis/benchmarks/riscv-eco-003-new/core/common/data_memory_interface.sv:47$53: { $flatten\data_memory_interface.$procmux$127_CMP $flatten\singlecycle_datapath.\regfile.$ne$/workspace/incremental-synthesis/benchmarks/riscv-eco-003-new/core/common/regfile.sv:40$106_Y $flatten\singlecycle_datapath.\mux_reg_writeback.\multiplexer.$procmux$1578_CMP $auto$opt_dff.cc:319:make_patterns_logic$1932 } = 4'1111
      Activation pattern for cell $flatten\data_memory_interface.$shr$/workspace/incremental-synthesis/benchmarks/riscv-eco-003-new/core/common/data_memory_interface.sv:47$53: { $flatten\data_memory_interface.$procmux$127_CMP $flatten\singlecycle_datapath.\regfile.$ne$/workspace/incremental-synthesis/benchmarks/riscv-eco-003-new/core/common/regfile.sv:40$106_Y $flatten\singlecycle_datapath.\mux_reg_writeback.\multiplexer.$procmux$1578_CMP $auto$opt_dff.cc:319:make_patterns_logic$1937 } = 4'1111
      Activation pattern for cell $flatten\data_memory_interface.$shr$/workspace/incremental-synthesis/benchmarks/riscv-eco-003-new/core/common/data_memory_interface.sv:47$53: { $flatten\data_memory_interface.$procmux$127_CMP $flatten\singlecycle_datapath.\regfile.$ne$/workspace/incremental-synthesis/benchmarks/riscv-eco-003-new/core/common/regfile.sv:40$106_Y $flatten\singlecycle_datapath.\mux_reg_writeback.\multiplexer.$procmux$1578_CMP $auto$opt_dff.cc:319:make_patterns_logic$1942 } = 4'1111
      Activation pattern for cell $flatten\data_memory_interface.$shr$/workspace/incremental-synthesis/benchmarks/riscv-eco-003-new/core/common/data_memory_interface.sv:47$53: { $flatten\data_memory_interface.$procmux$127_CMP $flatten\singlecycle_datapath.\regfile.$ne$/workspace/incremental-synthesis/benchmarks/riscv-eco-003-new/core/common/regfile.sv:40$106_Y $flatten\singlecycle_datapath.\mux_reg_writeback.\multiplexer.$procmux$1578_CMP $auto$opt_dff.cc:319:make_patterns_logic$1947 } = 4'1111
      Activation pattern for cell $flatten\data_memory_interface.$shr$/workspace/incremental-synthesis/benchmarks/riscv-eco-003-new/core/common/data_memory_interface.sv:47$53: { $flatten\data_memory_interface.$procmux$127_CMP $flatten\singlecycle_datapath.\regfile.$ne$/workspace/incremental-synthesis/benchmarks/riscv-eco-003-new/core/common/regfile.sv:40$106_Y $flatten\singlecycle_datapath.\mux_reg_writeback.\multiplexer.$procmux$1578_CMP $auto$opt_dff.cc:319:make_patterns_logic$1952 } = 4'1111
      Activation pattern for cell $flatten\data_memory_interface.$shr$/workspace/incremental-synthesis/benchmarks/riscv-eco-003-new/core/common/data_memory_interface.sv:47$53: { $flatten\data_memory_interface.$procmux$127_CMP $flatten\singlecycle_datapath.\regfile.$ne$/workspace/incremental-synthesis/benchmarks/riscv-eco-003-new/core/common/regfile.sv:40$106_Y $flatten\singlecycle_datapath.\mux_reg_writeback.\multiplexer.$procmux$1578_CMP $auto$opt_dff.cc:319:make_patterns_logic$1957 } = 4'1111
      Activation pattern for cell $flatten\data_memory_interface.$shr$/workspace/incremental-synthesis/benchmarks/riscv-eco-003-new/core/common/data_memory_interface.sv:47$53: { $flatten\data_memory_interface.$procmux$127_CMP $flatten\singlecycle_datapath.\regfile.$ne$/workspace/incremental-synthesis/benchmarks/riscv-eco-003-new/core/common/regfile.sv:40$106_Y $flatten\singlecycle_datapath.\mux_reg_writeback.\multiplexer.$procmux$1578_CMP $auto$opt_dff.cc:319:make_patterns_logic$1962 } = 4'1111
      Activation pattern for cell $flatten\data_memory_interface.$shr$/workspace/incremental-synthesis/benchmarks/riscv-eco-003-new/core/common/data_memory_interface.sv:47$53: { $flatten\data_memory_interface.$procmux$127_CMP $flatten\singlecycle_datapath.\regfile.$ne$/workspace/incremental-synthesis/benchmarks/riscv-eco-003-new/core/common/regfile.sv:40$106_Y $flatten\singlecycle_datapath.\mux_reg_writeback.\multiplexer.$procmux$1578_CMP $auto$opt_dff.cc:319:make_patterns_logic$1967 } = 4'1111
      Activation pattern for cell $flatten\data_memory_interface.$shr$/workspace/incremental-synthesis/benchmarks/riscv-eco-003-new/core/common/data_memory_interface.sv:47$53: { $flatten\data_memory_interface.$procmux$127_CMP $flatten\singlecycle_datapath.\regfile.$ne$/workspace/incremental-synthesis/benchmarks/riscv-eco-003-new/core/common/regfile.sv:40$106_Y $flatten\singlecycle_datapath.\mux_reg_writeback.\multiplexer.$procmux$1578_CMP $auto$opt_dff.cc:319:make_patterns_logic$1812 } = 4'1111
      Activation pattern for cell $flatten\data_memory_interface.$shr$/workspace/incremental-synthesis/benchmarks/riscv-eco-003-new/core/common/data_memory_interface.sv:47$53: { $flatten\data_memory_interface.$procmux$127_CMP $flatten\singlecycle_datapath.\regfile.$ne$/workspace/incremental-synthesis/benchmarks/riscv-eco-003-new/core/common/regfile.sv:40$106_Y $flatten\singlecycle_datapath.\mux_reg_writeback.\multiplexer.$procmux$1578_CMP $auto$opt_dff.cc:319:make_patterns_logic$1817 } = 4'1111
      Activation pattern for cell $flatten\data_memory_interface.$shr$/workspace/incremental-synthesis/benchmarks/riscv-eco-003-new/core/common/data_memory_interface.sv:47$53: { $flatten\data_memory_interface.$procmux$127_CMP $flatten\singlecycle_datapath.\regfile.$ne$/workspace/incremental-synthesis/benchmarks/riscv-eco-003-new/core/common/regfile.sv:40$106_Y $flatten\singlecycle_datapath.\mux_reg_writeback.\multiplexer.$procmux$1578_CMP $auto$opt_dff.cc:319:make_patterns_logic$1822 } = 4'1111
      Activation pattern for cell $flatten\data_memory_interface.$shr$/workspace/incremental-synthesis/benchmarks/riscv-eco-003-new/core/common/data_memory_interface.sv:47$53: { $flatten\data_memory_interface.$procmux$127_CMP $flatten\singlecycle_datapath.\regfile.$ne$/workspace/incremental-synthesis/benchmarks/riscv-eco-003-new/core/common/regfile.sv:40$106_Y $flatten\singlecycle_datapath.\mux_reg_writeback.\multiplexer.$procmux$1578_CMP $auto$opt_dff.cc:319:make_patterns_logic$1827 } = 4'1111
      Activation pattern for cell $flatten\data_memory_interface.$shr$/workspace/incremental-synthesis/benchmarks/riscv-eco-003-new/core/common/data_memory_interface.sv:47$53: { $flatten\data_memory_interface.$procmux$127_CMP $flatten\singlecycle_datapath.\regfile.$ne$/workspace/incremental-synthesis/benchmarks/riscv-eco-003-new/core/common/regfile.sv:40$106_Y $flatten\singlecycle_datapath.\mux_reg_writeback.\multiplexer.$procmux$1578_CMP $auto$opt_dff.cc:319:make_patterns_logic$1832 } = 4'1111
      Activation pattern for cell $flatten\data_memory_interface.$shr$/workspace/incremental-synthesis/benchmarks/riscv-eco-003-new/core/common/data_memory_interface.sv:47$53: { $flatten\data_memory_interface.$procmux$127_CMP $flatten\singlecycle_datapath.\regfile.$ne$/workspace/incremental-synthesis/benchmarks/riscv-eco-003-new/core/common/regfile.sv:40$106_Y $flatten\singlecycle_datapath.\mux_reg_writeback.\multiplexer.$procmux$1578_CMP $auto$opt_dff.cc:319:make_patterns_logic$1837 } = 4'1111
      Activation pattern for cell $flatten\data_memory_interface.$shr$/workspace/incremental-synthesis/benchmarks/riscv-eco-003-new/core/common/data_memory_interface.sv:47$53: { $flatten\data_memory_interface.$procmux$127_CMP $flatten\singlecycle_datapath.\regfile.$ne$/workspace/incremental-synthesis/benchmarks/riscv-eco-003-new/core/common/regfile.sv:40$106_Y $flatten\singlecycle_datapath.\mux_reg_writeback.\multiplexer.$procmux$1578_CMP $auto$opt_dff.cc:319:make_patterns_logic$1842 } = 4'1111
      Activation pattern for cell $flatten\data_memory_interface.$shr$/workspace/incremental-synthesis/benchmarks/riscv-eco-003-new/core/common/data_memory_interface.sv:47$53: { $flatten\data_memory_interface.$procmux$127_CMP $flatten\singlecycle_datapath.\regfile.$ne$/workspace/incremental-synthesis/benchmarks/riscv-eco-003-new/core/common/regfile.sv:40$106_Y $flatten\singlecycle_datapath.\mux_reg_writeback.\multiplexer.$procmux$1578_CMP $auto$opt_dff.cc:319:make_patterns_logic$1847 } = 4'1111
      Activation pattern for cell $flatten\data_memory_interface.$shr$/workspace/incremental-synthesis/benchmarks/riscv-eco-003-new/core/common/data_memory_interface.sv:47$53: { $flatten\data_memory_interface.$procmux$127_CMP $flatten\singlecycle_datapath.\regfile.$ne$/workspace/incremental-synthesis/benchmarks/riscv-eco-003-new/core/common/regfile.sv:40$106_Y $flatten\singlecycle_datapath.\mux_reg_writeback.\multiplexer.$procmux$1578_CMP $auto$opt_dff.cc:319:make_patterns_logic$1852 } = 4'1111
      Activation pattern for cell $flatten\data_memory_interface.$shr$/workspace/incremental-synthesis/benchmarks/riscv-eco-003-new/core/common/data_memory_interface.sv:47$53: { $flatten\data_memory_interface.$procmux$127_CMP $flatten\singlecycle_datapath.\regfile.$ne$/workspace/incremental-synthesis/benchmarks/riscv-eco-003-new/core/common/regfile.sv:40$106_Y $flatten\singlecycle_datapath.\mux_reg_writeback.\multiplexer.$procmux$1578_CMP $auto$opt_dff.cc:319:make_patterns_logic$1857 } = 4'1111
      Activation pattern for cell $flatten\data_memory_interface.$shr$/workspace/incremental-synthesis/benchmarks/riscv-eco-003-new/core/common/data_memory_interface.sv:47$53: { $flatten\data_memory_interface.$procmux$127_CMP $flatten\singlecycle_datapath.\regfile.$ne$/workspace/incremental-synthesis/benchmarks/riscv-eco-003-new/core/common/regfile.sv:40$106_Y $flatten\singlecycle_datapath.\mux_reg_writeback.\multiplexer.$procmux$1578_CMP $auto$opt_dff.cc:319:make_patterns_logic$1862 } = 4'1111
      Activation pattern for cell $flatten\data_memory_interface.$shr$/workspace/incremental-synthesis/benchmarks/riscv-eco-003-new/core/common/data_memory_interface.sv:47$53: { $flatten\data_memory_interface.$procmux$127_CMP $flatten\singlecycle_datapath.\regfile.$ne$/workspace/incremental-synthesis/benchmarks/riscv-eco-003-new/core/common/regfile.sv:40$106_Y $flatten\singlecycle_datapath.\mux_reg_writeback.\multiplexer.$procmux$1578_CMP $auto$opt_dff.cc:319:make_patterns_logic$1867 } = 4'1111
      Activation pattern for cell $flatten\data_memory_interface.$shr$/workspace/incremental-synthesis/benchmarks/riscv-eco-003-new/core/common/data_memory_interface.sv:47$53: { $flatten\data_memory_interface.$procmux$127_CMP $flatten\singlecycle_datapath.\regfile.$ne$/workspace/incremental-synthesis/benchmarks/riscv-eco-003-new/core/common/regfile.sv:40$106_Y $flatten\singlecycle_datapath.\mux_reg_writeback.\multiplexer.$procmux$1578_CMP $auto$opt_dff.cc:319:make_patterns_logic$1872 } = 4'1111
      Activation pattern for cell $flatten\data_memory_interface.$shr$/workspace/incremental-synthesis/benchmarks/riscv-eco-003-new/core/common/data_memory_interface.sv:47$53: { $flatten\data_memory_interface.$procmux$127_CMP $flatten\singlecycle_datapath.\regfile.$ne$/workspace/incremental-synthesis/benchmarks/riscv-eco-003-new/core/common/regfile.sv:40$106_Y $flatten\singlecycle_datapath.\mux_reg_writeback.\multiplexer.$procmux$1578_CMP $auto$opt_dff.cc:319:make_patterns_logic$1877 } = 4'1111
      Activation pattern for cell $flatten\data_memory_interface.$shr$/workspace/incremental-synthesis/benchmarks/riscv-eco-003-new/core/common/data_memory_interface.sv:47$53: { $flatten\data_memory_interface.$procmux$127_CMP $flatten\singlecycle_datapath.\regfile.$ne$/workspace/incremental-synthesis/benchmarks/riscv-eco-003-new/core/common/regfile.sv:40$106_Y $flatten\singlecycle_datapath.\mux_reg_writeback.\multiplexer.$procmux$1578_CMP $auto$opt_dff.cc:319:make_patterns_logic$1882 } = 4'1111
      Activation pattern for cell $flatten\data_memory_interface.$shr$/workspace/incremental-synthesis/benchmarks/riscv-eco-003-new/core/common/data_memory_interface.sv:47$53: { $flatten\data_memory_interface.$procmux$127_CMP $flatten\singlecycle_datapath.\regfile.$ne$/workspace/incremental-synthesis/benchmarks/riscv-eco-003-new/core/common/regfile.sv:40$106_Y $flatten\singlecycle_datapath.\mux_reg_writeback.\multiplexer.$procmux$1578_CMP $auto$opt_dff.cc:319:make_patterns_logic$1887 } = 4'1111
      Activation pattern for cell $flatten\data_memory_interface.$shr$/workspace/incremental-synthesis/benchmarks/riscv-eco-003-new/core/common/data_memory_interface.sv:47$53: { $flatten\data_memory_interface.$procmux$127_CMP $flatten\singlecycle_datapath.\regfile.$ne$/workspace/incremental-synthesis/benchmarks/riscv-eco-003-new/core/common/regfile.sv:40$106_Y $flatten\singlecycle_datapath.\mux_reg_writeback.\multiplexer.$procmux$1578_CMP $auto$opt_dff.cc:319:make_patterns_logic$1892 } = 4'1111
      Activation pattern for cell $flatten\data_memory_interface.$shr$/workspace/incremental-synthesis/benchmarks/riscv-eco-003-new/core/common/data_memory_interface.sv:47$53: { $flatten\data_memory_interface.$procmux$127_CMP $flatten\singlecycle_datapath.\regfile.$ne$/workspace/incremental-synthesis/benchmarks/riscv-eco-003-new/core/common/regfile.sv:40$106_Y $flatten\singlecycle_datapath.\mux_reg_writeback.\multiplexer.$procmux$1578_CMP $auto$opt_dff.cc:319:make_patterns_logic$1897 } = 4'1111
      Activation pattern for cell $flatten\data_memory_interface.$shr$/workspace/incremental-synthesis/benchmarks/riscv-eco-003-new/core/common/data_memory_interface.sv:47$53: { $flatten\data_memory_interface.$procmux$127_CMP $flatten\singlecycle_datapath.\regfile.$ne$/workspace/incremental-synthesis/benchmarks/riscv-eco-003-new/core/common/regfile.sv:40$106_Y $flatten\singlecycle_datapath.\mux_reg_writeback.\multiplexer.$procmux$1578_CMP $auto$opt_dff.cc:319:make_patterns_logic$1902 } = 4'1111
      Activation pattern for cell $flatten\data_memory_interface.$shr$/workspace/incremental-synthesis/benchmarks/riscv-eco-003-new/core/common/data_memory_interface.sv:47$53: { $flatten\data_memory_interface.$procmux$127_CMP $flatten\singlecycle_datapath.\regfile.$ne$/workspace/incremental-synthesis/benchmarks/riscv-eco-003-new/core/common/regfile.sv:40$106_Y $flatten\singlecycle_datapath.\mux_reg_writeback.\multiplexer.$procmux$1578_CMP $auto$opt_dff.cc:319:make_patterns_logic$1907 } = 4'1111
      Activation pattern for cell $flatten\data_memory_interface.$shr$/workspace/incremental-synthesis/benchmarks/riscv-eco-003-new/core/common/data_memory_interface.sv:47$53: { $flatten\data_memory_interface.$procmux$127_CMP $flatten\singlecycle_datapath.\regfile.$ne$/workspace/incremental-synthesis/benchmarks/riscv-eco-003-new/core/common/regfile.sv:40$106_Y $flatten\singlecycle_datapath.\mux_reg_writeback.\multiplexer.$procmux$1578_CMP $auto$opt_dff.cc:319:make_patterns_logic$1912 } = 4'1111
      Activation pattern for cell $flatten\data_memory_interface.$shr$/workspace/incremental-synthesis/benchmarks/riscv-eco-003-new/core/common/data_memory_interface.sv:47$53: { $flatten\data_memory_interface.$procmux$127_CMP $flatten\singlecycle_datapath.\regfile.$ne$/workspace/incremental-synthesis/benchmarks/riscv-eco-003-new/core/common/regfile.sv:40$106_Y $flatten\singlecycle_datapath.\mux_reg_writeback.\multiplexer.$procmux$1578_CMP $auto$opt_dff.cc:319:make_patterns_logic$1917 } = 4'1111
      Activation pattern for cell $flatten\data_memory_interface.$shr$/workspace/incremental-synthesis/benchmarks/riscv-eco-003-new/core/common/data_memory_interface.sv:47$53: { $flatten\data_memory_interface.$procmux$127_CMP $flatten\singlecycle_datapath.\regfile.$ne$/workspace/incremental-synthesis/benchmarks/riscv-eco-003-new/core/common/regfile.sv:40$106_Y $flatten\singlecycle_datapath.\mux_reg_writeback.\multiplexer.$procmux$1578_CMP $auto$opt_dff.cc:319:make_patterns_logic$1922 } = 4'1111
      Activation pattern for cell $flatten\singlecycle_datapath.\alu.$shr$/workspace/incremental-synthesis/benchmarks/riscv-eco-003-new/core/common/alu.sv:32$7: $flatten\singlecycle_datapath.\alu.$procmux$1648_CMP = 1'1
      Size of SAT problem: 75 cells, 1092 variables, 3726 clauses
      According to the SAT solver this pair of cells can be shared.
      Activation signal for $flatten\singlecycle_datapath.\alu.$shr$/workspace/incremental-synthesis/benchmarks/riscv-eco-003-new/core/common/alu.sv:32$7: $auto$share.cc:1062:make_cell_activation_logic$1993
      New cell: $auto$share.cc:663:make_supercell$2000 ($shr)
      New topology contains loops! Rolling back..
  Analyzing resource sharing options for $flatten\singlecycle_datapath.\alu.$shr$/workspace/incremental-synthesis/benchmarks/riscv-eco-003-new/core/common/alu.sv:32$7 ($shr):
    Found 1 activation_patterns using ctrl signal $flatten\singlecycle_datapath.\alu.$procmux$1648_CMP.
    No candidates found.
  Analyzing resource sharing options for $flatten\singlecycle_datapath.\alu.$sshr$/workspace/incremental-synthesis/benchmarks/riscv-eco-003-new/core/common/alu.sv:33$8 ($sshr):
    Found 1 activation_patterns using ctrl signal $flatten\singlecycle_datapath.\alu.$procmux$1647_CMP.
    No candidates found.
  Analyzing resource sharing options for $flatten\singlecycle_datapath.\alu.$shl$/workspace/incremental-synthesis/benchmarks/riscv-eco-003-new/core/common/alu.sv:31$6 ($shl):
    Found 1 activation_patterns using ctrl signal $flatten\singlecycle_datapath.\alu.$procmux$1649_CMP.
    No candidates found.
  Analyzing resource sharing options for $flatten\singlecycle_ctlpath.\alu_control.$auto$mem.cc:305:emit$125 ($memrd_v2):
    Found 1 activation_patterns using ctrl signal { $flatten\singlecycle_ctlpath.\alu_control.$procmux$169_CMP \inst [30] \inst [25] }.
    No candidates found.
  Analyzing resource sharing options for $flatten\singlecycle_datapath.\alu.$mod$/workspace/incremental-synthesis/benchmarks/riscv-eco-003-new/core/common/alu.sv:67$27 ($mod):
    Found 1 activation_patterns using ctrl signal { $flatten\singlecycle_datapath.\alu.$procmux$1585_CMP $flatten\singlecycle_datapath.\alu.$eq$/workspace/incremental-synthesis/benchmarks/riscv-eco-003-new/core/common/alu.sv:45$14_Y }.
    Found 1 candidates: $flatten\singlecycle_datapath.\alu.$mod$/workspace/incremental-synthesis/benchmarks/riscv-eco-003-new/core/common/alu.sv:62$25
    Analyzing resource sharing with $flatten\singlecycle_datapath.\alu.$mod$/workspace/incremental-synthesis/benchmarks/riscv-eco-003-new/core/common/alu.sv:62$25 ($mod):
      Found 1 activation_patterns using ctrl signal { $flatten\singlecycle_datapath.\alu.$procmux$1595_CMP $flatten\singlecycle_datapath.\alu.$logic_and$/workspace/incremental-synthesis/benchmarks/riscv-eco-003-new/core/common/alu.sv:47$17_Y $flatten\singlecycle_datapath.\alu.$eq$/workspace/incremental-synthesis/benchmarks/riscv-eco-003-new/core/common/alu.sv:45$14_Y }.
      Forbidden control signals for this pair of cells: { \singlecycle_ctlpath.control_transfer.take_branch $flatten\singlecycle_datapath.\mux_next_pc_select.\multiplexer.$procmux$1656_CMP $flatten\singlecycle_datapath.\mux_next_pc_select.\multiplexer.$procmux$1655_CMP $flatten\singlecycle_datapath.\mux_next_pc_select.\multiplexer.$procmux$1654_CMP $flatten\singlecycle_datapath.\mux_next_pc_select.\multiplexer.$procmux$1653_CMP }
      Activation pattern for cell $flatten\singlecycle_datapath.\alu.$mod$/workspace/incremental-synthesis/benchmarks/riscv-eco-003-new/core/common/alu.sv:67$27: { $flatten\singlecycle_datapath.\alu.$procmux$1585_CMP $flatten\singlecycle_datapath.\alu.$eq$/workspace/incremental-synthesis/benchmarks/riscv-eco-003-new/core/common/alu.sv:45$14_Y } = 2'10
      Activation pattern for cell $flatten\singlecycle_datapath.\alu.$mod$/workspace/incremental-synthesis/benchmarks/riscv-eco-003-new/core/common/alu.sv:62$25: { $flatten\singlecycle_datapath.\alu.$procmux$1595_CMP $flatten\singlecycle_datapath.\alu.$logic_and$/workspace/incremental-synthesis/benchmarks/riscv-eco-003-new/core/common/alu.sv:47$17_Y $flatten\singlecycle_datapath.\alu.$eq$/workspace/incremental-synthesis/benchmarks/riscv-eco-003-new/core/common/alu.sv:45$14_Y } = 3'100
      Size of SAT problem: 123 cells, 9598 variables, 25267 clauses
      According to the SAT solver this pair of cells can be shared.
      Activation signal for $flatten\singlecycle_datapath.\alu.$mod$/workspace/incremental-synthesis/benchmarks/riscv-eco-003-new/core/common/alu.sv:67$27: $auto$share.cc:1062:make_cell_activation_logic$2003
      New cell: $auto$share.cc:663:make_supercell$2010 ($mod)
  Analyzing resource sharing options for $auto$share.cc:663:make_supercell$2010 ($mod):
    Found 2 activation_patterns using ctrl signal { $flatten\singlecycle_datapath.\alu.$procmux$1595_CMP $flatten\singlecycle_datapath.\alu.$procmux$1585_CMP $flatten\singlecycle_datapath.\alu.$logic_and$/workspace/incremental-synthesis/benchmarks/riscv-eco-003-new/core/common/alu.sv:47$17_Y $flatten\singlecycle_datapath.\alu.$eq$/workspace/incremental-synthesis/benchmarks/riscv-eco-003-new/core/common/alu.sv:45$14_Y }.
    No candidates found.
  Analyzing resource sharing options for $flatten\singlecycle_datapath.\alu.$div$/workspace/incremental-synthesis/benchmarks/riscv-eco-003-new/core/common/alu.sv:55$20 ($div):
    Found 1 activation_patterns using ctrl signal { $flatten\singlecycle_datapath.\alu.$procmux$1610_CMP $flatten\singlecycle_datapath.\alu.$eq$/workspace/incremental-synthesis/benchmarks/riscv-eco-003-new/core/common/alu.sv:45$14_Y }.
    Found 1 candidates: $flatten\singlecycle_datapath.\alu.$div$/workspace/incremental-synthesis/benchmarks/riscv-eco-003-new/core/common/alu.sv:50$18
    Analyzing resource sharing with $flatten\singlecycle_datapath.\alu.$div$/workspace/incremental-synthesis/benchmarks/riscv-eco-003-new/core/common/alu.sv:50$18 ($div):
      Found 1 activation_patterns using ctrl signal { $flatten\singlecycle_datapath.\alu.$procmux$1622_CMP $flatten\singlecycle_datapath.\alu.$logic_and$/workspace/incremental-synthesis/benchmarks/riscv-eco-003-new/core/common/alu.sv:47$17_Y $flatten\singlecycle_datapath.\alu.$eq$/workspace/incremental-synthesis/benchmarks/riscv-eco-003-new/core/common/alu.sv:45$14_Y }.
      Forbidden control signals for this pair of cells: { \singlecycle_ctlpath.control_transfer.take_branch $flatten\singlecycle_datapath.\mux_next_pc_select.\multiplexer.$procmux$1656_CMP $flatten\singlecycle_datapath.\mux_next_pc_select.\multiplexer.$procmux$1655_CMP $flatten\singlecycle_datapath.\mux_next_pc_select.\multiplexer.$procmux$1654_CMP $flatten\singlecycle_datapath.\mux_next_pc_select.\multiplexer.$procmux$1653_CMP }
      Activation pattern for cell $flatten\singlecycle_datapath.\alu.$div$/workspace/incremental-synthesis/benchmarks/riscv-eco-003-new/core/common/alu.sv:55$20: { $flatten\singlecycle_datapath.\alu.$procmux$1610_CMP $flatten\singlecycle_datapath.\alu.$eq$/workspace/incremental-synthesis/benchmarks/riscv-eco-003-new/core/common/alu.sv:45$14_Y } = 2'10
      Activation pattern for cell $flatten\singlecycle_datapath.\alu.$div$/workspace/incremental-synthesis/benchmarks/riscv-eco-003-new/core/common/alu.sv:50$18: { $flatten\singlecycle_datapath.\alu.$procmux$1622_CMP $flatten\singlecycle_datapath.\alu.$logic_and$/workspace/incremental-synthesis/benchmarks/riscv-eco-003-new/core/common/alu.sv:47$17_Y $flatten\singlecycle_datapath.\alu.$eq$/workspace/incremental-synthesis/benchmarks/riscv-eco-003-new/core/common/alu.sv:45$14_Y } = 3'100
      Size of SAT problem: 123 cells, 9604 variables, 25285 clauses
      According to the SAT solver this pair of cells can be shared.
      Activation signal for $flatten\singlecycle_datapath.\alu.$div$/workspace/incremental-synthesis/benchmarks/riscv-eco-003-new/core/common/alu.sv:55$20: $auto$share.cc:1062:make_cell_activation_logic$2013
      New cell: $auto$share.cc:663:make_supercell$2020 ($div)
  Analyzing resource sharing options for $auto$share.cc:663:make_supercell$2020 ($div):
    Found 2 activation_patterns using ctrl signal { $flatten\singlecycle_datapath.\alu.$procmux$1622_CMP $flatten\singlecycle_datapath.\alu.$procmux$1610_CMP $flatten\singlecycle_datapath.\alu.$logic_and$/workspace/incremental-synthesis/benchmarks/riscv-eco-003-new/core/common/alu.sv:47$17_Y $flatten\singlecycle_datapath.\alu.$eq$/workspace/incremental-synthesis/benchmarks/riscv-eco-003-new/core/common/alu.sv:45$14_Y }.
    No candidates found.
  Analyzing resource sharing options for $flatten\singlecycle_ctlpath.\alu_control.$auto$mem.cc:305:emit$129 ($memrd_v2):
    Found 2 activation_patterns using ctrl signal { $flatten\singlecycle_ctlpath.\alu_control.$procmux$169_CMP $flatten\singlecycle_ctlpath.\alu_control.$procmux$168_CMP $flatten\singlecycle_ctlpath.\alu_control.$logic_and$/workspace/incremental-synthesis/benchmarks/riscv-eco-003-new/core/common/alu_control.sv:43$36_Y \inst [30] \inst [25] }.
    No candidates found.
Removing 4 cells in module riscv_core:
  Removing cell $flatten\singlecycle_datapath.\alu.$div$/workspace/incremental-synthesis/benchmarks/riscv-eco-003-new/core/common/alu.sv:50$18 ($div).
  Removing cell $flatten\singlecycle_datapath.\alu.$div$/workspace/incremental-synthesis/benchmarks/riscv-eco-003-new/core/common/alu.sv:55$20 ($div).
  Removing cell $flatten\singlecycle_datapath.\alu.$mod$/workspace/incremental-synthesis/benchmarks/riscv-eco-003-new/core/common/alu.sv:62$25 ($mod).
  Removing cell $flatten\singlecycle_datapath.\alu.$mod$/workspace/incremental-synthesis/benchmarks/riscv-eco-003-new/core/common/alu.sv:67$27 ($mod).

15.14. Executing OPT pass (performing simple optimizations).

15.14.1. Executing OPT_EXPR pass (perform const folding).
Optimizing module riscv_core.

15.14.2. Executing OPT_MERGE pass (detect identical cells).
Finding identical cells in module `\riscv_core'.
Computing hashes of 418 cells of `\riscv_core'.
Finding duplicate cells in `\riscv_core'.
Computing hashes of 416 cells of `\riscv_core'.
Finding duplicate cells in `\riscv_core'.
<suppressed ~6 debug messages>
Removed a total of 2 cells.

15.14.3. Executing OPT_MUXTREE pass (detect dead branches in mux trees).
Running muxtree optimizer on module \riscv_core..
  Creating internal representation of mux trees.
  Evaluating internal representation of mux trees.
  Analyzing evaluation results.
Removed 0 multiplexer ports.
<suppressed ~255 debug messages>

15.14.4. Executing OPT_REDUCE pass (consolidate $*mux and $reduce_* inputs).
  Optimizing cells in module \riscv_core.
Performed a total of 0 changes.

15.14.5. Executing OPT_MERGE pass (detect identical cells).
Finding identical cells in module `\riscv_core'.
Computing hashes of 416 cells of `\riscv_core'.
Finding duplicate cells in `\riscv_core'.
Removed a total of 0 cells.

15.14.6. Executing OPT_DFF pass (perform DFF optimizations).

15.14.7. Executing OPT_CLEAN pass (remove unused cells and wires).
Finding unused cells or wires in module \riscv_core..
Removed 0 unused cells and 10 unused wires.
<suppressed ~3 debug messages>

15.14.8. Executing OPT_EXPR pass (perform const folding).
Optimizing module riscv_core.

15.14.9. Rerunning OPT passes. (Maybe there is more to do..)

15.14.10. Executing OPT_MUXTREE pass (detect dead branches in mux trees).
Running muxtree optimizer on module \riscv_core..
  Creating internal representation of mux trees.
  Evaluating internal representation of mux trees.
  Analyzing evaluation results.
Removed 0 multiplexer ports.
<suppressed ~255 debug messages>

15.14.11. Executing OPT_REDUCE pass (consolidate $*mux and $reduce_* inputs).
  Optimizing cells in module \riscv_core.
Performed a total of 0 changes.

15.14.12. Executing OPT_MERGE pass (detect identical cells).
Finding identical cells in module `\riscv_core'.
Computing hashes of 414 cells of `\riscv_core'.
Finding duplicate cells in `\riscv_core'.
Removed a total of 0 cells.

15.14.13. Executing OPT_DFF pass (perform DFF optimizations).

15.14.14. Executing OPT_CLEAN pass (remove unused cells and wires).
Finding unused cells or wires in module \riscv_core..

15.14.15. Executing OPT_EXPR pass (perform const folding).
Optimizing module riscv_core.

15.14.16. Finished fast OPT passes. (There is nothing left to do.)

15.15. Executing MEMORY pass.

15.15.1. Executing OPT_MEM pass (optimize memories).
riscv_core.$flatten\singlecycle_ctlpath.\alu_control.$auto$proc_rom.cc:155:do_switch$128: removing const-0 lane 4
Performed a total of 1 transformations.

15.15.2. Executing OPT_MEM_PRIORITY pass (removing unnecessary memory write priority relations).
Performed a total of 0 transformations.

15.15.3. Executing OPT_MEM_FEEDBACK pass (finding memory read-to-write feedback paths).

15.15.4. Executing MEMORY_BMUX2ROM pass (converting muxes to ROMs).

15.15.5. Executing MEMORY_DFF pass (merging $dff cells to $memrd).
Checking read port `$flatten\singlecycle_ctlpath.\alu_control.$auto$proc_rom.cc:155:do_switch$124'[0] in module `\riscv_core': no output FF found.
Checking read port `$flatten\singlecycle_ctlpath.\alu_control.$auto$proc_rom.cc:155:do_switch$128'[0] in module `\riscv_core': no output FF found.
Checking read port address `$flatten\singlecycle_ctlpath.\alu_control.$auto$proc_rom.cc:155:do_switch$124'[0] in module `\riscv_core': no address FF found.
Checking read port address `$flatten\singlecycle_ctlpath.\alu_control.$auto$proc_rom.cc:155:do_switch$128'[0] in module `\riscv_core': no address FF found.

15.15.6. Executing OPT_CLEAN pass (remove unused cells and wires).
Finding unused cells or wires in module \riscv_core..

15.15.7. Executing MEMORY_SHARE pass (consolidating $memrd/$memwr cells).

15.15.8. Executing OPT_MEM_WIDEN pass (optimize memories where all ports are wide).
Performed a total of 0 transformations.

15.15.9. Executing OPT_CLEAN pass (remove unused cells and wires).
Finding unused cells or wires in module \riscv_core..

15.15.10. Executing MEMORY_COLLECT pass (generating $mem cells).

15.16. Executing OPT_CLEAN pass (remove unused cells and wires).
Finding unused cells or wires in module \riscv_core..

15.17. Executing OPT pass (performing simple optimizations).

15.17.1. Executing OPT_EXPR pass (perform const folding).
Optimizing module riscv_core.
<suppressed ~92 debug messages>

15.17.2. Executing OPT_MERGE pass (detect identical cells).
Finding identical cells in module `\riscv_core'.
Computing hashes of 342 cells of `\riscv_core'.
Finding duplicate cells in `\riscv_core'.
Computing hashes of 311 cells of `\riscv_core'.
Finding duplicate cells in `\riscv_core'.
<suppressed ~93 debug messages>
Removed a total of 31 cells.

15.17.3. Executing OPT_DFF pass (perform DFF optimizations).
Removing always-active EN on $auto$ff.cc:337:slice$1971 ($adffe) from module riscv_core.
Adding EN signal on $auto$ff.cc:337:slice$1971 ($adffe) from module riscv_core (D = \singlecycle_datapath.mux_next_pc_select.multiplexer.out [1:0], Q = \singlecycle_datapath.program_counter.value [1:0]).

15.17.4. Executing OPT_CLEAN pass (remove unused cells and wires).
Finding unused cells or wires in module \riscv_core..
Removed 22 unused cells and 130 unused wires.
<suppressed ~35 debug messages>

15.17.5. Rerunning OPT passes. (Removed registers in this run.)

15.17.6. Executing OPT_EXPR pass (perform const folding).
Optimizing module riscv_core.
<suppressed ~1 debug messages>

15.17.7. Executing OPT_MERGE pass (detect identical cells).
Finding identical cells in module `\riscv_core'.
Computing hashes of 291 cells of `\riscv_core'.
Finding duplicate cells in `\riscv_core'.
Removed a total of 0 cells.

15.17.8. Executing OPT_DFF pass (perform DFF optimizations).

15.17.9. Executing OPT_CLEAN pass (remove unused cells and wires).
Finding unused cells or wires in module \riscv_core..

15.17.10. Finished fast OPT passes.

15.18. Executing MEMORY_MAP pass (converting memories to logic and flip-flops).
Mapping memory $flatten\singlecycle_ctlpath.\alu_control.$auto$proc_rom.cc:155:do_switch$128 in module \riscv_core:
  created 8 $dff cells and 0 static cells of width 4.
  read interface: 0 $dff and 7 $mux cells.
  write interface: 0 write mux blocks.
Mapping memory $flatten\singlecycle_ctlpath.\alu_control.$auto$proc_rom.cc:155:do_switch$124 in module \riscv_core:
  created 8 $dff cells and 0 static cells of width 5.
  read interface: 0 $dff and 7 $mux cells.
  write interface: 0 write mux blocks.

15.19. Executing OPT pass (performing simple optimizations).

15.19.1. Executing OPT_EXPR pass (perform const folding).
Optimizing module riscv_core.

15.19.2. Executing OPT_MERGE pass (detect identical cells).
Finding identical cells in module `\riscv_core'.
Computing hashes of 303 cells of `\riscv_core'.
Finding duplicate cells in `\riscv_core'.
Removed a total of 0 cells.

15.19.3. Executing OPT_MUXTREE pass (detect dead branches in mux trees).
Running muxtree optimizer on module \riscv_core..
  Creating internal representation of mux trees.
  Evaluating internal representation of mux trees.
  Analyzing evaluation results.
Removed 0 multiplexer ports.
<suppressed ~79 debug messages>

15.19.4. Executing OPT_REDUCE pass (consolidate $*mux and $reduce_* inputs).
  Optimizing cells in module \riscv_core.
    Consolidated identical input bits for $mux cell $memory$flatten\singlecycle_ctlpath.\alu_control.$auto$proc_rom.cc:155:do_switch$124$rdmux[0][2][2]$2067:
      Old ports: A=5'01111, B=5'10000, Y=$memory$flatten\singlecycle_ctlpath.\alu_control.$auto$proc_rom.cc:155:do_switch$124$rdmux[0][1][1]$a$2059
      New ports: A=2'01, B=2'10, Y={ $memory$flatten\singlecycle_ctlpath.\alu_control.$auto$proc_rom.cc:155:do_switch$124$rdmux[0][1][1]$a$2059 [4] $memory$flatten\singlecycle_ctlpath.\alu_control.$auto$proc_rom.cc:155:do_switch$124$rdmux[0][1][1]$a$2059 [0] }
      New connections: $memory$flatten\singlecycle_ctlpath.\alu_control.$auto$proc_rom.cc:155:do_switch$124$rdmux[0][1][1]$a$2059 [3:1] = { $memory$flatten\singlecycle_ctlpath.\alu_control.$auto$proc_rom.cc:155:do_switch$124$rdmux[0][1][1]$a$2059 [0] $memory$flatten\singlecycle_ctlpath.\alu_control.$auto$proc_rom.cc:155:do_switch$124$rdmux[0][1][1]$a$2059 [0] $memory$flatten\singlecycle_ctlpath.\alu_control.$auto$proc_rom.cc:155:do_switch$124$rdmux[0][1][1]$a$2059 [0] }
    Consolidated identical input bits for $mux cell $memory$flatten\singlecycle_ctlpath.\alu_control.$auto$proc_rom.cc:155:do_switch$124$rdmux[0][2][1]$2064:
      Old ports: A=5'01101, B=5'01110, Y=$memory$flatten\singlecycle_ctlpath.\alu_control.$auto$proc_rom.cc:155:do_switch$124$rdmux[0][1][0]$b$2057
      New ports: A=2'01, B=2'10, Y=$memory$flatten\singlecycle_ctlpath.\alu_control.$auto$proc_rom.cc:155:do_switch$124$rdmux[0][1][0]$b$2057 [1:0]
      New connections: $memory$flatten\singlecycle_ctlpath.\alu_control.$auto$proc_rom.cc:155:do_switch$124$rdmux[0][1][0]$b$2057 [4:2] = 3'011
    Consolidated identical input bits for $mux cell $memory$flatten\singlecycle_ctlpath.\alu_control.$auto$proc_rom.cc:155:do_switch$124$rdmux[0][2][0]$2061:
      Old ports: A=5'01011, B=5'01100, Y=$memory$flatten\singlecycle_ctlpath.\alu_control.$auto$proc_rom.cc:155:do_switch$124$rdmux[0][1][0]$a$2056
      New ports: A=2'01, B=2'10, Y={ $memory$flatten\singlecycle_ctlpath.\alu_control.$auto$proc_rom.cc:155:do_switch$124$rdmux[0][1][0]$a$2056 [2] $memory$flatten\singlecycle_ctlpath.\alu_control.$auto$proc_rom.cc:155:do_switch$124$rdmux[0][1][0]$a$2056 [0] }
      New connections: { $memory$flatten\singlecycle_ctlpath.\alu_control.$auto$proc_rom.cc:155:do_switch$124$rdmux[0][1][0]$a$2056 [4:3] $memory$flatten\singlecycle_ctlpath.\alu_control.$auto$proc_rom.cc:155:do_switch$124$rdmux[0][1][0]$a$2056 [1] } = { 2'01 $memory$flatten\singlecycle_ctlpath.\alu_control.$auto$proc_rom.cc:155:do_switch$124$rdmux[0][1][0]$a$2056 [0] }
    Consolidated identical input bits for $mux cell $memory$flatten\singlecycle_ctlpath.\alu_control.$auto$proc_rom.cc:155:do_switch$128$rdmux[0][2][2]$2046:
      Old ports: A=4'1000, B=4'0100, Y=$memory$flatten\singlecycle_ctlpath.\alu_control.$auto$proc_rom.cc:155:do_switch$128$rdmux[0][1][1]$a$2038
      New ports: A=2'10, B=2'01, Y=$memory$flatten\singlecycle_ctlpath.\alu_control.$auto$proc_rom.cc:155:do_switch$128$rdmux[0][1][1]$a$2038 [3:2]
      New connections: $memory$flatten\singlecycle_ctlpath.\alu_control.$auto$proc_rom.cc:155:do_switch$128$rdmux[0][1][1]$a$2038 [1:0] = 2'00
    Consolidated identical input bits for $mux cell $memory$flatten\singlecycle_ctlpath.\alu_control.$auto$proc_rom.cc:155:do_switch$128$rdmux[0][2][1]$2043:
      Old ports: A=4'0110, B=4'0111, Y=$memory$flatten\singlecycle_ctlpath.\alu_control.$auto$proc_rom.cc:155:do_switch$128$rdmux[0][1][0]$b$2036
      New ports: A=1'0, B=1'1, Y=$memory$flatten\singlecycle_ctlpath.\alu_control.$auto$proc_rom.cc:155:do_switch$128$rdmux[0][1][0]$b$2036 [0]
      New connections: $memory$flatten\singlecycle_ctlpath.\alu_control.$auto$proc_rom.cc:155:do_switch$128$rdmux[0][1][0]$b$2036 [3:1] = 3'011
    Consolidated identical input bits for $mux cell $memory$flatten\singlecycle_ctlpath.\alu_control.$auto$proc_rom.cc:155:do_switch$128$rdmux[0][2][0]$2040:
      Old ports: A=4'0001, B=4'0011, Y=$memory$flatten\singlecycle_ctlpath.\alu_control.$auto$proc_rom.cc:155:do_switch$128$rdmux[0][1][0]$a$2035
      New ports: A=1'0, B=1'1, Y=$memory$flatten\singlecycle_ctlpath.\alu_control.$auto$proc_rom.cc:155:do_switch$128$rdmux[0][1][0]$a$2035 [1]
      New connections: { $memory$flatten\singlecycle_ctlpath.\alu_control.$auto$proc_rom.cc:155:do_switch$128$rdmux[0][1][0]$a$2035 [3:2] $memory$flatten\singlecycle_ctlpath.\alu_control.$auto$proc_rom.cc:155:do_switch$128$rdmux[0][1][0]$a$2035 [0] } = 3'001
    Consolidated identical input bits for $mux cell $memory$flatten\singlecycle_ctlpath.\alu_control.$auto$proc_rom.cc:155:do_switch$128$rdmux[0][2][3]$2049:
      Old ports: A=4'1001, B=4'1010, Y=$memory$flatten\singlecycle_ctlpath.\alu_control.$auto$proc_rom.cc:155:do_switch$128$rdmux[0][1][1]$b$2039
      New ports: A=2'01, B=2'10, Y=$memory$flatten\singlecycle_ctlpath.\alu_control.$auto$proc_rom.cc:155:do_switch$128$rdmux[0][1][1]$b$2039 [1:0]
      New connections: $memory$flatten\singlecycle_ctlpath.\alu_control.$auto$proc_rom.cc:155:do_switch$128$rdmux[0][1][1]$b$2039 [3:2] = 2'10
    Consolidated identical input bits for $mux cell $auto$share.cc:657:make_supercell$2008:
      Old ports: A={ \singlecycle_datapath.alu.operand_b [31] \singlecycle_datapath.alu.operand_b }, B={ 1'0 \singlecycle_datapath.alu.operand_b }, Y=$auto$share.cc:654:make_supercell$2006
      New ports: A=\singlecycle_datapath.alu.operand_b [31], B=1'0, Y=$auto$share.cc:654:make_supercell$2006 [32]
      New connections: $auto$share.cc:654:make_supercell$2006 [31:0] = \singlecycle_datapath.alu.operand_b
    Consolidated identical input bits for $pmux cell $flatten\data_memory_interface.$procmux$124:
      Old ports: A={ $flatten\data_memory_interface.$and$/workspace/incremental-synthesis/benchmarks/riscv-eco-003-new/core/common/data_memory_interface.sv:53$56_Y $flatten\data_memory_interface.$and$/workspace/incremental-synthesis/benchmarks/riscv-eco-003-new/core/common/data_memory_interface.sv:53$56_Y $flatten\data_memory_interface.$and$/workspace/incremental-synthesis/benchmarks/riscv-eco-003-new/core/common/data_memory_interface.sv:53$56_Y $flatten\data_memory_interface.$and$/workspace/incremental-synthesis/benchmarks/riscv-eco-003-new/core/common/data_memory_interface.sv:53$56_Y $flatten\data_memory_interface.$and$/workspace/incremental-synthesis/benchmarks/riscv-eco-003-new/core/common/data_memory_interface.sv:53$56_Y $flatten\data_memory_interface.$and$/workspace/incremental-synthesis/benchmarks/riscv-eco-003-new/core/common/data_memory_interface.sv:53$56_Y $flatten\data_memory_interface.$and$/workspace/incremental-synthesis/benchmarks/riscv-eco-003-new/core/common/data_memory_interface.sv:53$56_Y $flatten\data_memory_interface.$and$/workspace/incremental-synthesis/benchmarks/riscv-eco-003-new/core/common/data_memory_interface.sv:53$56_Y $flatten\data_memory_interface.$and$/workspace/incremental-synthesis/benchmarks/riscv-eco-003-new/core/common/data_memory_interface.sv:53$56_Y $flatten\data_memory_interface.$and$/workspace/incremental-synthesis/benchmarks/riscv-eco-003-new/core/common/data_memory_interface.sv:53$56_Y $flatten\data_memory_interface.$and$/workspace/incremental-synthesis/benchmarks/riscv-eco-003-new/core/common/data_memory_interface.sv:53$56_Y $flatten\data_memory_interface.$and$/workspace/incremental-synthesis/benchmarks/riscv-eco-003-new/core/common/data_memory_interface.sv:53$56_Y $flatten\data_memory_interface.$and$/workspace/incremental-synthesis/benchmarks/riscv-eco-003-new/core/common/data_memory_interface.sv:53$56_Y $flatten\data_memory_interface.$and$/workspace/incremental-synthesis/benchmarks/riscv-eco-003-new/core/common/data_memory_interface.sv:53$56_Y $flatten\data_memory_interface.$and$/workspace/incremental-synthesis/benchmarks/riscv-eco-003-new/core/common/data_memory_interface.sv:53$56_Y $flatten\data_memory_interface.$and$/workspace/incremental-synthesis/benchmarks/riscv-eco-003-new/core/common/data_memory_interface.sv:53$56_Y $flatten\data_memory_interface.$and$/workspace/incremental-synthesis/benchmarks/riscv-eco-003-new/core/common/data_memory_interface.sv:53$56_Y $flatten\data_memory_interface.$and$/workspace/incremental-synthesis/benchmarks/riscv-eco-003-new/core/common/data_memory_interface.sv:53$56_Y $flatten\data_memory_interface.$and$/workspace/incremental-synthesis/benchmarks/riscv-eco-003-new/core/common/data_memory_interface.sv:53$56_Y $flatten\data_memory_interface.$and$/workspace/incremental-synthesis/benchmarks/riscv-eco-003-new/core/common/data_memory_interface.sv:53$56_Y $flatten\data_memory_interface.$and$/workspace/incremental-synthesis/benchmarks/riscv-eco-003-new/core/common/data_memory_interface.sv:53$56_Y $flatten\data_memory_interface.$and$/workspace/incremental-synthesis/benchmarks/riscv-eco-003-new/core/common/data_memory_interface.sv:53$56_Y $flatten\data_memory_interface.$and$/workspace/incremental-synthesis/benchmarks/riscv-eco-003-new/core/common/data_memory_interface.sv:53$56_Y $flatten\data_memory_interface.$and$/workspace/incremental-synthesis/benchmarks/riscv-eco-003-new/core/common/data_memory_interface.sv:53$56_Y \data_memory_interface.position_fix [7:0] }, B={ $flatten\data_memory_interface.$and$/workspace/incremental-synthesis/benchmarks/riscv-eco-003-new/core/common/data_memory_interface.sv:54$58_Y $flatten\data_memory_interface.$and$/workspace/incremental-synthesis/benchmarks/riscv-eco-003-new/core/common/data_memory_interface.sv:54$58_Y $flatten\data_memory_interface.$and$/workspace/incremental-synthesis/benchmarks/riscv-eco-003-new/core/common/data_memory_interface.sv:54$58_Y $flatten\data_memory_interface.$and$/workspace/incremental-synthesis/benchmarks/riscv-eco-003-new/core/common/data_memory_interface.sv:54$58_Y $flatten\data_memory_interface.$and$/workspace/incremental-synthesis/benchmarks/riscv-eco-003-new/core/common/data_memory_interface.sv:54$58_Y $flatten\data_memory_interface.$and$/workspace/incremental-synthesis/benchmarks/riscv-eco-003-new/core/common/data_memory_interface.sv:54$58_Y $flatten\data_memory_interface.$and$/workspace/incremental-synthesis/benchmarks/riscv-eco-003-new/core/common/data_memory_interface.sv:54$58_Y $flatten\data_memory_interface.$and$/workspace/incremental-synthesis/benchmarks/riscv-eco-003-new/core/common/data_memory_interface.sv:54$58_Y $flatten\data_memory_interface.$and$/workspace/incremental-synthesis/benchmarks/riscv-eco-003-new/core/common/data_memory_interface.sv:54$58_Y $flatten\data_memory_interface.$and$/workspace/incremental-synthesis/benchmarks/riscv-eco-003-new/core/common/data_memory_interface.sv:54$58_Y $flatten\data_memory_interface.$and$/workspace/incremental-synthesis/benchmarks/riscv-eco-003-new/core/common/data_memory_interface.sv:54$58_Y $flatten\data_memory_interface.$and$/workspace/incremental-synthesis/benchmarks/riscv-eco-003-new/core/common/data_memory_interface.sv:54$58_Y $flatten\data_memory_interface.$and$/workspace/incremental-synthesis/benchmarks/riscv-eco-003-new/core/common/data_memory_interface.sv:54$58_Y $flatten\data_memory_interface.$and$/workspace/incremental-synthesis/benchmarks/riscv-eco-003-new/core/common/data_memory_interface.sv:54$58_Y $flatten\data_memory_interface.$and$/workspace/incremental-synthesis/benchmarks/riscv-eco-003-new/core/common/data_memory_interface.sv:54$58_Y $flatten\data_memory_interface.$and$/workspace/incremental-synthesis/benchmarks/riscv-eco-003-new/core/common/data_memory_interface.sv:54$58_Y \data_memory_interface.position_fix [15:0] \data_memory_interface.position_fix }, Y=\data_memory_interface.read_data
      New ports: A={ $flatten\data_memory_interface.$and$/workspace/incremental-synthesis/benchmarks/riscv-eco-003-new/core/common/data_memory_interface.sv:53$56_Y $flatten\data_memory_interface.$and$/workspace/incremental-synthesis/benchmarks/riscv-eco-003-new/core/common/data_memory_interface.sv:53$56_Y $flatten\data_memory_interface.$and$/workspace/incremental-synthesis/benchmarks/riscv-eco-003-new/core/common/data_memory_interface.sv:53$56_Y $flatten\data_memory_interface.$and$/workspace/incremental-synthesis/benchmarks/riscv-eco-003-new/core/common/data_memory_interface.sv:53$56_Y $flatten\data_memory_interface.$and$/workspace/incremental-synthesis/benchmarks/riscv-eco-003-new/core/common/data_memory_interface.sv:53$56_Y $flatten\data_memory_interface.$and$/workspace/incremental-synthesis/benchmarks/riscv-eco-003-new/core/common/data_memory_interface.sv:53$56_Y $flatten\data_memory_interface.$and$/workspace/incremental-synthesis/benchmarks/riscv-eco-003-new/core/common/data_memory_interface.sv:53$56_Y $flatten\data_memory_interface.$and$/workspace/incremental-synthesis/benchmarks/riscv-eco-003-new/core/common/data_memory_interface.sv:53$56_Y $flatten\data_memory_interface.$and$/workspace/incremental-synthesis/benchmarks/riscv-eco-003-new/core/common/data_memory_interface.sv:53$56_Y $flatten\data_memory_interface.$and$/workspace/incremental-synthesis/benchmarks/riscv-eco-003-new/core/common/data_memory_interface.sv:53$56_Y $flatten\data_memory_interface.$and$/workspace/incremental-synthesis/benchmarks/riscv-eco-003-new/core/common/data_memory_interface.sv:53$56_Y $flatten\data_memory_interface.$and$/workspace/incremental-synthesis/benchmarks/riscv-eco-003-new/core/common/data_memory_interface.sv:53$56_Y $flatten\data_memory_interface.$and$/workspace/incremental-synthesis/benchmarks/riscv-eco-003-new/core/common/data_memory_interface.sv:53$56_Y $flatten\data_memory_interface.$and$/workspace/incremental-synthesis/benchmarks/riscv-eco-003-new/core/common/data_memory_interface.sv:53$56_Y $flatten\data_memory_interface.$and$/workspace/incremental-synthesis/benchmarks/riscv-eco-003-new/core/common/data_memory_interface.sv:53$56_Y $flatten\data_memory_interface.$and$/workspace/incremental-synthesis/benchmarks/riscv-eco-003-new/core/common/data_memory_interface.sv:53$56_Y $flatten\data_memory_interface.$and$/workspace/incremental-synthesis/benchmarks/riscv-eco-003-new/core/common/data_memory_interface.sv:53$56_Y $flatten\data_memory_interface.$and$/workspace/incremental-synthesis/benchmarks/riscv-eco-003-new/core/common/data_memory_interface.sv:53$56_Y $flatten\data_memory_interface.$and$/workspace/incremental-synthesis/benchmarks/riscv-eco-003-new/core/common/data_memory_interface.sv:53$56_Y $flatten\data_memory_interface.$and$/workspace/incremental-synthesis/benchmarks/riscv-eco-003-new/core/common/data_memory_interface.sv:53$56_Y $flatten\data_memory_interface.$and$/workspace/incremental-synthesis/benchmarks/riscv-eco-003-new/core/common/data_memory_interface.sv:53$56_Y $flatten\data_memory_interface.$and$/workspace/incremental-synthesis/benchmarks/riscv-eco-003-new/core/common/data_memory_interface.sv:53$56_Y $flatten\data_memory_interface.$and$/workspace/incremental-synthesis/benchmarks/riscv-eco-003-new/core/common/data_memory_interface.sv:53$56_Y $flatten\data_memory_interface.$and$/workspace/incremental-synthesis/benchmarks/riscv-eco-003-new/core/common/data_memory_interface.sv:53$56_Y }, B={ $flatten\data_memory_interface.$and$/workspace/incremental-synthesis/benchmarks/riscv-eco-003-new/core/common/data_memory_interface.sv:54$58_Y $flatten\data_memory_interface.$and$/workspace/incremental-synthesis/benchmarks/riscv-eco-003-new/core/common/data_memory_interface.sv:54$58_Y $flatten\data_memory_interface.$and$/workspace/incremental-synthesis/benchmarks/riscv-eco-003-new/core/common/data_memory_interface.sv:54$58_Y $flatten\data_memory_interface.$and$/workspace/incremental-synthesis/benchmarks/riscv-eco-003-new/core/common/data_memory_interface.sv:54$58_Y $flatten\data_memory_interface.$and$/workspace/incremental-synthesis/benchmarks/riscv-eco-003-new/core/common/data_memory_interface.sv:54$58_Y $flatten\data_memory_interface.$and$/workspace/incremental-synthesis/benchmarks/riscv-eco-003-new/core/common/data_memory_interface.sv:54$58_Y $flatten\data_memory_interface.$and$/workspace/incremental-synthesis/benchmarks/riscv-eco-003-new/core/common/data_memory_interface.sv:54$58_Y $flatten\data_memory_interface.$and$/workspace/incremental-synthesis/benchmarks/riscv-eco-003-new/core/common/data_memory_interface.sv:54$58_Y $flatten\data_memory_interface.$and$/workspace/incremental-synthesis/benchmarks/riscv-eco-003-new/core/common/data_memory_interface.sv:54$58_Y $flatten\data_memory_interface.$and$/workspace/incremental-synthesis/benchmarks/riscv-eco-003-new/core/common/data_memory_interface.sv:54$58_Y $flatten\data_memory_interface.$and$/workspace/incremental-synthesis/benchmarks/riscv-eco-003-new/core/common/data_memory_interface.sv:54$58_Y $flatten\data_memory_interface.$and$/workspace/incremental-synthesis/benchmarks/riscv-eco-003-new/core/common/data_memory_interface.sv:54$58_Y $flatten\data_memory_interface.$and$/workspace/incremental-synthesis/benchmarks/riscv-eco-003-new/core/common/data_memory_interface.sv:54$58_Y $flatten\data_memory_interface.$and$/workspace/incremental-synthesis/benchmarks/riscv-eco-003-new/core/common/data_memory_interface.sv:54$58_Y $flatten\data_memory_interface.$and$/workspace/incremental-synthesis/benchmarks/riscv-eco-003-new/core/common/data_memory_interface.sv:54$58_Y $flatten\data_memory_interface.$and$/workspace/incremental-synthesis/benchmarks/riscv-eco-003-new/core/common/data_memory_interface.sv:54$58_Y \data_memory_interface.position_fix [15:8] \data_memory_interface.position_fix [31:8] }, Y=\data_memory_interface.read_data [31:8]
      New connections: \data_memory_interface.read_data [7:0] = \data_memory_interface.position_fix [7:0]
    Consolidated identical input bits for $mux cell $memory$flatten\singlecycle_ctlpath.\alu_control.$auto$proc_rom.cc:155:do_switch$124$rdmux[0][2][3]$2070:
      Old ports: A=5'10001, B=5'10010, Y=$memory$flatten\singlecycle_ctlpath.\alu_control.$auto$proc_rom.cc:155:do_switch$124$rdmux[0][1][1]$b$2060
      New ports: A=2'01, B=2'10, Y=$memory$flatten\singlecycle_ctlpath.\alu_control.$auto$proc_rom.cc:155:do_switch$124$rdmux[0][1][1]$b$2060 [1:0]
      New connections: $memory$flatten\singlecycle_ctlpath.\alu_control.$auto$proc_rom.cc:155:do_switch$124$rdmux[0][1][1]$b$2060 [4:2] = 3'100
    Consolidated identical input bits for $pmux cell $flatten\singlecycle_ctlpath.\alu_control.$procmux$141:
      Old ports: A=5'00111, B=10'0011000010, Y=\singlecycle_ctlpath.alu_control.branch_funct
      New ports: A=2'11, B=4'1000, Y={ \singlecycle_ctlpath.alu_control.branch_funct [2] \singlecycle_ctlpath.alu_control.branch_funct [0] }
      New connections: { \singlecycle_ctlpath.alu_control.branch_funct [4:3] \singlecycle_ctlpath.alu_control.branch_funct [1] } = 3'001
    Consolidated identical input bits for $mux cell $auto$share.cc:656:make_supercell$2007:
      Old ports: A={ \singlecycle_datapath.alu.operand_a [31] \singlecycle_datapath.alu.operand_a }, B={ 1'0 \singlecycle_datapath.alu.operand_a }, Y=$auto$share.cc:653:make_supercell$2005
      New ports: A=\singlecycle_datapath.alu.operand_a [31], B=1'0, Y=$auto$share.cc:653:make_supercell$2005 [32]
      New connections: $auto$share.cc:653:make_supercell$2005 [31:0] = \singlecycle_datapath.alu.operand_a
    Consolidated identical input bits for $mux cell $auto$share.cc:656:make_supercell$2017:
      Old ports: A={ \singlecycle_datapath.alu.operand_a [31] \singlecycle_datapath.alu.operand_a }, B={ 1'0 \singlecycle_datapath.alu.operand_a }, Y=$auto$share.cc:653:make_supercell$2015
      New ports: A=\singlecycle_datapath.alu.operand_a [31], B=1'0, Y=$auto$share.cc:653:make_supercell$2015 [32]
      New connections: $auto$share.cc:653:make_supercell$2015 [31:0] = \singlecycle_datapath.alu.operand_a
    Consolidated identical input bits for $pmux cell $flatten\singlecycle_ctlpath.\singlecycle_control.$procmux$173:
      Old ports: A=3'010, B=9'000011001, Y=\singlecycle_ctlpath.singlecycle_control.reg_writeback_select
      New ports: A=2'10, B=6'001101, Y=\singlecycle_ctlpath.singlecycle_control.reg_writeback_select [1:0]
      New connections: \singlecycle_ctlpath.singlecycle_control.reg_writeback_select [2] = 1'0
    Consolidated identical input bits for $mux cell $auto$share.cc:657:make_supercell$2018:
      Old ports: A={ \singlecycle_datapath.alu.operand_b [31] \singlecycle_datapath.alu.operand_b }, B={ 1'0 \singlecycle_datapath.alu.operand_b }, Y=$auto$share.cc:654:make_supercell$2016
      New ports: A=\singlecycle_datapath.alu.operand_b [31], B=1'0, Y=$auto$share.cc:654:make_supercell$2016 [32]
      New connections: $auto$share.cc:654:make_supercell$2016 [31:0] = \singlecycle_datapath.alu.operand_b
    Consolidated identical input bits for $mux cell $flatten\singlecycle_ctlpath.\alu_control.$procmux$149:
      Old ports: A=5'00010, B=5'00101, Y=\singlecycle_ctlpath.alu_control.secondary_funct
      New ports: A=2'10, B=2'01, Y=\singlecycle_ctlpath.alu_control.secondary_funct [1:0]
      New connections: \singlecycle_ctlpath.alu_control.secondary_funct [4:2] = { 2'00 \singlecycle_ctlpath.alu_control.secondary_funct [0] }
  Optimizing cells in module \riscv_core.
    Consolidated identical input bits for $mux cell $memory$flatten\singlecycle_ctlpath.\alu_control.$auto$proc_rom.cc:155:do_switch$124$rdmux[0][1][1]$2058:
      Old ports: A=$memory$flatten\singlecycle_ctlpath.\alu_control.$auto$proc_rom.cc:155:do_switch$124$rdmux[0][1][1]$a$2059, B=$memory$flatten\singlecycle_ctlpath.\alu_control.$auto$proc_rom.cc:155:do_switch$124$rdmux[0][1][1]$b$2060, Y=$memory$flatten\singlecycle_ctlpath.\alu_control.$auto$proc_rom.cc:155:do_switch$124$rdmux[0][0][0]$b$2054
      New ports: A={ $memory$flatten\singlecycle_ctlpath.\alu_control.$auto$proc_rom.cc:155:do_switch$124$rdmux[0][1][1]$a$2059 [4] $memory$flatten\singlecycle_ctlpath.\alu_control.$auto$proc_rom.cc:155:do_switch$124$rdmux[0][1][1]$a$2059 [0] $memory$flatten\singlecycle_ctlpath.\alu_control.$auto$proc_rom.cc:155:do_switch$124$rdmux[0][1][1]$a$2059 [0] $memory$flatten\singlecycle_ctlpath.\alu_control.$auto$proc_rom.cc:155:do_switch$124$rdmux[0][1][1]$a$2059 [0] }, B={ 2'10 $memory$flatten\singlecycle_ctlpath.\alu_control.$auto$proc_rom.cc:155:do_switch$124$rdmux[0][1][1]$b$2060 [1:0] }, Y={ $memory$flatten\singlecycle_ctlpath.\alu_control.$auto$proc_rom.cc:155:do_switch$124$rdmux[0][0][0]$b$2054 [4] $memory$flatten\singlecycle_ctlpath.\alu_control.$auto$proc_rom.cc:155:do_switch$124$rdmux[0][0][0]$b$2054 [2:0] }
      New connections: $memory$flatten\singlecycle_ctlpath.\alu_control.$auto$proc_rom.cc:155:do_switch$124$rdmux[0][0][0]$b$2054 [3] = $memory$flatten\singlecycle_ctlpath.\alu_control.$auto$proc_rom.cc:155:do_switch$124$rdmux[0][0][0]$b$2054 [2]
    Consolidated identical input bits for $mux cell $memory$flatten\singlecycle_ctlpath.\alu_control.$auto$proc_rom.cc:155:do_switch$124$rdmux[0][1][0]$2055:
      Old ports: A=$memory$flatten\singlecycle_ctlpath.\alu_control.$auto$proc_rom.cc:155:do_switch$124$rdmux[0][1][0]$a$2056, B=$memory$flatten\singlecycle_ctlpath.\alu_control.$auto$proc_rom.cc:155:do_switch$124$rdmux[0][1][0]$b$2057, Y=$memory$flatten\singlecycle_ctlpath.\alu_control.$auto$proc_rom.cc:155:do_switch$124$rdmux[0][0][0]$a$2053
      New ports: A={ $memory$flatten\singlecycle_ctlpath.\alu_control.$auto$proc_rom.cc:155:do_switch$124$rdmux[0][1][0]$a$2056 [2] $memory$flatten\singlecycle_ctlpath.\alu_control.$auto$proc_rom.cc:155:do_switch$124$rdmux[0][1][0]$a$2056 [0] $memory$flatten\singlecycle_ctlpath.\alu_control.$auto$proc_rom.cc:155:do_switch$124$rdmux[0][1][0]$a$2056 [0] }, B={ 1'1 $memory$flatten\singlecycle_ctlpath.\alu_control.$auto$proc_rom.cc:155:do_switch$124$rdmux[0][1][0]$b$2057 [1:0] }, Y=$memory$flatten\singlecycle_ctlpath.\alu_control.$auto$proc_rom.cc:155:do_switch$124$rdmux[0][0][0]$a$2053 [2:0]
      New connections: $memory$flatten\singlecycle_ctlpath.\alu_control.$auto$proc_rom.cc:155:do_switch$124$rdmux[0][0][0]$a$2053 [4:3] = 2'01
    Consolidated identical input bits for $mux cell $memory$flatten\singlecycle_ctlpath.\alu_control.$auto$proc_rom.cc:155:do_switch$128$rdmux[0][1][0]$2034:
      Old ports: A=$memory$flatten\singlecycle_ctlpath.\alu_control.$auto$proc_rom.cc:155:do_switch$128$rdmux[0][1][0]$a$2035, B=$memory$flatten\singlecycle_ctlpath.\alu_control.$auto$proc_rom.cc:155:do_switch$128$rdmux[0][1][0]$b$2036, Y=$memory$flatten\singlecycle_ctlpath.\alu_control.$auto$proc_rom.cc:155:do_switch$128$rdmux[0][0][0]$a$2032
      New ports: A={ 1'0 $memory$flatten\singlecycle_ctlpath.\alu_control.$auto$proc_rom.cc:155:do_switch$128$rdmux[0][1][0]$a$2035 [1] 1'1 }, B={ 2'11 $memory$flatten\singlecycle_ctlpath.\alu_control.$auto$proc_rom.cc:155:do_switch$128$rdmux[0][1][0]$b$2036 [0] }, Y=$memory$flatten\singlecycle_ctlpath.\alu_control.$auto$proc_rom.cc:155:do_switch$128$rdmux[0][0][0]$a$2032 [2:0]
      New connections: $memory$flatten\singlecycle_ctlpath.\alu_control.$auto$proc_rom.cc:155:do_switch$128$rdmux[0][0][0]$a$2032 [3] = 1'0
    Consolidated identical input bits for $mux cell $flatten\singlecycle_ctlpath.\alu_control.$procmux$154:
      Old ports: A={ 1'0 \singlecycle_ctlpath.alu_control.default_funct [3:0] }, B=\singlecycle_ctlpath.alu_control.secondary_funct, Y=\singlecycle_ctlpath.alu_control.op_imm_funct
      New ports: A=\singlecycle_ctlpath.alu_control.default_funct [3:0], B={ 1'0 \singlecycle_ctlpath.alu_control.secondary_funct [0] \singlecycle_ctlpath.alu_control.secondary_funct [1:0] }, Y=\singlecycle_ctlpath.alu_control.op_imm_funct [3:0]
      New connections: \singlecycle_ctlpath.alu_control.op_imm_funct [4] = 1'0
  Optimizing cells in module \riscv_core.
Performed a total of 20 changes.

15.19.5. Executing OPT_MERGE pass (detect identical cells).
Finding identical cells in module `\riscv_core'.
Computing hashes of 303 cells of `\riscv_core'.
Finding duplicate cells in `\riscv_core'.
Computing hashes of 298 cells of `\riscv_core'.
Finding duplicate cells in `\riscv_core'.
<suppressed ~15 debug messages>
Removed a total of 5 cells.

15.19.6. Executing OPT_SHARE pass.
    Found cells that share an operand and can be merged by moving the $pmux $flatten\data_memory_interface.$procmux$129 in front of them:
        $flatten\data_memory_interface.$shl$/workspace/incremental-synthesis/benchmarks/riscv-eco-003-new/core/common/data_memory_interface.sv:40$50
        $flatten\data_memory_interface.$shl$/workspace/incremental-synthesis/benchmarks/riscv-eco-003-new/core/common/data_memory_interface.sv:39$49
        $flatten\data_memory_interface.$shl$/workspace/incremental-synthesis/benchmarks/riscv-eco-003-new/core/common/data_memory_interface.sv:38$48

15.19.7. Executing OPT_DFF pass (perform DFF optimizations).

15.19.8. Executing OPT_CLEAN pass (remove unused cells and wires).
Finding unused cells or wires in module \riscv_core..
Removed 0 unused cells and 24 unused wires.
<suppressed ~1 debug messages>

15.19.9. Executing OPT_EXPR pass (perform const folding).
Optimizing module riscv_core.
<suppressed ~3 debug messages>

15.19.10. Rerunning OPT passes. (Maybe there is more to do..)

15.19.11. Executing OPT_MUXTREE pass (detect dead branches in mux trees).
Running muxtree optimizer on module \riscv_core..
  Creating internal representation of mux trees.
  Evaluating internal representation of mux trees.
  Analyzing evaluation results.
Removed 0 multiplexer ports.
<suppressed ~77 debug messages>

15.19.12. Executing OPT_REDUCE pass (consolidate $*mux and $reduce_* inputs).
  Optimizing cells in module \riscv_core.
    Consolidated identical input bits for $pmux cell $auto$opt_share.cc:246:merge_operators$2074:
      Old ports: A=4'0001, B=8'00111111, Y=$auto$rtlil.cc:3404:Pmux$2075
      New ports: A=2'00, B=4'0111, Y=$auto$rtlil.cc:3404:Pmux$2075 [2:1]
      New connections: { $auto$rtlil.cc:3404:Pmux$2075 [3] $auto$rtlil.cc:3404:Pmux$2075 [0] } = { $auto$rtlil.cc:3404:Pmux$2075 [2] 1'1 }
    Consolidated identical input bits for $mux cell $memory$flatten\singlecycle_ctlpath.\alu_control.$auto$proc_rom.cc:155:do_switch$124$rdmux[0][1][1]$2058:
      Old ports: A={ $memory$flatten\singlecycle_ctlpath.\alu_control.$auto$proc_rom.cc:155:do_switch$124$rdmux[0][1][0]$a$2056 [2] $memory$flatten\singlecycle_ctlpath.\alu_control.$auto$proc_rom.cc:155:do_switch$124$rdmux[0][1][0]$a$2056 [0] $memory$flatten\singlecycle_ctlpath.\alu_control.$auto$proc_rom.cc:155:do_switch$124$rdmux[0][1][0]$a$2056 [0] $memory$flatten\singlecycle_ctlpath.\alu_control.$auto$proc_rom.cc:155:do_switch$124$rdmux[0][1][0]$a$2056 [0] }, B={ 2'10 $memory$flatten\singlecycle_ctlpath.\alu_control.$auto$proc_rom.cc:155:do_switch$124$rdmux[0][1][0]$a$2056 [2] $memory$flatten\singlecycle_ctlpath.\alu_control.$auto$proc_rom.cc:155:do_switch$124$rdmux[0][1][0]$a$2056 [0] }, Y={ $memory$flatten\singlecycle_ctlpath.\alu_control.$auto$proc_rom.cc:155:do_switch$124$rdmux[0][0][0]$b$2054 [4] $memory$flatten\singlecycle_ctlpath.\alu_control.$auto$proc_rom.cc:155:do_switch$124$rdmux[0][0][0]$b$2054 [2:0] }
      New ports: A={ $memory$flatten\singlecycle_ctlpath.\alu_control.$auto$proc_rom.cc:155:do_switch$124$rdmux[0][1][0]$a$2056 [2] $memory$flatten\singlecycle_ctlpath.\alu_control.$auto$proc_rom.cc:155:do_switch$124$rdmux[0][1][0]$a$2056 [0] $memory$flatten\singlecycle_ctlpath.\alu_control.$auto$proc_rom.cc:155:do_switch$124$rdmux[0][1][0]$a$2056 [0] }, B={ 2'10 $memory$flatten\singlecycle_ctlpath.\alu_control.$auto$proc_rom.cc:155:do_switch$124$rdmux[0][1][0]$a$2056 [2] }, Y={ $memory$flatten\singlecycle_ctlpath.\alu_control.$auto$proc_rom.cc:155:do_switch$124$rdmux[0][0][0]$b$2054 [4] $memory$flatten\singlecycle_ctlpath.\alu_control.$auto$proc_rom.cc:155:do_switch$124$rdmux[0][0][0]$b$2054 [2:1] }
      New connections: $memory$flatten\singlecycle_ctlpath.\alu_control.$auto$proc_rom.cc:155:do_switch$124$rdmux[0][0][0]$b$2054 [0] = $memory$flatten\singlecycle_ctlpath.\alu_control.$auto$proc_rom.cc:155:do_switch$124$rdmux[0][1][0]$a$2056 [0]
    New ctrl vector for $pmux cell $flatten\data_memory_interface.$procmux$129: $auto$opt_reduce.cc:137:opt_pmux$2077
    Consolidated identical input bits for $mux cell $memory$flatten\singlecycle_ctlpath.\alu_control.$auto$proc_rom.cc:155:do_switch$124$rdmux[0][1][0]$2055:
      Old ports: A={ $memory$flatten\singlecycle_ctlpath.\alu_control.$auto$proc_rom.cc:155:do_switch$124$rdmux[0][1][0]$a$2056 [2] $memory$flatten\singlecycle_ctlpath.\alu_control.$auto$proc_rom.cc:155:do_switch$124$rdmux[0][1][0]$a$2056 [0] $memory$flatten\singlecycle_ctlpath.\alu_control.$auto$proc_rom.cc:155:do_switch$124$rdmux[0][1][0]$a$2056 [0] }, B={ 1'1 $memory$flatten\singlecycle_ctlpath.\alu_control.$auto$proc_rom.cc:155:do_switch$124$rdmux[0][1][0]$a$2056 [2] $memory$flatten\singlecycle_ctlpath.\alu_control.$auto$proc_rom.cc:155:do_switch$124$rdmux[0][1][0]$a$2056 [0] }, Y=$memory$flatten\singlecycle_ctlpath.\alu_control.$auto$proc_rom.cc:155:do_switch$124$rdmux[0][0][0]$a$2053 [2:0]
      New ports: A={ $memory$flatten\singlecycle_ctlpath.\alu_control.$auto$proc_rom.cc:155:do_switch$124$rdmux[0][1][0]$a$2056 [2] $memory$flatten\singlecycle_ctlpath.\alu_control.$auto$proc_rom.cc:155:do_switch$124$rdmux[0][1][0]$a$2056 [0] }, B={ 1'1 $memory$flatten\singlecycle_ctlpath.\alu_control.$auto$proc_rom.cc:155:do_switch$124$rdmux[0][1][0]$a$2056 [2] }, Y=$memory$flatten\singlecycle_ctlpath.\alu_control.$auto$proc_rom.cc:155:do_switch$124$rdmux[0][0][0]$a$2053 [2:1]
      New connections: $memory$flatten\singlecycle_ctlpath.\alu_control.$auto$proc_rom.cc:155:do_switch$124$rdmux[0][0][0]$a$2053 [0] = $memory$flatten\singlecycle_ctlpath.\alu_control.$auto$proc_rom.cc:155:do_switch$124$rdmux[0][1][0]$a$2056 [0]
  Optimizing cells in module \riscv_core.
    Consolidated identical input bits for $mux cell $memory$flatten\singlecycle_ctlpath.\alu_control.$auto$proc_rom.cc:155:do_switch$124$rdmux[0][0][0]$2052:
      Old ports: A={ 2'01 $memory$flatten\singlecycle_ctlpath.\alu_control.$auto$proc_rom.cc:155:do_switch$124$rdmux[0][0][0]$a$2053 [2:0] }, B={ $memory$flatten\singlecycle_ctlpath.\alu_control.$auto$proc_rom.cc:155:do_switch$124$rdmux[0][0][0]$b$2054 [4] $memory$flatten\singlecycle_ctlpath.\alu_control.$auto$proc_rom.cc:155:do_switch$124$rdmux[0][0][0]$b$2054 [2] $memory$flatten\singlecycle_ctlpath.\alu_control.$auto$proc_rom.cc:155:do_switch$124$rdmux[0][0][0]$b$2054 [2:0] }, Y=\singlecycle_ctlpath.alu_control.m_extension_funct
      New ports: A={ 2'01 $memory$flatten\singlecycle_ctlpath.\alu_control.$auto$proc_rom.cc:155:do_switch$124$rdmux[0][0][0]$a$2053 [2:1] }, B={ $memory$flatten\singlecycle_ctlpath.\alu_control.$auto$proc_rom.cc:155:do_switch$124$rdmux[0][0][0]$b$2054 [4] $memory$flatten\singlecycle_ctlpath.\alu_control.$auto$proc_rom.cc:155:do_switch$124$rdmux[0][0][0]$b$2054 [2] $memory$flatten\singlecycle_ctlpath.\alu_control.$auto$proc_rom.cc:155:do_switch$124$rdmux[0][0][0]$b$2054 [2:1] }, Y=\singlecycle_ctlpath.alu_control.m_extension_funct [4:1]
      New connections: \singlecycle_ctlpath.alu_control.m_extension_funct [0] = $memory$flatten\singlecycle_ctlpath.\alu_control.$auto$proc_rom.cc:155:do_switch$124$rdmux[0][1][0]$a$2056 [0]
  Optimizing cells in module \riscv_core.
Performed a total of 5 changes.

15.19.13. Executing OPT_MERGE pass (detect identical cells).
Finding identical cells in module `\riscv_core'.
Computing hashes of 297 cells of `\riscv_core'.
Finding duplicate cells in `\riscv_core'.
Removed a total of 0 cells.

15.19.14. Executing OPT_SHARE pass.

15.19.15. Executing OPT_DFF pass (perform DFF optimizations).

15.19.16. Executing OPT_CLEAN pass (remove unused cells and wires).
Finding unused cells or wires in module \riscv_core..
Removed 0 unused cells and 1 unused wires.
<suppressed ~1 debug messages>

15.19.17. Executing OPT_EXPR pass (perform const folding).
Optimizing module riscv_core.

15.19.18. Rerunning OPT passes. (Maybe there is more to do..)

15.19.19. Executing OPT_MUXTREE pass (detect dead branches in mux trees).
Running muxtree optimizer on module \riscv_core..
  Creating internal representation of mux trees.
  Evaluating internal representation of mux trees.
  Analyzing evaluation results.
Removed 0 multiplexer ports.
<suppressed ~74 debug messages>

15.19.20. Executing OPT_REDUCE pass (consolidate $*mux and $reduce_* inputs).
  Optimizing cells in module \riscv_core.
Performed a total of 0 changes.

15.19.21. Executing OPT_MERGE pass (detect identical cells).
Finding identical cells in module `\riscv_core'.
Computing hashes of 297 cells of `\riscv_core'.
Finding duplicate cells in `\riscv_core'.
Removed a total of 0 cells.

15.19.22. Executing OPT_SHARE pass.

15.19.23. Executing OPT_DFF pass (perform DFF optimizations).

15.19.24. Executing OPT_CLEAN pass (remove unused cells and wires).
Finding unused cells or wires in module \riscv_core..

15.19.25. Executing OPT_EXPR pass (perform const folding).
Optimizing module riscv_core.

15.19.26. Finished fast OPT passes. (There is nothing left to do.)

15.20. Executing TECHMAP pass (map to technology primitives).

15.20.1. Executing Verilog-2005 frontend: /opt/oss-cad-suite/lib/../share/yosys/techmap.v
Parsing Verilog input from `/opt/oss-cad-suite/lib/../share/yosys/techmap.v' to AST representation.
Generating RTLIL representation for module `\_90_simplemap_bool_ops'.
Generating RTLIL representation for module `\_90_simplemap_reduce_ops'.
Generating RTLIL representation for module `\_90_simplemap_logic_ops'.
Generating RTLIL representation for module `\_90_simplemap_compare_ops'.
Generating RTLIL representation for module `\_90_simplemap_various'.
Generating RTLIL representation for module `\_90_simplemap_registers'.
Generating RTLIL representation for module `\_90_shift_ops_shr_shl_sshl_sshr'.
Generating RTLIL representation for module `\_90_shift_shiftx'.
Generating RTLIL representation for module `\_90_fa'.
Generating RTLIL representation for module `\_90_lcu_brent_kung'.
Generating RTLIL representation for module `\_90_alu'.
Generating RTLIL representation for module `\_90_macc'.
Generating RTLIL representation for module `\_90_alumacc'.
Generating RTLIL representation for module `$__div_mod_u'.
Generating RTLIL representation for module `$__div_mod_trunc'.
Generating RTLIL representation for module `\_90_div'.
Generating RTLIL representation for module `\_90_mod'.
Generating RTLIL representation for module `$__div_mod_floor'.
Generating RTLIL representation for module `\_90_divfloor'.
Generating RTLIL representation for module `\_90_modfloor'.
Generating RTLIL representation for module `\_90_pow'.
Generating RTLIL representation for module `\_90_demux'.
Generating RTLIL representation for module `\_90_lut'.
Generating RTLIL representation for module `$connect'.
Generating RTLIL representation for module `$input_port'.
Successfully finished Verilog frontend.

15.20.2. Continuing TECHMAP pass.
Using extmapper simplemap for cells of type $reduce_or.
Using extmapper simplemap for cells of type $pmux.
Using extmapper simplemap for cells of type $adff.
Using extmapper simplemap for cells of type $reduce_bool.
Using extmapper simplemap for cells of type $adffe.
Using template $paramod$9a99f3bc4ce1ca3c44f8bdb25c4000634acbeb47\_90_div for cells of type $div.
Using extmapper simplemap for cells of type $mux.
Using extmapper simplemap for cells of type $eq.
Using template $paramod$9a99f3bc4ce1ca3c44f8bdb25c4000634acbeb47\_90_mod for cells of type $mod.
Using extmapper simplemap for cells of type $not.
Using extmapper simplemap for cells of type $xor.
Using template $paramod$2653f68ddb8eab7b1907b4a20767b72a824a7a36\_90_alu for cells of type $alu.
Using template $paramod$fbc7873bff55778c0b3173955b7e4bce1d9d6834\_90_alu for cells of type $alu.
Using template $paramod$44a13d10af618e7fbe7b9aad2f6151ffcee1e2fa\_90_alu for cells of type $alu.
Using extmapper maccmap for cells of type $macc_v2.
  add \singlecycle_datapath.alu.operand_a * \singlecycle_datapath.alu.operand_b (32x32 bits, signed)
  add \singlecycle_datapath.alu.operand_a * \singlecycle_datapath.alu.operand_b (32x32 bits, unsigned)
Using extmapper simplemap for cells of type $reduce_and.
Using extmapper simplemap for cells of type $and.
Using extmapper simplemap for cells of type $logic_not.
Using extmapper simplemap for cells of type $logic_and.
Using extmapper simplemap for cells of type $or.
Using template $paramod$constmap:4621fcf06a436d1e2a4080e2ed9866a7d07a6e07$paramod$ccbcf9cf459c8d68b04688a9a5245ee9d295a0be\_90_shift_ops_shr_shl_sshl_sshr for cells of type $shl.
Using template $paramod$constmap:4621fcf06a436d1e2a4080e2ed9866a7d07a6e07$paramod$b8fb36dbb218c8f6b30171c756a8f8357614d906\_90_shift_ops_shr_shl_sshl_sshr for cells of type $shr.
Using template $paramod$constmap:4621fcf06a436d1e2a4080e2ed9866a7d07a6e07$paramod$e765c459d3029c22a22a27989e94858fd9ebfa9c\_90_shift_ops_shr_shl_sshl_sshr for cells of type $sshr.
Using template $paramod$constmap:02ee4fad4c1ffc2bbdc3e6fbc37bedbf9185352a$paramod$335cfd09f1afa8139c4aafcbbe5f361887b79c5e\_90_shift_ops_shr_shl_sshl_sshr for cells of type $shl.
Using template $paramod$constmap:6e3026a439ed4a6e7983ca0e910890cc59b2f7b2$paramod$7b0bb309dce042ecaf2e0bfa495da988fc49fdf1\_90_shift_ops_shr_shl_sshl_sshr for cells of type $shl.
Using template $paramod$constmap:cb2599409e80fa22cf38e727ff6651af8a197f76$paramod$7892be8d2a0a6dcb653747d5990213750e930cf2\_90_shift_ops_shr_shl_sshl_sshr for cells of type $shr.
Using template $paramod\_90_fa\WIDTH=32'00000000000000000000000001000000 for cells of type $fa.
Using template $paramod$039520c137afc9cd69dd56c3fb11a4e1fbe5f664\_90_alu for cells of type $alu.
Using template $paramod$9a99f3bc4ce1ca3c44f8bdb25c4000634acbeb47$__div_mod_trunc for cells of type $__div_mod_trunc.
Using extmapper simplemap for cells of type $pos.
Using template $paramod\_90_fa\WIDTH=32'00000000000000000000000000011110 for cells of type $fa.
Using template $paramod\_90_lcu_brent_kung\WIDTH=32'00000000000000000000000000011110 for cells of type $lcu.
Using template $paramod\_90_fa\WIDTH=32'00000000000000000000000000100000 for cells of type $fa.
Using template $paramod\_90_lcu_brent_kung\WIDTH=32'00000000000000000000000000100000 for cells of type $lcu.
Using template $paramod\_90_lcu_brent_kung\WIDTH=32'00000000000000000000000001000000 for cells of type $lcu.
Running "alumacc" on wrapper $extern:wrap:$neg:Y_WIDTH=33:A_WIDTH=33:A_SIGNED=0:394426c56d1a028ba8fdd5469b163e04011def47.
Using template $extern:wrap:$neg:Y_WIDTH=33:A_WIDTH=33:A_SIGNED=0:394426c56d1a028ba8fdd5469b163e04011def47 for cells of type $extern:wrap:$neg:Y_WIDTH=33:A_WIDTH=33:A_SIGNED=0:394426c56d1a028ba8fdd5469b163e04011def47.
Using extmapper simplemap for cells of type $ne.
Using template $paramod$__div_mod_u\WIDTH=32'00000000000000000000000000100001 for cells of type $__div_mod_u.
Using template $paramod$e3e2a2ae1e4d598b5e0e0be67cc1104653ecf8c1\_90_alu for cells of type $alu.
Running "alumacc" on wrapper $extern:wrap:$sub:Y_WIDTH=33:B_WIDTH=33:A_WIDTH=33:B_SIGNED=0:A_SIGNED=0:394426c56d1a028ba8fdd5469b163e04011def47.
Using template $extern:wrap:$sub:Y_WIDTH=33:B_WIDTH=33:A_WIDTH=33:B_SIGNED=0:A_SIGNED=0:394426c56d1a028ba8fdd5469b163e04011def47 for cells of type $extern:wrap:$sub:Y_WIDTH=33:B_WIDTH=33:A_WIDTH=33:B_SIGNED=0:A_SIGNED=0:394426c56d1a028ba8fdd5469b163e04011def47.
Running "alumacc" on wrapper $extern:wrap:$ge:Y_WIDTH=1:B_WIDTH=33:A_WIDTH=33:B_SIGNED=0:A_SIGNED=0:394426c56d1a028ba8fdd5469b163e04011def47.
Using template $extern:wrap:$ge:Y_WIDTH=1:B_WIDTH=33:A_WIDTH=33:B_SIGNED=0:A_SIGNED=0:394426c56d1a028ba8fdd5469b163e04011def47 for cells of type $extern:wrap:$ge:Y_WIDTH=1:B_WIDTH=33:A_WIDTH=33:B_SIGNED=0:A_SIGNED=0:394426c56d1a028ba8fdd5469b163e04011def47.
Running "alumacc" on wrapper $extern:wrap:$sub:Y_WIDTH=34:B_WIDTH=34:A_WIDTH=33:B_SIGNED=0:A_SIGNED=0:394426c56d1a028ba8fdd5469b163e04011def47.
Using template $extern:wrap:$sub:Y_WIDTH=34:B_WIDTH=34:A_WIDTH=33:B_SIGNED=0:A_SIGNED=0:394426c56d1a028ba8fdd5469b163e04011def47 for cells of type $extern:wrap:$sub:Y_WIDTH=34:B_WIDTH=34:A_WIDTH=33:B_SIGNED=0:A_SIGNED=0:394426c56d1a028ba8fdd5469b163e04011def47.
Running "alumacc" on wrapper $extern:wrap:$ge:Y_WIDTH=1:B_WIDTH=34:A_WIDTH=33:B_SIGNED=0:A_SIGNED=0:394426c56d1a028ba8fdd5469b163e04011def47.
Using template $extern:wrap:$ge:Y_WIDTH=1:B_WIDTH=34:A_WIDTH=33:B_SIGNED=0:A_SIGNED=0:394426c56d1a028ba8fdd5469b163e04011def47 for cells of type $extern:wrap:$ge:Y_WIDTH=1:B_WIDTH=34:A_WIDTH=33:B_SIGNED=0:A_SIGNED=0:394426c56d1a028ba8fdd5469b163e04011def47.
Running "alumacc" on wrapper $extern:wrap:$sub:Y_WIDTH=35:B_WIDTH=35:A_WIDTH=33:B_SIGNED=0:A_SIGNED=0:394426c56d1a028ba8fdd5469b163e04011def47.
Using template $extern:wrap:$sub:Y_WIDTH=35:B_WIDTH=35:A_WIDTH=33:B_SIGNED=0:A_SIGNED=0:394426c56d1a028ba8fdd5469b163e04011def47 for cells of type $extern:wrap:$sub:Y_WIDTH=35:B_WIDTH=35:A_WIDTH=33:B_SIGNED=0:A_SIGNED=0:394426c56d1a028ba8fdd5469b163e04011def47.
Running "alumacc" on wrapper $extern:wrap:$ge:Y_WIDTH=1:B_WIDTH=35:A_WIDTH=33:B_SIGNED=0:A_SIGNED=0:394426c56d1a028ba8fdd5469b163e04011def47.
Using template $extern:wrap:$ge:Y_WIDTH=1:B_WIDTH=35:A_WIDTH=33:B_SIGNED=0:A_SIGNED=0:394426c56d1a028ba8fdd5469b163e04011def47 for cells of type $extern:wrap:$ge:Y_WIDTH=1:B_WIDTH=35:A_WIDTH=33:B_SIGNED=0:A_SIGNED=0:394426c56d1a028ba8fdd5469b163e04011def47.
Running "alumacc" on wrapper $extern:wrap:$sub:Y_WIDTH=36:B_WIDTH=36:A_WIDTH=33:B_SIGNED=0:A_SIGNED=0:394426c56d1a028ba8fdd5469b163e04011def47.
Using template $extern:wrap:$sub:Y_WIDTH=36:B_WIDTH=36:A_WIDTH=33:B_SIGNED=0:A_SIGNED=0:394426c56d1a028ba8fdd5469b163e04011def47 for cells of type $extern:wrap:$sub:Y_WIDTH=36:B_WIDTH=36:A_WIDTH=33:B_SIGNED=0:A_SIGNED=0:394426c56d1a028ba8fdd5469b163e04011def47.
Running "alumacc" on wrapper $extern:wrap:$ge:Y_WIDTH=1:B_WIDTH=36:A_WIDTH=33:B_SIGNED=0:A_SIGNED=0:394426c56d1a028ba8fdd5469b163e04011def47.
Using template $extern:wrap:$ge:Y_WIDTH=1:B_WIDTH=36:A_WIDTH=33:B_SIGNED=0:A_SIGNED=0:394426c56d1a028ba8fdd5469b163e04011def47 for cells of type $extern:wrap:$ge:Y_WIDTH=1:B_WIDTH=36:A_WIDTH=33:B_SIGNED=0:A_SIGNED=0:394426c56d1a028ba8fdd5469b163e04011def47.
Running "alumacc" on wrapper $extern:wrap:$sub:Y_WIDTH=37:B_WIDTH=37:A_WIDTH=33:B_SIGNED=0:A_SIGNED=0:394426c56d1a028ba8fdd5469b163e04011def47.
Using template $extern:wrap:$sub:Y_WIDTH=37:B_WIDTH=37:A_WIDTH=33:B_SIGNED=0:A_SIGNED=0:394426c56d1a028ba8fdd5469b163e04011def47 for cells of type $extern:wrap:$sub:Y_WIDTH=37:B_WIDTH=37:A_WIDTH=33:B_SIGNED=0:A_SIGNED=0:394426c56d1a028ba8fdd5469b163e04011def47.
Running "alumacc" on wrapper $extern:wrap:$ge:Y_WIDTH=1:B_WIDTH=37:A_WIDTH=33:B_SIGNED=0:A_SIGNED=0:394426c56d1a028ba8fdd5469b163e04011def47.
Using template $extern:wrap:$ge:Y_WIDTH=1:B_WIDTH=37:A_WIDTH=33:B_SIGNED=0:A_SIGNED=0:394426c56d1a028ba8fdd5469b163e04011def47 for cells of type $extern:wrap:$ge:Y_WIDTH=1:B_WIDTH=37:A_WIDTH=33:B_SIGNED=0:A_SIGNED=0:394426c56d1a028ba8fdd5469b163e04011def47.
Running "alumacc" on wrapper $extern:wrap:$sub:Y_WIDTH=38:B_WIDTH=38:A_WIDTH=33:B_SIGNED=0:A_SIGNED=0:394426c56d1a028ba8fdd5469b163e04011def47.
Using template $extern:wrap:$sub:Y_WIDTH=38:B_WIDTH=38:A_WIDTH=33:B_SIGNED=0:A_SIGNED=0:394426c56d1a028ba8fdd5469b163e04011def47 for cells of type $extern:wrap:$sub:Y_WIDTH=38:B_WIDTH=38:A_WIDTH=33:B_SIGNED=0:A_SIGNED=0:394426c56d1a028ba8fdd5469b163e04011def47.
Running "alumacc" on wrapper $extern:wrap:$ge:Y_WIDTH=1:B_WIDTH=38:A_WIDTH=33:B_SIGNED=0:A_SIGNED=0:394426c56d1a028ba8fdd5469b163e04011def47.
Using template $extern:wrap:$ge:Y_WIDTH=1:B_WIDTH=38:A_WIDTH=33:B_SIGNED=0:A_SIGNED=0:394426c56d1a028ba8fdd5469b163e04011def47 for cells of type $extern:wrap:$ge:Y_WIDTH=1:B_WIDTH=38:A_WIDTH=33:B_SIGNED=0:A_SIGNED=0:394426c56d1a028ba8fdd5469b163e04011def47.
Running "alumacc" on wrapper $extern:wrap:$sub:Y_WIDTH=39:B_WIDTH=39:A_WIDTH=33:B_SIGNED=0:A_SIGNED=0:394426c56d1a028ba8fdd5469b163e04011def47.
Using template $extern:wrap:$sub:Y_WIDTH=39:B_WIDTH=39:A_WIDTH=33:B_SIGNED=0:A_SIGNED=0:394426c56d1a028ba8fdd5469b163e04011def47 for cells of type $extern:wrap:$sub:Y_WIDTH=39:B_WIDTH=39:A_WIDTH=33:B_SIGNED=0:A_SIGNED=0:394426c56d1a028ba8fdd5469b163e04011def47.
Running "alumacc" on wrapper $extern:wrap:$ge:Y_WIDTH=1:B_WIDTH=39:A_WIDTH=33:B_SIGNED=0:A_SIGNED=0:394426c56d1a028ba8fdd5469b163e04011def47.
Using template $extern:wrap:$ge:Y_WIDTH=1:B_WIDTH=39:A_WIDTH=33:B_SIGNED=0:A_SIGNED=0:394426c56d1a028ba8fdd5469b163e04011def47 for cells of type $extern:wrap:$ge:Y_WIDTH=1:B_WIDTH=39:A_WIDTH=33:B_SIGNED=0:A_SIGNED=0:394426c56d1a028ba8fdd5469b163e04011def47.
Running "alumacc" on wrapper $extern:wrap:$sub:Y_WIDTH=40:B_WIDTH=40:A_WIDTH=33:B_SIGNED=0:A_SIGNED=0:394426c56d1a028ba8fdd5469b163e04011def47.
Using template $extern:wrap:$sub:Y_WIDTH=40:B_WIDTH=40:A_WIDTH=33:B_SIGNED=0:A_SIGNED=0:394426c56d1a028ba8fdd5469b163e04011def47 for cells of type $extern:wrap:$sub:Y_WIDTH=40:B_WIDTH=40:A_WIDTH=33:B_SIGNED=0:A_SIGNED=0:394426c56d1a028ba8fdd5469b163e04011def47.
Running "alumacc" on wrapper $extern:wrap:$ge:Y_WIDTH=1:B_WIDTH=40:A_WIDTH=33:B_SIGNED=0:A_SIGNED=0:394426c56d1a028ba8fdd5469b163e04011def47.
Using template $extern:wrap:$ge:Y_WIDTH=1:B_WIDTH=40:A_WIDTH=33:B_SIGNED=0:A_SIGNED=0:394426c56d1a028ba8fdd5469b163e04011def47 for cells of type $extern:wrap:$ge:Y_WIDTH=1:B_WIDTH=40:A_WIDTH=33:B_SIGNED=0:A_SIGNED=0:394426c56d1a028ba8fdd5469b163e04011def47.
Running "alumacc" on wrapper $extern:wrap:$sub:Y_WIDTH=41:B_WIDTH=41:A_WIDTH=33:B_SIGNED=0:A_SIGNED=0:394426c56d1a028ba8fdd5469b163e04011def47.
Using template $extern:wrap:$sub:Y_WIDTH=41:B_WIDTH=41:A_WIDTH=33:B_SIGNED=0:A_SIGNED=0:394426c56d1a028ba8fdd5469b163e04011def47 for cells of type $extern:wrap:$sub:Y_WIDTH=41:B_WIDTH=41:A_WIDTH=33:B_SIGNED=0:A_SIGNED=0:394426c56d1a028ba8fdd5469b163e04011def47.
Running "alumacc" on wrapper $extern:wrap:$ge:Y_WIDTH=1:B_WIDTH=41:A_WIDTH=33:B_SIGNED=0:A_SIGNED=0:394426c56d1a028ba8fdd5469b163e04011def47.
Using template $extern:wrap:$ge:Y_WIDTH=1:B_WIDTH=41:A_WIDTH=33:B_SIGNED=0:A_SIGNED=0:394426c56d1a028ba8fdd5469b163e04011def47 for cells of type $extern:wrap:$ge:Y_WIDTH=1:B_WIDTH=41:A_WIDTH=33:B_SIGNED=0:A_SIGNED=0:394426c56d1a028ba8fdd5469b163e04011def47.
Running "alumacc" on wrapper $extern:wrap:$sub:Y_WIDTH=42:B_WIDTH=42:A_WIDTH=33:B_SIGNED=0:A_SIGNED=0:394426c56d1a028ba8fdd5469b163e04011def47.
Using template $extern:wrap:$sub:Y_WIDTH=42:B_WIDTH=42:A_WIDTH=33:B_SIGNED=0:A_SIGNED=0:394426c56d1a028ba8fdd5469b163e04011def47 for cells of type $extern:wrap:$sub:Y_WIDTH=42:B_WIDTH=42:A_WIDTH=33:B_SIGNED=0:A_SIGNED=0:394426c56d1a028ba8fdd5469b163e04011def47.
Running "alumacc" on wrapper $extern:wrap:$ge:Y_WIDTH=1:B_WIDTH=42:A_WIDTH=33:B_SIGNED=0:A_SIGNED=0:394426c56d1a028ba8fdd5469b163e04011def47.
Using template $extern:wrap:$ge:Y_WIDTH=1:B_WIDTH=42:A_WIDTH=33:B_SIGNED=0:A_SIGNED=0:394426c56d1a028ba8fdd5469b163e04011def47 for cells of type $extern:wrap:$ge:Y_WIDTH=1:B_WIDTH=42:A_WIDTH=33:B_SIGNED=0:A_SIGNED=0:394426c56d1a028ba8fdd5469b163e04011def47.
Running "alumacc" on wrapper $extern:wrap:$sub:Y_WIDTH=43:B_WIDTH=43:A_WIDTH=33:B_SIGNED=0:A_SIGNED=0:394426c56d1a028ba8fdd5469b163e04011def47.
Using template $extern:wrap:$sub:Y_WIDTH=43:B_WIDTH=43:A_WIDTH=33:B_SIGNED=0:A_SIGNED=0:394426c56d1a028ba8fdd5469b163e04011def47 for cells of type $extern:wrap:$sub:Y_WIDTH=43:B_WIDTH=43:A_WIDTH=33:B_SIGNED=0:A_SIGNED=0:394426c56d1a028ba8fdd5469b163e04011def47.
Running "alumacc" on wrapper $extern:wrap:$ge:Y_WIDTH=1:B_WIDTH=43:A_WIDTH=33:B_SIGNED=0:A_SIGNED=0:394426c56d1a028ba8fdd5469b163e04011def47.
Using template $extern:wrap:$ge:Y_WIDTH=1:B_WIDTH=43:A_WIDTH=33:B_SIGNED=0:A_SIGNED=0:394426c56d1a028ba8fdd5469b163e04011def47 for cells of type $extern:wrap:$ge:Y_WIDTH=1:B_WIDTH=43:A_WIDTH=33:B_SIGNED=0:A_SIGNED=0:394426c56d1a028ba8fdd5469b163e04011def47.
Running "alumacc" on wrapper $extern:wrap:$sub:Y_WIDTH=44:B_WIDTH=44:A_WIDTH=33:B_SIGNED=0:A_SIGNED=0:394426c56d1a028ba8fdd5469b163e04011def47.
Using template $extern:wrap:$sub:Y_WIDTH=44:B_WIDTH=44:A_WIDTH=33:B_SIGNED=0:A_SIGNED=0:394426c56d1a028ba8fdd5469b163e04011def47 for cells of type $extern:wrap:$sub:Y_WIDTH=44:B_WIDTH=44:A_WIDTH=33:B_SIGNED=0:A_SIGNED=0:394426c56d1a028ba8fdd5469b163e04011def47.
Running "alumacc" on wrapper $extern:wrap:$ge:Y_WIDTH=1:B_WIDTH=44:A_WIDTH=33:B_SIGNED=0:A_SIGNED=0:394426c56d1a028ba8fdd5469b163e04011def47.
Using template $extern:wrap:$ge:Y_WIDTH=1:B_WIDTH=44:A_WIDTH=33:B_SIGNED=0:A_SIGNED=0:394426c56d1a028ba8fdd5469b163e04011def47 for cells of type $extern:wrap:$ge:Y_WIDTH=1:B_WIDTH=44:A_WIDTH=33:B_SIGNED=0:A_SIGNED=0:394426c56d1a028ba8fdd5469b163e04011def47.
Running "alumacc" on wrapper $extern:wrap:$sub:Y_WIDTH=45:B_WIDTH=45:A_WIDTH=33:B_SIGNED=0:A_SIGNED=0:394426c56d1a028ba8fdd5469b163e04011def47.
Using template $extern:wrap:$sub:Y_WIDTH=45:B_WIDTH=45:A_WIDTH=33:B_SIGNED=0:A_SIGNED=0:394426c56d1a028ba8fdd5469b163e04011def47 for cells of type $extern:wrap:$sub:Y_WIDTH=45:B_WIDTH=45:A_WIDTH=33:B_SIGNED=0:A_SIGNED=0:394426c56d1a028ba8fdd5469b163e04011def47.
Running "alumacc" on wrapper $extern:wrap:$ge:Y_WIDTH=1:B_WIDTH=45:A_WIDTH=33:B_SIGNED=0:A_SIGNED=0:394426c56d1a028ba8fdd5469b163e04011def47.
Using template $extern:wrap:$ge:Y_WIDTH=1:B_WIDTH=45:A_WIDTH=33:B_SIGNED=0:A_SIGNED=0:394426c56d1a028ba8fdd5469b163e04011def47 for cells of type $extern:wrap:$ge:Y_WIDTH=1:B_WIDTH=45:A_WIDTH=33:B_SIGNED=0:A_SIGNED=0:394426c56d1a028ba8fdd5469b163e04011def47.
Running "alumacc" on wrapper $extern:wrap:$sub:Y_WIDTH=46:B_WIDTH=46:A_WIDTH=33:B_SIGNED=0:A_SIGNED=0:394426c56d1a028ba8fdd5469b163e04011def47.
Using template $extern:wrap:$sub:Y_WIDTH=46:B_WIDTH=46:A_WIDTH=33:B_SIGNED=0:A_SIGNED=0:394426c56d1a028ba8fdd5469b163e04011def47 for cells of type $extern:wrap:$sub:Y_WIDTH=46:B_WIDTH=46:A_WIDTH=33:B_SIGNED=0:A_SIGNED=0:394426c56d1a028ba8fdd5469b163e04011def47.
Running "alumacc" on wrapper $extern:wrap:$ge:Y_WIDTH=1:B_WIDTH=46:A_WIDTH=33:B_SIGNED=0:A_SIGNED=0:394426c56d1a028ba8fdd5469b163e04011def47.
Using template $extern:wrap:$ge:Y_WIDTH=1:B_WIDTH=46:A_WIDTH=33:B_SIGNED=0:A_SIGNED=0:394426c56d1a028ba8fdd5469b163e04011def47 for cells of type $extern:wrap:$ge:Y_WIDTH=1:B_WIDTH=46:A_WIDTH=33:B_SIGNED=0:A_SIGNED=0:394426c56d1a028ba8fdd5469b163e04011def47.
Running "alumacc" on wrapper $extern:wrap:$sub:Y_WIDTH=47:B_WIDTH=47:A_WIDTH=33:B_SIGNED=0:A_SIGNED=0:394426c56d1a028ba8fdd5469b163e04011def47.
Using template $extern:wrap:$sub:Y_WIDTH=47:B_WIDTH=47:A_WIDTH=33:B_SIGNED=0:A_SIGNED=0:394426c56d1a028ba8fdd5469b163e04011def47 for cells of type $extern:wrap:$sub:Y_WIDTH=47:B_WIDTH=47:A_WIDTH=33:B_SIGNED=0:A_SIGNED=0:394426c56d1a028ba8fdd5469b163e04011def47.
Running "alumacc" on wrapper $extern:wrap:$ge:Y_WIDTH=1:B_WIDTH=47:A_WIDTH=33:B_SIGNED=0:A_SIGNED=0:394426c56d1a028ba8fdd5469b163e04011def47.
Using template $extern:wrap:$ge:Y_WIDTH=1:B_WIDTH=47:A_WIDTH=33:B_SIGNED=0:A_SIGNED=0:394426c56d1a028ba8fdd5469b163e04011def47 for cells of type $extern:wrap:$ge:Y_WIDTH=1:B_WIDTH=47:A_WIDTH=33:B_SIGNED=0:A_SIGNED=0:394426c56d1a028ba8fdd5469b163e04011def47.
Running "alumacc" on wrapper $extern:wrap:$sub:Y_WIDTH=48:B_WIDTH=48:A_WIDTH=33:B_SIGNED=0:A_SIGNED=0:394426c56d1a028ba8fdd5469b163e04011def47.
Using template $extern:wrap:$sub:Y_WIDTH=48:B_WIDTH=48:A_WIDTH=33:B_SIGNED=0:A_SIGNED=0:394426c56d1a028ba8fdd5469b163e04011def47 for cells of type $extern:wrap:$sub:Y_WIDTH=48:B_WIDTH=48:A_WIDTH=33:B_SIGNED=0:A_SIGNED=0:394426c56d1a028ba8fdd5469b163e04011def47.
Running "alumacc" on wrapper $extern:wrap:$ge:Y_WIDTH=1:B_WIDTH=48:A_WIDTH=33:B_SIGNED=0:A_SIGNED=0:394426c56d1a028ba8fdd5469b163e04011def47.
Using template $extern:wrap:$ge:Y_WIDTH=1:B_WIDTH=48:A_WIDTH=33:B_SIGNED=0:A_SIGNED=0:394426c56d1a028ba8fdd5469b163e04011def47 for cells of type $extern:wrap:$ge:Y_WIDTH=1:B_WIDTH=48:A_WIDTH=33:B_SIGNED=0:A_SIGNED=0:394426c56d1a028ba8fdd5469b163e04011def47.
Running "alumacc" on wrapper $extern:wrap:$sub:Y_WIDTH=49:B_WIDTH=49:A_WIDTH=33:B_SIGNED=0:A_SIGNED=0:394426c56d1a028ba8fdd5469b163e04011def47.
Using template $extern:wrap:$sub:Y_WIDTH=49:B_WIDTH=49:A_WIDTH=33:B_SIGNED=0:A_SIGNED=0:394426c56d1a028ba8fdd5469b163e04011def47 for cells of type $extern:wrap:$sub:Y_WIDTH=49:B_WIDTH=49:A_WIDTH=33:B_SIGNED=0:A_SIGNED=0:394426c56d1a028ba8fdd5469b163e04011def47.
Running "alumacc" on wrapper $extern:wrap:$ge:Y_WIDTH=1:B_WIDTH=49:A_WIDTH=33:B_SIGNED=0:A_SIGNED=0:394426c56d1a028ba8fdd5469b163e04011def47.
Using template $extern:wrap:$ge:Y_WIDTH=1:B_WIDTH=49:A_WIDTH=33:B_SIGNED=0:A_SIGNED=0:394426c56d1a028ba8fdd5469b163e04011def47 for cells of type $extern:wrap:$ge:Y_WIDTH=1:B_WIDTH=49:A_WIDTH=33:B_SIGNED=0:A_SIGNED=0:394426c56d1a028ba8fdd5469b163e04011def47.
Running "alumacc" on wrapper $extern:wrap:$sub:Y_WIDTH=50:B_WIDTH=50:A_WIDTH=33:B_SIGNED=0:A_SIGNED=0:394426c56d1a028ba8fdd5469b163e04011def47.
Using template $extern:wrap:$sub:Y_WIDTH=50:B_WIDTH=50:A_WIDTH=33:B_SIGNED=0:A_SIGNED=0:394426c56d1a028ba8fdd5469b163e04011def47 for cells of type $extern:wrap:$sub:Y_WIDTH=50:B_WIDTH=50:A_WIDTH=33:B_SIGNED=0:A_SIGNED=0:394426c56d1a028ba8fdd5469b163e04011def47.
Running "alumacc" on wrapper $extern:wrap:$ge:Y_WIDTH=1:B_WIDTH=50:A_WIDTH=33:B_SIGNED=0:A_SIGNED=0:394426c56d1a028ba8fdd5469b163e04011def47.
Using template $extern:wrap:$ge:Y_WIDTH=1:B_WIDTH=50:A_WIDTH=33:B_SIGNED=0:A_SIGNED=0:394426c56d1a028ba8fdd5469b163e04011def47 for cells of type $extern:wrap:$ge:Y_WIDTH=1:B_WIDTH=50:A_WIDTH=33:B_SIGNED=0:A_SIGNED=0:394426c56d1a028ba8fdd5469b163e04011def47.
Running "alumacc" on wrapper $extern:wrap:$sub:Y_WIDTH=51:B_WIDTH=51:A_WIDTH=33:B_SIGNED=0:A_SIGNED=0:394426c56d1a028ba8fdd5469b163e04011def47.
Using template $extern:wrap:$sub:Y_WIDTH=51:B_WIDTH=51:A_WIDTH=33:B_SIGNED=0:A_SIGNED=0:394426c56d1a028ba8fdd5469b163e04011def47 for cells of type $extern:wrap:$sub:Y_WIDTH=51:B_WIDTH=51:A_WIDTH=33:B_SIGNED=0:A_SIGNED=0:394426c56d1a028ba8fdd5469b163e04011def47.
Running "alumacc" on wrapper $extern:wrap:$ge:Y_WIDTH=1:B_WIDTH=51:A_WIDTH=33:B_SIGNED=0:A_SIGNED=0:394426c56d1a028ba8fdd5469b163e04011def47.
Using template $extern:wrap:$ge:Y_WIDTH=1:B_WIDTH=51:A_WIDTH=33:B_SIGNED=0:A_SIGNED=0:394426c56d1a028ba8fdd5469b163e04011def47 for cells of type $extern:wrap:$ge:Y_WIDTH=1:B_WIDTH=51:A_WIDTH=33:B_SIGNED=0:A_SIGNED=0:394426c56d1a028ba8fdd5469b163e04011def47.
Running "alumacc" on wrapper $extern:wrap:$sub:Y_WIDTH=52:B_WIDTH=52:A_WIDTH=33:B_SIGNED=0:A_SIGNED=0:394426c56d1a028ba8fdd5469b163e04011def47.
Using template $extern:wrap:$sub:Y_WIDTH=52:B_WIDTH=52:A_WIDTH=33:B_SIGNED=0:A_SIGNED=0:394426c56d1a028ba8fdd5469b163e04011def47 for cells of type $extern:wrap:$sub:Y_WIDTH=52:B_WIDTH=52:A_WIDTH=33:B_SIGNED=0:A_SIGNED=0:394426c56d1a028ba8fdd5469b163e04011def47.
Running "alumacc" on wrapper $extern:wrap:$ge:Y_WIDTH=1:B_WIDTH=52:A_WIDTH=33:B_SIGNED=0:A_SIGNED=0:394426c56d1a028ba8fdd5469b163e04011def47.
Using template $extern:wrap:$ge:Y_WIDTH=1:B_WIDTH=52:A_WIDTH=33:B_SIGNED=0:A_SIGNED=0:394426c56d1a028ba8fdd5469b163e04011def47 for cells of type $extern:wrap:$ge:Y_WIDTH=1:B_WIDTH=52:A_WIDTH=33:B_SIGNED=0:A_SIGNED=0:394426c56d1a028ba8fdd5469b163e04011def47.
Running "alumacc" on wrapper $extern:wrap:$sub:Y_WIDTH=53:B_WIDTH=53:A_WIDTH=33:B_SIGNED=0:A_SIGNED=0:394426c56d1a028ba8fdd5469b163e04011def47.
Using template $extern:wrap:$sub:Y_WIDTH=53:B_WIDTH=53:A_WIDTH=33:B_SIGNED=0:A_SIGNED=0:394426c56d1a028ba8fdd5469b163e04011def47 for cells of type $extern:wrap:$sub:Y_WIDTH=53:B_WIDTH=53:A_WIDTH=33:B_SIGNED=0:A_SIGNED=0:394426c56d1a028ba8fdd5469b163e04011def47.
Running "alumacc" on wrapper $extern:wrap:$ge:Y_WIDTH=1:B_WIDTH=53:A_WIDTH=33:B_SIGNED=0:A_SIGNED=0:394426c56d1a028ba8fdd5469b163e04011def47.
Using template $extern:wrap:$ge:Y_WIDTH=1:B_WIDTH=53:A_WIDTH=33:B_SIGNED=0:A_SIGNED=0:394426c56d1a028ba8fdd5469b163e04011def47 for cells of type $extern:wrap:$ge:Y_WIDTH=1:B_WIDTH=53:A_WIDTH=33:B_SIGNED=0:A_SIGNED=0:394426c56d1a028ba8fdd5469b163e04011def47.
Running "alumacc" on wrapper $extern:wrap:$sub:Y_WIDTH=54:B_WIDTH=54:A_WIDTH=33:B_SIGNED=0:A_SIGNED=0:394426c56d1a028ba8fdd5469b163e04011def47.
Using template $extern:wrap:$sub:Y_WIDTH=54:B_WIDTH=54:A_WIDTH=33:B_SIGNED=0:A_SIGNED=0:394426c56d1a028ba8fdd5469b163e04011def47 for cells of type $extern:wrap:$sub:Y_WIDTH=54:B_WIDTH=54:A_WIDTH=33:B_SIGNED=0:A_SIGNED=0:394426c56d1a028ba8fdd5469b163e04011def47.
Running "alumacc" on wrapper $extern:wrap:$ge:Y_WIDTH=1:B_WIDTH=54:A_WIDTH=33:B_SIGNED=0:A_SIGNED=0:394426c56d1a028ba8fdd5469b163e04011def47.
Using template $extern:wrap:$ge:Y_WIDTH=1:B_WIDTH=54:A_WIDTH=33:B_SIGNED=0:A_SIGNED=0:394426c56d1a028ba8fdd5469b163e04011def47 for cells of type $extern:wrap:$ge:Y_WIDTH=1:B_WIDTH=54:A_WIDTH=33:B_SIGNED=0:A_SIGNED=0:394426c56d1a028ba8fdd5469b163e04011def47.
Running "alumacc" on wrapper $extern:wrap:$sub:Y_WIDTH=55:B_WIDTH=55:A_WIDTH=33:B_SIGNED=0:A_SIGNED=0:394426c56d1a028ba8fdd5469b163e04011def47.
Using template $extern:wrap:$sub:Y_WIDTH=55:B_WIDTH=55:A_WIDTH=33:B_SIGNED=0:A_SIGNED=0:394426c56d1a028ba8fdd5469b163e04011def47 for cells of type $extern:wrap:$sub:Y_WIDTH=55:B_WIDTH=55:A_WIDTH=33:B_SIGNED=0:A_SIGNED=0:394426c56d1a028ba8fdd5469b163e04011def47.
Running "alumacc" on wrapper $extern:wrap:$ge:Y_WIDTH=1:B_WIDTH=55:A_WIDTH=33:B_SIGNED=0:A_SIGNED=0:394426c56d1a028ba8fdd5469b163e04011def47.
Using template $extern:wrap:$ge:Y_WIDTH=1:B_WIDTH=55:A_WIDTH=33:B_SIGNED=0:A_SIGNED=0:394426c56d1a028ba8fdd5469b163e04011def47 for cells of type $extern:wrap:$ge:Y_WIDTH=1:B_WIDTH=55:A_WIDTH=33:B_SIGNED=0:A_SIGNED=0:394426c56d1a028ba8fdd5469b163e04011def47.
Running "alumacc" on wrapper $extern:wrap:$sub:Y_WIDTH=56:B_WIDTH=56:A_WIDTH=33:B_SIGNED=0:A_SIGNED=0:394426c56d1a028ba8fdd5469b163e04011def47.
Using template $extern:wrap:$sub:Y_WIDTH=56:B_WIDTH=56:A_WIDTH=33:B_SIGNED=0:A_SIGNED=0:394426c56d1a028ba8fdd5469b163e04011def47 for cells of type $extern:wrap:$sub:Y_WIDTH=56:B_WIDTH=56:A_WIDTH=33:B_SIGNED=0:A_SIGNED=0:394426c56d1a028ba8fdd5469b163e04011def47.
Running "alumacc" on wrapper $extern:wrap:$ge:Y_WIDTH=1:B_WIDTH=56:A_WIDTH=33:B_SIGNED=0:A_SIGNED=0:394426c56d1a028ba8fdd5469b163e04011def47.
Using template $extern:wrap:$ge:Y_WIDTH=1:B_WIDTH=56:A_WIDTH=33:B_SIGNED=0:A_SIGNED=0:394426c56d1a028ba8fdd5469b163e04011def47 for cells of type $extern:wrap:$ge:Y_WIDTH=1:B_WIDTH=56:A_WIDTH=33:B_SIGNED=0:A_SIGNED=0:394426c56d1a028ba8fdd5469b163e04011def47.
Running "alumacc" on wrapper $extern:wrap:$sub:Y_WIDTH=57:B_WIDTH=57:A_WIDTH=33:B_SIGNED=0:A_SIGNED=0:394426c56d1a028ba8fdd5469b163e04011def47.
Using template $extern:wrap:$sub:Y_WIDTH=57:B_WIDTH=57:A_WIDTH=33:B_SIGNED=0:A_SIGNED=0:394426c56d1a028ba8fdd5469b163e04011def47 for cells of type $extern:wrap:$sub:Y_WIDTH=57:B_WIDTH=57:A_WIDTH=33:B_SIGNED=0:A_SIGNED=0:394426c56d1a028ba8fdd5469b163e04011def47.
Running "alumacc" on wrapper $extern:wrap:$ge:Y_WIDTH=1:B_WIDTH=57:A_WIDTH=33:B_SIGNED=0:A_SIGNED=0:394426c56d1a028ba8fdd5469b163e04011def47.
Using template $extern:wrap:$ge:Y_WIDTH=1:B_WIDTH=57:A_WIDTH=33:B_SIGNED=0:A_SIGNED=0:394426c56d1a028ba8fdd5469b163e04011def47 for cells of type $extern:wrap:$ge:Y_WIDTH=1:B_WIDTH=57:A_WIDTH=33:B_SIGNED=0:A_SIGNED=0:394426c56d1a028ba8fdd5469b163e04011def47.
Running "alumacc" on wrapper $extern:wrap:$sub:Y_WIDTH=58:B_WIDTH=58:A_WIDTH=33:B_SIGNED=0:A_SIGNED=0:394426c56d1a028ba8fdd5469b163e04011def47.
Using template $extern:wrap:$sub:Y_WIDTH=58:B_WIDTH=58:A_WIDTH=33:B_SIGNED=0:A_SIGNED=0:394426c56d1a028ba8fdd5469b163e04011def47 for cells of type $extern:wrap:$sub:Y_WIDTH=58:B_WIDTH=58:A_WIDTH=33:B_SIGNED=0:A_SIGNED=0:394426c56d1a028ba8fdd5469b163e04011def47.
Running "alumacc" on wrapper $extern:wrap:$ge:Y_WIDTH=1:B_WIDTH=58:A_WIDTH=33:B_SIGNED=0:A_SIGNED=0:394426c56d1a028ba8fdd5469b163e04011def47.
Using template $extern:wrap:$ge:Y_WIDTH=1:B_WIDTH=58:A_WIDTH=33:B_SIGNED=0:A_SIGNED=0:394426c56d1a028ba8fdd5469b163e04011def47 for cells of type $extern:wrap:$ge:Y_WIDTH=1:B_WIDTH=58:A_WIDTH=33:B_SIGNED=0:A_SIGNED=0:394426c56d1a028ba8fdd5469b163e04011def47.
Running "alumacc" on wrapper $extern:wrap:$sub:Y_WIDTH=59:B_WIDTH=59:A_WIDTH=33:B_SIGNED=0:A_SIGNED=0:394426c56d1a028ba8fdd5469b163e04011def47.
Using template $extern:wrap:$sub:Y_WIDTH=59:B_WIDTH=59:A_WIDTH=33:B_SIGNED=0:A_SIGNED=0:394426c56d1a028ba8fdd5469b163e04011def47 for cells of type $extern:wrap:$sub:Y_WIDTH=59:B_WIDTH=59:A_WIDTH=33:B_SIGNED=0:A_SIGNED=0:394426c56d1a028ba8fdd5469b163e04011def47.
Running "alumacc" on wrapper $extern:wrap:$ge:Y_WIDTH=1:B_WIDTH=59:A_WIDTH=33:B_SIGNED=0:A_SIGNED=0:394426c56d1a028ba8fdd5469b163e04011def47.
Using template $extern:wrap:$ge:Y_WIDTH=1:B_WIDTH=59:A_WIDTH=33:B_SIGNED=0:A_SIGNED=0:394426c56d1a028ba8fdd5469b163e04011def47 for cells of type $extern:wrap:$ge:Y_WIDTH=1:B_WIDTH=59:A_WIDTH=33:B_SIGNED=0:A_SIGNED=0:394426c56d1a028ba8fdd5469b163e04011def47.
Running "alumacc" on wrapper $extern:wrap:$sub:Y_WIDTH=60:B_WIDTH=60:A_WIDTH=33:B_SIGNED=0:A_SIGNED=0:394426c56d1a028ba8fdd5469b163e04011def47.
Using template $extern:wrap:$sub:Y_WIDTH=60:B_WIDTH=60:A_WIDTH=33:B_SIGNED=0:A_SIGNED=0:394426c56d1a028ba8fdd5469b163e04011def47 for cells of type $extern:wrap:$sub:Y_WIDTH=60:B_WIDTH=60:A_WIDTH=33:B_SIGNED=0:A_SIGNED=0:394426c56d1a028ba8fdd5469b163e04011def47.
Running "alumacc" on wrapper $extern:wrap:$ge:Y_WIDTH=1:B_WIDTH=60:A_WIDTH=33:B_SIGNED=0:A_SIGNED=0:394426c56d1a028ba8fdd5469b163e04011def47.
Using template $extern:wrap:$ge:Y_WIDTH=1:B_WIDTH=60:A_WIDTH=33:B_SIGNED=0:A_SIGNED=0:394426c56d1a028ba8fdd5469b163e04011def47 for cells of type $extern:wrap:$ge:Y_WIDTH=1:B_WIDTH=60:A_WIDTH=33:B_SIGNED=0:A_SIGNED=0:394426c56d1a028ba8fdd5469b163e04011def47.
Running "alumacc" on wrapper $extern:wrap:$sub:Y_WIDTH=61:B_WIDTH=61:A_WIDTH=33:B_SIGNED=0:A_SIGNED=0:394426c56d1a028ba8fdd5469b163e04011def47.
Using template $extern:wrap:$sub:Y_WIDTH=61:B_WIDTH=61:A_WIDTH=33:B_SIGNED=0:A_SIGNED=0:394426c56d1a028ba8fdd5469b163e04011def47 for cells of type $extern:wrap:$sub:Y_WIDTH=61:B_WIDTH=61:A_WIDTH=33:B_SIGNED=0:A_SIGNED=0:394426c56d1a028ba8fdd5469b163e04011def47.
Running "alumacc" on wrapper $extern:wrap:$ge:Y_WIDTH=1:B_WIDTH=61:A_WIDTH=33:B_SIGNED=0:A_SIGNED=0:394426c56d1a028ba8fdd5469b163e04011def47.
Using template $extern:wrap:$ge:Y_WIDTH=1:B_WIDTH=61:A_WIDTH=33:B_SIGNED=0:A_SIGNED=0:394426c56d1a028ba8fdd5469b163e04011def47 for cells of type $extern:wrap:$ge:Y_WIDTH=1:B_WIDTH=61:A_WIDTH=33:B_SIGNED=0:A_SIGNED=0:394426c56d1a028ba8fdd5469b163e04011def47.
Running "alumacc" on wrapper $extern:wrap:$sub:Y_WIDTH=62:B_WIDTH=62:A_WIDTH=33:B_SIGNED=0:A_SIGNED=0:394426c56d1a028ba8fdd5469b163e04011def47.
Using template $extern:wrap:$sub:Y_WIDTH=62:B_WIDTH=62:A_WIDTH=33:B_SIGNED=0:A_SIGNED=0:394426c56d1a028ba8fdd5469b163e04011def47 for cells of type $extern:wrap:$sub:Y_WIDTH=62:B_WIDTH=62:A_WIDTH=33:B_SIGNED=0:A_SIGNED=0:394426c56d1a028ba8fdd5469b163e04011def47.
Running "alumacc" on wrapper $extern:wrap:$ge:Y_WIDTH=1:B_WIDTH=62:A_WIDTH=33:B_SIGNED=0:A_SIGNED=0:394426c56d1a028ba8fdd5469b163e04011def47.
Using template $extern:wrap:$ge:Y_WIDTH=1:B_WIDTH=62:A_WIDTH=33:B_SIGNED=0:A_SIGNED=0:394426c56d1a028ba8fdd5469b163e04011def47 for cells of type $extern:wrap:$ge:Y_WIDTH=1:B_WIDTH=62:A_WIDTH=33:B_SIGNED=0:A_SIGNED=0:394426c56d1a028ba8fdd5469b163e04011def47.
Running "alumacc" on wrapper $extern:wrap:$sub:Y_WIDTH=63:B_WIDTH=63:A_WIDTH=33:B_SIGNED=0:A_SIGNED=0:394426c56d1a028ba8fdd5469b163e04011def47.
Using template $extern:wrap:$sub:Y_WIDTH=63:B_WIDTH=63:A_WIDTH=33:B_SIGNED=0:A_SIGNED=0:394426c56d1a028ba8fdd5469b163e04011def47 for cells of type $extern:wrap:$sub:Y_WIDTH=63:B_WIDTH=63:A_WIDTH=33:B_SIGNED=0:A_SIGNED=0:394426c56d1a028ba8fdd5469b163e04011def47.
Running "alumacc" on wrapper $extern:wrap:$ge:Y_WIDTH=1:B_WIDTH=63:A_WIDTH=33:B_SIGNED=0:A_SIGNED=0:394426c56d1a028ba8fdd5469b163e04011def47.
Using template $extern:wrap:$ge:Y_WIDTH=1:B_WIDTH=63:A_WIDTH=33:B_SIGNED=0:A_SIGNED=0:394426c56d1a028ba8fdd5469b163e04011def47 for cells of type $extern:wrap:$ge:Y_WIDTH=1:B_WIDTH=63:A_WIDTH=33:B_SIGNED=0:A_SIGNED=0:394426c56d1a028ba8fdd5469b163e04011def47.
Running "alumacc" on wrapper $extern:wrap:$sub:Y_WIDTH=64:B_WIDTH=64:A_WIDTH=33:B_SIGNED=0:A_SIGNED=0:394426c56d1a028ba8fdd5469b163e04011def47.
Using template $extern:wrap:$sub:Y_WIDTH=64:B_WIDTH=64:A_WIDTH=33:B_SIGNED=0:A_SIGNED=0:394426c56d1a028ba8fdd5469b163e04011def47 for cells of type $extern:wrap:$sub:Y_WIDTH=64:B_WIDTH=64:A_WIDTH=33:B_SIGNED=0:A_SIGNED=0:394426c56d1a028ba8fdd5469b163e04011def47.
Running "alumacc" on wrapper $extern:wrap:$ge:Y_WIDTH=1:B_WIDTH=64:A_WIDTH=33:B_SIGNED=0:A_SIGNED=0:394426c56d1a028ba8fdd5469b163e04011def47.
Using template $extern:wrap:$ge:Y_WIDTH=1:B_WIDTH=64:A_WIDTH=33:B_SIGNED=0:A_SIGNED=0:394426c56d1a028ba8fdd5469b163e04011def47 for cells of type $extern:wrap:$ge:Y_WIDTH=1:B_WIDTH=64:A_WIDTH=33:B_SIGNED=0:A_SIGNED=0:394426c56d1a028ba8fdd5469b163e04011def47.
Running "alumacc" on wrapper $extern:wrap:$sub:Y_WIDTH=65:B_WIDTH=65:A_WIDTH=33:B_SIGNED=0:A_SIGNED=0:394426c56d1a028ba8fdd5469b163e04011def47.
Using template $extern:wrap:$sub:Y_WIDTH=65:B_WIDTH=65:A_WIDTH=33:B_SIGNED=0:A_SIGNED=0:394426c56d1a028ba8fdd5469b163e04011def47 for cells of type $extern:wrap:$sub:Y_WIDTH=65:B_WIDTH=65:A_WIDTH=33:B_SIGNED=0:A_SIGNED=0:394426c56d1a028ba8fdd5469b163e04011def47.
Running "alumacc" on wrapper $extern:wrap:$ge:Y_WIDTH=1:B_WIDTH=65:A_WIDTH=33:B_SIGNED=0:A_SIGNED=0:394426c56d1a028ba8fdd5469b163e04011def47.
Using template $extern:wrap:$ge:Y_WIDTH=1:B_WIDTH=65:A_WIDTH=33:B_SIGNED=0:A_SIGNED=0:394426c56d1a028ba8fdd5469b163e04011def47 for cells of type $extern:wrap:$ge:Y_WIDTH=1:B_WIDTH=65:A_WIDTH=33:B_SIGNED=0:A_SIGNED=0:394426c56d1a028ba8fdd5469b163e04011def47.
Using template $paramod\_90_fa\WIDTH=32'00000000000000000000000000100001 for cells of type $fa.
Using template $paramod\_90_lcu_brent_kung\WIDTH=32'00000000000000000000000000100001 for cells of type $lcu.
Using template $paramod$cc6a978c1b57cdb49efcec348c88d8e28bf1a01f\_90_alu for cells of type $alu.
Using template $paramod$66f4d26ff378933eb12ea14eb9e3e72193112f68\_90_alu for cells of type $alu.
Using template $paramod$f14f58a9dc953225774ed36f8cd52bde0fedcb71\_90_alu for cells of type $alu.
Using template $paramod$a7260b544fbad3ecb8c199adb8411a5a130453c9\_90_alu for cells of type $alu.
Using template $paramod$a9242bca79862a7659b9b983a18f5ac6ea6a7433\_90_alu for cells of type $alu.
Using template $paramod$fe592371df89fd56a552cad9e4e228d0e2157a09\_90_alu for cells of type $alu.
Using template $paramod$6bc296dde5719e833698f3cf04d06295044d1e25\_90_alu for cells of type $alu.
Using template $paramod$9ad7a6267efe506852f4afa25e263d668768b291\_90_alu for cells of type $alu.
Using template $paramod$c546b4f2cb8040b2bb6ac111535cc8fd1100fe5a\_90_alu for cells of type $alu.
Using template $paramod$d2608cab65eadf578ed22c11852183c64a4794d6\_90_alu for cells of type $alu.
Using template $paramod$f5362d272f1bdde39b3761b64f1782fd6080f7eb\_90_alu for cells of type $alu.
Using template $paramod$0cabc5f867fea2e697a62451b7be046b1b62b59d\_90_alu for cells of type $alu.
Using template $paramod$032e6a5109297833d4cbed055812dc8a30e993b4\_90_alu for cells of type $alu.
Using template $paramod$30af2f8124d6b4afcd34f31ff530ec03e76ca9b4\_90_alu for cells of type $alu.
Using template $paramod$cc1407be07f8e1e54886ef620e63d047d1ca1813\_90_alu for cells of type $alu.
Using template $paramod$1729bc839225b826a817c02c1748f1a83567dbfe\_90_alu for cells of type $alu.
Using template $paramod$62de0aa059b1237474e30af7988eea99ed833be6\_90_alu for cells of type $alu.
Using template $paramod$e2b0dd7971fc8bfe1bf8e180c1f03e586c072686\_90_alu for cells of type $alu.
Using template $paramod$a9e266bc30aaed0abbd1dc643d6fe98d896f5104\_90_alu for cells of type $alu.
Using template $paramod$d595eeb1c73672ceafa0c1b1297b1f11a6064d44\_90_alu for cells of type $alu.
Using template $paramod$0db8778394e549de91682b0c3ec02f41b29e1dfe\_90_alu for cells of type $alu.
Using template $paramod$7cd90b2bbeb7ca8ae47b510eab3671e7de2ab6cd\_90_alu for cells of type $alu.
Using template $paramod$9d411443c1236ab4b0071355b46ac4a6f240a2cc\_90_alu for cells of type $alu.
Using template $paramod$dde1a3927437b0fc5f67d439beed18b4c6ecb0e6\_90_alu for cells of type $alu.
Using template $paramod$215bc039315b6c0d0dd6586da4e831ca7aefc20c\_90_alu for cells of type $alu.
Using template $paramod$8b5556ad5869da5c406bb321a81ab650246de821\_90_alu for cells of type $alu.
Using template $paramod$e66c230f1a34e5a2571158194ceecbf1989fdb36\_90_alu for cells of type $alu.
Using template $paramod$f71a32ff0c95c06748789a26d2b166eec5ae6b5a\_90_alu for cells of type $alu.
Using template $paramod$b1e65b06490a8cd5996f72ad10f3a59245ed9ba1\_90_alu for cells of type $alu.
Using template $paramod$16b6ac4765d4deaa60b5e8a3f49cb01ff2b4f634\_90_alu for cells of type $alu.
Using template $paramod$497fbd9bd08802bd5c1fef72c6e0a4730710d9ea\_90_alu for cells of type $alu.
Using template $paramod$afce5005fe1872b96c3b25fa8deba299c4d92d75\_90_alu for cells of type $alu.
Using template $paramod$c1a24180bc1daf1fb95d17515c9f4a0f6ae78486\_90_alu for cells of type $alu.
Using template $paramod\_90_fa\WIDTH=32'00000000000000000000000000100010 for cells of type $fa.
Using template $paramod\_90_lcu_brent_kung\WIDTH=32'00000000000000000000000000100010 for cells of type $lcu.
Using template $paramod\_90_fa\WIDTH=32'00000000000000000000000000100011 for cells of type $fa.
Using template $paramod\_90_lcu_brent_kung\WIDTH=32'00000000000000000000000000100011 for cells of type $lcu.
Using template $paramod\_90_fa\WIDTH=32'00000000000000000000000000100100 for cells of type $fa.
Using template $paramod\_90_lcu_brent_kung\WIDTH=32'00000000000000000000000000100100 for cells of type $lcu.
Using template $paramod\_90_fa\WIDTH=32'00000000000000000000000000100101 for cells of type $fa.
Using template $paramod\_90_lcu_brent_kung\WIDTH=32'00000000000000000000000000100101 for cells of type $lcu.
Using template $paramod\_90_fa\WIDTH=32'00000000000000000000000000100110 for cells of type $fa.
Using template $paramod\_90_lcu_brent_kung\WIDTH=32'00000000000000000000000000100110 for cells of type $lcu.
Using template $paramod\_90_fa\WIDTH=32'00000000000000000000000000100111 for cells of type $fa.
Using template $paramod\_90_lcu_brent_kung\WIDTH=32'00000000000000000000000000100111 for cells of type $lcu.
Using template $paramod\_90_fa\WIDTH=32'00000000000000000000000000101000 for cells of type $fa.
Using template $paramod\_90_lcu_brent_kung\WIDTH=32'00000000000000000000000000101000 for cells of type $lcu.
Using template $paramod\_90_fa\WIDTH=32'00000000000000000000000000101001 for cells of type $fa.
Using template $paramod\_90_lcu_brent_kung\WIDTH=32'00000000000000000000000000101001 for cells of type $lcu.
Using template $paramod\_90_fa\WIDTH=32'00000000000000000000000000101010 for cells of type $fa.
Using template $paramod\_90_lcu_brent_kung\WIDTH=32'00000000000000000000000000101010 for cells of type $lcu.
Using template $paramod\_90_fa\WIDTH=32'00000000000000000000000000101011 for cells of type $fa.
Using template $paramod\_90_lcu_brent_kung\WIDTH=32'00000000000000000000000000101011 for cells of type $lcu.
Using template $paramod\_90_fa\WIDTH=32'00000000000000000000000000101100 for cells of type $fa.
Using template $paramod\_90_lcu_brent_kung\WIDTH=32'00000000000000000000000000101100 for cells of type $lcu.
Using template $paramod\_90_fa\WIDTH=32'00000000000000000000000000101101 for cells of type $fa.
Using template $paramod\_90_lcu_brent_kung\WIDTH=32'00000000000000000000000000101101 for cells of type $lcu.
Using template $paramod\_90_fa\WIDTH=32'00000000000000000000000000101110 for cells of type $fa.
Using template $paramod\_90_lcu_brent_kung\WIDTH=32'00000000000000000000000000101110 for cells of type $lcu.
Using template $paramod\_90_fa\WIDTH=32'00000000000000000000000000101111 for cells of type $fa.
Using template $paramod\_90_lcu_brent_kung\WIDTH=32'00000000000000000000000000101111 for cells of type $lcu.
Using template $paramod\_90_fa\WIDTH=32'00000000000000000000000000110000 for cells of type $fa.
Using template $paramod\_90_lcu_brent_kung\WIDTH=32'00000000000000000000000000110000 for cells of type $lcu.
Using template $paramod\_90_fa\WIDTH=32'00000000000000000000000000110001 for cells of type $fa.
Using template $paramod\_90_lcu_brent_kung\WIDTH=32'00000000000000000000000000110001 for cells of type $lcu.
Using template $paramod\_90_fa\WIDTH=32'00000000000000000000000000110010 for cells of type $fa.
Using template $paramod\_90_lcu_brent_kung\WIDTH=32'00000000000000000000000000110010 for cells of type $lcu.
Using template $paramod\_90_fa\WIDTH=32'00000000000000000000000000110011 for cells of type $fa.
Using template $paramod\_90_lcu_brent_kung\WIDTH=32'00000000000000000000000000110011 for cells of type $lcu.
Using template $paramod\_90_fa\WIDTH=32'00000000000000000000000000110100 for cells of type $fa.
Using template $paramod\_90_lcu_brent_kung\WIDTH=32'00000000000000000000000000110100 for cells of type $lcu.
Using template $paramod\_90_fa\WIDTH=32'00000000000000000000000000110101 for cells of type $fa.
Using template $paramod\_90_lcu_brent_kung\WIDTH=32'00000000000000000000000000110101 for cells of type $lcu.
Using template $paramod\_90_fa\WIDTH=32'00000000000000000000000000110110 for cells of type $fa.
Using template $paramod\_90_lcu_brent_kung\WIDTH=32'00000000000000000000000000110110 for cells of type $lcu.
Using template $paramod\_90_fa\WIDTH=32'00000000000000000000000000110111 for cells of type $fa.
Using template $paramod\_90_lcu_brent_kung\WIDTH=32'00000000000000000000000000110111 for cells of type $lcu.
Using template $paramod\_90_fa\WIDTH=32'00000000000000000000000000111000 for cells of type $fa.
Using template $paramod\_90_lcu_brent_kung\WIDTH=32'00000000000000000000000000111000 for cells of type $lcu.
Using template $paramod\_90_fa\WIDTH=32'00000000000000000000000000111001 for cells of type $fa.
Using template $paramod\_90_lcu_brent_kung\WIDTH=32'00000000000000000000000000111001 for cells of type $lcu.
Using template $paramod\_90_fa\WIDTH=32'00000000000000000000000000111010 for cells of type $fa.
Using template $paramod\_90_lcu_brent_kung\WIDTH=32'00000000000000000000000000111010 for cells of type $lcu.
Using template $paramod\_90_fa\WIDTH=32'00000000000000000000000000111011 for cells of type $fa.
Using template $paramod\_90_lcu_brent_kung\WIDTH=32'00000000000000000000000000111011 for cells of type $lcu.
Using template $paramod\_90_fa\WIDTH=32'00000000000000000000000000111100 for cells of type $fa.
Using template $paramod\_90_lcu_brent_kung\WIDTH=32'00000000000000000000000000111100 for cells of type $lcu.
Using template $paramod\_90_fa\WIDTH=32'00000000000000000000000000111101 for cells of type $fa.
Using template $paramod\_90_lcu_brent_kung\WIDTH=32'00000000000000000000000000111101 for cells of type $lcu.
Using template $paramod\_90_fa\WIDTH=32'00000000000000000000000000111110 for cells of type $fa.
Using template $paramod\_90_lcu_brent_kung\WIDTH=32'00000000000000000000000000111110 for cells of type $lcu.
Using template $paramod\_90_fa\WIDTH=32'00000000000000000000000000111111 for cells of type $fa.
Using template $paramod\_90_lcu_brent_kung\WIDTH=32'00000000000000000000000000111111 for cells of type $lcu.
Using template $paramod\_90_fa\WIDTH=32'00000000000000000000000001000001 for cells of type $fa.
Using template $paramod\_90_lcu_brent_kung\WIDTH=32'00000000000000000000000001000001 for cells of type $lcu.
No more expansions possible.
<suppressed ~44504 debug messages>

15.21. Executing OPT pass (performing simple optimizations).

15.21.1. Executing OPT_EXPR pass (perform const folding).
Optimizing module riscv_core.
<suppressed ~57430 debug messages>

15.21.2. Executing OPT_MERGE pass (detect identical cells).
Finding identical cells in module `\riscv_core'.
Computing hashes of 73565 cells of `\riscv_core'.
Finding duplicate cells in `\riscv_core'.
Computing hashes of 64155 cells of `\riscv_core'.
Finding duplicate cells in `\riscv_core'.
Computing hashes of 58021 cells of `\riscv_core'.
Finding duplicate cells in `\riscv_core'.
Computing hashes of 54449 cells of `\riscv_core'.
Finding duplicate cells in `\riscv_core'.
Computing hashes of 52437 cells of `\riscv_core'.
Finding duplicate cells in `\riscv_core'.
Computing hashes of 50919 cells of `\riscv_core'.
Finding duplicate cells in `\riscv_core'.
Computing hashes of 49748 cells of `\riscv_core'.
Finding duplicate cells in `\riscv_core'.
Computing hashes of 48780 cells of `\riscv_core'.
Finding duplicate cells in `\riscv_core'.
Computing hashes of 47994 cells of `\riscv_core'.
Finding duplicate cells in `\riscv_core'.
Computing hashes of 46938 cells of `\riscv_core'.
Finding duplicate cells in `\riscv_core'.
Computing hashes of 46173 cells of `\riscv_core'.
Finding duplicate cells in `\riscv_core'.
Computing hashes of 45040 cells of `\riscv_core'.
Finding duplicate cells in `\riscv_core'.
Computing hashes of 44069 cells of `\riscv_core'.
Finding duplicate cells in `\riscv_core'.
Computing hashes of 42814 cells of `\riscv_core'.
Finding duplicate cells in `\riscv_core'.
Computing hashes of 41604 cells of `\riscv_core'.
Finding duplicate cells in `\riscv_core'.
Computing hashes of 40778 cells of `\riscv_core'.
Finding duplicate cells in `\riscv_core'.
Computing hashes of 40476 cells of `\riscv_core'.
Finding duplicate cells in `\riscv_core'.
Computing hashes of 40394 cells of `\riscv_core'.
Finding duplicate cells in `\riscv_core'.
Computing hashes of 40366 cells of `\riscv_core'.
Finding duplicate cells in `\riscv_core'.
Computing hashes of 40364 cells of `\riscv_core'.
Finding duplicate cells in `\riscv_core'.
Computing hashes of 40362 cells of `\riscv_core'.
Finding duplicate cells in `\riscv_core'.
<suppressed ~99609 debug messages>
Removed a total of 33203 cells.

15.21.3. Executing OPT_DFF pass (perform DFF optimizations).

15.21.4. Executing OPT_CLEAN pass (remove unused cells and wires).
Finding unused cells or wires in module \riscv_core..
Removed 4100 unused cells and 29341 unused wires.
<suppressed ~4101 debug messages>

15.21.5. Finished fast OPT passes.

15.22. Executing ABC pass (technology mapping using ABC).

15.22.1. Extracting gate netlist of module `\riscv_core' to `<abc-temp-dir>/input.blif'..
Replacing 2 occurrences of constant undef bits with constant zero bits

15.22.1.1. Executed ABC.
Extracted 35206 gates and 36329 wires to a netlist network with 1120 inputs and 167 outputs.
Running ABC script: <abc-temp-dir>/abc.script
ABC: UC Berkeley, ABC 1.01 (compiled Jul 11 2026 03:57:20)
ABC: abc 01> empty
ABC: abc 01> source <abc-temp-dir>/abc.script
ABC: + read_blif <abc-temp-dir>/input.blif 
ABC: + read_library <abc-temp-dir>/stdcells.genlib 
ABC: + strash 
ABC: + &get -n 
ABC: + &fraig -x 
ABC: + &put 
ABC: + scorr 
ABC: Warning: The network is combinational (run "fraig" or "fraig_sweep").
ABC: + dc2 
ABC: + dretime 
ABC: + strash 
ABC: + &get -n 
ABC: + &dch -f 
ABC: + &nf 
ABC: + &put 
ABC: + write_blif <abc-temp-dir>/output.blif 
ABC: 
ABC: YOSYS_ABC_DONE 

15.22.1.2. Re-integrating ABC results.
ABC RESULTS:               AND cells:     5295
ABC RESULTS:            ANDNOT cells:      343
ABC RESULTS:               MUX cells:     1403
ABC RESULTS:              NAND cells:     9040
ABC RESULTS:               NOR cells:       69
ABC RESULTS:               NOT cells:      111
ABC RESULTS:                OR cells:      758
ABC RESULTS:             ORNOT cells:     1528
ABC RESULTS:              XNOR cells:     2104
ABC RESULTS:               XOR cells:     2999
ABC RESULTS:        internal signals:    35042
ABC RESULTS:           input signals:     1120
ABC RESULTS:          output signals:      167
Removing temp directory.
Removing global temp directory.

15.23. Executing OPT pass (performing simple optimizations).

15.23.1. Executing OPT_EXPR pass (perform const folding).
Optimizing module riscv_core.
<suppressed ~54 debug messages>

15.23.2. Executing OPT_MERGE pass (detect identical cells).
Finding identical cells in module `\riscv_core'.
Computing hashes of 24706 cells of `\riscv_core'.
Finding duplicate cells in `\riscv_core'.
Removed a total of 0 cells.

15.23.3. Executing OPT_DFF pass (perform DFF optimizations).

15.23.4. Executing OPT_CLEAN pass (remove unused cells and wires).
Finding unused cells or wires in module \riscv_core..
Removed 0 unused cells and 12713 unused wires.
<suppressed ~76 debug messages>

15.23.5. Finished fast OPT passes.

15.24. Executing HIERARCHY pass (managing design hierarchy).
Attribute `top' found on module `riscv_core'. Setting top module to riscv_core.

15.24.1. Analyzing design hierarchy..
Top module:  \riscv_core

15.24.2. Analyzing design hierarchy..
Top module:  \riscv_core
Removed 0 unused modules.

15.25. Printing statistics.

=== riscv_core ===

        +----------Local Count, excluding submodules.
        | 
    23693 wires
    26698 wire bits
      145 public wires
     3150 public wire bits
       10 ports
      168 port bits
    24706 cells
      343   $_ANDNOT_
     5295   $_AND_
     1026   $_DFFE_PP0P_
       29   $_DFF_PP0_
        1   $_DFF_PP1_
     1403   $_MUX_
     9040   $_NAND_
       69   $_NOR_
      111   $_NOT_
     1528   $_ORNOT_
      758   $_OR_
     2104   $_XNOR_
     2999   $_XOR_

15.26. Executing CHECK pass (checking for obvious problems).
Checking module riscv_core...
Found and reported 0 problems.

16. Executing OPT_CLEAN pass (remove unused cells and wires).
Finding unused cells or wires in module \riscv_core..
Removed 0 unused cells and 102 unused wires.
<suppressed ~102 debug messages>

17. Executing CHECK pass (checking for obvious problems).
Checking module riscv_core...
Found and reported 0 problems.

18. Executing JSON backend.

19. Executing RTLIL backend.
Output filename: /workspace/incremental-synthesis/results/partition-incremental/eco-003/area-analysis/liberty-area/presynth-linked-mapped/global_synth.rtlil

20. Executing DFFLIBMAP pass (mapping DFF cells to sequential cells from liberty file).
  cell DFF_X1 (noninv, pins=4, area=4.52) is a direct match for cell type $_DFF_P_.
  cell DFFR_X1 (noninv, pins=5, area=5.32) is a direct match for cell type $_DFF_PN0_.
  cell DFFS_X1 (noninv, pins=5, area=5.32) is a direct match for cell type $_DFF_PN1_.
  cell DFFRS_X1 (noninv, pins=6, area=6.38) is a direct match for cell type $_DFFSR_PNN_.
  final dff cell mappings:
    unmapped dff cell: $_DFF_N_
    \DFF_X1 _DFF_P_ (.CK( C), .D( D), .Q( Q), .QN(~Q));
    unmapped dff cell: $_DFF_NN0_
    unmapped dff cell: $_DFF_NN1_
    unmapped dff cell: $_DFF_NP0_
    unmapped dff cell: $_DFF_NP1_
    \DFFR_X1 _DFF_PN0_ (.CK( C), .D( D), .Q( Q), .QN(~Q), .RN( R));
    \DFFS_X1 _DFF_PN1_ (.CK( C), .D( D), .Q( Q), .QN(~Q), .SN( R));
    unmapped dff cell: $_DFF_PP0_
    unmapped dff cell: $_DFF_PP1_
    unmapped dff cell: $_DFFE_NN_
    unmapped dff cell: $_DFFE_NP_
    unmapped dff cell: $_DFFE_PN_
    unmapped dff cell: $_DFFE_PP_
    unmapped dff cell: $_DFFSR_NNN_
    unmapped dff cell: $_DFFSR_NNP_
    unmapped dff cell: $_DFFSR_NPN_
    unmapped dff cell: $_DFFSR_NPP_
    \DFFRS_X1 _DFFSR_PNN_ (.CK( C), .D( D), .Q( Q), .QN(~Q), .RN( R), .SN( S));
    unmapped dff cell: $_DFFSR_PNP_
    unmapped dff cell: $_DFFSR_PPN_
    unmapped dff cell: $_DFFSR_PPP_

20.1. Executing DFFLEGALIZE pass (convert FFs to types supported by the target).
<suppressed ~8 debug messages>
Mapping DFF cells in module `\riscv_core':
  mapped 1055 $_DFF_PN0_ cells to \DFFR_X1 cells.
  mapped 1 $_DFF_PN1_ cells to \DFFS_X1 cells.

21. Executing ABC pass (technology mapping using ABC).

21.1. Extracting gate netlist of module `\riscv_core' to `<abc-temp-dir>/input.blif'..
ABC: using cached merged SCL: /tmp/yosys-liberty-scl-cache/yosys_merged_f21340ff.scl (1 files)

21.1.1. Executed ABC.
Extracted 25732 gates and 26853 wires to a netlist network with 1121 inputs and 2182 outputs.
Running ABC script: <abc-temp-dir>/abc.script
ABC: UC Berkeley, ABC 1.01 (compiled Jul 11 2026 03:57:20)
ABC: abc 01> empty
ABC: abc 01> source <abc-temp-dir>/abc.script
ABC: + read_blif <abc-temp-dir>/input.blif 
ABC: + read_scl /tmp/yosys-liberty-scl-cache/yosys_merged_f21340ff.scl 
ABC: Warning: Detected 2 multi-output cells (for example, "FA_X1").
ABC: + strash 
ABC: + &get -n 
ABC: + &fraig -x 
ABC: + &put 
ABC: + scorr 
ABC: Warning: The network is combinational (run "fraig" or "fraig_sweep").
ABC: + dc2 
ABC: + dretime 
ABC: + strash 
ABC: + &get -n 
ABC: + &dch -f 
ABC: + &nf 
ABC: + &put 
ABC: + write_blif <abc-temp-dir>/output.blif 
ABC: 
ABC: YOSYS_ABC_DONE 

21.1.2. Re-integrating ABC results.
ABC RESULTS:           AND2_X1 cells:      907
ABC RESULTS:           AND3_X1 cells:      431
ABC RESULTS:           AND4_X1 cells:       27
ABC RESULTS:         AOI211_X1 cells:      115
ABC RESULTS:          AOI21_X1 cells:     1518
ABC RESULTS:         AOI221_X1 cells:       90
ABC RESULTS:         AOI222_X1 cells:      401
ABC RESULTS:          AOI22_X1 cells:      587
ABC RESULTS:            INV_X1 cells:     2009
ABC RESULTS:           MUX2_X1 cells:     1391
ABC RESULTS:          NAND2_X1 cells:     3121
ABC RESULTS:          NAND3_X1 cells:      392
ABC RESULTS:          NAND4_X1 cells:      162
ABC RESULTS:           NOR2_X1 cells:     2463
ABC RESULTS:           NOR3_X1 cells:      346
ABC RESULTS:           NOR4_X1 cells:      133
ABC RESULTS:         OAI211_X1 cells:      229
ABC RESULTS:          OAI21_X1 cells:     2028
ABC RESULTS:         OAI221_X1 cells:       55
ABC RESULTS:         OAI222_X1 cells:        9
ABC RESULTS:          OAI22_X1 cells:       65
ABC RESULTS:          OAI33_X1 cells:      145
ABC RESULTS:            OR2_X1 cells:      661
ABC RESULTS:            OR3_X1 cells:      327
ABC RESULTS:            OR4_X1 cells:       29
ABC RESULTS:          XNOR2_X1 cells:     2846
ABC RESULTS:           XOR2_X1 cells:     1279
ABC RESULTS:        internal signals:    23550
ABC RESULTS:           input signals:     1121
ABC RESULTS:          output signals:     2182
Removing temp directory.
Removing global temp directory.

22. Executing TECHMAP pass (map to technology primitives).

22.1. Executing Verilog-2005 frontend: /workspace/incremental-synthesis/partition-incremental/area-analysis/liberty-area/nangate45_latch_map.v
Parsing Verilog input from `/workspace/incremental-synthesis/partition-incremental/area-analysis/liberty-area/nangate45_latch_map.v' to AST representation.
Generating RTLIL representation for module `$_DLATCH_N_'.
Successfully finished Verilog frontend.

22.2. Continuing TECHMAP pass.
No more expansions possible.
<suppressed ~3 debug messages>

23. Executing OPT_CLEAN pass (remove unused cells and wires).
Finding unused cells or wires in module \riscv_core..
Removed 0 unused cells and 26851 unused wires.
<suppressed ~1 debug messages>

24. Executing CHECK pass (checking for obvious problems).
Checking module riscv_core...
Warning: Wire riscv_core.\pc [31] is used but has no driver.
Warning: Wire riscv_core.\pc [30] is used but has no driver.
Warning: Wire riscv_core.\pc [29] is used but has no driver.
Warning: Wire riscv_core.\pc [28] is used but has no driver.
Warning: Wire riscv_core.\pc [27] is used but has no driver.
Warning: Wire riscv_core.\pc [26] is used but has no driver.
Warning: Wire riscv_core.\pc [25] is used but has no driver.
Warning: Wire riscv_core.\pc [24] is used but has no driver.
Warning: Wire riscv_core.\pc [23] is used but has no driver.
Warning: Wire riscv_core.\pc [22] is used but has no driver.
Warning: Wire riscv_core.\pc [21] is used but has no driver.
Warning: Wire riscv_core.\pc [20] is used but has no driver.
Warning: Wire riscv_core.\pc [19] is used but has no driver.
Warning: Wire riscv_core.\pc [18] is used but has no driver.
Warning: Wire riscv_core.\pc [17] is used but has no driver.
Warning: Wire riscv_core.\pc [16] is used but has no driver.
Warning: Wire riscv_core.\pc [15] is used but has no driver.
Warning: Wire riscv_core.\pc [14] is used but has no driver.
Warning: Wire riscv_core.\pc [13] is used but has no driver.
Warning: Wire riscv_core.\pc [12] is used but has no driver.
Warning: Wire riscv_core.\pc [11] is used but has no driver.
Warning: Wire riscv_core.\pc [10] is used but has no driver.
Warning: Wire riscv_core.\pc [9] is used but has no driver.
Warning: Wire riscv_core.\pc [8] is used but has no driver.
Warning: Wire riscv_core.\pc [7] is used but has no driver.
Warning: Wire riscv_core.\pc [6] is used but has no driver.
Warning: Wire riscv_core.\pc [5] is used but has no driver.
Warning: Wire riscv_core.\pc [4] is used but has no driver.
Warning: Wire riscv_core.\pc [3] is used but has no driver.
Warning: Wire riscv_core.\pc [2] is used but has no driver.
Warning: Wire riscv_core.\pc [1] is used but has no driver.
Warning: Wire riscv_core.\pc [0] is used but has no driver.
Warning: Wire riscv_core.\bus_write_enable is used but has no driver.
Warning: Wire riscv_core.\bus_write_data [31] is used but has no driver.
Warning: Wire riscv_core.\bus_write_data [30] is used but has no driver.
Warning: Wire riscv_core.\bus_write_data [29] is used but has no driver.
Warning: Wire riscv_core.\bus_write_data [28] is used but has no driver.
Warning: Wire riscv_core.\bus_write_data [27] is used but has no driver.
Warning: Wire riscv_core.\bus_write_data [26] is used but has no driver.
Warning: Wire riscv_core.\bus_write_data [25] is used but has no driver.
Warning: Wire riscv_core.\bus_write_data [24] is used but has no driver.
Warning: Wire riscv_core.\bus_write_data [23] is used but has no driver.
Warning: Wire riscv_core.\bus_write_data [22] is used but has no driver.
Warning: Wire riscv_core.\bus_write_data [21] is used but has no driver.
Warning: Wire riscv_core.\bus_write_data [20] is used but has no driver.
Warning: Wire riscv_core.\bus_write_data [19] is used but has no driver.
Warning: Wire riscv_core.\bus_write_data [18] is used but has no driver.
Warning: Wire riscv_core.\bus_write_data [17] is used but has no driver.
Warning: Wire riscv_core.\bus_write_data [16] is used but has no driver.
Warning: Wire riscv_core.\bus_write_data [15] is used but has no driver.
Warning: Wire riscv_core.\bus_write_data [14] is used but has no driver.
Warning: Wire riscv_core.\bus_write_data [13] is used but has no driver.
Warning: Wire riscv_core.\bus_write_data [12] is used but has no driver.
Warning: Wire riscv_core.\bus_write_data [11] is used but has no driver.
Warning: Wire riscv_core.\bus_write_data [10] is used but has no driver.
Warning: Wire riscv_core.\bus_write_data [9] is used but has no driver.
Warning: Wire riscv_core.\bus_write_data [8] is used but has no driver.
Warning: Wire riscv_core.\bus_write_data [7] is used but has no driver.
Warning: Wire riscv_core.\bus_write_data [6] is used but has no driver.
Warning: Wire riscv_core.\bus_write_data [5] is used but has no driver.
Warning: Wire riscv_core.\bus_write_data [4] is used but has no driver.
Warning: Wire riscv_core.\bus_write_data [3] is used but has no driver.
Warning: Wire riscv_core.\bus_write_data [2] is used but has no driver.
Warning: Wire riscv_core.\bus_write_data [1] is used but has no driver.
Warning: Wire riscv_core.\bus_write_data [0] is used but has no driver.
Warning: Wire riscv_core.\bus_read_enable is used but has no driver.
Warning: Wire riscv_core.\bus_byte_enable [3] is used but has no driver.
Warning: Wire riscv_core.\bus_byte_enable [2] is used but has no driver.
Warning: Wire riscv_core.\bus_byte_enable [1] is used but has no driver.
Warning: Wire riscv_core.\bus_byte_enable [0] is used but has no driver.
Warning: Wire riscv_core.\bus_address [31] is used but has no driver.
Warning: Wire riscv_core.\bus_address [30] is used but has no driver.
Warning: Wire riscv_core.\bus_address [29] is used but has no driver.
Warning: Wire riscv_core.\bus_address [28] is used but has no driver.
Warning: Wire riscv_core.\bus_address [27] is used but has no driver.
Warning: Wire riscv_core.\bus_address [26] is used but has no driver.
Warning: Wire riscv_core.\bus_address [25] is used but has no driver.
Warning: Wire riscv_core.\bus_address [24] is used but has no driver.
Warning: Wire riscv_core.\bus_address [23] is used but has no driver.
Warning: Wire riscv_core.\bus_address [22] is used but has no driver.
Warning: Wire riscv_core.\bus_address [21] is used but has no driver.
Warning: Wire riscv_core.\bus_address [20] is used but has no driver.
Warning: Wire riscv_core.\bus_address [19] is used but has no driver.
Warning: Wire riscv_core.\bus_address [18] is used but has no driver.
Warning: Wire riscv_core.\bus_address [17] is used but has no driver.
Warning: Wire riscv_core.\bus_address [16] is used but has no driver.
Warning: Wire riscv_core.\bus_address [15] is used but has no driver.
Warning: Wire riscv_core.\bus_address [14] is used but has no driver.
Warning: Wire riscv_core.\bus_address [13] is used but has no driver.
Warning: Wire riscv_core.\bus_address [12] is used but has no driver.
Warning: Wire riscv_core.\bus_address [11] is used but has no driver.
Warning: Wire riscv_core.\bus_address [10] is used but has no driver.
Warning: Wire riscv_core.\bus_address [9] is used but has no driver.
Warning: Wire riscv_core.\bus_address [8] is used but has no driver.
Warning: Wire riscv_core.\bus_address [7] is used but has no driver.
Warning: Wire riscv_core.\bus_address [6] is used but has no driver.
Warning: Wire riscv_core.\bus_address [5] is used but has no driver.
Warning: Wire riscv_core.\bus_address [4] is used but has no driver.
Warning: Wire riscv_core.\bus_address [3] is used but has no driver.
Warning: Wire riscv_core.\bus_address [2] is used but has no driver.
Warning: Wire riscv_core.\bus_address [1] is used but has no driver.
Warning: Wire riscv_core.\bus_address [0] is used but has no driver.
Found and reported 102 problems.

25. Executing JSON backend.

26. Executing Verilog backend.
Dumping module `\riscv_core'.

Warnings: 102 unique messages, 102 total
End of script. Logfile hash: bb1c4955b8, time: 37.42s, user: 12.28s, system: 1.19s, MEM: 367.23 MB peak
Yosys 0.67+24 (git sha1 0e82bbefe, Release, Clang /usr/bin/clang++ 18.1.8)
Time spent: 71% 2x abc (30 sec), 7% 53x opt_merge (3 sec), ...
