
 /----------------------------------------------------------------------------\
 |  yosys -- Yosys Open SYnthesis Suite                                       |
 |  Copyright (C) 2012 - 2026  Claire Xenia Wolf <claire@yosyshq.com>         |
 |  Distributed under an ISC-like license, type "license" to see terms        |
 \----------------------------------------------------------------------------/
 Yosys 0.67+24 (git sha1 0e82bbefe, Release, Clang /usr/bin/clang++ 18.1.8)

-- Executing script file `/workspace/incremental-synthesis/results/partition-incremental/cv32e40p-eco-001/base/partitions/ex_stage_i/run_synth_partition.ys' --

1. Executing Verilog-2005 frontend: /workspace/incremental-synthesis/benchmarks/cv32e40p-eco-001-base/core/common/normalized_cv32e40p.v
Parsing SystemVerilog input from `/workspace/incremental-synthesis/benchmarks/cv32e40p-eco-001-base/core/common/normalized_cv32e40p.v' to AST representation.
Generating RTLIL representation for module `\cv32e40p_aligner$cv32e40p_core.if_stage_i.aligner_i'.
Generating RTLIL representation for module `\cv32e40p_alu$cv32e40p_core.ex_stage_i.alu_i'.
Generating RTLIL representation for module `\cv32e40p_alu_div$cv32e40p_core.ex_stage_i.alu_i.alu_div_i'.
Generating RTLIL representation for module `\cv32e40p_clock_gate$cv32e40p_core.sleep_unit_i.core_clock_gate_i'.
Generating RTLIL representation for module `\cv32e40p_compressed_decoder$cv32e40p_core.if_stage_i.compressed_decoder_i'.
Generating RTLIL representation for module `\cv32e40p_controller$cv32e40p_core.id_stage_i.controller_i'.
Generating RTLIL representation for module `\cv32e40p_core'.
Generating RTLIL representation for module `\cv32e40p_cs_registers$cv32e40p_core.cs_registers_i'.
Generating RTLIL representation for module `\cv32e40p_decoder$cv32e40p_core.id_stage_i.decoder_i'.
Generating RTLIL representation for module `\cv32e40p_ex_stage$cv32e40p_core.ex_stage_i'.
Generating RTLIL representation for module `\cv32e40p_ff_one$cv32e40p_core.ex_stage_i.alu_i.ff_one_i'.
Generating RTLIL representation for module `\cv32e40p_fifo$cv32e40p_core.if_stage_i.prefetch_buffer_i.fifo_i'.
Generating RTLIL representation for module `\cv32e40p_hwloop_regs$cv32e40p_core.id_stage_i.gen_hwloop_regs.hwloop_regs_i'.
Generating RTLIL representation for module `\cv32e40p_id_stage$cv32e40p_core.id_stage_i'.
Generating RTLIL representation for module `\cv32e40p_if_stage$cv32e40p_core.if_stage_i'.
Generating RTLIL representation for module `\cv32e40p_int_controller$cv32e40p_core.id_stage_i.int_controller_i'.
Generating RTLIL representation for module `\cv32e40p_load_store_unit$cv32e40p_core.load_store_unit_i'.
Generating RTLIL representation for module `\cv32e40p_mult$cv32e40p_core.ex_stage_i.mult_i'.
Generating RTLIL representation for module `\cv32e40p_obi_interface$cv32e40p_core.if_stage_i.prefetch_buffer_i.instruction_obi_i'.
Generating RTLIL representation for module `\cv32e40p_obi_interface$cv32e40p_core.load_store_unit_i.data_obi_i'.
Generating RTLIL representation for module `\cv32e40p_popcnt$cv32e40p_core.ex_stage_i.alu_i.popcnt_i'.
Generating RTLIL representation for module `\cv32e40p_prefetch_buffer$cv32e40p_core.if_stage_i.prefetch_buffer_i'.
Generating RTLIL representation for module `\cv32e40p_prefetch_controller$cv32e40p_core.if_stage_i.prefetch_buffer_i.prefetch_controller_i'.
Generating RTLIL representation for module `\cv32e40p_register_file$cv32e40p_core.id_stage_i.register_file_i'.
Generating RTLIL representation for module `\cv32e40p_sleep_unit$cv32e40p_core.sleep_unit_i'.
Successfully finished Verilog frontend.

2. Executing HIERARCHY pass (managing design hierarchy).

2.1. Analyzing design hierarchy..
Top module:  \cv32e40p_ex_stage$cv32e40p_core.ex_stage_i
Used module:     \cv32e40p_mult$cv32e40p_core.ex_stage_i.mult_i
Used module:     \cv32e40p_alu$cv32e40p_core.ex_stage_i.alu_i
Used module:         \cv32e40p_popcnt$cv32e40p_core.ex_stage_i.alu_i.popcnt_i
Used module:         \cv32e40p_ff_one$cv32e40p_core.ex_stage_i.alu_i.ff_one_i
Used module:         \cv32e40p_alu_div$cv32e40p_core.ex_stage_i.alu_i.alu_div_i

2.2. Analyzing design hierarchy..
Top module:  \cv32e40p_ex_stage$cv32e40p_core.ex_stage_i
Used module:     \cv32e40p_mult$cv32e40p_core.ex_stage_i.mult_i
Used module:     \cv32e40p_alu$cv32e40p_core.ex_stage_i.alu_i
Used module:         \cv32e40p_popcnt$cv32e40p_core.ex_stage_i.alu_i.popcnt_i
Used module:         \cv32e40p_ff_one$cv32e40p_core.ex_stage_i.alu_i.ff_one_i
Used module:         \cv32e40p_alu_div$cv32e40p_core.ex_stage_i.alu_i.alu_div_i
Removing unused module `\cv32e40p_sleep_unit$cv32e40p_core.sleep_unit_i'.
Removing unused module `\cv32e40p_register_file$cv32e40p_core.id_stage_i.register_file_i'.
Removing unused module `\cv32e40p_prefetch_controller$cv32e40p_core.if_stage_i.prefetch_buffer_i.prefetch_controller_i'.
Removing unused module `\cv32e40p_prefetch_buffer$cv32e40p_core.if_stage_i.prefetch_buffer_i'.
Removing unused module `\cv32e40p_obi_interface$cv32e40p_core.load_store_unit_i.data_obi_i'.
Removing unused module `\cv32e40p_obi_interface$cv32e40p_core.if_stage_i.prefetch_buffer_i.instruction_obi_i'.
Removing unused module `\cv32e40p_load_store_unit$cv32e40p_core.load_store_unit_i'.
Removing unused module `\cv32e40p_int_controller$cv32e40p_core.id_stage_i.int_controller_i'.
Removing unused module `\cv32e40p_if_stage$cv32e40p_core.if_stage_i'.
Removing unused module `\cv32e40p_id_stage$cv32e40p_core.id_stage_i'.
Removing unused module `\cv32e40p_hwloop_regs$cv32e40p_core.id_stage_i.gen_hwloop_regs.hwloop_regs_i'.
Removing unused module `\cv32e40p_fifo$cv32e40p_core.if_stage_i.prefetch_buffer_i.fifo_i'.
Removing unused module `\cv32e40p_decoder$cv32e40p_core.id_stage_i.decoder_i'.
Removing unused module `\cv32e40p_cs_registers$cv32e40p_core.cs_registers_i'.
Removing unused module `\cv32e40p_core'.
Removing unused module `\cv32e40p_controller$cv32e40p_core.id_stage_i.controller_i'.
Removing unused module `\cv32e40p_compressed_decoder$cv32e40p_core.if_stage_i.compressed_decoder_i'.
Removing unused module `\cv32e40p_clock_gate$cv32e40p_core.sleep_unit_i.core_clock_gate_i'.
Removing unused module `\cv32e40p_aligner$cv32e40p_core.if_stage_i.aligner_i'.
Removed 19 unused modules.

3. Executing PROC pass (convert processes to netlists).

3.1. Executing PROC_CLEAN pass (remove empty switches from decision trees).
Cleaned up 0 empty switches.

3.2. Executing PROC_RMDEAD pass (remove dead branches from decision trees).
Marked 1 switch rules as full_case in process $proc$/workspace/incremental-synthesis/benchmarks/cv32e40p-eco-001-base/core/common/normalized_cv32e40p.v:30982$11639 in module cv32e40p_ex_stage$cv32e40p_core.ex_stage_i.
Marked 1 switch rules as full_case in process $proc$/workspace/incremental-synthesis/benchmarks/cv32e40p-eco-001-base/core/common/normalized_cv32e40p.v:30979$11637 in module cv32e40p_ex_stage$cv32e40p_core.ex_stage_i.
Marked 1 switch rules as full_case in process $proc$/workspace/incremental-synthesis/benchmarks/cv32e40p-eco-001-base/core/common/normalized_cv32e40p.v:39910$13749 in module cv32e40p_mult$cv32e40p_core.ex_stage_i.mult_i.
Marked 1 switch rules as full_case in process $proc$/workspace/incremental-synthesis/benchmarks/cv32e40p-eco-001-base/core/common/normalized_cv32e40p.v:39907$13747 in module cv32e40p_mult$cv32e40p_core.ex_stage_i.mult_i.
Marked 1 switch rules as full_case in process $proc$/workspace/incremental-synthesis/benchmarks/cv32e40p-eco-001-base/core/common/normalized_cv32e40p.v:2620$896 in module cv32e40p_alu_div$cv32e40p_core.ex_stage_i.alu_i.alu_div_i.
Marked 1 switch rules as full_case in process $proc$/workspace/incremental-synthesis/benchmarks/cv32e40p-eco-001-base/core/common/normalized_cv32e40p.v:2617$894 in module cv32e40p_alu_div$cv32e40p_core.ex_stage_i.alu_i.alu_div_i.
Marked 1 switch rules as full_case in process $proc$/workspace/incremental-synthesis/benchmarks/cv32e40p-eco-001-base/core/common/normalized_cv32e40p.v:2614$892 in module cv32e40p_alu_div$cv32e40p_core.ex_stage_i.alu_i.alu_div_i.
Marked 1 switch rules as full_case in process $proc$/workspace/incremental-synthesis/benchmarks/cv32e40p-eco-001-base/core/common/normalized_cv32e40p.v:2611$890 in module cv32e40p_alu_div$cv32e40p_core.ex_stage_i.alu_i.alu_div_i.
Marked 1 switch rules as full_case in process $proc$/workspace/incremental-synthesis/benchmarks/cv32e40p-eco-001-base/core/common/normalized_cv32e40p.v:2608$888 in module cv32e40p_alu_div$cv32e40p_core.ex_stage_i.alu_i.alu_div_i.
Marked 1 switch rules as full_case in process $proc$/workspace/incremental-synthesis/benchmarks/cv32e40p-eco-001-base/core/common/normalized_cv32e40p.v:2605$886 in module cv32e40p_alu_div$cv32e40p_core.ex_stage_i.alu_i.alu_div_i.
Marked 1 switch rules as full_case in process $proc$/workspace/incremental-synthesis/benchmarks/cv32e40p-eco-001-base/core/common/normalized_cv32e40p.v:2602$884 in module cv32e40p_alu_div$cv32e40p_core.ex_stage_i.alu_i.alu_div_i.
Marked 1 switch rules as full_case in process $proc$/workspace/incremental-synthesis/benchmarks/cv32e40p-eco-001-base/core/common/normalized_cv32e40p.v:2599$882 in module cv32e40p_alu_div$cv32e40p_core.ex_stage_i.alu_i.alu_div_i.
Removed a total of 0 dead cases.

3.3. Executing PROC_PRUNE pass (remove redundant assignments in processes).
Removed 12 redundant assignments.
Promoted 0 assignments to connections.

3.4. Executing PROC_INIT pass (extract init attributes).

3.5. Executing PROC_ARST pass (detect async resets in processes).
Found async reset \rst_n in `\cv32e40p_ex_stage$cv32e40p_core.ex_stage_i.$proc$/workspace/incremental-synthesis/benchmarks/cv32e40p-eco-001-base/core/common/normalized_cv32e40p.v:30982$11639'.
Found async reset \rst_n in `\cv32e40p_ex_stage$cv32e40p_core.ex_stage_i.$proc$/workspace/incremental-synthesis/benchmarks/cv32e40p-eco-001-base/core/common/normalized_cv32e40p.v:30979$11637'.
Found async reset \rst_n in `\cv32e40p_mult$cv32e40p_core.ex_stage_i.mult_i.$proc$/workspace/incremental-synthesis/benchmarks/cv32e40p-eco-001-base/core/common/normalized_cv32e40p.v:39910$13749'.
Found async reset \rst_n in `\cv32e40p_mult$cv32e40p_core.ex_stage_i.mult_i.$proc$/workspace/incremental-synthesis/benchmarks/cv32e40p-eco-001-base/core/common/normalized_cv32e40p.v:39907$13747'.
Found async reset \Rst_RBI in `\cv32e40p_alu_div$cv32e40p_core.ex_stage_i.alu_i.alu_div_i.$proc$/workspace/incremental-synthesis/benchmarks/cv32e40p-eco-001-base/core/common/normalized_cv32e40p.v:2620$896'.
Found async reset \Rst_RBI in `\cv32e40p_alu_div$cv32e40p_core.ex_stage_i.alu_i.alu_div_i.$proc$/workspace/incremental-synthesis/benchmarks/cv32e40p-eco-001-base/core/common/normalized_cv32e40p.v:2617$894'.
Found async reset \Rst_RBI in `\cv32e40p_alu_div$cv32e40p_core.ex_stage_i.alu_i.alu_div_i.$proc$/workspace/incremental-synthesis/benchmarks/cv32e40p-eco-001-base/core/common/normalized_cv32e40p.v:2614$892'.
Found async reset \Rst_RBI in `\cv32e40p_alu_div$cv32e40p_core.ex_stage_i.alu_i.alu_div_i.$proc$/workspace/incremental-synthesis/benchmarks/cv32e40p-eco-001-base/core/common/normalized_cv32e40p.v:2611$890'.
Found async reset \Rst_RBI in `\cv32e40p_alu_div$cv32e40p_core.ex_stage_i.alu_i.alu_div_i.$proc$/workspace/incremental-synthesis/benchmarks/cv32e40p-eco-001-base/core/common/normalized_cv32e40p.v:2608$888'.
Found async reset \Rst_RBI in `\cv32e40p_alu_div$cv32e40p_core.ex_stage_i.alu_i.alu_div_i.$proc$/workspace/incremental-synthesis/benchmarks/cv32e40p-eco-001-base/core/common/normalized_cv32e40p.v:2605$886'.
Found async reset \Rst_RBI in `\cv32e40p_alu_div$cv32e40p_core.ex_stage_i.alu_i.alu_div_i.$proc$/workspace/incremental-synthesis/benchmarks/cv32e40p-eco-001-base/core/common/normalized_cv32e40p.v:2602$884'.
Found async reset \Rst_RBI in `\cv32e40p_alu_div$cv32e40p_core.ex_stage_i.alu_i.alu_div_i.$proc$/workspace/incremental-synthesis/benchmarks/cv32e40p-eco-001-base/core/common/normalized_cv32e40p.v:2599$882'.

3.6. Executing PROC_ROM pass (convert switches to ROMs).
Converted 0 switches.

3.7. Executing PROC_MUX pass (convert decision trees to multiplexers).
Creating decoders for process `\cv32e40p_ex_stage$cv32e40p_core.ex_stage_i.$proc$/workspace/incremental-synthesis/benchmarks/cv32e40p-eco-001-base/core/common/normalized_cv32e40p.v:30982$11639'.
     1/1: $0\regfile_we_lsu[0:0]
Creating decoders for process `\cv32e40p_ex_stage$cv32e40p_core.ex_stage_i.$proc$/workspace/incremental-synthesis/benchmarks/cv32e40p-eco-001-base/core/common/normalized_cv32e40p.v:30979$11637'.
     1/1: $0\regfile_waddr_lsu[5:0]
Creating decoders for process `\cv32e40p_mult$cv32e40p_core.ex_stage_i.mult_i.$proc$/workspace/incremental-synthesis/benchmarks/cv32e40p-eco-001-base/core/common/normalized_cv32e40p.v:39910$13749'.
     1/1: $0\mulh_carry_q[0:0]
Creating decoders for process `\cv32e40p_mult$cv32e40p_core.ex_stage_i.mult_i.$proc$/workspace/incremental-synthesis/benchmarks/cv32e40p-eco-001-base/core/common/normalized_cv32e40p.v:39907$13747'.
     1/1: $0\mulh_CS[2:0]
Creating decoders for process `\cv32e40p_alu_div$cv32e40p_core.ex_stage_i.alu_i.alu_div_i.$proc$/workspace/incremental-synthesis/benchmarks/cv32e40p-eco-001-base/core/common/normalized_cv32e40p.v:2620$896'.
     1/1: $0\State_SP[1:0]
Creating decoders for process `\cv32e40p_alu_div$cv32e40p_core.ex_stage_i.alu_i.alu_div_i.$proc$/workspace/incremental-synthesis/benchmarks/cv32e40p-eco-001-base/core/common/normalized_cv32e40p.v:2617$894'.
     1/1: $0\ResReg_DP[31:0]
Creating decoders for process `\cv32e40p_alu_div$cv32e40p_core.ex_stage_i.alu_i.alu_div_i.$proc$/workspace/incremental-synthesis/benchmarks/cv32e40p-eco-001-base/core/common/normalized_cv32e40p.v:2614$892'.
     1/1: $0\ResInv_SP[0:0]
Creating decoders for process `\cv32e40p_alu_div$cv32e40p_core.ex_stage_i.alu_i.alu_div_i.$proc$/workspace/incremental-synthesis/benchmarks/cv32e40p-eco-001-base/core/common/normalized_cv32e40p.v:2611$890'.
     1/1: $0\RemSel_SP[0:0]
Creating decoders for process `\cv32e40p_alu_div$cv32e40p_core.ex_stage_i.alu_i.alu_div_i.$proc$/workspace/incremental-synthesis/benchmarks/cv32e40p-eco-001-base/core/common/normalized_cv32e40p.v:2608$888'.
     1/1: $0\CompInv_SP[0:0]
Creating decoders for process `\cv32e40p_alu_div$cv32e40p_core.ex_stage_i.alu_i.alu_div_i.$proc$/workspace/incremental-synthesis/benchmarks/cv32e40p-eco-001-base/core/common/normalized_cv32e40p.v:2605$886'.
     1/1: $0\Cnt_DP[5:0]
Creating decoders for process `\cv32e40p_alu_div$cv32e40p_core.ex_stage_i.alu_i.alu_div_i.$proc$/workspace/incremental-synthesis/benchmarks/cv32e40p-eco-001-base/core/common/normalized_cv32e40p.v:2602$884'.
     1/1: $0\BReg_DP[31:0]
Creating decoders for process `\cv32e40p_alu_div$cv32e40p_core.ex_stage_i.alu_i.alu_div_i.$proc$/workspace/incremental-synthesis/benchmarks/cv32e40p-eco-001-base/core/common/normalized_cv32e40p.v:2599$882'.
     1/1: $0\AReg_DP[31:0]

3.8. Executing PROC_DLATCH pass (convert process syncs to latches).

3.9. Executing PROC_DFF pass (convert process syncs to FFs).
Creating register for signal `\cv32e40p_ex_stage$cv32e40p_core.ex_stage_i.\regfile_we_lsu' using process `\cv32e40p_ex_stage$cv32e40p_core.ex_stage_i.$proc$/workspace/incremental-synthesis/benchmarks/cv32e40p-eco-001-base/core/common/normalized_cv32e40p.v:30982$11639'.
  created $adff cell `$procdff$14528' with positive edge clock and positive level reset.
Creating register for signal `\cv32e40p_ex_stage$cv32e40p_core.ex_stage_i.\regfile_waddr_lsu' using process `\cv32e40p_ex_stage$cv32e40p_core.ex_stage_i.$proc$/workspace/incremental-synthesis/benchmarks/cv32e40p-eco-001-base/core/common/normalized_cv32e40p.v:30979$11637'.
  created $adff cell `$procdff$14533' with positive edge clock and positive level reset.
Creating register for signal `\cv32e40p_mult$cv32e40p_core.ex_stage_i.mult_i.\mulh_carry_q' using process `\cv32e40p_mult$cv32e40p_core.ex_stage_i.mult_i.$proc$/workspace/incremental-synthesis/benchmarks/cv32e40p-eco-001-base/core/common/normalized_cv32e40p.v:39910$13749'.
  created $adff cell `$procdff$14538' with positive edge clock and positive level reset.
Creating register for signal `\cv32e40p_mult$cv32e40p_core.ex_stage_i.mult_i.\mulh_CS' using process `\cv32e40p_mult$cv32e40p_core.ex_stage_i.mult_i.$proc$/workspace/incremental-synthesis/benchmarks/cv32e40p-eco-001-base/core/common/normalized_cv32e40p.v:39907$13747'.
  created $adff cell `$procdff$14543' with positive edge clock and positive level reset.
Creating register for signal `\cv32e40p_alu_div$cv32e40p_core.ex_stage_i.alu_i.alu_div_i.\State_SP' using process `\cv32e40p_alu_div$cv32e40p_core.ex_stage_i.alu_i.alu_div_i.$proc$/workspace/incremental-synthesis/benchmarks/cv32e40p-eco-001-base/core/common/normalized_cv32e40p.v:2620$896'.
  created $adff cell `$procdff$14548' with positive edge clock and positive level reset.
Creating register for signal `\cv32e40p_alu_div$cv32e40p_core.ex_stage_i.alu_i.alu_div_i.\ResReg_DP' using process `\cv32e40p_alu_div$cv32e40p_core.ex_stage_i.alu_i.alu_div_i.$proc$/workspace/incremental-synthesis/benchmarks/cv32e40p-eco-001-base/core/common/normalized_cv32e40p.v:2617$894'.
  created $adff cell `$procdff$14553' with positive edge clock and positive level reset.
Creating register for signal `\cv32e40p_alu_div$cv32e40p_core.ex_stage_i.alu_i.alu_div_i.\ResInv_SP' using process `\cv32e40p_alu_div$cv32e40p_core.ex_stage_i.alu_i.alu_div_i.$proc$/workspace/incremental-synthesis/benchmarks/cv32e40p-eco-001-base/core/common/normalized_cv32e40p.v:2614$892'.
  created $adff cell `$procdff$14558' with positive edge clock and positive level reset.
Creating register for signal `\cv32e40p_alu_div$cv32e40p_core.ex_stage_i.alu_i.alu_div_i.\RemSel_SP' using process `\cv32e40p_alu_div$cv32e40p_core.ex_stage_i.alu_i.alu_div_i.$proc$/workspace/incremental-synthesis/benchmarks/cv32e40p-eco-001-base/core/common/normalized_cv32e40p.v:2611$890'.
  created $adff cell `$procdff$14563' with positive edge clock and positive level reset.
Creating register for signal `\cv32e40p_alu_div$cv32e40p_core.ex_stage_i.alu_i.alu_div_i.\CompInv_SP' using process `\cv32e40p_alu_div$cv32e40p_core.ex_stage_i.alu_i.alu_div_i.$proc$/workspace/incremental-synthesis/benchmarks/cv32e40p-eco-001-base/core/common/normalized_cv32e40p.v:2608$888'.
  created $adff cell `$procdff$14568' with positive edge clock and positive level reset.
Creating register for signal `\cv32e40p_alu_div$cv32e40p_core.ex_stage_i.alu_i.alu_div_i.\Cnt_DP' using process `\cv32e40p_alu_div$cv32e40p_core.ex_stage_i.alu_i.alu_div_i.$proc$/workspace/incremental-synthesis/benchmarks/cv32e40p-eco-001-base/core/common/normalized_cv32e40p.v:2605$886'.
  created $adff cell `$procdff$14573' with positive edge clock and positive level reset.
Creating register for signal `\cv32e40p_alu_div$cv32e40p_core.ex_stage_i.alu_i.alu_div_i.\BReg_DP' using process `\cv32e40p_alu_div$cv32e40p_core.ex_stage_i.alu_i.alu_div_i.$proc$/workspace/incremental-synthesis/benchmarks/cv32e40p-eco-001-base/core/common/normalized_cv32e40p.v:2602$884'.
  created $adff cell `$procdff$14578' with positive edge clock and positive level reset.
Creating register for signal `\cv32e40p_alu_div$cv32e40p_core.ex_stage_i.alu_i.alu_div_i.\AReg_DP' using process `\cv32e40p_alu_div$cv32e40p_core.ex_stage_i.alu_i.alu_div_i.$proc$/workspace/incremental-synthesis/benchmarks/cv32e40p-eco-001-base/core/common/normalized_cv32e40p.v:2599$882'.
  created $adff cell `$procdff$14583' with positive edge clock and positive level reset.

3.10. Executing PROC_MEMWR pass (convert process memory writes to cells).

3.11. Executing PROC_CLEAN pass (remove empty switches from decision trees).
Removing empty process `cv32e40p_ex_stage$cv32e40p_core.ex_stage_i.$proc$/workspace/incremental-synthesis/benchmarks/cv32e40p-eco-001-base/core/common/normalized_cv32e40p.v:30982$11639'.
Removing empty process `cv32e40p_ex_stage$cv32e40p_core.ex_stage_i.$proc$/workspace/incremental-synthesis/benchmarks/cv32e40p-eco-001-base/core/common/normalized_cv32e40p.v:30979$11637'.
Removing empty process `cv32e40p_mult$cv32e40p_core.ex_stage_i.mult_i.$proc$/workspace/incremental-synthesis/benchmarks/cv32e40p-eco-001-base/core/common/normalized_cv32e40p.v:39910$13749'.
Removing empty process `cv32e40p_mult$cv32e40p_core.ex_stage_i.mult_i.$proc$/workspace/incremental-synthesis/benchmarks/cv32e40p-eco-001-base/core/common/normalized_cv32e40p.v:39907$13747'.
Removing empty process `cv32e40p_alu_div$cv32e40p_core.ex_stage_i.alu_i.alu_div_i.$proc$/workspace/incremental-synthesis/benchmarks/cv32e40p-eco-001-base/core/common/normalized_cv32e40p.v:2620$896'.
Removing empty process `cv32e40p_alu_div$cv32e40p_core.ex_stage_i.alu_i.alu_div_i.$proc$/workspace/incremental-synthesis/benchmarks/cv32e40p-eco-001-base/core/common/normalized_cv32e40p.v:2617$894'.
Removing empty process `cv32e40p_alu_div$cv32e40p_core.ex_stage_i.alu_i.alu_div_i.$proc$/workspace/incremental-synthesis/benchmarks/cv32e40p-eco-001-base/core/common/normalized_cv32e40p.v:2614$892'.
Removing empty process `cv32e40p_alu_div$cv32e40p_core.ex_stage_i.alu_i.alu_div_i.$proc$/workspace/incremental-synthesis/benchmarks/cv32e40p-eco-001-base/core/common/normalized_cv32e40p.v:2611$890'.
Removing empty process `cv32e40p_alu_div$cv32e40p_core.ex_stage_i.alu_i.alu_div_i.$proc$/workspace/incremental-synthesis/benchmarks/cv32e40p-eco-001-base/core/common/normalized_cv32e40p.v:2608$888'.
Removing empty process `cv32e40p_alu_div$cv32e40p_core.ex_stage_i.alu_i.alu_div_i.$proc$/workspace/incremental-synthesis/benchmarks/cv32e40p-eco-001-base/core/common/normalized_cv32e40p.v:2605$886'.
Removing empty process `cv32e40p_alu_div$cv32e40p_core.ex_stage_i.alu_i.alu_div_i.$proc$/workspace/incremental-synthesis/benchmarks/cv32e40p-eco-001-base/core/common/normalized_cv32e40p.v:2602$884'.
Removing empty process `cv32e40p_alu_div$cv32e40p_core.ex_stage_i.alu_i.alu_div_i.$proc$/workspace/incremental-synthesis/benchmarks/cv32e40p-eco-001-base/core/common/normalized_cv32e40p.v:2599$882'.
Cleaned up 0 empty switches.

3.12. Executing OPT_EXPR pass (perform const folding).
Optimizing module cv32e40p_ex_stage$cv32e40p_core.ex_stage_i.
<suppressed ~33 debug messages>
Optimizing module cv32e40p_popcnt$cv32e40p_core.ex_stage_i.alu_i.popcnt_i.
Optimizing module cv32e40p_mult$cv32e40p_core.ex_stage_i.mult_i.
<suppressed ~12 debug messages>
Optimizing module cv32e40p_alu_div$cv32e40p_core.ex_stage_i.alu_i.alu_div_i.
<suppressed ~19 debug messages>
Optimizing module cv32e40p_alu$cv32e40p_core.ex_stage_i.alu_i.
<suppressed ~1 debug messages>
Optimizing module cv32e40p_ff_one$cv32e40p_core.ex_stage_i.alu_i.ff_one_i.

4. Executing OPT_CLEAN pass (remove unused cells and wires).
Finding unused cells or wires in module \cv32e40p_ex_stage$cv32e40p_core.ex_stage_i..
Finding unused cells or wires in module \cv32e40p_popcnt$cv32e40p_core.ex_stage_i.alu_i.popcnt_i..
Finding unused cells or wires in module \cv32e40p_mult$cv32e40p_core.ex_stage_i.mult_i..
Finding unused cells or wires in module \cv32e40p_alu_div$cv32e40p_core.ex_stage_i.alu_i.alu_div_i..
Finding unused cells or wires in module \cv32e40p_alu$cv32e40p_core.ex_stage_i.alu_i..
Finding unused cells or wires in module \cv32e40p_ff_one$cv32e40p_core.ex_stage_i.alu_i.ff_one_i..
Removed 104 unused cells and 1619 unused wires.
<suppressed ~112 debug messages>

5. Executing CHECK pass (checking for obvious problems).
Checking module cv32e40p_ex_stage$cv32e40p_core.ex_stage_i...
Checking module cv32e40p_popcnt$cv32e40p_core.ex_stage_i.alu_i.popcnt_i...
Checking module cv32e40p_mult$cv32e40p_core.ex_stage_i.mult_i...
Checking module cv32e40p_alu_div$cv32e40p_core.ex_stage_i.alu_i.alu_div_i...
Checking module cv32e40p_alu$cv32e40p_core.ex_stage_i.alu_i...
Checking module cv32e40p_ff_one$cv32e40p_core.ex_stage_i.alu_i.ff_one_i...
Found and reported 0 problems.

6. Executing JSON backend.

7. Executing RTLIL backend.
Output filename: /workspace/incremental-synthesis/results/partition-incremental/cv32e40p-eco-001/base/partitions/ex_stage_i/frontend.rtlil

8. Printing statistics.

=== cv32e40p_alu$cv32e40p_core.ex_stage_i.alu_i ===

        +----------Local Count, excluding submodules.
        | 
      555 wires
     4329 wire bits
      555 public wires
     4329 public wire bits
       18 ports
      159 port bits
      617 cells
        3   $add
       32   $and
      235   $eq
        4   $gt
        5   $logic_not
       37   $logic_or
        1   $lt
      219   $mux
       18   $not
       18   $or
       32   $reduce_or
        2   $shl
        1   $shr
        6   $sshr
        2   $sub
        2   $xor
        3 submodules
        1   cv32e40p_alu_div$cv32e40p_core.ex_stage_i.alu_i.alu_div_i
        1   cv32e40p_ff_one$cv32e40p_core.ex_stage_i.alu_i.ff_one_i
        1   cv32e40p_popcnt$cv32e40p_core.ex_stage_i.alu_i.popcnt_i

=== cv32e40p_alu_div$cv32e40p_core.ex_stage_i.alu_i.alu_div_i ===

        +----------Local Count, excluding submodules.
        | 
      100 wires
      808 wire bits
      100 public wires
      808 public wire bits
       12 ports
      111 port bits
       88 cells
        1   $add
        8   $adff
        5   $and
        9   $eq
        1   $gt
       10   $logic_not
       40   $mux
        1   $neg
        2   $not
        4   $or
        2   $reduce_or
        2   $sub
        3   $xor

=== cv32e40p_ex_stage$cv32e40p_core.ex_stage_i ===

        +----------Local Count, excluding submodules.
        | 
      141 wires
     1149 wire bits
      141 public wires
     1149 public wire bits
       86 ports
      843 port bits
       43 cells
        2   $adff
       15   $and
       17   $mux
        5   $not
        4   $or
        2 submodules
        1   cv32e40p_alu$cv32e40p_core.ex_stage_i.alu_i
        1   cv32e40p_mult$cv32e40p_core.ex_stage_i.mult_i

=== cv32e40p_ff_one$cv32e40p_core.ex_stage_i.alu_i.ff_one_i ===

        +----------Local Count, excluding submodules.
        | 
       67 wires
      571 wire bits
       67 public wires
      571 public wire bits
        3 ports
       38 port bits
       63 cells
       31   $mux
        1   $not
       31   $or

=== cv32e40p_mult$cv32e40p_core.ex_stage_i.mult_i ===

        +----------Local Count, excluding submodules.
        | 
      184 wires
     2010 wire bits
      184 public wires
     2010 public wire bits
       22 ports
      248 port bits
      153 cells
       10   $add
        2   $adff
       24   $and
       33   $eq
        1   $logic_and
        6   $logic_not
        8   $mul
       54   $mux
        3   $not
        4   $or
        3   $reduce_or
        1   $shl
        2   $sshr
        2   $xor

=== cv32e40p_popcnt$cv32e40p_core.ex_stage_i.alu_i.popcnt_i ===

        +----------Local Count, excluding submodules.
        | 
       36 wires
      202 wire bits
       36 public wires
      202 public wire bits
        2 ports
       38 port bits
       31 cells
       31   $add

=== design hierarchy ===

        +----------Count including submodules.
        | 
      995 cv32e40p_ex_stage$cv32e40p_core.ex_stage_i
      617 cv32e40p_alu$cv32e40p_core.ex_stage_i.alu_i
       88   cv32e40p_alu_div$cv32e40p_core.ex_stage_i.alu_i.alu_div_i
       63   cv32e40p_ff_one$cv32e40p_core.ex_stage_i.alu_i.ff_one_i
       31   cv32e40p_popcnt$cv32e40p_core.ex_stage_i.alu_i.popcnt_i
      153 cv32e40p_mult$cv32e40p_core.ex_stage_i.mult_i

        +----------Count including submodules.
        | 
     1083 wires
     9069 wire bits
     1083 public wires
     9069 public wire bits
      143 ports
     1437 port bits
        - memories
        - memory bits
        - processes
      995 cells
       45   $add
       12   $adff
       76   $and
      277   $eq
        5   $gt
        1   $logic_and
       21   $logic_not
       37   $logic_or
        1   $lt
        8   $mul
      361   $mux
        1   $neg
       29   $not
       61   $or
       37   $reduce_or
        3   $shl
        1   $shr
        8   $sshr
        4   $sub
        7   $xor
        2 submodules
        1   cv32e40p_alu$cv32e40p_core.ex_stage_i.alu_i
        1   cv32e40p_mult$cv32e40p_core.ex_stage_i.mult_i


-- Executing script file `/workspace/incremental-synthesis/partition-incremental/yosys/synth_partition.ys' --

9. Executing FLATTEN pass (flatten design).
Deleting now unused module cv32e40p_alu$cv32e40p_core.ex_stage_i.alu_i.
Deleting now unused module cv32e40p_alu_div$cv32e40p_core.ex_stage_i.alu_i.alu_div_i.
Deleting now unused module cv32e40p_ff_one$cv32e40p_core.ex_stage_i.alu_i.ff_one_i.
Deleting now unused module cv32e40p_mult$cv32e40p_core.ex_stage_i.mult_i.
Deleting now unused module cv32e40p_popcnt$cv32e40p_core.ex_stage_i.alu_i.popcnt_i.
<suppressed ~5 debug messages>

10. Executing OPT_CLEAN pass (remove unused cells and wires).
Finding unused cells or wires in module \cv32e40p_ex_stage$cv32e40p_core.ex_stage_i..
Removed 1 unused cells and 2 unused wires.
<suppressed ~3 debug messages>

11. Executing CHECK pass (checking for obvious problems).
Checking module cv32e40p_ex_stage$cv32e40p_core.ex_stage_i...
Found and reported 0 problems.

12. Executing JSON backend.

13. Executing RTLIL backend.
Output filename: /workspace/incremental-synthesis/results/partition-incremental/cv32e40p-eco-001/base/partitions/ex_stage_i/flattened.rtlil

14. Printing statistics.

=== cv32e40p_ex_stage$cv32e40p_core.ex_stage_i ===

        +----------Local Count, excluding submodules.
        | 
     1081 wires
     9067 wire bits
     1081 public wires
     9067 public wire bits
       86 ports
      843 port bits
      994 cells
       45   $add
       12   $adff
       76   $and
      277   $eq
        5   $gt
        1   $logic_and
       21   $logic_not
       37   $logic_or
        1   $lt
        8   $mul
      360   $mux
        1   $neg
       29   $not
       61   $or
       37   $reduce_or
        3   $shl
        1   $shr
        8   $sshr
        4   $sub
        7   $xor

15. Executing SYNTH pass.

15.1. Executing HIERARCHY pass (managing design hierarchy).

15.1.1. Analyzing design hierarchy..
Top module:  \cv32e40p_ex_stage$cv32e40p_core.ex_stage_i

15.1.2. Analyzing design hierarchy..
Top module:  \cv32e40p_ex_stage$cv32e40p_core.ex_stage_i
Removed 0 unused modules.

15.2. Executing PROC pass (convert processes to netlists).

15.2.1. Executing PROC_CLEAN pass (remove empty switches from decision trees).
Cleaned up 0 empty switches.

15.2.2. Executing PROC_RMDEAD pass (remove dead branches from decision trees).
Removed a total of 0 dead cases.

15.2.3. Executing PROC_PRUNE pass (remove redundant assignments in processes).
Removed 0 redundant assignments.
Promoted 0 assignments to connections.

15.2.4. Executing PROC_INIT pass (extract init attributes).

15.2.5. Executing PROC_ARST pass (detect async resets in processes).

15.2.6. Executing PROC_ROM pass (convert switches to ROMs).
Converted 0 switches.

15.2.7. Executing PROC_MUX pass (convert decision trees to multiplexers).

15.2.8. Executing PROC_DLATCH pass (convert process syncs to latches).

15.2.9. Executing PROC_DFF pass (convert process syncs to FFs).

15.2.10. Executing PROC_MEMWR pass (convert process memory writes to cells).

15.2.11. Executing PROC_CLEAN pass (remove empty switches from decision trees).
Cleaned up 0 empty switches.

15.2.12. Executing OPT_EXPR pass (perform const folding).
Optimizing module cv32e40p_ex_stage$cv32e40p_core.ex_stage_i.
<suppressed ~5 debug messages>

15.3. Executing OPT_EXPR pass (perform const folding).
Optimizing module cv32e40p_ex_stage$cv32e40p_core.ex_stage_i.

15.4. Executing OPT_CLEAN pass (remove unused cells and wires).
Finding unused cells or wires in module \cv32e40p_ex_stage$cv32e40p_core.ex_stage_i..
Removed 1 unused cells and 3 unused wires.
<suppressed ~4 debug messages>

15.5. Executing CHECK pass (checking for obvious problems).
Checking module cv32e40p_ex_stage$cv32e40p_core.ex_stage_i...
Found and reported 0 problems.

15.6. Executing OPT pass (performing simple optimizations).

15.6.1. Executing OPT_EXPR pass (perform const folding).
Optimizing module cv32e40p_ex_stage$cv32e40p_core.ex_stage_i.

15.6.2. Executing OPT_MERGE pass (detect identical cells).
Finding identical cells in module `\cv32e40p_ex_stage$cv32e40p_core.ex_stage_i'.
Computing hashes of 993 cells of `\cv32e40p_ex_stage$cv32e40p_core.ex_stage_i'.
Finding duplicate cells in `\cv32e40p_ex_stage$cv32e40p_core.ex_stage_i'.
Computing hashes of 760 cells of `\cv32e40p_ex_stage$cv32e40p_core.ex_stage_i'.
Finding duplicate cells in `\cv32e40p_ex_stage$cv32e40p_core.ex_stage_i'.
Computing hashes of 747 cells of `\cv32e40p_ex_stage$cv32e40p_core.ex_stage_i'.
Finding duplicate cells in `\cv32e40p_ex_stage$cv32e40p_core.ex_stage_i'.
Computing hashes of 746 cells of `\cv32e40p_ex_stage$cv32e40p_core.ex_stage_i'.
Finding duplicate cells in `\cv32e40p_ex_stage$cv32e40p_core.ex_stage_i'.
<suppressed ~741 debug messages>
Removed a total of 247 cells.

15.6.3. Executing OPT_MUXTREE pass (detect dead branches in mux trees).
Running muxtree optimizer on module \cv32e40p_ex_stage$cv32e40p_core.ex_stage_i..
  Creating internal representation of mux trees.
  Evaluating internal representation of mux trees.
      Replacing known input bits on port A of cell $flatten\alu_i.$ternary$/workspace/incremental-synthesis/benchmarks/cv32e40p-eco-001-base/core/common/normalized_cv32e40p.v:2006$639: { \alu_operand_a_i [0] \alu_operand_a_i [1] \alu_operand_a_i [2] \alu_operand_a_i [3] \alu_operand_a_i [4] \alu_operand_a_i [5] \alu_operand_a_i [6] \alu_operand_a_i [7] \alu_operand_a_i [8] \alu_operand_a_i [9] \alu_operand_a_i [10] \alu_operand_a_i [11] \alu_operand_a_i [12] \alu_operand_a_i [13] \alu_operand_a_i [14] \alu_operand_a_i [15] \alu_operand_a_i [16] \alu_operand_a_i [17] \alu_operand_a_i [18] \alu_operand_a_i [19] \alu_operand_a_i [20] \alu_operand_a_i [21] \alu_operand_a_i [22] \alu_operand_a_i [23] \alu_operand_a_i [24] \alu_operand_a_i [25] \alu_operand_a_i [26] \alu_operand_a_i [27] \alu_operand_a_i [28] \alu_operand_a_i [29] \alu_operand_a_i [30] \alu_operand_a_i [31] } -> { \alu_operand_a_i [0] \alu_operand_a_i [1] \alu_operand_a_i [2] \alu_operand_a_i [3] \alu_operand_a_i [4] \alu_operand_a_i [5] \alu_operand_a_i [6] \alu_operand_a_i [7] \alu_operand_a_i [8] \alu_operand_a_i [9] \alu_operand_a_i [10] \alu_operand_a_i [11] \alu_operand_a_i [12] \alu_operand_a_i [13] \alu_operand_a_i [14] \alu_operand_a_i [15] \alu_operand_a_i [16] \alu_operand_a_i [17] \alu_operand_a_i [18] \alu_operand_a_i [19] \alu_operand_a_i [20] \alu_operand_a_i [21] \alu_operand_a_i [22] \alu_operand_a_i [23] \alu_operand_a_i [24] \alu_operand_a_i [25] \alu_operand_a_i [26] \alu_operand_a_i [27] \alu_operand_a_i [28] \alu_operand_a_i [29] \alu_operand_a_i [30] 1'0 }
  Analyzing evaluation results.
    dead port 2/2 on $mux $flatten\alu_i.$ternary$/workspace/incremental-synthesis/benchmarks/cv32e40p-eco-001-base/core/common/normalized_cv32e40p.v:1996$629.
    dead port 1/2 on $mux $flatten\alu_i.$ternary$/workspace/incremental-synthesis/benchmarks/cv32e40p-eco-001-base/core/common/normalized_cv32e40p.v:1999$632.
    dead port 2/2 on $mux $flatten\alu_i.$ternary$/workspace/incremental-synthesis/benchmarks/cv32e40p-eco-001-base/core/common/normalized_cv32e40p.v:2000$633.
    dead port 2/2 on $mux $flatten\alu_i.$ternary$/workspace/incremental-synthesis/benchmarks/cv32e40p-eco-001-base/core/common/normalized_cv32e40p.v:2007$640.
    dead port 2/2 on $mux $flatten\alu_i.$ternary$/workspace/incremental-synthesis/benchmarks/cv32e40p-eco-001-base/core/common/normalized_cv32e40p.v:2023$656.
    dead port 2/2 on $mux $flatten\alu_i.$ternary$/workspace/incremental-synthesis/benchmarks/cv32e40p-eco-001-base/core/common/normalized_cv32e40p.v:2033$666.
    dead port 2/2 on $mux $flatten\alu_i.$ternary$/workspace/incremental-synthesis/benchmarks/cv32e40p-eco-001-base/core/common/normalized_cv32e40p.v:2037$670.
    dead port 2/2 on $mux $flatten\alu_i.$ternary$/workspace/incremental-synthesis/benchmarks/cv32e40p-eco-001-base/core/common/normalized_cv32e40p.v:2054$687.
    dead port 2/2 on $mux $flatten\alu_i.$ternary$/workspace/incremental-synthesis/benchmarks/cv32e40p-eco-001-base/core/common/normalized_cv32e40p.v:2056$689.
    dead port 2/2 on $mux $flatten\alu_i.$ternary$/workspace/incremental-synthesis/benchmarks/cv32e40p-eco-001-base/core/common/normalized_cv32e40p.v:2060$693.
    dead port 2/2 on $mux $flatten\alu_i.$ternary$/workspace/incremental-synthesis/benchmarks/cv32e40p-eco-001-base/core/common/normalized_cv32e40p.v:2064$697.
    dead port 2/2 on $mux $flatten\alu_i.$ternary$/workspace/incremental-synthesis/benchmarks/cv32e40p-eco-001-base/core/common/normalized_cv32e40p.v:2068$701.
    dead port 2/2 on $mux $flatten\alu_i.$ternary$/workspace/incremental-synthesis/benchmarks/cv32e40p-eco-001-base/core/common/normalized_cv32e40p.v:2074$707.
    dead port 2/2 on $mux $flatten\alu_i.$ternary$/workspace/incremental-synthesis/benchmarks/cv32e40p-eco-001-base/core/common/normalized_cv32e40p.v:2077$710.
    dead port 2/2 on $mux $flatten\alu_i.$ternary$/workspace/incremental-synthesis/benchmarks/cv32e40p-eco-001-base/core/common/normalized_cv32e40p.v:2080$713.
    dead port 2/2 on $mux $flatten\alu_i.$ternary$/workspace/incremental-synthesis/benchmarks/cv32e40p-eco-001-base/core/common/normalized_cv32e40p.v:2083$716.
    dead port 2/2 on $mux $flatten\alu_i.$ternary$/workspace/incremental-synthesis/benchmarks/cv32e40p-eco-001-base/core/common/normalized_cv32e40p.v:2088$721.
    dead port 1/2 on $mux $flatten\alu_i.$ternary$/workspace/incremental-synthesis/benchmarks/cv32e40p-eco-001-base/core/common/normalized_cv32e40p.v:2109$742.
    dead port 2/2 on $mux $flatten\alu_i.$ternary$/workspace/incremental-synthesis/benchmarks/cv32e40p-eco-001-base/core/common/normalized_cv32e40p.v:2112$745.
    dead port 2/2 on $mux $flatten\alu_i.$ternary$/workspace/incremental-synthesis/benchmarks/cv32e40p-eco-001-base/core/common/normalized_cv32e40p.v:2136$769.
    dead port 1/2 on $mux $flatten\alu_i.$ternary$/workspace/incremental-synthesis/benchmarks/cv32e40p-eco-001-base/core/common/normalized_cv32e40p.v:2169$802.
    dead port 1/2 on $mux $flatten\alu_i.$ternary$/workspace/incremental-synthesis/benchmarks/cv32e40p-eco-001-base/core/common/normalized_cv32e40p.v:2172$805.
    dead port 1/2 on $mux $flatten\alu_i.$ternary$/workspace/incremental-synthesis/benchmarks/cv32e40p-eco-001-base/core/common/normalized_cv32e40p.v:2175$808.
    dead port 2/2 on $mux $flatten\alu_i.$ternary$/workspace/incremental-synthesis/benchmarks/cv32e40p-eco-001-base/core/common/normalized_cv32e40p.v:2178$811.
    dead port 2/2 on $mux $flatten\alu_i.$ternary$/workspace/incremental-synthesis/benchmarks/cv32e40p-eco-001-base/core/common/normalized_cv32e40p.v:2181$814.
    dead port 2/2 on $mux $flatten\alu_i.$ternary$/workspace/incremental-synthesis/benchmarks/cv32e40p-eco-001-base/core/common/normalized_cv32e40p.v:2184$817.
    dead port 2/2 on $mux $flatten\alu_i.\alu_div_i.$ternary$/workspace/incremental-synthesis/benchmarks/cv32e40p-eco-001-base/core/common/normalized_cv32e40p.v:2625$900.
    dead port 2/2 on $mux $flatten\alu_i.\alu_div_i.$ternary$/workspace/incremental-synthesis/benchmarks/cv32e40p-eco-001-base/core/common/normalized_cv32e40p.v:2628$903.
    dead port 2/2 on $mux $flatten\alu_i.\alu_div_i.$ternary$/workspace/incremental-synthesis/benchmarks/cv32e40p-eco-001-base/core/common/normalized_cv32e40p.v:2631$906.
    dead port 2/2 on $mux $flatten\alu_i.\alu_div_i.$ternary$/workspace/incremental-synthesis/benchmarks/cv32e40p-eco-001-base/core/common/normalized_cv32e40p.v:2633$908.
    dead port 2/2 on $mux $flatten\alu_i.\alu_div_i.$ternary$/workspace/incremental-synthesis/benchmarks/cv32e40p-eco-001-base/core/common/normalized_cv32e40p.v:2635$910.
    dead port 2/2 on $mux $flatten\alu_i.\alu_div_i.$ternary$/workspace/incremental-synthesis/benchmarks/cv32e40p-eco-001-base/core/common/normalized_cv32e40p.v:2638$913.
    dead port 2/2 on $mux $flatten\mult_i.$ternary$/workspace/incremental-synthesis/benchmarks/cv32e40p-eco-001-base/core/common/normalized_cv32e40p.v:39914$13752.
    dead port 2/2 on $mux $flatten\mult_i.$ternary$/workspace/incremental-synthesis/benchmarks/cv32e40p-eco-001-base/core/common/normalized_cv32e40p.v:39917$13755.
    dead port 2/2 on $mux $flatten\mult_i.$ternary$/workspace/incremental-synthesis/benchmarks/cv32e40p-eco-001-base/core/common/normalized_cv32e40p.v:39918$13756.
    dead port 1/2 on $mux $flatten\mult_i.$ternary$/workspace/incremental-synthesis/benchmarks/cv32e40p-eco-001-base/core/common/normalized_cv32e40p.v:39930$13768.
    dead port 2/2 on $mux $flatten\mult_i.$ternary$/workspace/incremental-synthesis/benchmarks/cv32e40p-eco-001-base/core/common/normalized_cv32e40p.v:39933$13771.
    dead port 2/2 on $mux $flatten\mult_i.$ternary$/workspace/incremental-synthesis/benchmarks/cv32e40p-eco-001-base/core/common/normalized_cv32e40p.v:39936$13774.
    dead port 2/2 on $mux $flatten\mult_i.$ternary$/workspace/incremental-synthesis/benchmarks/cv32e40p-eco-001-base/core/common/normalized_cv32e40p.v:39939$13777.
    dead port 1/2 on $mux $ternary$/workspace/incremental-synthesis/benchmarks/cv32e40p-eco-001-base/core/common/normalized_cv32e40p.v:30986$11642.
    dead port 2/2 on $mux $ternary$/workspace/incremental-synthesis/benchmarks/cv32e40p-eco-001-base/core/common/normalized_cv32e40p.v:30989$11645.
    dead port 1/2 on $mux $ternary$/workspace/incremental-synthesis/benchmarks/cv32e40p-eco-001-base/core/common/normalized_cv32e40p.v:30992$11648.
    dead port 1/2 on $mux $ternary$/workspace/incremental-synthesis/benchmarks/cv32e40p-eco-001-base/core/common/normalized_cv32e40p.v:30994$11650.
    dead port 1/2 on $mux $ternary$/workspace/incremental-synthesis/benchmarks/cv32e40p-eco-001-base/core/common/normalized_cv32e40p.v:30996$11652.
    dead port 1/2 on $mux $ternary$/workspace/incremental-synthesis/benchmarks/cv32e40p-eco-001-base/core/common/normalized_cv32e40p.v:30998$11654.
Removed 45 multiplexer ports.
<suppressed ~551 debug messages>

15.6.4. Executing OPT_REDUCE pass (consolidate $*mux and $reduce_* inputs).
  Optimizing cells in module \cv32e40p_ex_stage$cv32e40p_core.ex_stage_i.
    New input vector for $reduce_or cell $flatten\alu_i.$reduce_or$/workspace/incremental-synthesis/benchmarks/cv32e40p-eco-001-base/core/common/normalized_cv32e40p.v:1852$485: { \alu_i._0312_ \alu_i._0407_ \alu_i._0409_ }
    New input vector for $reduce_or cell $flatten\alu_i.$reduce_or$/workspace/incremental-synthesis/benchmarks/cv32e40p-eco-001-base/core/common/normalized_cv32e40p.v:1854$487: { \alu_i._0117_ \alu_i._0118_ \alu_i._0312_ \alu_i._0313_ \alu_i._0407_ \alu_i._0409_ \alu_i._0414_ [3:2] \alu_i._0416_ [6] \alu_i._0416_ [4:0] \alu_i._0531_ }
    New input vector for $reduce_or cell $flatten\alu_i.$reduce_or$/workspace/incremental-synthesis/benchmarks/cv32e40p-eco-001-base/core/common/normalized_cv32e40p.v:1853$486: { \alu_i._0013_ \alu_i._0045_ \alu_i._0314_ \alu_i._0420_ \alu_i._0421_ [2] }
    New input vector for $reduce_or cell $flatten\alu_i.$reduce_or$/workspace/incremental-synthesis/benchmarks/cv32e40p-eco-001-base/core/common/normalized_cv32e40p.v:1851$484: { \alu_i._0416_ [6] \alu_i._0416_ [3] \alu_i._0416_ [1:0] }
    New input vector for $reduce_or cell $flatten\alu_i.$reduce_or$/workspace/incremental-synthesis/benchmarks/cv32e40p-eco-001-base/core/common/normalized_cv32e40p.v:1849$482: { \alu_i._0407_ \alu_i._0409_ [9:7] \alu_i._0409_ [5:3] }
  Optimizing cells in module \cv32e40p_ex_stage$cv32e40p_core.ex_stage_i.
Performed a total of 7 changes.

15.6.5. Executing OPT_MERGE pass (detect identical cells).
Finding identical cells in module `\cv32e40p_ex_stage$cv32e40p_core.ex_stage_i'.
Computing hashes of 699 cells of `\cv32e40p_ex_stage$cv32e40p_core.ex_stage_i'.
Finding duplicate cells in `\cv32e40p_ex_stage$cv32e40p_core.ex_stage_i'.
Computing hashes of 694 cells of `\cv32e40p_ex_stage$cv32e40p_core.ex_stage_i'.
Finding duplicate cells in `\cv32e40p_ex_stage$cv32e40p_core.ex_stage_i'.
Computing hashes of 689 cells of `\cv32e40p_ex_stage$cv32e40p_core.ex_stage_i'.
Finding duplicate cells in `\cv32e40p_ex_stage$cv32e40p_core.ex_stage_i'.
<suppressed ~30 debug messages>
Removed a total of 10 cells.

15.6.6. Executing OPT_DFF pass (perform DFF optimizations).

15.6.7. Executing OPT_CLEAN pass (remove unused cells and wires).
Finding unused cells or wires in module \cv32e40p_ex_stage$cv32e40p_core.ex_stage_i..
Removed 4 unused cells and 17 unused wires.
<suppressed ~9 debug messages>

15.6.8. Executing OPT_EXPR pass (perform const folding).
Optimizing module cv32e40p_ex_stage$cv32e40p_core.ex_stage_i.

15.6.9. Rerunning OPT passes. (Maybe there is more to do..)

15.6.10. Executing OPT_MUXTREE pass (detect dead branches in mux trees).
Running muxtree optimizer on module \cv32e40p_ex_stage$cv32e40p_core.ex_stage_i..
  Creating internal representation of mux trees.
  Evaluating internal representation of mux trees.
  Analyzing evaluation results.
Removed 0 multiplexer ports.
<suppressed ~490 debug messages>

15.6.11. Executing OPT_REDUCE pass (consolidate $*mux and $reduce_* inputs).
  Optimizing cells in module \cv32e40p_ex_stage$cv32e40p_core.ex_stage_i.
Performed a total of 0 changes.

15.6.12. Executing OPT_MERGE pass (detect identical cells).
Finding identical cells in module `\cv32e40p_ex_stage$cv32e40p_core.ex_stage_i'.
Computing hashes of 685 cells of `\cv32e40p_ex_stage$cv32e40p_core.ex_stage_i'.
Finding duplicate cells in `\cv32e40p_ex_stage$cv32e40p_core.ex_stage_i'.
Removed a total of 0 cells.

15.6.13. Executing OPT_DFF pass (perform DFF optimizations).

15.6.14. Executing OPT_CLEAN pass (remove unused cells and wires).
Finding unused cells or wires in module \cv32e40p_ex_stage$cv32e40p_core.ex_stage_i..

15.6.15. Executing OPT_EXPR pass (perform const folding).
Optimizing module cv32e40p_ex_stage$cv32e40p_core.ex_stage_i.

15.6.16. Finished fast OPT passes. (There is nothing left to do.)

15.7. Executing FSM pass (extract and optimize FSM).

15.7.1. Executing FSM_DETECT pass (finding FSMs in design).
Found FSM state register cv32e40p_ex_stage$cv32e40p_core.ex_stage_i.alu_i.alu_div_i.State_SP.
Found FSM state register cv32e40p_ex_stage$cv32e40p_core.ex_stage_i.mult_i.mulh_CS.

15.7.2. Executing FSM_EXTRACT pass (extracting FSM from design).
Extracting FSM `\alu_i.alu_div_i.State_SP' from module `\cv32e40p_ex_stage$cv32e40p_core.ex_stage_i'.
  found $adff cell for state register: $flatten\alu_i.\alu_div_i.$procdff$14548
  root of input selection tree: \alu_i.alu_div_i.State_SN
  found reset state: 2'00 (from async reset)
  found ctrl input: \alu_i.alu_div_i._061_
  found ctrl input: \alu_i.alu_div_i._074_
  found ctrl input: \alu_i.alu_div_i.InVld_SI
  found state code: 2'01
  found ctrl input: \alu_i.alu_div_i._095_
  found ctrl input: \alu_i.alu_div_i._096_
  found ctrl input: \alu_i.alu_div_i._021_
  found state code: 2'10
  found ctrl input: \ex_ready_o
  found ctrl output: \alu_i.alu_div_i._095_
  found ctrl output: \alu_i.alu_div_i._096_
  found ctrl output: \alu_i.alu_div_i._074_
  ctrl inputs: { \alu_i.alu_div_i._061_ \alu_i.alu_div_i._021_ \alu_i.alu_div_i.InVld_SI \ex_ready_o }
  ctrl outputs: { \alu_i.alu_div_i._096_ \alu_i.alu_div_i._095_ \alu_i.alu_div_i._074_ \alu_i.alu_div_i.State_SN }
  transition:       2'00 4'--0- ->       2'00 5'00100
  transition:       2'00 4'--1- ->       2'01 5'00101
  transition:       2'10 4'---0 ->       2'10 5'01010
  transition:       2'10 4'---1 ->       2'00 5'01000
  transition:       2'01 4'-0-- ->       2'10 5'10010
  transition:       2'01 4'-1-- ->       2'01 5'10001
Extracting FSM `\mult_i.mulh_CS' from module `\cv32e40p_ex_stage$cv32e40p_core.ex_stage_i'.
  found $adff cell for state register: $flatten\mult_i.$procdff$14543
  root of input selection tree: \mult_i._113_
  found reset state: 3'000 (from async reset)
  found ctrl input: \mult_i._086_
  found ctrl input: \mult_i._172_
  found ctrl input: \mult_i._163_
  found ctrl input: \mult_i._161_
  found state code: 3'001
  found state code: 3'010
  found ctrl input: \mult_i._159_
  found ctrl input: \mult_i._170_
  found state code: 3'011
  found state code: 3'100
  found ctrl input: \ex_ready_o
  found ctrl output: \mult_i._163_
  found ctrl output: \mult_i._172_
  found ctrl output: \mult_i._171_
  found ctrl output: \mult_i._170_
  found ctrl output: \mult_i._159_
  ctrl inputs: { \mult_i._086_ \mult_i._161_ \ex_ready_o }
  ctrl outputs: { \mult_i._113_ \mult_i._159_ \mult_i._163_ \mult_i._170_ \mult_i._171_ \mult_i._172_ }
  transition:      3'000 3'-0- ->      3'000 8'00001000
  transition:      3'000 3'-1- ->      3'001 8'00101000
  transition:      3'100 3'--0 ->      3'100 8'10010000
  transition:      3'100 3'--1 ->      3'000 8'00010000
  transition:      3'010 3'--- ->      3'011 8'01100010
  transition:      3'001 3'--- ->      3'010 8'01000001
  transition:      3'011 3'--- ->      3'100 8'10000100

15.7.3. Executing FSM_OPT pass (simple optimizations of FSMs).
Optimizing FSM `$fsm$\mult_i.mulh_CS$14589' from module `\cv32e40p_ex_stage$cv32e40p_core.ex_stage_i'.
  Removing unused input signal \mult_i._086_.
Optimizing FSM `$fsm$\alu_i.alu_div_i.State_SP$14584' from module `\cv32e40p_ex_stage$cv32e40p_core.ex_stage_i'.
  Removing unused input signal \alu_i.alu_div_i._061_.

15.7.4. Executing OPT_CLEAN pass (remove unused cells and wires).
Finding unused cells or wires in module \cv32e40p_ex_stage$cv32e40p_core.ex_stage_i..
Removed 26 unused cells and 30 unused wires.
<suppressed ~45 debug messages>

15.7.5. Executing FSM_OPT pass (simple optimizations of FSMs).
Optimizing FSM `$fsm$\mult_i.mulh_CS$14589' from module `\cv32e40p_ex_stage$cv32e40p_core.ex_stage_i'.
  Removing unused output signal \mult_i._113_ [0].
  Removing unused output signal \mult_i._113_ [1].
  Removing unused output signal \mult_i._113_ [2].
Optimizing FSM `$fsm$\alu_i.alu_div_i.State_SP$14584' from module `\cv32e40p_ex_stage$cv32e40p_core.ex_stage_i'.
  Removing unused output signal \alu_i.alu_div_i.State_SN [0].
  Removing unused output signal \alu_i.alu_div_i.State_SN [1].

15.7.6. Executing FSM_RECODE pass (re-assigning FSM state encoding).
Recoding FSM `$fsm$\mult_i.mulh_CS$14589' from module `\cv32e40p_ex_stage$cv32e40p_core.ex_stage_i' using `auto' encoding:
  mapping auto encoding to `one-hot` for this FSM.
  000 -> ----1
  100 -> ---1-
  010 -> --1--
  001 -> -1---
  011 -> 1----
Recoding FSM `$fsm$\alu_i.alu_div_i.State_SP$14584' from module `\cv32e40p_ex_stage$cv32e40p_core.ex_stage_i' using `auto' encoding:
  mapping auto encoding to `one-hot` for this FSM.
  00 -> --1
  10 -> -1-
  01 -> 1--

15.7.7. Executing FSM_INFO pass (dumping all available information on FSM cells).

FSM `$fsm$\mult_i.mulh_CS$14589' from module `cv32e40p_ex_stage$cv32e40p_core.ex_stage_i':
-------------------------------------

  Information on FSM $fsm$\mult_i.mulh_CS$14589 (\mult_i.mulh_CS):

  Number of input signals:    2
  Number of output signals:   5
  Number of state bits:       5

  Input signals:
    0: \ex_ready_o
    1: \mult_i._161_

  Output signals:
    0: \mult_i._172_
    1: \mult_i._171_
    2: \mult_i._170_
    3: \mult_i._163_
    4: \mult_i._159_

  State encoding:
    0:    5'----1  <RESET STATE>
    1:    5'---1-
    2:    5'--1--
    3:    5'-1---
    4:    5'1----

  Transition Table (state_in, ctrl_in, state_out, ctrl_out):
      0:     0 2'0-   ->     0 5'01000
      1:     0 2'1-   ->     3 5'01000
      2:     1 2'-1   ->     0 5'10000
      3:     1 2'-0   ->     1 5'10000
      4:     2 2'--   ->     4 5'00010
      5:     3 2'--   ->     2 5'00001
      6:     4 2'--   ->     1 5'00100

-------------------------------------

FSM `$fsm$\alu_i.alu_div_i.State_SP$14584' from module `cv32e40p_ex_stage$cv32e40p_core.ex_stage_i':
-------------------------------------

  Information on FSM $fsm$\alu_i.alu_div_i.State_SP$14584 (\alu_i.alu_div_i.State_SP):

  Number of input signals:    3
  Number of output signals:   3
  Number of state bits:       3

  Input signals:
    0: \ex_ready_o
    1: \alu_i.alu_div_i.InVld_SI
    2: \alu_i.alu_div_i._021_

  Output signals:
    0: \alu_i.alu_div_i._074_
    1: \alu_i.alu_div_i._095_
    2: \alu_i.alu_div_i._096_

  State encoding:
    0:      3'--1  <RESET STATE>
    1:      3'-1-
    2:      3'1--

  Transition Table (state_in, ctrl_in, state_out, ctrl_out):
      0:     0 3'-0-   ->     0 3'001
      1:     0 3'-1-   ->     2 3'001
      2:     1 3'--1   ->     0 3'010
      3:     1 3'--0   ->     1 3'010
      4:     2 3'0--   ->     1 3'100
      5:     2 3'1--   ->     2 3'100

-------------------------------------

15.7.8. Executing FSM_MAP pass (mapping FSMs to basic logic).
Mapping FSM `$fsm$\mult_i.mulh_CS$14589' from module `\cv32e40p_ex_stage$cv32e40p_core.ex_stage_i'.
Mapping FSM `$fsm$\alu_i.alu_div_i.State_SP$14584' from module `\cv32e40p_ex_stage$cv32e40p_core.ex_stage_i'.

15.8. Executing OPT pass (performing simple optimizations).

15.8.1. Executing OPT_EXPR pass (perform const folding).
Optimizing module cv32e40p_ex_stage$cv32e40p_core.ex_stage_i.
<suppressed ~10 debug messages>

15.8.2. Executing OPT_MERGE pass (detect identical cells).
Finding identical cells in module `\cv32e40p_ex_stage$cv32e40p_core.ex_stage_i'.
Computing hashes of 681 cells of `\cv32e40p_ex_stage$cv32e40p_core.ex_stage_i'.
Finding duplicate cells in `\cv32e40p_ex_stage$cv32e40p_core.ex_stage_i'.
Computing hashes of 680 cells of `\cv32e40p_ex_stage$cv32e40p_core.ex_stage_i'.
Finding duplicate cells in `\cv32e40p_ex_stage$cv32e40p_core.ex_stage_i'.
<suppressed ~3 debug messages>
Removed a total of 1 cells.

15.8.3. Executing OPT_MUXTREE pass (detect dead branches in mux trees).
Running muxtree optimizer on module \cv32e40p_ex_stage$cv32e40p_core.ex_stage_i..
  Creating internal representation of mux trees.
  Evaluating internal representation of mux trees.
  Analyzing evaluation results.
Removed 0 multiplexer ports.
<suppressed ~474 debug messages>

15.8.4. Executing OPT_REDUCE pass (consolidate $*mux and $reduce_* inputs).
  Optimizing cells in module \cv32e40p_ex_stage$cv32e40p_core.ex_stage_i.
Performed a total of 0 changes.

15.8.5. Executing OPT_MERGE pass (detect identical cells).
Finding identical cells in module `\cv32e40p_ex_stage$cv32e40p_core.ex_stage_i'.
Computing hashes of 680 cells of `\cv32e40p_ex_stage$cv32e40p_core.ex_stage_i'.
Finding duplicate cells in `\cv32e40p_ex_stage$cv32e40p_core.ex_stage_i'.
Removed a total of 0 cells.

15.8.6. Executing OPT_DFF pass (perform DFF optimizations).
Adding EN signal on $procdff$14533 ($adff) from module cv32e40p_ex_stage$cv32e40p_core.ex_stage_i (D = \regfile_waddr_i, Q = \regfile_waddr_lsu).
Adding EN signal on $procdff$14528 ($adff) from module cv32e40p_ex_stage$cv32e40p_core.ex_stage_i (D = \_049_, Q = \regfile_we_lsu).
Adding EN signal on $flatten\mult_i.$procdff$14538 ($adff) from module cv32e40p_ex_stage$cv32e40p_core.ex_stage_i (D = \mult_i._123_, Q = \mult_i.mulh_carry_q).
Adding EN signal on $flatten\alu_i.\alu_div_i.$procdff$14583 ($adff) from module cv32e40p_ex_stage$cv32e40p_core.ex_stage_i (D = \alu_i.alu_div_i.AddOut_D, Q = \alu_i.alu_div_i.AReg_DP).
Adding EN signal on $flatten\alu_i.\alu_div_i.$procdff$14578 ($adff) from module cv32e40p_ex_stage$cv32e40p_core.ex_stage_i (D = \alu_i.alu_div_i.BMux_D, Q = \alu_i.alu_div_i.BReg_DP).
Adding EN signal on $flatten\alu_i.\alu_div_i.$procdff$14573 ($adff) from module cv32e40p_ex_stage$cv32e40p_core.ex_stage_i (D = \alu_i.alu_div_i._024_ [5:0], Q = \alu_i.alu_div_i.Cnt_DP).
Adding EN signal on $flatten\alu_i.\alu_div_i.$procdff$14568 ($adff) from module cv32e40p_ex_stage$cv32e40p_core.ex_stage_i (D = \alu_i.alu_div_i.OpBSign_SI, Q = \alu_i.alu_div_i.CompInv_SP).
Adding EN signal on $flatten\alu_i.\alu_div_i.$procdff$14563 ($adff) from module cv32e40p_ex_stage$cv32e40p_core.ex_stage_i (D = \alu_operator_i [1], Q = \alu_i.alu_div_i.RemSel_SP).
Adding EN signal on $flatten\alu_i.\alu_div_i.$procdff$14558 ($adff) from module cv32e40p_ex_stage$cv32e40p_core.ex_stage_i (D = \alu_i.alu_div_i._034_, Q = \alu_i.alu_div_i.ResInv_SP).
Adding EN signal on $flatten\alu_i.\alu_div_i.$procdff$14553 ($adff) from module cv32e40p_ex_stage$cv32e40p_core.ex_stage_i (D = \alu_i.alu_div_i.ResReg_DN, Q = \alu_i.alu_div_i.ResReg_DP).

15.8.7. Executing OPT_CLEAN pass (remove unused cells and wires).
Finding unused cells or wires in module \cv32e40p_ex_stage$cv32e40p_core.ex_stage_i..
Removed 7 unused cells and 20 unused wires.
<suppressed ~16 debug messages>

15.8.8. Executing OPT_EXPR pass (perform const folding).
Optimizing module cv32e40p_ex_stage$cv32e40p_core.ex_stage_i.
<suppressed ~4 debug messages>

15.8.9. Rerunning OPT passes. (Maybe there is more to do..)

15.8.10. Executing OPT_MUXTREE pass (detect dead branches in mux trees).
Running muxtree optimizer on module \cv32e40p_ex_stage$cv32e40p_core.ex_stage_i..
  Creating internal representation of mux trees.
  Evaluating internal representation of mux trees.
  Analyzing evaluation results.
Removed 0 multiplexer ports.
<suppressed ~463 debug messages>

15.8.11. Executing OPT_REDUCE pass (consolidate $*mux and $reduce_* inputs).
  Optimizing cells in module \cv32e40p_ex_stage$cv32e40p_core.ex_stage_i.
Performed a total of 0 changes.

15.8.12. Executing OPT_MERGE pass (detect identical cells).
Finding identical cells in module `\cv32e40p_ex_stage$cv32e40p_core.ex_stage_i'.
Computing hashes of 678 cells of `\cv32e40p_ex_stage$cv32e40p_core.ex_stage_i'.
Finding duplicate cells in `\cv32e40p_ex_stage$cv32e40p_core.ex_stage_i'.
Removed a total of 0 cells.

15.8.13. Executing OPT_DFF pass (perform DFF optimizations).

15.8.14. Executing OPT_CLEAN pass (remove unused cells and wires).
Finding unused cells or wires in module \cv32e40p_ex_stage$cv32e40p_core.ex_stage_i..

15.8.15. Executing OPT_EXPR pass (perform const folding).
Optimizing module cv32e40p_ex_stage$cv32e40p_core.ex_stage_i.

15.8.16. Finished fast OPT passes. (There is nothing left to do.)

15.9. Executing WREDUCE pass (reducing word size of cells).
Removed top 1 bits (of 2) from port A of cell cv32e40p_ex_stage$cv32e40p_core.ex_stage_i.$flatten\alu_i.\popcnt_i.$add$/workspace/incremental-synthesis/benchmarks/cv32e40p-eco-001-base/core/common/normalized_cv32e40p.v:40361$13872 ($add).
Removed top 1 bits (of 2) from port B of cell cv32e40p_ex_stage$cv32e40p_core.ex_stage_i.$flatten\alu_i.\popcnt_i.$add$/workspace/incremental-synthesis/benchmarks/cv32e40p-eco-001-base/core/common/normalized_cv32e40p.v:40361$13872 ($add).
Removed top 2 bits (of 4) from mux cell cv32e40p_ex_stage$cv32e40p_core.ex_stage_i.$flatten\alu_i.$ternary$/workspace/incremental-synthesis/benchmarks/cv32e40p-eco-001-base/core/common/normalized_cv32e40p.v:2082$715 ($mux).
Removed top 2 bits (of 4) from mux cell cv32e40p_ex_stage$cv32e40p_core.ex_stage_i.$flatten\alu_i.$ternary$/workspace/incremental-synthesis/benchmarks/cv32e40p-eco-001-base/core/common/normalized_cv32e40p.v:2076$709 ($mux).
Removed top 2 bits (of 4) from mux cell cv32e40p_ex_stage$cv32e40p_core.ex_stage_i.$flatten\alu_i.$ternary$/workspace/incremental-synthesis/benchmarks/cv32e40p-eco-001-base/core/common/normalized_cv32e40p.v:2073$706 ($mux).
Removed top 1 bits (of 4) from mux cell cv32e40p_ex_stage$cv32e40p_core.ex_stage_i.$flatten\alu_i.$ternary$/workspace/incremental-synthesis/benchmarks/cv32e40p-eco-001-base/core/common/normalized_cv32e40p.v:2070$703 ($mux).
Removed top 1 bits (of 8) from mux cell cv32e40p_ex_stage$cv32e40p_core.ex_stage_i.$flatten\alu_i.$ternary$/workspace/incremental-synthesis/benchmarks/cv32e40p-eco-001-base/core/common/normalized_cv32e40p.v:2031$664 ($mux).
Removed top 1 bits (of 6) from mux cell cv32e40p_ex_stage$cv32e40p_core.ex_stage_i.$flatten\alu_i.$ternary$/workspace/incremental-synthesis/benchmarks/cv32e40p-eco-001-base/core/common/normalized_cv32e40p.v:1998$631 ($mux).
Removed top 2 bits (of 4) from mux cell cv32e40p_ex_stage$cv32e40p_core.ex_stage_i.$flatten\alu_i.$ternary$/workspace/incremental-synthesis/benchmarks/cv32e40p-eco-001-base/core/common/normalized_cv32e40p.v:1891$524 ($mux).
Removed top 1 bits (of 4) from mux cell cv32e40p_ex_stage$cv32e40p_core.ex_stage_i.$flatten\alu_i.$ternary$/workspace/incremental-synthesis/benchmarks/cv32e40p-eco-001-base/core/common/normalized_cv32e40p.v:1863$496 ($mux).
Removed top 5 bits (of 6) from mux cell cv32e40p_ex_stage$cv32e40p_core.ex_stage_i.$flatten\alu_i.$ternary$/workspace/incremental-synthesis/benchmarks/cv32e40p-eco-001-base/core/common/normalized_cv32e40p.v:1709$367 ($mux).
Removed top 3 bits (of 32) from mux cell cv32e40p_ex_stage$cv32e40p_core.ex_stage_i.$flatten\alu_i.$ternary$/workspace/incremental-synthesis/benchmarks/cv32e40p-eco-001-base/core/common/normalized_cv32e40p.v:1370$223 ($mux).
Removed top 5 bits (of 32) from mux cell cv32e40p_ex_stage$cv32e40p_core.ex_stage_i.$flatten\alu_i.$ternary$/workspace/incremental-synthesis/benchmarks/cv32e40p-eco-001-base/core/common/normalized_cv32e40p.v:1368$222 ($mux).
Removed top 5 bits (of 32) from mux cell cv32e40p_ex_stage$cv32e40p_core.ex_stage_i.$flatten\alu_i.$ternary$/workspace/incremental-synthesis/benchmarks/cv32e40p-eco-001-base/core/common/normalized_cv32e40p.v:1367$221 ($mux).
Removed top 1 bits (of 32) from mux cell cv32e40p_ex_stage$cv32e40p_core.ex_stage_i.$flatten\alu_i.$ternary$/workspace/incremental-synthesis/benchmarks/cv32e40p-eco-001-base/core/common/normalized_cv32e40p.v:1305$173 ($mux).
Removed top 1 bits (of 6) from port A of cell cv32e40p_ex_stage$cv32e40p_core.ex_stage_i.$flatten\alu_i.$sub$/workspace/incremental-synthesis/benchmarks/cv32e40p-eco-001-base/core/common/normalized_cv32e40p.v:1603$347 ($sub).
Removed top 5 bits (of 6) from port B of cell cv32e40p_ex_stage$cv32e40p_core.ex_stage_i.$flatten\alu_i.$sub$/workspace/incremental-synthesis/benchmarks/cv32e40p-eco-001-base/core/common/normalized_cv32e40p.v:1603$347 ($sub).
Removed top 1 bits (of 9) from port Y of cell cv32e40p_ex_stage$cv32e40p_core.ex_stage_i.$flatten\alu_i.$sshr$/workspace/incremental-synthesis/benchmarks/cv32e40p-eco-001-base/core/common/normalized_cv32e40p.v:1390$238 ($sshr).
Removed top 1 bits (of 9) from port Y of cell cv32e40p_ex_stage$cv32e40p_core.ex_stage_i.$flatten\alu_i.$sshr$/workspace/incremental-synthesis/benchmarks/cv32e40p-eco-001-base/core/common/normalized_cv32e40p.v:1388$236 ($sshr).
Removed top 1 bits (of 9) from port Y of cell cv32e40p_ex_stage$cv32e40p_core.ex_stage_i.$flatten\alu_i.$sshr$/workspace/incremental-synthesis/benchmarks/cv32e40p-eco-001-base/core/common/normalized_cv32e40p.v:1386$234 ($sshr).
Removed top 1 bits (of 9) from port Y of cell cv32e40p_ex_stage$cv32e40p_core.ex_stage_i.$flatten\alu_i.$sshr$/workspace/incremental-synthesis/benchmarks/cv32e40p-eco-001-base/core/common/normalized_cv32e40p.v:1383$232 ($sshr).
Removed top 1 bits (of 17) from port Y of cell cv32e40p_ex_stage$cv32e40p_core.ex_stage_i.$flatten\alu_i.$sshr$/workspace/incremental-synthesis/benchmarks/cv32e40p-eco-001-base/core/common/normalized_cv32e40p.v:1381$230 ($sshr).
Removed top 1 bits (of 17) from port Y of cell cv32e40p_ex_stage$cv32e40p_core.ex_stage_i.$flatten\alu_i.$sshr$/workspace/incremental-synthesis/benchmarks/cv32e40p-eco-001-base/core/common/normalized_cv32e40p.v:1379$228 ($sshr).
Removed top 32 bits (of 64) from port Y of cell cv32e40p_ex_stage$cv32e40p_core.ex_stage_i.$flatten\alu_i.$shr$/workspace/incremental-synthesis/benchmarks/cv32e40p-eco-001-base/core/common/normalized_cv32e40p.v:1391$239 ($shr).
Removed top 1 bits (of 7) from port A of cell cv32e40p_ex_stage$cv32e40p_core.ex_stage_i.$flatten\alu_i.$lt$/workspace/incremental-synthesis/benchmarks/cv32e40p-eco-001-base/core/common/normalized_cv32e40p.v:1622$357 ($lt).
Converting cell cv32e40p_ex_stage$cv32e40p_core.ex_stage_i.$flatten\alu_i.$lt$/workspace/incremental-synthesis/benchmarks/cv32e40p-eco-001-base/core/common/normalized_cv32e40p.v:1622$357 ($lt) from signed to unsigned.
Removed top 1 bits (of 6) from port A of cell cv32e40p_ex_stage$cv32e40p_core.ex_stage_i.$flatten\alu_i.$lt$/workspace/incremental-synthesis/benchmarks/cv32e40p-eco-001-base/core/common/normalized_cv32e40p.v:1622$357 ($lt).
Removed top 1 bits (of 7) from port B of cell cv32e40p_ex_stage$cv32e40p_core.ex_stage_i.$flatten\alu_i.$lt$/workspace/incremental-synthesis/benchmarks/cv32e40p-eco-001-base/core/common/normalized_cv32e40p.v:1622$357 ($lt).
Removed top 1 bits (of 2) from port B of cell cv32e40p_ex_stage$cv32e40p_core.ex_stage_i.$flatten\alu_i.$eq$/workspace/incremental-synthesis/benchmarks/cv32e40p-eco-001-base/core/common/normalized_cv32e40p.v:2052$685 ($eq).
Removed top 1 bits (of 2) from port B of cell cv32e40p_ex_stage$cv32e40p_core.ex_stage_i.$flatten\alu_i.$eq$/workspace/incremental-synthesis/benchmarks/cv32e40p-eco-001-base/core/common/normalized_cv32e40p.v:1994$627 ($eq).
Removed top 2 bits (of 7) from port B of cell cv32e40p_ex_stage$cv32e40p_core.ex_stage_i.$flatten\alu_i.$eq$/workspace/incremental-synthesis/benchmarks/cv32e40p-eco-001-base/core/common/normalized_cv32e40p.v:1992$625 ($eq).
Removed top 1 bits (of 7) from port B of cell cv32e40p_ex_stage$cv32e40p_core.ex_stage_i.$flatten\alu_i.$eq$/workspace/incremental-synthesis/benchmarks/cv32e40p-eco-001-base/core/common/normalized_cv32e40p.v:1991$624 ($eq).
Removed top 1 bits (of 7) from port B of cell cv32e40p_ex_stage$cv32e40p_core.ex_stage_i.$flatten\alu_i.$eq$/workspace/incremental-synthesis/benchmarks/cv32e40p-eco-001-base/core/common/normalized_cv32e40p.v:1990$623 ($eq).
Removed top 1 bits (of 7) from port B of cell cv32e40p_ex_stage$cv32e40p_core.ex_stage_i.$flatten\alu_i.$eq$/workspace/incremental-synthesis/benchmarks/cv32e40p-eco-001-base/core/common/normalized_cv32e40p.v:1989$622 ($eq).
Removed top 1 bits (of 7) from port B of cell cv32e40p_ex_stage$cv32e40p_core.ex_stage_i.$flatten\alu_i.$eq$/workspace/incremental-synthesis/benchmarks/cv32e40p-eco-001-base/core/common/normalized_cv32e40p.v:1976$609 ($eq).
Removed top 1 bits (of 7) from port B of cell cv32e40p_ex_stage$cv32e40p_core.ex_stage_i.$flatten\alu_i.$eq$/workspace/incremental-synthesis/benchmarks/cv32e40p-eco-001-base/core/common/normalized_cv32e40p.v:1972$605 ($eq).
Removed top 1 bits (of 7) from port B of cell cv32e40p_ex_stage$cv32e40p_core.ex_stage_i.$flatten\alu_i.$eq$/workspace/incremental-synthesis/benchmarks/cv32e40p-eco-001-base/core/common/normalized_cv32e40p.v:1971$604 ($eq).
Removed top 1 bits (of 7) from port B of cell cv32e40p_ex_stage$cv32e40p_core.ex_stage_i.$flatten\alu_i.$eq$/workspace/incremental-synthesis/benchmarks/cv32e40p-eco-001-base/core/common/normalized_cv32e40p.v:1969$602 ($eq).
Removed top 1 bits (of 7) from port B of cell cv32e40p_ex_stage$cv32e40p_core.ex_stage_i.$flatten\alu_i.$eq$/workspace/incremental-synthesis/benchmarks/cv32e40p-eco-001-base/core/common/normalized_cv32e40p.v:1967$600 ($eq).
Removed top 1 bits (of 7) from port B of cell cv32e40p_ex_stage$cv32e40p_core.ex_stage_i.$flatten\alu_i.$eq$/workspace/incremental-synthesis/benchmarks/cv32e40p-eco-001-base/core/common/normalized_cv32e40p.v:1966$599 ($eq).
Removed top 1 bits (of 7) from port B of cell cv32e40p_ex_stage$cv32e40p_core.ex_stage_i.$flatten\alu_i.$eq$/workspace/incremental-synthesis/benchmarks/cv32e40p-eco-001-base/core/common/normalized_cv32e40p.v:1965$598 ($eq).
Removed top 1 bits (of 7) from port B of cell cv32e40p_ex_stage$cv32e40p_core.ex_stage_i.$flatten\alu_i.$eq$/workspace/incremental-synthesis/benchmarks/cv32e40p-eco-001-base/core/common/normalized_cv32e40p.v:1964$597 ($eq).
Removed top 1 bits (of 7) from port B of cell cv32e40p_ex_stage$cv32e40p_core.ex_stage_i.$flatten\alu_i.$eq$/workspace/incremental-synthesis/benchmarks/cv32e40p-eco-001-base/core/common/normalized_cv32e40p.v:1963$596 ($eq).
Removed top 2 bits (of 7) from port B of cell cv32e40p_ex_stage$cv32e40p_core.ex_stage_i.$flatten\alu_i.$eq$/workspace/incremental-synthesis/benchmarks/cv32e40p-eco-001-base/core/common/normalized_cv32e40p.v:1961$594 ($eq).
Removed top 2 bits (of 7) from port B of cell cv32e40p_ex_stage$cv32e40p_core.ex_stage_i.$flatten\alu_i.$eq$/workspace/incremental-synthesis/benchmarks/cv32e40p-eco-001-base/core/common/normalized_cv32e40p.v:1960$593 ($eq).
Removed top 4 bits (of 7) from port B of cell cv32e40p_ex_stage$cv32e40p_core.ex_stage_i.$flatten\alu_i.$eq$/workspace/incremental-synthesis/benchmarks/cv32e40p-eco-001-base/core/common/normalized_cv32e40p.v:1952$585 ($eq).
Removed top 3 bits (of 7) from port B of cell cv32e40p_ex_stage$cv32e40p_core.ex_stage_i.$flatten\alu_i.$eq$/workspace/incremental-synthesis/benchmarks/cv32e40p-eco-001-base/core/common/normalized_cv32e40p.v:1950$583 ($eq).
Removed top 3 bits (of 7) from port B of cell cv32e40p_ex_stage$cv32e40p_core.ex_stage_i.$flatten\alu_i.$eq$/workspace/incremental-synthesis/benchmarks/cv32e40p-eco-001-base/core/common/normalized_cv32e40p.v:1949$582 ($eq).
Removed top 4 bits (of 7) from port B of cell cv32e40p_ex_stage$cv32e40p_core.ex_stage_i.$flatten\alu_i.$eq$/workspace/incremental-synthesis/benchmarks/cv32e40p-eco-001-base/core/common/normalized_cv32e40p.v:1948$581 ($eq).
Removed top 6 bits (of 7) from port B of cell cv32e40p_ex_stage$cv32e40p_core.ex_stage_i.$flatten\alu_i.$eq$/workspace/incremental-synthesis/benchmarks/cv32e40p-eco-001-base/core/common/normalized_cv32e40p.v:1947$580 ($eq).
Removed top 3 bits (of 7) from port B of cell cv32e40p_ex_stage$cv32e40p_core.ex_stage_i.$flatten\alu_i.$eq$/workspace/incremental-synthesis/benchmarks/cv32e40p-eco-001-base/core/common/normalized_cv32e40p.v:1946$579 ($eq).
Removed top 3 bits (of 7) from port B of cell cv32e40p_ex_stage$cv32e40p_core.ex_stage_i.$flatten\alu_i.$eq$/workspace/incremental-synthesis/benchmarks/cv32e40p-eco-001-base/core/common/normalized_cv32e40p.v:1945$578 ($eq).
Removed top 3 bits (of 7) from port B of cell cv32e40p_ex_stage$cv32e40p_core.ex_stage_i.$flatten\alu_i.$eq$/workspace/incremental-synthesis/benchmarks/cv32e40p-eco-001-base/core/common/normalized_cv32e40p.v:1944$577 ($eq).
Removed top 3 bits (of 7) from port B of cell cv32e40p_ex_stage$cv32e40p_core.ex_stage_i.$flatten\alu_i.$eq$/workspace/incremental-synthesis/benchmarks/cv32e40p-eco-001-base/core/common/normalized_cv32e40p.v:1943$576 ($eq).
Removed top 4 bits (of 7) from port B of cell cv32e40p_ex_stage$cv32e40p_core.ex_stage_i.$flatten\alu_i.$eq$/workspace/incremental-synthesis/benchmarks/cv32e40p-eco-001-base/core/common/normalized_cv32e40p.v:1941$574 ($eq).
Removed top 4 bits (of 7) from port B of cell cv32e40p_ex_stage$cv32e40p_core.ex_stage_i.$flatten\alu_i.$eq$/workspace/incremental-synthesis/benchmarks/cv32e40p-eco-001-base/core/common/normalized_cv32e40p.v:1940$573 ($eq).
Removed top 5 bits (of 7) from port B of cell cv32e40p_ex_stage$cv32e40p_core.ex_stage_i.$flatten\alu_i.$eq$/workspace/incremental-synthesis/benchmarks/cv32e40p-eco-001-base/core/common/normalized_cv32e40p.v:1939$572 ($eq).
Removed top 5 bits (of 7) from port B of cell cv32e40p_ex_stage$cv32e40p_core.ex_stage_i.$flatten\alu_i.$eq$/workspace/incremental-synthesis/benchmarks/cv32e40p-eco-001-base/core/common/normalized_cv32e40p.v:1938$571 ($eq).
Removed top 1 bits (of 7) from port B of cell cv32e40p_ex_stage$cv32e40p_core.ex_stage_i.$flatten\alu_i.$eq$/workspace/incremental-synthesis/benchmarks/cv32e40p-eco-001-base/core/common/normalized_cv32e40p.v:1936$569 ($eq).
Removed top 1 bits (of 7) from port B of cell cv32e40p_ex_stage$cv32e40p_core.ex_stage_i.$flatten\alu_i.$eq$/workspace/incremental-synthesis/benchmarks/cv32e40p-eco-001-base/core/common/normalized_cv32e40p.v:1933$566 ($eq).
Removed top 1 bits (of 7) from port B of cell cv32e40p_ex_stage$cv32e40p_core.ex_stage_i.$flatten\alu_i.$eq$/workspace/incremental-synthesis/benchmarks/cv32e40p-eco-001-base/core/common/normalized_cv32e40p.v:1519$296 ($eq).
Removed top 2 bits (of 7) from port B of cell cv32e40p_ex_stage$cv32e40p_core.ex_stage_i.$flatten\alu_i.$eq$/workspace/incremental-synthesis/benchmarks/cv32e40p-eco-001-base/core/common/normalized_cv32e40p.v:1498$284 ($eq).
Removed top 2 bits (of 7) from port B of cell cv32e40p_ex_stage$cv32e40p_core.ex_stage_i.$flatten\alu_i.$eq$/workspace/incremental-synthesis/benchmarks/cv32e40p-eco-001-base/core/common/normalized_cv32e40p.v:1494$282 ($eq).
Removed top 2 bits (of 7) from port B of cell cv32e40p_ex_stage$cv32e40p_core.ex_stage_i.$flatten\alu_i.$eq$/workspace/incremental-synthesis/benchmarks/cv32e40p-eco-001-base/core/common/normalized_cv32e40p.v:1493$281 ($eq).
Removed top 2 bits (of 7) from port B of cell cv32e40p_ex_stage$cv32e40p_core.ex_stage_i.$flatten\alu_i.$eq$/workspace/incremental-synthesis/benchmarks/cv32e40p-eco-001-base/core/common/normalized_cv32e40p.v:1490$279 ($eq).
Removed top 2 bits (of 7) from port B of cell cv32e40p_ex_stage$cv32e40p_core.ex_stage_i.$flatten\alu_i.$eq$/workspace/incremental-synthesis/benchmarks/cv32e40p-eco-001-base/core/common/normalized_cv32e40p.v:1432$241 ($eq).
Removed top 1 bits (of 7) from port B of cell cv32e40p_ex_stage$cv32e40p_core.ex_stage_i.$flatten\alu_i.$eq$/workspace/incremental-synthesis/benchmarks/cv32e40p-eco-001-base/core/common/normalized_cv32e40p.v:1373$224 ($eq).
Removed top 1 bits (of 7) from port B of cell cv32e40p_ex_stage$cv32e40p_core.ex_stage_i.$flatten\alu_i.$eq$/workspace/incremental-synthesis/benchmarks/cv32e40p-eco-001-base/core/common/normalized_cv32e40p.v:1351$209 ($eq).
Removed top 1 bits (of 7) from port B of cell cv32e40p_ex_stage$cv32e40p_core.ex_stage_i.$flatten\alu_i.$eq$/workspace/incremental-synthesis/benchmarks/cv32e40p-eco-001-base/core/common/normalized_cv32e40p.v:1350$208 ($eq).
Removed top 2 bits (of 7) from port B of cell cv32e40p_ex_stage$cv32e40p_core.ex_stage_i.$flatten\alu_i.$eq$/workspace/incremental-synthesis/benchmarks/cv32e40p-eco-001-base/core/common/normalized_cv32e40p.v:1343$202 ($eq).
Removed top 2 bits (of 7) from port B of cell cv32e40p_ex_stage$cv32e40p_core.ex_stage_i.$flatten\alu_i.$eq$/workspace/incremental-synthesis/benchmarks/cv32e40p-eco-001-base/core/common/normalized_cv32e40p.v:1340$200 ($eq).
Removed top 2 bits (of 7) from port B of cell cv32e40p_ex_stage$cv32e40p_core.ex_stage_i.$flatten\alu_i.$eq$/workspace/incremental-synthesis/benchmarks/cv32e40p-eco-001-base/core/common/normalized_cv32e40p.v:1334$194 ($eq).
Removed top 2 bits (of 7) from port B of cell cv32e40p_ex_stage$cv32e40p_core.ex_stage_i.$flatten\alu_i.$eq$/workspace/incremental-synthesis/benchmarks/cv32e40p-eco-001-base/core/common/normalized_cv32e40p.v:1333$193 ($eq).
Removed top 1 bits (of 7) from port B of cell cv32e40p_ex_stage$cv32e40p_core.ex_stage_i.$flatten\alu_i.$eq$/workspace/incremental-synthesis/benchmarks/cv32e40p-eco-001-base/core/common/normalized_cv32e40p.v:1327$189 ($eq).
Removed top 1 bits (of 7) from port B of cell cv32e40p_ex_stage$cv32e40p_core.ex_stage_i.$flatten\alu_i.$eq$/workspace/incremental-synthesis/benchmarks/cv32e40p-eco-001-base/core/common/normalized_cv32e40p.v:1325$187 ($eq).
Removed top 1 bits (of 7) from port B of cell cv32e40p_ex_stage$cv32e40p_core.ex_stage_i.$flatten\alu_i.$eq$/workspace/incremental-synthesis/benchmarks/cv32e40p-eco-001-base/core/common/normalized_cv32e40p.v:1323$185 ($eq).
Removed top 1 bits (of 7) from port B of cell cv32e40p_ex_stage$cv32e40p_core.ex_stage_i.$flatten\alu_i.$eq$/workspace/incremental-synthesis/benchmarks/cv32e40p-eco-001-base/core/common/normalized_cv32e40p.v:1321$183 ($eq).
Removed top 1 bits (of 7) from port B of cell cv32e40p_ex_stage$cv32e40p_core.ex_stage_i.$flatten\alu_i.$eq$/workspace/incremental-synthesis/benchmarks/cv32e40p-eco-001-base/core/common/normalized_cv32e40p.v:1318$181 ($eq).
Removed top 1 bits (of 7) from port B of cell cv32e40p_ex_stage$cv32e40p_core.ex_stage_i.$flatten\alu_i.$eq$/workspace/incremental-synthesis/benchmarks/cv32e40p-eco-001-base/core/common/normalized_cv32e40p.v:1316$179 ($eq).
Removed top 1 bits (of 7) from port B of cell cv32e40p_ex_stage$cv32e40p_core.ex_stage_i.$flatten\alu_i.$eq$/workspace/incremental-synthesis/benchmarks/cv32e40p-eco-001-base/core/common/normalized_cv32e40p.v:1314$177 ($eq).
Removed top 1 bits (of 7) from port B of cell cv32e40p_ex_stage$cv32e40p_core.ex_stage_i.$flatten\alu_i.$eq$/workspace/incremental-synthesis/benchmarks/cv32e40p-eco-001-base/core/common/normalized_cv32e40p.v:1313$176 ($eq).
Removed top 2 bits (of 7) from port B of cell cv32e40p_ex_stage$cv32e40p_core.ex_stage_i.$flatten\alu_i.$eq$/workspace/incremental-synthesis/benchmarks/cv32e40p-eco-001-base/core/common/normalized_cv32e40p.v:1303$171 ($eq).
Removed top 2 bits (of 7) from port B of cell cv32e40p_ex_stage$cv32e40p_core.ex_stage_i.$flatten\alu_i.$eq$/workspace/incremental-synthesis/benchmarks/cv32e40p-eco-001-base/core/common/normalized_cv32e40p.v:1301$169 ($eq).
Removed top 2 bits (of 7) from port B of cell cv32e40p_ex_stage$cv32e40p_core.ex_stage_i.$flatten\alu_i.$eq$/workspace/incremental-synthesis/benchmarks/cv32e40p-eco-001-base/core/common/normalized_cv32e40p.v:1298$167 ($eq).
Removed top 2 bits (of 7) from port B of cell cv32e40p_ex_stage$cv32e40p_core.ex_stage_i.$flatten\alu_i.$eq$/workspace/incremental-synthesis/benchmarks/cv32e40p-eco-001-base/core/common/normalized_cv32e40p.v:1297$166 ($eq).
Removed top 5 bits (of 6) from port B of cell cv32e40p_ex_stage$cv32e40p_core.ex_stage_i.$flatten\alu_i.$add$/workspace/incremental-synthesis/benchmarks/cv32e40p-eco-001-base/core/common/normalized_cv32e40p.v:1710$368 ($add).
Removed top 1 bits (of 32) from port B of cell cv32e40p_ex_stage$cv32e40p_core.ex_stage_i.$flatten\alu_i.$add$/workspace/incremental-synthesis/benchmarks/cv32e40p-eco-001-base/core/common/normalized_cv32e40p.v:1307$174 ($add).
Converting cell cv32e40p_ex_stage$cv32e40p_core.ex_stage_i.$flatten\alu_i.$add$/workspace/incremental-synthesis/benchmarks/cv32e40p-eco-001-base/core/common/normalized_cv32e40p.v:1294$165 ($add) from unsigned to signed.
Removed top 1 bits (of 37) from port A of cell cv32e40p_ex_stage$cv32e40p_core.ex_stage_i.$flatten\alu_i.$add$/workspace/incremental-synthesis/benchmarks/cv32e40p-eco-001-base/core/common/normalized_cv32e40p.v:1294$165 ($add).
Removed top 1 bits (of 37) from port B of cell cv32e40p_ex_stage$cv32e40p_core.ex_stage_i.$flatten\alu_i.$add$/workspace/incremental-synthesis/benchmarks/cv32e40p-eco-001-base/core/common/normalized_cv32e40p.v:1294$165 ($add).
Removed top 1 bits (of 2) from port A of cell cv32e40p_ex_stage$cv32e40p_core.ex_stage_i.$flatten\alu_i.\popcnt_i.$add$/workspace/incremental-synthesis/benchmarks/cv32e40p-eco-001-base/core/common/normalized_cv32e40p.v:40301$13842 ($add).
Removed top 1 bits (of 2) from port B of cell cv32e40p_ex_stage$cv32e40p_core.ex_stage_i.$flatten\alu_i.\popcnt_i.$add$/workspace/incremental-synthesis/benchmarks/cv32e40p-eco-001-base/core/common/normalized_cv32e40p.v:40301$13842 ($add).
Removed top 1 bits (of 2) from port A of cell cv32e40p_ex_stage$cv32e40p_core.ex_stage_i.$flatten\alu_i.\popcnt_i.$add$/workspace/incremental-synthesis/benchmarks/cv32e40p-eco-001-base/core/common/normalized_cv32e40p.v:40303$13843 ($add).
Removed top 1 bits (of 2) from port B of cell cv32e40p_ex_stage$cv32e40p_core.ex_stage_i.$flatten\alu_i.\popcnt_i.$add$/workspace/incremental-synthesis/benchmarks/cv32e40p-eco-001-base/core/common/normalized_cv32e40p.v:40303$13843 ($add).
Removed top 1 bits (of 2) from port A of cell cv32e40p_ex_stage$cv32e40p_core.ex_stage_i.$flatten\alu_i.\popcnt_i.$add$/workspace/incremental-synthesis/benchmarks/cv32e40p-eco-001-base/core/common/normalized_cv32e40p.v:40305$13844 ($add).
Removed top 1 bits (of 2) from port B of cell cv32e40p_ex_stage$cv32e40p_core.ex_stage_i.$flatten\alu_i.\popcnt_i.$add$/workspace/incremental-synthesis/benchmarks/cv32e40p-eco-001-base/core/common/normalized_cv32e40p.v:40305$13844 ($add).
Removed top 1 bits (of 2) from port A of cell cv32e40p_ex_stage$cv32e40p_core.ex_stage_i.$flatten\alu_i.\popcnt_i.$add$/workspace/incremental-synthesis/benchmarks/cv32e40p-eco-001-base/core/common/normalized_cv32e40p.v:40307$13845 ($add).
Removed top 1 bits (of 2) from port B of cell cv32e40p_ex_stage$cv32e40p_core.ex_stage_i.$flatten\alu_i.\popcnt_i.$add$/workspace/incremental-synthesis/benchmarks/cv32e40p-eco-001-base/core/common/normalized_cv32e40p.v:40307$13845 ($add).
Removed top 1 bits (of 2) from port A of cell cv32e40p_ex_stage$cv32e40p_core.ex_stage_i.$flatten\alu_i.\popcnt_i.$add$/workspace/incremental-synthesis/benchmarks/cv32e40p-eco-001-base/core/common/normalized_cv32e40p.v:40309$13846 ($add).
Removed top 1 bits (of 2) from port B of cell cv32e40p_ex_stage$cv32e40p_core.ex_stage_i.$flatten\alu_i.\popcnt_i.$add$/workspace/incremental-synthesis/benchmarks/cv32e40p-eco-001-base/core/common/normalized_cv32e40p.v:40309$13846 ($add).
Removed top 1 bits (of 2) from port A of cell cv32e40p_ex_stage$cv32e40p_core.ex_stage_i.$flatten\alu_i.\popcnt_i.$add$/workspace/incremental-synthesis/benchmarks/cv32e40p-eco-001-base/core/common/normalized_cv32e40p.v:40311$13847 ($add).
Removed top 1 bits (of 2) from port B of cell cv32e40p_ex_stage$cv32e40p_core.ex_stage_i.$flatten\alu_i.\popcnt_i.$add$/workspace/incremental-synthesis/benchmarks/cv32e40p-eco-001-base/core/common/normalized_cv32e40p.v:40311$13847 ($add).
Removed top 1 bits (of 2) from port A of cell cv32e40p_ex_stage$cv32e40p_core.ex_stage_i.$flatten\alu_i.\popcnt_i.$add$/workspace/incremental-synthesis/benchmarks/cv32e40p-eco-001-base/core/common/normalized_cv32e40p.v:40313$13848 ($add).
Removed top 1 bits (of 2) from port B of cell cv32e40p_ex_stage$cv32e40p_core.ex_stage_i.$flatten\alu_i.\popcnt_i.$add$/workspace/incremental-synthesis/benchmarks/cv32e40p-eco-001-base/core/common/normalized_cv32e40p.v:40313$13848 ($add).
Removed top 1 bits (of 2) from port A of cell cv32e40p_ex_stage$cv32e40p_core.ex_stage_i.$flatten\alu_i.\popcnt_i.$add$/workspace/incremental-synthesis/benchmarks/cv32e40p-eco-001-base/core/common/normalized_cv32e40p.v:40314$13849 ($add).
Removed top 1 bits (of 2) from port B of cell cv32e40p_ex_stage$cv32e40p_core.ex_stage_i.$flatten\alu_i.\popcnt_i.$add$/workspace/incremental-synthesis/benchmarks/cv32e40p-eco-001-base/core/common/normalized_cv32e40p.v:40314$13849 ($add).
Removed top 1 bits (of 2) from port A of cell cv32e40p_ex_stage$cv32e40p_core.ex_stage_i.$flatten\alu_i.\popcnt_i.$add$/workspace/incremental-synthesis/benchmarks/cv32e40p-eco-001-base/core/common/normalized_cv32e40p.v:40316$13850 ($add).
Removed top 1 bits (of 2) from port B of cell cv32e40p_ex_stage$cv32e40p_core.ex_stage_i.$flatten\alu_i.\popcnt_i.$add$/workspace/incremental-synthesis/benchmarks/cv32e40p-eco-001-base/core/common/normalized_cv32e40p.v:40316$13850 ($add).
Removed top 1 bits (of 2) from port A of cell cv32e40p_ex_stage$cv32e40p_core.ex_stage_i.$flatten\alu_i.\popcnt_i.$add$/workspace/incremental-synthesis/benchmarks/cv32e40p-eco-001-base/core/common/normalized_cv32e40p.v:40318$13851 ($add).
Removed top 1 bits (of 2) from port B of cell cv32e40p_ex_stage$cv32e40p_core.ex_stage_i.$flatten\alu_i.\popcnt_i.$add$/workspace/incremental-synthesis/benchmarks/cv32e40p-eco-001-base/core/common/normalized_cv32e40p.v:40318$13851 ($add).
Removed top 1 bits (of 2) from port A of cell cv32e40p_ex_stage$cv32e40p_core.ex_stage_i.$flatten\alu_i.\popcnt_i.$add$/workspace/incremental-synthesis/benchmarks/cv32e40p-eco-001-base/core/common/normalized_cv32e40p.v:40320$13852 ($add).
Removed top 1 bits (of 2) from port B of cell cv32e40p_ex_stage$cv32e40p_core.ex_stage_i.$flatten\alu_i.\popcnt_i.$add$/workspace/incremental-synthesis/benchmarks/cv32e40p-eco-001-base/core/common/normalized_cv32e40p.v:40320$13852 ($add).
Removed top 1 bits (of 2) from port A of cell cv32e40p_ex_stage$cv32e40p_core.ex_stage_i.$flatten\alu_i.\popcnt_i.$add$/workspace/incremental-synthesis/benchmarks/cv32e40p-eco-001-base/core/common/normalized_cv32e40p.v:40322$13853 ($add).
Removed top 1 bits (of 2) from port B of cell cv32e40p_ex_stage$cv32e40p_core.ex_stage_i.$flatten\alu_i.\popcnt_i.$add$/workspace/incremental-synthesis/benchmarks/cv32e40p-eco-001-base/core/common/normalized_cv32e40p.v:40322$13853 ($add).
Removed top 1 bits (of 2) from port A of cell cv32e40p_ex_stage$cv32e40p_core.ex_stage_i.$flatten\alu_i.\popcnt_i.$add$/workspace/incremental-synthesis/benchmarks/cv32e40p-eco-001-base/core/common/normalized_cv32e40p.v:40325$13854 ($add).
Removed top 1 bits (of 2) from port B of cell cv32e40p_ex_stage$cv32e40p_core.ex_stage_i.$flatten\alu_i.\popcnt_i.$add$/workspace/incremental-synthesis/benchmarks/cv32e40p-eco-001-base/core/common/normalized_cv32e40p.v:40325$13854 ($add).
Removed top 1 bits (of 3) from port A of cell cv32e40p_ex_stage$cv32e40p_core.ex_stage_i.$flatten\alu_i.\popcnt_i.$add$/workspace/incremental-synthesis/benchmarks/cv32e40p-eco-001-base/core/common/normalized_cv32e40p.v:40327$13855 ($add).
Removed top 1 bits (of 3) from port B of cell cv32e40p_ex_stage$cv32e40p_core.ex_stage_i.$flatten\alu_i.\popcnt_i.$add$/workspace/incremental-synthesis/benchmarks/cv32e40p-eco-001-base/core/common/normalized_cv32e40p.v:40327$13855 ($add).
Removed top 1 bits (of 3) from port A of cell cv32e40p_ex_stage$cv32e40p_core.ex_stage_i.$flatten\alu_i.\popcnt_i.$add$/workspace/incremental-synthesis/benchmarks/cv32e40p-eco-001-base/core/common/normalized_cv32e40p.v:40329$13856 ($add).
Removed top 1 bits (of 3) from port B of cell cv32e40p_ex_stage$cv32e40p_core.ex_stage_i.$flatten\alu_i.\popcnt_i.$add$/workspace/incremental-synthesis/benchmarks/cv32e40p-eco-001-base/core/common/normalized_cv32e40p.v:40329$13856 ($add).
Removed top 1 bits (of 3) from port A of cell cv32e40p_ex_stage$cv32e40p_core.ex_stage_i.$flatten\alu_i.\popcnt_i.$add$/workspace/incremental-synthesis/benchmarks/cv32e40p-eco-001-base/core/common/normalized_cv32e40p.v:40331$13857 ($add).
Removed top 1 bits (of 3) from port B of cell cv32e40p_ex_stage$cv32e40p_core.ex_stage_i.$flatten\alu_i.\popcnt_i.$add$/workspace/incremental-synthesis/benchmarks/cv32e40p-eco-001-base/core/common/normalized_cv32e40p.v:40331$13857 ($add).
Removed top 1 bits (of 3) from port A of cell cv32e40p_ex_stage$cv32e40p_core.ex_stage_i.$flatten\alu_i.\popcnt_i.$add$/workspace/incremental-synthesis/benchmarks/cv32e40p-eco-001-base/core/common/normalized_cv32e40p.v:40333$13858 ($add).
Removed top 1 bits (of 3) from port B of cell cv32e40p_ex_stage$cv32e40p_core.ex_stage_i.$flatten\alu_i.\popcnt_i.$add$/workspace/incremental-synthesis/benchmarks/cv32e40p-eco-001-base/core/common/normalized_cv32e40p.v:40333$13858 ($add).
Removed top 1 bits (of 2) from port A of cell cv32e40p_ex_stage$cv32e40p_core.ex_stage_i.$flatten\alu_i.\popcnt_i.$add$/workspace/incremental-synthesis/benchmarks/cv32e40p-eco-001-base/core/common/normalized_cv32e40p.v:40335$13859 ($add).
Removed top 1 bits (of 2) from port B of cell cv32e40p_ex_stage$cv32e40p_core.ex_stage_i.$flatten\alu_i.\popcnt_i.$add$/workspace/incremental-synthesis/benchmarks/cv32e40p-eco-001-base/core/common/normalized_cv32e40p.v:40335$13859 ($add).
Removed top 1 bits (of 3) from port A of cell cv32e40p_ex_stage$cv32e40p_core.ex_stage_i.$flatten\alu_i.\popcnt_i.$add$/workspace/incremental-synthesis/benchmarks/cv32e40p-eco-001-base/core/common/normalized_cv32e40p.v:40336$13860 ($add).
Removed top 1 bits (of 3) from port B of cell cv32e40p_ex_stage$cv32e40p_core.ex_stage_i.$flatten\alu_i.\popcnt_i.$add$/workspace/incremental-synthesis/benchmarks/cv32e40p-eco-001-base/core/common/normalized_cv32e40p.v:40336$13860 ($add).
Removed top 1 bits (of 3) from port A of cell cv32e40p_ex_stage$cv32e40p_core.ex_stage_i.$flatten\alu_i.\popcnt_i.$add$/workspace/incremental-synthesis/benchmarks/cv32e40p-eco-001-base/core/common/normalized_cv32e40p.v:40338$13861 ($add).
Removed top 1 bits (of 3) from port B of cell cv32e40p_ex_stage$cv32e40p_core.ex_stage_i.$flatten\alu_i.\popcnt_i.$add$/workspace/incremental-synthesis/benchmarks/cv32e40p-eco-001-base/core/common/normalized_cv32e40p.v:40338$13861 ($add).
Removed top 1 bits (of 3) from port A of cell cv32e40p_ex_stage$cv32e40p_core.ex_stage_i.$flatten\alu_i.\popcnt_i.$add$/workspace/incremental-synthesis/benchmarks/cv32e40p-eco-001-base/core/common/normalized_cv32e40p.v:40340$13862 ($add).
Removed top 1 bits (of 3) from port B of cell cv32e40p_ex_stage$cv32e40p_core.ex_stage_i.$flatten\alu_i.\popcnt_i.$add$/workspace/incremental-synthesis/benchmarks/cv32e40p-eco-001-base/core/common/normalized_cv32e40p.v:40340$13862 ($add).
Removed top 1 bits (of 3) from port A of cell cv32e40p_ex_stage$cv32e40p_core.ex_stage_i.$flatten\alu_i.\popcnt_i.$add$/workspace/incremental-synthesis/benchmarks/cv32e40p-eco-001-base/core/common/normalized_cv32e40p.v:40342$13863 ($add).
Removed top 1 bits (of 3) from port B of cell cv32e40p_ex_stage$cv32e40p_core.ex_stage_i.$flatten\alu_i.\popcnt_i.$add$/workspace/incremental-synthesis/benchmarks/cv32e40p-eco-001-base/core/common/normalized_cv32e40p.v:40342$13863 ($add).
Removed top 1 bits (of 4) from port A of cell cv32e40p_ex_stage$cv32e40p_core.ex_stage_i.$flatten\alu_i.\popcnt_i.$add$/workspace/incremental-synthesis/benchmarks/cv32e40p-eco-001-base/core/common/normalized_cv32e40p.v:40344$13864 ($add).
Removed top 1 bits (of 4) from port B of cell cv32e40p_ex_stage$cv32e40p_core.ex_stage_i.$flatten\alu_i.\popcnt_i.$add$/workspace/incremental-synthesis/benchmarks/cv32e40p-eco-001-base/core/common/normalized_cv32e40p.v:40344$13864 ($add).
Removed top 1 bits (of 4) from port A of cell cv32e40p_ex_stage$cv32e40p_core.ex_stage_i.$flatten\alu_i.\popcnt_i.$add$/workspace/incremental-synthesis/benchmarks/cv32e40p-eco-001-base/core/common/normalized_cv32e40p.v:40347$13865 ($add).
Removed top 1 bits (of 4) from port B of cell cv32e40p_ex_stage$cv32e40p_core.ex_stage_i.$flatten\alu_i.\popcnt_i.$add$/workspace/incremental-synthesis/benchmarks/cv32e40p-eco-001-base/core/common/normalized_cv32e40p.v:40347$13865 ($add).
Removed top 1 bits (of 4) from port A of cell cv32e40p_ex_stage$cv32e40p_core.ex_stage_i.$flatten\alu_i.\popcnt_i.$add$/workspace/incremental-synthesis/benchmarks/cv32e40p-eco-001-base/core/common/normalized_cv32e40p.v:40349$13866 ($add).
Removed top 1 bits (of 4) from port B of cell cv32e40p_ex_stage$cv32e40p_core.ex_stage_i.$flatten\alu_i.\popcnt_i.$add$/workspace/incremental-synthesis/benchmarks/cv32e40p-eco-001-base/core/common/normalized_cv32e40p.v:40349$13866 ($add).
Removed top 1 bits (of 4) from port A of cell cv32e40p_ex_stage$cv32e40p_core.ex_stage_i.$flatten\alu_i.\popcnt_i.$add$/workspace/incremental-synthesis/benchmarks/cv32e40p-eco-001-base/core/common/normalized_cv32e40p.v:40351$13867 ($add).
Removed top 1 bits (of 4) from port B of cell cv32e40p_ex_stage$cv32e40p_core.ex_stage_i.$flatten\alu_i.\popcnt_i.$add$/workspace/incremental-synthesis/benchmarks/cv32e40p-eco-001-base/core/common/normalized_cv32e40p.v:40351$13867 ($add).
Removed top 1 bits (of 5) from port A of cell cv32e40p_ex_stage$cv32e40p_core.ex_stage_i.$flatten\alu_i.\popcnt_i.$add$/workspace/incremental-synthesis/benchmarks/cv32e40p-eco-001-base/core/common/normalized_cv32e40p.v:40353$13868 ($add).
Removed top 1 bits (of 5) from port B of cell cv32e40p_ex_stage$cv32e40p_core.ex_stage_i.$flatten\alu_i.\popcnt_i.$add$/workspace/incremental-synthesis/benchmarks/cv32e40p-eco-001-base/core/common/normalized_cv32e40p.v:40353$13868 ($add).
Removed top 1 bits (of 5) from port A of cell cv32e40p_ex_stage$cv32e40p_core.ex_stage_i.$flatten\alu_i.\popcnt_i.$add$/workspace/incremental-synthesis/benchmarks/cv32e40p-eco-001-base/core/common/normalized_cv32e40p.v:40355$13869 ($add).
Removed top 1 bits (of 5) from port B of cell cv32e40p_ex_stage$cv32e40p_core.ex_stage_i.$flatten\alu_i.\popcnt_i.$add$/workspace/incremental-synthesis/benchmarks/cv32e40p-eco-001-base/core/common/normalized_cv32e40p.v:40355$13869 ($add).
Removed top 1 bits (of 2) from port A of cell cv32e40p_ex_stage$cv32e40p_core.ex_stage_i.$flatten\alu_i.\popcnt_i.$add$/workspace/incremental-synthesis/benchmarks/cv32e40p-eco-001-base/core/common/normalized_cv32e40p.v:40357$13870 ($add).
Removed top 1 bits (of 2) from port B of cell cv32e40p_ex_stage$cv32e40p_core.ex_stage_i.$flatten\alu_i.\popcnt_i.$add$/workspace/incremental-synthesis/benchmarks/cv32e40p-eco-001-base/core/common/normalized_cv32e40p.v:40357$13870 ($add).
Removed top 1 bits (of 6) from port A of cell cv32e40p_ex_stage$cv32e40p_core.ex_stage_i.$flatten\alu_i.\popcnt_i.$add$/workspace/incremental-synthesis/benchmarks/cv32e40p-eco-001-base/core/common/normalized_cv32e40p.v:40358$13871 ($add).
Removed top 1 bits (of 6) from port B of cell cv32e40p_ex_stage$cv32e40p_core.ex_stage_i.$flatten\alu_i.\popcnt_i.$add$/workspace/incremental-synthesis/benchmarks/cv32e40p-eco-001-base/core/common/normalized_cv32e40p.v:40358$13871 ($add).
Removed top 4 bits (of 5) from mux cell cv32e40p_ex_stage$cv32e40p_core.ex_stage_i.$flatten\alu_i.\ff_one_i.$ternary$/workspace/incremental-synthesis/benchmarks/cv32e40p-eco-001-base/core/common/normalized_cv32e40p.v:31239$11679 ($mux).
Removed top 4 bits (of 5) from mux cell cv32e40p_ex_stage$cv32e40p_core.ex_stage_i.$flatten\alu_i.\ff_one_i.$ternary$/workspace/incremental-synthesis/benchmarks/cv32e40p-eco-001-base/core/common/normalized_cv32e40p.v:31243$11681 ($mux).
Removed top 4 bits (of 5) from mux cell cv32e40p_ex_stage$cv32e40p_core.ex_stage_i.$flatten\alu_i.\ff_one_i.$ternary$/workspace/incremental-synthesis/benchmarks/cv32e40p-eco-001-base/core/common/normalized_cv32e40p.v:31248$11683 ($mux).
Removed top 4 bits (of 5) from mux cell cv32e40p_ex_stage$cv32e40p_core.ex_stage_i.$flatten\alu_i.\ff_one_i.$ternary$/workspace/incremental-synthesis/benchmarks/cv32e40p-eco-001-base/core/common/normalized_cv32e40p.v:31252$11685 ($mux).
Removed top 4 bits (of 5) from mux cell cv32e40p_ex_stage$cv32e40p_core.ex_stage_i.$flatten\alu_i.\ff_one_i.$ternary$/workspace/incremental-synthesis/benchmarks/cv32e40p-eco-001-base/core/common/normalized_cv32e40p.v:31257$11687 ($mux).
Removed top 4 bits (of 5) from mux cell cv32e40p_ex_stage$cv32e40p_core.ex_stage_i.$flatten\alu_i.\ff_one_i.$ternary$/workspace/incremental-synthesis/benchmarks/cv32e40p-eco-001-base/core/common/normalized_cv32e40p.v:31261$11689 ($mux).
Removed top 4 bits (of 5) from mux cell cv32e40p_ex_stage$cv32e40p_core.ex_stage_i.$flatten\alu_i.\ff_one_i.$ternary$/workspace/incremental-synthesis/benchmarks/cv32e40p-eco-001-base/core/common/normalized_cv32e40p.v:31266$11691 ($mux).
Removed top 4 bits (of 5) from mux cell cv32e40p_ex_stage$cv32e40p_core.ex_stage_i.$flatten\alu_i.\ff_one_i.$ternary$/workspace/incremental-synthesis/benchmarks/cv32e40p-eco-001-base/core/common/normalized_cv32e40p.v:31270$11693 ($mux).
Removed top 4 bits (of 5) from mux cell cv32e40p_ex_stage$cv32e40p_core.ex_stage_i.$flatten\alu_i.\ff_one_i.$ternary$/workspace/incremental-synthesis/benchmarks/cv32e40p-eco-001-base/core/common/normalized_cv32e40p.v:31275$11695 ($mux).
Removed top 4 bits (of 5) from mux cell cv32e40p_ex_stage$cv32e40p_core.ex_stage_i.$flatten\alu_i.\ff_one_i.$ternary$/workspace/incremental-synthesis/benchmarks/cv32e40p-eco-001-base/core/common/normalized_cv32e40p.v:31279$11697 ($mux).
Removed top 4 bits (of 5) from mux cell cv32e40p_ex_stage$cv32e40p_core.ex_stage_i.$flatten\alu_i.\ff_one_i.$ternary$/workspace/incremental-synthesis/benchmarks/cv32e40p-eco-001-base/core/common/normalized_cv32e40p.v:31284$11699 ($mux).
Removed top 4 bits (of 5) from mux cell cv32e40p_ex_stage$cv32e40p_core.ex_stage_i.$flatten\alu_i.\ff_one_i.$ternary$/workspace/incremental-synthesis/benchmarks/cv32e40p-eco-001-base/core/common/normalized_cv32e40p.v:31288$11701 ($mux).
Removed top 4 bits (of 5) from mux cell cv32e40p_ex_stage$cv32e40p_core.ex_stage_i.$flatten\alu_i.\ff_one_i.$ternary$/workspace/incremental-synthesis/benchmarks/cv32e40p-eco-001-base/core/common/normalized_cv32e40p.v:31293$11703 ($mux).
Removed top 4 bits (of 5) from mux cell cv32e40p_ex_stage$cv32e40p_core.ex_stage_i.$flatten\alu_i.\ff_one_i.$ternary$/workspace/incremental-synthesis/benchmarks/cv32e40p-eco-001-base/core/common/normalized_cv32e40p.v:31297$11705 ($mux).
Removed top 4 bits (of 5) from mux cell cv32e40p_ex_stage$cv32e40p_core.ex_stage_i.$flatten\alu_i.\ff_one_i.$ternary$/workspace/incremental-synthesis/benchmarks/cv32e40p-eco-001-base/core/common/normalized_cv32e40p.v:31302$11707 ($mux).
Removed top 4 bits (of 5) from mux cell cv32e40p_ex_stage$cv32e40p_core.ex_stage_i.$flatten\alu_i.\ff_one_i.$ternary$/workspace/incremental-synthesis/benchmarks/cv32e40p-eco-001-base/core/common/normalized_cv32e40p.v:31306$11709 ($mux).
Removed top 3 bits (of 5) from mux cell cv32e40p_ex_stage$cv32e40p_core.ex_stage_i.$flatten\alu_i.\ff_one_i.$ternary$/workspace/incremental-synthesis/benchmarks/cv32e40p-eco-001-base/core/common/normalized_cv32e40p.v:31362$11726 ($mux).
Removed top 3 bits (of 5) from mux cell cv32e40p_ex_stage$cv32e40p_core.ex_stage_i.$flatten\alu_i.\ff_one_i.$ternary$/workspace/incremental-synthesis/benchmarks/cv32e40p-eco-001-base/core/common/normalized_cv32e40p.v:31366$11728 ($mux).
Removed top 3 bits (of 5) from mux cell cv32e40p_ex_stage$cv32e40p_core.ex_stage_i.$flatten\alu_i.\ff_one_i.$ternary$/workspace/incremental-synthesis/benchmarks/cv32e40p-eco-001-base/core/common/normalized_cv32e40p.v:31371$11730 ($mux).
Removed top 3 bits (of 5) from mux cell cv32e40p_ex_stage$cv32e40p_core.ex_stage_i.$flatten\alu_i.\ff_one_i.$ternary$/workspace/incremental-synthesis/benchmarks/cv32e40p-eco-001-base/core/common/normalized_cv32e40p.v:31375$11732 ($mux).
Removed top 3 bits (of 5) from mux cell cv32e40p_ex_stage$cv32e40p_core.ex_stage_i.$flatten\alu_i.\ff_one_i.$ternary$/workspace/incremental-synthesis/benchmarks/cv32e40p-eco-001-base/core/common/normalized_cv32e40p.v:31380$11734 ($mux).
Removed top 26 bits (of 32) from port A of cell cv32e40p_ex_stage$cv32e40p_core.ex_stage_i.$flatten\alu_i.\alu_div_i.$sub$/workspace/incremental-synthesis/benchmarks/cv32e40p-eco-001-base/core/common/normalized_cv32e40p.v:2553$846 ($sub).
Removed top 31 bits (of 32) from port B of cell cv32e40p_ex_stage$cv32e40p_core.ex_stage_i.$flatten\alu_i.\alu_div_i.$sub$/workspace/incremental-synthesis/benchmarks/cv32e40p-eco-001-base/core/common/normalized_cv32e40p.v:2553$846 ($sub).
Removed top 25 bits (of 32) from port Y of cell cv32e40p_ex_stage$cv32e40p_core.ex_stage_i.$flatten\alu_i.\alu_div_i.$sub$/workspace/incremental-synthesis/benchmarks/cv32e40p-eco-001-base/core/common/normalized_cv32e40p.v:2553$846 ($sub).
Removed top 26 bits (of 32) from mux cell cv32e40p_ex_stage$cv32e40p_core.ex_stage_i.$flatten\alu_i.\alu_div_i.$ternary$/workspace/incremental-synthesis/benchmarks/cv32e40p-eco-001-base/core/common/normalized_cv32e40p.v:2555$848 ($mux).
Removed top 1 bits (of 32) from mux cell cv32e40p_ex_stage$cv32e40p_core.ex_stage_i.$flatten\mult_i.$ternary$/workspace/incremental-synthesis/benchmarks/cv32e40p-eco-001-base/core/common/normalized_cv32e40p.v:39799$13663 ($mux).
Removed top 2 bits (of 34) from port Y of cell cv32e40p_ex_stage$cv32e40p_core.ex_stage_i.$flatten\mult_i.$sshr$/workspace/incremental-synthesis/benchmarks/cv32e40p-eco-001-base/core/common/normalized_cv32e40p.v:39791$13659 ($sshr).
Removed top 1 bits (of 17) from port Y of cell cv32e40p_ex_stage$cv32e40p_core.ex_stage_i.$flatten\mult_i.$sshr$/workspace/incremental-synthesis/benchmarks/cv32e40p-eco-001-base/core/common/normalized_cv32e40p.v:39777$13651 ($sshr).
Removed top 31 bits (of 32) from port A of cell cv32e40p_ex_stage$cv32e40p_core.ex_stage_i.$flatten\mult_i.$shl$/workspace/incremental-synthesis/benchmarks/cv32e40p-eco-001-base/core/common/normalized_cv32e40p.v:39743$13630 ($shl).
Converting cell cv32e40p_ex_stage$cv32e40p_core.ex_stage_i.$flatten\mult_i.$mul$/workspace/incremental-synthesis/benchmarks/cv32e40p-eco-001-base/core/common/normalized_cv32e40p.v:39850$13692 ($mul) from unsigned to signed.
Removed top 9 bits (of 18) from port A of cell cv32e40p_ex_stage$cv32e40p_core.ex_stage_i.$flatten\mult_i.$mul$/workspace/incremental-synthesis/benchmarks/cv32e40p-eco-001-base/core/common/normalized_cv32e40p.v:39850$13692 ($mul).
Removed top 9 bits (of 18) from port B of cell cv32e40p_ex_stage$cv32e40p_core.ex_stage_i.$flatten\mult_i.$mul$/workspace/incremental-synthesis/benchmarks/cv32e40p-eco-001-base/core/common/normalized_cv32e40p.v:39850$13692 ($mul).
Converting cell cv32e40p_ex_stage$cv32e40p_core.ex_stage_i.$flatten\mult_i.$mul$/workspace/incremental-synthesis/benchmarks/cv32e40p-eco-001-base/core/common/normalized_cv32e40p.v:39848$13691 ($mul) from unsigned to signed.
Removed top 9 bits (of 18) from port A of cell cv32e40p_ex_stage$cv32e40p_core.ex_stage_i.$flatten\mult_i.$mul$/workspace/incremental-synthesis/benchmarks/cv32e40p-eco-001-base/core/common/normalized_cv32e40p.v:39848$13691 ($mul).
Removed top 9 bits (of 18) from port B of cell cv32e40p_ex_stage$cv32e40p_core.ex_stage_i.$flatten\mult_i.$mul$/workspace/incremental-synthesis/benchmarks/cv32e40p-eco-001-base/core/common/normalized_cv32e40p.v:39848$13691 ($mul).
Converting cell cv32e40p_ex_stage$cv32e40p_core.ex_stage_i.$flatten\mult_i.$mul$/workspace/incremental-synthesis/benchmarks/cv32e40p-eco-001-base/core/common/normalized_cv32e40p.v:39845$13689 ($mul) from unsigned to signed.
Removed top 9 bits (of 18) from port A of cell cv32e40p_ex_stage$cv32e40p_core.ex_stage_i.$flatten\mult_i.$mul$/workspace/incremental-synthesis/benchmarks/cv32e40p-eco-001-base/core/common/normalized_cv32e40p.v:39845$13689 ($mul).
Removed top 9 bits (of 18) from port B of cell cv32e40p_ex_stage$cv32e40p_core.ex_stage_i.$flatten\mult_i.$mul$/workspace/incremental-synthesis/benchmarks/cv32e40p-eco-001-base/core/common/normalized_cv32e40p.v:39845$13689 ($mul).
Converting cell cv32e40p_ex_stage$cv32e40p_core.ex_stage_i.$flatten\mult_i.$mul$/workspace/incremental-synthesis/benchmarks/cv32e40p-eco-001-base/core/common/normalized_cv32e40p.v:39843$13688 ($mul) from unsigned to signed.
Removed top 9 bits (of 18) from port A of cell cv32e40p_ex_stage$cv32e40p_core.ex_stage_i.$flatten\mult_i.$mul$/workspace/incremental-synthesis/benchmarks/cv32e40p-eco-001-base/core/common/normalized_cv32e40p.v:39843$13688 ($mul).
Removed top 9 bits (of 18) from port B of cell cv32e40p_ex_stage$cv32e40p_core.ex_stage_i.$flatten\mult_i.$mul$/workspace/incremental-synthesis/benchmarks/cv32e40p-eco-001-base/core/common/normalized_cv32e40p.v:39843$13688 ($mul).
Converting cell cv32e40p_ex_stage$cv32e40p_core.ex_stage_i.$flatten\mult_i.$mul$/workspace/incremental-synthesis/benchmarks/cv32e40p-eco-001-base/core/common/normalized_cv32e40p.v:39783$13653 ($mul) from unsigned to signed.
Removed top 17 bits (of 34) from port A of cell cv32e40p_ex_stage$cv32e40p_core.ex_stage_i.$flatten\mult_i.$mul$/workspace/incremental-synthesis/benchmarks/cv32e40p-eco-001-base/core/common/normalized_cv32e40p.v:39783$13653 ($mul).
Removed top 17 bits (of 34) from port B of cell cv32e40p_ex_stage$cv32e40p_core.ex_stage_i.$flatten\mult_i.$mul$/workspace/incremental-synthesis/benchmarks/cv32e40p-eco-001-base/core/common/normalized_cv32e40p.v:39783$13653 ($mul).
Converting cell cv32e40p_ex_stage$cv32e40p_core.ex_stage_i.$flatten\mult_i.$mul$/workspace/incremental-synthesis/benchmarks/cv32e40p-eco-001-base/core/common/normalized_cv32e40p.v:39766$13645 ($mul) from unsigned to signed.
Removed top 17 bits (of 34) from port A of cell cv32e40p_ex_stage$cv32e40p_core.ex_stage_i.$flatten\mult_i.$mul$/workspace/incremental-synthesis/benchmarks/cv32e40p-eco-001-base/core/common/normalized_cv32e40p.v:39766$13645 ($mul).
Removed top 17 bits (of 34) from port B of cell cv32e40p_ex_stage$cv32e40p_core.ex_stage_i.$flatten\mult_i.$mul$/workspace/incremental-synthesis/benchmarks/cv32e40p-eco-001-base/core/common/normalized_cv32e40p.v:39766$13645 ($mul).
Removed top 2 bits (of 34) from port Y of cell cv32e40p_ex_stage$cv32e40p_core.ex_stage_i.$flatten\mult_i.$mul$/workspace/incremental-synthesis/benchmarks/cv32e40p-eco-001-base/core/common/normalized_cv32e40p.v:39766$13645 ($mul).
Converting cell cv32e40p_ex_stage$cv32e40p_core.ex_stage_i.$flatten\mult_i.$mul$/workspace/incremental-synthesis/benchmarks/cv32e40p-eco-001-base/core/common/normalized_cv32e40p.v:39764$13644 ($mul) from unsigned to signed.
Removed top 17 bits (of 34) from port A of cell cv32e40p_ex_stage$cv32e40p_core.ex_stage_i.$flatten\mult_i.$mul$/workspace/incremental-synthesis/benchmarks/cv32e40p-eco-001-base/core/common/normalized_cv32e40p.v:39764$13644 ($mul).
Removed top 17 bits (of 34) from port B of cell cv32e40p_ex_stage$cv32e40p_core.ex_stage_i.$flatten\mult_i.$mul$/workspace/incremental-synthesis/benchmarks/cv32e40p-eco-001-base/core/common/normalized_cv32e40p.v:39764$13644 ($mul).
Removed top 2 bits (of 34) from port Y of cell cv32e40p_ex_stage$cv32e40p_core.ex_stage_i.$flatten\mult_i.$mul$/workspace/incremental-synthesis/benchmarks/cv32e40p-eco-001-base/core/common/normalized_cv32e40p.v:39764$13644 ($mul).
Removed top 1 bits (of 3) from port B of cell cv32e40p_ex_stage$cv32e40p_core.ex_stage_i.$flatten\mult_i.$eq$/workspace/incremental-synthesis/benchmarks/cv32e40p-eco-001-base/core/common/normalized_cv32e40p.v:39923$13761 ($eq).
Removed top 2 bits (of 3) from port B of cell cv32e40p_ex_stage$cv32e40p_core.ex_stage_i.$flatten\mult_i.$eq$/workspace/incremental-synthesis/benchmarks/cv32e40p-eco-001-base/core/common/normalized_cv32e40p.v:39815$13673 ($eq).
Removed top 1 bits (of 3) from port B of cell cv32e40p_ex_stage$cv32e40p_core.ex_stage_i.$flatten\mult_i.$eq$/workspace/incremental-synthesis/benchmarks/cv32e40p-eco-001-base/core/common/normalized_cv32e40p.v:39788$13656 ($eq).
Removed top 14 bits (of 32) from port B of cell cv32e40p_ex_stage$cv32e40p_core.ex_stage_i.$flatten\mult_i.$add$/workspace/incremental-synthesis/benchmarks/cv32e40p-eco-001-base/core/common/normalized_cv32e40p.v:39854$13695 ($add).
Removed top 14 bits (of 32) from port B of cell cv32e40p_ex_stage$cv32e40p_core.ex_stage_i.$flatten\mult_i.$add$/workspace/incremental-synthesis/benchmarks/cv32e40p-eco-001-base/core/common/normalized_cv32e40p.v:39853$13694 ($add).
Converting cell cv32e40p_ex_stage$cv32e40p_core.ex_stage_i.$flatten\mult_i.$add$/workspace/incremental-synthesis/benchmarks/cv32e40p-eco-001-base/core/common/normalized_cv32e40p.v:39852$13693 ($add) from unsigned to signed.
Removed top 14 bits (of 32) from port A of cell cv32e40p_ex_stage$cv32e40p_core.ex_stage_i.$flatten\mult_i.$add$/workspace/incremental-synthesis/benchmarks/cv32e40p-eco-001-base/core/common/normalized_cv32e40p.v:39852$13693 ($add).
Removed top 14 bits (of 32) from port B of cell cv32e40p_ex_stage$cv32e40p_core.ex_stage_i.$flatten\mult_i.$add$/workspace/incremental-synthesis/benchmarks/cv32e40p-eco-001-base/core/common/normalized_cv32e40p.v:39852$13693 ($add).
Removed top 13 bits (of 32) from port Y of cell cv32e40p_ex_stage$cv32e40p_core.ex_stage_i.$flatten\mult_i.$add$/workspace/incremental-synthesis/benchmarks/cv32e40p-eco-001-base/core/common/normalized_cv32e40p.v:39852$13693 ($add).
Removed top 2 bits (of 34) from port B of cell cv32e40p_ex_stage$cv32e40p_core.ex_stage_i.$flatten\mult_i.$add$/workspace/incremental-synthesis/benchmarks/cv32e40p-eco-001-base/core/common/normalized_cv32e40p.v:39786$13655 ($add).
Removed top 1 bits (of 34) from port A of cell cv32e40p_ex_stage$cv32e40p_core.ex_stage_i.$flatten\mult_i.$add$/workspace/incremental-synthesis/benchmarks/cv32e40p-eco-001-base/core/common/normalized_cv32e40p.v:39785$13654 ($add).
Removed top 1 bits (of 33) from port B of cell cv32e40p_ex_stage$cv32e40p_core.ex_stage_i.$flatten\mult_i.$add$/workspace/incremental-synthesis/benchmarks/cv32e40p-eco-001-base/core/common/normalized_cv32e40p.v:39775$13650 ($add).
Removed top 1 bits (of 33) from port Y of cell cv32e40p_ex_stage$cv32e40p_core.ex_stage_i.$flatten\mult_i.$add$/workspace/incremental-synthesis/benchmarks/cv32e40p-eco-001-base/core/common/normalized_cv32e40p.v:39775$13650 ($add).
Removed top 1 bits (of 33) from port A of cell cv32e40p_ex_stage$cv32e40p_core.ex_stage_i.$flatten\mult_i.$add$/workspace/incremental-synthesis/benchmarks/cv32e40p-eco-001-base/core/common/normalized_cv32e40p.v:39775$13650 ($add).
Converting cell cv32e40p_ex_stage$cv32e40p_core.ex_stage_i.$flatten\mult_i.$add$/workspace/incremental-synthesis/benchmarks/cv32e40p-eco-001-base/core/common/normalized_cv32e40p.v:39774$13649 ($add) from unsigned to signed.
Removed top 1 bits (of 33) from port A of cell cv32e40p_ex_stage$cv32e40p_core.ex_stage_i.$flatten\mult_i.$add$/workspace/incremental-synthesis/benchmarks/cv32e40p-eco-001-base/core/common/normalized_cv32e40p.v:39774$13649 ($add).
Removed top 1 bits (of 33) from port B of cell cv32e40p_ex_stage$cv32e40p_core.ex_stage_i.$flatten\mult_i.$add$/workspace/incremental-synthesis/benchmarks/cv32e40p-eco-001-base/core/common/normalized_cv32e40p.v:39774$13649 ($add).
Removed top 1 bits (of 33) from port Y of cell cv32e40p_ex_stage$cv32e40p_core.ex_stage_i.$flatten\mult_i.$add$/workspace/incremental-synthesis/benchmarks/cv32e40p-eco-001-base/core/common/normalized_cv32e40p.v:39774$13649 ($add).
Removed top 5 bits (of 32) from mux cell cv32e40p_ex_stage$cv32e40p_core.ex_stage_i.$flatten\alu_i.$ternary$/workspace/incremental-synthesis/benchmarks/cv32e40p-eco-001-base/core/common/normalized_cv32e40p.v:1860$493 ($mux).
Removed top 5 bits (of 32) from mux cell cv32e40p_ex_stage$cv32e40p_core.ex_stage_i.$flatten\alu_i.$ternary$/workspace/incremental-synthesis/benchmarks/cv32e40p-eco-001-base/core/common/normalized_cv32e40p.v:1859$492 ($mux).
Removed top 2 bits (of 29) from mux cell cv32e40p_ex_stage$cv32e40p_core.ex_stage_i.$flatten\alu_i.$ternary$/workspace/incremental-synthesis/benchmarks/cv32e40p-eco-001-base/core/common/normalized_cv32e40p.v:1370$223 ($mux).
Removed top 26 bits (of 32) from mux cell cv32e40p_ex_stage$cv32e40p_core.ex_stage_i.$flatten\alu_i.\alu_div_i.$ternary$/workspace/incremental-synthesis/benchmarks/cv32e40p-eco-001-base/core/common/normalized_cv32e40p.v:2554$847 ($mux).
Removed top 13 bits (of 32) from port A of cell cv32e40p_ex_stage$cv32e40p_core.ex_stage_i.$flatten\mult_i.$add$/workspace/incremental-synthesis/benchmarks/cv32e40p-eco-001-base/core/common/normalized_cv32e40p.v:39853$13694 ($add).
Removed top 12 bits (of 32) from port Y of cell cv32e40p_ex_stage$cv32e40p_core.ex_stage_i.$flatten\mult_i.$add$/workspace/incremental-synthesis/benchmarks/cv32e40p-eco-001-base/core/common/normalized_cv32e40p.v:39853$13694 ($add).
Removed top 1 bits (of 7) from port Y of cell cv32e40p_ex_stage$cv32e40p_core.ex_stage_i.$flatten\alu_i.\alu_div_i.$sub$/workspace/incremental-synthesis/benchmarks/cv32e40p-eco-001-base/core/common/normalized_cv32e40p.v:2553$846 ($sub).

15.10. Executing PEEPOPT pass (run peephole optimizers).

15.11. Executing OPT_CLEAN pass (remove unused cells and wires).
Finding unused cells or wires in module \cv32e40p_ex_stage$cv32e40p_core.ex_stage_i..

15.12. Executing ALUMACC pass (create $alu and $macc cells).
Extracting $alu and $macc cells in module cv32e40p_ex_stage$cv32e40p_core.ex_stage_i:
  creating $macc model for $flatten\alu_i.$sub$/workspace/incremental-synthesis/benchmarks/cv32e40p-eco-001-base/core/common/normalized_cv32e40p.v:1601$346 ($sub).
  creating $macc model for $flatten\alu_i.$sub$/workspace/incremental-synthesis/benchmarks/cv32e40p-eco-001-base/core/common/normalized_cv32e40p.v:1603$347 ($sub).
  creating $macc model for $flatten\alu_i.\alu_div_i.$add$/workspace/incremental-synthesis/benchmarks/cv32e40p-eco-001-base/core/common/normalized_cv32e40p.v:2547$842 ($add).
  creating $macc model for $flatten\alu_i.\alu_div_i.$neg$/workspace/incremental-synthesis/benchmarks/cv32e40p-eco-001-base/core/common/normalized_cv32e40p.v:2533$831 ($neg).
  creating $macc model for $flatten\alu_i.\alu_div_i.$sub$/workspace/incremental-synthesis/benchmarks/cv32e40p-eco-001-base/core/common/normalized_cv32e40p.v:2548$843 ($sub).
  creating $macc model for $flatten\alu_i.\alu_div_i.$sub$/workspace/incremental-synthesis/benchmarks/cv32e40p-eco-001-base/core/common/normalized_cv32e40p.v:2553$846 ($sub).
  creating $macc model for $flatten\alu_i.$add$/workspace/incremental-synthesis/benchmarks/cv32e40p-eco-001-base/core/common/normalized_cv32e40p.v:1294$165 ($add).
  creating $macc model for $flatten\alu_i.\popcnt_i.$add$/workspace/incremental-synthesis/benchmarks/cv32e40p-eco-001-base/core/common/normalized_cv32e40p.v:40301$13842 ($add).
  creating $macc model for $flatten\alu_i.\popcnt_i.$add$/workspace/incremental-synthesis/benchmarks/cv32e40p-eco-001-base/core/common/normalized_cv32e40p.v:40303$13843 ($add).
  creating $macc model for $flatten\alu_i.\popcnt_i.$add$/workspace/incremental-synthesis/benchmarks/cv32e40p-eco-001-base/core/common/normalized_cv32e40p.v:40305$13844 ($add).
  creating $macc model for $flatten\alu_i.\popcnt_i.$add$/workspace/incremental-synthesis/benchmarks/cv32e40p-eco-001-base/core/common/normalized_cv32e40p.v:40307$13845 ($add).
  creating $macc model for $flatten\alu_i.\popcnt_i.$add$/workspace/incremental-synthesis/benchmarks/cv32e40p-eco-001-base/core/common/normalized_cv32e40p.v:40309$13846 ($add).
  creating $macc model for $flatten\alu_i.\popcnt_i.$add$/workspace/incremental-synthesis/benchmarks/cv32e40p-eco-001-base/core/common/normalized_cv32e40p.v:40311$13847 ($add).
  creating $macc model for $flatten\alu_i.\popcnt_i.$add$/workspace/incremental-synthesis/benchmarks/cv32e40p-eco-001-base/core/common/normalized_cv32e40p.v:40313$13848 ($add).
  creating $macc model for $flatten\alu_i.\popcnt_i.$add$/workspace/incremental-synthesis/benchmarks/cv32e40p-eco-001-base/core/common/normalized_cv32e40p.v:40314$13849 ($add).
  creating $macc model for $flatten\alu_i.\popcnt_i.$add$/workspace/incremental-synthesis/benchmarks/cv32e40p-eco-001-base/core/common/normalized_cv32e40p.v:40316$13850 ($add).
  creating $macc model for $flatten\alu_i.\popcnt_i.$add$/workspace/incremental-synthesis/benchmarks/cv32e40p-eco-001-base/core/common/normalized_cv32e40p.v:40318$13851 ($add).
  creating $macc model for $flatten\alu_i.\popcnt_i.$add$/workspace/incremental-synthesis/benchmarks/cv32e40p-eco-001-base/core/common/normalized_cv32e40p.v:40320$13852 ($add).
  creating $macc model for $flatten\alu_i.\popcnt_i.$add$/workspace/incremental-synthesis/benchmarks/cv32e40p-eco-001-base/core/common/normalized_cv32e40p.v:40322$13853 ($add).
  creating $macc model for $flatten\alu_i.\popcnt_i.$add$/workspace/incremental-synthesis/benchmarks/cv32e40p-eco-001-base/core/common/normalized_cv32e40p.v:40325$13854 ($add).
  creating $macc model for $flatten\alu_i.\popcnt_i.$add$/workspace/incremental-synthesis/benchmarks/cv32e40p-eco-001-base/core/common/normalized_cv32e40p.v:40327$13855 ($add).
  creating $macc model for $flatten\alu_i.\popcnt_i.$add$/workspace/incremental-synthesis/benchmarks/cv32e40p-eco-001-base/core/common/normalized_cv32e40p.v:40329$13856 ($add).
  creating $macc model for $flatten\alu_i.\popcnt_i.$add$/workspace/incremental-synthesis/benchmarks/cv32e40p-eco-001-base/core/common/normalized_cv32e40p.v:40331$13857 ($add).
  creating $macc model for $flatten\alu_i.\popcnt_i.$add$/workspace/incremental-synthesis/benchmarks/cv32e40p-eco-001-base/core/common/normalized_cv32e40p.v:40333$13858 ($add).
  creating $macc model for $flatten\alu_i.\popcnt_i.$add$/workspace/incremental-synthesis/benchmarks/cv32e40p-eco-001-base/core/common/normalized_cv32e40p.v:40335$13859 ($add).
  creating $macc model for $flatten\alu_i.\popcnt_i.$add$/workspace/incremental-synthesis/benchmarks/cv32e40p-eco-001-base/core/common/normalized_cv32e40p.v:40336$13860 ($add).
  creating $macc model for $flatten\alu_i.\popcnt_i.$add$/workspace/incremental-synthesis/benchmarks/cv32e40p-eco-001-base/core/common/normalized_cv32e40p.v:40338$13861 ($add).
  creating $macc model for $flatten\alu_i.\popcnt_i.$add$/workspace/incremental-synthesis/benchmarks/cv32e40p-eco-001-base/core/common/normalized_cv32e40p.v:40340$13862 ($add).
  creating $macc model for $flatten\alu_i.\popcnt_i.$add$/workspace/incremental-synthesis/benchmarks/cv32e40p-eco-001-base/core/common/normalized_cv32e40p.v:40342$13863 ($add).
  creating $macc model for $flatten\alu_i.\popcnt_i.$add$/workspace/incremental-synthesis/benchmarks/cv32e40p-eco-001-base/core/common/normalized_cv32e40p.v:40344$13864 ($add).
  creating $macc model for $flatten\alu_i.\popcnt_i.$add$/workspace/incremental-synthesis/benchmarks/cv32e40p-eco-001-base/core/common/normalized_cv32e40p.v:40347$13865 ($add).
  creating $macc model for $flatten\alu_i.\popcnt_i.$add$/workspace/incremental-synthesis/benchmarks/cv32e40p-eco-001-base/core/common/normalized_cv32e40p.v:40349$13866 ($add).
  creating $macc model for $flatten\alu_i.\popcnt_i.$add$/workspace/incremental-synthesis/benchmarks/cv32e40p-eco-001-base/core/common/normalized_cv32e40p.v:40351$13867 ($add).
  creating $macc model for $flatten\alu_i.\popcnt_i.$add$/workspace/incremental-synthesis/benchmarks/cv32e40p-eco-001-base/core/common/normalized_cv32e40p.v:40353$13868 ($add).
  creating $macc model for $flatten\alu_i.\popcnt_i.$add$/workspace/incremental-synthesis/benchmarks/cv32e40p-eco-001-base/core/common/normalized_cv32e40p.v:40355$13869 ($add).
  creating $macc model for $flatten\alu_i.\popcnt_i.$add$/workspace/incremental-synthesis/benchmarks/cv32e40p-eco-001-base/core/common/normalized_cv32e40p.v:40357$13870 ($add).
  creating $macc model for $flatten\alu_i.\popcnt_i.$add$/workspace/incremental-synthesis/benchmarks/cv32e40p-eco-001-base/core/common/normalized_cv32e40p.v:40358$13871 ($add).
  creating $macc model for $flatten\alu_i.\popcnt_i.$add$/workspace/incremental-synthesis/benchmarks/cv32e40p-eco-001-base/core/common/normalized_cv32e40p.v:40361$13872 ($add).
  creating $macc model for $flatten\mult_i.$add$/workspace/incremental-synthesis/benchmarks/cv32e40p-eco-001-base/core/common/normalized_cv32e40p.v:39774$13649 ($add).
  creating $macc model for $flatten\mult_i.$add$/workspace/incremental-synthesis/benchmarks/cv32e40p-eco-001-base/core/common/normalized_cv32e40p.v:39775$13650 ($add).
  creating $macc model for $flatten\mult_i.$add$/workspace/incremental-synthesis/benchmarks/cv32e40p-eco-001-base/core/common/normalized_cv32e40p.v:39785$13654 ($add).
  creating $macc model for $flatten\mult_i.$add$/workspace/incremental-synthesis/benchmarks/cv32e40p-eco-001-base/core/common/normalized_cv32e40p.v:39786$13655 ($add).
  creating $macc model for $flatten\mult_i.$add$/workspace/incremental-synthesis/benchmarks/cv32e40p-eco-001-base/core/common/normalized_cv32e40p.v:39821$13676 ($add).
  creating $macc model for $flatten\mult_i.$add$/workspace/incremental-synthesis/benchmarks/cv32e40p-eco-001-base/core/common/normalized_cv32e40p.v:39823$13678 ($add).
  creating $macc model for $flatten\mult_i.$add$/workspace/incremental-synthesis/benchmarks/cv32e40p-eco-001-base/core/common/normalized_cv32e40p.v:39852$13693 ($add).
  creating $macc model for $flatten\mult_i.$add$/workspace/incremental-synthesis/benchmarks/cv32e40p-eco-001-base/core/common/normalized_cv32e40p.v:39853$13694 ($add).
  creating $macc model for $flatten\mult_i.$add$/workspace/incremental-synthesis/benchmarks/cv32e40p-eco-001-base/core/common/normalized_cv32e40p.v:39854$13695 ($add).
  creating $macc model for $flatten\mult_i.$add$/workspace/incremental-synthesis/benchmarks/cv32e40p-eco-001-base/core/common/normalized_cv32e40p.v:39855$13696 ($add).
  creating $macc model for $flatten\alu_i.$add$/workspace/incremental-synthesis/benchmarks/cv32e40p-eco-001-base/core/common/normalized_cv32e40p.v:1307$174 ($add).
  creating $macc model for $flatten\alu_i.$add$/workspace/incremental-synthesis/benchmarks/cv32e40p-eco-001-base/core/common/normalized_cv32e40p.v:1710$368 ($add).
  creating $macc model for $flatten\mult_i.$mul$/workspace/incremental-synthesis/benchmarks/cv32e40p-eco-001-base/core/common/normalized_cv32e40p.v:39764$13644 ($mul).
  creating $macc model for $flatten\mult_i.$mul$/workspace/incremental-synthesis/benchmarks/cv32e40p-eco-001-base/core/common/normalized_cv32e40p.v:39766$13645 ($mul).
  creating $macc model for $flatten\mult_i.$mul$/workspace/incremental-synthesis/benchmarks/cv32e40p-eco-001-base/core/common/normalized_cv32e40p.v:39783$13653 ($mul).
  creating $macc model for $flatten\mult_i.$mul$/workspace/incremental-synthesis/benchmarks/cv32e40p-eco-001-base/core/common/normalized_cv32e40p.v:39822$13677 ($mul).
  creating $macc model for $flatten\mult_i.$mul$/workspace/incremental-synthesis/benchmarks/cv32e40p-eco-001-base/core/common/normalized_cv32e40p.v:39843$13688 ($mul).
  creating $macc model for $flatten\mult_i.$mul$/workspace/incremental-synthesis/benchmarks/cv32e40p-eco-001-base/core/common/normalized_cv32e40p.v:39845$13689 ($mul).
  creating $macc model for $flatten\mult_i.$mul$/workspace/incremental-synthesis/benchmarks/cv32e40p-eco-001-base/core/common/normalized_cv32e40p.v:39848$13691 ($mul).
  creating $macc model for $flatten\mult_i.$mul$/workspace/incremental-synthesis/benchmarks/cv32e40p-eco-001-base/core/common/normalized_cv32e40p.v:39850$13692 ($mul).
  merging $macc model for $flatten\mult_i.$add$/workspace/incremental-synthesis/benchmarks/cv32e40p-eco-001-base/core/common/normalized_cv32e40p.v:39854$13695 into $flatten\mult_i.$add$/workspace/incremental-synthesis/benchmarks/cv32e40p-eco-001-base/core/common/normalized_cv32e40p.v:39855$13696.
  merging $macc model for $flatten\mult_i.$mul$/workspace/incremental-synthesis/benchmarks/cv32e40p-eco-001-base/core/common/normalized_cv32e40p.v:39850$13692 into $flatten\mult_i.$add$/workspace/incremental-synthesis/benchmarks/cv32e40p-eco-001-base/core/common/normalized_cv32e40p.v:39855$13696.
  merging $macc model for $flatten\mult_i.$add$/workspace/incremental-synthesis/benchmarks/cv32e40p-eco-001-base/core/common/normalized_cv32e40p.v:39852$13693 into $flatten\mult_i.$add$/workspace/incremental-synthesis/benchmarks/cv32e40p-eco-001-base/core/common/normalized_cv32e40p.v:39853$13694.
  merging $macc model for $flatten\mult_i.$mul$/workspace/incremental-synthesis/benchmarks/cv32e40p-eco-001-base/core/common/normalized_cv32e40p.v:39843$13688 into $flatten\mult_i.$add$/workspace/incremental-synthesis/benchmarks/cv32e40p-eco-001-base/core/common/normalized_cv32e40p.v:39853$13694.
  merging $macc model for $flatten\mult_i.$mul$/workspace/incremental-synthesis/benchmarks/cv32e40p-eco-001-base/core/common/normalized_cv32e40p.v:39848$13691 into $flatten\mult_i.$add$/workspace/incremental-synthesis/benchmarks/cv32e40p-eco-001-base/core/common/normalized_cv32e40p.v:39853$13694.
  merging $macc model for $flatten\mult_i.$mul$/workspace/incremental-synthesis/benchmarks/cv32e40p-eco-001-base/core/common/normalized_cv32e40p.v:39845$13689 into $flatten\mult_i.$add$/workspace/incremental-synthesis/benchmarks/cv32e40p-eco-001-base/core/common/normalized_cv32e40p.v:39853$13694.
  merging $macc model for $flatten\mult_i.$add$/workspace/incremental-synthesis/benchmarks/cv32e40p-eco-001-base/core/common/normalized_cv32e40p.v:39821$13676 into $flatten\mult_i.$add$/workspace/incremental-synthesis/benchmarks/cv32e40p-eco-001-base/core/common/normalized_cv32e40p.v:39823$13678.
  merging $macc model for $flatten\mult_i.$mul$/workspace/incremental-synthesis/benchmarks/cv32e40p-eco-001-base/core/common/normalized_cv32e40p.v:39822$13677 into $flatten\mult_i.$add$/workspace/incremental-synthesis/benchmarks/cv32e40p-eco-001-base/core/common/normalized_cv32e40p.v:39823$13678.
  merging $macc model for $flatten\mult_i.$add$/workspace/incremental-synthesis/benchmarks/cv32e40p-eco-001-base/core/common/normalized_cv32e40p.v:39785$13654 into $flatten\mult_i.$add$/workspace/incremental-synthesis/benchmarks/cv32e40p-eco-001-base/core/common/normalized_cv32e40p.v:39786$13655.
  merging $macc model for $flatten\mult_i.$mul$/workspace/incremental-synthesis/benchmarks/cv32e40p-eco-001-base/core/common/normalized_cv32e40p.v:39783$13653 into $flatten\mult_i.$add$/workspace/incremental-synthesis/benchmarks/cv32e40p-eco-001-base/core/common/normalized_cv32e40p.v:39786$13655.
  merging $macc model for $flatten\mult_i.$add$/workspace/incremental-synthesis/benchmarks/cv32e40p-eco-001-base/core/common/normalized_cv32e40p.v:39774$13649 into $flatten\mult_i.$add$/workspace/incremental-synthesis/benchmarks/cv32e40p-eco-001-base/core/common/normalized_cv32e40p.v:39775$13650.
  merging $macc model for $flatten\mult_i.$mul$/workspace/incremental-synthesis/benchmarks/cv32e40p-eco-001-base/core/common/normalized_cv32e40p.v:39764$13644 into $flatten\mult_i.$add$/workspace/incremental-synthesis/benchmarks/cv32e40p-eco-001-base/core/common/normalized_cv32e40p.v:39775$13650.
  merging $macc model for $flatten\mult_i.$mul$/workspace/incremental-synthesis/benchmarks/cv32e40p-eco-001-base/core/common/normalized_cv32e40p.v:39766$13645 into $flatten\mult_i.$add$/workspace/incremental-synthesis/benchmarks/cv32e40p-eco-001-base/core/common/normalized_cv32e40p.v:39775$13650.
  merging $macc model for $flatten\alu_i.\popcnt_i.$add$/workspace/incremental-synthesis/benchmarks/cv32e40p-eco-001-base/core/common/normalized_cv32e40p.v:40353$13868 into $flatten\alu_i.\popcnt_i.$add$/workspace/incremental-synthesis/benchmarks/cv32e40p-eco-001-base/core/common/normalized_cv32e40p.v:40358$13871.
  merging $macc model for $flatten\alu_i.\popcnt_i.$add$/workspace/incremental-synthesis/benchmarks/cv32e40p-eco-001-base/core/common/normalized_cv32e40p.v:40344$13864 into $flatten\alu_i.\popcnt_i.$add$/workspace/incremental-synthesis/benchmarks/cv32e40p-eco-001-base/core/common/normalized_cv32e40p.v:40358$13871.
  merging $macc model for $flatten\alu_i.\popcnt_i.$add$/workspace/incremental-synthesis/benchmarks/cv32e40p-eco-001-base/core/common/normalized_cv32e40p.v:40327$13855 into $flatten\alu_i.\popcnt_i.$add$/workspace/incremental-synthesis/benchmarks/cv32e40p-eco-001-base/core/common/normalized_cv32e40p.v:40358$13871.
  merging $macc model for $flatten\alu_i.\popcnt_i.$add$/workspace/incremental-synthesis/benchmarks/cv32e40p-eco-001-base/core/common/normalized_cv32e40p.v:40301$13842 into $flatten\alu_i.\popcnt_i.$add$/workspace/incremental-synthesis/benchmarks/cv32e40p-eco-001-base/core/common/normalized_cv32e40p.v:40358$13871.
  merging $macc model for $flatten\alu_i.\popcnt_i.$add$/workspace/incremental-synthesis/benchmarks/cv32e40p-eco-001-base/core/common/normalized_cv32e40p.v:40355$13869 into $flatten\alu_i.\popcnt_i.$add$/workspace/incremental-synthesis/benchmarks/cv32e40p-eco-001-base/core/common/normalized_cv32e40p.v:40358$13871.
  merging $macc model for $flatten\alu_i.\popcnt_i.$add$/workspace/incremental-synthesis/benchmarks/cv32e40p-eco-001-base/core/common/normalized_cv32e40p.v:40349$13866 into $flatten\alu_i.\popcnt_i.$add$/workspace/incremental-synthesis/benchmarks/cv32e40p-eco-001-base/core/common/normalized_cv32e40p.v:40358$13871.
  merging $macc model for $flatten\alu_i.\popcnt_i.$add$/workspace/incremental-synthesis/benchmarks/cv32e40p-eco-001-base/core/common/normalized_cv32e40p.v:40336$13860 into $flatten\alu_i.\popcnt_i.$add$/workspace/incremental-synthesis/benchmarks/cv32e40p-eco-001-base/core/common/normalized_cv32e40p.v:40358$13871.
  merging $macc model for $flatten\alu_i.\popcnt_i.$add$/workspace/incremental-synthesis/benchmarks/cv32e40p-eco-001-base/core/common/normalized_cv32e40p.v:40309$13846 into $flatten\alu_i.\popcnt_i.$add$/workspace/incremental-synthesis/benchmarks/cv32e40p-eco-001-base/core/common/normalized_cv32e40p.v:40358$13871.
  merging $macc model for $flatten\alu_i.\popcnt_i.$add$/workspace/incremental-synthesis/benchmarks/cv32e40p-eco-001-base/core/common/normalized_cv32e40p.v:40347$13865 into $flatten\alu_i.\popcnt_i.$add$/workspace/incremental-synthesis/benchmarks/cv32e40p-eco-001-base/core/common/normalized_cv32e40p.v:40358$13871.
  merging $macc model for $flatten\alu_i.\popcnt_i.$add$/workspace/incremental-synthesis/benchmarks/cv32e40p-eco-001-base/core/common/normalized_cv32e40p.v:40331$13857 into $flatten\alu_i.\popcnt_i.$add$/workspace/incremental-synthesis/benchmarks/cv32e40p-eco-001-base/core/common/normalized_cv32e40p.v:40358$13871.
  merging $macc model for $flatten\alu_i.\popcnt_i.$add$/workspace/incremental-synthesis/benchmarks/cv32e40p-eco-001-base/core/common/normalized_cv32e40p.v:40361$13872 into $flatten\alu_i.\popcnt_i.$add$/workspace/incremental-synthesis/benchmarks/cv32e40p-eco-001-base/core/common/normalized_cv32e40p.v:40358$13871.
  merging $macc model for $flatten\alu_i.\popcnt_i.$add$/workspace/incremental-synthesis/benchmarks/cv32e40p-eco-001-base/core/common/normalized_cv32e40p.v:40329$13856 into $flatten\alu_i.\popcnt_i.$add$/workspace/incremental-synthesis/benchmarks/cv32e40p-eco-001-base/core/common/normalized_cv32e40p.v:40358$13871.
  merging $macc model for $flatten\alu_i.\popcnt_i.$add$/workspace/incremental-synthesis/benchmarks/cv32e40p-eco-001-base/core/common/normalized_cv32e40p.v:40335$13859 into $flatten\alu_i.\popcnt_i.$add$/workspace/incremental-synthesis/benchmarks/cv32e40p-eco-001-base/core/common/normalized_cv32e40p.v:40358$13871.
  merging $macc model for $flatten\alu_i.\popcnt_i.$add$/workspace/incremental-synthesis/benchmarks/cv32e40p-eco-001-base/core/common/normalized_cv32e40p.v:40313$13848 into $flatten\alu_i.\popcnt_i.$add$/workspace/incremental-synthesis/benchmarks/cv32e40p-eco-001-base/core/common/normalized_cv32e40p.v:40358$13871.
  merging $macc model for $flatten\alu_i.\popcnt_i.$add$/workspace/incremental-synthesis/benchmarks/cv32e40p-eco-001-base/core/common/normalized_cv32e40p.v:40351$13867 into $flatten\alu_i.\popcnt_i.$add$/workspace/incremental-synthesis/benchmarks/cv32e40p-eco-001-base/core/common/normalized_cv32e40p.v:40358$13871.
  merging $macc model for $flatten\alu_i.\popcnt_i.$add$/workspace/incremental-synthesis/benchmarks/cv32e40p-eco-001-base/core/common/normalized_cv32e40p.v:40340$13862 into $flatten\alu_i.\popcnt_i.$add$/workspace/incremental-synthesis/benchmarks/cv32e40p-eco-001-base/core/common/normalized_cv32e40p.v:40358$13871.
  merging $macc model for $flatten\alu_i.\popcnt_i.$add$/workspace/incremental-synthesis/benchmarks/cv32e40p-eco-001-base/core/common/normalized_cv32e40p.v:40318$13851 into $flatten\alu_i.\popcnt_i.$add$/workspace/incremental-synthesis/benchmarks/cv32e40p-eco-001-base/core/common/normalized_cv32e40p.v:40358$13871.
  merging $macc model for $flatten\alu_i.\popcnt_i.$add$/workspace/incremental-synthesis/benchmarks/cv32e40p-eco-001-base/core/common/normalized_cv32e40p.v:40338$13861 into $flatten\alu_i.\popcnt_i.$add$/workspace/incremental-synthesis/benchmarks/cv32e40p-eco-001-base/core/common/normalized_cv32e40p.v:40358$13871.
  merging $macc model for $flatten\alu_i.\popcnt_i.$add$/workspace/incremental-synthesis/benchmarks/cv32e40p-eco-001-base/core/common/normalized_cv32e40p.v:40314$13849 into $flatten\alu_i.\popcnt_i.$add$/workspace/incremental-synthesis/benchmarks/cv32e40p-eco-001-base/core/common/normalized_cv32e40p.v:40358$13871.
  merging $macc model for $flatten\alu_i.\popcnt_i.$add$/workspace/incremental-synthesis/benchmarks/cv32e40p-eco-001-base/core/common/normalized_cv32e40p.v:40311$13847 into $flatten\alu_i.\popcnt_i.$add$/workspace/incremental-synthesis/benchmarks/cv32e40p-eco-001-base/core/common/normalized_cv32e40p.v:40358$13871.
  merging $macc model for $flatten\alu_i.\popcnt_i.$add$/workspace/incremental-synthesis/benchmarks/cv32e40p-eco-001-base/core/common/normalized_cv32e40p.v:40333$13858 into $flatten\alu_i.\popcnt_i.$add$/workspace/incremental-synthesis/benchmarks/cv32e40p-eco-001-base/core/common/normalized_cv32e40p.v:40358$13871.
  merging $macc model for $flatten\alu_i.\popcnt_i.$add$/workspace/incremental-synthesis/benchmarks/cv32e40p-eco-001-base/core/common/normalized_cv32e40p.v:40305$13844 into $flatten\alu_i.\popcnt_i.$add$/workspace/incremental-synthesis/benchmarks/cv32e40p-eco-001-base/core/common/normalized_cv32e40p.v:40358$13871.
  merging $macc model for $flatten\alu_i.\popcnt_i.$add$/workspace/incremental-synthesis/benchmarks/cv32e40p-eco-001-base/core/common/normalized_cv32e40p.v:40303$13843 into $flatten\alu_i.\popcnt_i.$add$/workspace/incremental-synthesis/benchmarks/cv32e40p-eco-001-base/core/common/normalized_cv32e40p.v:40358$13871.
  merging $macc model for $flatten\alu_i.\popcnt_i.$add$/workspace/incremental-synthesis/benchmarks/cv32e40p-eco-001-base/core/common/normalized_cv32e40p.v:40357$13870 into $flatten\alu_i.\popcnt_i.$add$/workspace/incremental-synthesis/benchmarks/cv32e40p-eco-001-base/core/common/normalized_cv32e40p.v:40358$13871.
  merging $macc model for $flatten\alu_i.\popcnt_i.$add$/workspace/incremental-synthesis/benchmarks/cv32e40p-eco-001-base/core/common/normalized_cv32e40p.v:40342$13863 into $flatten\alu_i.\popcnt_i.$add$/workspace/incremental-synthesis/benchmarks/cv32e40p-eco-001-base/core/common/normalized_cv32e40p.v:40358$13871.
  merging $macc model for $flatten\alu_i.\popcnt_i.$add$/workspace/incremental-synthesis/benchmarks/cv32e40p-eco-001-base/core/common/normalized_cv32e40p.v:40322$13853 into $flatten\alu_i.\popcnt_i.$add$/workspace/incremental-synthesis/benchmarks/cv32e40p-eco-001-base/core/common/normalized_cv32e40p.v:40358$13871.
  merging $macc model for $flatten\alu_i.\popcnt_i.$add$/workspace/incremental-synthesis/benchmarks/cv32e40p-eco-001-base/core/common/normalized_cv32e40p.v:40320$13852 into $flatten\alu_i.\popcnt_i.$add$/workspace/incremental-synthesis/benchmarks/cv32e40p-eco-001-base/core/common/normalized_cv32e40p.v:40358$13871.
  merging $macc model for $flatten\alu_i.\popcnt_i.$add$/workspace/incremental-synthesis/benchmarks/cv32e40p-eco-001-base/core/common/normalized_cv32e40p.v:40316$13850 into $flatten\alu_i.\popcnt_i.$add$/workspace/incremental-synthesis/benchmarks/cv32e40p-eco-001-base/core/common/normalized_cv32e40p.v:40358$13871.
  merging $macc model for $flatten\alu_i.\popcnt_i.$add$/workspace/incremental-synthesis/benchmarks/cv32e40p-eco-001-base/core/common/normalized_cv32e40p.v:40307$13845 into $flatten\alu_i.\popcnt_i.$add$/workspace/incremental-synthesis/benchmarks/cv32e40p-eco-001-base/core/common/normalized_cv32e40p.v:40358$13871.
  merging $macc model for $flatten\alu_i.\popcnt_i.$add$/workspace/incremental-synthesis/benchmarks/cv32e40p-eco-001-base/core/common/normalized_cv32e40p.v:40325$13854 into $flatten\alu_i.\popcnt_i.$add$/workspace/incremental-synthesis/benchmarks/cv32e40p-eco-001-base/core/common/normalized_cv32e40p.v:40358$13871.
  creating $alu model for $macc $flatten\alu_i.$add$/workspace/incremental-synthesis/benchmarks/cv32e40p-eco-001-base/core/common/normalized_cv32e40p.v:1710$368.
  creating $alu model for $macc $flatten\alu_i.$add$/workspace/incremental-synthesis/benchmarks/cv32e40p-eco-001-base/core/common/normalized_cv32e40p.v:1307$174.
  creating $alu model for $macc $flatten\alu_i.$add$/workspace/incremental-synthesis/benchmarks/cv32e40p-eco-001-base/core/common/normalized_cv32e40p.v:1294$165.
  creating $alu model for $macc $flatten\alu_i.\alu_div_i.$sub$/workspace/incremental-synthesis/benchmarks/cv32e40p-eco-001-base/core/common/normalized_cv32e40p.v:2553$846.
  creating $alu model for $macc $flatten\alu_i.\alu_div_i.$sub$/workspace/incremental-synthesis/benchmarks/cv32e40p-eco-001-base/core/common/normalized_cv32e40p.v:2548$843.
  creating $alu model for $macc $flatten\alu_i.\alu_div_i.$neg$/workspace/incremental-synthesis/benchmarks/cv32e40p-eco-001-base/core/common/normalized_cv32e40p.v:2533$831.
  creating $alu model for $macc $flatten\alu_i.\alu_div_i.$add$/workspace/incremental-synthesis/benchmarks/cv32e40p-eco-001-base/core/common/normalized_cv32e40p.v:2547$842.
  creating $alu model for $macc $flatten\alu_i.$sub$/workspace/incremental-synthesis/benchmarks/cv32e40p-eco-001-base/core/common/normalized_cv32e40p.v:1603$347.
  creating $alu model for $macc $flatten\alu_i.$sub$/workspace/incremental-synthesis/benchmarks/cv32e40p-eco-001-base/core/common/normalized_cv32e40p.v:1601$346.
  creating $macc cell for $flatten\mult_i.$add$/workspace/incremental-synthesis/benchmarks/cv32e40p-eco-001-base/core/common/normalized_cv32e40p.v:39853$13694: $auto$alumacc.cc:382:replace_macc$14669
  creating $macc cell for $flatten\mult_i.$add$/workspace/incremental-synthesis/benchmarks/cv32e40p-eco-001-base/core/common/normalized_cv32e40p.v:39775$13650: $auto$alumacc.cc:382:replace_macc$14670
  creating $macc cell for $flatten\mult_i.$add$/workspace/incremental-synthesis/benchmarks/cv32e40p-eco-001-base/core/common/normalized_cv32e40p.v:39823$13678: $auto$alumacc.cc:382:replace_macc$14671
  creating $macc cell for $flatten\mult_i.$add$/workspace/incremental-synthesis/benchmarks/cv32e40p-eco-001-base/core/common/normalized_cv32e40p.v:39855$13696: $auto$alumacc.cc:382:replace_macc$14672
  creating $macc cell for $flatten\mult_i.$add$/workspace/incremental-synthesis/benchmarks/cv32e40p-eco-001-base/core/common/normalized_cv32e40p.v:39786$13655: $auto$alumacc.cc:382:replace_macc$14673
  creating $macc cell for $flatten\alu_i.\popcnt_i.$add$/workspace/incremental-synthesis/benchmarks/cv32e40p-eco-001-base/core/common/normalized_cv32e40p.v:40358$13871: $auto$alumacc.cc:382:replace_macc$14674
  creating $alu model for $flatten\alu_i.\alu_div_i.$gt$/workspace/incremental-synthesis/benchmarks/cv32e40p-eco-001-base/core/common/normalized_cv32e40p.v:2537$834 ($gt): new $alu
  creating $alu model for $flatten\alu_i.$lt$/workspace/incremental-synthesis/benchmarks/cv32e40p-eco-001-base/core/common/normalized_cv32e40p.v:1622$357 ($lt): new $alu
  creating $alu model for $flatten\alu_i.$gt$/workspace/incremental-synthesis/benchmarks/cv32e40p-eco-001-base/core/common/normalized_cv32e40p.v:1442$246 ($gt): new $alu
  creating $alu model for $flatten\alu_i.$gt$/workspace/incremental-synthesis/benchmarks/cv32e40p-eco-001-base/core/common/normalized_cv32e40p.v:1449$250 ($gt): new $alu
  creating $alu model for $flatten\alu_i.$gt$/workspace/incremental-synthesis/benchmarks/cv32e40p-eco-001-base/core/common/normalized_cv32e40p.v:1455$254 ($gt): new $alu
  creating $alu model for $flatten\alu_i.$gt$/workspace/incremental-synthesis/benchmarks/cv32e40p-eco-001-base/core/common/normalized_cv32e40p.v:1462$258 ($gt): new $alu
  creating $alu model for $flatten\alu_i.\alu_div_i.$eq$/workspace/incremental-synthesis/benchmarks/cv32e40p-eco-001-base/core/common/normalized_cv32e40p.v:2536$833 ($eq): merged with $flatten\alu_i.\alu_div_i.$gt$/workspace/incremental-synthesis/benchmarks/cv32e40p-eco-001-base/core/common/normalized_cv32e40p.v:2537$834.
  creating $alu cell for $flatten\alu_i.$gt$/workspace/incremental-synthesis/benchmarks/cv32e40p-eco-001-base/core/common/normalized_cv32e40p.v:1462$258: $auto$alumacc.cc:512:replace_alu$14681
  creating $alu cell for $flatten\alu_i.$gt$/workspace/incremental-synthesis/benchmarks/cv32e40p-eco-001-base/core/common/normalized_cv32e40p.v:1455$254: $auto$alumacc.cc:512:replace_alu$14694
  creating $alu cell for $flatten\alu_i.$gt$/workspace/incremental-synthesis/benchmarks/cv32e40p-eco-001-base/core/common/normalized_cv32e40p.v:1449$250: $auto$alumacc.cc:512:replace_alu$14707
  creating $alu cell for $flatten\alu_i.$gt$/workspace/incremental-synthesis/benchmarks/cv32e40p-eco-001-base/core/common/normalized_cv32e40p.v:1442$246: $auto$alumacc.cc:512:replace_alu$14720
  creating $alu cell for $flatten\alu_i.$lt$/workspace/incremental-synthesis/benchmarks/cv32e40p-eco-001-base/core/common/normalized_cv32e40p.v:1622$357: $auto$alumacc.cc:512:replace_alu$14733
  creating $alu cell for $flatten\alu_i.\alu_div_i.$gt$/workspace/incremental-synthesis/benchmarks/cv32e40p-eco-001-base/core/common/normalized_cv32e40p.v:2537$834, $flatten\alu_i.\alu_div_i.$eq$/workspace/incremental-synthesis/benchmarks/cv32e40p-eco-001-base/core/common/normalized_cv32e40p.v:2536$833: $auto$alumacc.cc:512:replace_alu$14738
  creating $alu cell for $flatten\alu_i.$sub$/workspace/incremental-synthesis/benchmarks/cv32e40p-eco-001-base/core/common/normalized_cv32e40p.v:1601$346: $auto$alumacc.cc:512:replace_alu$14749
  creating $alu cell for $flatten\alu_i.$sub$/workspace/incremental-synthesis/benchmarks/cv32e40p-eco-001-base/core/common/normalized_cv32e40p.v:1603$347: $auto$alumacc.cc:512:replace_alu$14752
  creating $alu cell for $flatten\alu_i.\alu_div_i.$add$/workspace/incremental-synthesis/benchmarks/cv32e40p-eco-001-base/core/common/normalized_cv32e40p.v:2547$842: $auto$alumacc.cc:512:replace_alu$14755
  creating $alu cell for $flatten\alu_i.\alu_div_i.$neg$/workspace/incremental-synthesis/benchmarks/cv32e40p-eco-001-base/core/common/normalized_cv32e40p.v:2533$831: $auto$alumacc.cc:512:replace_alu$14758
  creating $alu cell for $flatten\alu_i.\alu_div_i.$sub$/workspace/incremental-synthesis/benchmarks/cv32e40p-eco-001-base/core/common/normalized_cv32e40p.v:2548$843: $auto$alumacc.cc:512:replace_alu$14761
  creating $alu cell for $flatten\alu_i.\alu_div_i.$sub$/workspace/incremental-synthesis/benchmarks/cv32e40p-eco-001-base/core/common/normalized_cv32e40p.v:2553$846: $auto$alumacc.cc:512:replace_alu$14764
  creating $alu cell for $flatten\alu_i.$add$/workspace/incremental-synthesis/benchmarks/cv32e40p-eco-001-base/core/common/normalized_cv32e40p.v:1294$165: $auto$alumacc.cc:512:replace_alu$14767
  creating $alu cell for $flatten\alu_i.$add$/workspace/incremental-synthesis/benchmarks/cv32e40p-eco-001-base/core/common/normalized_cv32e40p.v:1307$174: $auto$alumacc.cc:512:replace_alu$14770
  creating $alu cell for $flatten\alu_i.$add$/workspace/incremental-synthesis/benchmarks/cv32e40p-eco-001-base/core/common/normalized_cv32e40p.v:1710$368: $auto$alumacc.cc:512:replace_alu$14773
  created 15 $alu and 6 $macc cells.

15.13. Executing SHARE pass (SAT-based resource sharing).
Found 20 cells in module cv32e40p_ex_stage$cv32e40p_core.ex_stage_i that may be considered for resource sharing.
  Analyzing resource sharing options for $flatten\mult_i.$sshr$/workspace/incremental-synthesis/benchmarks/cv32e40p-eco-001-base/core/common/normalized_cv32e40p.v:39791$13659 ($sshr):
    Found 1 activation_patterns using ctrl signal { \mult_i._091_ \mult_i._147_ \mult_en_i \csr_access_i }.
    Found 2 candidates: $flatten\alu_i.$sshr$/workspace/incremental-synthesis/benchmarks/cv32e40p-eco-001-base/core/common/normalized_cv32e40p.v:1381$230 $flatten\alu_i.$sshr$/workspace/incremental-synthesis/benchmarks/cv32e40p-eco-001-base/core/common/normalized_cv32e40p.v:1379$228
    Analyzing resource sharing with $flatten\alu_i.$sshr$/workspace/incremental-synthesis/benchmarks/cv32e40p-eco-001-base/core/common/normalized_cv32e40p.v:1381$230 ($sshr):
      Found 5 activation_patterns using ctrl signal { \alu_i.alu_div_i.LoadEn_S \alu_i._0013_ \alu_i._0027_ \alu_i._0306_ \alu_i._0307_ \alu_i._0314_ \alu_i._0315_ \alu_i._0420_ \alu_i._0424_ \alu_i._0458_ \alu_i._0459_ \mult_en_i \csr_access_i \alu_en_i $auto$rtlil.cc:3267:Not$14737 }.
      Activation pattern for cell $flatten\mult_i.$sshr$/workspace/incremental-synthesis/benchmarks/cv32e40p-eco-001-base/core/common/normalized_cv32e40p.v:39791$13659: { \mult_i._091_ \mult_i._147_ \mult_en_i \csr_access_i } = 4'0110
      Activation pattern for cell $flatten\alu_i.$sshr$/workspace/incremental-synthesis/benchmarks/cv32e40p-eco-001-base/core/common/normalized_cv32e40p.v:1381$230: { \alu_i._0306_ \alu_i._0307_ \alu_i._0314_ \alu_i._0420_ \alu_i._0458_ \alu_i._0459_ \mult_en_i \csr_access_i \alu_en_i } = 9'100010001
      Activation pattern for cell $flatten\alu_i.$sshr$/workspace/incremental-synthesis/benchmarks/cv32e40p-eco-001-base/core/common/normalized_cv32e40p.v:1381$230: { \alu_i._0306_ \alu_i._0307_ \alu_i._0315_ \alu_i._0424_ \alu_i._0458_ \alu_i._0459_ \mult_en_i \csr_access_i \alu_en_i } = 9'001110001
      Activation pattern for cell $flatten\alu_i.$sshr$/workspace/incremental-synthesis/benchmarks/cv32e40p-eco-001-base/core/common/normalized_cv32e40p.v:1381$230: { \alu_i._0027_ \alu_i._0306_ \alu_i._0307_ \alu_i._0314_ \alu_i._0458_ \alu_i._0459_ \mult_en_i \csr_access_i \alu_en_i } = 9'110110001
      Activation pattern for cell $flatten\alu_i.$sshr$/workspace/incremental-synthesis/benchmarks/cv32e40p-eco-001-base/core/common/normalized_cv32e40p.v:1381$230: { \alu_i._0013_ \alu_i._0306_ \alu_i._0307_ \alu_i._0314_ \alu_i._0420_ \alu_i._0458_ \alu_i._0459_ \mult_en_i \csr_access_i \alu_en_i $auto$rtlil.cc:3267:Not$14737 } = 11'01000100011
      Activation pattern for cell $flatten\alu_i.$sshr$/workspace/incremental-synthesis/benchmarks/cv32e40p-eco-001-base/core/common/normalized_cv32e40p.v:1381$230: { \alu_i.alu_div_i.LoadEn_S \alu_i._0458_ \alu_i._0459_ } = 3'110
      Size of SAT problem: 82 cells, 650 variables, 2085 clauses
      According to the SAT solver this pair of cells can not be shared.
      Model from SAT solver: { \mult_i._091_ \mult_i._147_ \alu_i.alu_div_i.LoadEn_S \alu_i._0013_ \alu_i._0027_ \alu_i._0306_ \alu_i._0307_ \alu_i._0314_ \alu_i._0315_ \alu_i._0420_ \alu_i._0424_ \alu_i._0458_ \alu_i._0459_ \mult_en_i \csr_access_i \alu_en_i $auto$rtlil.cc:3267:Not$14737 } = 17'01100010000101011
    Analyzing resource sharing with $flatten\alu_i.$sshr$/workspace/incremental-synthesis/benchmarks/cv32e40p-eco-001-base/core/common/normalized_cv32e40p.v:1379$228 ($sshr):
      Found 5 activation_patterns using ctrl signal { \alu_i.alu_div_i.LoadEn_S \alu_i._0013_ \alu_i._0027_ \alu_i._0306_ \alu_i._0307_ \alu_i._0314_ \alu_i._0315_ \alu_i._0420_ \alu_i._0424_ \alu_i._0458_ \alu_i._0459_ \mult_en_i \csr_access_i \alu_en_i $auto$rtlil.cc:3267:Not$14737 }.
      Activation pattern for cell $flatten\mult_i.$sshr$/workspace/incremental-synthesis/benchmarks/cv32e40p-eco-001-base/core/common/normalized_cv32e40p.v:39791$13659: { \mult_i._091_ \mult_i._147_ \mult_en_i \csr_access_i } = 4'0110
      Activation pattern for cell $flatten\alu_i.$sshr$/workspace/incremental-synthesis/benchmarks/cv32e40p-eco-001-base/core/common/normalized_cv32e40p.v:1379$228: { \alu_i._0306_ \alu_i._0307_ \alu_i._0314_ \alu_i._0420_ \alu_i._0458_ \alu_i._0459_ \mult_en_i \csr_access_i \alu_en_i } = 9'100010001
      Activation pattern for cell $flatten\alu_i.$sshr$/workspace/incremental-synthesis/benchmarks/cv32e40p-eco-001-base/core/common/normalized_cv32e40p.v:1379$228: { \alu_i._0306_ \alu_i._0307_ \alu_i._0315_ \alu_i._0424_ \alu_i._0458_ \alu_i._0459_ \mult_en_i \csr_access_i \alu_en_i } = 9'001110001
      Activation pattern for cell $flatten\alu_i.$sshr$/workspace/incremental-synthesis/benchmarks/cv32e40p-eco-001-base/core/common/normalized_cv32e40p.v:1379$228: { \alu_i._0027_ \alu_i._0306_ \alu_i._0307_ \alu_i._0314_ \alu_i._0458_ \alu_i._0459_ \mult_en_i \csr_access_i \alu_en_i } = 9'110110001
      Activation pattern for cell $flatten\alu_i.$sshr$/workspace/incremental-synthesis/benchmarks/cv32e40p-eco-001-base/core/common/normalized_cv32e40p.v:1379$228: { \alu_i._0013_ \alu_i._0306_ \alu_i._0307_ \alu_i._0314_ \alu_i._0420_ \alu_i._0458_ \alu_i._0459_ \mult_en_i \csr_access_i \alu_en_i $auto$rtlil.cc:3267:Not$14737 } = 11'01000100011
      Activation pattern for cell $flatten\alu_i.$sshr$/workspace/incremental-synthesis/benchmarks/cv32e40p-eco-001-base/core/common/normalized_cv32e40p.v:1379$228: { \alu_i.alu_div_i.LoadEn_S \alu_i._0458_ \alu_i._0459_ } = 3'110
      Size of SAT problem: 82 cells, 650 variables, 2085 clauses
      According to the SAT solver this pair of cells can not be shared.
      Model from SAT solver: { \mult_i._091_ \mult_i._147_ \alu_i.alu_div_i.LoadEn_S \alu_i._0013_ \alu_i._0027_ \alu_i._0306_ \alu_i._0307_ \alu_i._0314_ \alu_i._0315_ \alu_i._0420_ \alu_i._0424_ \alu_i._0458_ \alu_i._0459_ \mult_en_i \csr_access_i \alu_en_i $auto$rtlil.cc:3267:Not$14737 } = 17'01100010000101011
  Analyzing resource sharing options for $flatten\mult_i.$sshr$/workspace/incremental-synthesis/benchmarks/cv32e40p-eco-001-base/core/common/normalized_cv32e40p.v:39777$13651 ($sshr):
    Found 1 activation_patterns using ctrl signal { \mult_i._091_ \mult_i._136_ \mult_is_clpx_i \mult_en_i \csr_access_i }.
    Found 6 candidates: $flatten\alu_i.$sshr$/workspace/incremental-synthesis/benchmarks/cv32e40p-eco-001-base/core/common/normalized_cv32e40p.v:1390$238 $flatten\alu_i.$sshr$/workspace/incremental-synthesis/benchmarks/cv32e40p-eco-001-base/core/common/normalized_cv32e40p.v:1388$236 $flatten\alu_i.$sshr$/workspace/incremental-synthesis/benchmarks/cv32e40p-eco-001-base/core/common/normalized_cv32e40p.v:1386$234 $flatten\alu_i.$sshr$/workspace/incremental-synthesis/benchmarks/cv32e40p-eco-001-base/core/common/normalized_cv32e40p.v:1383$232 $flatten\alu_i.$sshr$/workspace/incremental-synthesis/benchmarks/cv32e40p-eco-001-base/core/common/normalized_cv32e40p.v:1381$230 $flatten\alu_i.$sshr$/workspace/incremental-synthesis/benchmarks/cv32e40p-eco-001-base/core/common/normalized_cv32e40p.v:1379$228
    Analyzing resource sharing with $flatten\alu_i.$sshr$/workspace/incremental-synthesis/benchmarks/cv32e40p-eco-001-base/core/common/normalized_cv32e40p.v:1390$238 ($sshr):
      Found 5 activation_patterns using ctrl signal { \alu_i.alu_div_i.LoadEn_S \alu_i._0013_ \alu_i._0027_ \alu_i._0306_ \alu_i._0307_ \alu_i._0314_ \alu_i._0315_ \alu_i._0420_ \alu_i._0424_ \alu_i._0459_ \mult_en_i \csr_access_i \alu_en_i $auto$rtlil.cc:3267:Not$14737 }.
      Activation pattern for cell $flatten\mult_i.$sshr$/workspace/incremental-synthesis/benchmarks/cv32e40p-eco-001-base/core/common/normalized_cv32e40p.v:39777$13651: { \mult_i._091_ \mult_i._136_ \mult_is_clpx_i \mult_en_i \csr_access_i } = 5'11110
      Activation pattern for cell $flatten\alu_i.$sshr$/workspace/incremental-synthesis/benchmarks/cv32e40p-eco-001-base/core/common/normalized_cv32e40p.v:1390$238: { \alu_i.alu_div_i.LoadEn_S \alu_i._0459_ } = 2'11
      Activation pattern for cell $flatten\alu_i.$sshr$/workspace/incremental-synthesis/benchmarks/cv32e40p-eco-001-base/core/common/normalized_cv32e40p.v:1390$238: { \alu_i._0013_ \alu_i._0306_ \alu_i._0307_ \alu_i._0314_ \alu_i._0420_ \alu_i._0459_ \mult_en_i \csr_access_i \alu_en_i $auto$rtlil.cc:3267:Not$14737 } = 10'0100010011
      Activation pattern for cell $flatten\alu_i.$sshr$/workspace/incremental-synthesis/benchmarks/cv32e40p-eco-001-base/core/common/normalized_cv32e40p.v:1390$238: { \alu_i._0027_ \alu_i._0306_ \alu_i._0307_ \alu_i._0314_ \alu_i._0459_ \mult_en_i \csr_access_i \alu_en_i } = 8'11011001
      Activation pattern for cell $flatten\alu_i.$sshr$/workspace/incremental-synthesis/benchmarks/cv32e40p-eco-001-base/core/common/normalized_cv32e40p.v:1390$238: { \alu_i._0306_ \alu_i._0307_ \alu_i._0315_ \alu_i._0424_ \alu_i._0459_ \mult_en_i \csr_access_i \alu_en_i } = 8'00111001
      Activation pattern for cell $flatten\alu_i.$sshr$/workspace/incremental-synthesis/benchmarks/cv32e40p-eco-001-base/core/common/normalized_cv32e40p.v:1390$238: { \alu_i._0306_ \alu_i._0307_ \alu_i._0314_ \alu_i._0420_ \alu_i._0459_ \mult_en_i \csr_access_i \alu_en_i } = 8'10001001
      Size of SAT problem: 77 cells, 620 variables, 1990 clauses
      According to the SAT solver this pair of cells can not be shared.
      Model from SAT solver: { \mult_i._091_ \mult_i._136_ \alu_i.alu_div_i.LoadEn_S \alu_i._0013_ \alu_i._0027_ \alu_i._0306_ \alu_i._0307_ \alu_i._0314_ \alu_i._0315_ \alu_i._0420_ \alu_i._0424_ \alu_i._0459_ \mult_is_clpx_i \mult_en_i \csr_access_i \alu_en_i $auto$rtlil.cc:3267:Not$14737 } = 17'11100010000111011
    Analyzing resource sharing with $flatten\alu_i.$sshr$/workspace/incremental-synthesis/benchmarks/cv32e40p-eco-001-base/core/common/normalized_cv32e40p.v:1388$236 ($sshr):
      Found 5 activation_patterns using ctrl signal { \alu_i.alu_div_i.LoadEn_S \alu_i._0013_ \alu_i._0027_ \alu_i._0306_ \alu_i._0307_ \alu_i._0314_ \alu_i._0315_ \alu_i._0420_ \alu_i._0424_ \alu_i._0459_ \mult_en_i \csr_access_i \alu_en_i $auto$rtlil.cc:3267:Not$14737 }.
      Activation pattern for cell $flatten\mult_i.$sshr$/workspace/incremental-synthesis/benchmarks/cv32e40p-eco-001-base/core/common/normalized_cv32e40p.v:39777$13651: { \mult_i._091_ \mult_i._136_ \mult_is_clpx_i \mult_en_i \csr_access_i } = 5'11110
      Activation pattern for cell $flatten\alu_i.$sshr$/workspace/incremental-synthesis/benchmarks/cv32e40p-eco-001-base/core/common/normalized_cv32e40p.v:1388$236: { \alu_i.alu_div_i.LoadEn_S \alu_i._0459_ } = 2'11
      Activation pattern for cell $flatten\alu_i.$sshr$/workspace/incremental-synthesis/benchmarks/cv32e40p-eco-001-base/core/common/normalized_cv32e40p.v:1388$236: { \alu_i._0013_ \alu_i._0306_ \alu_i._0307_ \alu_i._0314_ \alu_i._0420_ \alu_i._0459_ \mult_en_i \csr_access_i \alu_en_i $auto$rtlil.cc:3267:Not$14737 } = 10'0100010011
      Activation pattern for cell $flatten\alu_i.$sshr$/workspace/incremental-synthesis/benchmarks/cv32e40p-eco-001-base/core/common/normalized_cv32e40p.v:1388$236: { \alu_i._0027_ \alu_i._0306_ \alu_i._0307_ \alu_i._0314_ \alu_i._0459_ \mult_en_i \csr_access_i \alu_en_i } = 8'11011001
      Activation pattern for cell $flatten\alu_i.$sshr$/workspace/incremental-synthesis/benchmarks/cv32e40p-eco-001-base/core/common/normalized_cv32e40p.v:1388$236: { \alu_i._0306_ \alu_i._0307_ \alu_i._0315_ \alu_i._0424_ \alu_i._0459_ \mult_en_i \csr_access_i \alu_en_i } = 8'00111001
      Activation pattern for cell $flatten\alu_i.$sshr$/workspace/incremental-synthesis/benchmarks/cv32e40p-eco-001-base/core/common/normalized_cv32e40p.v:1388$236: { \alu_i._0306_ \alu_i._0307_ \alu_i._0314_ \alu_i._0420_ \alu_i._0459_ \mult_en_i \csr_access_i \alu_en_i } = 8'10001001
      Size of SAT problem: 77 cells, 620 variables, 1990 clauses
      According to the SAT solver this pair of cells can not be shared.
      Model from SAT solver: { \mult_i._091_ \mult_i._136_ \alu_i.alu_div_i.LoadEn_S \alu_i._0013_ \alu_i._0027_ \alu_i._0306_ \alu_i._0307_ \alu_i._0314_ \alu_i._0315_ \alu_i._0420_ \alu_i._0424_ \alu_i._0459_ \mult_is_clpx_i \mult_en_i \csr_access_i \alu_en_i $auto$rtlil.cc:3267:Not$14737 } = 17'11100010000111011
    Analyzing resource sharing with $flatten\alu_i.$sshr$/workspace/incremental-synthesis/benchmarks/cv32e40p-eco-001-base/core/common/normalized_cv32e40p.v:1386$234 ($sshr):
      Found 5 activation_patterns using ctrl signal { \alu_i.alu_div_i.LoadEn_S \alu_i._0013_ \alu_i._0027_ \alu_i._0306_ \alu_i._0307_ \alu_i._0314_ \alu_i._0315_ \alu_i._0420_ \alu_i._0424_ \alu_i._0459_ \mult_en_i \csr_access_i \alu_en_i $auto$rtlil.cc:3267:Not$14737 }.
      Activation pattern for cell $flatten\mult_i.$sshr$/workspace/incremental-synthesis/benchmarks/cv32e40p-eco-001-base/core/common/normalized_cv32e40p.v:39777$13651: { \mult_i._091_ \mult_i._136_ \mult_is_clpx_i \mult_en_i \csr_access_i } = 5'11110
      Activation pattern for cell $flatten\alu_i.$sshr$/workspace/incremental-synthesis/benchmarks/cv32e40p-eco-001-base/core/common/normalized_cv32e40p.v:1386$234: { \alu_i.alu_div_i.LoadEn_S \alu_i._0459_ } = 2'11
      Activation pattern for cell $flatten\alu_i.$sshr$/workspace/incremental-synthesis/benchmarks/cv32e40p-eco-001-base/core/common/normalized_cv32e40p.v:1386$234: { \alu_i._0013_ \alu_i._0306_ \alu_i._0307_ \alu_i._0314_ \alu_i._0420_ \alu_i._0459_ \mult_en_i \csr_access_i \alu_en_i $auto$rtlil.cc:3267:Not$14737 } = 10'0100010011
      Activation pattern for cell $flatten\alu_i.$sshr$/workspace/incremental-synthesis/benchmarks/cv32e40p-eco-001-base/core/common/normalized_cv32e40p.v:1386$234: { \alu_i._0027_ \alu_i._0306_ \alu_i._0307_ \alu_i._0314_ \alu_i._0459_ \mult_en_i \csr_access_i \alu_en_i } = 8'11011001
      Activation pattern for cell $flatten\alu_i.$sshr$/workspace/incremental-synthesis/benchmarks/cv32e40p-eco-001-base/core/common/normalized_cv32e40p.v:1386$234: { \alu_i._0306_ \alu_i._0307_ \alu_i._0315_ \alu_i._0424_ \alu_i._0459_ \mult_en_i \csr_access_i \alu_en_i } = 8'00111001
      Activation pattern for cell $flatten\alu_i.$sshr$/workspace/incremental-synthesis/benchmarks/cv32e40p-eco-001-base/core/common/normalized_cv32e40p.v:1386$234: { \alu_i._0306_ \alu_i._0307_ \alu_i._0314_ \alu_i._0420_ \alu_i._0459_ \mult_en_i \csr_access_i \alu_en_i } = 8'10001001
      Size of SAT problem: 77 cells, 620 variables, 1990 clauses
      According to the SAT solver this pair of cells can not be shared.
      Model from SAT solver: { \mult_i._091_ \mult_i._136_ \alu_i.alu_div_i.LoadEn_S \alu_i._0013_ \alu_i._0027_ \alu_i._0306_ \alu_i._0307_ \alu_i._0314_ \alu_i._0315_ \alu_i._0420_ \alu_i._0424_ \alu_i._0459_ \mult_is_clpx_i \mult_en_i \csr_access_i \alu_en_i $auto$rtlil.cc:3267:Not$14737 } = 17'11100010000111011
    Analyzing resource sharing with $flatten\alu_i.$sshr$/workspace/incremental-synthesis/benchmarks/cv32e40p-eco-001-base/core/common/normalized_cv32e40p.v:1383$232 ($sshr):
      Found 5 activation_patterns using ctrl signal { \alu_i.alu_div_i.LoadEn_S \alu_i._0013_ \alu_i._0027_ \alu_i._0306_ \alu_i._0307_ \alu_i._0314_ \alu_i._0315_ \alu_i._0420_ \alu_i._0424_ \alu_i._0459_ \mult_en_i \csr_access_i \alu_en_i $auto$rtlil.cc:3267:Not$14737 }.
      Activation pattern for cell $flatten\mult_i.$sshr$/workspace/incremental-synthesis/benchmarks/cv32e40p-eco-001-base/core/common/normalized_cv32e40p.v:39777$13651: { \mult_i._091_ \mult_i._136_ \mult_is_clpx_i \mult_en_i \csr_access_i } = 5'11110
      Activation pattern for cell $flatten\alu_i.$sshr$/workspace/incremental-synthesis/benchmarks/cv32e40p-eco-001-base/core/common/normalized_cv32e40p.v:1383$232: { \alu_i.alu_div_i.LoadEn_S \alu_i._0459_ } = 2'11
      Activation pattern for cell $flatten\alu_i.$sshr$/workspace/incremental-synthesis/benchmarks/cv32e40p-eco-001-base/core/common/normalized_cv32e40p.v:1383$232: { \alu_i._0013_ \alu_i._0306_ \alu_i._0307_ \alu_i._0314_ \alu_i._0420_ \alu_i._0459_ \mult_en_i \csr_access_i \alu_en_i $auto$rtlil.cc:3267:Not$14737 } = 10'0100010011
      Activation pattern for cell $flatten\alu_i.$sshr$/workspace/incremental-synthesis/benchmarks/cv32e40p-eco-001-base/core/common/normalized_cv32e40p.v:1383$232: { \alu_i._0027_ \alu_i._0306_ \alu_i._0307_ \alu_i._0314_ \alu_i._0459_ \mult_en_i \csr_access_i \alu_en_i } = 8'11011001
      Activation pattern for cell $flatten\alu_i.$sshr$/workspace/incremental-synthesis/benchmarks/cv32e40p-eco-001-base/core/common/normalized_cv32e40p.v:1383$232: { \alu_i._0306_ \alu_i._0307_ \alu_i._0315_ \alu_i._0424_ \alu_i._0459_ \mult_en_i \csr_access_i \alu_en_i } = 8'00111001
      Activation pattern for cell $flatten\alu_i.$sshr$/workspace/incremental-synthesis/benchmarks/cv32e40p-eco-001-base/core/common/normalized_cv32e40p.v:1383$232: { \alu_i._0306_ \alu_i._0307_ \alu_i._0314_ \alu_i._0420_ \alu_i._0459_ \mult_en_i \csr_access_i \alu_en_i } = 8'10001001
      Size of SAT problem: 77 cells, 620 variables, 1990 clauses
      According to the SAT solver this pair of cells can not be shared.
      Model from SAT solver: { \mult_i._091_ \mult_i._136_ \alu_i.alu_div_i.LoadEn_S \alu_i._0013_ \alu_i._0027_ \alu_i._0306_ \alu_i._0307_ \alu_i._0314_ \alu_i._0315_ \alu_i._0420_ \alu_i._0424_ \alu_i._0459_ \mult_is_clpx_i \mult_en_i \csr_access_i \alu_en_i $auto$rtlil.cc:3267:Not$14737 } = 17'11100010000111011
    Analyzing resource sharing with $flatten\alu_i.$sshr$/workspace/incremental-synthesis/benchmarks/cv32e40p-eco-001-base/core/common/normalized_cv32e40p.v:1381$230 ($sshr):
      Found 5 activation_patterns using ctrl signal { \alu_i.alu_div_i.LoadEn_S \alu_i._0013_ \alu_i._0027_ \alu_i._0306_ \alu_i._0307_ \alu_i._0314_ \alu_i._0315_ \alu_i._0420_ \alu_i._0424_ \alu_i._0458_ \alu_i._0459_ \mult_en_i \csr_access_i \alu_en_i $auto$rtlil.cc:3267:Not$14737 }.
      Activation pattern for cell $flatten\mult_i.$sshr$/workspace/incremental-synthesis/benchmarks/cv32e40p-eco-001-base/core/common/normalized_cv32e40p.v:39777$13651: { \mult_i._091_ \mult_i._136_ \mult_is_clpx_i \mult_en_i \csr_access_i } = 5'11110
      Activation pattern for cell $flatten\alu_i.$sshr$/workspace/incremental-synthesis/benchmarks/cv32e40p-eco-001-base/core/common/normalized_cv32e40p.v:1381$230: { \alu_i._0306_ \alu_i._0307_ \alu_i._0314_ \alu_i._0420_ \alu_i._0458_ \alu_i._0459_ \mult_en_i \csr_access_i \alu_en_i } = 9'100010001
      Activation pattern for cell $flatten\alu_i.$sshr$/workspace/incremental-synthesis/benchmarks/cv32e40p-eco-001-base/core/common/normalized_cv32e40p.v:1381$230: { \alu_i._0306_ \alu_i._0307_ \alu_i._0315_ \alu_i._0424_ \alu_i._0458_ \alu_i._0459_ \mult_en_i \csr_access_i \alu_en_i } = 9'001110001
      Activation pattern for cell $flatten\alu_i.$sshr$/workspace/incremental-synthesis/benchmarks/cv32e40p-eco-001-base/core/common/normalized_cv32e40p.v:1381$230: { \alu_i._0027_ \alu_i._0306_ \alu_i._0307_ \alu_i._0314_ \alu_i._0458_ \alu_i._0459_ \mult_en_i \csr_access_i \alu_en_i } = 9'110110001
      Activation pattern for cell $flatten\alu_i.$sshr$/workspace/incremental-synthesis/benchmarks/cv32e40p-eco-001-base/core/common/normalized_cv32e40p.v:1381$230: { \alu_i._0013_ \alu_i._0306_ \alu_i._0307_ \alu_i._0314_ \alu_i._0420_ \alu_i._0458_ \alu_i._0459_ \mult_en_i \csr_access_i \alu_en_i $auto$rtlil.cc:3267:Not$14737 } = 11'01000100011
      Activation pattern for cell $flatten\alu_i.$sshr$/workspace/incremental-synthesis/benchmarks/cv32e40p-eco-001-base/core/common/normalized_cv32e40p.v:1381$230: { \alu_i.alu_div_i.LoadEn_S \alu_i._0458_ \alu_i._0459_ } = 3'110
      Size of SAT problem: 78 cells, 630 variables, 2028 clauses
      According to the SAT solver this pair of cells can not be shared.
      Model from SAT solver: { \mult_i._091_ \mult_i._136_ \alu_i.alu_div_i.LoadEn_S \alu_i._0013_ \alu_i._0027_ \alu_i._0306_ \alu_i._0307_ \alu_i._0314_ \alu_i._0315_ \alu_i._0420_ \alu_i._0424_ \alu_i._0458_ \alu_i._0459_ \mult_is_clpx_i \mult_en_i \csr_access_i \alu_en_i $auto$rtlil.cc:3267:Not$14737 } = 18'111000100001011011
    Analyzing resource sharing with $flatten\alu_i.$sshr$/workspace/incremental-synthesis/benchmarks/cv32e40p-eco-001-base/core/common/normalized_cv32e40p.v:1379$228 ($sshr):
      Found 5 activation_patterns using ctrl signal { \alu_i.alu_div_i.LoadEn_S \alu_i._0013_ \alu_i._0027_ \alu_i._0306_ \alu_i._0307_ \alu_i._0314_ \alu_i._0315_ \alu_i._0420_ \alu_i._0424_ \alu_i._0458_ \alu_i._0459_ \mult_en_i \csr_access_i \alu_en_i $auto$rtlil.cc:3267:Not$14737 }.
      Activation pattern for cell $flatten\mult_i.$sshr$/workspace/incremental-synthesis/benchmarks/cv32e40p-eco-001-base/core/common/normalized_cv32e40p.v:39777$13651: { \mult_i._091_ \mult_i._136_ \mult_is_clpx_i \mult_en_i \csr_access_i } = 5'11110
      Activation pattern for cell $flatten\alu_i.$sshr$/workspace/incremental-synthesis/benchmarks/cv32e40p-eco-001-base/core/common/normalized_cv32e40p.v:1379$228: { \alu_i._0306_ \alu_i._0307_ \alu_i._0314_ \alu_i._0420_ \alu_i._0458_ \alu_i._0459_ \mult_en_i \csr_access_i \alu_en_i } = 9'100010001
      Activation pattern for cell $flatten\alu_i.$sshr$/workspace/incremental-synthesis/benchmarks/cv32e40p-eco-001-base/core/common/normalized_cv32e40p.v:1379$228: { \alu_i._0306_ \alu_i._0307_ \alu_i._0315_ \alu_i._0424_ \alu_i._0458_ \alu_i._0459_ \mult_en_i \csr_access_i \alu_en_i } = 9'001110001
      Activation pattern for cell $flatten\alu_i.$sshr$/workspace/incremental-synthesis/benchmarks/cv32e40p-eco-001-base/core/common/normalized_cv32e40p.v:1379$228: { \alu_i._0027_ \alu_i._0306_ \alu_i._0307_ \alu_i._0314_ \alu_i._0458_ \alu_i._0459_ \mult_en_i \csr_access_i \alu_en_i } = 9'110110001
      Activation pattern for cell $flatten\alu_i.$sshr$/workspace/incremental-synthesis/benchmarks/cv32e40p-eco-001-base/core/common/normalized_cv32e40p.v:1379$228: { \alu_i._0013_ \alu_i._0306_ \alu_i._0307_ \alu_i._0314_ \alu_i._0420_ \alu_i._0458_ \alu_i._0459_ \mult_en_i \csr_access_i \alu_en_i $auto$rtlil.cc:3267:Not$14737 } = 11'01000100011
      Activation pattern for cell $flatten\alu_i.$sshr$/workspace/incremental-synthesis/benchmarks/cv32e40p-eco-001-base/core/common/normalized_cv32e40p.v:1379$228: { \alu_i.alu_div_i.LoadEn_S \alu_i._0458_ \alu_i._0459_ } = 3'110
      Size of SAT problem: 78 cells, 630 variables, 2028 clauses
      According to the SAT solver this pair of cells can not be shared.
      Model from SAT solver: { \mult_i._091_ \mult_i._136_ \alu_i.alu_div_i.LoadEn_S \alu_i._0013_ \alu_i._0027_ \alu_i._0306_ \alu_i._0307_ \alu_i._0314_ \alu_i._0315_ \alu_i._0420_ \alu_i._0424_ \alu_i._0458_ \alu_i._0459_ \mult_is_clpx_i \mult_en_i \csr_access_i \alu_en_i $auto$rtlil.cc:3267:Not$14737 } = 18'111000100001011011
  Analyzing resource sharing options for $flatten\mult_i.$shl$/workspace/incremental-synthesis/benchmarks/cv32e40p-eco-001-base/core/common/normalized_cv32e40p.v:39743$13630 ($shl):
    Found 2 activation_patterns using ctrl signal { \mult_i._032_ \mult_i._091_ \mult_i._147_ \mult_i._153_ \mult_en_i \csr_access_i }.
    No candidates found.
  Analyzing resource sharing options for $flatten\mult_i.$mul$/workspace/incremental-synthesis/benchmarks/cv32e40p-eco-001-base/core/common/normalized_cv32e40p.v:39850$13692 ($mul):
    Found cell that is never activated: $flatten\mult_i.$add$/workspace/incremental-synthesis/benchmarks/cv32e40p-eco-001-base/core/common/normalized_cv32e40p.v:39854$13695
    Found cell that is never activated: $flatten\mult_i.$mul$/workspace/incremental-synthesis/benchmarks/cv32e40p-eco-001-base/core/common/normalized_cv32e40p.v:39850$13692
    Cell is never active. Sharing is pointless, we simply remove it.
  Analyzing resource sharing options for $flatten\mult_i.$mul$/workspace/incremental-synthesis/benchmarks/cv32e40p-eco-001-base/core/common/normalized_cv32e40p.v:39848$13691 ($mul):
    Found cell that is never activated: $flatten\mult_i.$mul$/workspace/incremental-synthesis/benchmarks/cv32e40p-eco-001-base/core/common/normalized_cv32e40p.v:39848$13691
    Cell is never active. Sharing is pointless, we simply remove it.
  Analyzing resource sharing options for $flatten\mult_i.$mul$/workspace/incremental-synthesis/benchmarks/cv32e40p-eco-001-base/core/common/normalized_cv32e40p.v:39845$13689 ($mul):
    Found cell that is never activated: $flatten\mult_i.$add$/workspace/incremental-synthesis/benchmarks/cv32e40p-eco-001-base/core/common/normalized_cv32e40p.v:39852$13693
    Found cell that is never activated: $flatten\mult_i.$mul$/workspace/incremental-synthesis/benchmarks/cv32e40p-eco-001-base/core/common/normalized_cv32e40p.v:39845$13689
    Cell is never active. Sharing is pointless, we simply remove it.
  Analyzing resource sharing options for $flatten\mult_i.$mul$/workspace/incremental-synthesis/benchmarks/cv32e40p-eco-001-base/core/common/normalized_cv32e40p.v:39843$13688 ($mul):
    Found cell that is never activated: $flatten\mult_i.$mul$/workspace/incremental-synthesis/benchmarks/cv32e40p-eco-001-base/core/common/normalized_cv32e40p.v:39843$13688
    Cell is never active. Sharing is pointless, we simply remove it.
  Analyzing resource sharing options for $flatten\mult_i.$mul$/workspace/incremental-synthesis/benchmarks/cv32e40p-eco-001-base/core/common/normalized_cv32e40p.v:39822$13677 ($mul):
    Found cell that is never activated: $flatten\mult_i.$mul$/workspace/incremental-synthesis/benchmarks/cv32e40p-eco-001-base/core/common/normalized_cv32e40p.v:39822$13677
    Cell is never active. Sharing is pointless, we simply remove it.
  Analyzing resource sharing options for $flatten\mult_i.$mul$/workspace/incremental-synthesis/benchmarks/cv32e40p-eco-001-base/core/common/normalized_cv32e40p.v:39783$13653 ($mul):
    Found cell that is never activated: $flatten\mult_i.$add$/workspace/incremental-synthesis/benchmarks/cv32e40p-eco-001-base/core/common/normalized_cv32e40p.v:39785$13654
    Found cell that is never activated: $flatten\mult_i.$mul$/workspace/incremental-synthesis/benchmarks/cv32e40p-eco-001-base/core/common/normalized_cv32e40p.v:39783$13653
    Cell is never active. Sharing is pointless, we simply remove it.
  Analyzing resource sharing options for $flatten\mult_i.$mul$/workspace/incremental-synthesis/benchmarks/cv32e40p-eco-001-base/core/common/normalized_cv32e40p.v:39766$13645 ($mul):
    Found cell that is never activated: $flatten\mult_i.$add$/workspace/incremental-synthesis/benchmarks/cv32e40p-eco-001-base/core/common/normalized_cv32e40p.v:39774$13649
    Found cell that is never activated: $flatten\mult_i.$mul$/workspace/incremental-synthesis/benchmarks/cv32e40p-eco-001-base/core/common/normalized_cv32e40p.v:39766$13645
    Cell is never active. Sharing is pointless, we simply remove it.
  Analyzing resource sharing options for $flatten\mult_i.$mul$/workspace/incremental-synthesis/benchmarks/cv32e40p-eco-001-base/core/common/normalized_cv32e40p.v:39764$13644 ($mul):
    Found cell that is never activated: $flatten\mult_i.$mul$/workspace/incremental-synthesis/benchmarks/cv32e40p-eco-001-base/core/common/normalized_cv32e40p.v:39764$13644
    Cell is never active. Sharing is pointless, we simply remove it.
  Analyzing resource sharing options for $flatten\alu_i.$sshr$/workspace/incremental-synthesis/benchmarks/cv32e40p-eco-001-base/core/common/normalized_cv32e40p.v:1390$238 ($sshr):
    Found 5 activation_patterns using ctrl signal { \alu_i.alu_div_i.LoadEn_S \alu_i._0013_ \alu_i._0027_ \alu_i._0306_ \alu_i._0307_ \alu_i._0314_ \alu_i._0315_ \alu_i._0420_ \alu_i._0424_ \alu_i._0459_ \mult_en_i \csr_access_i \alu_en_i $auto$rtlil.cc:3267:Not$14737 }.
    Found 5 candidates: $flatten\alu_i.$sshr$/workspace/incremental-synthesis/benchmarks/cv32e40p-eco-001-base/core/common/normalized_cv32e40p.v:1388$236 $flatten\alu_i.$sshr$/workspace/incremental-synthesis/benchmarks/cv32e40p-eco-001-base/core/common/normalized_cv32e40p.v:1386$234 $flatten\alu_i.$sshr$/workspace/incremental-synthesis/benchmarks/cv32e40p-eco-001-base/core/common/normalized_cv32e40p.v:1383$232 $flatten\alu_i.$sshr$/workspace/incremental-synthesis/benchmarks/cv32e40p-eco-001-base/core/common/normalized_cv32e40p.v:1381$230 $flatten\alu_i.$sshr$/workspace/incremental-synthesis/benchmarks/cv32e40p-eco-001-base/core/common/normalized_cv32e40p.v:1379$228
    Analyzing resource sharing with $flatten\alu_i.$sshr$/workspace/incremental-synthesis/benchmarks/cv32e40p-eco-001-base/core/common/normalized_cv32e40p.v:1388$236 ($sshr):
      Found 5 activation_patterns using ctrl signal { \alu_i.alu_div_i.LoadEn_S \alu_i._0013_ \alu_i._0027_ \alu_i._0306_ \alu_i._0307_ \alu_i._0314_ \alu_i._0315_ \alu_i._0420_ \alu_i._0424_ \alu_i._0459_ \mult_en_i \csr_access_i \alu_en_i $auto$rtlil.cc:3267:Not$14737 }.
      Activation pattern for cell $flatten\alu_i.$sshr$/workspace/incremental-synthesis/benchmarks/cv32e40p-eco-001-base/core/common/normalized_cv32e40p.v:1390$238: { \alu_i.alu_div_i.LoadEn_S \alu_i._0459_ } = 2'11
      Activation pattern for cell $flatten\alu_i.$sshr$/workspace/incremental-synthesis/benchmarks/cv32e40p-eco-001-base/core/common/normalized_cv32e40p.v:1390$238: { \alu_i._0013_ \alu_i._0306_ \alu_i._0307_ \alu_i._0314_ \alu_i._0420_ \alu_i._0459_ \mult_en_i \csr_access_i \alu_en_i $auto$rtlil.cc:3267:Not$14737 } = 10'0100010011
      Activation pattern for cell $flatten\alu_i.$sshr$/workspace/incremental-synthesis/benchmarks/cv32e40p-eco-001-base/core/common/normalized_cv32e40p.v:1390$238: { \alu_i._0027_ \alu_i._0306_ \alu_i._0307_ \alu_i._0314_ \alu_i._0459_ \mult_en_i \csr_access_i \alu_en_i } = 8'11011001
      Activation pattern for cell $flatten\alu_i.$sshr$/workspace/incremental-synthesis/benchmarks/cv32e40p-eco-001-base/core/common/normalized_cv32e40p.v:1390$238: { \alu_i._0306_ \alu_i._0307_ \alu_i._0315_ \alu_i._0424_ \alu_i._0459_ \mult_en_i \csr_access_i \alu_en_i } = 8'00111001
      Activation pattern for cell $flatten\alu_i.$sshr$/workspace/incremental-synthesis/benchmarks/cv32e40p-eco-001-base/core/common/normalized_cv32e40p.v:1390$238: { \alu_i._0306_ \alu_i._0307_ \alu_i._0314_ \alu_i._0420_ \alu_i._0459_ \mult_en_i \csr_access_i \alu_en_i } = 8'10001001
      Activation pattern for cell $flatten\alu_i.$sshr$/workspace/incremental-synthesis/benchmarks/cv32e40p-eco-001-base/core/common/normalized_cv32e40p.v:1388$236: { \alu_i.alu_div_i.LoadEn_S \alu_i._0459_ } = 2'11
      Activation pattern for cell $flatten\alu_i.$sshr$/workspace/incremental-synthesis/benchmarks/cv32e40p-eco-001-base/core/common/normalized_cv32e40p.v:1388$236: { \alu_i._0013_ \alu_i._0306_ \alu_i._0307_ \alu_i._0314_ \alu_i._0420_ \alu_i._0459_ \mult_en_i \csr_access_i \alu_en_i $auto$rtlil.cc:3267:Not$14737 } = 10'0100010011
      Activation pattern for cell $flatten\alu_i.$sshr$/workspace/incremental-synthesis/benchmarks/cv32e40p-eco-001-base/core/common/normalized_cv32e40p.v:1388$236: { \alu_i._0027_ \alu_i._0306_ \alu_i._0307_ \alu_i._0314_ \alu_i._0459_ \mult_en_i \csr_access_i \alu_en_i } = 8'11011001
      Activation pattern for cell $flatten\alu_i.$sshr$/workspace/incremental-synthesis/benchmarks/cv32e40p-eco-001-base/core/common/normalized_cv32e40p.v:1388$236: { \alu_i._0306_ \alu_i._0307_ \alu_i._0315_ \alu_i._0424_ \alu_i._0459_ \mult_en_i \csr_access_i \alu_en_i } = 8'00111001
      Activation pattern for cell $flatten\alu_i.$sshr$/workspace/incremental-synthesis/benchmarks/cv32e40p-eco-001-base/core/common/normalized_cv32e40p.v:1388$236: { \alu_i._0306_ \alu_i._0307_ \alu_i._0314_ \alu_i._0420_ \alu_i._0459_ \mult_en_i \csr_access_i \alu_en_i } = 8'10001001
      Size of SAT problem: 74 cells, 555 variables, 1776 clauses
      According to the SAT solver this pair of cells can not be shared.
      Model from SAT solver: { \alu_i.alu_div_i.LoadEn_S \alu_i._0013_ \alu_i._0027_ \alu_i._0306_ \alu_i._0307_ \alu_i._0314_ \alu_i._0315_ \alu_i._0420_ \alu_i._0424_ \alu_i._0459_ \mult_en_i \csr_access_i \alu_en_i $auto$rtlil.cc:3267:Not$14737 } = 14'01010000010011
    Analyzing resource sharing with $flatten\alu_i.$sshr$/workspace/incremental-synthesis/benchmarks/cv32e40p-eco-001-base/core/common/normalized_cv32e40p.v:1386$234 ($sshr):
      Found 5 activation_patterns using ctrl signal { \alu_i.alu_div_i.LoadEn_S \alu_i._0013_ \alu_i._0027_ \alu_i._0306_ \alu_i._0307_ \alu_i._0314_ \alu_i._0315_ \alu_i._0420_ \alu_i._0424_ \alu_i._0459_ \mult_en_i \csr_access_i \alu_en_i $auto$rtlil.cc:3267:Not$14737 }.
      Activation pattern for cell $flatten\alu_i.$sshr$/workspace/incremental-synthesis/benchmarks/cv32e40p-eco-001-base/core/common/normalized_cv32e40p.v:1390$238: { \alu_i.alu_div_i.LoadEn_S \alu_i._0459_ } = 2'11
      Activation pattern for cell $flatten\alu_i.$sshr$/workspace/incremental-synthesis/benchmarks/cv32e40p-eco-001-base/core/common/normalized_cv32e40p.v:1390$238: { \alu_i._0013_ \alu_i._0306_ \alu_i._0307_ \alu_i._0314_ \alu_i._0420_ \alu_i._0459_ \mult_en_i \csr_access_i \alu_en_i $auto$rtlil.cc:3267:Not$14737 } = 10'0100010011
      Activation pattern for cell $flatten\alu_i.$sshr$/workspace/incremental-synthesis/benchmarks/cv32e40p-eco-001-base/core/common/normalized_cv32e40p.v:1390$238: { \alu_i._0027_ \alu_i._0306_ \alu_i._0307_ \alu_i._0314_ \alu_i._0459_ \mult_en_i \csr_access_i \alu_en_i } = 8'11011001
      Activation pattern for cell $flatten\alu_i.$sshr$/workspace/incremental-synthesis/benchmarks/cv32e40p-eco-001-base/core/common/normalized_cv32e40p.v:1390$238: { \alu_i._0306_ \alu_i._0307_ \alu_i._0315_ \alu_i._0424_ \alu_i._0459_ \mult_en_i \csr_access_i \alu_en_i } = 8'00111001
      Activation pattern for cell $flatten\alu_i.$sshr$/workspace/incremental-synthesis/benchmarks/cv32e40p-eco-001-base/core/common/normalized_cv32e40p.v:1390$238: { \alu_i._0306_ \alu_i._0307_ \alu_i._0314_ \alu_i._0420_ \alu_i._0459_ \mult_en_i \csr_access_i \alu_en_i } = 8'10001001
      Activation pattern for cell $flatten\alu_i.$sshr$/workspace/incremental-synthesis/benchmarks/cv32e40p-eco-001-base/core/common/normalized_cv32e40p.v:1386$234: { \alu_i.alu_div_i.LoadEn_S \alu_i._0459_ } = 2'11
      Activation pattern for cell $flatten\alu_i.$sshr$/workspace/incremental-synthesis/benchmarks/cv32e40p-eco-001-base/core/common/normalized_cv32e40p.v:1386$234: { \alu_i._0013_ \alu_i._0306_ \alu_i._0307_ \alu_i._0314_ \alu_i._0420_ \alu_i._0459_ \mult_en_i \csr_access_i \alu_en_i $auto$rtlil.cc:3267:Not$14737 } = 10'0100010011
      Activation pattern for cell $flatten\alu_i.$sshr$/workspace/incremental-synthesis/benchmarks/cv32e40p-eco-001-base/core/common/normalized_cv32e40p.v:1386$234: { \alu_i._0027_ \alu_i._0306_ \alu_i._0307_ \alu_i._0314_ \alu_i._0459_ \mult_en_i \csr_access_i \alu_en_i } = 8'11011001
      Activation pattern for cell $flatten\alu_i.$sshr$/workspace/incremental-synthesis/benchmarks/cv32e40p-eco-001-base/core/common/normalized_cv32e40p.v:1386$234: { \alu_i._0306_ \alu_i._0307_ \alu_i._0315_ \alu_i._0424_ \alu_i._0459_ \mult_en_i \csr_access_i \alu_en_i } = 8'00111001
      Activation pattern for cell $flatten\alu_i.$sshr$/workspace/incremental-synthesis/benchmarks/cv32e40p-eco-001-base/core/common/normalized_cv32e40p.v:1386$234: { \alu_i._0306_ \alu_i._0307_ \alu_i._0314_ \alu_i._0420_ \alu_i._0459_ \mult_en_i \csr_access_i \alu_en_i } = 8'10001001
      Size of SAT problem: 74 cells, 555 variables, 1776 clauses
      According to the SAT solver this pair of cells can not be shared.
      Model from SAT solver: { \alu_i.alu_div_i.LoadEn_S \alu_i._0013_ \alu_i._0027_ \alu_i._0306_ \alu_i._0307_ \alu_i._0314_ \alu_i._0315_ \alu_i._0420_ \alu_i._0424_ \alu_i._0459_ \mult_en_i \csr_access_i \alu_en_i $auto$rtlil.cc:3267:Not$14737 } = 14'01010000010011
    Analyzing resource sharing with $flatten\alu_i.$sshr$/workspace/incremental-synthesis/benchmarks/cv32e40p-eco-001-base/core/common/normalized_cv32e40p.v:1383$232 ($sshr):
      Found 5 activation_patterns using ctrl signal { \alu_i.alu_div_i.LoadEn_S \alu_i._0013_ \alu_i._0027_ \alu_i._0306_ \alu_i._0307_ \alu_i._0314_ \alu_i._0315_ \alu_i._0420_ \alu_i._0424_ \alu_i._0459_ \mult_en_i \csr_access_i \alu_en_i $auto$rtlil.cc:3267:Not$14737 }.
      Activation pattern for cell $flatten\alu_i.$sshr$/workspace/incremental-synthesis/benchmarks/cv32e40p-eco-001-base/core/common/normalized_cv32e40p.v:1390$238: { \alu_i.alu_div_i.LoadEn_S \alu_i._0459_ } = 2'11
      Activation pattern for cell $flatten\alu_i.$sshr$/workspace/incremental-synthesis/benchmarks/cv32e40p-eco-001-base/core/common/normalized_cv32e40p.v:1390$238: { \alu_i._0013_ \alu_i._0306_ \alu_i._0307_ \alu_i._0314_ \alu_i._0420_ \alu_i._0459_ \mult_en_i \csr_access_i \alu_en_i $auto$rtlil.cc:3267:Not$14737 } = 10'0100010011
      Activation pattern for cell $flatten\alu_i.$sshr$/workspace/incremental-synthesis/benchmarks/cv32e40p-eco-001-base/core/common/normalized_cv32e40p.v:1390$238: { \alu_i._0027_ \alu_i._0306_ \alu_i._0307_ \alu_i._0314_ \alu_i._0459_ \mult_en_i \csr_access_i \alu_en_i } = 8'11011001
      Activation pattern for cell $flatten\alu_i.$sshr$/workspace/incremental-synthesis/benchmarks/cv32e40p-eco-001-base/core/common/normalized_cv32e40p.v:1390$238: { \alu_i._0306_ \alu_i._0307_ \alu_i._0315_ \alu_i._0424_ \alu_i._0459_ \mult_en_i \csr_access_i \alu_en_i } = 8'00111001
      Activation pattern for cell $flatten\alu_i.$sshr$/workspace/incremental-synthesis/benchmarks/cv32e40p-eco-001-base/core/common/normalized_cv32e40p.v:1390$238: { \alu_i._0306_ \alu_i._0307_ \alu_i._0314_ \alu_i._0420_ \alu_i._0459_ \mult_en_i \csr_access_i \alu_en_i } = 8'10001001
      Activation pattern for cell $flatten\alu_i.$sshr$/workspace/incremental-synthesis/benchmarks/cv32e40p-eco-001-base/core/common/normalized_cv32e40p.v:1383$232: { \alu_i.alu_div_i.LoadEn_S \alu_i._0459_ } = 2'11
      Activation pattern for cell $flatten\alu_i.$sshr$/workspace/incremental-synthesis/benchmarks/cv32e40p-eco-001-base/core/common/normalized_cv32e40p.v:1383$232: { \alu_i._0013_ \alu_i._0306_ \alu_i._0307_ \alu_i._0314_ \alu_i._0420_ \alu_i._0459_ \mult_en_i \csr_access_i \alu_en_i $auto$rtlil.cc:3267:Not$14737 } = 10'0100010011
      Activation pattern for cell $flatten\alu_i.$sshr$/workspace/incremental-synthesis/benchmarks/cv32e40p-eco-001-base/core/common/normalized_cv32e40p.v:1383$232: { \alu_i._0027_ \alu_i._0306_ \alu_i._0307_ \alu_i._0314_ \alu_i._0459_ \mult_en_i \csr_access_i \alu_en_i } = 8'11011001
      Activation pattern for cell $flatten\alu_i.$sshr$/workspace/incremental-synthesis/benchmarks/cv32e40p-eco-001-base/core/common/normalized_cv32e40p.v:1383$232: { \alu_i._0306_ \alu_i._0307_ \alu_i._0315_ \alu_i._0424_ \alu_i._0459_ \mult_en_i \csr_access_i \alu_en_i } = 8'00111001
      Activation pattern for cell $flatten\alu_i.$sshr$/workspace/incremental-synthesis/benchmarks/cv32e40p-eco-001-base/core/common/normalized_cv32e40p.v:1383$232: { \alu_i._0306_ \alu_i._0307_ \alu_i._0314_ \alu_i._0420_ \alu_i._0459_ \mult_en_i \csr_access_i \alu_en_i } = 8'10001001
      Size of SAT problem: 74 cells, 555 variables, 1776 clauses
      According to the SAT solver this pair of cells can not be shared.
      Model from SAT solver: { \alu_i.alu_div_i.LoadEn_S \alu_i._0013_ \alu_i._0027_ \alu_i._0306_ \alu_i._0307_ \alu_i._0314_ \alu_i._0315_ \alu_i._0420_ \alu_i._0424_ \alu_i._0459_ \mult_en_i \csr_access_i \alu_en_i $auto$rtlil.cc:3267:Not$14737 } = 14'01010000010011
    Analyzing resource sharing with $flatten\alu_i.$sshr$/workspace/incremental-synthesis/benchmarks/cv32e40p-eco-001-base/core/common/normalized_cv32e40p.v:1381$230 ($sshr):
      Found 5 activation_patterns using ctrl signal { \alu_i.alu_div_i.LoadEn_S \alu_i._0013_ \alu_i._0027_ \alu_i._0306_ \alu_i._0307_ \alu_i._0314_ \alu_i._0315_ \alu_i._0420_ \alu_i._0424_ \alu_i._0458_ \alu_i._0459_ \mult_en_i \csr_access_i \alu_en_i $auto$rtlil.cc:3267:Not$14737 }.
      Activation pattern for cell $flatten\alu_i.$sshr$/workspace/incremental-synthesis/benchmarks/cv32e40p-eco-001-base/core/common/normalized_cv32e40p.v:1390$238: { \alu_i.alu_div_i.LoadEn_S \alu_i._0459_ } = 2'11
      Activation pattern for cell $flatten\alu_i.$sshr$/workspace/incremental-synthesis/benchmarks/cv32e40p-eco-001-base/core/common/normalized_cv32e40p.v:1390$238: { \alu_i._0013_ \alu_i._0306_ \alu_i._0307_ \alu_i._0314_ \alu_i._0420_ \alu_i._0459_ \mult_en_i \csr_access_i \alu_en_i $auto$rtlil.cc:3267:Not$14737 } = 10'0100010011
      Activation pattern for cell $flatten\alu_i.$sshr$/workspace/incremental-synthesis/benchmarks/cv32e40p-eco-001-base/core/common/normalized_cv32e40p.v:1390$238: { \alu_i._0027_ \alu_i._0306_ \alu_i._0307_ \alu_i._0314_ \alu_i._0459_ \mult_en_i \csr_access_i \alu_en_i } = 8'11011001
      Activation pattern for cell $flatten\alu_i.$sshr$/workspace/incremental-synthesis/benchmarks/cv32e40p-eco-001-base/core/common/normalized_cv32e40p.v:1390$238: { \alu_i._0306_ \alu_i._0307_ \alu_i._0315_ \alu_i._0424_ \alu_i._0459_ \mult_en_i \csr_access_i \alu_en_i } = 8'00111001
      Activation pattern for cell $flatten\alu_i.$sshr$/workspace/incremental-synthesis/benchmarks/cv32e40p-eco-001-base/core/common/normalized_cv32e40p.v:1390$238: { \alu_i._0306_ \alu_i._0307_ \alu_i._0314_ \alu_i._0420_ \alu_i._0459_ \mult_en_i \csr_access_i \alu_en_i } = 8'10001001
      Activation pattern for cell $flatten\alu_i.$sshr$/workspace/incremental-synthesis/benchmarks/cv32e40p-eco-001-base/core/common/normalized_cv32e40p.v:1381$230: { \alu_i._0306_ \alu_i._0307_ \alu_i._0314_ \alu_i._0420_ \alu_i._0458_ \alu_i._0459_ \mult_en_i \csr_access_i \alu_en_i } = 9'100010001
      Activation pattern for cell $flatten\alu_i.$sshr$/workspace/incremental-synthesis/benchmarks/cv32e40p-eco-001-base/core/common/normalized_cv32e40p.v:1381$230: { \alu_i._0306_ \alu_i._0307_ \alu_i._0315_ \alu_i._0424_ \alu_i._0458_ \alu_i._0459_ \mult_en_i \csr_access_i \alu_en_i } = 9'001110001
      Activation pattern for cell $flatten\alu_i.$sshr$/workspace/incremental-synthesis/benchmarks/cv32e40p-eco-001-base/core/common/normalized_cv32e40p.v:1381$230: { \alu_i._0027_ \alu_i._0306_ \alu_i._0307_ \alu_i._0314_ \alu_i._0458_ \alu_i._0459_ \mult_en_i \csr_access_i \alu_en_i } = 9'110110001
      Activation pattern for cell $flatten\alu_i.$sshr$/workspace/incremental-synthesis/benchmarks/cv32e40p-eco-001-base/core/common/normalized_cv32e40p.v:1381$230: { \alu_i._0013_ \alu_i._0306_ \alu_i._0307_ \alu_i._0314_ \alu_i._0420_ \alu_i._0458_ \alu_i._0459_ \mult_en_i \csr_access_i \alu_en_i $auto$rtlil.cc:3267:Not$14737 } = 11'01000100011
      Activation pattern for cell $flatten\alu_i.$sshr$/workspace/incremental-synthesis/benchmarks/cv32e40p-eco-001-base/core/common/normalized_cv32e40p.v:1381$230: { \alu_i.alu_div_i.LoadEn_S \alu_i._0458_ \alu_i._0459_ } = 3'110
      According to the SAT solver this pair of cells can be shared. (Pattern only case)
      Simplified activation pattern for cell $flatten\alu_i.$sshr$/workspace/incremental-synthesis/benchmarks/cv32e40p-eco-001-base/core/common/normalized_cv32e40p.v:1390$238: \alu_i._0459_ = 1'1
      Simplified activation pattern for cell $flatten\alu_i.$sshr$/workspace/incremental-synthesis/benchmarks/cv32e40p-eco-001-base/core/common/normalized_cv32e40p.v:1381$230: \alu_i._0459_ = 1'0
      Activation signal for $flatten\alu_i.$sshr$/workspace/incremental-synthesis/benchmarks/cv32e40p-eco-001-base/core/common/normalized_cv32e40p.v:1390$238: $auto$share.cc:1062:make_cell_activation_logic$14776
      New cell: $auto$share.cc:663:make_supercell$14783 ($sshr)
  Analyzing resource sharing options for $auto$share.cc:663:make_supercell$14783 ($sshr):
    Found 10 activation_patterns using ctrl signal { \alu_i.alu_div_i.LoadEn_S \alu_i._0013_ \alu_i._0027_ \alu_i._0306_ \alu_i._0307_ \alu_i._0314_ \alu_i._0315_ \alu_i._0420_ \alu_i._0424_ \alu_i._0458_ \alu_i._0459_ \mult_en_i \csr_access_i \alu_en_i $auto$rtlil.cc:3267:Not$14737 }.
    Found 4 candidates: $flatten\alu_i.$sshr$/workspace/incremental-synthesis/benchmarks/cv32e40p-eco-001-base/core/common/normalized_cv32e40p.v:1386$234 $flatten\alu_i.$sshr$/workspace/incremental-synthesis/benchmarks/cv32e40p-eco-001-base/core/common/normalized_cv32e40p.v:1383$232 $flatten\alu_i.$sshr$/workspace/incremental-synthesis/benchmarks/cv32e40p-eco-001-base/core/common/normalized_cv32e40p.v:1388$236 $flatten\alu_i.$sshr$/workspace/incremental-synthesis/benchmarks/cv32e40p-eco-001-base/core/common/normalized_cv32e40p.v:1379$228
    Analyzing resource sharing with $flatten\alu_i.$sshr$/workspace/incremental-synthesis/benchmarks/cv32e40p-eco-001-base/core/common/normalized_cv32e40p.v:1386$234 ($sshr):
      Found 5 activation_patterns using ctrl signal { \alu_i.alu_div_i.LoadEn_S \alu_i._0013_ \alu_i._0027_ \alu_i._0306_ \alu_i._0307_ \alu_i._0314_ \alu_i._0315_ \alu_i._0420_ \alu_i._0424_ \alu_i._0459_ \mult_en_i \csr_access_i \alu_en_i $auto$rtlil.cc:3267:Not$14737 }.
      Activation pattern for cell $auto$share.cc:663:make_supercell$14783: { \alu_i.alu_div_i.LoadEn_S \alu_i._0459_ } = 2'11
      Activation pattern for cell $auto$share.cc:663:make_supercell$14783: { \alu_i._0013_ \alu_i._0306_ \alu_i._0307_ \alu_i._0314_ \alu_i._0420_ \alu_i._0459_ \mult_en_i \csr_access_i \alu_en_i $auto$rtlil.cc:3267:Not$14737 } = 10'0100010011
      Activation pattern for cell $auto$share.cc:663:make_supercell$14783: { \alu_i._0027_ \alu_i._0306_ \alu_i._0307_ \alu_i._0314_ \alu_i._0459_ \mult_en_i \csr_access_i \alu_en_i } = 8'11011001
      Activation pattern for cell $auto$share.cc:663:make_supercell$14783: { \alu_i._0306_ \alu_i._0307_ \alu_i._0315_ \alu_i._0424_ \alu_i._0459_ \mult_en_i \csr_access_i \alu_en_i } = 8'00111001
      Activation pattern for cell $auto$share.cc:663:make_supercell$14783: { \alu_i._0306_ \alu_i._0307_ \alu_i._0314_ \alu_i._0420_ \alu_i._0459_ \mult_en_i \csr_access_i \alu_en_i } = 8'10001001
      Activation pattern for cell $auto$share.cc:663:make_supercell$14783: { \alu_i._0306_ \alu_i._0307_ \alu_i._0314_ \alu_i._0420_ \alu_i._0458_ \alu_i._0459_ \mult_en_i \csr_access_i \alu_en_i } = 9'100010001
      Activation pattern for cell $auto$share.cc:663:make_supercell$14783: { \alu_i._0306_ \alu_i._0307_ \alu_i._0315_ \alu_i._0424_ \alu_i._0458_ \alu_i._0459_ \mult_en_i \csr_access_i \alu_en_i } = 9'001110001
      Activation pattern for cell $auto$share.cc:663:make_supercell$14783: { \alu_i._0027_ \alu_i._0306_ \alu_i._0307_ \alu_i._0314_ \alu_i._0458_ \alu_i._0459_ \mult_en_i \csr_access_i \alu_en_i } = 9'110110001
      Activation pattern for cell $auto$share.cc:663:make_supercell$14783: { \alu_i._0013_ \alu_i._0306_ \alu_i._0307_ \alu_i._0314_ \alu_i._0420_ \alu_i._0458_ \alu_i._0459_ \mult_en_i \csr_access_i \alu_en_i $auto$rtlil.cc:3267:Not$14737 } = 11'01000100011
      Activation pattern for cell $auto$share.cc:663:make_supercell$14783: { \alu_i.alu_div_i.LoadEn_S \alu_i._0458_ \alu_i._0459_ } = 3'110
      Activation pattern for cell $flatten\alu_i.$sshr$/workspace/incremental-synthesis/benchmarks/cv32e40p-eco-001-base/core/common/normalized_cv32e40p.v:1386$234: { \alu_i.alu_div_i.LoadEn_S \alu_i._0459_ } = 2'11
      Activation pattern for cell $flatten\alu_i.$sshr$/workspace/incremental-synthesis/benchmarks/cv32e40p-eco-001-base/core/common/normalized_cv32e40p.v:1386$234: { \alu_i._0013_ \alu_i._0306_ \alu_i._0307_ \alu_i._0314_ \alu_i._0420_ \alu_i._0459_ \mult_en_i \csr_access_i \alu_en_i $auto$rtlil.cc:3267:Not$14737 } = 10'0100010011
      Activation pattern for cell $flatten\alu_i.$sshr$/workspace/incremental-synthesis/benchmarks/cv32e40p-eco-001-base/core/common/normalized_cv32e40p.v:1386$234: { \alu_i._0027_ \alu_i._0306_ \alu_i._0307_ \alu_i._0314_ \alu_i._0459_ \mult_en_i \csr_access_i \alu_en_i } = 8'11011001
      Activation pattern for cell $flatten\alu_i.$sshr$/workspace/incremental-synthesis/benchmarks/cv32e40p-eco-001-base/core/common/normalized_cv32e40p.v:1386$234: { \alu_i._0306_ \alu_i._0307_ \alu_i._0315_ \alu_i._0424_ \alu_i._0459_ \mult_en_i \csr_access_i \alu_en_i } = 8'00111001
      Activation pattern for cell $flatten\alu_i.$sshr$/workspace/incremental-synthesis/benchmarks/cv32e40p-eco-001-base/core/common/normalized_cv32e40p.v:1386$234: { \alu_i._0306_ \alu_i._0307_ \alu_i._0314_ \alu_i._0420_ \alu_i._0459_ \mult_en_i \csr_access_i \alu_en_i } = 8'10001001
      Size of SAT problem: 75 cells, 577 variables, 1882 clauses
      According to the SAT solver this pair of cells can not be shared.
      Model from SAT solver: { \alu_i.alu_div_i.LoadEn_S \alu_i._0013_ \alu_i._0027_ \alu_i._0306_ \alu_i._0307_ \alu_i._0314_ \alu_i._0315_ \alu_i._0420_ \alu_i._0424_ \alu_i._0458_ \alu_i._0459_ \mult_en_i \csr_access_i \alu_en_i $auto$rtlil.cc:3267:Not$14737 } = 15'001101000010011
    Analyzing resource sharing with $flatten\alu_i.$sshr$/workspace/incremental-synthesis/benchmarks/cv32e40p-eco-001-base/core/common/normalized_cv32e40p.v:1383$232 ($sshr):
      Found 5 activation_patterns using ctrl signal { \alu_i.alu_div_i.LoadEn_S \alu_i._0013_ \alu_i._0027_ \alu_i._0306_ \alu_i._0307_ \alu_i._0314_ \alu_i._0315_ \alu_i._0420_ \alu_i._0424_ \alu_i._0459_ \mult_en_i \csr_access_i \alu_en_i $auto$rtlil.cc:3267:Not$14737 }.
      Activation pattern for cell $auto$share.cc:663:make_supercell$14783: { \alu_i.alu_div_i.LoadEn_S \alu_i._0459_ } = 2'11
      Activation pattern for cell $auto$share.cc:663:make_supercell$14783: { \alu_i._0013_ \alu_i._0306_ \alu_i._0307_ \alu_i._0314_ \alu_i._0420_ \alu_i._0459_ \mult_en_i \csr_access_i \alu_en_i $auto$rtlil.cc:3267:Not$14737 } = 10'0100010011
      Activation pattern for cell $auto$share.cc:663:make_supercell$14783: { \alu_i._0027_ \alu_i._0306_ \alu_i._0307_ \alu_i._0314_ \alu_i._0459_ \mult_en_i \csr_access_i \alu_en_i } = 8'11011001
      Activation pattern for cell $auto$share.cc:663:make_supercell$14783: { \alu_i._0306_ \alu_i._0307_ \alu_i._0315_ \alu_i._0424_ \alu_i._0459_ \mult_en_i \csr_access_i \alu_en_i } = 8'00111001
      Activation pattern for cell $auto$share.cc:663:make_supercell$14783: { \alu_i._0306_ \alu_i._0307_ \alu_i._0314_ \alu_i._0420_ \alu_i._0459_ \mult_en_i \csr_access_i \alu_en_i } = 8'10001001
      Activation pattern for cell $auto$share.cc:663:make_supercell$14783: { \alu_i._0306_ \alu_i._0307_ \alu_i._0314_ \alu_i._0420_ \alu_i._0458_ \alu_i._0459_ \mult_en_i \csr_access_i \alu_en_i } = 9'100010001
      Activation pattern for cell $auto$share.cc:663:make_supercell$14783: { \alu_i._0306_ \alu_i._0307_ \alu_i._0315_ \alu_i._0424_ \alu_i._0458_ \alu_i._0459_ \mult_en_i \csr_access_i \alu_en_i } = 9'001110001
      Activation pattern for cell $auto$share.cc:663:make_supercell$14783: { \alu_i._0027_ \alu_i._0306_ \alu_i._0307_ \alu_i._0314_ \alu_i._0458_ \alu_i._0459_ \mult_en_i \csr_access_i \alu_en_i } = 9'110110001
      Activation pattern for cell $auto$share.cc:663:make_supercell$14783: { \alu_i._0013_ \alu_i._0306_ \alu_i._0307_ \alu_i._0314_ \alu_i._0420_ \alu_i._0458_ \alu_i._0459_ \mult_en_i \csr_access_i \alu_en_i $auto$rtlil.cc:3267:Not$14737 } = 11'01000100011
      Activation pattern for cell $auto$share.cc:663:make_supercell$14783: { \alu_i.alu_div_i.LoadEn_S \alu_i._0458_ \alu_i._0459_ } = 3'110
      Activation pattern for cell $flatten\alu_i.$sshr$/workspace/incremental-synthesis/benchmarks/cv32e40p-eco-001-base/core/common/normalized_cv32e40p.v:1383$232: { \alu_i.alu_div_i.LoadEn_S \alu_i._0459_ } = 2'11
      Activation pattern for cell $flatten\alu_i.$sshr$/workspace/incremental-synthesis/benchmarks/cv32e40p-eco-001-base/core/common/normalized_cv32e40p.v:1383$232: { \alu_i._0013_ \alu_i._0306_ \alu_i._0307_ \alu_i._0314_ \alu_i._0420_ \alu_i._0459_ \mult_en_i \csr_access_i \alu_en_i $auto$rtlil.cc:3267:Not$14737 } = 10'0100010011
      Activation pattern for cell $flatten\alu_i.$sshr$/workspace/incremental-synthesis/benchmarks/cv32e40p-eco-001-base/core/common/normalized_cv32e40p.v:1383$232: { \alu_i._0027_ \alu_i._0306_ \alu_i._0307_ \alu_i._0314_ \alu_i._0459_ \mult_en_i \csr_access_i \alu_en_i } = 8'11011001
      Activation pattern for cell $flatten\alu_i.$sshr$/workspace/incremental-synthesis/benchmarks/cv32e40p-eco-001-base/core/common/normalized_cv32e40p.v:1383$232: { \alu_i._0306_ \alu_i._0307_ \alu_i._0315_ \alu_i._0424_ \alu_i._0459_ \mult_en_i \csr_access_i \alu_en_i } = 8'00111001
      Activation pattern for cell $flatten\alu_i.$sshr$/workspace/incremental-synthesis/benchmarks/cv32e40p-eco-001-base/core/common/normalized_cv32e40p.v:1383$232: { \alu_i._0306_ \alu_i._0307_ \alu_i._0314_ \alu_i._0420_ \alu_i._0459_ \mult_en_i \csr_access_i \alu_en_i } = 8'10001001
      Size of SAT problem: 75 cells, 577 variables, 1882 clauses
      According to the SAT solver this pair of cells can not be shared.
      Model from SAT solver: { \alu_i.alu_div_i.LoadEn_S \alu_i._0013_ \alu_i._0027_ \alu_i._0306_ \alu_i._0307_ \alu_i._0314_ \alu_i._0315_ \alu_i._0420_ \alu_i._0424_ \alu_i._0458_ \alu_i._0459_ \mult_en_i \csr_access_i \alu_en_i $auto$rtlil.cc:3267:Not$14737 } = 15'001101000010011
    Analyzing resource sharing with $flatten\alu_i.$sshr$/workspace/incremental-synthesis/benchmarks/cv32e40p-eco-001-base/core/common/normalized_cv32e40p.v:1388$236 ($sshr):
      Found 5 activation_patterns using ctrl signal { \alu_i.alu_div_i.LoadEn_S \alu_i._0013_ \alu_i._0027_ \alu_i._0306_ \alu_i._0307_ \alu_i._0314_ \alu_i._0315_ \alu_i._0420_ \alu_i._0424_ \alu_i._0459_ \mult_en_i \csr_access_i \alu_en_i $auto$rtlil.cc:3267:Not$14737 }.
      Activation pattern for cell $auto$share.cc:663:make_supercell$14783: { \alu_i.alu_div_i.LoadEn_S \alu_i._0459_ } = 2'11
      Activation pattern for cell $auto$share.cc:663:make_supercell$14783: { \alu_i._0013_ \alu_i._0306_ \alu_i._0307_ \alu_i._0314_ \alu_i._0420_ \alu_i._0459_ \mult_en_i \csr_access_i \alu_en_i $auto$rtlil.cc:3267:Not$14737 } = 10'0100010011
      Activation pattern for cell $auto$share.cc:663:make_supercell$14783: { \alu_i._0027_ \alu_i._0306_ \alu_i._0307_ \alu_i._0314_ \alu_i._0459_ \mult_en_i \csr_access_i \alu_en_i } = 8'11011001
      Activation pattern for cell $auto$share.cc:663:make_supercell$14783: { \alu_i._0306_ \alu_i._0307_ \alu_i._0315_ \alu_i._0424_ \alu_i._0459_ \mult_en_i \csr_access_i \alu_en_i } = 8'00111001
      Activation pattern for cell $auto$share.cc:663:make_supercell$14783: { \alu_i._0306_ \alu_i._0307_ \alu_i._0314_ \alu_i._0420_ \alu_i._0459_ \mult_en_i \csr_access_i \alu_en_i } = 8'10001001
      Activation pattern for cell $auto$share.cc:663:make_supercell$14783: { \alu_i._0306_ \alu_i._0307_ \alu_i._0314_ \alu_i._0420_ \alu_i._0458_ \alu_i._0459_ \mult_en_i \csr_access_i \alu_en_i } = 9'100010001
      Activation pattern for cell $auto$share.cc:663:make_supercell$14783: { \alu_i._0306_ \alu_i._0307_ \alu_i._0315_ \alu_i._0424_ \alu_i._0458_ \alu_i._0459_ \mult_en_i \csr_access_i \alu_en_i } = 9'001110001
      Activation pattern for cell $auto$share.cc:663:make_supercell$14783: { \alu_i._0027_ \alu_i._0306_ \alu_i._0307_ \alu_i._0314_ \alu_i._0458_ \alu_i._0459_ \mult_en_i \csr_access_i \alu_en_i } = 9'110110001
      Activation pattern for cell $auto$share.cc:663:make_supercell$14783: { \alu_i._0013_ \alu_i._0306_ \alu_i._0307_ \alu_i._0314_ \alu_i._0420_ \alu_i._0458_ \alu_i._0459_ \mult_en_i \csr_access_i \alu_en_i $auto$rtlil.cc:3267:Not$14737 } = 11'01000100011
      Activation pattern for cell $auto$share.cc:663:make_supercell$14783: { \alu_i.alu_div_i.LoadEn_S \alu_i._0458_ \alu_i._0459_ } = 3'110
      Activation pattern for cell $flatten\alu_i.$sshr$/workspace/incremental-synthesis/benchmarks/cv32e40p-eco-001-base/core/common/normalized_cv32e40p.v:1388$236: { \alu_i.alu_div_i.LoadEn_S \alu_i._0459_ } = 2'11
      Activation pattern for cell $flatten\alu_i.$sshr$/workspace/incremental-synthesis/benchmarks/cv32e40p-eco-001-base/core/common/normalized_cv32e40p.v:1388$236: { \alu_i._0013_ \alu_i._0306_ \alu_i._0307_ \alu_i._0314_ \alu_i._0420_ \alu_i._0459_ \mult_en_i \csr_access_i \alu_en_i $auto$rtlil.cc:3267:Not$14737 } = 10'0100010011
      Activation pattern for cell $flatten\alu_i.$sshr$/workspace/incremental-synthesis/benchmarks/cv32e40p-eco-001-base/core/common/normalized_cv32e40p.v:1388$236: { \alu_i._0027_ \alu_i._0306_ \alu_i._0307_ \alu_i._0314_ \alu_i._0459_ \mult_en_i \csr_access_i \alu_en_i } = 8'11011001
      Activation pattern for cell $flatten\alu_i.$sshr$/workspace/incremental-synthesis/benchmarks/cv32e40p-eco-001-base/core/common/normalized_cv32e40p.v:1388$236: { \alu_i._0306_ \alu_i._0307_ \alu_i._0315_ \alu_i._0424_ \alu_i._0459_ \mult_en_i \csr_access_i \alu_en_i } = 8'00111001
      Activation pattern for cell $flatten\alu_i.$sshr$/workspace/incremental-synthesis/benchmarks/cv32e40p-eco-001-base/core/common/normalized_cv32e40p.v:1388$236: { \alu_i._0306_ \alu_i._0307_ \alu_i._0314_ \alu_i._0420_ \alu_i._0459_ \mult_en_i \csr_access_i \alu_en_i } = 8'10001001
      Size of SAT problem: 75 cells, 577 variables, 1882 clauses
      According to the SAT solver this pair of cells can not be shared.
      Model from SAT solver: { \alu_i.alu_div_i.LoadEn_S \alu_i._0013_ \alu_i._0027_ \alu_i._0306_ \alu_i._0307_ \alu_i._0314_ \alu_i._0315_ \alu_i._0420_ \alu_i._0424_ \alu_i._0458_ \alu_i._0459_ \mult_en_i \csr_access_i \alu_en_i $auto$rtlil.cc:3267:Not$14737 } = 15'001101000010011
    Analyzing resource sharing with $flatten\alu_i.$sshr$/workspace/incremental-synthesis/benchmarks/cv32e40p-eco-001-base/core/common/normalized_cv32e40p.v:1379$228 ($sshr):
      Found 5 activation_patterns using ctrl signal { \alu_i.alu_div_i.LoadEn_S \alu_i._0013_ \alu_i._0027_ \alu_i._0306_ \alu_i._0307_ \alu_i._0314_ \alu_i._0315_ \alu_i._0420_ \alu_i._0424_ \alu_i._0458_ \alu_i._0459_ \mult_en_i \csr_access_i \alu_en_i $auto$rtlil.cc:3267:Not$14737 }.
      Activation pattern for cell $auto$share.cc:663:make_supercell$14783: { \alu_i.alu_div_i.LoadEn_S \alu_i._0459_ } = 2'11
      Activation pattern for cell $auto$share.cc:663:make_supercell$14783: { \alu_i._0013_ \alu_i._0306_ \alu_i._0307_ \alu_i._0314_ \alu_i._0420_ \alu_i._0459_ \mult_en_i \csr_access_i \alu_en_i $auto$rtlil.cc:3267:Not$14737 } = 10'0100010011
      Activation pattern for cell $auto$share.cc:663:make_supercell$14783: { \alu_i._0027_ \alu_i._0306_ \alu_i._0307_ \alu_i._0314_ \alu_i._0459_ \mult_en_i \csr_access_i \alu_en_i } = 8'11011001
      Activation pattern for cell $auto$share.cc:663:make_supercell$14783: { \alu_i._0306_ \alu_i._0307_ \alu_i._0315_ \alu_i._0424_ \alu_i._0459_ \mult_en_i \csr_access_i \alu_en_i } = 8'00111001
      Activation pattern for cell $auto$share.cc:663:make_supercell$14783: { \alu_i._0306_ \alu_i._0307_ \alu_i._0314_ \alu_i._0420_ \alu_i._0459_ \mult_en_i \csr_access_i \alu_en_i } = 8'10001001
      Activation pattern for cell $auto$share.cc:663:make_supercell$14783: { \alu_i._0306_ \alu_i._0307_ \alu_i._0314_ \alu_i._0420_ \alu_i._0458_ \alu_i._0459_ \mult_en_i \csr_access_i \alu_en_i } = 9'100010001
      Activation pattern for cell $auto$share.cc:663:make_supercell$14783: { \alu_i._0306_ \alu_i._0307_ \alu_i._0315_ \alu_i._0424_ \alu_i._0458_ \alu_i._0459_ \mult_en_i \csr_access_i \alu_en_i } = 9'001110001
      Activation pattern for cell $auto$share.cc:663:make_supercell$14783: { \alu_i._0027_ \alu_i._0306_ \alu_i._0307_ \alu_i._0314_ \alu_i._0458_ \alu_i._0459_ \mult_en_i \csr_access_i \alu_en_i } = 9'110110001
      Activation pattern for cell $auto$share.cc:663:make_supercell$14783: { \alu_i._0013_ \alu_i._0306_ \alu_i._0307_ \alu_i._0314_ \alu_i._0420_ \alu_i._0458_ \alu_i._0459_ \mult_en_i \csr_access_i \alu_en_i $auto$rtlil.cc:3267:Not$14737 } = 11'01000100011
      Activation pattern for cell $auto$share.cc:663:make_supercell$14783: { \alu_i.alu_div_i.LoadEn_S \alu_i._0458_ \alu_i._0459_ } = 3'110
      Activation pattern for cell $flatten\alu_i.$sshr$/workspace/incremental-synthesis/benchmarks/cv32e40p-eco-001-base/core/common/normalized_cv32e40p.v:1379$228: { \alu_i._0306_ \alu_i._0307_ \alu_i._0314_ \alu_i._0420_ \alu_i._0458_ \alu_i._0459_ \mult_en_i \csr_access_i \alu_en_i } = 9'100010001
      Activation pattern for cell $flatten\alu_i.$sshr$/workspace/incremental-synthesis/benchmarks/cv32e40p-eco-001-base/core/common/normalized_cv32e40p.v:1379$228: { \alu_i._0306_ \alu_i._0307_ \alu_i._0315_ \alu_i._0424_ \alu_i._0458_ \alu_i._0459_ \mult_en_i \csr_access_i \alu_en_i } = 9'001110001
      Activation pattern for cell $flatten\alu_i.$sshr$/workspace/incremental-synthesis/benchmarks/cv32e40p-eco-001-base/core/common/normalized_cv32e40p.v:1379$228: { \alu_i._0027_ \alu_i._0306_ \alu_i._0307_ \alu_i._0314_ \alu_i._0458_ \alu_i._0459_ \mult_en_i \csr_access_i \alu_en_i } = 9'110110001
      Activation pattern for cell $flatten\alu_i.$sshr$/workspace/incremental-synthesis/benchmarks/cv32e40p-eco-001-base/core/common/normalized_cv32e40p.v:1379$228: { \alu_i._0013_ \alu_i._0306_ \alu_i._0307_ \alu_i._0314_ \alu_i._0420_ \alu_i._0458_ \alu_i._0459_ \mult_en_i \csr_access_i \alu_en_i $auto$rtlil.cc:3267:Not$14737 } = 11'01000100011
      Activation pattern for cell $flatten\alu_i.$sshr$/workspace/incremental-synthesis/benchmarks/cv32e40p-eco-001-base/core/common/normalized_cv32e40p.v:1379$228: { \alu_i.alu_div_i.LoadEn_S \alu_i._0458_ \alu_i._0459_ } = 3'110
      Size of SAT problem: 75 cells, 600 variables, 2012 clauses
      According to the SAT solver this pair of cells can not be shared.
      Model from SAT solver: { \alu_i.alu_div_i.LoadEn_S \alu_i._0013_ \alu_i._0027_ \alu_i._0306_ \alu_i._0307_ \alu_i._0314_ \alu_i._0315_ \alu_i._0420_ \alu_i._0424_ \alu_i._0458_ \alu_i._0459_ \mult_en_i \csr_access_i \alu_en_i $auto$rtlil.cc:3267:Not$14737 } = 15'010100000100011
  Analyzing resource sharing options for $flatten\alu_i.$sshr$/workspace/incremental-synthesis/benchmarks/cv32e40p-eco-001-base/core/common/normalized_cv32e40p.v:1386$234 ($sshr):
    Found 5 activation_patterns using ctrl signal { \alu_i.alu_div_i.LoadEn_S \alu_i._0013_ \alu_i._0027_ \alu_i._0306_ \alu_i._0307_ \alu_i._0314_ \alu_i._0315_ \alu_i._0420_ \alu_i._0424_ \alu_i._0459_ \mult_en_i \csr_access_i \alu_en_i $auto$rtlil.cc:3267:Not$14737 }.
    Found 3 candidates: $flatten\alu_i.$sshr$/workspace/incremental-synthesis/benchmarks/cv32e40p-eco-001-base/core/common/normalized_cv32e40p.v:1383$232 $flatten\alu_i.$sshr$/workspace/incremental-synthesis/benchmarks/cv32e40p-eco-001-base/core/common/normalized_cv32e40p.v:1388$236 $flatten\alu_i.$sshr$/workspace/incremental-synthesis/benchmarks/cv32e40p-eco-001-base/core/common/normalized_cv32e40p.v:1379$228
    Analyzing resource sharing with $flatten\alu_i.$sshr$/workspace/incremental-synthesis/benchmarks/cv32e40p-eco-001-base/core/common/normalized_cv32e40p.v:1383$232 ($sshr):
      Found 5 activation_patterns using ctrl signal { \alu_i.alu_div_i.LoadEn_S \alu_i._0013_ \alu_i._0027_ \alu_i._0306_ \alu_i._0307_ \alu_i._0314_ \alu_i._0315_ \alu_i._0420_ \alu_i._0424_ \alu_i._0459_ \mult_en_i \csr_access_i \alu_en_i $auto$rtlil.cc:3267:Not$14737 }.
      Activation pattern for cell $flatten\alu_i.$sshr$/workspace/incremental-synthesis/benchmarks/cv32e40p-eco-001-base/core/common/normalized_cv32e40p.v:1386$234: { \alu_i.alu_div_i.LoadEn_S \alu_i._0459_ } = 2'11
      Activation pattern for cell $flatten\alu_i.$sshr$/workspace/incremental-synthesis/benchmarks/cv32e40p-eco-001-base/core/common/normalized_cv32e40p.v:1386$234: { \alu_i._0013_ \alu_i._0306_ \alu_i._0307_ \alu_i._0314_ \alu_i._0420_ \alu_i._0459_ \mult_en_i \csr_access_i \alu_en_i $auto$rtlil.cc:3267:Not$14737 } = 10'0100010011
      Activation pattern for cell $flatten\alu_i.$sshr$/workspace/incremental-synthesis/benchmarks/cv32e40p-eco-001-base/core/common/normalized_cv32e40p.v:1386$234: { \alu_i._0027_ \alu_i._0306_ \alu_i._0307_ \alu_i._0314_ \alu_i._0459_ \mult_en_i \csr_access_i \alu_en_i } = 8'11011001
      Activation pattern for cell $flatten\alu_i.$sshr$/workspace/incremental-synthesis/benchmarks/cv32e40p-eco-001-base/core/common/normalized_cv32e40p.v:1386$234: { \alu_i._0306_ \alu_i._0307_ \alu_i._0315_ \alu_i._0424_ \alu_i._0459_ \mult_en_i \csr_access_i \alu_en_i } = 8'00111001
      Activation pattern for cell $flatten\alu_i.$sshr$/workspace/incremental-synthesis/benchmarks/cv32e40p-eco-001-base/core/common/normalized_cv32e40p.v:1386$234: { \alu_i._0306_ \alu_i._0307_ \alu_i._0314_ \alu_i._0420_ \alu_i._0459_ \mult_en_i \csr_access_i \alu_en_i } = 8'10001001
      Activation pattern for cell $flatten\alu_i.$sshr$/workspace/incremental-synthesis/benchmarks/cv32e40p-eco-001-base/core/common/normalized_cv32e40p.v:1383$232: { \alu_i.alu_div_i.LoadEn_S \alu_i._0459_ } = 2'11
      Activation pattern for cell $flatten\alu_i.$sshr$/workspace/incremental-synthesis/benchmarks/cv32e40p-eco-001-base/core/common/normalized_cv32e40p.v:1383$232: { \alu_i._0013_ \alu_i._0306_ \alu_i._0307_ \alu_i._0314_ \alu_i._0420_ \alu_i._0459_ \mult_en_i \csr_access_i \alu_en_i $auto$rtlil.cc:3267:Not$14737 } = 10'0100010011
      Activation pattern for cell $flatten\alu_i.$sshr$/workspace/incremental-synthesis/benchmarks/cv32e40p-eco-001-base/core/common/normalized_cv32e40p.v:1383$232: { \alu_i._0027_ \alu_i._0306_ \alu_i._0307_ \alu_i._0314_ \alu_i._0459_ \mult_en_i \csr_access_i \alu_en_i } = 8'11011001
      Activation pattern for cell $flatten\alu_i.$sshr$/workspace/incremental-synthesis/benchmarks/cv32e40p-eco-001-base/core/common/normalized_cv32e40p.v:1383$232: { \alu_i._0306_ \alu_i._0307_ \alu_i._0315_ \alu_i._0424_ \alu_i._0459_ \mult_en_i \csr_access_i \alu_en_i } = 8'00111001
      Activation pattern for cell $flatten\alu_i.$sshr$/workspace/incremental-synthesis/benchmarks/cv32e40p-eco-001-base/core/common/normalized_cv32e40p.v:1383$232: { \alu_i._0306_ \alu_i._0307_ \alu_i._0314_ \alu_i._0420_ \alu_i._0459_ \mult_en_i \csr_access_i \alu_en_i } = 8'10001001
      Size of SAT problem: 74 cells, 555 variables, 1776 clauses
      According to the SAT solver this pair of cells can not be shared.
      Model from SAT solver: { \alu_i.alu_div_i.LoadEn_S \alu_i._0013_ \alu_i._0027_ \alu_i._0306_ \alu_i._0307_ \alu_i._0314_ \alu_i._0315_ \alu_i._0420_ \alu_i._0424_ \alu_i._0459_ \mult_en_i \csr_access_i \alu_en_i $auto$rtlil.cc:3267:Not$14737 } = 14'01010000010011
    Analyzing resource sharing with $flatten\alu_i.$sshr$/workspace/incremental-synthesis/benchmarks/cv32e40p-eco-001-base/core/common/normalized_cv32e40p.v:1388$236 ($sshr):
      Found 5 activation_patterns using ctrl signal { \alu_i.alu_div_i.LoadEn_S \alu_i._0013_ \alu_i._0027_ \alu_i._0306_ \alu_i._0307_ \alu_i._0314_ \alu_i._0315_ \alu_i._0420_ \alu_i._0424_ \alu_i._0459_ \mult_en_i \csr_access_i \alu_en_i $auto$rtlil.cc:3267:Not$14737 }.
      Activation pattern for cell $flatten\alu_i.$sshr$/workspace/incremental-synthesis/benchmarks/cv32e40p-eco-001-base/core/common/normalized_cv32e40p.v:1386$234: { \alu_i.alu_div_i.LoadEn_S \alu_i._0459_ } = 2'11
      Activation pattern for cell $flatten\alu_i.$sshr$/workspace/incremental-synthesis/benchmarks/cv32e40p-eco-001-base/core/common/normalized_cv32e40p.v:1386$234: { \alu_i._0013_ \alu_i._0306_ \alu_i._0307_ \alu_i._0314_ \alu_i._0420_ \alu_i._0459_ \mult_en_i \csr_access_i \alu_en_i $auto$rtlil.cc:3267:Not$14737 } = 10'0100010011
      Activation pattern for cell $flatten\alu_i.$sshr$/workspace/incremental-synthesis/benchmarks/cv32e40p-eco-001-base/core/common/normalized_cv32e40p.v:1386$234: { \alu_i._0027_ \alu_i._0306_ \alu_i._0307_ \alu_i._0314_ \alu_i._0459_ \mult_en_i \csr_access_i \alu_en_i } = 8'11011001
      Activation pattern for cell $flatten\alu_i.$sshr$/workspace/incremental-synthesis/benchmarks/cv32e40p-eco-001-base/core/common/normalized_cv32e40p.v:1386$234: { \alu_i._0306_ \alu_i._0307_ \alu_i._0315_ \alu_i._0424_ \alu_i._0459_ \mult_en_i \csr_access_i \alu_en_i } = 8'00111001
      Activation pattern for cell $flatten\alu_i.$sshr$/workspace/incremental-synthesis/benchmarks/cv32e40p-eco-001-base/core/common/normalized_cv32e40p.v:1386$234: { \alu_i._0306_ \alu_i._0307_ \alu_i._0314_ \alu_i._0420_ \alu_i._0459_ \mult_en_i \csr_access_i \alu_en_i } = 8'10001001
      Activation pattern for cell $flatten\alu_i.$sshr$/workspace/incremental-synthesis/benchmarks/cv32e40p-eco-001-base/core/common/normalized_cv32e40p.v:1388$236: { \alu_i.alu_div_i.LoadEn_S \alu_i._0459_ } = 2'11
      Activation pattern for cell $flatten\alu_i.$sshr$/workspace/incremental-synthesis/benchmarks/cv32e40p-eco-001-base/core/common/normalized_cv32e40p.v:1388$236: { \alu_i._0013_ \alu_i._0306_ \alu_i._0307_ \alu_i._0314_ \alu_i._0420_ \alu_i._0459_ \mult_en_i \csr_access_i \alu_en_i $auto$rtlil.cc:3267:Not$14737 } = 10'0100010011
      Activation pattern for cell $flatten\alu_i.$sshr$/workspace/incremental-synthesis/benchmarks/cv32e40p-eco-001-base/core/common/normalized_cv32e40p.v:1388$236: { \alu_i._0027_ \alu_i._0306_ \alu_i._0307_ \alu_i._0314_ \alu_i._0459_ \mult_en_i \csr_access_i \alu_en_i } = 8'11011001
      Activation pattern for cell $flatten\alu_i.$sshr$/workspace/incremental-synthesis/benchmarks/cv32e40p-eco-001-base/core/common/normalized_cv32e40p.v:1388$236: { \alu_i._0306_ \alu_i._0307_ \alu_i._0315_ \alu_i._0424_ \alu_i._0459_ \mult_en_i \csr_access_i \alu_en_i } = 8'00111001
      Activation pattern for cell $flatten\alu_i.$sshr$/workspace/incremental-synthesis/benchmarks/cv32e40p-eco-001-base/core/common/normalized_cv32e40p.v:1388$236: { \alu_i._0306_ \alu_i._0307_ \alu_i._0314_ \alu_i._0420_ \alu_i._0459_ \mult_en_i \csr_access_i \alu_en_i } = 8'10001001
      Size of SAT problem: 74 cells, 555 variables, 1776 clauses
      According to the SAT solver this pair of cells can not be shared.
      Model from SAT solver: { \alu_i.alu_div_i.LoadEn_S \alu_i._0013_ \alu_i._0027_ \alu_i._0306_ \alu_i._0307_ \alu_i._0314_ \alu_i._0315_ \alu_i._0420_ \alu_i._0424_ \alu_i._0459_ \mult_en_i \csr_access_i \alu_en_i $auto$rtlil.cc:3267:Not$14737 } = 14'01010000010011
    Analyzing resource sharing with $flatten\alu_i.$sshr$/workspace/incremental-synthesis/benchmarks/cv32e40p-eco-001-base/core/common/normalized_cv32e40p.v:1379$228 ($sshr):
      Found 5 activation_patterns using ctrl signal { \alu_i.alu_div_i.LoadEn_S \alu_i._0013_ \alu_i._0027_ \alu_i._0306_ \alu_i._0307_ \alu_i._0314_ \alu_i._0315_ \alu_i._0420_ \alu_i._0424_ \alu_i._0458_ \alu_i._0459_ \mult_en_i \csr_access_i \alu_en_i $auto$rtlil.cc:3267:Not$14737 }.
      Activation pattern for cell $flatten\alu_i.$sshr$/workspace/incremental-synthesis/benchmarks/cv32e40p-eco-001-base/core/common/normalized_cv32e40p.v:1386$234: { \alu_i.alu_div_i.LoadEn_S \alu_i._0459_ } = 2'11
      Activation pattern for cell $flatten\alu_i.$sshr$/workspace/incremental-synthesis/benchmarks/cv32e40p-eco-001-base/core/common/normalized_cv32e40p.v:1386$234: { \alu_i._0013_ \alu_i._0306_ \alu_i._0307_ \alu_i._0314_ \alu_i._0420_ \alu_i._0459_ \mult_en_i \csr_access_i \alu_en_i $auto$rtlil.cc:3267:Not$14737 } = 10'0100010011
      Activation pattern for cell $flatten\alu_i.$sshr$/workspace/incremental-synthesis/benchmarks/cv32e40p-eco-001-base/core/common/normalized_cv32e40p.v:1386$234: { \alu_i._0027_ \alu_i._0306_ \alu_i._0307_ \alu_i._0314_ \alu_i._0459_ \mult_en_i \csr_access_i \alu_en_i } = 8'11011001
      Activation pattern for cell $flatten\alu_i.$sshr$/workspace/incremental-synthesis/benchmarks/cv32e40p-eco-001-base/core/common/normalized_cv32e40p.v:1386$234: { \alu_i._0306_ \alu_i._0307_ \alu_i._0315_ \alu_i._0424_ \alu_i._0459_ \mult_en_i \csr_access_i \alu_en_i } = 8'00111001
      Activation pattern for cell $flatten\alu_i.$sshr$/workspace/incremental-synthesis/benchmarks/cv32e40p-eco-001-base/core/common/normalized_cv32e40p.v:1386$234: { \alu_i._0306_ \alu_i._0307_ \alu_i._0314_ \alu_i._0420_ \alu_i._0459_ \mult_en_i \csr_access_i \alu_en_i } = 8'10001001
      Activation pattern for cell $flatten\alu_i.$sshr$/workspace/incremental-synthesis/benchmarks/cv32e40p-eco-001-base/core/common/normalized_cv32e40p.v:1379$228: { \alu_i._0306_ \alu_i._0307_ \alu_i._0314_ \alu_i._0420_ \alu_i._0458_ \alu_i._0459_ \mult_en_i \csr_access_i \alu_en_i } = 9'100010001
      Activation pattern for cell $flatten\alu_i.$sshr$/workspace/incremental-synthesis/benchmarks/cv32e40p-eco-001-base/core/common/normalized_cv32e40p.v:1379$228: { \alu_i._0306_ \alu_i._0307_ \alu_i._0315_ \alu_i._0424_ \alu_i._0458_ \alu_i._0459_ \mult_en_i \csr_access_i \alu_en_i } = 9'001110001
      Activation pattern for cell $flatten\alu_i.$sshr$/workspace/incremental-synthesis/benchmarks/cv32e40p-eco-001-base/core/common/normalized_cv32e40p.v:1379$228: { \alu_i._0027_ \alu_i._0306_ \alu_i._0307_ \alu_i._0314_ \alu_i._0458_ \alu_i._0459_ \mult_en_i \csr_access_i \alu_en_i } = 9'110110001
      Activation pattern for cell $flatten\alu_i.$sshr$/workspace/incremental-synthesis/benchmarks/cv32e40p-eco-001-base/core/common/normalized_cv32e40p.v:1379$228: { \alu_i._0013_ \alu_i._0306_ \alu_i._0307_ \alu_i._0314_ \alu_i._0420_ \alu_i._0458_ \alu_i._0459_ \mult_en_i \csr_access_i \alu_en_i $auto$rtlil.cc:3267:Not$14737 } = 11'01000100011
      Activation pattern for cell $flatten\alu_i.$sshr$/workspace/incremental-synthesis/benchmarks/cv32e40p-eco-001-base/core/common/normalized_cv32e40p.v:1379$228: { \alu_i.alu_div_i.LoadEn_S \alu_i._0458_ \alu_i._0459_ } = 3'110
      According to the SAT solver this pair of cells can be shared. (Pattern only case)
      Simplified activation pattern for cell $flatten\alu_i.$sshr$/workspace/incremental-synthesis/benchmarks/cv32e40p-eco-001-base/core/common/normalized_cv32e40p.v:1386$234: \alu_i._0459_ = 1'1
      Simplified activation pattern for cell $flatten\alu_i.$sshr$/workspace/incremental-synthesis/benchmarks/cv32e40p-eco-001-base/core/common/normalized_cv32e40p.v:1379$228: \alu_i._0459_ = 1'0
      Activation signal for $flatten\alu_i.$sshr$/workspace/incremental-synthesis/benchmarks/cv32e40p-eco-001-base/core/common/normalized_cv32e40p.v:1386$234: $auto$share.cc:1062:make_cell_activation_logic$14786
      New cell: $auto$share.cc:663:make_supercell$14793 ($sshr)
  Analyzing resource sharing options for $auto$share.cc:663:make_supercell$14793 ($sshr):
    Found 10 activation_patterns using ctrl signal { \alu_i.alu_div_i.LoadEn_S \alu_i._0013_ \alu_i._0027_ \alu_i._0306_ \alu_i._0307_ \alu_i._0314_ \alu_i._0315_ \alu_i._0420_ \alu_i._0424_ \alu_i._0458_ \alu_i._0459_ \mult_en_i \csr_access_i \alu_en_i $auto$rtlil.cc:3267:Not$14737 }.
    Found 2 candidates: $flatten\alu_i.$sshr$/workspace/incremental-synthesis/benchmarks/cv32e40p-eco-001-base/core/common/normalized_cv32e40p.v:1388$236 $flatten\alu_i.$sshr$/workspace/incremental-synthesis/benchmarks/cv32e40p-eco-001-base/core/common/normalized_cv32e40p.v:1383$232
    Analyzing resource sharing with $flatten\alu_i.$sshr$/workspace/incremental-synthesis/benchmarks/cv32e40p-eco-001-base/core/common/normalized_cv32e40p.v:1388$236 ($sshr):
      Found 5 activation_patterns using ctrl signal { \alu_i.alu_div_i.LoadEn_S \alu_i._0013_ \alu_i._0027_ \alu_i._0306_ \alu_i._0307_ \alu_i._0314_ \alu_i._0315_ \alu_i._0420_ \alu_i._0424_ \alu_i._0459_ \mult_en_i \csr_access_i \alu_en_i $auto$rtlil.cc:3267:Not$14737 }.
      Activation pattern for cell $auto$share.cc:663:make_supercell$14793: { \alu_i.alu_div_i.LoadEn_S \alu_i._0459_ } = 2'11
      Activation pattern for cell $auto$share.cc:663:make_supercell$14793: { \alu_i._0013_ \alu_i._0306_ \alu_i._0307_ \alu_i._0314_ \alu_i._0420_ \alu_i._0459_ \mult_en_i \csr_access_i \alu_en_i $auto$rtlil.cc:3267:Not$14737 } = 10'0100010011
      Activation pattern for cell $auto$share.cc:663:make_supercell$14793: { \alu_i._0027_ \alu_i._0306_ \alu_i._0307_ \alu_i._0314_ \alu_i._0459_ \mult_en_i \csr_access_i \alu_en_i } = 8'11011001
      Activation pattern for cell $auto$share.cc:663:make_supercell$14793: { \alu_i._0306_ \alu_i._0307_ \alu_i._0315_ \alu_i._0424_ \alu_i._0459_ \mult_en_i \csr_access_i \alu_en_i } = 8'00111001
      Activation pattern for cell $auto$share.cc:663:make_supercell$14793: { \alu_i._0306_ \alu_i._0307_ \alu_i._0314_ \alu_i._0420_ \alu_i._0459_ \mult_en_i \csr_access_i \alu_en_i } = 8'10001001
      Activation pattern for cell $auto$share.cc:663:make_supercell$14793: { \alu_i._0306_ \alu_i._0307_ \alu_i._0314_ \alu_i._0420_ \alu_i._0458_ \alu_i._0459_ \mult_en_i \csr_access_i \alu_en_i } = 9'100010001
      Activation pattern for cell $auto$share.cc:663:make_supercell$14793: { \alu_i._0306_ \alu_i._0307_ \alu_i._0315_ \alu_i._0424_ \alu_i._0458_ \alu_i._0459_ \mult_en_i \csr_access_i \alu_en_i } = 9'001110001
      Activation pattern for cell $auto$share.cc:663:make_supercell$14793: { \alu_i._0027_ \alu_i._0306_ \alu_i._0307_ \alu_i._0314_ \alu_i._0458_ \alu_i._0459_ \mult_en_i \csr_access_i \alu_en_i } = 9'110110001
      Activation pattern for cell $auto$share.cc:663:make_supercell$14793: { \alu_i._0013_ \alu_i._0306_ \alu_i._0307_ \alu_i._0314_ \alu_i._0420_ \alu_i._0458_ \alu_i._0459_ \mult_en_i \csr_access_i \alu_en_i $auto$rtlil.cc:3267:Not$14737 } = 11'01000100011
      Activation pattern for cell $auto$share.cc:663:make_supercell$14793: { \alu_i.alu_div_i.LoadEn_S \alu_i._0458_ \alu_i._0459_ } = 3'110
      Activation pattern for cell $flatten\alu_i.$sshr$/workspace/incremental-synthesis/benchmarks/cv32e40p-eco-001-base/core/common/normalized_cv32e40p.v:1388$236: { \alu_i.alu_div_i.LoadEn_S \alu_i._0459_ } = 2'11
      Activation pattern for cell $flatten\alu_i.$sshr$/workspace/incremental-synthesis/benchmarks/cv32e40p-eco-001-base/core/common/normalized_cv32e40p.v:1388$236: { \alu_i._0013_ \alu_i._0306_ \alu_i._0307_ \alu_i._0314_ \alu_i._0420_ \alu_i._0459_ \mult_en_i \csr_access_i \alu_en_i $auto$rtlil.cc:3267:Not$14737 } = 10'0100010011
      Activation pattern for cell $flatten\alu_i.$sshr$/workspace/incremental-synthesis/benchmarks/cv32e40p-eco-001-base/core/common/normalized_cv32e40p.v:1388$236: { \alu_i._0027_ \alu_i._0306_ \alu_i._0307_ \alu_i._0314_ \alu_i._0459_ \mult_en_i \csr_access_i \alu_en_i } = 8'11011001
      Activation pattern for cell $flatten\alu_i.$sshr$/workspace/incremental-synthesis/benchmarks/cv32e40p-eco-001-base/core/common/normalized_cv32e40p.v:1388$236: { \alu_i._0306_ \alu_i._0307_ \alu_i._0315_ \alu_i._0424_ \alu_i._0459_ \mult_en_i \csr_access_i \alu_en_i } = 8'00111001
      Activation pattern for cell $flatten\alu_i.$sshr$/workspace/incremental-synthesis/benchmarks/cv32e40p-eco-001-base/core/common/normalized_cv32e40p.v:1388$236: { \alu_i._0306_ \alu_i._0307_ \alu_i._0314_ \alu_i._0420_ \alu_i._0459_ \mult_en_i \csr_access_i \alu_en_i } = 8'10001001
      Size of SAT problem: 75 cells, 577 variables, 1882 clauses
      According to the SAT solver this pair of cells can not be shared.
      Model from SAT solver: { \alu_i.alu_div_i.LoadEn_S \alu_i._0013_ \alu_i._0027_ \alu_i._0306_ \alu_i._0307_ \alu_i._0314_ \alu_i._0315_ \alu_i._0420_ \alu_i._0424_ \alu_i._0458_ \alu_i._0459_ \mult_en_i \csr_access_i \alu_en_i $auto$rtlil.cc:3267:Not$14737 } = 15'001101000010011
    Analyzing resource sharing with $flatten\alu_i.$sshr$/workspace/incremental-synthesis/benchmarks/cv32e40p-eco-001-base/core/common/normalized_cv32e40p.v:1383$232 ($sshr):
      Found 5 activation_patterns using ctrl signal { \alu_i.alu_div_i.LoadEn_S \alu_i._0013_ \alu_i._0027_ \alu_i._0306_ \alu_i._0307_ \alu_i._0314_ \alu_i._0315_ \alu_i._0420_ \alu_i._0424_ \alu_i._0459_ \mult_en_i \csr_access_i \alu_en_i $auto$rtlil.cc:3267:Not$14737 }.
      Activation pattern for cell $auto$share.cc:663:make_supercell$14793: { \alu_i.alu_div_i.LoadEn_S \alu_i._0459_ } = 2'11
      Activation pattern for cell $auto$share.cc:663:make_supercell$14793: { \alu_i._0013_ \alu_i._0306_ \alu_i._0307_ \alu_i._0314_ \alu_i._0420_ \alu_i._0459_ \mult_en_i \csr_access_i \alu_en_i $auto$rtlil.cc:3267:Not$14737 } = 10'0100010011
      Activation pattern for cell $auto$share.cc:663:make_supercell$14793: { \alu_i._0027_ \alu_i._0306_ \alu_i._0307_ \alu_i._0314_ \alu_i._0459_ \mult_en_i \csr_access_i \alu_en_i } = 8'11011001
      Activation pattern for cell $auto$share.cc:663:make_supercell$14793: { \alu_i._0306_ \alu_i._0307_ \alu_i._0315_ \alu_i._0424_ \alu_i._0459_ \mult_en_i \csr_access_i \alu_en_i } = 8'00111001
      Activation pattern for cell $auto$share.cc:663:make_supercell$14793: { \alu_i._0306_ \alu_i._0307_ \alu_i._0314_ \alu_i._0420_ \alu_i._0459_ \mult_en_i \csr_access_i \alu_en_i } = 8'10001001
      Activation pattern for cell $auto$share.cc:663:make_supercell$14793: { \alu_i._0306_ \alu_i._0307_ \alu_i._0314_ \alu_i._0420_ \alu_i._0458_ \alu_i._0459_ \mult_en_i \csr_access_i \alu_en_i } = 9'100010001
      Activation pattern for cell $auto$share.cc:663:make_supercell$14793: { \alu_i._0306_ \alu_i._0307_ \alu_i._0315_ \alu_i._0424_ \alu_i._0458_ \alu_i._0459_ \mult_en_i \csr_access_i \alu_en_i } = 9'001110001
      Activation pattern for cell $auto$share.cc:663:make_supercell$14793: { \alu_i._0027_ \alu_i._0306_ \alu_i._0307_ \alu_i._0314_ \alu_i._0458_ \alu_i._0459_ \mult_en_i \csr_access_i \alu_en_i } = 9'110110001
      Activation pattern for cell $auto$share.cc:663:make_supercell$14793: { \alu_i._0013_ \alu_i._0306_ \alu_i._0307_ \alu_i._0314_ \alu_i._0420_ \alu_i._0458_ \alu_i._0459_ \mult_en_i \csr_access_i \alu_en_i $auto$rtlil.cc:3267:Not$14737 } = 11'01000100011
      Activation pattern for cell $auto$share.cc:663:make_supercell$14793: { \alu_i.alu_div_i.LoadEn_S \alu_i._0458_ \alu_i._0459_ } = 3'110
      Activation pattern for cell $flatten\alu_i.$sshr$/workspace/incremental-synthesis/benchmarks/cv32e40p-eco-001-base/core/common/normalized_cv32e40p.v:1383$232: { \alu_i.alu_div_i.LoadEn_S \alu_i._0459_ } = 2'11
      Activation pattern for cell $flatten\alu_i.$sshr$/workspace/incremental-synthesis/benchmarks/cv32e40p-eco-001-base/core/common/normalized_cv32e40p.v:1383$232: { \alu_i._0013_ \alu_i._0306_ \alu_i._0307_ \alu_i._0314_ \alu_i._0420_ \alu_i._0459_ \mult_en_i \csr_access_i \alu_en_i $auto$rtlil.cc:3267:Not$14737 } = 10'0100010011
      Activation pattern for cell $flatten\alu_i.$sshr$/workspace/incremental-synthesis/benchmarks/cv32e40p-eco-001-base/core/common/normalized_cv32e40p.v:1383$232: { \alu_i._0027_ \alu_i._0306_ \alu_i._0307_ \alu_i._0314_ \alu_i._0459_ \mult_en_i \csr_access_i \alu_en_i } = 8'11011001
      Activation pattern for cell $flatten\alu_i.$sshr$/workspace/incremental-synthesis/benchmarks/cv32e40p-eco-001-base/core/common/normalized_cv32e40p.v:1383$232: { \alu_i._0306_ \alu_i._0307_ \alu_i._0315_ \alu_i._0424_ \alu_i._0459_ \mult_en_i \csr_access_i \alu_en_i } = 8'00111001
      Activation pattern for cell $flatten\alu_i.$sshr$/workspace/incremental-synthesis/benchmarks/cv32e40p-eco-001-base/core/common/normalized_cv32e40p.v:1383$232: { \alu_i._0306_ \alu_i._0307_ \alu_i._0314_ \alu_i._0420_ \alu_i._0459_ \mult_en_i \csr_access_i \alu_en_i } = 8'10001001
      Size of SAT problem: 75 cells, 577 variables, 1882 clauses
      According to the SAT solver this pair of cells can not be shared.
      Model from SAT solver: { \alu_i.alu_div_i.LoadEn_S \alu_i._0013_ \alu_i._0027_ \alu_i._0306_ \alu_i._0307_ \alu_i._0314_ \alu_i._0315_ \alu_i._0420_ \alu_i._0424_ \alu_i._0458_ \alu_i._0459_ \mult_en_i \csr_access_i \alu_en_i $auto$rtlil.cc:3267:Not$14737 } = 15'001101000010011
  Analyzing resource sharing options for $flatten\alu_i.$sshr$/workspace/incremental-synthesis/benchmarks/cv32e40p-eco-001-base/core/common/normalized_cv32e40p.v:1388$236 ($sshr):
    Found 5 activation_patterns using ctrl signal { \alu_i.alu_div_i.LoadEn_S \alu_i._0013_ \alu_i._0027_ \alu_i._0306_ \alu_i._0307_ \alu_i._0314_ \alu_i._0315_ \alu_i._0420_ \alu_i._0424_ \alu_i._0459_ \mult_en_i \csr_access_i \alu_en_i $auto$rtlil.cc:3267:Not$14737 }.
    Found 1 candidates: $flatten\alu_i.$sshr$/workspace/incremental-synthesis/benchmarks/cv32e40p-eco-001-base/core/common/normalized_cv32e40p.v:1383$232
    Analyzing resource sharing with $flatten\alu_i.$sshr$/workspace/incremental-synthesis/benchmarks/cv32e40p-eco-001-base/core/common/normalized_cv32e40p.v:1383$232 ($sshr):
      Found 5 activation_patterns using ctrl signal { \alu_i.alu_div_i.LoadEn_S \alu_i._0013_ \alu_i._0027_ \alu_i._0306_ \alu_i._0307_ \alu_i._0314_ \alu_i._0315_ \alu_i._0420_ \alu_i._0424_ \alu_i._0459_ \mult_en_i \csr_access_i \alu_en_i $auto$rtlil.cc:3267:Not$14737 }.
      Activation pattern for cell $flatten\alu_i.$sshr$/workspace/incremental-synthesis/benchmarks/cv32e40p-eco-001-base/core/common/normalized_cv32e40p.v:1388$236: { \alu_i.alu_div_i.LoadEn_S \alu_i._0459_ } = 2'11
      Activation pattern for cell $flatten\alu_i.$sshr$/workspace/incremental-synthesis/benchmarks/cv32e40p-eco-001-base/core/common/normalized_cv32e40p.v:1388$236: { \alu_i._0013_ \alu_i._0306_ \alu_i._0307_ \alu_i._0314_ \alu_i._0420_ \alu_i._0459_ \mult_en_i \csr_access_i \alu_en_i $auto$rtlil.cc:3267:Not$14737 } = 10'0100010011
      Activation pattern for cell $flatten\alu_i.$sshr$/workspace/incremental-synthesis/benchmarks/cv32e40p-eco-001-base/core/common/normalized_cv32e40p.v:1388$236: { \alu_i._0027_ \alu_i._0306_ \alu_i._0307_ \alu_i._0314_ \alu_i._0459_ \mult_en_i \csr_access_i \alu_en_i } = 8'11011001
      Activation pattern for cell $flatten\alu_i.$sshr$/workspace/incremental-synthesis/benchmarks/cv32e40p-eco-001-base/core/common/normalized_cv32e40p.v:1388$236: { \alu_i._0306_ \alu_i._0307_ \alu_i._0315_ \alu_i._0424_ \alu_i._0459_ \mult_en_i \csr_access_i \alu_en_i } = 8'00111001
      Activation pattern for cell $flatten\alu_i.$sshr$/workspace/incremental-synthesis/benchmarks/cv32e40p-eco-001-base/core/common/normalized_cv32e40p.v:1388$236: { \alu_i._0306_ \alu_i._0307_ \alu_i._0314_ \alu_i._0420_ \alu_i._0459_ \mult_en_i \csr_access_i \alu_en_i } = 8'10001001
      Activation pattern for cell $flatten\alu_i.$sshr$/workspace/incremental-synthesis/benchmarks/cv32e40p-eco-001-base/core/common/normalized_cv32e40p.v:1383$232: { \alu_i.alu_div_i.LoadEn_S \alu_i._0459_ } = 2'11
      Activation pattern for cell $flatten\alu_i.$sshr$/workspace/incremental-synthesis/benchmarks/cv32e40p-eco-001-base/core/common/normalized_cv32e40p.v:1383$232: { \alu_i._0013_ \alu_i._0306_ \alu_i._0307_ \alu_i._0314_ \alu_i._0420_ \alu_i._0459_ \mult_en_i \csr_access_i \alu_en_i $auto$rtlil.cc:3267:Not$14737 } = 10'0100010011
      Activation pattern for cell $flatten\alu_i.$sshr$/workspace/incremental-synthesis/benchmarks/cv32e40p-eco-001-base/core/common/normalized_cv32e40p.v:1383$232: { \alu_i._0027_ \alu_i._0306_ \alu_i._0307_ \alu_i._0314_ \alu_i._0459_ \mult_en_i \csr_access_i \alu_en_i } = 8'11011001
      Activation pattern for cell $flatten\alu_i.$sshr$/workspace/incremental-synthesis/benchmarks/cv32e40p-eco-001-base/core/common/normalized_cv32e40p.v:1383$232: { \alu_i._0306_ \alu_i._0307_ \alu_i._0315_ \alu_i._0424_ \alu_i._0459_ \mult_en_i \csr_access_i \alu_en_i } = 8'00111001
      Activation pattern for cell $flatten\alu_i.$sshr$/workspace/incremental-synthesis/benchmarks/cv32e40p-eco-001-base/core/common/normalized_cv32e40p.v:1383$232: { \alu_i._0306_ \alu_i._0307_ \alu_i._0314_ \alu_i._0420_ \alu_i._0459_ \mult_en_i \csr_access_i \alu_en_i } = 8'10001001
      Size of SAT problem: 74 cells, 555 variables, 1776 clauses
      According to the SAT solver this pair of cells can not be shared.
      Model from SAT solver: { \alu_i.alu_div_i.LoadEn_S \alu_i._0013_ \alu_i._0027_ \alu_i._0306_ \alu_i._0307_ \alu_i._0314_ \alu_i._0315_ \alu_i._0420_ \alu_i._0424_ \alu_i._0459_ \mult_en_i \csr_access_i \alu_en_i $auto$rtlil.cc:3267:Not$14737 } = 14'01010000010011
  Analyzing resource sharing options for $flatten\alu_i.$sshr$/workspace/incremental-synthesis/benchmarks/cv32e40p-eco-001-base/core/common/normalized_cv32e40p.v:1383$232 ($sshr):
    Found 5 activation_patterns using ctrl signal { \alu_i.alu_div_i.LoadEn_S \alu_i._0013_ \alu_i._0027_ \alu_i._0306_ \alu_i._0307_ \alu_i._0314_ \alu_i._0315_ \alu_i._0420_ \alu_i._0424_ \alu_i._0459_ \mult_en_i \csr_access_i \alu_en_i $auto$rtlil.cc:3267:Not$14737 }.
    No candidates found.
  Analyzing resource sharing options for $flatten\alu_i.$shr$/workspace/incremental-synthesis/benchmarks/cv32e40p-eco-001-base/core/common/normalized_cv32e40p.v:1391$239 ($shr):
    Found 5 activation_patterns using ctrl signal { \alu_i.alu_div_i.LoadEn_S \alu_i._0013_ \alu_i._0027_ \alu_i._0306_ \alu_i._0307_ \alu_i._0314_ \alu_i._0315_ \alu_i._0420_ \alu_i._0424_ \alu_i._0458_ \alu_i._0459_ \mult_en_i \csr_access_i \alu_en_i $auto$rtlil.cc:3267:Not$14737 }.
    No candidates found.
  Analyzing resource sharing options for $flatten\alu_i.$shl$/workspace/incremental-synthesis/benchmarks/cv32e40p-eco-001-base/core/common/normalized_cv32e40p.v:1612$352 ($shl):
    Found 8 activation_patterns using ctrl signal { \alu_i.alu_div_i.LoadEn_S \alu_i._0008_ \alu_i._0013_ \alu_i._0027_ \alu_i._0306_ \alu_i._0307_ \alu_i._0314_ \alu_i._0315_ \alu_i._0420_ \alu_i._0424_ \alu_i.shift_left \alu_i.shift_use_round \mult_en_i \csr_access_i \alu_en_i $auto$rtlil.cc:3267:Not$14737 }.
    Found 1 candidates: $flatten\alu_i.$shl$/workspace/incremental-synthesis/benchmarks/cv32e40p-eco-001-base/core/common/normalized_cv32e40p.v:1609$350
    Analyzing resource sharing with $flatten\alu_i.$shl$/workspace/incremental-synthesis/benchmarks/cv32e40p-eco-001-base/core/common/normalized_cv32e40p.v:1609$350 ($shl):
      Found 8 activation_patterns using ctrl signal { \alu_i.alu_div_i.LoadEn_S \alu_i._0008_ \alu_i._0013_ \alu_i._0027_ \alu_i._0306_ \alu_i._0307_ \alu_i._0314_ \alu_i._0315_ \alu_i._0420_ \alu_i._0424_ \alu_i.shift_left \alu_i.shift_use_round \mult_en_i \csr_access_i \alu_en_i $auto$rtlil.cc:3267:Not$14737 }.
      Activation pattern for cell $flatten\alu_i.$shl$/workspace/incremental-synthesis/benchmarks/cv32e40p-eco-001-base/core/common/normalized_cv32e40p.v:1612$352: { \alu_i._0008_ \alu_i._0306_ \alu_i._0307_ \alu_i._0314_ \alu_i._0420_ \alu_i.shift_left \alu_i.shift_use_round \mult_en_i \csr_access_i \alu_en_i } = 10'1100001001
      Activation pattern for cell $flatten\alu_i.$shl$/workspace/incremental-synthesis/benchmarks/cv32e40p-eco-001-base/core/common/normalized_cv32e40p.v:1612$352: { \alu_i._0008_ \alu_i._0306_ \alu_i._0307_ \alu_i._0315_ \alu_i._0424_ \alu_i.shift_left \alu_i.shift_use_round \mult_en_i \csr_access_i \alu_en_i } = 10'1001101001
      Activation pattern for cell $flatten\alu_i.$shl$/workspace/incremental-synthesis/benchmarks/cv32e40p-eco-001-base/core/common/normalized_cv32e40p.v:1612$352: { \alu_i._0008_ \alu_i._0027_ \alu_i._0306_ \alu_i._0307_ \alu_i._0314_ \alu_i.shift_left \alu_i.shift_use_round \mult_en_i \csr_access_i \alu_en_i } = 10'1110101001
      Activation pattern for cell $flatten\alu_i.$shl$/workspace/incremental-synthesis/benchmarks/cv32e40p-eco-001-base/core/common/normalized_cv32e40p.v:1612$352: { \alu_i._0008_ \alu_i._0013_ \alu_i._0306_ \alu_i._0307_ \alu_i._0314_ \alu_i._0420_ \alu_i.shift_left \alu_i.shift_use_round \mult_en_i \csr_access_i \alu_en_i $auto$rtlil.cc:3267:Not$14737 } = 12'101000010011
      Activation pattern for cell $flatten\alu_i.$shl$/workspace/incremental-synthesis/benchmarks/cv32e40p-eco-001-base/core/common/normalized_cv32e40p.v:1612$352: { \alu_i.alu_div_i.LoadEn_S \alu_i._0008_ \alu_i.shift_left \alu_i.shift_use_round } = 4'1101
      Activation pattern for cell $flatten\alu_i.$shl$/workspace/incremental-synthesis/benchmarks/cv32e40p-eco-001-base/core/common/normalized_cv32e40p.v:1612$352: { \alu_i._0306_ \alu_i._0307_ \alu_i._0314_ \mult_en_i \csr_access_i \alu_en_i } = 6'100001
      Activation pattern for cell $flatten\alu_i.$shl$/workspace/incremental-synthesis/benchmarks/cv32e40p-eco-001-base/core/common/normalized_cv32e40p.v:1612$352: { \alu_i._0027_ \alu_i._0306_ \alu_i._0307_ \alu_i._0314_ \mult_en_i \csr_access_i \alu_en_i } = 7'0101001
      Activation pattern for cell $flatten\alu_i.$shl$/workspace/incremental-synthesis/benchmarks/cv32e40p-eco-001-base/core/common/normalized_cv32e40p.v:1612$352: { \alu_i._0306_ \alu_i._0307_ \alu_i._0314_ \alu_i._0420_ \mult_en_i \csr_access_i \alu_en_i } = 7'1000001
      Activation pattern for cell $flatten\alu_i.$shl$/workspace/incremental-synthesis/benchmarks/cv32e40p-eco-001-base/core/common/normalized_cv32e40p.v:1609$350: { \alu_i._0008_ \alu_i._0306_ \alu_i._0307_ \alu_i._0314_ \alu_i._0420_ \alu_i.shift_left \alu_i.shift_use_round \mult_en_i \csr_access_i \alu_en_i } = 10'1100001001
      Activation pattern for cell $flatten\alu_i.$shl$/workspace/incremental-synthesis/benchmarks/cv32e40p-eco-001-base/core/common/normalized_cv32e40p.v:1609$350: { \alu_i._0008_ \alu_i._0306_ \alu_i._0307_ \alu_i._0315_ \alu_i._0424_ \alu_i.shift_left \alu_i.shift_use_round \mult_en_i \csr_access_i \alu_en_i } = 10'1001101001
      Activation pattern for cell $flatten\alu_i.$shl$/workspace/incremental-synthesis/benchmarks/cv32e40p-eco-001-base/core/common/normalized_cv32e40p.v:1609$350: { \alu_i._0008_ \alu_i._0027_ \alu_i._0306_ \alu_i._0307_ \alu_i._0314_ \alu_i.shift_left \alu_i.shift_use_round \mult_en_i \csr_access_i \alu_en_i } = 10'1110101001
      Activation pattern for cell $flatten\alu_i.$shl$/workspace/incremental-synthesis/benchmarks/cv32e40p-eco-001-base/core/common/normalized_cv32e40p.v:1609$350: { \alu_i._0008_ \alu_i._0013_ \alu_i._0306_ \alu_i._0307_ \alu_i._0314_ \alu_i._0420_ \alu_i.shift_left \alu_i.shift_use_round \mult_en_i \csr_access_i \alu_en_i $auto$rtlil.cc:3267:Not$14737 } = 12'101000010011
      Activation pattern for cell $flatten\alu_i.$shl$/workspace/incremental-synthesis/benchmarks/cv32e40p-eco-001-base/core/common/normalized_cv32e40p.v:1609$350: { \alu_i.alu_div_i.LoadEn_S \alu_i._0008_ \alu_i.shift_left \alu_i.shift_use_round } = 4'1101
      Activation pattern for cell $flatten\alu_i.$shl$/workspace/incremental-synthesis/benchmarks/cv32e40p-eco-001-base/core/common/normalized_cv32e40p.v:1609$350: { \alu_i._0306_ \alu_i._0307_ \alu_i._0314_ \mult_en_i \csr_access_i \alu_en_i } = 6'100001
      Activation pattern for cell $flatten\alu_i.$shl$/workspace/incremental-synthesis/benchmarks/cv32e40p-eco-001-base/core/common/normalized_cv32e40p.v:1609$350: { \alu_i._0027_ \alu_i._0306_ \alu_i._0307_ \alu_i._0314_ \mult_en_i \csr_access_i \alu_en_i } = 7'0101001
      Activation pattern for cell $flatten\alu_i.$shl$/workspace/incremental-synthesis/benchmarks/cv32e40p-eco-001-base/core/common/normalized_cv32e40p.v:1609$350: { \alu_i._0306_ \alu_i._0307_ \alu_i._0314_ \alu_i._0420_ \mult_en_i \csr_access_i \alu_en_i } = 7'1000001
      Size of SAT problem: 91 cells, 643 variables, 2039 clauses
      According to the SAT solver this pair of cells can not be shared.
      Model from SAT solver: { \alu_i.alu_div_i.LoadEn_S \alu_i._0008_ \alu_i._0013_ \alu_i._0027_ \alu_i._0306_ \alu_i._0307_ \alu_i._0314_ \alu_i._0315_ \alu_i._0420_ \alu_i._0424_ \alu_i.shift_left \alu_i.shift_use_round \mult_en_i \csr_access_i \alu_en_i $auto$rtlil.cc:3267:Not$14737 } = 16'0000100010000011
  Analyzing resource sharing options for $flatten\alu_i.$shl$/workspace/incremental-synthesis/benchmarks/cv32e40p-eco-001-base/core/common/normalized_cv32e40p.v:1609$350 ($shl):
    Found 8 activation_patterns using ctrl signal { \alu_i.alu_div_i.LoadEn_S \alu_i._0008_ \alu_i._0013_ \alu_i._0027_ \alu_i._0306_ \alu_i._0307_ \alu_i._0314_ \alu_i._0315_ \alu_i._0420_ \alu_i._0424_ \alu_i.shift_left \alu_i.shift_use_round \mult_en_i \csr_access_i \alu_en_i $auto$rtlil.cc:3267:Not$14737 }.
    No candidates found.
Removing 16 cells in module cv32e40p_ex_stage$cv32e40p_core.ex_stage_i:
  Removing cell $flatten\alu_i.$sshr$/workspace/incremental-synthesis/benchmarks/cv32e40p-eco-001-base/core/common/normalized_cv32e40p.v:1379$228 ($sshr).
  Removing cell $flatten\alu_i.$sshr$/workspace/incremental-synthesis/benchmarks/cv32e40p-eco-001-base/core/common/normalized_cv32e40p.v:1386$234 ($sshr).
  Removing cell $flatten\alu_i.$sshr$/workspace/incremental-synthesis/benchmarks/cv32e40p-eco-001-base/core/common/normalized_cv32e40p.v:1381$230 ($sshr).
  Removing cell $flatten\alu_i.$sshr$/workspace/incremental-synthesis/benchmarks/cv32e40p-eco-001-base/core/common/normalized_cv32e40p.v:1390$238 ($sshr).
  Removing cell $flatten\mult_i.$mul$/workspace/incremental-synthesis/benchmarks/cv32e40p-eco-001-base/core/common/normalized_cv32e40p.v:39764$13644 ($mul).
  Removing cell $flatten\mult_i.$mul$/workspace/incremental-synthesis/benchmarks/cv32e40p-eco-001-base/core/common/normalized_cv32e40p.v:39766$13645 ($mul).
  Removing cell $flatten\mult_i.$add$/workspace/incremental-synthesis/benchmarks/cv32e40p-eco-001-base/core/common/normalized_cv32e40p.v:39774$13649 ($add).
  Removing cell $flatten\mult_i.$mul$/workspace/incremental-synthesis/benchmarks/cv32e40p-eco-001-base/core/common/normalized_cv32e40p.v:39783$13653 ($mul).
  Removing cell $flatten\mult_i.$add$/workspace/incremental-synthesis/benchmarks/cv32e40p-eco-001-base/core/common/normalized_cv32e40p.v:39785$13654 ($add).
  Removing cell $flatten\mult_i.$mul$/workspace/incremental-synthesis/benchmarks/cv32e40p-eco-001-base/core/common/normalized_cv32e40p.v:39822$13677 ($mul).
  Removing cell $flatten\mult_i.$mul$/workspace/incremental-synthesis/benchmarks/cv32e40p-eco-001-base/core/common/normalized_cv32e40p.v:39843$13688 ($mul).
  Removing cell $flatten\mult_i.$mul$/workspace/incremental-synthesis/benchmarks/cv32e40p-eco-001-base/core/common/normalized_cv32e40p.v:39845$13689 ($mul).
  Removing cell $flatten\mult_i.$add$/workspace/incremental-synthesis/benchmarks/cv32e40p-eco-001-base/core/common/normalized_cv32e40p.v:39852$13693 ($add).
  Removing cell $flatten\mult_i.$mul$/workspace/incremental-synthesis/benchmarks/cv32e40p-eco-001-base/core/common/normalized_cv32e40p.v:39848$13691 ($mul).
  Removing cell $flatten\mult_i.$mul$/workspace/incremental-synthesis/benchmarks/cv32e40p-eco-001-base/core/common/normalized_cv32e40p.v:39850$13692 ($mul).
  Removing cell $flatten\mult_i.$add$/workspace/incremental-synthesis/benchmarks/cv32e40p-eco-001-base/core/common/normalized_cv32e40p.v:39854$13695 ($add).

15.14. Executing OPT pass (performing simple optimizations).

15.14.1. Executing OPT_EXPR pass (perform const folding).
Optimizing module cv32e40p_ex_stage$cv32e40p_core.ex_stage_i.
<suppressed ~3 debug messages>

15.14.2. Executing OPT_MERGE pass (detect identical cells).
Finding identical cells in module `\cv32e40p_ex_stage$cv32e40p_core.ex_stage_i'.
Computing hashes of 696 cells of `\cv32e40p_ex_stage$cv32e40p_core.ex_stage_i'.
Finding duplicate cells in `\cv32e40p_ex_stage$cv32e40p_core.ex_stage_i'.
Removed a total of 0 cells.

15.14.3. Executing OPT_MUXTREE pass (detect dead branches in mux trees).
Running muxtree optimizer on module \cv32e40p_ex_stage$cv32e40p_core.ex_stage_i..
  Creating internal representation of mux trees.
  Evaluating internal representation of mux trees.
  Analyzing evaluation results.
Removed 0 multiplexer ports.
<suppressed ~471 debug messages>

15.14.4. Executing OPT_REDUCE pass (consolidate $*mux and $reduce_* inputs).
  Optimizing cells in module \cv32e40p_ex_stage$cv32e40p_core.ex_stage_i.
Performed a total of 0 changes.

15.14.5. Executing OPT_MERGE pass (detect identical cells).
Finding identical cells in module `\cv32e40p_ex_stage$cv32e40p_core.ex_stage_i'.
Computing hashes of 696 cells of `\cv32e40p_ex_stage$cv32e40p_core.ex_stage_i'.
Finding duplicate cells in `\cv32e40p_ex_stage$cv32e40p_core.ex_stage_i'.
Removed a total of 0 cells.

15.14.6. Executing OPT_DFF pass (perform DFF optimizations).

15.14.7. Executing OPT_CLEAN pass (remove unused cells and wires).
Finding unused cells or wires in module \cv32e40p_ex_stage$cv32e40p_core.ex_stage_i..
Removed 32 unused cells and 47 unused wires.
<suppressed ~73 debug messages>

15.14.8. Executing OPT_EXPR pass (perform const folding).
Optimizing module cv32e40p_ex_stage$cv32e40p_core.ex_stage_i.

15.14.9. Rerunning OPT passes. (Maybe there is more to do..)

15.14.10. Executing OPT_MUXTREE pass (detect dead branches in mux trees).
Running muxtree optimizer on module \cv32e40p_ex_stage$cv32e40p_core.ex_stage_i..
  Creating internal representation of mux trees.
  Evaluating internal representation of mux trees.
  Analyzing evaluation results.
Removed 0 multiplexer ports.
<suppressed ~471 debug messages>

15.14.11. Executing OPT_REDUCE pass (consolidate $*mux and $reduce_* inputs).
  Optimizing cells in module \cv32e40p_ex_stage$cv32e40p_core.ex_stage_i.
Performed a total of 0 changes.

15.14.12. Executing OPT_MERGE pass (detect identical cells).
Finding identical cells in module `\cv32e40p_ex_stage$cv32e40p_core.ex_stage_i'.
Computing hashes of 660 cells of `\cv32e40p_ex_stage$cv32e40p_core.ex_stage_i'.
Finding duplicate cells in `\cv32e40p_ex_stage$cv32e40p_core.ex_stage_i'.
Removed a total of 0 cells.

15.14.13. Executing OPT_DFF pass (perform DFF optimizations).

15.14.14. Executing OPT_CLEAN pass (remove unused cells and wires).
Finding unused cells or wires in module \cv32e40p_ex_stage$cv32e40p_core.ex_stage_i..

15.14.15. Executing OPT_EXPR pass (perform const folding).
Optimizing module cv32e40p_ex_stage$cv32e40p_core.ex_stage_i.

15.14.16. Finished fast OPT passes. (There is nothing left to do.)

15.15. Executing MEMORY pass.

15.15.1. Executing OPT_MEM pass (optimize memories).
Performed a total of 0 transformations.

15.15.2. Executing OPT_MEM_PRIORITY pass (removing unnecessary memory write priority relations).
Performed a total of 0 transformations.

15.15.3. Executing OPT_MEM_FEEDBACK pass (finding memory read-to-write feedback paths).

15.15.4. Executing MEMORY_BMUX2ROM pass (converting muxes to ROMs).

15.15.5. Executing MEMORY_DFF pass (merging $dff cells to $memrd).

15.15.6. Executing OPT_CLEAN pass (remove unused cells and wires).
Finding unused cells or wires in module \cv32e40p_ex_stage$cv32e40p_core.ex_stage_i..

15.15.7. Executing MEMORY_SHARE pass (consolidating $memrd/$memwr cells).

15.15.8. Executing OPT_MEM_WIDEN pass (optimize memories where all ports are wide).
Performed a total of 0 transformations.

15.15.9. Executing OPT_CLEAN pass (remove unused cells and wires).
Finding unused cells or wires in module \cv32e40p_ex_stage$cv32e40p_core.ex_stage_i..

15.15.10. Executing MEMORY_COLLECT pass (generating $mem cells).

15.16. Executing OPT_CLEAN pass (remove unused cells and wires).
Finding unused cells or wires in module \cv32e40p_ex_stage$cv32e40p_core.ex_stage_i..

15.17. Executing OPT pass (performing simple optimizations).

15.17.1. Executing OPT_EXPR pass (perform const folding).
Optimizing module cv32e40p_ex_stage$cv32e40p_core.ex_stage_i.
<suppressed ~106 debug messages>

15.17.2. Executing OPT_MERGE pass (detect identical cells).
Finding identical cells in module `\cv32e40p_ex_stage$cv32e40p_core.ex_stage_i'.
Computing hashes of 653 cells of `\cv32e40p_ex_stage$cv32e40p_core.ex_stage_i'.
Finding duplicate cells in `\cv32e40p_ex_stage$cv32e40p_core.ex_stage_i'.
Computing hashes of 649 cells of `\cv32e40p_ex_stage$cv32e40p_core.ex_stage_i'.
Finding duplicate cells in `\cv32e40p_ex_stage$cv32e40p_core.ex_stage_i'.
Computing hashes of 647 cells of `\cv32e40p_ex_stage$cv32e40p_core.ex_stage_i'.
Finding duplicate cells in `\cv32e40p_ex_stage$cv32e40p_core.ex_stage_i'.
<suppressed ~18 debug messages>
Removed a total of 6 cells.

15.17.3. Executing OPT_DFF pass (perform DFF optimizations).

15.17.4. Executing OPT_CLEAN pass (remove unused cells and wires).
Finding unused cells or wires in module \cv32e40p_ex_stage$cv32e40p_core.ex_stage_i..
Removed 6 unused cells and 23 unused wires.
<suppressed ~7 debug messages>

15.17.5. Finished fast OPT passes.

15.18. Executing MEMORY_MAP pass (converting memories to logic and flip-flops).

15.19. Executing OPT pass (performing simple optimizations).

15.19.1. Executing OPT_EXPR pass (perform const folding).
Optimizing module cv32e40p_ex_stage$cv32e40p_core.ex_stage_i.
<suppressed ~2 debug messages>

15.19.2. Executing OPT_MERGE pass (detect identical cells).
Finding identical cells in module `\cv32e40p_ex_stage$cv32e40p_core.ex_stage_i'.
Computing hashes of 641 cells of `\cv32e40p_ex_stage$cv32e40p_core.ex_stage_i'.
Finding duplicate cells in `\cv32e40p_ex_stage$cv32e40p_core.ex_stage_i'.
Removed a total of 0 cells.

15.19.3. Executing OPT_MUXTREE pass (detect dead branches in mux trees).
Running muxtree optimizer on module \cv32e40p_ex_stage$cv32e40p_core.ex_stage_i..
  Creating internal representation of mux trees.
  Evaluating internal representation of mux trees.
  Analyzing evaluation results.
Removed 0 multiplexer ports.
<suppressed ~401 debug messages>

15.19.4. Executing OPT_REDUCE pass (consolidate $*mux and $reduce_* inputs).
  Optimizing cells in module \cv32e40p_ex_stage$cv32e40p_core.ex_stage_i.
    Consolidated identical input bits for $mux cell $auto$share.cc:657:make_supercell$14791:
      Old ports: A=\alu_i.shift_amt_int [19:16], B={ 1'0 \alu_i.shift_amt_int [18:16] }, Y=$auto$share.cc:654:make_supercell$14789
      New ports: A=\alu_i.shift_amt_int [19], B=1'0, Y=$auto$share.cc:654:make_supercell$14789 [3]
      New connections: $auto$share.cc:654:make_supercell$14789 [2:0] = \alu_i.shift_amt_int [18:16]
    Consolidated identical input bits for $mux cell $flatten\alu_i.$ternary$/workspace/incremental-synthesis/benchmarks/cv32e40p-eco-001-base/core/common/normalized_cv32e40p.v:1370$223:
      Old ports: A={ \bmask_b_i [2:0] 3'000 \bmask_b_i 3'000 \bmask_b_i 3'000 \bmask_b_i }, B={ 9'000000000 \alu_clpx_shift_i 14'00000000000000 \alu_clpx_shift_i }, Y=\alu_i.shift_amt_norm [26:0]
      New ports: A={ \bmask_b_i [1:0] \bmask_b_i }, B={ 5'00000 \alu_clpx_shift_i }, Y={ \alu_i.shift_amt_norm [9:8] \alu_i.shift_amt_norm [4:0] }
      New connections: { \alu_i.shift_amt_norm [26:10] \alu_i.shift_amt_norm [7:5] } = { \alu_i.shift_amt_norm [2] \alu_i.shift_amt_norm [9:8] 3'000 \alu_i.shift_amt_norm [4:0] 3'000 \alu_i.shift_amt_norm [4:2] 3'000 }
    Consolidated identical input bits for $mux cell $flatten\alu_i.$ternary$/workspace/incremental-synthesis/benchmarks/cv32e40p-eco-001-base/core/common/normalized_cv32e40p.v:1376$226:
      Old ports: A={ \alu_i._0061_ \alu_i._0061_ \alu_i._0061_ \alu_i._0061_ \alu_i._0061_ \alu_i._0061_ \alu_i._0061_ \alu_i._0061_ \alu_i._0061_ \alu_i._0061_ \alu_i._0061_ \alu_i._0061_ \alu_i._0061_ \alu_i._0061_ \alu_i._0061_ \alu_i._0061_ \alu_i._0061_ \alu_i._0061_ \alu_i._0061_ \alu_i._0061_ \alu_i._0061_ \alu_i._0061_ \alu_i._0061_ \alu_i._0061_ \alu_i._0061_ \alu_i._0061_ \alu_i._0061_ \alu_i._0061_ \alu_i._0061_ \alu_i._0061_ \alu_i._0061_ \alu_i._0061_ \alu_i.shift_op_a }, B={ \alu_i.shift_op_a \alu_i.shift_op_a }, Y=\alu_i.shift_op_a_32
      New ports: A={ \alu_i._0061_ \alu_i._0061_ \alu_i._0061_ \alu_i._0061_ \alu_i._0061_ \alu_i._0061_ \alu_i._0061_ \alu_i._0061_ \alu_i._0061_ \alu_i._0061_ \alu_i._0061_ \alu_i._0061_ \alu_i._0061_ \alu_i._0061_ \alu_i._0061_ \alu_i._0061_ \alu_i._0061_ \alu_i._0061_ \alu_i._0061_ \alu_i._0061_ \alu_i._0061_ \alu_i._0061_ \alu_i._0061_ \alu_i._0061_ \alu_i._0061_ \alu_i._0061_ \alu_i._0061_ \alu_i._0061_ \alu_i._0061_ \alu_i._0061_ \alu_i._0061_ \alu_i._0061_ }, B=\alu_i.shift_op_a, Y=\alu_i.shift_op_a_32 [63:32]
      New connections: \alu_i.shift_op_a_32 [31:0] = \alu_i.shift_op_a
    Consolidated identical input bits for $mux cell $flatten\alu_i.$ternary$/workspace/incremental-synthesis/benchmarks/cv32e40p-eco-001-base/core/common/normalized_cv32e40p.v:1539$310:
      Old ports: A={ \alu_operand_a_i [7:0] \alu_operand_a_i [7:0] \alu_operand_a_i [7:0] \alu_operand_a_i [7:0] }, B={ \alu_operand_a_i [15:0] \alu_operand_a_i [15:0] }, Y=\alu_i._0150_
      New ports: A=\alu_operand_a_i [7:0], B=\alu_operand_a_i [15:8], Y=\alu_i._0150_ [15:8]
      New connections: { \alu_i._0150_ [31:16] \alu_i._0150_ [7:0] } = { \alu_i._0150_ [15:8] \alu_operand_a_i [7:0] \alu_operand_a_i [7:0] }
    Consolidated identical input bits for $mux cell $flatten\alu_i.$ternary$/workspace/incremental-synthesis/benchmarks/cv32e40p-eco-001-base/core/common/normalized_cv32e40p.v:1863$496:
      Old ports: A=3'000, B=3'111, Y=\alu_i._0324_ [2:0]
      New ports: A=1'0, B=1'1, Y=\alu_i._0324_ [0]
      New connections: \alu_i._0324_ [2:1] = { \alu_i._0324_ [0] \alu_i._0324_ [0] }
    Consolidated identical input bits for $mux cell $flatten\alu_i.$ternary$/workspace/incremental-synthesis/benchmarks/cv32e40p-eco-001-base/core/common/normalized_cv32e40p.v:1864$497:
      Old ports: A={ 1'1 \alu_i._0324_ [2:0] }, B=4'1010, Y=\alu_i._0395_
      New ports: A=\alu_i._0324_ [2:0], B=3'010, Y=\alu_i._0395_ [2:0]
      New connections: \alu_i._0395_ [3] = 1'1
    Consolidated identical input bits for $mux cell $flatten\alu_i.$ternary$/workspace/incremental-synthesis/benchmarks/cv32e40p-eco-001-base/core/common/normalized_cv32e40p.v:1865$498:
      Old ports: A={ \alu_i._0097_ \alu_i._0097_ \alu_i._0097_ \alu_i._0097_ }, B={ \alu_i._0095_ \alu_i._0095_ \alu_i._0104_ \alu_i._0104_ }, Y=\alu_i._0326_
      New ports: A={ \alu_i._0097_ \alu_i._0097_ }, B={ \alu_i._0095_ \alu_i._0104_ }, Y={ \alu_i._0326_ [2] \alu_i._0326_ [0] }
      New connections: { \alu_i._0326_ [3] \alu_i._0326_ [1] } = { \alu_i._0326_ [2] \alu_i._0326_ [0] }
    Consolidated identical input bits for $mux cell $flatten\alu_i.$ternary$/workspace/incremental-synthesis/benchmarks/cv32e40p-eco-001-base/core/common/normalized_cv32e40p.v:1867$500:
      Old ports: A={ \alu_i._0103_ \alu_i._0103_ \alu_i._0103_ \alu_i._0103_ }, B={ \alu_i._0109_ \alu_i._0109_ \alu_i._0099_ \alu_i._0099_ }, Y=\alu_i._0328_
      New ports: A={ \alu_i._0103_ \alu_i._0103_ }, B={ \alu_i._0109_ \alu_i._0099_ }, Y={ \alu_i._0328_ [2] \alu_i._0328_ [0] }
      New connections: { \alu_i._0328_ [3] \alu_i._0328_ [1] } = { \alu_i._0328_ [2] \alu_i._0328_ [0] }
    Consolidated identical input bits for $mux cell $flatten\alu_i.$ternary$/workspace/incremental-synthesis/benchmarks/cv32e40p-eco-001-base/core/common/normalized_cv32e40p.v:1876$509:
      Old ports: A=4'0000, B={ 2'11 \alu_i._0525_ [1:0] }, Y=\alu_i._0337_
      New ports: A=3'000, B={ 1'1 \alu_i._0525_ [1:0] }, Y=\alu_i._0337_ [2:0]
      New connections: \alu_i._0337_ [3] = \alu_i._0337_ [2]
    Consolidated identical input bits for $mux cell $flatten\alu_i.$ternary$/workspace/incremental-synthesis/benchmarks/cv32e40p-eco-001-base/core/common/normalized_cv32e40p.v:1888$521:
      Old ports: A=2'10, B=2'00, Y=\alu_i._0349_
      New ports: A=1'1, B=1'0, Y=\alu_i._0349_ [1]
      New connections: \alu_i._0349_ [0] = 1'0
    Consolidated identical input bits for $mux cell $flatten\alu_i.$ternary$/workspace/incremental-synthesis/benchmarks/cv32e40p-eco-001-base/core/common/normalized_cv32e40p.v:1890$523:
      Old ports: A=4'1011, B=4'0111, Y=\alu_i._0351_
      New ports: A=2'10, B=2'01, Y=\alu_i._0351_ [3:2]
      New connections: \alu_i._0351_ [1:0] = 2'11
    Consolidated identical input bits for $mux cell $flatten\alu_i.$ternary$/workspace/incremental-synthesis/benchmarks/cv32e40p-eco-001-base/core/common/normalized_cv32e40p.v:1898$531:
      Old ports: A=8'00000000, B={ \imm_vec_ext_i \imm_vec_ext_i \imm_vec_ext_i \imm_vec_ext_i }, Y=\alu_i._0359_
      New ports: A=2'00, B=\imm_vec_ext_i, Y=\alu_i._0359_ [1:0]
      New connections: \alu_i._0359_ [7:2] = { \alu_i._0359_ [1:0] \alu_i._0359_ [1:0] \alu_i._0359_ [1:0] }
    Consolidated identical input bits for $mux cell $flatten\alu_i.$ternary$/workspace/incremental-synthesis/benchmarks/cv32e40p-eco-001-base/core/common/normalized_cv32e40p.v:1912$545:
      Old ports: A={ \alu_i.cmp_result [3] \alu_i.cmp_result [3] \alu_i.cmp_result [3] \alu_i.cmp_result [3] \alu_i.cmp_result [3] \alu_i.cmp_result [3] \alu_i.cmp_result [3] \alu_i.cmp_result [3:2] \alu_i.cmp_result [2] \alu_i.cmp_result [2] \alu_i.cmp_result [2] \alu_i.cmp_result [2] \alu_i.cmp_result [2] \alu_i.cmp_result [2] \alu_i.cmp_result [2:1] \alu_i.cmp_result [1] \alu_i.cmp_result [1] \alu_i.cmp_result [1] \alu_i.cmp_result [1] \alu_i.cmp_result [1] \alu_i.cmp_result [1] \alu_i.cmp_result [1:0] \alu_i.cmp_result [0] \alu_i.cmp_result [0] \alu_i.cmp_result [0] \alu_i.cmp_result [0] \alu_i.cmp_result [0] \alu_i.cmp_result [0] \alu_i.cmp_result [0] }, B={ 31'0000000000000000000000000000000 \alu_i.cmp_result [3] }, Y=\alu_i._0373_
      New ports: A={ \alu_i.cmp_result \alu_i.cmp_result [0] }, B={ 4'0000 \alu_i.cmp_result [3] }, Y={ \alu_i._0373_ [24] \alu_i._0373_ [16] \alu_i._0373_ [8] \alu_i._0373_ [1:0] }
      New connections: { \alu_i._0373_ [31:25] \alu_i._0373_ [23:17] \alu_i._0373_ [15:9] \alu_i._0373_ [7:2] } = { \alu_i._0373_ [24] \alu_i._0373_ [24] \alu_i._0373_ [24] \alu_i._0373_ [24] \alu_i._0373_ [24] \alu_i._0373_ [24] \alu_i._0373_ [24] \alu_i._0373_ [16] \alu_i._0373_ [16] \alu_i._0373_ [16] \alu_i._0373_ [16] \alu_i._0373_ [16] \alu_i._0373_ [16] \alu_i._0373_ [16] \alu_i._0373_ [8] \alu_i._0373_ [8] \alu_i._0373_ [8] \alu_i._0373_ [8] \alu_i._0373_ [8] \alu_i._0373_ [8] \alu_i._0373_ [8] \alu_i._0373_ [1] \alu_i._0373_ [1] \alu_i._0373_ [1] \alu_i._0373_ [1] \alu_i._0373_ [1] \alu_i._0373_ [1] }
    Consolidated identical input bits for $mux cell $flatten\alu_i.$ternary$/workspace/incremental-synthesis/benchmarks/cv32e40p-eco-001-base/core/common/normalized_cv32e40p.v:1998$631:
      Old ports: A=5'00000, B=5'11111, Y=\alu_i._0388_ [4:0]
      New ports: A=1'0, B=1'1, Y=\alu_i._0388_ [0]
      New connections: \alu_i._0388_ [4:1] = { \alu_i._0388_ [0] \alu_i._0388_ [0] \alu_i._0388_ [0] \alu_i._0388_ [0] }
    Consolidated identical input bits for $mux cell $flatten\alu_i.$ternary$/workspace/incremental-synthesis/benchmarks/cv32e40p-eco-001-base/core/common/normalized_cv32e40p.v:2027$660:
      Old ports: A=8'00000000, B=8'11101110, Y=\alu_i._0463_
      New ports: A=1'0, B=1'1, Y=\alu_i._0463_ [1]
      New connections: { \alu_i._0463_ [7:2] \alu_i._0463_ [0] } = { \alu_i._0463_ [1] \alu_i._0463_ [1] \alu_i._0463_ [1] 1'0 \alu_i._0463_ [1] \alu_i._0463_ [1] 1'0 }
    Consolidated identical input bits for $mux cell $flatten\alu_i.$ternary$/workspace/incremental-synthesis/benchmarks/cv32e40p-eco-001-base/core/common/normalized_cv32e40p.v:2031$664:
      Old ports: A=7'0000000, B=7'1000100, Y=\alu_i._0467_ [6:0]
      New ports: A=1'0, B=1'1, Y=\alu_i._0467_ [2]
      New connections: { \alu_i._0467_ [6:3] \alu_i._0467_ [1:0] } = { \alu_i._0467_ [2] 5'00000 }
    Consolidated identical input bits for $mux cell $flatten\alu_i.$ternary$/workspace/incremental-synthesis/benchmarks/cv32e40p-eco-001-base/core/common/normalized_cv32e40p.v:2070$703:
      Old ports: A=3'011, B=3'100, Y=\alu_i._0509_ [2:0]
      New ports: A=2'01, B=2'10, Y={ \alu_i._0509_ [2] \alu_i._0509_ [0] }
      New connections: \alu_i._0509_ [1] = \alu_i._0509_ [0]
    Consolidated identical input bits for $mux cell $flatten\alu_i.$ternary$/workspace/incremental-synthesis/benchmarks/cv32e40p-eco-001-base/core/common/normalized_cv32e40p.v:2073$706:
      Old ports: A=2'11, B=2'00, Y=\alu_i._0513_ [1:0]
      New ports: A=1'1, B=1'0, Y=\alu_i._0513_ [0]
      New connections: \alu_i._0513_ [1] = \alu_i._0513_ [0]
    Consolidated identical input bits for $mux cell $flatten\alu_i.$ternary$/workspace/incremental-synthesis/benchmarks/cv32e40p-eco-001-base/core/common/normalized_cv32e40p.v:2076$709:
      Old ports: A=2'11, B=2'01, Y=\alu_i._0517_ [1:0]
      New ports: A=1'1, B=1'0, Y=\alu_i._0517_ [1]
      New connections: \alu_i._0517_ [0] = 1'1
    Consolidated identical input bits for $mux cell $flatten\alu_i.$ternary$/workspace/incremental-synthesis/benchmarks/cv32e40p-eco-001-base/core/common/normalized_cv32e40p.v:2079$712:
      Old ports: A=4'1111, B=4'0011, Y=\alu_i._0521_
      New ports: A=1'1, B=1'0, Y=\alu_i._0521_ [2]
      New connections: { \alu_i._0521_ [3] \alu_i._0521_ [1:0] } = { \alu_i._0521_ [2] 2'11 }
    Consolidated identical input bits for $mux cell $flatten\alu_i.$ternary$/workspace/incremental-synthesis/benchmarks/cv32e40p-eco-001-base/core/common/normalized_cv32e40p.v:2082$715:
      Old ports: A=2'00, B=2'10, Y=\alu_i._0525_ [1:0]
      New ports: A=1'0, B=1'1, Y=\alu_i._0525_ [1]
      New connections: \alu_i._0525_ [0] = 1'0
    Consolidated identical input bits for $mux cell $flatten\alu_i.$ternary$/workspace/incremental-synthesis/benchmarks/cv32e40p-eco-001-base/core/common/normalized_cv32e40p.v:2087$720:
      Old ports: A=2'01, B=2'11, Y=\alu_i._0530_
      New ports: A=1'0, B=1'1, Y=\alu_i._0530_ [1]
      New connections: \alu_i._0530_ [0] = 1'1
    Consolidated identical input bits for $mux cell $flatten\alu_i.\ff_one_i.$ternary$/workspace/incremental-synthesis/benchmarks/cv32e40p-eco-001-base/core/common/normalized_cv32e40p.v:31230$11675:
      Old ports: A={ 4'1101 \alu_i.ff_one_i._046_ [0] }, B={ 4'1100 \alu_i.ff_one_i._043_ [0] }, Y=\alu_i.ff_one_i._001_
      New ports: A={ 1'1 \alu_i.ff_one_i._046_ [0] }, B={ 1'0 \alu_i.ff_one_i._043_ [0] }, Y=\alu_i.ff_one_i._001_ [1:0]
      New connections: \alu_i.ff_one_i._001_ [4:2] = 3'110
    Consolidated identical input bits for $mux cell $flatten\alu_i.\ff_one_i.$ternary$/workspace/incremental-synthesis/benchmarks/cv32e40p-eco-001-base/core/common/normalized_cv32e40p.v:31234$11677:
      Old ports: A={ 4'1111 \alu_i.ff_one_i._052_ [0] }, B={ 4'1110 \alu_i.ff_one_i._049_ [0] }, Y=\alu_i.ff_one_i._004_
      New ports: A={ 1'1 \alu_i.ff_one_i._052_ [0] }, B={ 1'0 \alu_i.ff_one_i._049_ [0] }, Y=\alu_i.ff_one_i._004_ [1:0]
      New connections: \alu_i.ff_one_i._004_ [4:2] = 3'111
    Consolidated identical input bits for $mux cell $flatten\alu_i.\ff_one_i.$ternary$/workspace/incremental-synthesis/benchmarks/cv32e40p-eco-001-base/core/common/normalized_cv32e40p.v:31344$11718:
      Old ports: A={ 3'001 \alu_i.ff_one_i._080_ [1:0] }, B={ 3'000 \alu_i.ff_one_i._077_ [1:0] }, Y=\alu_i.ff_one_i._065_
      New ports: A={ 1'1 \alu_i.ff_one_i._080_ [1:0] }, B={ 1'0 \alu_i.ff_one_i._077_ [1:0] }, Y=\alu_i.ff_one_i._065_ [2:0]
      New connections: \alu_i.ff_one_i._065_ [4:3] = 2'00
    Consolidated identical input bits for $mux cell $flatten\alu_i.\ff_one_i.$ternary$/workspace/incremental-synthesis/benchmarks/cv32e40p-eco-001-base/core/common/normalized_cv32e40p.v:31348$11720:
      Old ports: A={ 3'011 \alu_i.ff_one_i._086_ [1:0] }, B={ 3'010 \alu_i.ff_one_i._083_ [1:0] }, Y=\alu_i.ff_one_i._068_
      New ports: A={ 1'1 \alu_i.ff_one_i._086_ [1:0] }, B={ 1'0 \alu_i.ff_one_i._083_ [1:0] }, Y=\alu_i.ff_one_i._068_ [2:0]
      New connections: \alu_i.ff_one_i._068_ [4:3] = 2'01
    Consolidated identical input bits for $mux cell $flatten\alu_i.\ff_one_i.$ternary$/workspace/incremental-synthesis/benchmarks/cv32e40p-eco-001-base/core/common/normalized_cv32e40p.v:31384$11736:
      Old ports: A={ 4'1011 \alu_i.ff_one_i._040_ [0] }, B={ 4'1010 \alu_i.ff_one_i._037_ [0] }, Y=\alu_i.ff_one_i._092_
      New ports: A={ 1'1 \alu_i.ff_one_i._040_ [0] }, B={ 1'0 \alu_i.ff_one_i._037_ [0] }, Y=\alu_i.ff_one_i._092_ [1:0]
      New connections: \alu_i.ff_one_i._092_ [4:2] = 3'101
    Consolidated identical input bits for $mux cell $auto$share.cc:656:make_supercell$14790:
      Old ports: A={ \alu_i._0061_ \alu_i.shift_op_a [31:16] }, B={ \alu_i._0069_ \alu_i._0069_ \alu_i._0069_ \alu_i._0069_ \alu_i._0069_ \alu_i._0069_ \alu_i._0069_ \alu_i._0069_ \alu_i._0069_ \alu_i.shift_op_a [23:16] }, Y=$auto$share.cc:653:make_supercell$14788
      New ports: A={ \alu_i._0061_ \alu_i.shift_op_a [31:24] }, B={ \alu_i._0069_ \alu_i._0069_ \alu_i._0069_ \alu_i._0069_ \alu_i._0069_ \alu_i._0069_ \alu_i._0069_ \alu_i._0069_ \alu_i._0069_ }, Y=$auto$share.cc:653:make_supercell$14788 [16:8]
      New connections: $auto$share.cc:653:make_supercell$14788 [7:0] = \alu_i.shift_op_a [23:16]
    Consolidated identical input bits for $mux cell $auto$share.cc:657:make_supercell$14781:
      Old ports: A=\alu_i.shift_amt_int [3:0], B={ 1'0 \alu_i.shift_amt_int [2:0] }, Y=$auto$share.cc:654:make_supercell$14779
      New ports: A=\alu_i.shift_amt_int [3], B=1'0, Y=$auto$share.cc:654:make_supercell$14779 [3]
      New connections: $auto$share.cc:654:make_supercell$14779 [2:0] = \alu_i.shift_amt_int [2:0]
    Consolidated identical input bits for $mux cell $auto$share.cc:656:make_supercell$14780:
      Old ports: A={ \alu_i._0065_ \alu_i.shift_op_a [15:0] }, B={ \alu_i._0073_ \alu_i._0073_ \alu_i._0073_ \alu_i._0073_ \alu_i._0073_ \alu_i._0073_ \alu_i._0073_ \alu_i._0073_ \alu_i._0073_ \alu_i.shift_op_a [7:0] }, Y=$auto$share.cc:653:make_supercell$14778
      New ports: A={ \alu_i._0065_ \alu_i.shift_op_a [15:8] }, B={ \alu_i._0073_ \alu_i._0073_ \alu_i._0073_ \alu_i._0073_ \alu_i._0073_ \alu_i._0073_ \alu_i._0073_ \alu_i._0073_ \alu_i._0073_ }, Y=$auto$share.cc:653:make_supercell$14778 [16:8]
      New connections: $auto$share.cc:653:make_supercell$14778 [7:0] = \alu_i.shift_op_a [7:0]
    Consolidated identical input bits for $mux cell $flatten\mult_i.$ternary$/workspace/incremental-synthesis/benchmarks/cv32e40p-eco-001-base/core/common/normalized_cv32e40p.v:39778$13652:
      Old ports: A={ \mult_i.mulh_carry_q \mult_operand_c_i }, B={ \mult_operand_c_i [31] \mult_operand_c_i }, Y=\mult_i.short_op_c
      New ports: A=\mult_i.mulh_carry_q, B=\mult_operand_c_i [31], Y=\mult_i.short_op_c [32]
      New connections: \mult_i.short_op_c [31:0] = \mult_operand_c_i
    Consolidated identical input bits for $mux cell $flatten\mult_i.$ternary$/workspace/incremental-synthesis/benchmarks/cv32e40p-eco-001-base/core/common/normalized_cv32e40p.v:39884$13724:
      Old ports: A=5'00000, B=5'10000, Y=\mult_i._095_
      New ports: A=1'0, B=1'1, Y=\mult_i._095_ [4]
      New connections: \mult_i._095_ [3:0] = 4'0000
    Consolidated identical input bits for $mux cell $flatten\mult_i.$ternary$/workspace/incremental-synthesis/benchmarks/cv32e40p-eco-001-base/core/common/normalized_cv32e40p.v:39886$13726:
      Old ports: A=2'01, B=2'11, Y=\mult_i._097_
      New ports: A=1'0, B=1'1, Y=\mult_i._097_ [1]
      New connections: \mult_i._097_ [0] = 1'1
    Consolidated identical input bits for $mux cell $flatten\mult_i.$ternary$/workspace/incremental-synthesis/benchmarks/cv32e40p-eco-001-base/core/common/normalized_cv32e40p.v:39887$13727:
      Old ports: A=2'00, B=2'10, Y=\mult_i._098_
      New ports: A=1'0, B=1'1, Y=\mult_i._098_ [1]
      New connections: \mult_i._098_ [0] = 1'0
    Consolidated identical input bits for $mux cell $flatten\mult_i.$ternary$/workspace/incremental-synthesis/benchmarks/cv32e40p-eco-001-base/core/common/normalized_cv32e40p.v:39889$13729:
      Old ports: A={ 1'0 \mult_signed_mode_i [0] }, B=\mult_signed_mode_i, Y=\mult_i._100_
      New ports: A=1'0, B=\mult_signed_mode_i [1], Y=\mult_i._100_ [1]
      New connections: \mult_i._100_ [0] = \mult_signed_mode_i [0]
    Consolidated identical input bits for $mux cell $flatten\mult_i.$ternary$/workspace/incremental-synthesis/benchmarks/cv32e40p-eco-001-base/core/common/normalized_cv32e40p.v:39890$13730:
      Old ports: A=2'00, B={ \mult_signed_mode_i [1] 1'0 }, Y=\mult_i._101_
      New ports: A=1'0, B=\mult_signed_mode_i [1], Y=\mult_i._101_ [1]
      New connections: \mult_i._101_ [0] = 1'0
  Optimizing cells in module \cv32e40p_ex_stage$cv32e40p_core.ex_stage_i.
    Consolidated identical input bits for $mux cell $flatten\alu_i.$ternary$/workspace/incremental-synthesis/benchmarks/cv32e40p-eco-001-base/core/common/normalized_cv32e40p.v:1540$311:
      Old ports: A=\alu_i._0150_, B=\alu_operand_a_i, Y=\alu_i.shuffle_r0_in
      New ports: A={ \alu_i._0150_ [15:8] \alu_operand_a_i [7:0] \alu_i._0150_ [15:8] }, B=\alu_operand_a_i [31:8], Y=\alu_i.shuffle_r0_in [31:8]
      New connections: \alu_i.shuffle_r0_in [7:0] = \alu_operand_a_i [7:0]
    Consolidated identical input bits for $mux cell $flatten\alu_i.$ternary$/workspace/incremental-synthesis/benchmarks/cv32e40p-eco-001-base/core/common/normalized_cv32e40p.v:1864$497:
      Old ports: A=\alu_i._0324_ [2:0], B=3'010, Y=\alu_i._0395_ [2:0]
      New ports: A={ \alu_i._0324_ [0] \alu_i._0324_ [0] }, B=2'10, Y=\alu_i._0395_ [1:0]
      New connections: \alu_i._0395_ [2] = \alu_i._0395_ [0]
    Consolidated identical input bits for $mux cell $flatten\alu_i.$ternary$/workspace/incremental-synthesis/benchmarks/cv32e40p-eco-001-base/core/common/normalized_cv32e40p.v:1876$509:
      Old ports: A=3'000, B={ 1'1 \alu_i._0525_ [1:0] }, Y=\alu_i._0337_ [2:0]
      New ports: A=2'00, B={ 1'1 \alu_i._0525_ [1] }, Y=\alu_i._0337_ [2:1]
      New connections: \alu_i._0337_ [0] = 1'0
    Consolidated identical input bits for $mux cell $flatten\alu_i.$ternary$/workspace/incremental-synthesis/benchmarks/cv32e40p-eco-001-base/core/common/normalized_cv32e40p.v:1877$510:
      Old ports: A=\alu_i._0337_, B={ 2'00 \alu_i._0517_ [1:0] }, Y=\alu_i._0338_
      New ports: A=\alu_i._0337_ [2:0], B={ 1'0 \alu_i._0517_ [1] 1'1 }, Y=\alu_i._0338_ [2:0]
      New connections: \alu_i._0338_ [3] = \alu_i._0338_ [2]
    Consolidated identical input bits for $mux cell $flatten\alu_i.$ternary$/workspace/incremental-synthesis/benchmarks/cv32e40p-eco-001-base/core/common/normalized_cv32e40p.v:1880$513:
      Old ports: A=2'01, B=\alu_i._0530_, Y=\alu_i._0341_
      New ports: A=1'0, B=\alu_i._0530_ [1], Y=\alu_i._0341_ [1]
      New connections: \alu_i._0341_ [0] = 1'1
    Consolidated identical input bits for $mux cell $flatten\alu_i.$ternary$/workspace/incremental-synthesis/benchmarks/cv32e40p-eco-001-base/core/common/normalized_cv32e40p.v:1882$515:
      Old ports: A=4'1111, B=\alu_i._0521_, Y=\alu_i._0343_
      New ports: A=1'1, B=\alu_i._0521_ [2], Y=\alu_i._0343_ [2]
      New connections: { \alu_i._0343_ [3] \alu_i._0343_ [1:0] } = { \alu_i._0343_ [2] 2'11 }
    Consolidated identical input bits for $mux cell $flatten\alu_i.$ternary$/workspace/incremental-synthesis/benchmarks/cv32e40p-eco-001-base/core/common/normalized_cv32e40p.v:1899$532:
      Old ports: A=\alu_i._0359_, B={ \imm_vec_ext_i [0] 1'1 \imm_vec_ext_i [0] 1'1 \imm_vec_ext_i [0] 1'1 \imm_vec_ext_i [0] 1'0 }, Y=\alu_i._0471_
      New ports: A={ \alu_i._0359_ [0] \alu_i._0359_ [1:0] }, B={ 1'1 \imm_vec_ext_i [0] 1'0 }, Y=\alu_i._0471_ [2:0]
      New connections: \alu_i._0471_ [7:3] = { \alu_i._0471_ [1] \alu_i._0471_ [2:1] \alu_i._0471_ [2:1] }
    Consolidated identical input bits for $mux cell $flatten\alu_i.\ff_one_i.$ternary$/workspace/incremental-synthesis/benchmarks/cv32e40p-eco-001-base/core/common/normalized_cv32e40p.v:31335$11714:
      Old ports: A=\alu_i.ff_one_i._068_, B=\alu_i.ff_one_i._065_, Y=\alu_i.ff_one_i._059_
      New ports: A={ 1'1 \alu_i.ff_one_i._068_ [2:0] }, B={ 1'0 \alu_i.ff_one_i._065_ [2:0] }, Y=\alu_i.ff_one_i._059_ [3:0]
      New connections: \alu_i.ff_one_i._059_ [4] = 1'0
    Consolidated identical input bits for $mux cell $flatten\alu_i.\ff_one_i.$ternary$/workspace/incremental-synthesis/benchmarks/cv32e40p-eco-001-base/core/common/normalized_cv32e40p.v:31353$11722:
      Old ports: A=\alu_i.ff_one_i._092_, B={ 3'100 \alu_i.ff_one_i._089_ [1:0] }, Y=\alu_i.ff_one_i._071_
      New ports: A={ 1'1 \alu_i.ff_one_i._092_ [1:0] }, B={ 1'0 \alu_i.ff_one_i._089_ [1:0] }, Y=\alu_i.ff_one_i._071_ [2:0]
      New connections: \alu_i.ff_one_i._071_ [4:3] = 2'10
    Consolidated identical input bits for $mux cell $flatten\alu_i.\ff_one_i.$ternary$/workspace/incremental-synthesis/benchmarks/cv32e40p-eco-001-base/core/common/normalized_cv32e40p.v:31357$11724:
      Old ports: A=\alu_i.ff_one_i._004_, B=\alu_i.ff_one_i._001_, Y=\alu_i.ff_one_i._074_
      New ports: A={ 1'1 \alu_i.ff_one_i._004_ [1:0] }, B={ 1'0 \alu_i.ff_one_i._001_ [1:0] }, Y=\alu_i.ff_one_i._074_ [2:0]
      New connections: \alu_i.ff_one_i._074_ [4:3] = 2'11
    Consolidated identical input bits for $mux cell $flatten\mult_i.$ternary$/workspace/incremental-synthesis/benchmarks/cv32e40p-eco-001-base/core/common/normalized_cv32e40p.v:39885$13725:
      Old ports: A=\mult_i._095_, B=5'10000, Y=\mult_i.mulh_imm
      New ports: A=\mult_i._095_ [4], B=1'1, Y=\mult_i.mulh_imm [4]
      New connections: \mult_i.mulh_imm [3:0] = 4'0000
  Optimizing cells in module \cv32e40p_ex_stage$cv32e40p_core.ex_stage_i.
    Consolidated identical input bits for $mux cell $flatten\alu_i.$ternary$/workspace/incremental-synthesis/benchmarks/cv32e40p-eco-001-base/core/common/normalized_cv32e40p.v:1883$516:
      Old ports: A=\alu_i._0343_, B={ 2'11 \alu_i._0513_ [1:0] }, Y=\alu_i.shuffle_through
      New ports: A={ \alu_i._0343_ [2] 1'1 }, B={ 1'1 \alu_i._0513_ [0] }, Y={ \alu_i.shuffle_through [2] \alu_i.shuffle_through [0] }
      New connections: { \alu_i.shuffle_through [3] \alu_i.shuffle_through [1] } = { \alu_i.shuffle_through [2] \alu_i.shuffle_through [0] }
    Consolidated identical input bits for $mux cell $flatten\alu_i.$ternary$/workspace/incremental-synthesis/benchmarks/cv32e40p-eco-001-base/core/common/normalized_cv32e40p.v:1895$528:
      Old ports: A=8'00000000, B=\alu_i._0471_, Y=\alu_i._0356_
      New ports: A=3'000, B=\alu_i._0471_ [2:0], Y=\alu_i._0356_ [2:0]
      New connections: \alu_i._0356_ [7:3] = { \alu_i._0356_ [1] \alu_i._0356_ [2:1] \alu_i._0356_ [2:1] }
    Consolidated identical input bits for $mux cell $flatten\alu_i.$ternary$/workspace/incremental-synthesis/benchmarks/cv32e40p-eco-001-base/core/common/normalized_cv32e40p.v:2149$782:
      Old ports: A=4'0000, B=\alu_i._0395_, Y=\alu_i.cmp_signed
      New ports: A=3'000, B={ 1'1 \alu_i._0395_ [1:0] }, Y={ \alu_i.cmp_signed [3] \alu_i.cmp_signed [1:0] }
      New connections: \alu_i.cmp_signed [2] = \alu_i.cmp_signed [0]
    Consolidated identical input bits for $mux cell $flatten\alu_i.\ff_one_i.$ternary$/workspace/incremental-synthesis/benchmarks/cv32e40p-eco-001-base/core/common/normalized_cv32e40p.v:31339$11716:
      Old ports: A=\alu_i.ff_one_i._074_, B=\alu_i.ff_one_i._071_, Y=\alu_i.ff_one_i._062_
      New ports: A={ 1'1 \alu_i.ff_one_i._074_ [2:0] }, B={ 1'0 \alu_i.ff_one_i._071_ [2:0] }, Y=\alu_i.ff_one_i._062_ [3:0]
      New connections: \alu_i.ff_one_i._062_ [4] = 1'1
  Optimizing cells in module \cv32e40p_ex_stage$cv32e40p_core.ex_stage_i.
    Consolidated identical input bits for $mux cell $flatten\alu_i.$ternary$/workspace/incremental-synthesis/benchmarks/cv32e40p-eco-001-base/core/common/normalized_cv32e40p.v:1896$529:
      Old ports: A=\alu_i._0356_, B={ 1'0 \alu_i._0467_ [6:0] }, Y=\alu_i._0357_
      New ports: A={ \alu_i._0356_ [2] \alu_i._0356_ [2:0] }, B={ 1'0 \alu_i._0467_ [2] 2'00 }, Y={ \alu_i._0357_ [4] \alu_i._0357_ [2:0] }
      New connections: { \alu_i._0357_ [7:5] \alu_i._0357_ [3] } = { \alu_i._0357_ [1] \alu_i._0357_ [2:1] \alu_i._0357_ [1] }
  Optimizing cells in module \cv32e40p_ex_stage$cv32e40p_core.ex_stage_i.
Performed a total of 52 changes.

15.19.5. Executing OPT_MERGE pass (detect identical cells).
Finding identical cells in module `\cv32e40p_ex_stage$cv32e40p_core.ex_stage_i'.
Computing hashes of 641 cells of `\cv32e40p_ex_stage$cv32e40p_core.ex_stage_i'.
Finding duplicate cells in `\cv32e40p_ex_stage$cv32e40p_core.ex_stage_i'.
Computing hashes of 636 cells of `\cv32e40p_ex_stage$cv32e40p_core.ex_stage_i'.
Finding duplicate cells in `\cv32e40p_ex_stage$cv32e40p_core.ex_stage_i'.
<suppressed ~15 debug messages>
Removed a total of 5 cells.

15.19.6. Executing OPT_SHARE pass.
    Found cells that share an operand and can be merged by moving the $mux $flatten\alu_i.\alu_div_i.$ternary$/workspace/incremental-synthesis/benchmarks/cv32e40p-eco-001-base/core/common/normalized_cv32e40p.v:2549$844 in front of them:
        $auto$alumacc.cc:512:replace_alu$14755
        $auto$alumacc.cc:512:replace_alu$14761

15.19.7. Executing OPT_DFF pass (perform DFF optimizations).

15.19.8. Executing OPT_CLEAN pass (remove unused cells and wires).
Finding unused cells or wires in module \cv32e40p_ex_stage$cv32e40p_core.ex_stage_i..
Removed 0 unused cells and 6 unused wires.
<suppressed ~3 debug messages>

15.19.9. Executing OPT_EXPR pass (perform const folding).
Optimizing module cv32e40p_ex_stage$cv32e40p_core.ex_stage_i.
<suppressed ~13 debug messages>

15.19.10. Rerunning OPT passes. (Maybe there is more to do..)

15.19.11. Executing OPT_MUXTREE pass (detect dead branches in mux trees).
Running muxtree optimizer on module \cv32e40p_ex_stage$cv32e40p_core.ex_stage_i..
  Creating internal representation of mux trees.
  Evaluating internal representation of mux trees.
  Analyzing evaluation results.
Removed 0 multiplexer ports.
<suppressed ~376 debug messages>

15.19.12. Executing OPT_REDUCE pass (consolidate $*mux and $reduce_* inputs).
  Optimizing cells in module \cv32e40p_ex_stage$cv32e40p_core.ex_stage_i.
Performed a total of 0 changes.

15.19.13. Executing OPT_MERGE pass (detect identical cells).
Finding identical cells in module `\cv32e40p_ex_stage$cv32e40p_core.ex_stage_i'.
Computing hashes of 629 cells of `\cv32e40p_ex_stage$cv32e40p_core.ex_stage_i'.
Finding duplicate cells in `\cv32e40p_ex_stage$cv32e40p_core.ex_stage_i'.
Computing hashes of 628 cells of `\cv32e40p_ex_stage$cv32e40p_core.ex_stage_i'.
Finding duplicate cells in `\cv32e40p_ex_stage$cv32e40p_core.ex_stage_i'.
<suppressed ~3 debug messages>
Removed a total of 1 cells.

15.19.14. Executing OPT_SHARE pass.
    Found cells that share an operand and can be merged by moving the $mux $flatten\mult_i.$ternary$/workspace/incremental-synthesis/benchmarks/cv32e40p-eco-001-base/core/common/normalized_cv32e40p.v:39891$13731 in front of them:
        $flatten\mult_i.$ternary$/workspace/incremental-synthesis/benchmarks/cv32e40p-eco-001-base/core/common/normalized_cv32e40p.v:39889$13729
        $flatten\mult_i.$ternary$/workspace/incremental-synthesis/benchmarks/cv32e40p-eco-001-base/core/common/normalized_cv32e40p.v:39890$13730

15.19.15. Executing OPT_DFF pass (perform DFF optimizations).

15.19.16. Executing OPT_CLEAN pass (remove unused cells and wires).
Finding unused cells or wires in module \cv32e40p_ex_stage$cv32e40p_core.ex_stage_i..
Removed 0 unused cells and 1 unused wires.
<suppressed ~1 debug messages>

15.19.17. Executing OPT_EXPR pass (perform const folding).
Optimizing module cv32e40p_ex_stage$cv32e40p_core.ex_stage_i.
<suppressed ~2 debug messages>

15.19.18. Rerunning OPT passes. (Maybe there is more to do..)

15.19.19. Executing OPT_MUXTREE pass (detect dead branches in mux trees).
Running muxtree optimizer on module \cv32e40p_ex_stage$cv32e40p_core.ex_stage_i..
  Creating internal representation of mux trees.
  Evaluating internal representation of mux trees.
  Analyzing evaluation results.
Removed 0 multiplexer ports.
<suppressed ~378 debug messages>

15.19.20. Executing OPT_REDUCE pass (consolidate $*mux and $reduce_* inputs).
  Optimizing cells in module \cv32e40p_ex_stage$cv32e40p_core.ex_stage_i.
    Consolidated identical input bits for $mux cell $flatten\mult_i.$ternary$/workspace/incremental-synthesis/benchmarks/cv32e40p-eco-001-base/core/common/normalized_cv32e40p.v:39891$13731:
      Old ports: A={ $auto$opt_share.cc:222:merge_operators$14827 1'0 }, B={ $auto$opt_share.cc:222:merge_operators$14827 \mult_signed_mode_i [0] }, Y=\mult_i.mulh_signed
      New ports: A=1'0, B=\mult_signed_mode_i [0], Y=\mult_i.mulh_signed [0]
      New connections: \mult_i.mulh_signed [1] = $auto$opt_share.cc:222:merge_operators$14827
  Optimizing cells in module \cv32e40p_ex_stage$cv32e40p_core.ex_stage_i.
Performed a total of 1 changes.

15.19.21. Executing OPT_MERGE pass (detect identical cells).
Finding identical cells in module `\cv32e40p_ex_stage$cv32e40p_core.ex_stage_i'.
Computing hashes of 628 cells of `\cv32e40p_ex_stage$cv32e40p_core.ex_stage_i'.
Finding duplicate cells in `\cv32e40p_ex_stage$cv32e40p_core.ex_stage_i'.
Removed a total of 0 cells.

15.19.22. Executing OPT_SHARE pass.

15.19.23. Executing OPT_DFF pass (perform DFF optimizations).

15.19.24. Executing OPT_CLEAN pass (remove unused cells and wires).
Finding unused cells or wires in module \cv32e40p_ex_stage$cv32e40p_core.ex_stage_i..
Removed 0 unused cells and 1 unused wires.
<suppressed ~1 debug messages>

15.19.25. Executing OPT_EXPR pass (perform const folding).
Optimizing module cv32e40p_ex_stage$cv32e40p_core.ex_stage_i.
<suppressed ~1 debug messages>

15.19.26. Rerunning OPT passes. (Maybe there is more to do..)

15.19.27. Executing OPT_MUXTREE pass (detect dead branches in mux trees).
Running muxtree optimizer on module \cv32e40p_ex_stage$cv32e40p_core.ex_stage_i..
  Creating internal representation of mux trees.
  Evaluating internal representation of mux trees.
  Analyzing evaluation results.
Removed 0 multiplexer ports.
<suppressed ~377 debug messages>

15.19.28. Executing OPT_REDUCE pass (consolidate $*mux and $reduce_* inputs).
  Optimizing cells in module \cv32e40p_ex_stage$cv32e40p_core.ex_stage_i.
Performed a total of 0 changes.

15.19.29. Executing OPT_MERGE pass (detect identical cells).
Finding identical cells in module `\cv32e40p_ex_stage$cv32e40p_core.ex_stage_i'.
Computing hashes of 628 cells of `\cv32e40p_ex_stage$cv32e40p_core.ex_stage_i'.
Finding duplicate cells in `\cv32e40p_ex_stage$cv32e40p_core.ex_stage_i'.
Removed a total of 0 cells.

15.19.30. Executing OPT_SHARE pass.

15.19.31. Executing OPT_DFF pass (perform DFF optimizations).

15.19.32. Executing OPT_CLEAN pass (remove unused cells and wires).
Finding unused cells or wires in module \cv32e40p_ex_stage$cv32e40p_core.ex_stage_i..

15.19.33. Executing OPT_EXPR pass (perform const folding).
Optimizing module cv32e40p_ex_stage$cv32e40p_core.ex_stage_i.

15.19.34. Finished fast OPT passes. (There is nothing left to do.)

15.20. Executing TECHMAP pass (map to technology primitives).

15.20.1. Executing Verilog-2005 frontend: /opt/oss-cad-suite/lib/../share/yosys/techmap.v
Parsing Verilog input from `/opt/oss-cad-suite/lib/../share/yosys/techmap.v' to AST representation.
Generating RTLIL representation for module `\_90_simplemap_bool_ops'.
Generating RTLIL representation for module `\_90_simplemap_reduce_ops'.
Generating RTLIL representation for module `\_90_simplemap_logic_ops'.
Generating RTLIL representation for module `\_90_simplemap_compare_ops'.
Generating RTLIL representation for module `\_90_simplemap_various'.
Generating RTLIL representation for module `\_90_simplemap_registers'.
Generating RTLIL representation for module `\_90_shift_ops_shr_shl_sshl_sshr'.
Generating RTLIL representation for module `\_90_shift_shiftx'.
Generating RTLIL representation for module `\_90_fa'.
Generating RTLIL representation for module `\_90_lcu_brent_kung'.
Generating RTLIL representation for module `\_90_alu'.
Generating RTLIL representation for module `\_90_macc'.
Generating RTLIL representation for module `\_90_alumacc'.
Generating RTLIL representation for module `$__div_mod_u'.
Generating RTLIL representation for module `$__div_mod_trunc'.
Generating RTLIL representation for module `\_90_div'.
Generating RTLIL representation for module `\_90_mod'.
Generating RTLIL representation for module `$__div_mod_floor'.
Generating RTLIL representation for module `\_90_divfloor'.
Generating RTLIL representation for module `\_90_modfloor'.
Generating RTLIL representation for module `\_90_pow'.
Generating RTLIL representation for module `\_90_demux'.
Generating RTLIL representation for module `\_90_lut'.
Generating RTLIL representation for module `$connect'.
Generating RTLIL representation for module `$input_port'.
Successfully finished Verilog frontend.

15.20.2. Continuing TECHMAP pass.
Using extmapper simplemap for cells of type $mux.
Running "alumacc" on wrapper $extern:wrap:$neg:Y_WIDTH=32:A_WIDTH=32:A_SIGNED=0:394426c56d1a028ba8fdd5469b163e04011def47.
Using template $extern:wrap:$neg:Y_WIDTH=32:A_WIDTH=32:A_SIGNED=0:394426c56d1a028ba8fdd5469b163e04011def47 for cells of type $extern:wrap:$neg:Y_WIDTH=32:A_WIDTH=32:A_SIGNED=0:394426c56d1a028ba8fdd5469b163e04011def47.
Using extmapper simplemap for cells of type $and.
Using extmapper simplemap for cells of type $not.
Using template $paramod$constmap:1dedd7d56150613002c62f7671924bb1b6fb94d1$paramod$c1c3273f04b01beb0e89faad1b833c86f29f5779\_90_shift_ops_shr_shl_sshl_sshr for cells of type $sshr.
Using template $paramod$32efbfac1c4dc57230cf86180788fdfd12e3b511\_90_alu for cells of type $alu.
Using template $paramod$b3281d5284dce60e3ac7a1bd7301e0c5482d22f7\_90_alu for cells of type $alu.
Using template $paramod$e891e6b399cf52748460a311fafe476815d24bd7\_90_alu for cells of type $alu.
Using template $paramod$a04dd9d4d8b430140c4ff94b50470fb380fda2a0\_90_alu for cells of type $alu.
Using template $paramod$c6baa65225090ac0a120feab1b920965244aa496\_90_alu for cells of type $alu.
Using template $paramod$fbc7873bff55778c0b3173955b7e4bce1d9d6834\_90_alu for cells of type $alu.
Using template $paramod$332fab4e157f868977379756d21fa99887c3c6c4\_90_alu for cells of type $alu.
Using extmapper simplemap for cells of type $or.
Using extmapper simplemap for cells of type $reduce_and.
Using extmapper simplemap for cells of type $xor.
Using template $paramod$a7ecfa730f7b429cdd2d19291637694b0937162d\_90_alu for cells of type $alu.
Using extmapper maccmap for cells of type $macc_v2.
  add \alu_operand_a_i [0] (1 bits, unsigned)
  add \alu_operand_a_i [16] (1 bits, unsigned)
  add \alu_operand_a_i [8] (1 bits, unsigned)
  add \alu_operand_a_i [4] (1 bits, unsigned)
  add \alu_operand_a_i [2] (1 bits, unsigned)
  add \alu_operand_a_i [1] (1 bits, unsigned)
  add \alu_operand_a_i [24] (1 bits, unsigned)
  add \alu_operand_a_i [20] (1 bits, unsigned)
  add \alu_operand_a_i [18] (1 bits, unsigned)
  add \alu_operand_a_i [17] (1 bits, unsigned)
  add \alu_operand_a_i [12] (1 bits, unsigned)
  add \alu_operand_a_i [10] (1 bits, unsigned)
  add \alu_operand_a_i [9] (1 bits, unsigned)
  add \alu_operand_a_i [6] (1 bits, unsigned)
  add \alu_operand_a_i [5] (1 bits, unsigned)
  add \alu_operand_a_i [3] (1 bits, unsigned)
  add \alu_operand_a_i [28] (1 bits, unsigned)
  add \alu_operand_a_i [26] (1 bits, unsigned)
  add \alu_operand_a_i [25] (1 bits, unsigned)
  add \alu_operand_a_i [22] (1 bits, unsigned)
  add \alu_operand_a_i [21] (1 bits, unsigned)
  add \alu_operand_a_i [19] (1 bits, unsigned)
  add \alu_operand_a_i [14] (1 bits, unsigned)
  add \alu_operand_a_i [13] (1 bits, unsigned)
  add \alu_operand_a_i [11] (1 bits, unsigned)
  add \alu_operand_a_i [7] (1 bits, unsigned)
  add \alu_operand_a_i [30] (1 bits, unsigned)
  add \alu_operand_a_i [29] (1 bits, unsigned)
  add \alu_operand_a_i [27] (1 bits, unsigned)
  add \alu_operand_a_i [23] (1 bits, unsigned)
  add \alu_operand_a_i [15] (1 bits, unsigned)
  add \alu_operand_a_i [31] (1 bits, unsigned)
  packed 15 (15) bits / 15 words into adder tree
  add { \mult_i._068_ \mult_i._043_ } * { \mult_i._015_ \mult_i._055_ } (17x17 bits, signed)
  add { \mult_i.short_op_c [32] \mult_operand_c_i } (33 bits, signed)
  add { 1'0 \mult_i.short_round [30:0] } (32 bits, signed)
  add { \mult_i._001_ \mult_dot_op_a_i [31:24] } * { \mult_i._006_ \mult_dot_op_b_i [31:24] } (9x9 bits, signed)
  add \mult_i._064_ [19:0] (20 bits, signed)
  add \mult_dot_op_c_i (32 bits, signed)
  add \mult_i.int_op_a_msu * \mult_operand_b_i (32x32 bits, signed)
  add \mult_operand_c_i (32 bits, signed)
  add \mult_i.int_op_b_msu (32 bits, signed)
  add { \mult_i._051_ \mult_dot_op_a_i [15:0] } * \mult_i._008_ (17x17 bits, signed)
  add \mult_i.dot_short_op_a_1_neg * \mult_i._012_ (17x17 bits, signed)
  add \mult_i.accumulator (32 bits, signed)
  add { \mult_i._050_ \mult_dot_op_a_i [7:0] } * { \mult_i._054_ \mult_dot_op_b_i [7:0] } (9x9 bits, signed)
  add { \mult_i._052_ \mult_dot_op_a_i [23:16] } * { \mult_i._057_ \mult_dot_op_b_i [23:16] } (9x9 bits, signed)
  add { \mult_i._051_ \mult_dot_op_a_i [15:8] } * { \mult_i._007_ \mult_dot_op_b_i [15:8] } (9x9 bits, signed)
Using extmapper simplemap for cells of type $reduce_bool.
Using extmapper simplemap for cells of type $adffe.
Using extmapper simplemap for cells of type $reduce_or.
Using extmapper simplemap for cells of type $adff.
Using template $paramod$constmap:1a1a2ccdc46675a85919624342562df51b3bbd39$paramod$126229b9c41a801cf49b6affd04f725d7f1d13e0\_90_shift_ops_shr_shl_sshl_sshr for cells of type $sshr.
Using template $paramod$constmap:5d14ddbe6d429631d625806a1598ec86277e3714$paramod$8adf3a58680218fb6a23e758b618fb2d0a9745b2\_90_shift_ops_shr_shl_sshl_sshr for cells of type $shr.
Using template $paramod$constmap:4621fcf06a436d1e2a4080e2ed9866a7d07a6e07$paramod$335cfd09f1afa8139c4aafcbbe5f361887b79c5e\_90_shift_ops_shr_shl_sshl_sshr for cells of type $shl.
Analyzing pattern of constant bits for this cell:
  Constant input on bit 0 of port A: 1'0
  Constant input on bit 1 of port A: 1'1
  Constant input on bit 2 of port A: 1'1
  Constant input on bit 3 of port A: 1'1
  Constant input on bit 4 of port A: 1'1
  Constant input on bit 5 of port A: 1'1
  Constant input on bit 6 of port A: 1'1
  Constant input on bit 7 of port A: 1'1
  Constant input on bit 8 of port A: 1'1
  Constant input on bit 9 of port A: 1'1
  Constant input on bit 10 of port A: 1'1
  Constant input on bit 11 of port A: 1'1
  Constant input on bit 12 of port A: 1'1
  Constant input on bit 13 of port A: 1'1
  Constant input on bit 14 of port A: 1'1
  Constant input on bit 15 of port A: 1'1
  Constant input on bit 16 of port A: 1'1
  Constant input on bit 17 of port A: 1'1
  Constant input on bit 18 of port A: 1'1
  Constant input on bit 19 of port A: 1'1
  Constant input on bit 20 of port A: 1'1
  Constant input on bit 21 of port A: 1'1
  Constant input on bit 22 of port A: 1'1
  Constant input on bit 23 of port A: 1'1
  Constant input on bit 24 of port A: 1'1
  Constant input on bit 25 of port A: 1'1
  Constant input on bit 26 of port A: 1'1
  Constant input on bit 27 of port A: 1'1
  Constant input on bit 28 of port A: 1'1
  Constant input on bit 29 of port A: 1'1
  Constant input on bit 30 of port A: 1'1
  Constant input on bit 31 of port A: 1'1
Creating constmapped module `$paramod$constmap:124b9c795ca6c09cd29e420de72743bb9a4a23ab$paramod$335cfd09f1afa8139c4aafcbbe5f361887b79c5e\_90_shift_ops_shr_shl_sshl_sshr'.

15.20.41. Executing OPT_MUXTREE pass (detect dead branches in mux trees).
Running muxtree optimizer on module $paramod$constmap:124b9c795ca6c09cd29e420de72743bb9a4a23ab$paramod$335cfd09f1afa8139c4aafcbbe5f361887b79c5e\_90_shift_ops_shr_shl_sshl_sshr..
  Creating internal representation of mux trees.
  No muxes found in this module.
Removed 0 multiplexer ports.
<suppressed ~2062 debug messages>

15.20.42. Executing OPT_EXPR pass (perform const folding).
Optimizing module $paramod$constmap:124b9c795ca6c09cd29e420de72743bb9a4a23ab$paramod$335cfd09f1afa8139c4aafcbbe5f361887b79c5e\_90_shift_ops_shr_shl_sshl_sshr.
<suppressed ~263 debug messages>
Removed 0 unused cells and 10 unused wires.
Using template $paramod$constmap:124b9c795ca6c09cd29e420de72743bb9a4a23ab$paramod$335cfd09f1afa8139c4aafcbbe5f361887b79c5e\_90_shift_ops_shr_shl_sshl_sshr for cells of type $shl.
Using extmapper simplemap for cells of type $logic_or.
Using extmapper simplemap for cells of type $logic_not.
Using extmapper simplemap for cells of type $eq.
Using template $paramod$constmap:d0bc1d201c6b2c9c08361679a3714f2a1a21491f$paramod$a57e7bc40c1a5d9055ca8c83774592528b1209bc\_90_shift_ops_shr_shl_sshl_sshr for cells of type $sshr.
Using template $paramod$constmap:265d21cc0147225299ce36a31841c9a00ff8731d$paramod$1375160a5a37260b89b194876f26ca0fdbe77763\_90_shift_ops_shr_shl_sshl_sshr for cells of type $sshr.
Using template $paramod$constmap:dbcddb7b4524c1c5fa25e15435f3b9049e3d7d7a$paramod$3bf4391c2edcd7fdc564361d03ba2cf3a33c67d4\_90_shift_ops_shr_shl_sshl_sshr for cells of type $shl.
Using extmapper simplemap for cells of type $logic_and.
Using template $paramod\_90_fa\WIDTH=32'00000000000000000000000000010100 for cells of type $fa.
Using template $paramod\_90_fa\WIDTH=32'00000000000000000000000000000001 for cells of type $fa.
Using template $paramod$6fc37af1c109ae54e8aed83fcd995c12d378ce93\_90_alu for cells of type $alu.
Using template $paramod\_90_fa\WIDTH=32'00000000000000000000000000100000 for cells of type $fa.
Using template $paramod\_90_fa\WIDTH=32'00000000000000000000000000011111 for cells of type $fa.
Using template $paramod\_90_fa\WIDTH=32'00000000000000000000000000100010 for cells of type $fa.
Using template $paramod$dbef6e48cd28208af1b77a9bd7dfc80580f16131\_90_alu for cells of type $alu.
Using template $paramod\_90_fa\WIDTH=32'00000000000000000000000000000010 for cells of type $fa.
Using template $paramod\_90_fa\WIDTH=32'00000000000000000000000000000011 for cells of type $fa.
Using template $paramod\_90_fa\WIDTH=32'00000000000000000000000000000100 for cells of type $fa.
Using template $paramod\_90_fa\WIDTH=32'00000000000000000000000000000101 for cells of type $fa.
Using template $paramod\_90_fa\WIDTH=32'00000000000000000000000000000110 for cells of type $fa.
Using template $paramod$00298f3f8094950cb9a5ff2fda48d0d8bde8806c\_90_alu for cells of type $alu.
Using extmapper simplemap for cells of type $pos.
Using template $paramod\_90_lcu_brent_kung\WIDTH=32'00000000000000000000000000100000 for cells of type $lcu.
Using template $paramod\_90_fa\WIDTH=32'00000000000000000000000000100101 for cells of type $fa.
Using template $paramod\_90_lcu_brent_kung\WIDTH=32'00000000000000000000000000100101 for cells of type $lcu.
Using template $paramod\_90_lcu_brent_kung\WIDTH=32'00000000000000000000000000000110 for cells of type $lcu.
Using template $paramod\_90_fa\WIDTH=32'00000000000000000000000000001001 for cells of type $fa.
Using template $paramod\_90_lcu_brent_kung\WIDTH=32'00000000000000000000000000001001 for cells of type $lcu.
Using template $paramod\_90_lcu_brent_kung\WIDTH=32'00000000000000000000000000010100 for cells of type $lcu.
Using template $paramod\_90_lcu_brent_kung\WIDTH=32'00000000000000000000000000100010 for cells of type $lcu.
No more expansions possible.
<suppressed ~5285 debug messages>

15.21. Executing OPT pass (performing simple optimizations).

15.21.1. Executing OPT_EXPR pass (perform const folding).
Optimizing module cv32e40p_ex_stage$cv32e40p_core.ex_stage_i.
<suppressed ~10252 debug messages>

15.21.2. Executing OPT_MERGE pass (detect identical cells).
Finding identical cells in module `\cv32e40p_ex_stage$cv32e40p_core.ex_stage_i'.
Computing hashes of 23495 cells of `\cv32e40p_ex_stage$cv32e40p_core.ex_stage_i'.
Finding duplicate cells in `\cv32e40p_ex_stage$cv32e40p_core.ex_stage_i'.
Computing hashes of 22337 cells of `\cv32e40p_ex_stage$cv32e40p_core.ex_stage_i'.
Finding duplicate cells in `\cv32e40p_ex_stage$cv32e40p_core.ex_stage_i'.
Computing hashes of 21748 cells of `\cv32e40p_ex_stage$cv32e40p_core.ex_stage_i'.
Finding duplicate cells in `\cv32e40p_ex_stage$cv32e40p_core.ex_stage_i'.
Computing hashes of 21266 cells of `\cv32e40p_ex_stage$cv32e40p_core.ex_stage_i'.
Finding duplicate cells in `\cv32e40p_ex_stage$cv32e40p_core.ex_stage_i'.
Computing hashes of 21040 cells of `\cv32e40p_ex_stage$cv32e40p_core.ex_stage_i'.
Finding duplicate cells in `\cv32e40p_ex_stage$cv32e40p_core.ex_stage_i'.
Computing hashes of 20889 cells of `\cv32e40p_ex_stage$cv32e40p_core.ex_stage_i'.
Finding duplicate cells in `\cv32e40p_ex_stage$cv32e40p_core.ex_stage_i'.
Computing hashes of 20725 cells of `\cv32e40p_ex_stage$cv32e40p_core.ex_stage_i'.
Finding duplicate cells in `\cv32e40p_ex_stage$cv32e40p_core.ex_stage_i'.
Computing hashes of 20623 cells of `\cv32e40p_ex_stage$cv32e40p_core.ex_stage_i'.
Finding duplicate cells in `\cv32e40p_ex_stage$cv32e40p_core.ex_stage_i'.
Computing hashes of 20573 cells of `\cv32e40p_ex_stage$cv32e40p_core.ex_stage_i'.
Finding duplicate cells in `\cv32e40p_ex_stage$cv32e40p_core.ex_stage_i'.
Computing hashes of 20533 cells of `\cv32e40p_ex_stage$cv32e40p_core.ex_stage_i'.
Finding duplicate cells in `\cv32e40p_ex_stage$cv32e40p_core.ex_stage_i'.
Computing hashes of 20498 cells of `\cv32e40p_ex_stage$cv32e40p_core.ex_stage_i'.
Finding duplicate cells in `\cv32e40p_ex_stage$cv32e40p_core.ex_stage_i'.
Computing hashes of 20483 cells of `\cv32e40p_ex_stage$cv32e40p_core.ex_stage_i'.
Finding duplicate cells in `\cv32e40p_ex_stage$cv32e40p_core.ex_stage_i'.
Computing hashes of 20459 cells of `\cv32e40p_ex_stage$cv32e40p_core.ex_stage_i'.
Finding duplicate cells in `\cv32e40p_ex_stage$cv32e40p_core.ex_stage_i'.
<suppressed ~9108 debug messages>
Removed a total of 3036 cells.

15.21.3. Executing OPT_DFF pass (perform DFF optimizations).

15.21.4. Executing OPT_CLEAN pass (remove unused cells and wires).
Finding unused cells or wires in module \cv32e40p_ex_stage$cv32e40p_core.ex_stage_i..
Removed 795 unused cells and 3081 unused wires.
<suppressed ~800 debug messages>

15.21.5. Finished fast OPT passes.

15.22. Executing ABC pass (technology mapping using ABC).

15.22.1. Extracting gate netlist of module `\cv32e40p_ex_stage$cv32e40p_core.ex_stage_i' to `<abc-temp-dir>/input.blif'..

15.22.1.1. Executed ABC.
Extracted 19543 gates and 20034 wires to a netlist network with 489 inputs and 157 outputs.
Running ABC script: <abc-temp-dir>/abc.script
ABC: UC Berkeley, ABC 1.01 (compiled Jul 11 2026 03:57:20)
ABC: abc 01> empty
ABC: abc 01> source <abc-temp-dir>/abc.script
ABC: + read_blif <abc-temp-dir>/input.blif 
ABC: + read_library <abc-temp-dir>/stdcells.genlib 
ABC: + strash 
ABC: + &get -n 
ABC: + &fraig -x 
ABC: + &put 
ABC: + scorr 
ABC: Warning: The network is combinational (run "fraig" or "fraig_sweep").
ABC: + dc2 
ABC: + dretime 
ABC: + strash 
ABC: + &get -n 
ABC: + &dch -f 
ABC: + &nf 
ABC: + &put 
ABC: + write_blif <abc-temp-dir>/output.blif 
ABC: 
ABC: YOSYS_ABC_DONE 

15.22.1.2. Re-integrating ABC results.
ABC RESULTS:               AND cells:     3095
ABC RESULTS:            ANDNOT cells:     1011
ABC RESULTS:               BUF cells:        1
ABC RESULTS:               MUX cells:     1417
ABC RESULTS:              NAND cells:     8200
ABC RESULTS:               NOR cells:      245
ABC RESULTS:               NOT cells:      173
ABC RESULTS:                OR cells:      842
ABC RESULTS:             ORNOT cells:      586
ABC RESULTS:              XNOR cells:      770
ABC RESULTS:               XOR cells:     4001
ABC RESULTS:        internal signals:    19388
ABC RESULTS:           input signals:      489
ABC RESULTS:          output signals:      157
Removing temp directory.
Removing global temp directory.

15.23. Executing OPT pass (performing simple optimizations).

15.23.1. Executing OPT_EXPR pass (perform const folding).
Optimizing module cv32e40p_ex_stage$cv32e40p_core.ex_stage_i.
<suppressed ~70 debug messages>

15.23.2. Executing OPT_MERGE pass (detect identical cells).
Finding identical cells in module `\cv32e40p_ex_stage$cv32e40p_core.ex_stage_i'.
Computing hashes of 20461 cells of `\cv32e40p_ex_stage$cv32e40p_core.ex_stage_i'.
Finding duplicate cells in `\cv32e40p_ex_stage$cv32e40p_core.ex_stage_i'.
Removed a total of 0 cells.

15.23.3. Executing OPT_DFF pass (perform DFF optimizations).

15.23.4. Executing OPT_CLEAN pass (remove unused cells and wires).
Finding unused cells or wires in module \cv32e40p_ex_stage$cv32e40p_core.ex_stage_i..
Removed 0 unused cells and 3260 unused wires.
<suppressed ~579 debug messages>

15.23.5. Finished fast OPT passes.

15.24. Executing HIERARCHY pass (managing design hierarchy).
Attribute `top' found on module `cv32e40p_ex_stage$cv32e40p_core.ex_stage_i'. Setting top module to cv32e40p_ex_stage$cv32e40p_core.ex_stage_i.

15.24.1. Analyzing design hierarchy..
Top module:  \cv32e40p_ex_stage$cv32e40p_core.ex_stage_i

15.24.2. Analyzing design hierarchy..
Top module:  \cv32e40p_ex_stage$cv32e40p_core.ex_stage_i
Removed 0 unused modules.

15.25. Printing statistics.

=== cv32e40p_ex_stage$cv32e40p_core.ex_stage_i ===

        +----------Local Count, excluding submodules.
        | 
    20587 wires
    24260 wire bits
      395 public wires
     4068 public wire bits
       86 ports
      843 port bits
    20461 cells
     1011   $_ANDNOT_
     3095   $_AND_
      113   $_DFFE_PN0P_
        6   $_DFF_PN0_
        2   $_DFF_PN1_
     1417   $_MUX_
     8200   $_NAND_
      245   $_NOR_
      173   $_NOT_
      586   $_ORNOT_
      842   $_OR_
      770   $_XNOR_
     4001   $_XOR_

15.26. Executing CHECK pass (checking for obvious problems).
Checking module cv32e40p_ex_stage$cv32e40p_core.ex_stage_i...
Found and reported 0 problems.

16. Executing OPT_CLEAN pass (remove unused cells and wires).
Finding unused cells or wires in module \cv32e40p_ex_stage$cv32e40p_core.ex_stage_i..
Removed 0 unused cells and 282 unused wires.
<suppressed ~282 debug messages>

17. Executing CHECK pass (checking for obvious problems).
Checking module cv32e40p_ex_stage$cv32e40p_core.ex_stage_i...
Found and reported 0 problems.

18. Printing statistics.

=== cv32e40p_ex_stage$cv32e40p_core.ex_stage_i ===

        +----------Local Count, excluding submodules.
        | 
    20305 wires
    21258 wire bits
      113 public wires
     1066 public wire bits
       86 ports
      843 port bits
    20461 cells
     1011   $_ANDNOT_
     3095   $_AND_
      113   $_DFFE_PN0P_
        6   $_DFF_PN0_
        2   $_DFF_PN1_
     1417   $_MUX_
     8200   $_NAND_
      245   $_NOR_
      173   $_NOT_
      586   $_ORNOT_
      842   $_OR_
      770   $_XNOR_
     4001   $_XOR_

19. Executing JSON backend.

20. Executing RTLIL backend.
Output filename: /workspace/incremental-synthesis/results/partition-incremental/cv32e40p-eco-001/base/partitions/ex_stage_i/synth.rtlil

21. Executing Verilog backend.
Dumping module `\cv32e40p_ex_stage$cv32e40p_core.ex_stage_i'.

End of script. Logfile hash: 0cbd39313b, time: 8.29s, user: 5.14s, system: 0.18s, MEM: 190.60 MB peak
Yosys 0.67+24 (git sha1 0e82bbefe, Release, Clang /usr/bin/clang++ 18.1.8)
Time spent: 48% 1x abc (4 sec), 11% 3x read_verilog (1 sec), ...
