
 /----------------------------------------------------------------------------\
 |  yosys -- Yosys Open SYnthesis Suite                                       |
 |  Copyright (C) 2012 - 2026  Claire Xenia Wolf <claire@yosyshq.com>         |
 |  Distributed under an ISC-like license, type "license" to see terms        |
 \----------------------------------------------------------------------------/
 Yosys 0.67+24 (git sha1 0e82bbefe, Release, Clang /usr/bin/clang++ 18.1.8)

-- Executing script file `/workspace/incremental-synthesis/results/partition-incremental/__granularity_cv32e40p-eco-001/base/fine-cache/id_stage_i/regions/decoder_i/run_synth_partition.ys' --

1. Executing Verilog-2005 frontend: /workspace/incremental-synthesis/benchmarks/cv32e40p-eco-001-base/core/common/normalized_cv32e40p.v
Parsing SystemVerilog input from `/workspace/incremental-synthesis/benchmarks/cv32e40p-eco-001-base/core/common/normalized_cv32e40p.v' to AST representation.
Generating RTLIL representation for module `\cv32e40p_aligner$cv32e40p_core.if_stage_i.aligner_i'.
Generating RTLIL representation for module `\cv32e40p_alu$cv32e40p_core.ex_stage_i.alu_i'.
Generating RTLIL representation for module `\cv32e40p_alu_div$cv32e40p_core.ex_stage_i.alu_i.alu_div_i'.
Generating RTLIL representation for module `\cv32e40p_clock_gate$cv32e40p_core.sleep_unit_i.core_clock_gate_i'.
Generating RTLIL representation for module `\cv32e40p_compressed_decoder$cv32e40p_core.if_stage_i.compressed_decoder_i'.
Generating RTLIL representation for module `\cv32e40p_controller$cv32e40p_core.id_stage_i.controller_i'.
Generating RTLIL representation for module `\cv32e40p_core'.
Generating RTLIL representation for module `\cv32e40p_cs_registers$cv32e40p_core.cs_registers_i'.
Generating RTLIL representation for module `\cv32e40p_decoder$cv32e40p_core.id_stage_i.decoder_i'.
Generating RTLIL representation for module `\cv32e40p_ex_stage$cv32e40p_core.ex_stage_i'.
Generating RTLIL representation for module `\cv32e40p_ff_one$cv32e40p_core.ex_stage_i.alu_i.ff_one_i'.
Generating RTLIL representation for module `\cv32e40p_fifo$cv32e40p_core.if_stage_i.prefetch_buffer_i.fifo_i'.
Generating RTLIL representation for module `\cv32e40p_hwloop_regs$cv32e40p_core.id_stage_i.gen_hwloop_regs.hwloop_regs_i'.
Generating RTLIL representation for module `\cv32e40p_id_stage$cv32e40p_core.id_stage_i'.
Generating RTLIL representation for module `\cv32e40p_if_stage$cv32e40p_core.if_stage_i'.
Generating RTLIL representation for module `\cv32e40p_int_controller$cv32e40p_core.id_stage_i.int_controller_i'.
Generating RTLIL representation for module `\cv32e40p_load_store_unit$cv32e40p_core.load_store_unit_i'.
Generating RTLIL representation for module `\cv32e40p_mult$cv32e40p_core.ex_stage_i.mult_i'.
Generating RTLIL representation for module `\cv32e40p_obi_interface$cv32e40p_core.if_stage_i.prefetch_buffer_i.instruction_obi_i'.
Generating RTLIL representation for module `\cv32e40p_obi_interface$cv32e40p_core.load_store_unit_i.data_obi_i'.
Generating RTLIL representation for module `\cv32e40p_popcnt$cv32e40p_core.ex_stage_i.alu_i.popcnt_i'.
Generating RTLIL representation for module `\cv32e40p_prefetch_buffer$cv32e40p_core.if_stage_i.prefetch_buffer_i'.
Generating RTLIL representation for module `\cv32e40p_prefetch_controller$cv32e40p_core.if_stage_i.prefetch_buffer_i.prefetch_controller_i'.
Generating RTLIL representation for module `\cv32e40p_register_file$cv32e40p_core.id_stage_i.register_file_i'.
Generating RTLIL representation for module `\cv32e40p_sleep_unit$cv32e40p_core.sleep_unit_i'.
Successfully finished Verilog frontend.

2. Executing HIERARCHY pass (managing design hierarchy).

2.1. Analyzing design hierarchy..
Top module:  \cv32e40p_decoder$cv32e40p_core.id_stage_i.decoder_i

2.2. Analyzing design hierarchy..
Top module:  \cv32e40p_decoder$cv32e40p_core.id_stage_i.decoder_i
Removing unused module `\cv32e40p_sleep_unit$cv32e40p_core.sleep_unit_i'.
Removing unused module `\cv32e40p_register_file$cv32e40p_core.id_stage_i.register_file_i'.
Removing unused module `\cv32e40p_prefetch_controller$cv32e40p_core.if_stage_i.prefetch_buffer_i.prefetch_controller_i'.
Removing unused module `\cv32e40p_prefetch_buffer$cv32e40p_core.if_stage_i.prefetch_buffer_i'.
Removing unused module `\cv32e40p_popcnt$cv32e40p_core.ex_stage_i.alu_i.popcnt_i'.
Removing unused module `\cv32e40p_obi_interface$cv32e40p_core.load_store_unit_i.data_obi_i'.
Removing unused module `\cv32e40p_obi_interface$cv32e40p_core.if_stage_i.prefetch_buffer_i.instruction_obi_i'.
Removing unused module `\cv32e40p_mult$cv32e40p_core.ex_stage_i.mult_i'.
Removing unused module `\cv32e40p_load_store_unit$cv32e40p_core.load_store_unit_i'.
Removing unused module `\cv32e40p_int_controller$cv32e40p_core.id_stage_i.int_controller_i'.
Removing unused module `\cv32e40p_if_stage$cv32e40p_core.if_stage_i'.
Removing unused module `\cv32e40p_id_stage$cv32e40p_core.id_stage_i'.
Removing unused module `\cv32e40p_hwloop_regs$cv32e40p_core.id_stage_i.gen_hwloop_regs.hwloop_regs_i'.
Removing unused module `\cv32e40p_fifo$cv32e40p_core.if_stage_i.prefetch_buffer_i.fifo_i'.
Removing unused module `\cv32e40p_ff_one$cv32e40p_core.ex_stage_i.alu_i.ff_one_i'.
Removing unused module `\cv32e40p_ex_stage$cv32e40p_core.ex_stage_i'.
Removing unused module `\cv32e40p_cs_registers$cv32e40p_core.cs_registers_i'.
Removing unused module `\cv32e40p_core'.
Removing unused module `\cv32e40p_controller$cv32e40p_core.id_stage_i.controller_i'.
Removing unused module `\cv32e40p_compressed_decoder$cv32e40p_core.if_stage_i.compressed_decoder_i'.
Removing unused module `\cv32e40p_clock_gate$cv32e40p_core.sleep_unit_i.core_clock_gate_i'.
Removing unused module `\cv32e40p_alu_div$cv32e40p_core.ex_stage_i.alu_i.alu_div_i'.
Removing unused module `\cv32e40p_alu$cv32e40p_core.ex_stage_i.alu_i'.
Removing unused module `\cv32e40p_aligner$cv32e40p_core.if_stage_i.aligner_i'.
Removed 24 unused modules.

3. Executing PROC pass (convert processes to netlists).

3.1. Executing PROC_CLEAN pass (remove empty switches from decision trees).
Cleaned up 0 empty switches.

3.2. Executing PROC_RMDEAD pass (remove dead branches from decision trees).
Removed a total of 0 dead cases.

3.3. Executing PROC_PRUNE pass (remove redundant assignments in processes).
Removed 0 redundant assignments.
Promoted 0 assignments to connections.

3.4. Executing PROC_INIT pass (extract init attributes).

3.5. Executing PROC_ARST pass (detect async resets in processes).

3.6. Executing PROC_ROM pass (convert switches to ROMs).
Converted 0 switches.

3.7. Executing PROC_MUX pass (convert decision trees to multiplexers).

3.8. Executing PROC_DLATCH pass (convert process syncs to latches).

3.9. Executing PROC_DFF pass (convert process syncs to FFs).

3.10. Executing PROC_MEMWR pass (convert process memory writes to cells).

3.11. Executing PROC_CLEAN pass (remove empty switches from decision trees).
Cleaned up 0 empty switches.

3.12. Executing OPT_EXPR pass (perform const folding).
Optimizing module cv32e40p_decoder$cv32e40p_core.id_stage_i.decoder_i.
<suppressed ~115 debug messages>

4. Executing OPT_CLEAN pass (remove unused cells and wires).
Finding unused cells or wires in module \cv32e40p_decoder$cv32e40p_core.id_stage_i.decoder_i..
Removed 311 unused cells and 7484 unused wires.
<suppressed ~313 debug messages>

5. Executing CHECK pass (checking for obvious problems).
Checking module cv32e40p_decoder$cv32e40p_core.id_stage_i.decoder_i...
Found and reported 0 problems.

6. Executing JSON backend.

7. Executing RTLIL backend.
Output filename: /workspace/incremental-synthesis/results/partition-incremental/__granularity_cv32e40p-eco-001/base/fine-cache/id_stage_i/regions/decoder_i/frontend.rtlil

8. Printing statistics.

=== cv32e40p_decoder$cv32e40p_core.id_stage_i.decoder_i ===

        +----------Local Count, excluding submodules.
        | 
     3745 wires
     7496 wire bits
     3745 public wires
     7496 public wire bits
       81 ports
      196 port bits
     5613 cells
     3294   $eq
        1   $gt
       65   $logic_and
      113   $logic_not
       39   $logic_or
     1649   $mux
       68   $ne
        4   $not
      113   $or
      267   $reduce_or


-- Executing script file `/workspace/incremental-synthesis/partition-incremental/yosys/synth_partition.ys' --

9. Executing FLATTEN pass (flatten design).

10. Executing OPT_CLEAN pass (remove unused cells and wires).
Finding unused cells or wires in module \cv32e40p_decoder$cv32e40p_core.id_stage_i.decoder_i..

11. Executing CHECK pass (checking for obvious problems).
Checking module cv32e40p_decoder$cv32e40p_core.id_stage_i.decoder_i...
Found and reported 0 problems.

12. Executing JSON backend.

13. Executing RTLIL backend.
Output filename: /workspace/incremental-synthesis/results/partition-incremental/__granularity_cv32e40p-eco-001/base/fine-cache/id_stage_i/regions/decoder_i/flattened.rtlil

14. Printing statistics.

=== cv32e40p_decoder$cv32e40p_core.id_stage_i.decoder_i ===

        +----------Local Count, excluding submodules.
        | 
     3745 wires
     7496 wire bits
     3745 public wires
     7496 public wire bits
       81 ports
      196 port bits
     5613 cells
     3294   $eq
        1   $gt
       65   $logic_and
      113   $logic_not
       39   $logic_or
     1649   $mux
       68   $ne
        4   $not
      113   $or
      267   $reduce_or

15. Executing SYNTH pass.

15.1. Executing HIERARCHY pass (managing design hierarchy).

15.1.1. Analyzing design hierarchy..
Top module:  \cv32e40p_decoder$cv32e40p_core.id_stage_i.decoder_i

15.1.2. Analyzing design hierarchy..
Top module:  \cv32e40p_decoder$cv32e40p_core.id_stage_i.decoder_i
Removed 0 unused modules.

15.2. Executing PROC pass (convert processes to netlists).

15.2.1. Executing PROC_CLEAN pass (remove empty switches from decision trees).
Cleaned up 0 empty switches.

15.2.2. Executing PROC_RMDEAD pass (remove dead branches from decision trees).
Removed a total of 0 dead cases.

15.2.3. Executing PROC_PRUNE pass (remove redundant assignments in processes).
Removed 0 redundant assignments.
Promoted 0 assignments to connections.

15.2.4. Executing PROC_INIT pass (extract init attributes).

15.2.5. Executing PROC_ARST pass (detect async resets in processes).

15.2.6. Executing PROC_ROM pass (convert switches to ROMs).
Converted 0 switches.

15.2.7. Executing PROC_MUX pass (convert decision trees to multiplexers).

15.2.8. Executing PROC_DLATCH pass (convert process syncs to latches).

15.2.9. Executing PROC_DFF pass (convert process syncs to FFs).

15.2.10. Executing PROC_MEMWR pass (convert process memory writes to cells).

15.2.11. Executing PROC_CLEAN pass (remove empty switches from decision trees).
Cleaned up 0 empty switches.

15.2.12. Executing OPT_EXPR pass (perform const folding).
Optimizing module cv32e40p_decoder$cv32e40p_core.id_stage_i.decoder_i.

15.3. Executing OPT_EXPR pass (perform const folding).
Optimizing module cv32e40p_decoder$cv32e40p_core.id_stage_i.decoder_i.

15.4. Executing OPT_CLEAN pass (remove unused cells and wires).
Finding unused cells or wires in module \cv32e40p_decoder$cv32e40p_core.id_stage_i.decoder_i..

15.5. Executing CHECK pass (checking for obvious problems).
Checking module cv32e40p_decoder$cv32e40p_core.id_stage_i.decoder_i...
Found and reported 0 problems.

15.6. Executing OPT pass (performing simple optimizations).

15.6.1. Executing OPT_EXPR pass (perform const folding).
Optimizing module cv32e40p_decoder$cv32e40p_core.id_stage_i.decoder_i.

15.6.2. Executing OPT_MERGE pass (detect identical cells).
Finding identical cells in module `\cv32e40p_decoder$cv32e40p_core.id_stage_i.decoder_i'.
Computing hashes of 5613 cells of `\cv32e40p_decoder$cv32e40p_core.id_stage_i.decoder_i'.
Finding duplicate cells in `\cv32e40p_decoder$cv32e40p_core.id_stage_i.decoder_i'.
Computing hashes of 2535 cells of `\cv32e40p_decoder$cv32e40p_core.id_stage_i.decoder_i'.
Finding duplicate cells in `\cv32e40p_decoder$cv32e40p_core.id_stage_i.decoder_i'.
Computing hashes of 2282 cells of `\cv32e40p_decoder$cv32e40p_core.id_stage_i.decoder_i'.
Finding duplicate cells in `\cv32e40p_decoder$cv32e40p_core.id_stage_i.decoder_i'.
Computing hashes of 2235 cells of `\cv32e40p_decoder$cv32e40p_core.id_stage_i.decoder_i'.
Finding duplicate cells in `\cv32e40p_decoder$cv32e40p_core.id_stage_i.decoder_i'.
Computing hashes of 2234 cells of `\cv32e40p_decoder$cv32e40p_core.id_stage_i.decoder_i'.
Finding duplicate cells in `\cv32e40p_decoder$cv32e40p_core.id_stage_i.decoder_i'.
<suppressed ~10137 debug messages>
Removed a total of 3379 cells.

15.6.3. Executing OPT_MUXTREE pass (detect dead branches in mux trees).
Running muxtree optimizer on module \cv32e40p_decoder$cv32e40p_core.id_stage_i.decoder_i..
  Creating internal representation of mux trees.
  Evaluating internal representation of mux trees.
  Analyzing evaluation results.
    dead port 1/2 on $mux $ternary$/workspace/incremental-synthesis/benchmarks/cv32e40p-eco-001-base/core/common/normalized_cv32e40p.v:24892$6876.
    dead port 1/2 on $mux $ternary$/workspace/incremental-synthesis/benchmarks/cv32e40p-eco-001-base/core/common/normalized_cv32e40p.v:24893$6877.
    dead port 1/2 on $mux $ternary$/workspace/incremental-synthesis/benchmarks/cv32e40p-eco-001-base/core/common/normalized_cv32e40p.v:24894$6878.
    dead port 1/2 on $mux $ternary$/workspace/incremental-synthesis/benchmarks/cv32e40p-eco-001-base/core/common/normalized_cv32e40p.v:24895$6879.
    dead port 1/2 on $mux $ternary$/workspace/incremental-synthesis/benchmarks/cv32e40p-eco-001-base/core/common/normalized_cv32e40p.v:24896$6880.
    dead port 1/2 on $mux $ternary$/workspace/incremental-synthesis/benchmarks/cv32e40p-eco-001-base/core/common/normalized_cv32e40p.v:24897$6881.
    dead port 2/2 on $mux $ternary$/workspace/incremental-synthesis/benchmarks/cv32e40p-eco-001-base/core/common/normalized_cv32e40p.v:25103$7087.
    dead port 1/2 on $mux $ternary$/workspace/incremental-synthesis/benchmarks/cv32e40p-eco-001-base/core/common/normalized_cv32e40p.v:25105$7089.
    dead port 2/2 on $mux $ternary$/workspace/incremental-synthesis/benchmarks/cv32e40p-eco-001-base/core/common/normalized_cv32e40p.v:25106$7090.
    dead port 2/2 on $mux $ternary$/workspace/incremental-synthesis/benchmarks/cv32e40p-eco-001-base/core/common/normalized_cv32e40p.v:25109$7093.
    dead port 1/2 on $mux $ternary$/workspace/incremental-synthesis/benchmarks/cv32e40p-eco-001-base/core/common/normalized_cv32e40p.v:25111$7095.
    dead port 2/2 on $mux $ternary$/workspace/incremental-synthesis/benchmarks/cv32e40p-eco-001-base/core/common/normalized_cv32e40p.v:25112$7096.
    dead port 2/2 on $mux $ternary$/workspace/incremental-synthesis/benchmarks/cv32e40p-eco-001-base/core/common/normalized_cv32e40p.v:25115$7099.
    dead port 1/2 on $mux $ternary$/workspace/incremental-synthesis/benchmarks/cv32e40p-eco-001-base/core/common/normalized_cv32e40p.v:25117$7101.
    dead port 2/2 on $mux $ternary$/workspace/incremental-synthesis/benchmarks/cv32e40p-eco-001-base/core/common/normalized_cv32e40p.v:25118$7102.
    dead port 1/2 on $mux $ternary$/workspace/incremental-synthesis/benchmarks/cv32e40p-eco-001-base/core/common/normalized_cv32e40p.v:25123$7107.
    dead port 2/2 on $mux $ternary$/workspace/incremental-synthesis/benchmarks/cv32e40p-eco-001-base/core/common/normalized_cv32e40p.v:25124$7108.
    dead port 2/2 on $mux $ternary$/workspace/incremental-synthesis/benchmarks/cv32e40p-eco-001-base/core/common/normalized_cv32e40p.v:25127$7111.
    dead port 1/2 on $mux $ternary$/workspace/incremental-synthesis/benchmarks/cv32e40p-eco-001-base/core/common/normalized_cv32e40p.v:25135$7119.
    dead port 2/2 on $mux $ternary$/workspace/incremental-synthesis/benchmarks/cv32e40p-eco-001-base/core/common/normalized_cv32e40p.v:25136$7120.
    dead port 1/2 on $mux $ternary$/workspace/incremental-synthesis/benchmarks/cv32e40p-eco-001-base/core/common/normalized_cv32e40p.v:25145$7129.
    dead port 2/2 on $mux $ternary$/workspace/incremental-synthesis/benchmarks/cv32e40p-eco-001-base/core/common/normalized_cv32e40p.v:25146$7130.
    dead port 2/2 on $mux $ternary$/workspace/incremental-synthesis/benchmarks/cv32e40p-eco-001-base/core/common/normalized_cv32e40p.v:25149$7133.
    dead port 1/2 on $mux $ternary$/workspace/incremental-synthesis/benchmarks/cv32e40p-eco-001-base/core/common/normalized_cv32e40p.v:25155$7139.
    dead port 2/2 on $mux $ternary$/workspace/incremental-synthesis/benchmarks/cv32e40p-eco-001-base/core/common/normalized_cv32e40p.v:25156$7140.
    dead port 2/2 on $mux $ternary$/workspace/incremental-synthesis/benchmarks/cv32e40p-eco-001-base/core/common/normalized_cv32e40p.v:25159$7143.
    dead port 1/2 on $mux $ternary$/workspace/incremental-synthesis/benchmarks/cv32e40p-eco-001-base/core/common/normalized_cv32e40p.v:25223$7207.
    dead port 2/2 on $mux $ternary$/workspace/incremental-synthesis/benchmarks/cv32e40p-eco-001-base/core/common/normalized_cv32e40p.v:25224$7208.
    dead port 1/2 on $mux $ternary$/workspace/incremental-synthesis/benchmarks/cv32e40p-eco-001-base/core/common/normalized_cv32e40p.v:25291$7275.
    dead port 2/2 on $mux $ternary$/workspace/incremental-synthesis/benchmarks/cv32e40p-eco-001-base/core/common/normalized_cv32e40p.v:25292$7276.
    dead port 2/2 on $mux $ternary$/workspace/incremental-synthesis/benchmarks/cv32e40p-eco-001-base/core/common/normalized_cv32e40p.v:25295$7279.
    dead port 1/2 on $mux $ternary$/workspace/incremental-synthesis/benchmarks/cv32e40p-eco-001-base/core/common/normalized_cv32e40p.v:25301$7285.
    dead port 2/2 on $mux $ternary$/workspace/incremental-synthesis/benchmarks/cv32e40p-eco-001-base/core/common/normalized_cv32e40p.v:25302$7286.
    dead port 1/2 on $mux $ternary$/workspace/incremental-synthesis/benchmarks/cv32e40p-eco-001-base/core/common/normalized_cv32e40p.v:25499$7483.
    dead port 2/2 on $mux $ternary$/workspace/incremental-synthesis/benchmarks/cv32e40p-eco-001-base/core/common/normalized_cv32e40p.v:25500$7484.
    dead port 1/2 on $mux $ternary$/workspace/incremental-synthesis/benchmarks/cv32e40p-eco-001-base/core/common/normalized_cv32e40p.v:25669$7653.
    dead port 2/2 on $mux $ternary$/workspace/incremental-synthesis/benchmarks/cv32e40p-eco-001-base/core/common/normalized_cv32e40p.v:25670$7654.
    dead port 1/2 on $mux $ternary$/workspace/incremental-synthesis/benchmarks/cv32e40p-eco-001-base/core/common/normalized_cv32e40p.v:25673$7657.
    dead port 2/2 on $mux $ternary$/workspace/incremental-synthesis/benchmarks/cv32e40p-eco-001-base/core/common/normalized_cv32e40p.v:25674$7658.
    dead port 1/2 on $mux $ternary$/workspace/incremental-synthesis/benchmarks/cv32e40p-eco-001-base/core/common/normalized_cv32e40p.v:25685$7669.
    dead port 2/2 on $mux $ternary$/workspace/incremental-synthesis/benchmarks/cv32e40p-eco-001-base/core/common/normalized_cv32e40p.v:25686$7670.
    dead port 1/2 on $mux $ternary$/workspace/incremental-synthesis/benchmarks/cv32e40p-eco-001-base/core/common/normalized_cv32e40p.v:25689$7673.
    dead port 2/2 on $mux $ternary$/workspace/incremental-synthesis/benchmarks/cv32e40p-eco-001-base/core/common/normalized_cv32e40p.v:25690$7674.
    dead port 1/2 on $mux $ternary$/workspace/incremental-synthesis/benchmarks/cv32e40p-eco-001-base/core/common/normalized_cv32e40p.v:25693$7677.
    dead port 2/2 on $mux $ternary$/workspace/incremental-synthesis/benchmarks/cv32e40p-eco-001-base/core/common/normalized_cv32e40p.v:25694$7678.
    dead port 2/2 on $mux $ternary$/workspace/incremental-synthesis/benchmarks/cv32e40p-eco-001-base/core/common/normalized_cv32e40p.v:25697$7681.
    dead port 2/2 on $mux $ternary$/workspace/incremental-synthesis/benchmarks/cv32e40p-eco-001-base/core/common/normalized_cv32e40p.v:25700$7684.
    dead port 2/2 on $mux $ternary$/workspace/incremental-synthesis/benchmarks/cv32e40p-eco-001-base/core/common/normalized_cv32e40p.v:25703$7687.
    dead port 2/2 on $mux $ternary$/workspace/incremental-synthesis/benchmarks/cv32e40p-eco-001-base/core/common/normalized_cv32e40p.v:25706$7690.
    dead port 2/2 on $mux $ternary$/workspace/incremental-synthesis/benchmarks/cv32e40p-eco-001-base/core/common/normalized_cv32e40p.v:25707$7691.
    dead port 2/2 on $mux $ternary$/workspace/incremental-synthesis/benchmarks/cv32e40p-eco-001-base/core/common/normalized_cv32e40p.v:25709$7693.
    dead port 2/2 on $mux $ternary$/workspace/incremental-synthesis/benchmarks/cv32e40p-eco-001-base/core/common/normalized_cv32e40p.v:25711$7695.
    dead port 2/2 on $mux $ternary$/workspace/incremental-synthesis/benchmarks/cv32e40p-eco-001-base/core/common/normalized_cv32e40p.v:25712$7696.
    dead port 2/2 on $mux $ternary$/workspace/incremental-synthesis/benchmarks/cv32e40p-eco-001-base/core/common/normalized_cv32e40p.v:25713$7697.
    dead port 2/2 on $mux $ternary$/workspace/incremental-synthesis/benchmarks/cv32e40p-eco-001-base/core/common/normalized_cv32e40p.v:25716$7700.
    dead port 2/2 on $mux $ternary$/workspace/incremental-synthesis/benchmarks/cv32e40p-eco-001-base/core/common/normalized_cv32e40p.v:25718$7702.
    dead port 2/2 on $mux $ternary$/workspace/incremental-synthesis/benchmarks/cv32e40p-eco-001-base/core/common/normalized_cv32e40p.v:25719$7703.
    dead port 2/2 on $mux $ternary$/workspace/incremental-synthesis/benchmarks/cv32e40p-eco-001-base/core/common/normalized_cv32e40p.v:25720$7704.
    dead port 2/2 on $mux $ternary$/workspace/incremental-synthesis/benchmarks/cv32e40p-eco-001-base/core/common/normalized_cv32e40p.v:25723$7707.
    dead port 2/2 on $mux $ternary$/workspace/incremental-synthesis/benchmarks/cv32e40p-eco-001-base/core/common/normalized_cv32e40p.v:25725$7709.
    dead port 2/2 on $mux $ternary$/workspace/incremental-synthesis/benchmarks/cv32e40p-eco-001-base/core/common/normalized_cv32e40p.v:25726$7710.
    dead port 2/2 on $mux $ternary$/workspace/incremental-synthesis/benchmarks/cv32e40p-eco-001-base/core/common/normalized_cv32e40p.v:25727$7711.
    dead port 2/2 on $mux $ternary$/workspace/incremental-synthesis/benchmarks/cv32e40p-eco-001-base/core/common/normalized_cv32e40p.v:25731$7715.
    dead port 2/2 on $mux $ternary$/workspace/incremental-synthesis/benchmarks/cv32e40p-eco-001-base/core/common/normalized_cv32e40p.v:25732$7716.
    dead port 2/2 on $mux $ternary$/workspace/incremental-synthesis/benchmarks/cv32e40p-eco-001-base/core/common/normalized_cv32e40p.v:25733$7717.
    dead port 2/2 on $mux $ternary$/workspace/incremental-synthesis/benchmarks/cv32e40p-eco-001-base/core/common/normalized_cv32e40p.v:25737$7721.
    dead port 2/2 on $mux $ternary$/workspace/incremental-synthesis/benchmarks/cv32e40p-eco-001-base/core/common/normalized_cv32e40p.v:25738$7722.
    dead port 2/2 on $mux $ternary$/workspace/incremental-synthesis/benchmarks/cv32e40p-eco-001-base/core/common/normalized_cv32e40p.v:25739$7723.
    dead port 2/2 on $mux $ternary$/workspace/incremental-synthesis/benchmarks/cv32e40p-eco-001-base/core/common/normalized_cv32e40p.v:25743$7727.
    dead port 2/2 on $mux $ternary$/workspace/incremental-synthesis/benchmarks/cv32e40p-eco-001-base/core/common/normalized_cv32e40p.v:25744$7728.
    dead port 2/2 on $mux $ternary$/workspace/incremental-synthesis/benchmarks/cv32e40p-eco-001-base/core/common/normalized_cv32e40p.v:25745$7729.
    dead port 2/2 on $mux $ternary$/workspace/incremental-synthesis/benchmarks/cv32e40p-eco-001-base/core/common/normalized_cv32e40p.v:25749$7733.
    dead port 2/2 on $mux $ternary$/workspace/incremental-synthesis/benchmarks/cv32e40p-eco-001-base/core/common/normalized_cv32e40p.v:25750$7734.
    dead port 2/2 on $mux $ternary$/workspace/incremental-synthesis/benchmarks/cv32e40p-eco-001-base/core/common/normalized_cv32e40p.v:25751$7735.
    dead port 2/2 on $mux $ternary$/workspace/incremental-synthesis/benchmarks/cv32e40p-eco-001-base/core/common/normalized_cv32e40p.v:25755$7739.
    dead port 2/2 on $mux $ternary$/workspace/incremental-synthesis/benchmarks/cv32e40p-eco-001-base/core/common/normalized_cv32e40p.v:25756$7740.
    dead port 2/2 on $mux $ternary$/workspace/incremental-synthesis/benchmarks/cv32e40p-eco-001-base/core/common/normalized_cv32e40p.v:25757$7741.
    dead port 2/2 on $mux $ternary$/workspace/incremental-synthesis/benchmarks/cv32e40p-eco-001-base/core/common/normalized_cv32e40p.v:25761$7745.
    dead port 2/2 on $mux $ternary$/workspace/incremental-synthesis/benchmarks/cv32e40p-eco-001-base/core/common/normalized_cv32e40p.v:25762$7746.
    dead port 2/2 on $mux $ternary$/workspace/incremental-synthesis/benchmarks/cv32e40p-eco-001-base/core/common/normalized_cv32e40p.v:25763$7747.
    dead port 2/2 on $mux $ternary$/workspace/incremental-synthesis/benchmarks/cv32e40p-eco-001-base/core/common/normalized_cv32e40p.v:25767$7751.
    dead port 2/2 on $mux $ternary$/workspace/incremental-synthesis/benchmarks/cv32e40p-eco-001-base/core/common/normalized_cv32e40p.v:25768$7752.
    dead port 2/2 on $mux $ternary$/workspace/incremental-synthesis/benchmarks/cv32e40p-eco-001-base/core/common/normalized_cv32e40p.v:25769$7753.
    dead port 2/2 on $mux $ternary$/workspace/incremental-synthesis/benchmarks/cv32e40p-eco-001-base/core/common/normalized_cv32e40p.v:25773$7757.
    dead port 2/2 on $mux $ternary$/workspace/incremental-synthesis/benchmarks/cv32e40p-eco-001-base/core/common/normalized_cv32e40p.v:25774$7758.
    dead port 2/2 on $mux $ternary$/workspace/incremental-synthesis/benchmarks/cv32e40p-eco-001-base/core/common/normalized_cv32e40p.v:25775$7759.
    dead port 2/2 on $mux $ternary$/workspace/incremental-synthesis/benchmarks/cv32e40p-eco-001-base/core/common/normalized_cv32e40p.v:25779$7763.
    dead port 2/2 on $mux $ternary$/workspace/incremental-synthesis/benchmarks/cv32e40p-eco-001-base/core/common/normalized_cv32e40p.v:25780$7764.
    dead port 2/2 on $mux $ternary$/workspace/incremental-synthesis/benchmarks/cv32e40p-eco-001-base/core/common/normalized_cv32e40p.v:25781$7765.
    dead port 2/2 on $mux $ternary$/workspace/incremental-synthesis/benchmarks/cv32e40p-eco-001-base/core/common/normalized_cv32e40p.v:25783$7767.
    dead port 2/2 on $mux $ternary$/workspace/incremental-synthesis/benchmarks/cv32e40p-eco-001-base/core/common/normalized_cv32e40p.v:25784$7768.
    dead port 2/2 on $mux $ternary$/workspace/incremental-synthesis/benchmarks/cv32e40p-eco-001-base/core/common/normalized_cv32e40p.v:25785$7769.
    dead port 2/2 on $mux $ternary$/workspace/incremental-synthesis/benchmarks/cv32e40p-eco-001-base/core/common/normalized_cv32e40p.v:25789$7773.
    dead port 2/2 on $mux $ternary$/workspace/incremental-synthesis/benchmarks/cv32e40p-eco-001-base/core/common/normalized_cv32e40p.v:25790$7774.
    dead port 2/2 on $mux $ternary$/workspace/incremental-synthesis/benchmarks/cv32e40p-eco-001-base/core/common/normalized_cv32e40p.v:25791$7775.
    dead port 2/2 on $mux $ternary$/workspace/incremental-synthesis/benchmarks/cv32e40p-eco-001-base/core/common/normalized_cv32e40p.v:25795$7779.
    dead port 2/2 on $mux $ternary$/workspace/incremental-synthesis/benchmarks/cv32e40p-eco-001-base/core/common/normalized_cv32e40p.v:25796$7780.
    dead port 2/2 on $mux $ternary$/workspace/incremental-synthesis/benchmarks/cv32e40p-eco-001-base/core/common/normalized_cv32e40p.v:25797$7781.
    dead port 2/2 on $mux $ternary$/workspace/incremental-synthesis/benchmarks/cv32e40p-eco-001-base/core/common/normalized_cv32e40p.v:25804$7788.
    dead port 2/2 on $mux $ternary$/workspace/incremental-synthesis/benchmarks/cv32e40p-eco-001-base/core/common/normalized_cv32e40p.v:25805$7789.
    dead port 2/2 on $mux $ternary$/workspace/incremental-synthesis/benchmarks/cv32e40p-eco-001-base/core/common/normalized_cv32e40p.v:25806$7790.
    dead port 2/2 on $mux $ternary$/workspace/incremental-synthesis/benchmarks/cv32e40p-eco-001-base/core/common/normalized_cv32e40p.v:25809$7793.
    dead port 2/2 on $mux $ternary$/workspace/incremental-synthesis/benchmarks/cv32e40p-eco-001-base/core/common/normalized_cv32e40p.v:25810$7794.
    dead port 2/2 on $mux $ternary$/workspace/incremental-synthesis/benchmarks/cv32e40p-eco-001-base/core/common/normalized_cv32e40p.v:25813$7797.
    dead port 2/2 on $mux $ternary$/workspace/incremental-synthesis/benchmarks/cv32e40p-eco-001-base/core/common/normalized_cv32e40p.v:25814$7798.
    dead port 2/2 on $mux $ternary$/workspace/incremental-synthesis/benchmarks/cv32e40p-eco-001-base/core/common/normalized_cv32e40p.v:25817$7801.
    dead port 2/2 on $mux $ternary$/workspace/incremental-synthesis/benchmarks/cv32e40p-eco-001-base/core/common/normalized_cv32e40p.v:25818$7802.
    dead port 2/2 on $mux $ternary$/workspace/incremental-synthesis/benchmarks/cv32e40p-eco-001-base/core/common/normalized_cv32e40p.v:25821$7805.
    dead port 2/2 on $mux $ternary$/workspace/incremental-synthesis/benchmarks/cv32e40p-eco-001-base/core/common/normalized_cv32e40p.v:25822$7806.
    dead port 2/2 on $mux $ternary$/workspace/incremental-synthesis/benchmarks/cv32e40p-eco-001-base/core/common/normalized_cv32e40p.v:25825$7809.
    dead port 2/2 on $mux $ternary$/workspace/incremental-synthesis/benchmarks/cv32e40p-eco-001-base/core/common/normalized_cv32e40p.v:25826$7810.
    dead port 2/2 on $mux $ternary$/workspace/incremental-synthesis/benchmarks/cv32e40p-eco-001-base/core/common/normalized_cv32e40p.v:25829$7813.
    dead port 2/2 on $mux $ternary$/workspace/incremental-synthesis/benchmarks/cv32e40p-eco-001-base/core/common/normalized_cv32e40p.v:25830$7814.
    dead port 2/2 on $mux $ternary$/workspace/incremental-synthesis/benchmarks/cv32e40p-eco-001-base/core/common/normalized_cv32e40p.v:25833$7817.
    dead port 2/2 on $mux $ternary$/workspace/incremental-synthesis/benchmarks/cv32e40p-eco-001-base/core/common/normalized_cv32e40p.v:25834$7818.
    dead port 2/2 on $mux $ternary$/workspace/incremental-synthesis/benchmarks/cv32e40p-eco-001-base/core/common/normalized_cv32e40p.v:25837$7821.
    dead port 2/2 on $mux $ternary$/workspace/incremental-synthesis/benchmarks/cv32e40p-eco-001-base/core/common/normalized_cv32e40p.v:25838$7822.
    dead port 2/2 on $mux $ternary$/workspace/incremental-synthesis/benchmarks/cv32e40p-eco-001-base/core/common/normalized_cv32e40p.v:25841$7825.
    dead port 2/2 on $mux $ternary$/workspace/incremental-synthesis/benchmarks/cv32e40p-eco-001-base/core/common/normalized_cv32e40p.v:25842$7826.
    dead port 2/2 on $mux $ternary$/workspace/incremental-synthesis/benchmarks/cv32e40p-eco-001-base/core/common/normalized_cv32e40p.v:25845$7829.
    dead port 2/2 on $mux $ternary$/workspace/incremental-synthesis/benchmarks/cv32e40p-eco-001-base/core/common/normalized_cv32e40p.v:25846$7830.
    dead port 2/2 on $mux $ternary$/workspace/incremental-synthesis/benchmarks/cv32e40p-eco-001-base/core/common/normalized_cv32e40p.v:25849$7833.
    dead port 2/2 on $mux $ternary$/workspace/incremental-synthesis/benchmarks/cv32e40p-eco-001-base/core/common/normalized_cv32e40p.v:25850$7834.
    dead port 2/2 on $mux $ternary$/workspace/incremental-synthesis/benchmarks/cv32e40p-eco-001-base/core/common/normalized_cv32e40p.v:25853$7837.
    dead port 2/2 on $mux $ternary$/workspace/incremental-synthesis/benchmarks/cv32e40p-eco-001-base/core/common/normalized_cv32e40p.v:25854$7838.
    dead port 2/2 on $mux $ternary$/workspace/incremental-synthesis/benchmarks/cv32e40p-eco-001-base/core/common/normalized_cv32e40p.v:25857$7841.
    dead port 2/2 on $mux $ternary$/workspace/incremental-synthesis/benchmarks/cv32e40p-eco-001-base/core/common/normalized_cv32e40p.v:25863$7847.
    dead port 2/2 on $mux $ternary$/workspace/incremental-synthesis/benchmarks/cv32e40p-eco-001-base/core/common/normalized_cv32e40p.v:25866$7850.
    dead port 2/2 on $mux $ternary$/workspace/incremental-synthesis/benchmarks/cv32e40p-eco-001-base/core/common/normalized_cv32e40p.v:25869$7853.
    dead port 2/2 on $mux $ternary$/workspace/incremental-synthesis/benchmarks/cv32e40p-eco-001-base/core/common/normalized_cv32e40p.v:25872$7856.
    dead port 2/2 on $mux $ternary$/workspace/incremental-synthesis/benchmarks/cv32e40p-eco-001-base/core/common/normalized_cv32e40p.v:25875$7859.
    dead port 2/2 on $mux $ternary$/workspace/incremental-synthesis/benchmarks/cv32e40p-eco-001-base/core/common/normalized_cv32e40p.v:25878$7862.
    dead port 2/2 on $mux $ternary$/workspace/incremental-synthesis/benchmarks/cv32e40p-eco-001-base/core/common/normalized_cv32e40p.v:25881$7865.
    dead port 2/2 on $mux $ternary$/workspace/incremental-synthesis/benchmarks/cv32e40p-eco-001-base/core/common/normalized_cv32e40p.v:25884$7868.
    dead port 2/2 on $mux $ternary$/workspace/incremental-synthesis/benchmarks/cv32e40p-eco-001-base/core/common/normalized_cv32e40p.v:25887$7871.
    dead port 2/2 on $mux $ternary$/workspace/incremental-synthesis/benchmarks/cv32e40p-eco-001-base/core/common/normalized_cv32e40p.v:25890$7874.
    dead port 2/2 on $mux $ternary$/workspace/incremental-synthesis/benchmarks/cv32e40p-eco-001-base/core/common/normalized_cv32e40p.v:25893$7877.
    dead port 2/2 on $mux $ternary$/workspace/incremental-synthesis/benchmarks/cv32e40p-eco-001-base/core/common/normalized_cv32e40p.v:25896$7880.
    dead port 2/2 on $mux $ternary$/workspace/incremental-synthesis/benchmarks/cv32e40p-eco-001-base/core/common/normalized_cv32e40p.v:25899$7883.
    dead port 2/2 on $mux $ternary$/workspace/incremental-synthesis/benchmarks/cv32e40p-eco-001-base/core/common/normalized_cv32e40p.v:25902$7886.
    dead port 2/2 on $mux $ternary$/workspace/incremental-synthesis/benchmarks/cv32e40p-eco-001-base/core/common/normalized_cv32e40p.v:25905$7889.
    dead port 2/2 on $mux $ternary$/workspace/incremental-synthesis/benchmarks/cv32e40p-eco-001-base/core/common/normalized_cv32e40p.v:25908$7892.
    dead port 2/2 on $mux $ternary$/workspace/incremental-synthesis/benchmarks/cv32e40p-eco-001-base/core/common/normalized_cv32e40p.v:25912$7896.
    dead port 2/2 on $mux $ternary$/workspace/incremental-synthesis/benchmarks/cv32e40p-eco-001-base/core/common/normalized_cv32e40p.v:25919$7903.
    dead port 2/2 on $mux $ternary$/workspace/incremental-synthesis/benchmarks/cv32e40p-eco-001-base/core/common/normalized_cv32e40p.v:25921$7905.
    dead port 2/2 on $mux $ternary$/workspace/incremental-synthesis/benchmarks/cv32e40p-eco-001-base/core/common/normalized_cv32e40p.v:25926$7910.
    dead port 2/2 on $mux $ternary$/workspace/incremental-synthesis/benchmarks/cv32e40p-eco-001-base/core/common/normalized_cv32e40p.v:25929$7913.
    dead port 2/2 on $mux $ternary$/workspace/incremental-synthesis/benchmarks/cv32e40p-eco-001-base/core/common/normalized_cv32e40p.v:25931$7915.
    dead port 2/2 on $mux $ternary$/workspace/incremental-synthesis/benchmarks/cv32e40p-eco-001-base/core/common/normalized_cv32e40p.v:25934$7918.
    dead port 2/2 on $mux $ternary$/workspace/incremental-synthesis/benchmarks/cv32e40p-eco-001-base/core/common/normalized_cv32e40p.v:25936$7920.
    dead port 2/2 on $mux $ternary$/workspace/incremental-synthesis/benchmarks/cv32e40p-eco-001-base/core/common/normalized_cv32e40p.v:25939$7923.
    dead port 2/2 on $mux $ternary$/workspace/incremental-synthesis/benchmarks/cv32e40p-eco-001-base/core/common/normalized_cv32e40p.v:25941$7925.
    dead port 2/2 on $mux $ternary$/workspace/incremental-synthesis/benchmarks/cv32e40p-eco-001-base/core/common/normalized_cv32e40p.v:25944$7928.
    dead port 2/2 on $mux $ternary$/workspace/incremental-synthesis/benchmarks/cv32e40p-eco-001-base/core/common/normalized_cv32e40p.v:25946$7930.
    dead port 2/2 on $mux $ternary$/workspace/incremental-synthesis/benchmarks/cv32e40p-eco-001-base/core/common/normalized_cv32e40p.v:25951$7935.
    dead port 2/2 on $mux $ternary$/workspace/incremental-synthesis/benchmarks/cv32e40p-eco-001-base/core/common/normalized_cv32e40p.v:25954$7938.
    dead port 2/2 on $mux $ternary$/workspace/incremental-synthesis/benchmarks/cv32e40p-eco-001-base/core/common/normalized_cv32e40p.v:25956$7940.
    dead port 2/2 on $mux $ternary$/workspace/incremental-synthesis/benchmarks/cv32e40p-eco-001-base/core/common/normalized_cv32e40p.v:25959$7943.
    dead port 2/2 on $mux $ternary$/workspace/incremental-synthesis/benchmarks/cv32e40p-eco-001-base/core/common/normalized_cv32e40p.v:25961$7945.
    dead port 2/2 on $mux $ternary$/workspace/incremental-synthesis/benchmarks/cv32e40p-eco-001-base/core/common/normalized_cv32e40p.v:25964$7948.
    dead port 2/2 on $mux $ternary$/workspace/incremental-synthesis/benchmarks/cv32e40p-eco-001-base/core/common/normalized_cv32e40p.v:25966$7950.
    dead port 2/2 on $mux $ternary$/workspace/incremental-synthesis/benchmarks/cv32e40p-eco-001-base/core/common/normalized_cv32e40p.v:25969$7953.
    dead port 2/2 on $mux $ternary$/workspace/incremental-synthesis/benchmarks/cv32e40p-eco-001-base/core/common/normalized_cv32e40p.v:25971$7955.
    dead port 2/2 on $mux $ternary$/workspace/incremental-synthesis/benchmarks/cv32e40p-eco-001-base/core/common/normalized_cv32e40p.v:25974$7958.
    dead port 2/2 on $mux $ternary$/workspace/incremental-synthesis/benchmarks/cv32e40p-eco-001-base/core/common/normalized_cv32e40p.v:25976$7960.
    dead port 2/2 on $mux $ternary$/workspace/incremental-synthesis/benchmarks/cv32e40p-eco-001-base/core/common/normalized_cv32e40p.v:25981$7965.
    dead port 2/2 on $mux $ternary$/workspace/incremental-synthesis/benchmarks/cv32e40p-eco-001-base/core/common/normalized_cv32e40p.v:25984$7968.
    dead port 2/2 on $mux $ternary$/workspace/incremental-synthesis/benchmarks/cv32e40p-eco-001-base/core/common/normalized_cv32e40p.v:25986$7970.
    dead port 2/2 on $mux $ternary$/workspace/incremental-synthesis/benchmarks/cv32e40p-eco-001-base/core/common/normalized_cv32e40p.v:25989$7973.
    dead port 2/2 on $mux $ternary$/workspace/incremental-synthesis/benchmarks/cv32e40p-eco-001-base/core/common/normalized_cv32e40p.v:25991$7975.
    dead port 2/2 on $mux $ternary$/workspace/incremental-synthesis/benchmarks/cv32e40p-eco-001-base/core/common/normalized_cv32e40p.v:25994$7978.
    dead port 2/2 on $mux $ternary$/workspace/incremental-synthesis/benchmarks/cv32e40p-eco-001-base/core/common/normalized_cv32e40p.v:25996$7980.
    dead port 2/2 on $mux $ternary$/workspace/incremental-synthesis/benchmarks/cv32e40p-eco-001-base/core/common/normalized_cv32e40p.v:26001$7985.
    dead port 2/2 on $mux $ternary$/workspace/incremental-synthesis/benchmarks/cv32e40p-eco-001-base/core/common/normalized_cv32e40p.v:26004$7988.
    dead port 2/2 on $mux $ternary$/workspace/incremental-synthesis/benchmarks/cv32e40p-eco-001-base/core/common/normalized_cv32e40p.v:26006$7990.
    dead port 2/2 on $mux $ternary$/workspace/incremental-synthesis/benchmarks/cv32e40p-eco-001-base/core/common/normalized_cv32e40p.v:26009$7993.
    dead port 2/2 on $mux $ternary$/workspace/incremental-synthesis/benchmarks/cv32e40p-eco-001-base/core/common/normalized_cv32e40p.v:26011$7995.
    dead port 2/2 on $mux $ternary$/workspace/incremental-synthesis/benchmarks/cv32e40p-eco-001-base/core/common/normalized_cv32e40p.v:26014$7998.
    dead port 2/2 on $mux $ternary$/workspace/incremental-synthesis/benchmarks/cv32e40p-eco-001-base/core/common/normalized_cv32e40p.v:26016$8000.
    dead port 2/2 on $mux $ternary$/workspace/incremental-synthesis/benchmarks/cv32e40p-eco-001-base/core/common/normalized_cv32e40p.v:26019$8003.
    dead port 2/2 on $mux $ternary$/workspace/incremental-synthesis/benchmarks/cv32e40p-eco-001-base/core/common/normalized_cv32e40p.v:26021$8005.
    dead port 2/2 on $mux $ternary$/workspace/incremental-synthesis/benchmarks/cv32e40p-eco-001-base/core/common/normalized_cv32e40p.v:26024$8008.
    dead port 2/2 on $mux $ternary$/workspace/incremental-synthesis/benchmarks/cv32e40p-eco-001-base/core/common/normalized_cv32e40p.v:26026$8010.
    dead port 2/2 on $mux $ternary$/workspace/incremental-synthesis/benchmarks/cv32e40p-eco-001-base/core/common/normalized_cv32e40p.v:26031$8015.
    dead port 2/2 on $mux $ternary$/workspace/incremental-synthesis/benchmarks/cv32e40p-eco-001-base/core/common/normalized_cv32e40p.v:26034$8018.
    dead port 2/2 on $mux $ternary$/workspace/incremental-synthesis/benchmarks/cv32e40p-eco-001-base/core/common/normalized_cv32e40p.v:26036$8020.
    dead port 2/2 on $mux $ternary$/workspace/incremental-synthesis/benchmarks/cv32e40p-eco-001-base/core/common/normalized_cv32e40p.v:26039$8023.
    dead port 2/2 on $mux $ternary$/workspace/incremental-synthesis/benchmarks/cv32e40p-eco-001-base/core/common/normalized_cv32e40p.v:26041$8025.
    dead port 2/2 on $mux $ternary$/workspace/incremental-synthesis/benchmarks/cv32e40p-eco-001-base/core/common/normalized_cv32e40p.v:26044$8028.
    dead port 2/2 on $mux $ternary$/workspace/incremental-synthesis/benchmarks/cv32e40p-eco-001-base/core/common/normalized_cv32e40p.v:26046$8030.
    dead port 2/2 on $mux $ternary$/workspace/incremental-synthesis/benchmarks/cv32e40p-eco-001-base/core/common/normalized_cv32e40p.v:26051$8035.
    dead port 2/2 on $mux $ternary$/workspace/incremental-synthesis/benchmarks/cv32e40p-eco-001-base/core/common/normalized_cv32e40p.v:26054$8038.
    dead port 2/2 on $mux $ternary$/workspace/incremental-synthesis/benchmarks/cv32e40p-eco-001-base/core/common/normalized_cv32e40p.v:26056$8040.
    dead port 2/2 on $mux $ternary$/workspace/incremental-synthesis/benchmarks/cv32e40p-eco-001-base/core/common/normalized_cv32e40p.v:26059$8043.
    dead port 2/2 on $mux $ternary$/workspace/incremental-synthesis/benchmarks/cv32e40p-eco-001-base/core/common/normalized_cv32e40p.v:26064$8048.
    dead port 2/2 on $mux $ternary$/workspace/incremental-synthesis/benchmarks/cv32e40p-eco-001-base/core/common/normalized_cv32e40p.v:26067$8051.
    dead port 2/2 on $mux $ternary$/workspace/incremental-synthesis/benchmarks/cv32e40p-eco-001-base/core/common/normalized_cv32e40p.v:26069$8053.
    dead port 2/2 on $mux $ternary$/workspace/incremental-synthesis/benchmarks/cv32e40p-eco-001-base/core/common/normalized_cv32e40p.v:26072$8056.
    dead port 2/2 on $mux $ternary$/workspace/incremental-synthesis/benchmarks/cv32e40p-eco-001-base/core/common/normalized_cv32e40p.v:26074$8058.
    dead port 2/2 on $mux $ternary$/workspace/incremental-synthesis/benchmarks/cv32e40p-eco-001-base/core/common/normalized_cv32e40p.v:26080$8064.
    dead port 2/2 on $mux $ternary$/workspace/incremental-synthesis/benchmarks/cv32e40p-eco-001-base/core/common/normalized_cv32e40p.v:26084$8068.
    dead port 2/2 on $mux $ternary$/workspace/incremental-synthesis/benchmarks/cv32e40p-eco-001-base/core/common/normalized_cv32e40p.v:26086$8070.
    dead port 2/2 on $mux $ternary$/workspace/incremental-synthesis/benchmarks/cv32e40p-eco-001-base/core/common/normalized_cv32e40p.v:26093$8077.
    dead port 2/2 on $mux $ternary$/workspace/incremental-synthesis/benchmarks/cv32e40p-eco-001-base/core/common/normalized_cv32e40p.v:26099$8083.
    dead port 2/2 on $mux $ternary$/workspace/incremental-synthesis/benchmarks/cv32e40p-eco-001-base/core/common/normalized_cv32e40p.v:26106$8090.
    dead port 2/2 on $mux $ternary$/workspace/incremental-synthesis/benchmarks/cv32e40p-eco-001-base/core/common/normalized_cv32e40p.v:26109$8093.
    dead port 2/2 on $mux $ternary$/workspace/incremental-synthesis/benchmarks/cv32e40p-eco-001-base/core/common/normalized_cv32e40p.v:26111$8095.
    dead port 2/2 on $mux $ternary$/workspace/incremental-synthesis/benchmarks/cv32e40p-eco-001-base/core/common/normalized_cv32e40p.v:26114$8098.
    dead port 2/2 on $mux $ternary$/workspace/incremental-synthesis/benchmarks/cv32e40p-eco-001-base/core/common/normalized_cv32e40p.v:26116$8100.
    dead port 2/2 on $mux $ternary$/workspace/incremental-synthesis/benchmarks/cv32e40p-eco-001-base/core/common/normalized_cv32e40p.v:26121$8105.
    dead port 2/2 on $mux $ternary$/workspace/incremental-synthesis/benchmarks/cv32e40p-eco-001-base/core/common/normalized_cv32e40p.v:26124$8108.
    dead port 2/2 on $mux $ternary$/workspace/incremental-synthesis/benchmarks/cv32e40p-eco-001-base/core/common/normalized_cv32e40p.v:26126$8110.
    dead port 2/2 on $mux $ternary$/workspace/incremental-synthesis/benchmarks/cv32e40p-eco-001-base/core/common/normalized_cv32e40p.v:26129$8113.
    dead port 2/2 on $mux $ternary$/workspace/incremental-synthesis/benchmarks/cv32e40p-eco-001-base/core/common/normalized_cv32e40p.v:26131$8115.
    dead port 2/2 on $mux $ternary$/workspace/incremental-synthesis/benchmarks/cv32e40p-eco-001-base/core/common/normalized_cv32e40p.v:26134$8118.
    dead port 2/2 on $mux $ternary$/workspace/incremental-synthesis/benchmarks/cv32e40p-eco-001-base/core/common/normalized_cv32e40p.v:26136$8120.
    dead port 2/2 on $mux $ternary$/workspace/incremental-synthesis/benchmarks/cv32e40p-eco-001-base/core/common/normalized_cv32e40p.v:26139$8123.
    dead port 2/2 on $mux $ternary$/workspace/incremental-synthesis/benchmarks/cv32e40p-eco-001-base/core/common/normalized_cv32e40p.v:26141$8125.
    dead port 2/2 on $mux $ternary$/workspace/incremental-synthesis/benchmarks/cv32e40p-eco-001-base/core/common/normalized_cv32e40p.v:26144$8128.
    dead port 2/2 on $mux $ternary$/workspace/incremental-synthesis/benchmarks/cv32e40p-eco-001-base/core/common/normalized_cv32e40p.v:26146$8130.
    dead port 2/2 on $mux $ternary$/workspace/incremental-synthesis/benchmarks/cv32e40p-eco-001-base/core/common/normalized_cv32e40p.v:26151$8135.
    dead port 2/2 on $mux $ternary$/workspace/incremental-synthesis/benchmarks/cv32e40p-eco-001-base/core/common/normalized_cv32e40p.v:26154$8138.
    dead port 2/2 on $mux $ternary$/workspace/incremental-synthesis/benchmarks/cv32e40p-eco-001-base/core/common/normalized_cv32e40p.v:26156$8140.
    dead port 2/2 on $mux $ternary$/workspace/incremental-synthesis/benchmarks/cv32e40p-eco-001-base/core/common/normalized_cv32e40p.v:26159$8143.
    dead port 2/2 on $mux $ternary$/workspace/incremental-synthesis/benchmarks/cv32e40p-eco-001-base/core/common/normalized_cv32e40p.v:26161$8145.
    dead port 2/2 on $mux $ternary$/workspace/incremental-synthesis/benchmarks/cv32e40p-eco-001-base/core/common/normalized_cv32e40p.v:26164$8148.
    dead port 2/2 on $mux $ternary$/workspace/incremental-synthesis/benchmarks/cv32e40p-eco-001-base/core/common/normalized_cv32e40p.v:26166$8150.
    dead port 2/2 on $mux $ternary$/workspace/incremental-synthesis/benchmarks/cv32e40p-eco-001-base/core/common/normalized_cv32e40p.v:26169$8153.
    dead port 2/2 on $mux $ternary$/workspace/incremental-synthesis/benchmarks/cv32e40p-eco-001-base/core/common/normalized_cv32e40p.v:26171$8155.
    dead port 2/2 on $mux $ternary$/workspace/incremental-synthesis/benchmarks/cv32e40p-eco-001-base/core/common/normalized_cv32e40p.v:26174$8158.
    dead port 2/2 on $mux $ternary$/workspace/incremental-synthesis/benchmarks/cv32e40p-eco-001-base/core/common/normalized_cv32e40p.v:26176$8160.
    dead port 2/2 on $mux $ternary$/workspace/incremental-synthesis/benchmarks/cv32e40p-eco-001-base/core/common/normalized_cv32e40p.v:26181$8165.
    dead port 2/2 on $mux $ternary$/workspace/incremental-synthesis/benchmarks/cv32e40p-eco-001-base/core/common/normalized_cv32e40p.v:26184$8168.
    dead port 2/2 on $mux $ternary$/workspace/incremental-synthesis/benchmarks/cv32e40p-eco-001-base/core/common/normalized_cv32e40p.v:26186$8170.
    dead port 2/2 on $mux $ternary$/workspace/incremental-synthesis/benchmarks/cv32e40p-eco-001-base/core/common/normalized_cv32e40p.v:26189$8173.
    dead port 2/2 on $mux $ternary$/workspace/incremental-synthesis/benchmarks/cv32e40p-eco-001-base/core/common/normalized_cv32e40p.v:26191$8175.
    dead port 2/2 on $mux $ternary$/workspace/incremental-synthesis/benchmarks/cv32e40p-eco-001-base/core/common/normalized_cv32e40p.v:26194$8178.
    dead port 2/2 on $mux $ternary$/workspace/incremental-synthesis/benchmarks/cv32e40p-eco-001-base/core/common/normalized_cv32e40p.v:26196$8180.
    dead port 2/2 on $mux $ternary$/workspace/incremental-synthesis/benchmarks/cv32e40p-eco-001-base/core/common/normalized_cv32e40p.v:26199$8183.
    dead port 2/2 on $mux $ternary$/workspace/incremental-synthesis/benchmarks/cv32e40p-eco-001-base/core/common/normalized_cv32e40p.v:26201$8185.
    dead port 2/2 on $mux $ternary$/workspace/incremental-synthesis/benchmarks/cv32e40p-eco-001-base/core/common/normalized_cv32e40p.v:26204$8188.
    dead port 2/2 on $mux $ternary$/workspace/incremental-synthesis/benchmarks/cv32e40p-eco-001-base/core/common/normalized_cv32e40p.v:26206$8190.
    dead port 2/2 on $mux $ternary$/workspace/incremental-synthesis/benchmarks/cv32e40p-eco-001-base/core/common/normalized_cv32e40p.v:26211$8195.
    dead port 2/2 on $mux $ternary$/workspace/incremental-synthesis/benchmarks/cv32e40p-eco-001-base/core/common/normalized_cv32e40p.v:26214$8198.
    dead port 2/2 on $mux $ternary$/workspace/incremental-synthesis/benchmarks/cv32e40p-eco-001-base/core/common/normalized_cv32e40p.v:26216$8200.
    dead port 2/2 on $mux $ternary$/workspace/incremental-synthesis/benchmarks/cv32e40p-eco-001-base/core/common/normalized_cv32e40p.v:26219$8203.
    dead port 2/2 on $mux $ternary$/workspace/incremental-synthesis/benchmarks/cv32e40p-eco-001-base/core/common/normalized_cv32e40p.v:26221$8205.
    dead port 2/2 on $mux $ternary$/workspace/incremental-synthesis/benchmarks/cv32e40p-eco-001-base/core/common/normalized_cv32e40p.v:26224$8208.
    dead port 2/2 on $mux $ternary$/workspace/incremental-synthesis/benchmarks/cv32e40p-eco-001-base/core/common/normalized_cv32e40p.v:26226$8210.
    dead port 2/2 on $mux $ternary$/workspace/incremental-synthesis/benchmarks/cv32e40p-eco-001-base/core/common/normalized_cv32e40p.v:26231$8215.
    dead port 2/2 on $mux $ternary$/workspace/incremental-synthesis/benchmarks/cv32e40p-eco-001-base/core/common/normalized_cv32e40p.v:26234$8218.
    dead port 2/2 on $mux $ternary$/workspace/incremental-synthesis/benchmarks/cv32e40p-eco-001-base/core/common/normalized_cv32e40p.v:26236$8220.
    dead port 2/2 on $mux $ternary$/workspace/incremental-synthesis/benchmarks/cv32e40p-eco-001-base/core/common/normalized_cv32e40p.v:26239$8223.
    dead port 2/2 on $mux $ternary$/workspace/incremental-synthesis/benchmarks/cv32e40p-eco-001-base/core/common/normalized_cv32e40p.v:26241$8225.
    dead port 2/2 on $mux $ternary$/workspace/incremental-synthesis/benchmarks/cv32e40p-eco-001-base/core/common/normalized_cv32e40p.v:26244$8228.
    dead port 2/2 on $mux $ternary$/workspace/incremental-synthesis/benchmarks/cv32e40p-eco-001-base/core/common/normalized_cv32e40p.v:26246$8230.
    dead port 2/2 on $mux $ternary$/workspace/incremental-synthesis/benchmarks/cv32e40p-eco-001-base/core/common/normalized_cv32e40p.v:26249$8233.
    dead port 2/2 on $mux $ternary$/workspace/incremental-synthesis/benchmarks/cv32e40p-eco-001-base/core/common/normalized_cv32e40p.v:26251$8235.
    dead port 2/2 on $mux $ternary$/workspace/incremental-synthesis/benchmarks/cv32e40p-eco-001-base/core/common/normalized_cv32e40p.v:26254$8238.
    dead port 2/2 on $mux $ternary$/workspace/incremental-synthesis/benchmarks/cv32e40p-eco-001-base/core/common/normalized_cv32e40p.v:26256$8240.
    dead port 2/2 on $mux $ternary$/workspace/incremental-synthesis/benchmarks/cv32e40p-eco-001-base/core/common/normalized_cv32e40p.v:26261$8245.
    dead port 2/2 on $mux $ternary$/workspace/incremental-synthesis/benchmarks/cv32e40p-eco-001-base/core/common/normalized_cv32e40p.v:26264$8248.
    dead port 2/2 on $mux $ternary$/workspace/incremental-synthesis/benchmarks/cv32e40p-eco-001-base/core/common/normalized_cv32e40p.v:26266$8250.
    dead port 2/2 on $mux $ternary$/workspace/incremental-synthesis/benchmarks/cv32e40p-eco-001-base/core/common/normalized_cv32e40p.v:26269$8253.
    dead port 2/2 on $mux $ternary$/workspace/incremental-synthesis/benchmarks/cv32e40p-eco-001-base/core/common/normalized_cv32e40p.v:26271$8255.
    dead port 2/2 on $mux $ternary$/workspace/incremental-synthesis/benchmarks/cv32e40p-eco-001-base/core/common/normalized_cv32e40p.v:26274$8258.
    dead port 2/2 on $mux $ternary$/workspace/incremental-synthesis/benchmarks/cv32e40p-eco-001-base/core/common/normalized_cv32e40p.v:26276$8260.
    dead port 2/2 on $mux $ternary$/workspace/incremental-synthesis/benchmarks/cv32e40p-eco-001-base/core/common/normalized_cv32e40p.v:26279$8263.
    dead port 2/2 on $mux $ternary$/workspace/incremental-synthesis/benchmarks/cv32e40p-eco-001-base/core/common/normalized_cv32e40p.v:26281$8265.
    dead port 2/2 on $mux $ternary$/workspace/incremental-synthesis/benchmarks/cv32e40p-eco-001-base/core/common/normalized_cv32e40p.v:26284$8268.
    dead port 2/2 on $mux $ternary$/workspace/incremental-synthesis/benchmarks/cv32e40p-eco-001-base/core/common/normalized_cv32e40p.v:26286$8270.
    dead port 2/2 on $mux $ternary$/workspace/incremental-synthesis/benchmarks/cv32e40p-eco-001-base/core/common/normalized_cv32e40p.v:26291$8275.
    dead port 2/2 on $mux $ternary$/workspace/incremental-synthesis/benchmarks/cv32e40p-eco-001-base/core/common/normalized_cv32e40p.v:26294$8278.
    dead port 2/2 on $mux $ternary$/workspace/incremental-synthesis/benchmarks/cv32e40p-eco-001-base/core/common/normalized_cv32e40p.v:26296$8280.
    dead port 2/2 on $mux $ternary$/workspace/incremental-synthesis/benchmarks/cv32e40p-eco-001-base/core/common/normalized_cv32e40p.v:26299$8283.
    dead port 2/2 on $mux $ternary$/workspace/incremental-synthesis/benchmarks/cv32e40p-eco-001-base/core/common/normalized_cv32e40p.v:26301$8285.
    dead port 2/2 on $mux $ternary$/workspace/incremental-synthesis/benchmarks/cv32e40p-eco-001-base/core/common/normalized_cv32e40p.v:26304$8288.
    dead port 2/2 on $mux $ternary$/workspace/incremental-synthesis/benchmarks/cv32e40p-eco-001-base/core/common/normalized_cv32e40p.v:26306$8290.
    dead port 2/2 on $mux $ternary$/workspace/incremental-synthesis/benchmarks/cv32e40p-eco-001-base/core/common/normalized_cv32e40p.v:26353$8337.
    dead port 2/2 on $mux $ternary$/workspace/incremental-synthesis/benchmarks/cv32e40p-eco-001-base/core/common/normalized_cv32e40p.v:26356$8340.
    dead port 2/2 on $mux $ternary$/workspace/incremental-synthesis/benchmarks/cv32e40p-eco-001-base/core/common/normalized_cv32e40p.v:26358$8342.
    dead port 2/2 on $mux $ternary$/workspace/incremental-synthesis/benchmarks/cv32e40p-eco-001-base/core/common/normalized_cv32e40p.v:26361$8345.
    dead port 2/2 on $mux $ternary$/workspace/incremental-synthesis/benchmarks/cv32e40p-eco-001-base/core/common/normalized_cv32e40p.v:26363$8347.
    dead port 2/2 on $mux $ternary$/workspace/incremental-synthesis/benchmarks/cv32e40p-eco-001-base/core/common/normalized_cv32e40p.v:26372$8356.
    dead port 2/2 on $mux $ternary$/workspace/incremental-synthesis/benchmarks/cv32e40p-eco-001-base/core/common/normalized_cv32e40p.v:26381$8365.
    dead port 2/2 on $mux $ternary$/workspace/incremental-synthesis/benchmarks/cv32e40p-eco-001-base/core/common/normalized_cv32e40p.v:26388$8372.
    dead port 2/2 on $mux $ternary$/workspace/incremental-synthesis/benchmarks/cv32e40p-eco-001-base/core/common/normalized_cv32e40p.v:26392$8376.
    dead port 2/2 on $mux $ternary$/workspace/incremental-synthesis/benchmarks/cv32e40p-eco-001-base/core/common/normalized_cv32e40p.v:26399$8383.
    dead port 2/2 on $mux $ternary$/workspace/incremental-synthesis/benchmarks/cv32e40p-eco-001-base/core/common/normalized_cv32e40p.v:26408$8392.
    dead port 2/2 on $mux $ternary$/workspace/incremental-synthesis/benchmarks/cv32e40p-eco-001-base/core/common/normalized_cv32e40p.v:26437$8421.
    dead port 2/2 on $mux $ternary$/workspace/incremental-synthesis/benchmarks/cv32e40p-eco-001-base/core/common/normalized_cv32e40p.v:26444$8428.
    dead port 2/2 on $mux $ternary$/workspace/incremental-synthesis/benchmarks/cv32e40p-eco-001-base/core/common/normalized_cv32e40p.v:26484$8468.
    dead port 2/2 on $mux $ternary$/workspace/incremental-synthesis/benchmarks/cv32e40p-eco-001-base/core/common/normalized_cv32e40p.v:26488$8472.
    dead port 2/2 on $mux $ternary$/workspace/incremental-synthesis/benchmarks/cv32e40p-eco-001-base/core/common/normalized_cv32e40p.v:26497$8481.
    dead port 2/2 on $mux $ternary$/workspace/incremental-synthesis/benchmarks/cv32e40p-eco-001-base/core/common/normalized_cv32e40p.v:26512$8496.
    dead port 2/2 on $mux $ternary$/workspace/incremental-synthesis/benchmarks/cv32e40p-eco-001-base/core/common/normalized_cv32e40p.v:26515$8499.
    dead port 2/2 on $mux $ternary$/workspace/incremental-synthesis/benchmarks/cv32e40p-eco-001-base/core/common/normalized_cv32e40p.v:26518$8502.
    dead port 2/2 on $mux $ternary$/workspace/incremental-synthesis/benchmarks/cv32e40p-eco-001-base/core/common/normalized_cv32e40p.v:26519$8503.
    dead port 2/2 on $mux $ternary$/workspace/incremental-synthesis/benchmarks/cv32e40p-eco-001-base/core/common/normalized_cv32e40p.v:26522$8506.
    dead port 2/2 on $mux $ternary$/workspace/incremental-synthesis/benchmarks/cv32e40p-eco-001-base/core/common/normalized_cv32e40p.v:26523$8507.
    dead port 2/2 on $mux $ternary$/workspace/incremental-synthesis/benchmarks/cv32e40p-eco-001-base/core/common/normalized_cv32e40p.v:26526$8510.
    dead port 2/2 on $mux $ternary$/workspace/incremental-synthesis/benchmarks/cv32e40p-eco-001-base/core/common/normalized_cv32e40p.v:26529$8513.
    dead port 2/2 on $mux $ternary$/workspace/incremental-synthesis/benchmarks/cv32e40p-eco-001-base/core/common/normalized_cv32e40p.v:26532$8516.
    dead port 2/2 on $mux $ternary$/workspace/incremental-synthesis/benchmarks/cv32e40p-eco-001-base/core/common/normalized_cv32e40p.v:26535$8519.
    dead port 2/2 on $mux $ternary$/workspace/incremental-synthesis/benchmarks/cv32e40p-eco-001-base/core/common/normalized_cv32e40p.v:26540$8524.
    dead port 2/2 on $mux $ternary$/workspace/incremental-synthesis/benchmarks/cv32e40p-eco-001-base/core/common/normalized_cv32e40p.v:26545$8529.
    dead port 2/2 on $mux $ternary$/workspace/incremental-synthesis/benchmarks/cv32e40p-eco-001-base/core/common/normalized_cv32e40p.v:26550$8534.
    dead port 2/2 on $mux $ternary$/workspace/incremental-synthesis/benchmarks/cv32e40p-eco-001-base/core/common/normalized_cv32e40p.v:26559$8543.
    dead port 2/2 on $mux $ternary$/workspace/incremental-synthesis/benchmarks/cv32e40p-eco-001-base/core/common/normalized_cv32e40p.v:26561$8545.
    dead port 2/2 on $mux $ternary$/workspace/incremental-synthesis/benchmarks/cv32e40p-eco-001-base/core/common/normalized_cv32e40p.v:26564$8548.
    dead port 2/2 on $mux $ternary$/workspace/incremental-synthesis/benchmarks/cv32e40p-eco-001-base/core/common/normalized_cv32e40p.v:26566$8550.
    dead port 2/2 on $mux $ternary$/workspace/incremental-synthesis/benchmarks/cv32e40p-eco-001-base/core/common/normalized_cv32e40p.v:26568$8552.
    dead port 2/2 on $mux $ternary$/workspace/incremental-synthesis/benchmarks/cv32e40p-eco-001-base/core/common/normalized_cv32e40p.v:26572$8556.
    dead port 2/2 on $mux $ternary$/workspace/incremental-synthesis/benchmarks/cv32e40p-eco-001-base/core/common/normalized_cv32e40p.v:26574$8558.
    dead port 2/2 on $mux $ternary$/workspace/incremental-synthesis/benchmarks/cv32e40p-eco-001-base/core/common/normalized_cv32e40p.v:26580$8564.
    dead port 2/2 on $mux $ternary$/workspace/incremental-synthesis/benchmarks/cv32e40p-eco-001-base/core/common/normalized_cv32e40p.v:26582$8566.
    dead port 2/2 on $mux $ternary$/workspace/incremental-synthesis/benchmarks/cv32e40p-eco-001-base/core/common/normalized_cv32e40p.v:26590$8574.
    dead port 2/2 on $mux $ternary$/workspace/incremental-synthesis/benchmarks/cv32e40p-eco-001-base/core/common/normalized_cv32e40p.v:26592$8576.
    dead port 2/2 on $mux $ternary$/workspace/incremental-synthesis/benchmarks/cv32e40p-eco-001-base/core/common/normalized_cv32e40p.v:26594$8578.
    dead port 2/2 on $mux $ternary$/workspace/incremental-synthesis/benchmarks/cv32e40p-eco-001-base/core/common/normalized_cv32e40p.v:26596$8580.
    dead port 2/2 on $mux $ternary$/workspace/incremental-synthesis/benchmarks/cv32e40p-eco-001-base/core/common/normalized_cv32e40p.v:26600$8584.
    dead port 2/2 on $mux $ternary$/workspace/incremental-synthesis/benchmarks/cv32e40p-eco-001-base/core/common/normalized_cv32e40p.v:26602$8586.
    dead port 2/2 on $mux $ternary$/workspace/incremental-synthesis/benchmarks/cv32e40p-eco-001-base/core/common/normalized_cv32e40p.v:26606$8590.
    dead port 2/2 on $mux $ternary$/workspace/incremental-synthesis/benchmarks/cv32e40p-eco-001-base/core/common/normalized_cv32e40p.v:26608$8592.
    dead port 2/2 on $mux $ternary$/workspace/incremental-synthesis/benchmarks/cv32e40p-eco-001-base/core/common/normalized_cv32e40p.v:26616$8600.
    dead port 2/2 on $mux $ternary$/workspace/incremental-synthesis/benchmarks/cv32e40p-eco-001-base/core/common/normalized_cv32e40p.v:26618$8602.
    dead port 2/2 on $mux $ternary$/workspace/incremental-synthesis/benchmarks/cv32e40p-eco-001-base/core/common/normalized_cv32e40p.v:26622$8606.
    dead port 2/2 on $mux $ternary$/workspace/incremental-synthesis/benchmarks/cv32e40p-eco-001-base/core/common/normalized_cv32e40p.v:26630$8614.
    dead port 2/2 on $mux $ternary$/workspace/incremental-synthesis/benchmarks/cv32e40p-eco-001-base/core/common/normalized_cv32e40p.v:26634$8618.
    dead port 2/2 on $mux $ternary$/workspace/incremental-synthesis/benchmarks/cv32e40p-eco-001-base/core/common/normalized_cv32e40p.v:26638$8622.
    dead port 2/2 on $mux $ternary$/workspace/incremental-synthesis/benchmarks/cv32e40p-eco-001-base/core/common/normalized_cv32e40p.v:26650$8634.
    dead port 2/2 on $mux $ternary$/workspace/incremental-synthesis/benchmarks/cv32e40p-eco-001-base/core/common/normalized_cv32e40p.v:26662$8646.
    dead port 2/2 on $mux $ternary$/workspace/incremental-synthesis/benchmarks/cv32e40p-eco-001-base/core/common/normalized_cv32e40p.v:26670$8654.
    dead port 2/2 on $mux $ternary$/workspace/incremental-synthesis/benchmarks/cv32e40p-eco-001-base/core/common/normalized_cv32e40p.v:26678$8662.
    dead port 2/2 on $mux $ternary$/workspace/incremental-synthesis/benchmarks/cv32e40p-eco-001-base/core/common/normalized_cv32e40p.v:26688$8672.
    dead port 2/2 on $mux $ternary$/workspace/incremental-synthesis/benchmarks/cv32e40p-eco-001-base/core/common/normalized_cv32e40p.v:26690$8674.
    dead port 2/2 on $mux $ternary$/workspace/incremental-synthesis/benchmarks/cv32e40p-eco-001-base/core/common/normalized_cv32e40p.v:26695$8679.
    dead port 2/2 on $mux $ternary$/workspace/incremental-synthesis/benchmarks/cv32e40p-eco-001-base/core/common/normalized_cv32e40p.v:26697$8681.
    dead port 2/2 on $mux $ternary$/workspace/incremental-synthesis/benchmarks/cv32e40p-eco-001-base/core/common/normalized_cv32e40p.v:26700$8684.
    dead port 2/2 on $mux $ternary$/workspace/incremental-synthesis/benchmarks/cv32e40p-eco-001-base/core/common/normalized_cv32e40p.v:26702$8686.
    dead port 2/2 on $mux $ternary$/workspace/incremental-synthesis/benchmarks/cv32e40p-eco-001-base/core/common/normalized_cv32e40p.v:26704$8688.
    dead port 2/2 on $mux $ternary$/workspace/incremental-synthesis/benchmarks/cv32e40p-eco-001-base/core/common/normalized_cv32e40p.v:26710$8694.
    dead port 2/2 on $mux $ternary$/workspace/incremental-synthesis/benchmarks/cv32e40p-eco-001-base/core/common/normalized_cv32e40p.v:26712$8696.
    dead port 2/2 on $mux $ternary$/workspace/incremental-synthesis/benchmarks/cv32e40p-eco-001-base/core/common/normalized_cv32e40p.v:26718$8702.
    dead port 2/2 on $mux $ternary$/workspace/incremental-synthesis/benchmarks/cv32e40p-eco-001-base/core/common/normalized_cv32e40p.v:26720$8704.
    dead port 2/2 on $mux $ternary$/workspace/incremental-synthesis/benchmarks/cv32e40p-eco-001-base/core/common/normalized_cv32e40p.v:26723$8707.
    dead port 2/2 on $mux $ternary$/workspace/incremental-synthesis/benchmarks/cv32e40p-eco-001-base/core/common/normalized_cv32e40p.v:26725$8709.
    dead port 2/2 on $mux $ternary$/workspace/incremental-synthesis/benchmarks/cv32e40p-eco-001-base/core/common/normalized_cv32e40p.v:26727$8711.
    dead port 2/2 on $mux $ternary$/workspace/incremental-synthesis/benchmarks/cv32e40p-eco-001-base/core/common/normalized_cv32e40p.v:26732$8716.
    dead port 2/2 on $mux $ternary$/workspace/incremental-synthesis/benchmarks/cv32e40p-eco-001-base/core/common/normalized_cv32e40p.v:26734$8718.
    dead port 2/2 on $mux $ternary$/workspace/incremental-synthesis/benchmarks/cv32e40p-eco-001-base/core/common/normalized_cv32e40p.v:26737$8721.
    dead port 2/2 on $mux $ternary$/workspace/incremental-synthesis/benchmarks/cv32e40p-eco-001-base/core/common/normalized_cv32e40p.v:26739$8723.
    dead port 2/2 on $mux $ternary$/workspace/incremental-synthesis/benchmarks/cv32e40p-eco-001-base/core/common/normalized_cv32e40p.v:26741$8725.
    dead port 2/2 on $mux $ternary$/workspace/incremental-synthesis/benchmarks/cv32e40p-eco-001-base/core/common/normalized_cv32e40p.v:26744$8728.
    dead port 2/2 on $mux $ternary$/workspace/incremental-synthesis/benchmarks/cv32e40p-eco-001-base/core/common/normalized_cv32e40p.v:26746$8730.
    dead port 2/2 on $mux $ternary$/workspace/incremental-synthesis/benchmarks/cv32e40p-eco-001-base/core/common/normalized_cv32e40p.v:26748$8732.
    dead port 2/2 on $mux $ternary$/workspace/incremental-synthesis/benchmarks/cv32e40p-eco-001-base/core/common/normalized_cv32e40p.v:26752$8736.
    dead port 2/2 on $mux $ternary$/workspace/incremental-synthesis/benchmarks/cv32e40p-eco-001-base/core/common/normalized_cv32e40p.v:26754$8738.
    dead port 2/2 on $mux $ternary$/workspace/incremental-synthesis/benchmarks/cv32e40p-eco-001-base/core/common/normalized_cv32e40p.v:26759$8743.
    dead port 2/2 on $mux $ternary$/workspace/incremental-synthesis/benchmarks/cv32e40p-eco-001-base/core/common/normalized_cv32e40p.v:26761$8745.
    dead port 2/2 on $mux $ternary$/workspace/incremental-synthesis/benchmarks/cv32e40p-eco-001-base/core/common/normalized_cv32e40p.v:26765$8749.
    dead port 2/2 on $mux $ternary$/workspace/incremental-synthesis/benchmarks/cv32e40p-eco-001-base/core/common/normalized_cv32e40p.v:26767$8751.
    dead port 2/2 on $mux $ternary$/workspace/incremental-synthesis/benchmarks/cv32e40p-eco-001-base/core/common/normalized_cv32e40p.v:26773$8757.
    dead port 2/2 on $mux $ternary$/workspace/incremental-synthesis/benchmarks/cv32e40p-eco-001-base/core/common/normalized_cv32e40p.v:26775$8759.
    dead port 2/2 on $mux $ternary$/workspace/incremental-synthesis/benchmarks/cv32e40p-eco-001-base/core/common/normalized_cv32e40p.v:26785$8769.
    dead port 2/2 on $mux $ternary$/workspace/incremental-synthesis/benchmarks/cv32e40p-eco-001-base/core/common/normalized_cv32e40p.v:26787$8771.
    dead port 2/2 on $mux $ternary$/workspace/incremental-synthesis/benchmarks/cv32e40p-eco-001-base/core/common/normalized_cv32e40p.v:26790$8774.
    dead port 2/2 on $mux $ternary$/workspace/incremental-synthesis/benchmarks/cv32e40p-eco-001-base/core/common/normalized_cv32e40p.v:26794$8778.
    dead port 2/2 on $mux $ternary$/workspace/incremental-synthesis/benchmarks/cv32e40p-eco-001-base/core/common/normalized_cv32e40p.v:26796$8780.
    dead port 2/2 on $mux $ternary$/workspace/incremental-synthesis/benchmarks/cv32e40p-eco-001-base/core/common/normalized_cv32e40p.v:26805$8789.
    dead port 2/2 on $mux $ternary$/workspace/incremental-synthesis/benchmarks/cv32e40p-eco-001-base/core/common/normalized_cv32e40p.v:26815$8799.
    dead port 2/2 on $mux $ternary$/workspace/incremental-synthesis/benchmarks/cv32e40p-eco-001-base/core/common/normalized_cv32e40p.v:26817$8801.
    dead port 2/2 on $mux $ternary$/workspace/incremental-synthesis/benchmarks/cv32e40p-eco-001-base/core/common/normalized_cv32e40p.v:26822$8806.
    dead port 2/2 on $mux $ternary$/workspace/incremental-synthesis/benchmarks/cv32e40p-eco-001-base/core/common/normalized_cv32e40p.v:26856$8840.
    dead port 2/2 on $mux $ternary$/workspace/incremental-synthesis/benchmarks/cv32e40p-eco-001-base/core/common/normalized_cv32e40p.v:26858$8842.
    dead port 2/2 on $mux $ternary$/workspace/incremental-synthesis/benchmarks/cv32e40p-eco-001-base/core/common/normalized_cv32e40p.v:26861$8845.
    dead port 2/2 on $mux $ternary$/workspace/incremental-synthesis/benchmarks/cv32e40p-eco-001-base/core/common/normalized_cv32e40p.v:26863$8847.
    dead port 2/2 on $mux $ternary$/workspace/incremental-synthesis/benchmarks/cv32e40p-eco-001-base/core/common/normalized_cv32e40p.v:26897$8881.
    dead port 2/2 on $mux $ternary$/workspace/incremental-synthesis/benchmarks/cv32e40p-eco-001-base/core/common/normalized_cv32e40p.v:26899$8883.
    dead port 2/2 on $mux $ternary$/workspace/incremental-synthesis/benchmarks/cv32e40p-eco-001-base/core/common/normalized_cv32e40p.v:26904$8888.
    dead port 2/2 on $mux $ternary$/workspace/incremental-synthesis/benchmarks/cv32e40p-eco-001-base/core/common/normalized_cv32e40p.v:26938$8922.
    dead port 2/2 on $mux $ternary$/workspace/incremental-synthesis/benchmarks/cv32e40p-eco-001-base/core/common/normalized_cv32e40p.v:26940$8924.
    dead port 2/2 on $mux $ternary$/workspace/incremental-synthesis/benchmarks/cv32e40p-eco-001-base/core/common/normalized_cv32e40p.v:26943$8927.
    dead port 2/2 on $mux $ternary$/workspace/incremental-synthesis/benchmarks/cv32e40p-eco-001-base/core/common/normalized_cv32e40p.v:26945$8929.
    dead port 2/2 on $mux $ternary$/workspace/incremental-synthesis/benchmarks/cv32e40p-eco-001-base/core/common/normalized_cv32e40p.v:26979$8963.
    dead port 2/2 on $mux $ternary$/workspace/incremental-synthesis/benchmarks/cv32e40p-eco-001-base/core/common/normalized_cv32e40p.v:26981$8965.
    dead port 2/2 on $mux $ternary$/workspace/incremental-synthesis/benchmarks/cv32e40p-eco-001-base/core/common/normalized_cv32e40p.v:26986$8970.
    dead port 2/2 on $mux $ternary$/workspace/incremental-synthesis/benchmarks/cv32e40p-eco-001-base/core/common/normalized_cv32e40p.v:27020$9004.
    dead port 2/2 on $mux $ternary$/workspace/incremental-synthesis/benchmarks/cv32e40p-eco-001-base/core/common/normalized_cv32e40p.v:27022$9006.
    dead port 2/2 on $mux $ternary$/workspace/incremental-synthesis/benchmarks/cv32e40p-eco-001-base/core/common/normalized_cv32e40p.v:27025$9009.
    dead port 2/2 on $mux $ternary$/workspace/incremental-synthesis/benchmarks/cv32e40p-eco-001-base/core/common/normalized_cv32e40p.v:27027$9011.
    dead port 2/2 on $mux $ternary$/workspace/incremental-synthesis/benchmarks/cv32e40p-eco-001-base/core/common/normalized_cv32e40p.v:27061$9045.
    dead port 2/2 on $mux $ternary$/workspace/incremental-synthesis/benchmarks/cv32e40p-eco-001-base/core/common/normalized_cv32e40p.v:27063$9047.
    dead port 2/2 on $mux $ternary$/workspace/incremental-synthesis/benchmarks/cv32e40p-eco-001-base/core/common/normalized_cv32e40p.v:27066$9050.
    dead port 2/2 on $mux $ternary$/workspace/incremental-synthesis/benchmarks/cv32e40p-eco-001-base/core/common/normalized_cv32e40p.v:27068$9052.
    dead port 2/2 on $mux $ternary$/workspace/incremental-synthesis/benchmarks/cv32e40p-eco-001-base/core/common/normalized_cv32e40p.v:27102$9086.
    dead port 2/2 on $mux $ternary$/workspace/incremental-synthesis/benchmarks/cv32e40p-eco-001-base/core/common/normalized_cv32e40p.v:27104$9088.
    dead port 2/2 on $mux $ternary$/workspace/incremental-synthesis/benchmarks/cv32e40p-eco-001-base/core/common/normalized_cv32e40p.v:27109$9093.
    dead port 2/2 on $mux $ternary$/workspace/incremental-synthesis/benchmarks/cv32e40p-eco-001-base/core/common/normalized_cv32e40p.v:27143$9127.
    dead port 2/2 on $mux $ternary$/workspace/incremental-synthesis/benchmarks/cv32e40p-eco-001-base/core/common/normalized_cv32e40p.v:27145$9129.
    dead port 2/2 on $mux $ternary$/workspace/incremental-synthesis/benchmarks/cv32e40p-eco-001-base/core/common/normalized_cv32e40p.v:27148$9132.
    dead port 2/2 on $mux $ternary$/workspace/incremental-synthesis/benchmarks/cv32e40p-eco-001-base/core/common/normalized_cv32e40p.v:27150$9134.
    dead port 2/2 on $mux $ternary$/workspace/incremental-synthesis/benchmarks/cv32e40p-eco-001-base/core/common/normalized_cv32e40p.v:27184$9168.
    dead port 2/2 on $mux $ternary$/workspace/incremental-synthesis/benchmarks/cv32e40p-eco-001-base/core/common/normalized_cv32e40p.v:27186$9170.
    dead port 2/2 on $mux $ternary$/workspace/incremental-synthesis/benchmarks/cv32e40p-eco-001-base/core/common/normalized_cv32e40p.v:27190$9174.
    dead port 2/2 on $mux $ternary$/workspace/incremental-synthesis/benchmarks/cv32e40p-eco-001-base/core/common/normalized_cv32e40p.v:27224$9208.
    dead port 2/2 on $mux $ternary$/workspace/incremental-synthesis/benchmarks/cv32e40p-eco-001-base/core/common/normalized_cv32e40p.v:27226$9210.
    dead port 2/2 on $mux $ternary$/workspace/incremental-synthesis/benchmarks/cv32e40p-eco-001-base/core/common/normalized_cv32e40p.v:27232$9216.
    dead port 2/2 on $mux $ternary$/workspace/incremental-synthesis/benchmarks/cv32e40p-eco-001-base/core/common/normalized_cv32e40p.v:27266$9250.
    dead port 2/2 on $mux $ternary$/workspace/incremental-synthesis/benchmarks/cv32e40p-eco-001-base/core/common/normalized_cv32e40p.v:27268$9252.
    dead port 2/2 on $mux $ternary$/workspace/incremental-synthesis/benchmarks/cv32e40p-eco-001-base/core/common/normalized_cv32e40p.v:27306$9290.
    dead port 2/2 on $mux $ternary$/workspace/incremental-synthesis/benchmarks/cv32e40p-eco-001-base/core/common/normalized_cv32e40p.v:27308$9292.
    dead port 2/2 on $mux $ternary$/workspace/incremental-synthesis/benchmarks/cv32e40p-eco-001-base/core/common/normalized_cv32e40p.v:27330$9314.
    dead port 2/2 on $mux $ternary$/workspace/incremental-synthesis/benchmarks/cv32e40p-eco-001-base/core/common/normalized_cv32e40p.v:27364$9348.
    dead port 2/2 on $mux $ternary$/workspace/incremental-synthesis/benchmarks/cv32e40p-eco-001-base/core/common/normalized_cv32e40p.v:27366$9350.
    dead port 2/2 on $mux $ternary$/workspace/incremental-synthesis/benchmarks/cv32e40p-eco-001-base/core/common/normalized_cv32e40p.v:27412$9396.
    dead port 2/2 on $mux $ternary$/workspace/incremental-synthesis/benchmarks/cv32e40p-eco-001-base/core/common/normalized_cv32e40p.v:27414$9398.
    dead port 2/2 on $mux $ternary$/workspace/incremental-synthesis/benchmarks/cv32e40p-eco-001-base/core/common/normalized_cv32e40p.v:27470$9454.
    dead port 2/2 on $mux $ternary$/workspace/incremental-synthesis/benchmarks/cv32e40p-eco-001-base/core/common/normalized_cv32e40p.v:27472$9456.
    dead port 2/2 on $mux $ternary$/workspace/incremental-synthesis/benchmarks/cv32e40p-eco-001-base/core/common/normalized_cv32e40p.v:27476$9460.
    dead port 2/2 on $mux $ternary$/workspace/incremental-synthesis/benchmarks/cv32e40p-eco-001-base/core/common/normalized_cv32e40p.v:27486$9470.
    dead port 2/2 on $mux $ternary$/workspace/incremental-synthesis/benchmarks/cv32e40p-eco-001-base/core/common/normalized_cv32e40p.v:27488$9472.
    dead port 2/2 on $mux $ternary$/workspace/incremental-synthesis/benchmarks/cv32e40p-eco-001-base/core/common/normalized_cv32e40p.v:27493$9477.
    dead port 2/2 on $mux $ternary$/workspace/incremental-synthesis/benchmarks/cv32e40p-eco-001-base/core/common/normalized_cv32e40p.v:27503$9487.
    dead port 2/2 on $mux $ternary$/workspace/incremental-synthesis/benchmarks/cv32e40p-eco-001-base/core/common/normalized_cv32e40p.v:27505$9489.
    dead port 2/2 on $mux $ternary$/workspace/incremental-synthesis/benchmarks/cv32e40p-eco-001-base/core/common/normalized_cv32e40p.v:27510$9494.
    dead port 2/2 on $mux $ternary$/workspace/incremental-synthesis/benchmarks/cv32e40p-eco-001-base/core/common/normalized_cv32e40p.v:27520$9504.
    dead port 2/2 on $mux $ternary$/workspace/incremental-synthesis/benchmarks/cv32e40p-eco-001-base/core/common/normalized_cv32e40p.v:27522$9506.
    dead port 2/2 on $mux $ternary$/workspace/incremental-synthesis/benchmarks/cv32e40p-eco-001-base/core/common/normalized_cv32e40p.v:27539$9523.
    dead port 2/2 on $mux $ternary$/workspace/incremental-synthesis/benchmarks/cv32e40p-eco-001-base/core/common/normalized_cv32e40p.v:27541$9525.
    dead port 2/2 on $mux $ternary$/workspace/incremental-synthesis/benchmarks/cv32e40p-eco-001-base/core/common/normalized_cv32e40p.v:27546$9530.
    dead port 2/2 on $mux $ternary$/workspace/incremental-synthesis/benchmarks/cv32e40p-eco-001-base/core/common/normalized_cv32e40p.v:27556$9540.
    dead port 2/2 on $mux $ternary$/workspace/incremental-synthesis/benchmarks/cv32e40p-eco-001-base/core/common/normalized_cv32e40p.v:27558$9542.
    dead port 2/2 on $mux $ternary$/workspace/incremental-synthesis/benchmarks/cv32e40p-eco-001-base/core/common/normalized_cv32e40p.v:27562$9546.
    dead port 2/2 on $mux $ternary$/workspace/incremental-synthesis/benchmarks/cv32e40p-eco-001-base/core/common/normalized_cv32e40p.v:27572$9556.
    dead port 2/2 on $mux $ternary$/workspace/incremental-synthesis/benchmarks/cv32e40p-eco-001-base/core/common/normalized_cv32e40p.v:27574$9558.
    dead port 2/2 on $mux $ternary$/workspace/incremental-synthesis/benchmarks/cv32e40p-eco-001-base/core/common/normalized_cv32e40p.v:27578$9562.
    dead port 2/2 on $mux $ternary$/workspace/incremental-synthesis/benchmarks/cv32e40p-eco-001-base/core/common/normalized_cv32e40p.v:27588$9572.
    dead port 2/2 on $mux $ternary$/workspace/incremental-synthesis/benchmarks/cv32e40p-eco-001-base/core/common/normalized_cv32e40p.v:27590$9574.
    dead port 2/2 on $mux $ternary$/workspace/incremental-synthesis/benchmarks/cv32e40p-eco-001-base/core/common/normalized_cv32e40p.v:27597$9581.
    dead port 2/2 on $mux $ternary$/workspace/incremental-synthesis/benchmarks/cv32e40p-eco-001-base/core/common/normalized_cv32e40p.v:27607$9591.
    dead port 2/2 on $mux $ternary$/workspace/incremental-synthesis/benchmarks/cv32e40p-eco-001-base/core/common/normalized_cv32e40p.v:27609$9593.
    dead port 2/2 on $mux $ternary$/workspace/incremental-synthesis/benchmarks/cv32e40p-eco-001-base/core/common/normalized_cv32e40p.v:27613$9597.
    dead port 2/2 on $mux $ternary$/workspace/incremental-synthesis/benchmarks/cv32e40p-eco-001-base/core/common/normalized_cv32e40p.v:27623$9607.
    dead port 2/2 on $mux $ternary$/workspace/incremental-synthesis/benchmarks/cv32e40p-eco-001-base/core/common/normalized_cv32e40p.v:27625$9609.
    dead port 2/2 on $mux $ternary$/workspace/incremental-synthesis/benchmarks/cv32e40p-eco-001-base/core/common/normalized_cv32e40p.v:27630$9614.
    dead port 2/2 on $mux $ternary$/workspace/incremental-synthesis/benchmarks/cv32e40p-eco-001-base/core/common/normalized_cv32e40p.v:27640$9624.
    dead port 2/2 on $mux $ternary$/workspace/incremental-synthesis/benchmarks/cv32e40p-eco-001-base/core/common/normalized_cv32e40p.v:27642$9626.
    dead port 2/2 on $mux $ternary$/workspace/incremental-synthesis/benchmarks/cv32e40p-eco-001-base/core/common/normalized_cv32e40p.v:27647$9631.
    dead port 2/2 on $mux $ternary$/workspace/incremental-synthesis/benchmarks/cv32e40p-eco-001-base/core/common/normalized_cv32e40p.v:27657$9641.
    dead port 2/2 on $mux $ternary$/workspace/incremental-synthesis/benchmarks/cv32e40p-eco-001-base/core/common/normalized_cv32e40p.v:27659$9643.
    dead port 2/2 on $mux $ternary$/workspace/incremental-synthesis/benchmarks/cv32e40p-eco-001-base/core/common/normalized_cv32e40p.v:27674$9658.
    dead port 2/2 on $mux $ternary$/workspace/incremental-synthesis/benchmarks/cv32e40p-eco-001-base/core/common/normalized_cv32e40p.v:27676$9660.
    dead port 2/2 on $mux $ternary$/workspace/incremental-synthesis/benchmarks/cv32e40p-eco-001-base/core/common/normalized_cv32e40p.v:27689$9673.
    dead port 2/2 on $mux $ternary$/workspace/incremental-synthesis/benchmarks/cv32e40p-eco-001-base/core/common/normalized_cv32e40p.v:27691$9675.
    dead port 2/2 on $mux $ternary$/workspace/incremental-synthesis/benchmarks/cv32e40p-eco-001-base/core/common/normalized_cv32e40p.v:27694$9678.
    dead port 2/2 on $mux $ternary$/workspace/incremental-synthesis/benchmarks/cv32e40p-eco-001-base/core/common/normalized_cv32e40p.v:27704$9688.
    dead port 2/2 on $mux $ternary$/workspace/incremental-synthesis/benchmarks/cv32e40p-eco-001-base/core/common/normalized_cv32e40p.v:27706$9690.
    dead port 2/2 on $mux $ternary$/workspace/incremental-synthesis/benchmarks/cv32e40p-eco-001-base/core/common/normalized_cv32e40p.v:27709$9693.
    dead port 2/2 on $mux $ternary$/workspace/incremental-synthesis/benchmarks/cv32e40p-eco-001-base/core/common/normalized_cv32e40p.v:27719$9703.
    dead port 2/2 on $mux $ternary$/workspace/incremental-synthesis/benchmarks/cv32e40p-eco-001-base/core/common/normalized_cv32e40p.v:27721$9705.
    dead port 2/2 on $mux $ternary$/workspace/incremental-synthesis/benchmarks/cv32e40p-eco-001-base/core/common/normalized_cv32e40p.v:27728$9712.
    dead port 2/2 on $mux $ternary$/workspace/incremental-synthesis/benchmarks/cv32e40p-eco-001-base/core/common/normalized_cv32e40p.v:27746$9730.
    dead port 2/2 on $mux $ternary$/workspace/incremental-synthesis/benchmarks/cv32e40p-eco-001-base/core/common/normalized_cv32e40p.v:27748$9732.
    dead port 2/2 on $mux $ternary$/workspace/incremental-synthesis/benchmarks/cv32e40p-eco-001-base/core/common/normalized_cv32e40p.v:27755$9739.
    dead port 2/2 on $mux $ternary$/workspace/incremental-synthesis/benchmarks/cv32e40p-eco-001-base/core/common/normalized_cv32e40p.v:27773$9757.
    dead port 2/2 on $mux $ternary$/workspace/incremental-synthesis/benchmarks/cv32e40p-eco-001-base/core/common/normalized_cv32e40p.v:27775$9759.
    dead port 2/2 on $mux $ternary$/workspace/incremental-synthesis/benchmarks/cv32e40p-eco-001-base/core/common/normalized_cv32e40p.v:27782$9766.
    dead port 2/2 on $mux $ternary$/workspace/incremental-synthesis/benchmarks/cv32e40p-eco-001-base/core/common/normalized_cv32e40p.v:27800$9784.
    dead port 2/2 on $mux $ternary$/workspace/incremental-synthesis/benchmarks/cv32e40p-eco-001-base/core/common/normalized_cv32e40p.v:27802$9786.
    dead port 2/2 on $mux $ternary$/workspace/incremental-synthesis/benchmarks/cv32e40p-eco-001-base/core/common/normalized_cv32e40p.v:27808$9792.
    dead port 2/2 on $mux $ternary$/workspace/incremental-synthesis/benchmarks/cv32e40p-eco-001-base/core/common/normalized_cv32e40p.v:27826$9810.
    dead port 2/2 on $mux $ternary$/workspace/incremental-synthesis/benchmarks/cv32e40p-eco-001-base/core/common/normalized_cv32e40p.v:27828$9812.
    dead port 2/2 on $mux $ternary$/workspace/incremental-synthesis/benchmarks/cv32e40p-eco-001-base/core/common/normalized_cv32e40p.v:27835$9819.
    dead port 2/2 on $mux $ternary$/workspace/incremental-synthesis/benchmarks/cv32e40p-eco-001-base/core/common/normalized_cv32e40p.v:27853$9837.
    dead port 2/2 on $mux $ternary$/workspace/incremental-synthesis/benchmarks/cv32e40p-eco-001-base/core/common/normalized_cv32e40p.v:27855$9839.
    dead port 2/2 on $mux $ternary$/workspace/incremental-synthesis/benchmarks/cv32e40p-eco-001-base/core/common/normalized_cv32e40p.v:27858$9842.
    dead port 2/2 on $mux $ternary$/workspace/incremental-synthesis/benchmarks/cv32e40p-eco-001-base/core/common/normalized_cv32e40p.v:27876$9860.
    dead port 2/2 on $mux $ternary$/workspace/incremental-synthesis/benchmarks/cv32e40p-eco-001-base/core/common/normalized_cv32e40p.v:27878$9862.
    dead port 2/2 on $mux $ternary$/workspace/incremental-synthesis/benchmarks/cv32e40p-eco-001-base/core/common/normalized_cv32e40p.v:27881$9865.
    dead port 2/2 on $mux $ternary$/workspace/incremental-synthesis/benchmarks/cv32e40p-eco-001-base/core/common/normalized_cv32e40p.v:27899$9883.
    dead port 2/2 on $mux $ternary$/workspace/incremental-synthesis/benchmarks/cv32e40p-eco-001-base/core/common/normalized_cv32e40p.v:27901$9885.
    dead port 2/2 on $mux $ternary$/workspace/incremental-synthesis/benchmarks/cv32e40p-eco-001-base/core/common/normalized_cv32e40p.v:27904$9888.
    dead port 2/2 on $mux $ternary$/workspace/incremental-synthesis/benchmarks/cv32e40p-eco-001-base/core/common/normalized_cv32e40p.v:27922$9906.
    dead port 2/2 on $mux $ternary$/workspace/incremental-synthesis/benchmarks/cv32e40p-eco-001-base/core/common/normalized_cv32e40p.v:27924$9908.
    dead port 2/2 on $mux $ternary$/workspace/incremental-synthesis/benchmarks/cv32e40p-eco-001-base/core/common/normalized_cv32e40p.v:27930$9914.
    dead port 2/2 on $mux $ternary$/workspace/incremental-synthesis/benchmarks/cv32e40p-eco-001-base/core/common/normalized_cv32e40p.v:27932$9916.
    dead port 2/2 on $mux $ternary$/workspace/incremental-synthesis/benchmarks/cv32e40p-eco-001-base/core/common/normalized_cv32e40p.v:27938$9922.
    dead port 2/2 on $mux $ternary$/workspace/incremental-synthesis/benchmarks/cv32e40p-eco-001-base/core/common/normalized_cv32e40p.v:27940$9924.
    dead port 2/2 on $mux $ternary$/workspace/incremental-synthesis/benchmarks/cv32e40p-eco-001-base/core/common/normalized_cv32e40p.v:27968$9952.
    dead port 2/2 on $mux $ternary$/workspace/incremental-synthesis/benchmarks/cv32e40p-eco-001-base/core/common/normalized_cv32e40p.v:27970$9954.
    dead port 2/2 on $mux $ternary$/workspace/incremental-synthesis/benchmarks/cv32e40p-eco-001-base/core/common/normalized_cv32e40p.v:28052$10036.
    dead port 2/2 on $mux $ternary$/workspace/incremental-synthesis/benchmarks/cv32e40p-eco-001-base/core/common/normalized_cv32e40p.v:28054$10038.
    dead port 2/2 on $mux $ternary$/workspace/incremental-synthesis/benchmarks/cv32e40p-eco-001-base/core/common/normalized_cv32e40p.v:28074$10058.
    dead port 2/2 on $mux $ternary$/workspace/incremental-synthesis/benchmarks/cv32e40p-eco-001-base/core/common/normalized_cv32e40p.v:28076$10060.
    dead port 2/2 on $mux $ternary$/workspace/incremental-synthesis/benchmarks/cv32e40p-eco-001-base/core/common/normalized_cv32e40p.v:28096$10080.
    dead port 2/2 on $mux $ternary$/workspace/incremental-synthesis/benchmarks/cv32e40p-eco-001-base/core/common/normalized_cv32e40p.v:28098$10082.
    dead port 2/2 on $mux $ternary$/workspace/incremental-synthesis/benchmarks/cv32e40p-eco-001-base/core/common/normalized_cv32e40p.v:28126$10110.
    dead port 2/2 on $mux $ternary$/workspace/incremental-synthesis/benchmarks/cv32e40p-eco-001-base/core/common/normalized_cv32e40p.v:28128$10112.
    dead port 2/2 on $mux $ternary$/workspace/incremental-synthesis/benchmarks/cv32e40p-eco-001-base/core/common/normalized_cv32e40p.v:28156$10140.
    dead port 2/2 on $mux $ternary$/workspace/incremental-synthesis/benchmarks/cv32e40p-eco-001-base/core/common/normalized_cv32e40p.v:28158$10142.
    dead port 2/2 on $mux $ternary$/workspace/incremental-synthesis/benchmarks/cv32e40p-eco-001-base/core/common/normalized_cv32e40p.v:28170$10154.
    dead port 2/2 on $mux $ternary$/workspace/incremental-synthesis/benchmarks/cv32e40p-eco-001-base/core/common/normalized_cv32e40p.v:28172$10156.
    dead port 2/2 on $mux $ternary$/workspace/incremental-synthesis/benchmarks/cv32e40p-eco-001-base/core/common/normalized_cv32e40p.v:28200$10184.
    dead port 2/2 on $mux $ternary$/workspace/incremental-synthesis/benchmarks/cv32e40p-eco-001-base/core/common/normalized_cv32e40p.v:28202$10186.
    dead port 2/2 on $mux $ternary$/workspace/incremental-synthesis/benchmarks/cv32e40p-eco-001-base/core/common/normalized_cv32e40p.v:28208$10192.
    dead port 2/2 on $mux $ternary$/workspace/incremental-synthesis/benchmarks/cv32e40p-eco-001-base/core/common/normalized_cv32e40p.v:28210$10194.
    dead port 2/2 on $mux $ternary$/workspace/incremental-synthesis/benchmarks/cv32e40p-eco-001-base/core/common/normalized_cv32e40p.v:28242$10226.
    dead port 2/2 on $mux $ternary$/workspace/incremental-synthesis/benchmarks/cv32e40p-eco-001-base/core/common/normalized_cv32e40p.v:28244$10228.
    dead port 2/2 on $mux $ternary$/workspace/incremental-synthesis/benchmarks/cv32e40p-eco-001-base/core/common/normalized_cv32e40p.v:28288$10272.
    dead port 2/2 on $mux $ternary$/workspace/incremental-synthesis/benchmarks/cv32e40p-eco-001-base/core/common/normalized_cv32e40p.v:28290$10274.
    dead port 2/2 on $mux $ternary$/workspace/incremental-synthesis/benchmarks/cv32e40p-eco-001-base/core/common/normalized_cv32e40p.v:28326$10310.
    dead port 2/2 on $mux $ternary$/workspace/incremental-synthesis/benchmarks/cv32e40p-eco-001-base/core/common/normalized_cv32e40p.v:28328$10312.
    dead port 2/2 on $mux $ternary$/workspace/incremental-synthesis/benchmarks/cv32e40p-eco-001-base/core/common/normalized_cv32e40p.v:28340$10324.
    dead port 2/2 on $mux $ternary$/workspace/incremental-synthesis/benchmarks/cv32e40p-eco-001-base/core/common/normalized_cv32e40p.v:28342$10326.
    dead port 2/2 on $mux $ternary$/workspace/incremental-synthesis/benchmarks/cv32e40p-eco-001-base/core/common/normalized_cv32e40p.v:28404$10388.
    dead port 2/2 on $mux $ternary$/workspace/incremental-synthesis/benchmarks/cv32e40p-eco-001-base/core/common/normalized_cv32e40p.v:28406$10390.
    dead port 2/2 on $mux $ternary$/workspace/incremental-synthesis/benchmarks/cv32e40p-eco-001-base/core/common/normalized_cv32e40p.v:28418$10402.
    dead port 2/2 on $mux $ternary$/workspace/incremental-synthesis/benchmarks/cv32e40p-eco-001-base/core/common/normalized_cv32e40p.v:28420$10404.
    dead port 2/2 on $mux $ternary$/workspace/incremental-synthesis/benchmarks/cv32e40p-eco-001-base/core/common/normalized_cv32e40p.v:28499$10483.
    dead port 2/2 on $mux $ternary$/workspace/incremental-synthesis/benchmarks/cv32e40p-eco-001-base/core/common/normalized_cv32e40p.v:28501$10485.
    dead port 2/2 on $mux $ternary$/workspace/incremental-synthesis/benchmarks/cv32e40p-eco-001-base/core/common/normalized_cv32e40p.v:28521$10505.
    dead port 2/2 on $mux $ternary$/workspace/incremental-synthesis/benchmarks/cv32e40p-eco-001-base/core/common/normalized_cv32e40p.v:28523$10507.
    dead port 2/2 on $mux $ternary$/workspace/incremental-synthesis/benchmarks/cv32e40p-eco-001-base/core/common/normalized_cv32e40p.v:28535$10519.
    dead port 2/2 on $mux $ternary$/workspace/incremental-synthesis/benchmarks/cv32e40p-eco-001-base/core/common/normalized_cv32e40p.v:28537$10521.
    dead port 2/2 on $mux $ternary$/workspace/incremental-synthesis/benchmarks/cv32e40p-eco-001-base/core/common/normalized_cv32e40p.v:28557$10541.
    dead port 2/2 on $mux $ternary$/workspace/incremental-synthesis/benchmarks/cv32e40p-eco-001-base/core/common/normalized_cv32e40p.v:28559$10543.
    dead port 2/2 on $mux $ternary$/workspace/incremental-synthesis/benchmarks/cv32e40p-eco-001-base/core/common/normalized_cv32e40p.v:28571$10555.
    dead port 2/2 on $mux $ternary$/workspace/incremental-synthesis/benchmarks/cv32e40p-eco-001-base/core/common/normalized_cv32e40p.v:28573$10557.
    dead port 2/2 on $mux $ternary$/workspace/incremental-synthesis/benchmarks/cv32e40p-eco-001-base/core/common/normalized_cv32e40p.v:28605$10589.
    dead port 2/2 on $mux $ternary$/workspace/incremental-synthesis/benchmarks/cv32e40p-eco-001-base/core/common/normalized_cv32e40p.v:28607$10591.
    dead port 2/2 on $mux $ternary$/workspace/incremental-synthesis/benchmarks/cv32e40p-eco-001-base/core/common/normalized_cv32e40p.v:28689$10673.
    dead port 2/2 on $mux $ternary$/workspace/incremental-synthesis/benchmarks/cv32e40p-eco-001-base/core/common/normalized_cv32e40p.v:28691$10675.
    dead port 2/2 on $mux $ternary$/workspace/incremental-synthesis/benchmarks/cv32e40p-eco-001-base/core/common/normalized_cv32e40p.v:28775$10759.
    dead port 2/2 on $mux $ternary$/workspace/incremental-synthesis/benchmarks/cv32e40p-eco-001-base/core/common/normalized_cv32e40p.v:28859$10843.
    dead port 2/2 on $mux $ternary$/workspace/incremental-synthesis/benchmarks/cv32e40p-eco-001-base/core/common/normalized_cv32e40p.v:28863$10847.
    dead port 2/2 on $mux $ternary$/workspace/incremental-synthesis/benchmarks/cv32e40p-eco-001-base/core/common/normalized_cv32e40p.v:28868$10852.
    dead port 2/2 on $mux $ternary$/workspace/incremental-synthesis/benchmarks/cv32e40p-eco-001-base/core/common/normalized_cv32e40p.v:28876$10860.
    dead port 2/2 on $mux $ternary$/workspace/incremental-synthesis/benchmarks/cv32e40p-eco-001-base/core/common/normalized_cv32e40p.v:28880$10864.
    dead port 2/2 on $mux $ternary$/workspace/incremental-synthesis/benchmarks/cv32e40p-eco-001-base/core/common/normalized_cv32e40p.v:28887$10871.
    dead port 2/2 on $mux $ternary$/workspace/incremental-synthesis/benchmarks/cv32e40p-eco-001-base/core/common/normalized_cv32e40p.v:28894$10878.
    dead port 2/2 on $mux $ternary$/workspace/incremental-synthesis/benchmarks/cv32e40p-eco-001-base/core/common/normalized_cv32e40p.v:28898$10882.
    dead port 2/2 on $mux $ternary$/workspace/incremental-synthesis/benchmarks/cv32e40p-eco-001-base/core/common/normalized_cv32e40p.v:28902$10886.
    dead port 2/2 on $mux $ternary$/workspace/incremental-synthesis/benchmarks/cv32e40p-eco-001-base/core/common/normalized_cv32e40p.v:28906$10890.
    dead port 2/2 on $mux $ternary$/workspace/incremental-synthesis/benchmarks/cv32e40p-eco-001-base/core/common/normalized_cv32e40p.v:28910$10894.
    dead port 2/2 on $mux $ternary$/workspace/incremental-synthesis/benchmarks/cv32e40p-eco-001-base/core/common/normalized_cv32e40p.v:28914$10898.
    dead port 2/2 on $mux $ternary$/workspace/incremental-synthesis/benchmarks/cv32e40p-eco-001-base/core/common/normalized_cv32e40p.v:28921$10905.
    dead port 2/2 on $mux $ternary$/workspace/incremental-synthesis/benchmarks/cv32e40p-eco-001-base/core/common/normalized_cv32e40p.v:28928$10912.
    dead port 2/2 on $mux $ternary$/workspace/incremental-synthesis/benchmarks/cv32e40p-eco-001-base/core/common/normalized_cv32e40p.v:28935$10919.
    dead port 2/2 on $mux $ternary$/workspace/incremental-synthesis/benchmarks/cv32e40p-eco-001-base/core/common/normalized_cv32e40p.v:28942$10926.
    dead port 2/2 on $mux $ternary$/workspace/incremental-synthesis/benchmarks/cv32e40p-eco-001-base/core/common/normalized_cv32e40p.v:28946$10930.
    dead port 2/2 on $mux $ternary$/workspace/incremental-synthesis/benchmarks/cv32e40p-eco-001-base/core/common/normalized_cv32e40p.v:28950$10934.
    dead port 2/2 on $mux $ternary$/workspace/incremental-synthesis/benchmarks/cv32e40p-eco-001-base/core/common/normalized_cv32e40p.v:28957$10941.
    dead port 2/2 on $mux $ternary$/workspace/incremental-synthesis/benchmarks/cv32e40p-eco-001-base/core/common/normalized_cv32e40p.v:28961$10945.
    dead port 2/2 on $mux $ternary$/workspace/incremental-synthesis/benchmarks/cv32e40p-eco-001-base/core/common/normalized_cv32e40p.v:28968$10952.
    dead port 2/2 on $mux $ternary$/workspace/incremental-synthesis/benchmarks/cv32e40p-eco-001-base/core/common/normalized_cv32e40p.v:28975$10959.
    dead port 2/2 on $mux $ternary$/workspace/incremental-synthesis/benchmarks/cv32e40p-eco-001-base/core/common/normalized_cv32e40p.v:28986$10970.
    dead port 2/2 on $mux $ternary$/workspace/incremental-synthesis/benchmarks/cv32e40p-eco-001-base/core/common/normalized_cv32e40p.v:28990$10974.
    dead port 2/2 on $mux $ternary$/workspace/incremental-synthesis/benchmarks/cv32e40p-eco-001-base/core/common/normalized_cv32e40p.v:28994$10978.
    dead port 2/2 on $mux $ternary$/workspace/incremental-synthesis/benchmarks/cv32e40p-eco-001-base/core/common/normalized_cv32e40p.v:28998$10982.
    dead port 2/2 on $mux $ternary$/workspace/incremental-synthesis/benchmarks/cv32e40p-eco-001-base/core/common/normalized_cv32e40p.v:29002$10986.
    dead port 2/2 on $mux $ternary$/workspace/incremental-synthesis/benchmarks/cv32e40p-eco-001-base/core/common/normalized_cv32e40p.v:29006$10990.
    dead port 2/2 on $mux $ternary$/workspace/incremental-synthesis/benchmarks/cv32e40p-eco-001-base/core/common/normalized_cv32e40p.v:29021$11005.
    dead port 2/2 on $mux $ternary$/workspace/incremental-synthesis/benchmarks/cv32e40p-eco-001-base/core/common/normalized_cv32e40p.v:29029$11013.
    dead port 1/2 on $mux $ternary$/workspace/incremental-synthesis/benchmarks/cv32e40p-eco-001-base/core/common/normalized_cv32e40p.v:29032$11016.
    dead port 2/2 on $mux $ternary$/workspace/incremental-synthesis/benchmarks/cv32e40p-eco-001-base/core/common/normalized_cv32e40p.v:29033$11017.
    dead port 2/2 on $mux $ternary$/workspace/incremental-synthesis/benchmarks/cv32e40p-eco-001-base/core/common/normalized_cv32e40p.v:29043$11027.
    dead port 2/2 on $mux $ternary$/workspace/incremental-synthesis/benchmarks/cv32e40p-eco-001-base/core/common/normalized_cv32e40p.v:29046$11030.
    dead port 2/2 on $mux $ternary$/workspace/incremental-synthesis/benchmarks/cv32e40p-eco-001-base/core/common/normalized_cv32e40p.v:29047$11031.
    dead port 2/2 on $mux $ternary$/workspace/incremental-synthesis/benchmarks/cv32e40p-eco-001-base/core/common/normalized_cv32e40p.v:29051$11035.
    dead port 2/2 on $mux $ternary$/workspace/incremental-synthesis/benchmarks/cv32e40p-eco-001-base/core/common/normalized_cv32e40p.v:29052$11036.
    dead port 2/2 on $mux $ternary$/workspace/incremental-synthesis/benchmarks/cv32e40p-eco-001-base/core/common/normalized_cv32e40p.v:29055$11039.
    dead port 2/2 on $mux $ternary$/workspace/incremental-synthesis/benchmarks/cv32e40p-eco-001-base/core/common/normalized_cv32e40p.v:29056$11040.
    dead port 2/2 on $mux $ternary$/workspace/incremental-synthesis/benchmarks/cv32e40p-eco-001-base/core/common/normalized_cv32e40p.v:29059$11043.
    dead port 2/2 on $mux $ternary$/workspace/incremental-synthesis/benchmarks/cv32e40p-eco-001-base/core/common/normalized_cv32e40p.v:29060$11044.
    dead port 2/2 on $mux $ternary$/workspace/incremental-synthesis/benchmarks/cv32e40p-eco-001-base/core/common/normalized_cv32e40p.v:29063$11047.
    dead port 2/2 on $mux $ternary$/workspace/incremental-synthesis/benchmarks/cv32e40p-eco-001-base/core/common/normalized_cv32e40p.v:29064$11048.
    dead port 2/2 on $mux $ternary$/workspace/incremental-synthesis/benchmarks/cv32e40p-eco-001-base/core/common/normalized_cv32e40p.v:29067$11051.
    dead port 2/2 on $mux $ternary$/workspace/incremental-synthesis/benchmarks/cv32e40p-eco-001-base/core/common/normalized_cv32e40p.v:29073$11057.
    dead port 2/2 on $mux $ternary$/workspace/incremental-synthesis/benchmarks/cv32e40p-eco-001-base/core/common/normalized_cv32e40p.v:29079$11063.
    dead port 2/2 on $mux $ternary$/workspace/incremental-synthesis/benchmarks/cv32e40p-eco-001-base/core/common/normalized_cv32e40p.v:29088$11072.
    dead port 2/2 on $mux $ternary$/workspace/incremental-synthesis/benchmarks/cv32e40p-eco-001-base/core/common/normalized_cv32e40p.v:29091$11075.
    dead port 1/2 on $mux $ternary$/workspace/incremental-synthesis/benchmarks/cv32e40p-eco-001-base/core/common/normalized_cv32e40p.v:29103$11087.
    dead port 1/2 on $mux $ternary$/workspace/incremental-synthesis/benchmarks/cv32e40p-eco-001-base/core/common/normalized_cv32e40p.v:29104$11088.
    dead port 2/2 on $mux $ternary$/workspace/incremental-synthesis/benchmarks/cv32e40p-eco-001-base/core/common/normalized_cv32e40p.v:29105$11089.
    dead port 1/2 on $mux $ternary$/workspace/incremental-synthesis/benchmarks/cv32e40p-eco-001-base/core/common/normalized_cv32e40p.v:29111$11095.
    dead port 1/2 on $mux $ternary$/workspace/incremental-synthesis/benchmarks/cv32e40p-eco-001-base/core/common/normalized_cv32e40p.v:29112$11096.
    dead port 2/2 on $mux $ternary$/workspace/incremental-synthesis/benchmarks/cv32e40p-eco-001-base/core/common/normalized_cv32e40p.v:29113$11097.
    dead port 1/2 on $mux $ternary$/workspace/incremental-synthesis/benchmarks/cv32e40p-eco-001-base/core/common/normalized_cv32e40p.v:29117$11101.
    dead port 1/2 on $mux $ternary$/workspace/incremental-synthesis/benchmarks/cv32e40p-eco-001-base/core/common/normalized_cv32e40p.v:29118$11102.
    dead port 2/2 on $mux $ternary$/workspace/incremental-synthesis/benchmarks/cv32e40p-eco-001-base/core/common/normalized_cv32e40p.v:29119$11103.
    dead port 1/2 on $mux $ternary$/workspace/incremental-synthesis/benchmarks/cv32e40p-eco-001-base/core/common/normalized_cv32e40p.v:29125$11109.
    dead port 1/2 on $mux $ternary$/workspace/incremental-synthesis/benchmarks/cv32e40p-eco-001-base/core/common/normalized_cv32e40p.v:29126$11110.
    dead port 2/2 on $mux $ternary$/workspace/incremental-synthesis/benchmarks/cv32e40p-eco-001-base/core/common/normalized_cv32e40p.v:29127$11111.
    dead port 1/2 on $mux $ternary$/workspace/incremental-synthesis/benchmarks/cv32e40p-eco-001-base/core/common/normalized_cv32e40p.v:29129$11113.
    dead port 1/2 on $mux $ternary$/workspace/incremental-synthesis/benchmarks/cv32e40p-eco-001-base/core/common/normalized_cv32e40p.v:29130$11114.
    dead port 2/2 on $mux $ternary$/workspace/incremental-synthesis/benchmarks/cv32e40p-eco-001-base/core/common/normalized_cv32e40p.v:29131$11115.
    dead port 1/2 on $mux $ternary$/workspace/incremental-synthesis/benchmarks/cv32e40p-eco-001-base/core/common/normalized_cv32e40p.v:29137$11121.
    dead port 1/2 on $mux $ternary$/workspace/incremental-synthesis/benchmarks/cv32e40p-eco-001-base/core/common/normalized_cv32e40p.v:29138$11122.
    dead port 2/2 on $mux $ternary$/workspace/incremental-synthesis/benchmarks/cv32e40p-eco-001-base/core/common/normalized_cv32e40p.v:29139$11123.
    dead port 1/2 on $mux $ternary$/workspace/incremental-synthesis/benchmarks/cv32e40p-eco-001-base/core/common/normalized_cv32e40p.v:29145$11129.
    dead port 1/2 on $mux $ternary$/workspace/incremental-synthesis/benchmarks/cv32e40p-eco-001-base/core/common/normalized_cv32e40p.v:29146$11130.
    dead port 2/2 on $mux $ternary$/workspace/incremental-synthesis/benchmarks/cv32e40p-eco-001-base/core/common/normalized_cv32e40p.v:29147$11131.
    dead port 1/2 on $mux $ternary$/workspace/incremental-synthesis/benchmarks/cv32e40p-eco-001-base/core/common/normalized_cv32e40p.v:29162$11146.
    dead port 1/2 on $mux $ternary$/workspace/incremental-synthesis/benchmarks/cv32e40p-eco-001-base/core/common/normalized_cv32e40p.v:29163$11147.
    dead port 2/2 on $mux $ternary$/workspace/incremental-synthesis/benchmarks/cv32e40p-eco-001-base/core/common/normalized_cv32e40p.v:29164$11148.
    dead port 1/2 on $mux $ternary$/workspace/incremental-synthesis/benchmarks/cv32e40p-eco-001-base/core/common/normalized_cv32e40p.v:29169$11153.
    dead port 1/2 on $mux $ternary$/workspace/incremental-synthesis/benchmarks/cv32e40p-eco-001-base/core/common/normalized_cv32e40p.v:29170$11154.
    dead port 2/2 on $mux $ternary$/workspace/incremental-synthesis/benchmarks/cv32e40p-eco-001-base/core/common/normalized_cv32e40p.v:29171$11155.
    dead port 1/2 on $mux $ternary$/workspace/incremental-synthesis/benchmarks/cv32e40p-eco-001-base/core/common/normalized_cv32e40p.v:29177$11161.
    dead port 1/2 on $mux $ternary$/workspace/incremental-synthesis/benchmarks/cv32e40p-eco-001-base/core/common/normalized_cv32e40p.v:29178$11162.
    dead port 2/2 on $mux $ternary$/workspace/incremental-synthesis/benchmarks/cv32e40p-eco-001-base/core/common/normalized_cv32e40p.v:29179$11163.
    dead port 1/2 on $mux $ternary$/workspace/incremental-synthesis/benchmarks/cv32e40p-eco-001-base/core/common/normalized_cv32e40p.v:29199$11183.
    dead port 1/2 on $mux $ternary$/workspace/incremental-synthesis/benchmarks/cv32e40p-eco-001-base/core/common/normalized_cv32e40p.v:29200$11184.
    dead port 2/2 on $mux $ternary$/workspace/incremental-synthesis/benchmarks/cv32e40p-eco-001-base/core/common/normalized_cv32e40p.v:29201$11185.
    dead port 1/2 on $mux $ternary$/workspace/incremental-synthesis/benchmarks/cv32e40p-eco-001-base/core/common/normalized_cv32e40p.v:29204$11188.
    dead port 1/2 on $mux $ternary$/workspace/incremental-synthesis/benchmarks/cv32e40p-eco-001-base/core/common/normalized_cv32e40p.v:29205$11189.
    dead port 2/2 on $mux $ternary$/workspace/incremental-synthesis/benchmarks/cv32e40p-eco-001-base/core/common/normalized_cv32e40p.v:29206$11190.
    dead port 1/2 on $mux $ternary$/workspace/incremental-synthesis/benchmarks/cv32e40p-eco-001-base/core/common/normalized_cv32e40p.v:29209$11193.
    dead port 2/2 on $mux $ternary$/workspace/incremental-synthesis/benchmarks/cv32e40p-eco-001-base/core/common/normalized_cv32e40p.v:29210$11194.
    dead port 2/2 on $mux $ternary$/workspace/incremental-synthesis/benchmarks/cv32e40p-eco-001-base/core/common/normalized_cv32e40p.v:29212$11196.
    dead port 1/2 on $mux $ternary$/workspace/incremental-synthesis/benchmarks/cv32e40p-eco-001-base/core/common/normalized_cv32e40p.v:29213$11197.
    dead port 2/2 on $mux $ternary$/workspace/incremental-synthesis/benchmarks/cv32e40p-eco-001-base/core/common/normalized_cv32e40p.v:29214$11198.
    dead port 1/2 on $mux $ternary$/workspace/incremental-synthesis/benchmarks/cv32e40p-eco-001-base/core/common/normalized_cv32e40p.v:29217$11201.
    dead port 2/2 on $mux $ternary$/workspace/incremental-synthesis/benchmarks/cv32e40p-eco-001-base/core/common/normalized_cv32e40p.v:29218$11202.
    dead port 1/2 on $mux $ternary$/workspace/incremental-synthesis/benchmarks/cv32e40p-eco-001-base/core/common/normalized_cv32e40p.v:29221$11205.
    dead port 2/2 on $mux $ternary$/workspace/incremental-synthesis/benchmarks/cv32e40p-eco-001-base/core/common/normalized_cv32e40p.v:29222$11206.
    dead port 1/2 on $mux $ternary$/workspace/incremental-synthesis/benchmarks/cv32e40p-eco-001-base/core/common/normalized_cv32e40p.v:29225$11209.
    dead port 2/2 on $mux $ternary$/workspace/incremental-synthesis/benchmarks/cv32e40p-eco-001-base/core/common/normalized_cv32e40p.v:29226$11210.
    dead port 1/2 on $mux $ternary$/workspace/incremental-synthesis/benchmarks/cv32e40p-eco-001-base/core/common/normalized_cv32e40p.v:29229$11213.
    dead port 2/2 on $mux $ternary$/workspace/incremental-synthesis/benchmarks/cv32e40p-eco-001-base/core/common/normalized_cv32e40p.v:29230$11214.
    dead port 1/2 on $mux $ternary$/workspace/incremental-synthesis/benchmarks/cv32e40p-eco-001-base/core/common/normalized_cv32e40p.v:29233$11217.
    dead port 2/2 on $mux $ternary$/workspace/incremental-synthesis/benchmarks/cv32e40p-eco-001-base/core/common/normalized_cv32e40p.v:29234$11218.
    dead port 1/2 on $mux $ternary$/workspace/incremental-synthesis/benchmarks/cv32e40p-eco-001-base/core/common/normalized_cv32e40p.v:29237$11221.
    dead port 2/2 on $mux $ternary$/workspace/incremental-synthesis/benchmarks/cv32e40p-eco-001-base/core/common/normalized_cv32e40p.v:29238$11222.
    dead port 1/2 on $mux $ternary$/workspace/incremental-synthesis/benchmarks/cv32e40p-eco-001-base/core/common/normalized_cv32e40p.v:29241$11225.
    dead port 2/2 on $mux $ternary$/workspace/incremental-synthesis/benchmarks/cv32e40p-eco-001-base/core/common/normalized_cv32e40p.v:29242$11226.
    dead port 1/2 on $mux $ternary$/workspace/incremental-synthesis/benchmarks/cv32e40p-eco-001-base/core/common/normalized_cv32e40p.v:29245$11229.
    dead port 2/2 on $mux $ternary$/workspace/incremental-synthesis/benchmarks/cv32e40p-eco-001-base/core/common/normalized_cv32e40p.v:29246$11230.
    dead port 1/2 on $mux $ternary$/workspace/incremental-synthesis/benchmarks/cv32e40p-eco-001-base/core/common/normalized_cv32e40p.v:29249$11233.
    dead port 2/2 on $mux $ternary$/workspace/incremental-synthesis/benchmarks/cv32e40p-eco-001-base/core/common/normalized_cv32e40p.v:29250$11234.
    dead port 1/2 on $mux $ternary$/workspace/incremental-synthesis/benchmarks/cv32e40p-eco-001-base/core/common/normalized_cv32e40p.v:29253$11237.
    dead port 2/2 on $mux $ternary$/workspace/incremental-synthesis/benchmarks/cv32e40p-eco-001-base/core/common/normalized_cv32e40p.v:29254$11238.
    dead port 1/2 on $mux $ternary$/workspace/incremental-synthesis/benchmarks/cv32e40p-eco-001-base/core/common/normalized_cv32e40p.v:29257$11241.
    dead port 2/2 on $mux $ternary$/workspace/incremental-synthesis/benchmarks/cv32e40p-eco-001-base/core/common/normalized_cv32e40p.v:29258$11242.
    dead port 1/2 on $mux $ternary$/workspace/incremental-synthesis/benchmarks/cv32e40p-eco-001-base/core/common/normalized_cv32e40p.v:29261$11245.
    dead port 2/2 on $mux $ternary$/workspace/incremental-synthesis/benchmarks/cv32e40p-eco-001-base/core/common/normalized_cv32e40p.v:29262$11246.
    dead port 2/2 on $mux $ternary$/workspace/incremental-synthesis/benchmarks/cv32e40p-eco-001-base/core/common/normalized_cv32e40p.v:29265$11249.
    dead port 2/2 on $mux $ternary$/workspace/incremental-synthesis/benchmarks/cv32e40p-eco-001-base/core/common/normalized_cv32e40p.v:29268$11252.
    dead port 2/2 on $mux $ternary$/workspace/incremental-synthesis/benchmarks/cv32e40p-eco-001-base/core/common/normalized_cv32e40p.v:29271$11255.
    dead port 2/2 on $mux $ternary$/workspace/incremental-synthesis/benchmarks/cv32e40p-eco-001-base/core/common/normalized_cv32e40p.v:29277$11261.
    dead port 2/2 on $mux $ternary$/workspace/incremental-synthesis/benchmarks/cv32e40p-eco-001-base/core/common/normalized_cv32e40p.v:29280$11264.
    dead port 2/2 on $mux $ternary$/workspace/incremental-synthesis/benchmarks/cv32e40p-eco-001-base/core/common/normalized_cv32e40p.v:29283$11267.
    dead port 2/2 on $mux $ternary$/workspace/incremental-synthesis/benchmarks/cv32e40p-eco-001-base/core/common/normalized_cv32e40p.v:29286$11270.
    dead port 2/2 on $mux $ternary$/workspace/incremental-synthesis/benchmarks/cv32e40p-eco-001-base/core/common/normalized_cv32e40p.v:29289$11273.
    dead port 2/2 on $mux $ternary$/workspace/incremental-synthesis/benchmarks/cv32e40p-eco-001-base/core/common/normalized_cv32e40p.v:29292$11276.
    dead port 2/2 on $mux $ternary$/workspace/incremental-synthesis/benchmarks/cv32e40p-eco-001-base/core/common/normalized_cv32e40p.v:29295$11279.
    dead port 2/2 on $mux $ternary$/workspace/incremental-synthesis/benchmarks/cv32e40p-eco-001-base/core/common/normalized_cv32e40p.v:29298$11282.
    dead port 1/2 on $mux $ternary$/workspace/incremental-synthesis/benchmarks/cv32e40p-eco-001-base/core/common/normalized_cv32e40p.v:29304$11288.
    dead port 2/2 on $mux $ternary$/workspace/incremental-synthesis/benchmarks/cv32e40p-eco-001-base/core/common/normalized_cv32e40p.v:29305$11289.
    dead port 2/2 on $mux $ternary$/workspace/incremental-synthesis/benchmarks/cv32e40p-eco-001-base/core/common/normalized_cv32e40p.v:29307$11291.
    dead port 1/2 on $mux $ternary$/workspace/incremental-synthesis/benchmarks/cv32e40p-eco-001-base/core/common/normalized_cv32e40p.v:29310$11294.
    dead port 2/2 on $mux $ternary$/workspace/incremental-synthesis/benchmarks/cv32e40p-eco-001-base/core/common/normalized_cv32e40p.v:29311$11295.
    dead port 2/2 on $mux $ternary$/workspace/incremental-synthesis/benchmarks/cv32e40p-eco-001-base/core/common/normalized_cv32e40p.v:29313$11297.
    dead port 2/2 on $mux $ternary$/workspace/incremental-synthesis/benchmarks/cv32e40p-eco-001-base/core/common/normalized_cv32e40p.v:29316$11300.
    dead port 2/2 on $mux $ternary$/workspace/incremental-synthesis/benchmarks/cv32e40p-eco-001-base/core/common/normalized_cv32e40p.v:29318$11302.
    dead port 2/2 on $mux $ternary$/workspace/incremental-synthesis/benchmarks/cv32e40p-eco-001-base/core/common/normalized_cv32e40p.v:29321$11305.
    dead port 2/2 on $mux $ternary$/workspace/incremental-synthesis/benchmarks/cv32e40p-eco-001-base/core/common/normalized_cv32e40p.v:29323$11307.
    dead port 2/2 on $mux $ternary$/workspace/incremental-synthesis/benchmarks/cv32e40p-eco-001-base/core/common/normalized_cv32e40p.v:29326$11310.
    dead port 2/2 on $mux $ternary$/workspace/incremental-synthesis/benchmarks/cv32e40p-eco-001-base/core/common/normalized_cv32e40p.v:29328$11312.
    dead port 2/2 on $mux $ternary$/workspace/incremental-synthesis/benchmarks/cv32e40p-eco-001-base/core/common/normalized_cv32e40p.v:29350$11334.
    dead port 2/2 on $mux $ternary$/workspace/incremental-synthesis/benchmarks/cv32e40p-eco-001-base/core/common/normalized_cv32e40p.v:29359$11343.
    dead port 2/2 on $mux $ternary$/workspace/incremental-synthesis/benchmarks/cv32e40p-eco-001-base/core/common/normalized_cv32e40p.v:29364$11348.
    dead port 2/2 on $mux $ternary$/workspace/incremental-synthesis/benchmarks/cv32e40p-eco-001-base/core/common/normalized_cv32e40p.v:29368$11352.
    dead port 2/2 on $mux $ternary$/workspace/incremental-synthesis/benchmarks/cv32e40p-eco-001-base/core/common/normalized_cv32e40p.v:29373$11357.
    dead port 2/2 on $mux $ternary$/workspace/incremental-synthesis/benchmarks/cv32e40p-eco-001-base/core/common/normalized_cv32e40p.v:29386$11370.
    dead port 2/2 on $mux $ternary$/workspace/incremental-synthesis/benchmarks/cv32e40p-eco-001-base/core/common/normalized_cv32e40p.v:29394$11378.
    dead port 2/2 on $mux $ternary$/workspace/incremental-synthesis/benchmarks/cv32e40p-eco-001-base/core/common/normalized_cv32e40p.v:29397$11381.
    dead port 2/2 on $mux $ternary$/workspace/incremental-synthesis/benchmarks/cv32e40p-eco-001-base/core/common/normalized_cv32e40p.v:29400$11384.
Removed 679 multiplexer ports.
<suppressed ~1802 debug messages>

15.6.4. Executing OPT_REDUCE pass (consolidate $*mux and $reduce_* inputs).
  Optimizing cells in module \cv32e40p_decoder$cv32e40p_core.id_stage_i.decoder_i.
    New input vector for $reduce_or cell $reduce_or$/workspace/incremental-synthesis/benchmarks/cv32e40p-eco-001-base/core/common/normalized_cv32e40p.v:24373$6357: { \_04666_ \_04389_ \_03107_ \_02402_ \_00921_ \_00815_ }
    New input vector for $reduce_or cell $reduce_or$/workspace/incremental-synthesis/benchmarks/cv32e40p-eco-001-base/core/common/normalized_cv32e40p.v:24370$6354: { \_02025_ \_01977_ \_01968_ \_01960_ \_01944_ \_01936_ }
    New input vector for $reduce_or cell $reduce_or$/workspace/incremental-synthesis/benchmarks/cv32e40p-eco-001-base/core/common/normalized_cv32e40p.v:24369$6353: { \_02033_ \_02031_ \_01995_ }
    New input vector for $reduce_or cell $reduce_or$/workspace/incremental-synthesis/benchmarks/cv32e40p-eco-001-base/core/common/normalized_cv32e40p.v:24367$6351: { \_01995_ \_01977_ \_01944_ }
    New input vector for $reduce_or cell $reduce_or$/workspace/incremental-synthesis/benchmarks/cv32e40p-eco-001-base/core/common/normalized_cv32e40p.v:24359$6343: { \_02863_ \_02472_ \_02460_ \_02448_ \_02418_ \_02412_ \_00897_ \_00893_ }
    New input vector for $reduce_or cell $reduce_or$/workspace/incremental-synthesis/benchmarks/cv32e40p-eco-001-base/core/common/normalized_cv32e40p.v:24365$6349: { \_02863_ \_02587_ \_02575_ \_02568_ \_02556_ \_02550_ \_02544_ \_02532_ \_02520_ \_02508_ \_02472_ \_02460_ \_02448_ \_02418_ \_02412_ \_00898_ \_00897_ \_00893_ }
    New input vector for $reduce_or cell $reduce_or$/workspace/incremental-synthesis/benchmarks/cv32e40p-eco-001-base/core/common/normalized_cv32e40p.v:24350$6334: { \_02575_ \_02568_ \_02460_ \_02448_ \_02436_ \_02424_ }
    New input vector for $reduce_or cell $reduce_or$/workspace/incremental-synthesis/benchmarks/cv32e40p-eco-001-base/core/common/normalized_cv32e40p.v:24341$6325: { \_02472_ \_02460_ \_02448_ \_02418_ \_02412_ \_00897_ \_00893_ }
    New input vector for $reduce_or cell $reduce_or$/workspace/incremental-synthesis/benchmarks/cv32e40p-eco-001-base/core/common/normalized_cv32e40p.v:24345$6329: { \_02568_ \_02556_ \_02550_ \_02520_ \_02508_ \_02472_ \_02460_ \_02448_ \_02418_ \_02412_ \_00899_ \_00898_ \_00897_ \_00893_ }
    New input vector for $reduce_or cell $reduce_or$/workspace/incremental-synthesis/benchmarks/cv32e40p-eco-001-base/core/common/normalized_cv32e40p.v:24344$6328: { \_02765_ \_02753_ \_02741_ \_02705_ \_02693_ \_00901_ \_00900_ }
    New input vector for $reduce_or cell $reduce_or$/workspace/incremental-synthesis/benchmarks/cv32e40p-eco-001-base/core/common/normalized_cv32e40p.v:24364$6348: { \_02741_ \_02729_ \_02717_ \_02705_ \_02693_ \_02681_ \_02669_ \_02657_ \_02645_ \_00895_ }
    New input vector for $reduce_or cell $reduce_or$/workspace/incremental-synthesis/benchmarks/cv32e40p-eco-001-base/core/common/normalized_cv32e40p.v:24324$6308: { \_03556_ \_03555_ \_03516_ \_03515_ \_03451_ \_03418_ \_00872_ \_00871_ }
    New input vector for $reduce_or cell $reduce_or$/workspace/incremental-synthesis/benchmarks/cv32e40p-eco-001-base/core/common/normalized_cv32e40p.v:24313$6297: { \_04660_ \_03623_ \_03420_ [31:1] \_03409_ }
    New input vector for $reduce_or cell $reduce_or$/workspace/incremental-synthesis/benchmarks/cv32e40p-eco-001-base/core/common/normalized_cv32e40p.v:24310$6294: { \_04660_ \_03420_ [31:1] \_03409_ \_03394_ }
    New input vector for $reduce_or cell $reduce_or$/workspace/incremental-synthesis/benchmarks/cv32e40p-eco-001-base/core/common/normalized_cv32e40p.v:24309$6293: { \_04456_ \_04455_ \_04430_ \_04429_ \_04428_ \_00848_ }
    New input vector for $reduce_or cell $reduce_or$/workspace/incremental-synthesis/benchmarks/cv32e40p-eco-001-base/core/common/normalized_cv32e40p.v:24306$6290: { \_04454_ \_04431_ \_04430_ \_04383_ \_04382_ \_00843_ \_00842_ }
    New input vector for $reduce_or cell $reduce_or$/workspace/incremental-synthesis/benchmarks/cv32e40p-eco-001-base/core/common/normalized_cv32e40p.v:24291$6275: { \_04666_ \_04389_ \_03107_ \_02402_ \_01940_ \_00815_ }
    New input vector for $reduce_or cell $reduce_or$/workspace/incremental-synthesis/benchmarks/cv32e40p-eco-001-base/core/common/normalized_cv32e40p.v:24287$6271: { \_04389_ \_04291_ \_03280_ \_03107_ \_02402_ \_01940_ }
  Optimizing cells in module \cv32e40p_decoder$cv32e40p_core.id_stage_i.decoder_i.
Performed a total of 28 changes.

15.6.5. Executing OPT_MERGE pass (detect identical cells).
Finding identical cells in module `\cv32e40p_decoder$cv32e40p_core.id_stage_i.decoder_i'.
Computing hashes of 1545 cells of `\cv32e40p_decoder$cv32e40p_core.id_stage_i.decoder_i'.
Finding duplicate cells in `\cv32e40p_decoder$cv32e40p_core.id_stage_i.decoder_i'.
Computing hashes of 1464 cells of `\cv32e40p_decoder$cv32e40p_core.id_stage_i.decoder_i'.
Finding duplicate cells in `\cv32e40p_decoder$cv32e40p_core.id_stage_i.decoder_i'.
Computing hashes of 1423 cells of `\cv32e40p_decoder$cv32e40p_core.id_stage_i.decoder_i'.
Finding duplicate cells in `\cv32e40p_decoder$cv32e40p_core.id_stage_i.decoder_i'.
Computing hashes of 1416 cells of `\cv32e40p_decoder$cv32e40p_core.id_stage_i.decoder_i'.
Finding duplicate cells in `\cv32e40p_decoder$cv32e40p_core.id_stage_i.decoder_i'.
Computing hashes of 1412 cells of `\cv32e40p_decoder$cv32e40p_core.id_stage_i.decoder_i'.
Finding duplicate cells in `\cv32e40p_decoder$cv32e40p_core.id_stage_i.decoder_i'.
Computing hashes of 1410 cells of `\cv32e40p_decoder$cv32e40p_core.id_stage_i.decoder_i'.
Finding duplicate cells in `\cv32e40p_decoder$cv32e40p_core.id_stage_i.decoder_i'.
<suppressed ~405 debug messages>
Removed a total of 135 cells.

15.6.6. Executing OPT_DFF pass (perform DFF optimizations).

15.6.7. Executing OPT_CLEAN pass (remove unused cells and wires).
Finding unused cells or wires in module \cv32e40p_decoder$cv32e40p_core.id_stage_i.decoder_i..
Removed 2 unused cells and 2545 unused wires.
<suppressed ~3 debug messages>

15.6.8. Executing OPT_EXPR pass (perform const folding).
Optimizing module cv32e40p_decoder$cv32e40p_core.id_stage_i.decoder_i.

15.6.9. Rerunning OPT passes. (Maybe there is more to do..)

15.6.10. Executing OPT_MUXTREE pass (detect dead branches in mux trees).
Running muxtree optimizer on module \cv32e40p_decoder$cv32e40p_core.id_stage_i.decoder_i..
  Creating internal representation of mux trees.
  Evaluating internal representation of mux trees.
  Analyzing evaluation results.
Removed 0 multiplexer ports.
<suppressed ~1113 debug messages>

15.6.11. Executing OPT_REDUCE pass (consolidate $*mux and $reduce_* inputs).
  Optimizing cells in module \cv32e40p_decoder$cv32e40p_core.id_stage_i.decoder_i.
Performed a total of 0 changes.

15.6.12. Executing OPT_MERGE pass (detect identical cells).
Finding identical cells in module `\cv32e40p_decoder$cv32e40p_core.id_stage_i.decoder_i'.
Computing hashes of 1408 cells of `\cv32e40p_decoder$cv32e40p_core.id_stage_i.decoder_i'.
Finding duplicate cells in `\cv32e40p_decoder$cv32e40p_core.id_stage_i.decoder_i'.
Removed a total of 0 cells.

15.6.13. Executing OPT_DFF pass (perform DFF optimizations).

15.6.14. Executing OPT_CLEAN pass (remove unused cells and wires).
Finding unused cells or wires in module \cv32e40p_decoder$cv32e40p_core.id_stage_i.decoder_i..

15.6.15. Executing OPT_EXPR pass (perform const folding).
Optimizing module cv32e40p_decoder$cv32e40p_core.id_stage_i.decoder_i.

15.6.16. Finished fast OPT passes. (There is nothing left to do.)

15.7. Executing FSM pass (extract and optimize FSM).

15.7.1. Executing FSM_DETECT pass (finding FSMs in design).

15.7.2. Executing FSM_EXTRACT pass (extracting FSM from design).

15.7.3. Executing FSM_OPT pass (simple optimizations of FSMs).

15.7.4. Executing OPT_CLEAN pass (remove unused cells and wires).
Finding unused cells or wires in module \cv32e40p_decoder$cv32e40p_core.id_stage_i.decoder_i..

15.7.5. Executing FSM_OPT pass (simple optimizations of FSMs).

15.7.6. Executing FSM_RECODE pass (re-assigning FSM state encoding).

15.7.7. Executing FSM_INFO pass (dumping all available information on FSM cells).

15.7.8. Executing FSM_MAP pass (mapping FSMs to basic logic).

15.8. Executing OPT pass (performing simple optimizations).

15.8.1. Executing OPT_EXPR pass (perform const folding).
Optimizing module cv32e40p_decoder$cv32e40p_core.id_stage_i.decoder_i.

15.8.2. Executing OPT_MERGE pass (detect identical cells).
Finding identical cells in module `\cv32e40p_decoder$cv32e40p_core.id_stage_i.decoder_i'.
Computing hashes of 1408 cells of `\cv32e40p_decoder$cv32e40p_core.id_stage_i.decoder_i'.
Finding duplicate cells in `\cv32e40p_decoder$cv32e40p_core.id_stage_i.decoder_i'.
Removed a total of 0 cells.

15.8.3. Executing OPT_MUXTREE pass (detect dead branches in mux trees).
Running muxtree optimizer on module \cv32e40p_decoder$cv32e40p_core.id_stage_i.decoder_i..
  Creating internal representation of mux trees.
  Evaluating internal representation of mux trees.
  Analyzing evaluation results.
Removed 0 multiplexer ports.
<suppressed ~1113 debug messages>

15.8.4. Executing OPT_REDUCE pass (consolidate $*mux and $reduce_* inputs).
  Optimizing cells in module \cv32e40p_decoder$cv32e40p_core.id_stage_i.decoder_i.
Performed a total of 0 changes.

15.8.5. Executing OPT_MERGE pass (detect identical cells).
Finding identical cells in module `\cv32e40p_decoder$cv32e40p_core.id_stage_i.decoder_i'.
Computing hashes of 1408 cells of `\cv32e40p_decoder$cv32e40p_core.id_stage_i.decoder_i'.
Finding duplicate cells in `\cv32e40p_decoder$cv32e40p_core.id_stage_i.decoder_i'.
Removed a total of 0 cells.

15.8.6. Executing OPT_DFF pass (perform DFF optimizations).

15.8.7. Executing OPT_CLEAN pass (remove unused cells and wires).
Finding unused cells or wires in module \cv32e40p_decoder$cv32e40p_core.id_stage_i.decoder_i..

15.8.8. Executing OPT_EXPR pass (perform const folding).
Optimizing module cv32e40p_decoder$cv32e40p_core.id_stage_i.decoder_i.

15.8.9. Finished fast OPT passes. (There is nothing left to do.)

15.9. Executing WREDUCE pass (reducing word size of cells).
Removed top 1 bits (of 7) from port B of cell cv32e40p_decoder$cv32e40p_core.id_stage_i.decoder_i.$eq$/workspace/incremental-synthesis/benchmarks/cv32e40p-eco-001-base/core/common/normalized_cv32e40p.v:23572$5569 ($eq).
Removed top 1 bits (of 3) from port B of cell cv32e40p_decoder$cv32e40p_core.id_stage_i.decoder_i.$eq$/workspace/incremental-synthesis/benchmarks/cv32e40p-eco-001-base/core/common/normalized_cv32e40p.v:23583$5580 ($eq).
Removed top 1 bits (of 3) from port B of cell cv32e40p_decoder$cv32e40p_core.id_stage_i.decoder_i.$eq$/workspace/incremental-synthesis/benchmarks/cv32e40p-eco-001-base/core/common/normalized_cv32e40p.v:23585$5582 ($eq).
Removed top 2 bits (of 3) from port B of cell cv32e40p_decoder$cv32e40p_core.id_stage_i.decoder_i.$ne$/workspace/incremental-synthesis/benchmarks/cv32e40p-eco-001-base/core/common/normalized_cv32e40p.v:23684$5681 ($ne).
Removed top 6 bits (of 7) from mux cell cv32e40p_decoder$cv32e40p_core.id_stage_i.decoder_i.$ternary$/workspace/incremental-synthesis/benchmarks/cv32e40p-eco-001-base/core/common/normalized_cv32e40p.v:23744$5741 ($mux).
Removed top 2 bits (of 7) from mux cell cv32e40p_decoder$cv32e40p_core.id_stage_i.decoder_i.$ternary$/workspace/incremental-synthesis/benchmarks/cv32e40p-eco-001-base/core/common/normalized_cv32e40p.v:24412$6396 ($mux).
Removed top 1 bits (of 3) from mux cell cv32e40p_decoder$cv32e40p_core.id_stage_i.decoder_i.$ternary$/workspace/incremental-synthesis/benchmarks/cv32e40p-eco-001-base/core/common/normalized_cv32e40p.v:24419$6403 ($mux).
Removed top 2 bits (of 3) from mux cell cv32e40p_decoder$cv32e40p_core.id_stage_i.decoder_i.$ternary$/workspace/incremental-synthesis/benchmarks/cv32e40p-eco-001-base/core/common/normalized_cv32e40p.v:24420$6404 ($mux).
Removed top 1 bits (of 3) from mux cell cv32e40p_decoder$cv32e40p_core.id_stage_i.decoder_i.$ternary$/workspace/incremental-synthesis/benchmarks/cv32e40p-eco-001-base/core/common/normalized_cv32e40p.v:24421$6405 ($mux).
Removed top 1 bits (of 3) from mux cell cv32e40p_decoder$cv32e40p_core.id_stage_i.decoder_i.$ternary$/workspace/incremental-synthesis/benchmarks/cv32e40p-eco-001-base/core/common/normalized_cv32e40p.v:24432$6416 ($mux).
Removed top 1 bits (of 3) from mux cell cv32e40p_decoder$cv32e40p_core.id_stage_i.decoder_i.$ternary$/workspace/incremental-synthesis/benchmarks/cv32e40p-eco-001-base/core/common/normalized_cv32e40p.v:24433$6417 ($mux).
Removed top 1 bits (of 3) from mux cell cv32e40p_decoder$cv32e40p_core.id_stage_i.decoder_i.$ternary$/workspace/incremental-synthesis/benchmarks/cv32e40p-eco-001-base/core/common/normalized_cv32e40p.v:24434$6418 ($mux).
Removed top 2 bits (of 4) from mux cell cv32e40p_decoder$cv32e40p_core.id_stage_i.decoder_i.$ternary$/workspace/incremental-synthesis/benchmarks/cv32e40p-eco-001-base/core/common/normalized_cv32e40p.v:24446$6430 ($mux).
Removed top 2 bits (of 4) from mux cell cv32e40p_decoder$cv32e40p_core.id_stage_i.decoder_i.$ternary$/workspace/incremental-synthesis/benchmarks/cv32e40p-eco-001-base/core/common/normalized_cv32e40p.v:24447$6431 ($mux).
Removed top 2 bits (of 4) from mux cell cv32e40p_decoder$cv32e40p_core.id_stage_i.decoder_i.$ternary$/workspace/incremental-synthesis/benchmarks/cv32e40p-eco-001-base/core/common/normalized_cv32e40p.v:24448$6432 ($mux).
Removed top 2 bits (of 4) from mux cell cv32e40p_decoder$cv32e40p_core.id_stage_i.decoder_i.$ternary$/workspace/incremental-synthesis/benchmarks/cv32e40p-eco-001-base/core/common/normalized_cv32e40p.v:24449$6433 ($mux).
Removed top 2 bits (of 4) from mux cell cv32e40p_decoder$cv32e40p_core.id_stage_i.decoder_i.$ternary$/workspace/incremental-synthesis/benchmarks/cv32e40p-eco-001-base/core/common/normalized_cv32e40p.v:24450$6434 ($mux).
Removed top 1 bits (of 2) from mux cell cv32e40p_decoder$cv32e40p_core.id_stage_i.decoder_i.$ternary$/workspace/incremental-synthesis/benchmarks/cv32e40p-eco-001-base/core/common/normalized_cv32e40p.v:24473$6457 ($mux).
Removed top 1 bits (of 2) from mux cell cv32e40p_decoder$cv32e40p_core.id_stage_i.decoder_i.$ternary$/workspace/incremental-synthesis/benchmarks/cv32e40p-eco-001-base/core/common/normalized_cv32e40p.v:24497$6481 ($mux).
Removed top 3 bits (of 7) from mux cell cv32e40p_decoder$cv32e40p_core.id_stage_i.decoder_i.$ternary$/workspace/incremental-synthesis/benchmarks/cv32e40p-eco-001-base/core/common/normalized_cv32e40p.v:24513$6497 ($mux).
Removed top 3 bits (of 7) from mux cell cv32e40p_decoder$cv32e40p_core.id_stage_i.decoder_i.$ternary$/workspace/incremental-synthesis/benchmarks/cv32e40p-eco-001-base/core/common/normalized_cv32e40p.v:24514$6498 ($mux).
Removed top 3 bits (of 7) from mux cell cv32e40p_decoder$cv32e40p_core.id_stage_i.decoder_i.$ternary$/workspace/incremental-synthesis/benchmarks/cv32e40p-eco-001-base/core/common/normalized_cv32e40p.v:24515$6499 ($mux).
Removed top 3 bits (of 7) from mux cell cv32e40p_decoder$cv32e40p_core.id_stage_i.decoder_i.$ternary$/workspace/incremental-synthesis/benchmarks/cv32e40p-eco-001-base/core/common/normalized_cv32e40p.v:24516$6500 ($mux).
Removed top 3 bits (of 7) from mux cell cv32e40p_decoder$cv32e40p_core.id_stage_i.decoder_i.$ternary$/workspace/incremental-synthesis/benchmarks/cv32e40p-eco-001-base/core/common/normalized_cv32e40p.v:24517$6501 ($mux).
Removed top 3 bits (of 7) from mux cell cv32e40p_decoder$cv32e40p_core.id_stage_i.decoder_i.$ternary$/workspace/incremental-synthesis/benchmarks/cv32e40p-eco-001-base/core/common/normalized_cv32e40p.v:24518$6502 ($mux).
Removed top 1 bits (of 7) from mux cell cv32e40p_decoder$cv32e40p_core.id_stage_i.decoder_i.$ternary$/workspace/incremental-synthesis/benchmarks/cv32e40p-eco-001-base/core/common/normalized_cv32e40p.v:24538$6522 ($mux).
Removed top 1 bits (of 7) from mux cell cv32e40p_decoder$cv32e40p_core.id_stage_i.decoder_i.$ternary$/workspace/incremental-synthesis/benchmarks/cv32e40p-eco-001-base/core/common/normalized_cv32e40p.v:24540$6524 ($mux).
Removed top 2 bits (of 7) from mux cell cv32e40p_decoder$cv32e40p_core.id_stage_i.decoder_i.$ternary$/workspace/incremental-synthesis/benchmarks/cv32e40p-eco-001-base/core/common/normalized_cv32e40p.v:24541$6525 ($mux).
Removed top 1 bits (of 7) from mux cell cv32e40p_decoder$cv32e40p_core.id_stage_i.decoder_i.$ternary$/workspace/incremental-synthesis/benchmarks/cv32e40p-eco-001-base/core/common/normalized_cv32e40p.v:24542$6526 ($mux).
Removed top 5 bits (of 7) from mux cell cv32e40p_decoder$cv32e40p_core.id_stage_i.decoder_i.$ternary$/workspace/incremental-synthesis/benchmarks/cv32e40p-eco-001-base/core/common/normalized_cv32e40p.v:24569$6553 ($mux).
Removed top 5 bits (of 7) from mux cell cv32e40p_decoder$cv32e40p_core.id_stage_i.decoder_i.$ternary$/workspace/incremental-synthesis/benchmarks/cv32e40p-eco-001-base/core/common/normalized_cv32e40p.v:24570$6554 ($mux).
Removed top 2 bits (of 7) from mux cell cv32e40p_decoder$cv32e40p_core.id_stage_i.decoder_i.$ternary$/workspace/incremental-synthesis/benchmarks/cv32e40p-eco-001-base/core/common/normalized_cv32e40p.v:24571$6555 ($mux).
Removed top 5 bits (of 7) from mux cell cv32e40p_decoder$cv32e40p_core.id_stage_i.decoder_i.$ternary$/workspace/incremental-synthesis/benchmarks/cv32e40p-eco-001-base/core/common/normalized_cv32e40p.v:24572$6556 ($mux).
Removed top 2 bits (of 7) from mux cell cv32e40p_decoder$cv32e40p_core.id_stage_i.decoder_i.$ternary$/workspace/incremental-synthesis/benchmarks/cv32e40p-eco-001-base/core/common/normalized_cv32e40p.v:24573$6557 ($mux).
Removed top 2 bits (of 7) from mux cell cv32e40p_decoder$cv32e40p_core.id_stage_i.decoder_i.$ternary$/workspace/incremental-synthesis/benchmarks/cv32e40p-eco-001-base/core/common/normalized_cv32e40p.v:24574$6558 ($mux).
Removed top 6 bits (of 7) from mux cell cv32e40p_decoder$cv32e40p_core.id_stage_i.decoder_i.$ternary$/workspace/incremental-synthesis/benchmarks/cv32e40p-eco-001-base/core/common/normalized_cv32e40p.v:24575$6559 ($mux).
Removed top 1 bits (of 7) from mux cell cv32e40p_decoder$cv32e40p_core.id_stage_i.decoder_i.$ternary$/workspace/incremental-synthesis/benchmarks/cv32e40p-eco-001-base/core/common/normalized_cv32e40p.v:24576$6560 ($mux).
Removed top 2 bits (of 7) from mux cell cv32e40p_decoder$cv32e40p_core.id_stage_i.decoder_i.$ternary$/workspace/incremental-synthesis/benchmarks/cv32e40p-eco-001-base/core/common/normalized_cv32e40p.v:24577$6561 ($mux).
Removed top 2 bits (of 7) from mux cell cv32e40p_decoder$cv32e40p_core.id_stage_i.decoder_i.$ternary$/workspace/incremental-synthesis/benchmarks/cv32e40p-eco-001-base/core/common/normalized_cv32e40p.v:24578$6562 ($mux).
Removed top 2 bits (of 7) from mux cell cv32e40p_decoder$cv32e40p_core.id_stage_i.decoder_i.$ternary$/workspace/incremental-synthesis/benchmarks/cv32e40p-eco-001-base/core/common/normalized_cv32e40p.v:24579$6563 ($mux).
Removed top 1 bits (of 7) from mux cell cv32e40p_decoder$cv32e40p_core.id_stage_i.decoder_i.$ternary$/workspace/incremental-synthesis/benchmarks/cv32e40p-eco-001-base/core/common/normalized_cv32e40p.v:24580$6564 ($mux).
Removed top 1 bits (of 7) from mux cell cv32e40p_decoder$cv32e40p_core.id_stage_i.decoder_i.$ternary$/workspace/incremental-synthesis/benchmarks/cv32e40p-eco-001-base/core/common/normalized_cv32e40p.v:24581$6565 ($mux).
Removed top 1 bits (of 3) from mux cell cv32e40p_decoder$cv32e40p_core.id_stage_i.decoder_i.$ternary$/workspace/incremental-synthesis/benchmarks/cv32e40p-eco-001-base/core/common/normalized_cv32e40p.v:24583$6567 ($mux).
Removed top 1 bits (of 3) from mux cell cv32e40p_decoder$cv32e40p_core.id_stage_i.decoder_i.$ternary$/workspace/incremental-synthesis/benchmarks/cv32e40p-eco-001-base/core/common/normalized_cv32e40p.v:24584$6568 ($mux).
Removed top 1 bits (of 3) from mux cell cv32e40p_decoder$cv32e40p_core.id_stage_i.decoder_i.$ternary$/workspace/incremental-synthesis/benchmarks/cv32e40p-eco-001-base/core/common/normalized_cv32e40p.v:24585$6569 ($mux).
Removed top 1 bits (of 3) from mux cell cv32e40p_decoder$cv32e40p_core.id_stage_i.decoder_i.$ternary$/workspace/incremental-synthesis/benchmarks/cv32e40p-eco-001-base/core/common/normalized_cv32e40p.v:24591$6575 ($mux).
Removed top 2 bits (of 7) from mux cell cv32e40p_decoder$cv32e40p_core.id_stage_i.decoder_i.$ternary$/workspace/incremental-synthesis/benchmarks/cv32e40p-eco-001-base/core/common/normalized_cv32e40p.v:24614$6598 ($mux).
Removed top 1 bits (of 3) from mux cell cv32e40p_decoder$cv32e40p_core.id_stage_i.decoder_i.$ternary$/workspace/incremental-synthesis/benchmarks/cv32e40p-eco-001-base/core/common/normalized_cv32e40p.v:24616$6600 ($mux).
Removed top 1 bits (of 2) from mux cell cv32e40p_decoder$cv32e40p_core.id_stage_i.decoder_i.$ternary$/workspace/incremental-synthesis/benchmarks/cv32e40p-eco-001-base/core/common/normalized_cv32e40p.v:24618$6602 ($mux).
Removed top 3 bits (of 4) from mux cell cv32e40p_decoder$cv32e40p_core.id_stage_i.decoder_i.$ternary$/workspace/incremental-synthesis/benchmarks/cv32e40p-eco-001-base/core/common/normalized_cv32e40p.v:24620$6604 ($mux).
Removed top 2 bits (of 7) from mux cell cv32e40p_decoder$cv32e40p_core.id_stage_i.decoder_i.$ternary$/workspace/incremental-synthesis/benchmarks/cv32e40p-eco-001-base/core/common/normalized_cv32e40p.v:24664$6648 ($mux).
Removed top 2 bits (of 7) from mux cell cv32e40p_decoder$cv32e40p_core.id_stage_i.decoder_i.$ternary$/workspace/incremental-synthesis/benchmarks/cv32e40p-eco-001-base/core/common/normalized_cv32e40p.v:24665$6649 ($mux).
Removed top 2 bits (of 3) from mux cell cv32e40p_decoder$cv32e40p_core.id_stage_i.decoder_i.$ternary$/workspace/incremental-synthesis/benchmarks/cv32e40p-eco-001-base/core/common/normalized_cv32e40p.v:24668$6652 ($mux).
Removed top 6 bits (of 7) from mux cell cv32e40p_decoder$cv32e40p_core.id_stage_i.decoder_i.$ternary$/workspace/incremental-synthesis/benchmarks/cv32e40p-eco-001-base/core/common/normalized_cv32e40p.v:24736$6720 ($mux).
Removed top 4 bits (of 7) from mux cell cv32e40p_decoder$cv32e40p_core.id_stage_i.decoder_i.$ternary$/workspace/incremental-synthesis/benchmarks/cv32e40p-eco-001-base/core/common/normalized_cv32e40p.v:24737$6721 ($mux).
Removed top 1 bits (of 7) from mux cell cv32e40p_decoder$cv32e40p_core.id_stage_i.decoder_i.$ternary$/workspace/incremental-synthesis/benchmarks/cv32e40p-eco-001-base/core/common/normalized_cv32e40p.v:24738$6722 ($mux).
Removed top 1 bits (of 7) from mux cell cv32e40p_decoder$cv32e40p_core.id_stage_i.decoder_i.$ternary$/workspace/incremental-synthesis/benchmarks/cv32e40p-eco-001-base/core/common/normalized_cv32e40p.v:24739$6723 ($mux).
Removed top 1 bits (of 7) from mux cell cv32e40p_decoder$cv32e40p_core.id_stage_i.decoder_i.$ternary$/workspace/incremental-synthesis/benchmarks/cv32e40p-eco-001-base/core/common/normalized_cv32e40p.v:24740$6724 ($mux).
Removed top 1 bits (of 4) from mux cell cv32e40p_decoder$cv32e40p_core.id_stage_i.decoder_i.$ternary$/workspace/incremental-synthesis/benchmarks/cv32e40p-eco-001-base/core/common/normalized_cv32e40p.v:24745$6729 ($mux).
Removed top 1 bits (of 4) from mux cell cv32e40p_decoder$cv32e40p_core.id_stage_i.decoder_i.$ternary$/workspace/incremental-synthesis/benchmarks/cv32e40p-eco-001-base/core/common/normalized_cv32e40p.v:24746$6730 ($mux).
Removed top 6 bits (of 7) from mux cell cv32e40p_decoder$cv32e40p_core.id_stage_i.decoder_i.$ternary$/workspace/incremental-synthesis/benchmarks/cv32e40p-eco-001-base/core/common/normalized_cv32e40p.v:24777$6761 ($mux).
Removed top 1 bits (of 7) from mux cell cv32e40p_decoder$cv32e40p_core.id_stage_i.decoder_i.$ternary$/workspace/incremental-synthesis/benchmarks/cv32e40p-eco-001-base/core/common/normalized_cv32e40p.v:24778$6762 ($mux).
Removed top 1 bits (of 7) from mux cell cv32e40p_decoder$cv32e40p_core.id_stage_i.decoder_i.$ternary$/workspace/incremental-synthesis/benchmarks/cv32e40p-eco-001-base/core/common/normalized_cv32e40p.v:24779$6763 ($mux).
Removed top 1 bits (of 7) from mux cell cv32e40p_decoder$cv32e40p_core.id_stage_i.decoder_i.$ternary$/workspace/incremental-synthesis/benchmarks/cv32e40p-eco-001-base/core/common/normalized_cv32e40p.v:24780$6764 ($mux).
Removed top 6 bits (of 7) from mux cell cv32e40p_decoder$cv32e40p_core.id_stage_i.decoder_i.$ternary$/workspace/incremental-synthesis/benchmarks/cv32e40p-eco-001-base/core/common/normalized_cv32e40p.v:24781$6765 ($mux).
Removed top 6 bits (of 7) from mux cell cv32e40p_decoder$cv32e40p_core.id_stage_i.decoder_i.$ternary$/workspace/incremental-synthesis/benchmarks/cv32e40p-eco-001-base/core/common/normalized_cv32e40p.v:24782$6766 ($mux).
Removed top 1 bits (of 7) from mux cell cv32e40p_decoder$cv32e40p_core.id_stage_i.decoder_i.$ternary$/workspace/incremental-synthesis/benchmarks/cv32e40p-eco-001-base/core/common/normalized_cv32e40p.v:24783$6767 ($mux).
Removed top 1 bits (of 7) from mux cell cv32e40p_decoder$cv32e40p_core.id_stage_i.decoder_i.$ternary$/workspace/incremental-synthesis/benchmarks/cv32e40p-eco-001-base/core/common/normalized_cv32e40p.v:24784$6768 ($mux).
Removed top 1 bits (of 7) from mux cell cv32e40p_decoder$cv32e40p_core.id_stage_i.decoder_i.$ternary$/workspace/incremental-synthesis/benchmarks/cv32e40p-eco-001-base/core/common/normalized_cv32e40p.v:24785$6769 ($mux).
Removed top 6 bits (of 7) from mux cell cv32e40p_decoder$cv32e40p_core.id_stage_i.decoder_i.$ternary$/workspace/incremental-synthesis/benchmarks/cv32e40p-eco-001-base/core/common/normalized_cv32e40p.v:24786$6770 ($mux).
Removed top 2 bits (of 7) from mux cell cv32e40p_decoder$cv32e40p_core.id_stage_i.decoder_i.$ternary$/workspace/incremental-synthesis/benchmarks/cv32e40p-eco-001-base/core/common/normalized_cv32e40p.v:24787$6771 ($mux).
Removed top 2 bits (of 7) from mux cell cv32e40p_decoder$cv32e40p_core.id_stage_i.decoder_i.$ternary$/workspace/incremental-synthesis/benchmarks/cv32e40p-eco-001-base/core/common/normalized_cv32e40p.v:24788$6772 ($mux).
Removed top 2 bits (of 7) from mux cell cv32e40p_decoder$cv32e40p_core.id_stage_i.decoder_i.$ternary$/workspace/incremental-synthesis/benchmarks/cv32e40p-eco-001-base/core/common/normalized_cv32e40p.v:24789$6773 ($mux).
Removed top 5 bits (of 7) from mux cell cv32e40p_decoder$cv32e40p_core.id_stage_i.decoder_i.$ternary$/workspace/incremental-synthesis/benchmarks/cv32e40p-eco-001-base/core/common/normalized_cv32e40p.v:24790$6774 ($mux).
Removed top 5 bits (of 7) from mux cell cv32e40p_decoder$cv32e40p_core.id_stage_i.decoder_i.$ternary$/workspace/incremental-synthesis/benchmarks/cv32e40p-eco-001-base/core/common/normalized_cv32e40p.v:24791$6775 ($mux).
Removed top 1 bits (of 7) from mux cell cv32e40p_decoder$cv32e40p_core.id_stage_i.decoder_i.$ternary$/workspace/incremental-synthesis/benchmarks/cv32e40p-eco-001-base/core/common/normalized_cv32e40p.v:24792$6776 ($mux).
Removed top 1 bits (of 7) from mux cell cv32e40p_decoder$cv32e40p_core.id_stage_i.decoder_i.$ternary$/workspace/incremental-synthesis/benchmarks/cv32e40p-eco-001-base/core/common/normalized_cv32e40p.v:24793$6777 ($mux).
Removed top 1 bits (of 7) from mux cell cv32e40p_decoder$cv32e40p_core.id_stage_i.decoder_i.$ternary$/workspace/incremental-synthesis/benchmarks/cv32e40p-eco-001-base/core/common/normalized_cv32e40p.v:24794$6778 ($mux).
Removed top 1 bits (of 7) from mux cell cv32e40p_decoder$cv32e40p_core.id_stage_i.decoder_i.$ternary$/workspace/incremental-synthesis/benchmarks/cv32e40p-eco-001-base/core/common/normalized_cv32e40p.v:24795$6779 ($mux).
Removed top 1 bits (of 7) from mux cell cv32e40p_decoder$cv32e40p_core.id_stage_i.decoder_i.$ternary$/workspace/incremental-synthesis/benchmarks/cv32e40p-eco-001-base/core/common/normalized_cv32e40p.v:24796$6780 ($mux).
Removed top 1 bits (of 3) from mux cell cv32e40p_decoder$cv32e40p_core.id_stage_i.decoder_i.$ternary$/workspace/incremental-synthesis/benchmarks/cv32e40p-eco-001-base/core/common/normalized_cv32e40p.v:24797$6781 ($mux).
Removed top 1 bits (of 3) from mux cell cv32e40p_decoder$cv32e40p_core.id_stage_i.decoder_i.$ternary$/workspace/incremental-synthesis/benchmarks/cv32e40p-eco-001-base/core/common/normalized_cv32e40p.v:24798$6782 ($mux).
Removed top 5 bits (of 7) from mux cell cv32e40p_decoder$cv32e40p_core.id_stage_i.decoder_i.$ternary$/workspace/incremental-synthesis/benchmarks/cv32e40p-eco-001-base/core/common/normalized_cv32e40p.v:24805$6789 ($mux).
Removed top 5 bits (of 7) from mux cell cv32e40p_decoder$cv32e40p_core.id_stage_i.decoder_i.$ternary$/workspace/incremental-synthesis/benchmarks/cv32e40p-eco-001-base/core/common/normalized_cv32e40p.v:24806$6790 ($mux).
Removed top 4 bits (of 7) from mux cell cv32e40p_decoder$cv32e40p_core.id_stage_i.decoder_i.$ternary$/workspace/incremental-synthesis/benchmarks/cv32e40p-eco-001-base/core/common/normalized_cv32e40p.v:24807$6791 ($mux).
Removed top 5 bits (of 7) from mux cell cv32e40p_decoder$cv32e40p_core.id_stage_i.decoder_i.$ternary$/workspace/incremental-synthesis/benchmarks/cv32e40p-eco-001-base/core/common/normalized_cv32e40p.v:24808$6792 ($mux).
Removed top 5 bits (of 7) from mux cell cv32e40p_decoder$cv32e40p_core.id_stage_i.decoder_i.$ternary$/workspace/incremental-synthesis/benchmarks/cv32e40p-eco-001-base/core/common/normalized_cv32e40p.v:24809$6793 ($mux).
Removed top 4 bits (of 7) from mux cell cv32e40p_decoder$cv32e40p_core.id_stage_i.decoder_i.$ternary$/workspace/incremental-synthesis/benchmarks/cv32e40p-eco-001-base/core/common/normalized_cv32e40p.v:24810$6794 ($mux).
Removed top 4 bits (of 7) from mux cell cv32e40p_decoder$cv32e40p_core.id_stage_i.decoder_i.$ternary$/workspace/incremental-synthesis/benchmarks/cv32e40p-eco-001-base/core/common/normalized_cv32e40p.v:24811$6795 ($mux).
Removed top 4 bits (of 7) from mux cell cv32e40p_decoder$cv32e40p_core.id_stage_i.decoder_i.$ternary$/workspace/incremental-synthesis/benchmarks/cv32e40p-eco-001-base/core/common/normalized_cv32e40p.v:24873$6857 ($mux).
Removed top 5 bits (of 7) from mux cell cv32e40p_decoder$cv32e40p_core.id_stage_i.decoder_i.$ternary$/workspace/incremental-synthesis/benchmarks/cv32e40p-eco-001-base/core/common/normalized_cv32e40p.v:24875$6859 ($mux).
Removed top 1 bits (of 7) from mux cell cv32e40p_decoder$cv32e40p_core.id_stage_i.decoder_i.$ternary$/workspace/incremental-synthesis/benchmarks/cv32e40p-eco-001-base/core/common/normalized_cv32e40p.v:24876$6860 ($mux).
Removed top 1 bits (of 7) from mux cell cv32e40p_decoder$cv32e40p_core.id_stage_i.decoder_i.$ternary$/workspace/incremental-synthesis/benchmarks/cv32e40p-eco-001-base/core/common/normalized_cv32e40p.v:24877$6861 ($mux).
Removed top 1 bits (of 4) from mux cell cv32e40p_decoder$cv32e40p_core.id_stage_i.decoder_i.$ternary$/workspace/incremental-synthesis/benchmarks/cv32e40p-eco-001-base/core/common/normalized_cv32e40p.v:24880$6864 ($mux).
Removed top 1 bits (of 4) from mux cell cv32e40p_decoder$cv32e40p_core.id_stage_i.decoder_i.$ternary$/workspace/incremental-synthesis/benchmarks/cv32e40p-eco-001-base/core/common/normalized_cv32e40p.v:24881$6865 ($mux).
Removed top 1 bits (of 4) from mux cell cv32e40p_decoder$cv32e40p_core.id_stage_i.decoder_i.$ternary$/workspace/incremental-synthesis/benchmarks/cv32e40p-eco-001-base/core/common/normalized_cv32e40p.v:24882$6866 ($mux).
Removed top 5 bits (of 7) from mux cell cv32e40p_decoder$cv32e40p_core.id_stage_i.decoder_i.$ternary$/workspace/incremental-synthesis/benchmarks/cv32e40p-eco-001-base/core/common/normalized_cv32e40p.v:24885$6869 ($mux).
Removed top 5 bits (of 7) from mux cell cv32e40p_decoder$cv32e40p_core.id_stage_i.decoder_i.$ternary$/workspace/incremental-synthesis/benchmarks/cv32e40p-eco-001-base/core/common/normalized_cv32e40p.v:24886$6870 ($mux).
Removed top 4 bits (of 7) from mux cell cv32e40p_decoder$cv32e40p_core.id_stage_i.decoder_i.$ternary$/workspace/incremental-synthesis/benchmarks/cv32e40p-eco-001-base/core/common/normalized_cv32e40p.v:24887$6871 ($mux).
Removed top 5 bits (of 7) from mux cell cv32e40p_decoder$cv32e40p_core.id_stage_i.decoder_i.$ternary$/workspace/incremental-synthesis/benchmarks/cv32e40p-eco-001-base/core/common/normalized_cv32e40p.v:24888$6872 ($mux).
Removed top 5 bits (of 7) from mux cell cv32e40p_decoder$cv32e40p_core.id_stage_i.decoder_i.$ternary$/workspace/incremental-synthesis/benchmarks/cv32e40p-eco-001-base/core/common/normalized_cv32e40p.v:24889$6873 ($mux).
Removed top 4 bits (of 7) from mux cell cv32e40p_decoder$cv32e40p_core.id_stage_i.decoder_i.$ternary$/workspace/incremental-synthesis/benchmarks/cv32e40p-eco-001-base/core/common/normalized_cv32e40p.v:24890$6874 ($mux).
Removed top 4 bits (of 7) from mux cell cv32e40p_decoder$cv32e40p_core.id_stage_i.decoder_i.$ternary$/workspace/incremental-synthesis/benchmarks/cv32e40p-eco-001-base/core/common/normalized_cv32e40p.v:24891$6875 ($mux).
Removed top 1 bits (of 2) from mux cell cv32e40p_decoder$cv32e40p_core.id_stage_i.decoder_i.$ternary$/workspace/incremental-synthesis/benchmarks/cv32e40p-eco-001-base/core/common/normalized_cv32e40p.v:24915$6899 ($mux).
Removed top 1 bits (of 2) from mux cell cv32e40p_decoder$cv32e40p_core.id_stage_i.decoder_i.$ternary$/workspace/incremental-synthesis/benchmarks/cv32e40p-eco-001-base/core/common/normalized_cv32e40p.v:24916$6900 ($mux).
Removed top 6 bits (of 7) from mux cell cv32e40p_decoder$cv32e40p_core.id_stage_i.decoder_i.$ternary$/workspace/incremental-synthesis/benchmarks/cv32e40p-eco-001-base/core/common/normalized_cv32e40p.v:24917$6901 ($mux).
Removed top 3 bits (of 7) from mux cell cv32e40p_decoder$cv32e40p_core.id_stage_i.decoder_i.$ternary$/workspace/incremental-synthesis/benchmarks/cv32e40p-eco-001-base/core/common/normalized_cv32e40p.v:24918$6902 ($mux).
Removed top 3 bits (of 7) from mux cell cv32e40p_decoder$cv32e40p_core.id_stage_i.decoder_i.$ternary$/workspace/incremental-synthesis/benchmarks/cv32e40p-eco-001-base/core/common/normalized_cv32e40p.v:24919$6903 ($mux).
Removed top 4 bits (of 7) from mux cell cv32e40p_decoder$cv32e40p_core.id_stage_i.decoder_i.$ternary$/workspace/incremental-synthesis/benchmarks/cv32e40p-eco-001-base/core/common/normalized_cv32e40p.v:24920$6904 ($mux).
Removed top 3 bits (of 7) from mux cell cv32e40p_decoder$cv32e40p_core.id_stage_i.decoder_i.$ternary$/workspace/incremental-synthesis/benchmarks/cv32e40p-eco-001-base/core/common/normalized_cv32e40p.v:24921$6905 ($mux).
Removed top 3 bits (of 7) from mux cell cv32e40p_decoder$cv32e40p_core.id_stage_i.decoder_i.$ternary$/workspace/incremental-synthesis/benchmarks/cv32e40p-eco-001-base/core/common/normalized_cv32e40p.v:24922$6906 ($mux).
Removed top 3 bits (of 7) from mux cell cv32e40p_decoder$cv32e40p_core.id_stage_i.decoder_i.$ternary$/workspace/incremental-synthesis/benchmarks/cv32e40p-eco-001-base/core/common/normalized_cv32e40p.v:24923$6907 ($mux).
Removed top 2 bits (of 7) from mux cell cv32e40p_decoder$cv32e40p_core.id_stage_i.decoder_i.$ternary$/workspace/incremental-synthesis/benchmarks/cv32e40p-eco-001-base/core/common/normalized_cv32e40p.v:24924$6908 ($mux).
Removed top 3 bits (of 7) from mux cell cv32e40p_decoder$cv32e40p_core.id_stage_i.decoder_i.$ternary$/workspace/incremental-synthesis/benchmarks/cv32e40p-eco-001-base/core/common/normalized_cv32e40p.v:24925$6909 ($mux).
Removed top 4 bits (of 7) from mux cell cv32e40p_decoder$cv32e40p_core.id_stage_i.decoder_i.$ternary$/workspace/incremental-synthesis/benchmarks/cv32e40p-eco-001-base/core/common/normalized_cv32e40p.v:24926$6910 ($mux).
Removed top 3 bits (of 7) from mux cell cv32e40p_decoder$cv32e40p_core.id_stage_i.decoder_i.$ternary$/workspace/incremental-synthesis/benchmarks/cv32e40p-eco-001-base/core/common/normalized_cv32e40p.v:24927$6911 ($mux).
Removed top 1 bits (of 7) from mux cell cv32e40p_decoder$cv32e40p_core.id_stage_i.decoder_i.$ternary$/workspace/incremental-synthesis/benchmarks/cv32e40p-eco-001-base/core/common/normalized_cv32e40p.v:24928$6912 ($mux).
Removed top 6 bits (of 7) from mux cell cv32e40p_decoder$cv32e40p_core.id_stage_i.decoder_i.$ternary$/workspace/incremental-synthesis/benchmarks/cv32e40p-eco-001-base/core/common/normalized_cv32e40p.v:24929$6913 ($mux).
Removed top 5 bits (of 7) from mux cell cv32e40p_decoder$cv32e40p_core.id_stage_i.decoder_i.$ternary$/workspace/incremental-synthesis/benchmarks/cv32e40p-eco-001-base/core/common/normalized_cv32e40p.v:24930$6914 ($mux).
Removed top 1 bits (of 7) from mux cell cv32e40p_decoder$cv32e40p_core.id_stage_i.decoder_i.$ternary$/workspace/incremental-synthesis/benchmarks/cv32e40p-eco-001-base/core/common/normalized_cv32e40p.v:24931$6915 ($mux).
Removed top 1 bits (of 7) from mux cell cv32e40p_decoder$cv32e40p_core.id_stage_i.decoder_i.$ternary$/workspace/incremental-synthesis/benchmarks/cv32e40p-eco-001-base/core/common/normalized_cv32e40p.v:24932$6916 ($mux).
Removed top 1 bits (of 7) from mux cell cv32e40p_decoder$cv32e40p_core.id_stage_i.decoder_i.$ternary$/workspace/incremental-synthesis/benchmarks/cv32e40p-eco-001-base/core/common/normalized_cv32e40p.v:24933$6917 ($mux).
Removed top 6 bits (of 7) from mux cell cv32e40p_decoder$cv32e40p_core.id_stage_i.decoder_i.$ternary$/workspace/incremental-synthesis/benchmarks/cv32e40p-eco-001-base/core/common/normalized_cv32e40p.v:24935$6919 ($mux).
Removed top 6 bits (of 7) from mux cell cv32e40p_decoder$cv32e40p_core.id_stage_i.decoder_i.$ternary$/workspace/incremental-synthesis/benchmarks/cv32e40p-eco-001-base/core/common/normalized_cv32e40p.v:24937$6921 ($mux).
Removed top 6 bits (of 7) from mux cell cv32e40p_decoder$cv32e40p_core.id_stage_i.decoder_i.$ternary$/workspace/incremental-synthesis/benchmarks/cv32e40p-eco-001-base/core/common/normalized_cv32e40p.v:24938$6922 ($mux).
Removed top 5 bits (of 7) from mux cell cv32e40p_decoder$cv32e40p_core.id_stage_i.decoder_i.$ternary$/workspace/incremental-synthesis/benchmarks/cv32e40p-eco-001-base/core/common/normalized_cv32e40p.v:24939$6923 ($mux).
Removed top 3 bits (of 7) from mux cell cv32e40p_decoder$cv32e40p_core.id_stage_i.decoder_i.$ternary$/workspace/incremental-synthesis/benchmarks/cv32e40p-eco-001-base/core/common/normalized_cv32e40p.v:24940$6924 ($mux).
Removed top 6 bits (of 7) from mux cell cv32e40p_decoder$cv32e40p_core.id_stage_i.decoder_i.$ternary$/workspace/incremental-synthesis/benchmarks/cv32e40p-eco-001-base/core/common/normalized_cv32e40p.v:24942$6926 ($mux).
Removed top 6 bits (of 7) from mux cell cv32e40p_decoder$cv32e40p_core.id_stage_i.decoder_i.$ternary$/workspace/incremental-synthesis/benchmarks/cv32e40p-eco-001-base/core/common/normalized_cv32e40p.v:24943$6927 ($mux).
Removed top 5 bits (of 7) from mux cell cv32e40p_decoder$cv32e40p_core.id_stage_i.decoder_i.$ternary$/workspace/incremental-synthesis/benchmarks/cv32e40p-eco-001-base/core/common/normalized_cv32e40p.v:24944$6928 ($mux).
Removed top 5 bits (of 7) from mux cell cv32e40p_decoder$cv32e40p_core.id_stage_i.decoder_i.$ternary$/workspace/incremental-synthesis/benchmarks/cv32e40p-eco-001-base/core/common/normalized_cv32e40p.v:24945$6929 ($mux).
Removed top 2 bits (of 7) from mux cell cv32e40p_decoder$cv32e40p_core.id_stage_i.decoder_i.$ternary$/workspace/incremental-synthesis/benchmarks/cv32e40p-eco-001-base/core/common/normalized_cv32e40p.v:24946$6930 ($mux).
Removed top 2 bits (of 7) from mux cell cv32e40p_decoder$cv32e40p_core.id_stage_i.decoder_i.$ternary$/workspace/incremental-synthesis/benchmarks/cv32e40p-eco-001-base/core/common/normalized_cv32e40p.v:24947$6931 ($mux).
Removed top 2 bits (of 7) from mux cell cv32e40p_decoder$cv32e40p_core.id_stage_i.decoder_i.$ternary$/workspace/incremental-synthesis/benchmarks/cv32e40p-eco-001-base/core/common/normalized_cv32e40p.v:24948$6932 ($mux).
Removed top 2 bits (of 7) from mux cell cv32e40p_decoder$cv32e40p_core.id_stage_i.decoder_i.$ternary$/workspace/incremental-synthesis/benchmarks/cv32e40p-eco-001-base/core/common/normalized_cv32e40p.v:24949$6933 ($mux).
Removed top 3 bits (of 4) from mux cell cv32e40p_decoder$cv32e40p_core.id_stage_i.decoder_i.$ternary$/workspace/incremental-synthesis/benchmarks/cv32e40p-eco-001-base/core/common/normalized_cv32e40p.v:24972$6956 ($mux).
Removed top 3 bits (of 4) from mux cell cv32e40p_decoder$cv32e40p_core.id_stage_i.decoder_i.$ternary$/workspace/incremental-synthesis/benchmarks/cv32e40p-eco-001-base/core/common/normalized_cv32e40p.v:24973$6957 ($mux).
Removed top 3 bits (of 4) from mux cell cv32e40p_decoder$cv32e40p_core.id_stage_i.decoder_i.$ternary$/workspace/incremental-synthesis/benchmarks/cv32e40p-eco-001-base/core/common/normalized_cv32e40p.v:24974$6958 ($mux).
Removed top 1 bits (of 2) from mux cell cv32e40p_decoder$cv32e40p_core.id_stage_i.decoder_i.$ternary$/workspace/incremental-synthesis/benchmarks/cv32e40p-eco-001-base/core/common/normalized_cv32e40p.v:24990$6974 ($mux).
Removed top 2 bits (of 7) from mux cell cv32e40p_decoder$cv32e40p_core.id_stage_i.decoder_i.$ternary$/workspace/incremental-synthesis/benchmarks/cv32e40p-eco-001-base/core/common/normalized_cv32e40p.v:25052$7036 ($mux).
Removed top 1 bits (of 7) from mux cell cv32e40p_decoder$cv32e40p_core.id_stage_i.decoder_i.$ternary$/workspace/incremental-synthesis/benchmarks/cv32e40p-eco-001-base/core/common/normalized_cv32e40p.v:25053$7037 ($mux).
Removed top 1 bits (of 7) from mux cell cv32e40p_decoder$cv32e40p_core.id_stage_i.decoder_i.$ternary$/workspace/incremental-synthesis/benchmarks/cv32e40p-eco-001-base/core/common/normalized_cv32e40p.v:25054$7038 ($mux).
Removed top 1 bits (of 2) from mux cell cv32e40p_decoder$cv32e40p_core.id_stage_i.decoder_i.$ternary$/workspace/incremental-synthesis/benchmarks/cv32e40p-eco-001-base/core/common/normalized_cv32e40p.v:25068$7052 ($mux).
Removed top 1 bits (of 12) from port B of cell cv32e40p_decoder$cv32e40p_core.id_stage_i.decoder_i.$eq$/workspace/incremental-synthesis/benchmarks/cv32e40p-eco-001-base/core/common/normalized_cv32e40p.v:25141$7125 ($eq).
Removed top 1 bits (of 12) from port B of cell cv32e40p_decoder$cv32e40p_core.id_stage_i.decoder_i.$eq$/workspace/incremental-synthesis/benchmarks/cv32e40p-eco-001-base/core/common/normalized_cv32e40p.v:25142$7126 ($eq).
Removed top 1 bits (of 12) from port B of cell cv32e40p_decoder$cv32e40p_core.id_stage_i.decoder_i.$eq$/workspace/incremental-synthesis/benchmarks/cv32e40p-eco-001-base/core/common/normalized_cv32e40p.v:25143$7127 ($eq).
Removed top 1 bits (of 12) from port B of cell cv32e40p_decoder$cv32e40p_core.id_stage_i.decoder_i.$eq$/workspace/incremental-synthesis/benchmarks/cv32e40p-eco-001-base/core/common/normalized_cv32e40p.v:25144$7128 ($eq).
Removed top 1 bits (of 12) from port B of cell cv32e40p_decoder$cv32e40p_core.id_stage_i.decoder_i.$eq$/workspace/incremental-synthesis/benchmarks/cv32e40p-eco-001-base/core/common/normalized_cv32e40p.v:25315$7299 ($eq).
Removed top 1 bits (of 12) from port B of cell cv32e40p_decoder$cv32e40p_core.id_stage_i.decoder_i.$eq$/workspace/incremental-synthesis/benchmarks/cv32e40p-eco-001-base/core/common/normalized_cv32e40p.v:25316$7300 ($eq).
Removed top 1 bits (of 12) from port B of cell cv32e40p_decoder$cv32e40p_core.id_stage_i.decoder_i.$eq$/workspace/incremental-synthesis/benchmarks/cv32e40p-eco-001-base/core/common/normalized_cv32e40p.v:25317$7301 ($eq).
Removed top 1 bits (of 12) from port B of cell cv32e40p_decoder$cv32e40p_core.id_stage_i.decoder_i.$eq$/workspace/incremental-synthesis/benchmarks/cv32e40p-eco-001-base/core/common/normalized_cv32e40p.v:25318$7302 ($eq).
Removed top 1 bits (of 12) from port B of cell cv32e40p_decoder$cv32e40p_core.id_stage_i.decoder_i.$eq$/workspace/incremental-synthesis/benchmarks/cv32e40p-eco-001-base/core/common/normalized_cv32e40p.v:25319$7303 ($eq).
Removed top 1 bits (of 12) from port B of cell cv32e40p_decoder$cv32e40p_core.id_stage_i.decoder_i.$eq$/workspace/incremental-synthesis/benchmarks/cv32e40p-eco-001-base/core/common/normalized_cv32e40p.v:25320$7304 ($eq).
Removed top 1 bits (of 12) from port B of cell cv32e40p_decoder$cv32e40p_core.id_stage_i.decoder_i.$eq$/workspace/incremental-synthesis/benchmarks/cv32e40p-eco-001-base/core/common/normalized_cv32e40p.v:25321$7305 ($eq).
Removed top 2 bits (of 12) from port B of cell cv32e40p_decoder$cv32e40p_core.id_stage_i.decoder_i.$eq$/workspace/incremental-synthesis/benchmarks/cv32e40p-eco-001-base/core/common/normalized_cv32e40p.v:25450$7434 ($eq).
Removed top 2 bits (of 12) from port B of cell cv32e40p_decoder$cv32e40p_core.id_stage_i.decoder_i.$eq$/workspace/incremental-synthesis/benchmarks/cv32e40p-eco-001-base/core/common/normalized_cv32e40p.v:25451$7435 ($eq).
Removed top 2 bits (of 12) from port B of cell cv32e40p_decoder$cv32e40p_core.id_stage_i.decoder_i.$eq$/workspace/incremental-synthesis/benchmarks/cv32e40p-eco-001-base/core/common/normalized_cv32e40p.v:25452$7436 ($eq).
Removed top 2 bits (of 12) from port B of cell cv32e40p_decoder$cv32e40p_core.id_stage_i.decoder_i.$eq$/workspace/incremental-synthesis/benchmarks/cv32e40p-eco-001-base/core/common/normalized_cv32e40p.v:25453$7437 ($eq).
Removed top 2 bits (of 12) from port B of cell cv32e40p_decoder$cv32e40p_core.id_stage_i.decoder_i.$eq$/workspace/incremental-synthesis/benchmarks/cv32e40p-eco-001-base/core/common/normalized_cv32e40p.v:25454$7438 ($eq).
Removed top 2 bits (of 12) from port B of cell cv32e40p_decoder$cv32e40p_core.id_stage_i.decoder_i.$eq$/workspace/incremental-synthesis/benchmarks/cv32e40p-eco-001-base/core/common/normalized_cv32e40p.v:25455$7439 ($eq).
Removed top 2 bits (of 12) from port B of cell cv32e40p_decoder$cv32e40p_core.id_stage_i.decoder_i.$eq$/workspace/incremental-synthesis/benchmarks/cv32e40p-eco-001-base/core/common/normalized_cv32e40p.v:25456$7440 ($eq).
Removed top 2 bits (of 12) from port B of cell cv32e40p_decoder$cv32e40p_core.id_stage_i.decoder_i.$eq$/workspace/incremental-synthesis/benchmarks/cv32e40p-eco-001-base/core/common/normalized_cv32e40p.v:25457$7441 ($eq).
Removed top 2 bits (of 12) from port B of cell cv32e40p_decoder$cv32e40p_core.id_stage_i.decoder_i.$eq$/workspace/incremental-synthesis/benchmarks/cv32e40p-eco-001-base/core/common/normalized_cv32e40p.v:25459$7443 ($eq).
Removed top 2 bits (of 12) from port B of cell cv32e40p_decoder$cv32e40p_core.id_stage_i.decoder_i.$eq$/workspace/incremental-synthesis/benchmarks/cv32e40p-eco-001-base/core/common/normalized_cv32e40p.v:25460$7444 ($eq).
Removed top 2 bits (of 12) from port B of cell cv32e40p_decoder$cv32e40p_core.id_stage_i.decoder_i.$eq$/workspace/incremental-synthesis/benchmarks/cv32e40p-eco-001-base/core/common/normalized_cv32e40p.v:25461$7445 ($eq).
Removed top 2 bits (of 12) from port B of cell cv32e40p_decoder$cv32e40p_core.id_stage_i.decoder_i.$eq$/workspace/incremental-synthesis/benchmarks/cv32e40p-eco-001-base/core/common/normalized_cv32e40p.v:25462$7446 ($eq).
Removed top 2 bits (of 12) from port B of cell cv32e40p_decoder$cv32e40p_core.id_stage_i.decoder_i.$eq$/workspace/incremental-synthesis/benchmarks/cv32e40p-eco-001-base/core/common/normalized_cv32e40p.v:25463$7447 ($eq).
Removed top 2 bits (of 12) from port B of cell cv32e40p_decoder$cv32e40p_core.id_stage_i.decoder_i.$eq$/workspace/incremental-synthesis/benchmarks/cv32e40p-eco-001-base/core/common/normalized_cv32e40p.v:25464$7448 ($eq).
Removed top 2 bits (of 12) from port B of cell cv32e40p_decoder$cv32e40p_core.id_stage_i.decoder_i.$eq$/workspace/incremental-synthesis/benchmarks/cv32e40p-eco-001-base/core/common/normalized_cv32e40p.v:25465$7449 ($eq).
Removed top 2 bits (of 12) from port B of cell cv32e40p_decoder$cv32e40p_core.id_stage_i.decoder_i.$eq$/workspace/incremental-synthesis/benchmarks/cv32e40p-eco-001-base/core/common/normalized_cv32e40p.v:25466$7450 ($eq).
Removed top 2 bits (of 12) from port B of cell cv32e40p_decoder$cv32e40p_core.id_stage_i.decoder_i.$eq$/workspace/incremental-synthesis/benchmarks/cv32e40p-eco-001-base/core/common/normalized_cv32e40p.v:25467$7451 ($eq).
Removed top 2 bits (of 12) from port B of cell cv32e40p_decoder$cv32e40p_core.id_stage_i.decoder_i.$eq$/workspace/incremental-synthesis/benchmarks/cv32e40p-eco-001-base/core/common/normalized_cv32e40p.v:25468$7452 ($eq).
Removed top 2 bits (of 12) from port B of cell cv32e40p_decoder$cv32e40p_core.id_stage_i.decoder_i.$eq$/workspace/incremental-synthesis/benchmarks/cv32e40p-eco-001-base/core/common/normalized_cv32e40p.v:25470$7454 ($eq).
Removed top 2 bits (of 12) from port B of cell cv32e40p_decoder$cv32e40p_core.id_stage_i.decoder_i.$eq$/workspace/incremental-synthesis/benchmarks/cv32e40p-eco-001-base/core/common/normalized_cv32e40p.v:25471$7455 ($eq).
Removed top 2 bits (of 12) from port B of cell cv32e40p_decoder$cv32e40p_core.id_stage_i.decoder_i.$eq$/workspace/incremental-synthesis/benchmarks/cv32e40p-eco-001-base/core/common/normalized_cv32e40p.v:25472$7456 ($eq).
Removed top 2 bits (of 12) from port B of cell cv32e40p_decoder$cv32e40p_core.id_stage_i.decoder_i.$eq$/workspace/incremental-synthesis/benchmarks/cv32e40p-eco-001-base/core/common/normalized_cv32e40p.v:25473$7457 ($eq).
Removed top 2 bits (of 12) from port B of cell cv32e40p_decoder$cv32e40p_core.id_stage_i.decoder_i.$eq$/workspace/incremental-synthesis/benchmarks/cv32e40p-eco-001-base/core/common/normalized_cv32e40p.v:25474$7458 ($eq).
Removed top 2 bits (of 12) from port B of cell cv32e40p_decoder$cv32e40p_core.id_stage_i.decoder_i.$eq$/workspace/incremental-synthesis/benchmarks/cv32e40p-eco-001-base/core/common/normalized_cv32e40p.v:25475$7459 ($eq).
Removed top 2 bits (of 12) from port B of cell cv32e40p_decoder$cv32e40p_core.id_stage_i.decoder_i.$eq$/workspace/incremental-synthesis/benchmarks/cv32e40p-eco-001-base/core/common/normalized_cv32e40p.v:25476$7460 ($eq).
Removed top 2 bits (of 12) from port B of cell cv32e40p_decoder$cv32e40p_core.id_stage_i.decoder_i.$eq$/workspace/incremental-synthesis/benchmarks/cv32e40p-eco-001-base/core/common/normalized_cv32e40p.v:25477$7461 ($eq).
Removed top 2 bits (of 12) from port B of cell cv32e40p_decoder$cv32e40p_core.id_stage_i.decoder_i.$eq$/workspace/incremental-synthesis/benchmarks/cv32e40p-eco-001-base/core/common/normalized_cv32e40p.v:25478$7462 ($eq).
Removed top 2 bits (of 12) from port B of cell cv32e40p_decoder$cv32e40p_core.id_stage_i.decoder_i.$eq$/workspace/incremental-synthesis/benchmarks/cv32e40p-eco-001-base/core/common/normalized_cv32e40p.v:25479$7463 ($eq).
Removed top 2 bits (of 12) from port B of cell cv32e40p_decoder$cv32e40p_core.id_stage_i.decoder_i.$eq$/workspace/incremental-synthesis/benchmarks/cv32e40p-eco-001-base/core/common/normalized_cv32e40p.v:25481$7465 ($eq).
Removed top 2 bits (of 12) from port B of cell cv32e40p_decoder$cv32e40p_core.id_stage_i.decoder_i.$eq$/workspace/incremental-synthesis/benchmarks/cv32e40p-eco-001-base/core/common/normalized_cv32e40p.v:25482$7466 ($eq).
Removed top 2 bits (of 12) from port B of cell cv32e40p_decoder$cv32e40p_core.id_stage_i.decoder_i.$eq$/workspace/incremental-synthesis/benchmarks/cv32e40p-eco-001-base/core/common/normalized_cv32e40p.v:25484$7468 ($eq).
Removed top 2 bits (of 12) from port B of cell cv32e40p_decoder$cv32e40p_core.id_stage_i.decoder_i.$eq$/workspace/incremental-synthesis/benchmarks/cv32e40p-eco-001-base/core/common/normalized_cv32e40p.v:25485$7469 ($eq).
Removed top 2 bits (of 12) from port B of cell cv32e40p_decoder$cv32e40p_core.id_stage_i.decoder_i.$eq$/workspace/incremental-synthesis/benchmarks/cv32e40p-eco-001-base/core/common/normalized_cv32e40p.v:25486$7470 ($eq).
Removed top 2 bits (of 12) from port B of cell cv32e40p_decoder$cv32e40p_core.id_stage_i.decoder_i.$eq$/workspace/incremental-synthesis/benchmarks/cv32e40p-eco-001-base/core/common/normalized_cv32e40p.v:25487$7471 ($eq).
Removed top 2 bits (of 12) from port B of cell cv32e40p_decoder$cv32e40p_core.id_stage_i.decoder_i.$eq$/workspace/incremental-synthesis/benchmarks/cv32e40p-eco-001-base/core/common/normalized_cv32e40p.v:25488$7472 ($eq).
Removed top 2 bits (of 12) from port B of cell cv32e40p_decoder$cv32e40p_core.id_stage_i.decoder_i.$eq$/workspace/incremental-synthesis/benchmarks/cv32e40p-eco-001-base/core/common/normalized_cv32e40p.v:25490$7474 ($eq).
Removed top 2 bits (of 12) from port B of cell cv32e40p_decoder$cv32e40p_core.id_stage_i.decoder_i.$eq$/workspace/incremental-synthesis/benchmarks/cv32e40p-eco-001-base/core/common/normalized_cv32e40p.v:25491$7475 ($eq).
Removed top 2 bits (of 12) from port B of cell cv32e40p_decoder$cv32e40p_core.id_stage_i.decoder_i.$eq$/workspace/incremental-synthesis/benchmarks/cv32e40p-eco-001-base/core/common/normalized_cv32e40p.v:25492$7476 ($eq).
Removed top 2 bits (of 12) from port B of cell cv32e40p_decoder$cv32e40p_core.id_stage_i.decoder_i.$eq$/workspace/incremental-synthesis/benchmarks/cv32e40p-eco-001-base/core/common/normalized_cv32e40p.v:25493$7477 ($eq).
Removed top 1 bits (of 2) from port B of cell cv32e40p_decoder$cv32e40p_core.id_stage_i.decoder_i.$eq$/workspace/incremental-synthesis/benchmarks/cv32e40p-eco-001-base/core/common/normalized_cv32e40p.v:25678$7662 ($eq).
Removed top 1 bits (of 3) from mux cell cv32e40p_decoder$cv32e40p_core.id_stage_i.decoder_i.$ternary$/workspace/incremental-synthesis/benchmarks/cv32e40p-eco-001-base/core/common/normalized_cv32e40p.v:25688$7672 ($mux).
Removed top 3 bits (of 12) from port B of cell cv32e40p_decoder$cv32e40p_core.id_stage_i.decoder_i.$eq$/workspace/incremental-synthesis/benchmarks/cv32e40p-eco-001-base/core/common/normalized_cv32e40p.v:25710$7694 ($eq).
Removed top 1 bits (of 3) from mux cell cv32e40p_decoder$cv32e40p_core.id_stage_i.decoder_i.$ternary$/workspace/incremental-synthesis/benchmarks/cv32e40p-eco-001-base/core/common/normalized_cv32e40p.v:25715$7699 ($mux).
Removed top 2 bits (of 7) from mux cell cv32e40p_decoder$cv32e40p_core.id_stage_i.decoder_i.$ternary$/workspace/incremental-synthesis/benchmarks/cv32e40p-eco-001-base/core/common/normalized_cv32e40p.v:25722$7706 ($mux).
Removed top 1 bits (of 3) from mux cell cv32e40p_decoder$cv32e40p_core.id_stage_i.decoder_i.$ternary$/workspace/incremental-synthesis/benchmarks/cv32e40p-eco-001-base/core/common/normalized_cv32e40p.v:25735$7719 ($mux).
Removed top 2 bits (of 7) from mux cell cv32e40p_decoder$cv32e40p_core.id_stage_i.decoder_i.$ternary$/workspace/incremental-synthesis/benchmarks/cv32e40p-eco-001-base/core/common/normalized_cv32e40p.v:25741$7725 ($mux).
Removed top 10 bits (of 12) from port B of cell cv32e40p_decoder$cv32e40p_core.id_stage_i.decoder_i.$eq$/workspace/incremental-synthesis/benchmarks/cv32e40p-eco-001-base/core/common/normalized_cv32e40p.v:25766$7750 ($eq).
Removed top 2 bits (of 12) from port B of cell cv32e40p_decoder$cv32e40p_core.id_stage_i.decoder_i.$eq$/workspace/incremental-synthesis/benchmarks/cv32e40p-eco-001-base/core/common/normalized_cv32e40p.v:25772$7756 ($eq).
Removed top 11 bits (of 12) from port B of cell cv32e40p_decoder$cv32e40p_core.id_stage_i.decoder_i.$eq$/workspace/incremental-synthesis/benchmarks/cv32e40p-eco-001-base/core/common/normalized_cv32e40p.v:25794$7778 ($eq).
Removed top 1 bits (of 3) from mux cell cv32e40p_decoder$cv32e40p_core.id_stage_i.decoder_i.$ternary$/workspace/incremental-synthesis/benchmarks/cv32e40p-eco-001-base/core/common/normalized_cv32e40p.v:25812$7796 ($mux).
Removed top 2 bits (of 7) from mux cell cv32e40p_decoder$cv32e40p_core.id_stage_i.decoder_i.$ternary$/workspace/incremental-synthesis/benchmarks/cv32e40p-eco-001-base/core/common/normalized_cv32e40p.v:25816$7800 ($mux).
Removed top 1 bits (of 3) from mux cell cv32e40p_decoder$cv32e40p_core.id_stage_i.decoder_i.$ternary$/workspace/incremental-synthesis/benchmarks/cv32e40p-eco-001-base/core/common/normalized_cv32e40p.v:25874$7858 ($mux).
Removed top 2 bits (of 7) from mux cell cv32e40p_decoder$cv32e40p_core.id_stage_i.decoder_i.$ternary$/workspace/incremental-synthesis/benchmarks/cv32e40p-eco-001-base/core/common/normalized_cv32e40p.v:25877$7861 ($mux).
Removed top 2 bits (of 3) from port B of cell cv32e40p_decoder$cv32e40p_core.id_stage_i.decoder_i.$eq$/workspace/incremental-synthesis/benchmarks/cv32e40p-eco-001-base/core/common/normalized_cv32e40p.v:25910$7894 ($eq).
Removed top 3 bits (of 7) from port B of cell cv32e40p_decoder$cv32e40p_core.id_stage_i.decoder_i.$eq$/workspace/incremental-synthesis/benchmarks/cv32e40p-eco-001-base/core/common/normalized_cv32e40p.v:25913$7897 ($eq).
Removed top 1 bits (of 6) from port B of cell cv32e40p_decoder$cv32e40p_core.id_stage_i.decoder_i.$eq$/workspace/incremental-synthesis/benchmarks/cv32e40p-eco-001-base/core/common/normalized_cv32e40p.v:25920$7904 ($eq).
Removed top 1 bits (of 6) from port B of cell cv32e40p_decoder$cv32e40p_core.id_stage_i.decoder_i.$eq$/workspace/incremental-synthesis/benchmarks/cv32e40p-eco-001-base/core/common/normalized_cv32e40p.v:25925$7909 ($eq).
Removed top 1 bits (of 6) from port B of cell cv32e40p_decoder$cv32e40p_core.id_stage_i.decoder_i.$eq$/workspace/incremental-synthesis/benchmarks/cv32e40p-eco-001-base/core/common/normalized_cv32e40p.v:25930$7914 ($eq).
Removed top 1 bits (of 6) from port B of cell cv32e40p_decoder$cv32e40p_core.id_stage_i.decoder_i.$eq$/workspace/incremental-synthesis/benchmarks/cv32e40p-eco-001-base/core/common/normalized_cv32e40p.v:25935$7919 ($eq).
Removed top 1 bits (of 6) from port B of cell cv32e40p_decoder$cv32e40p_core.id_stage_i.decoder_i.$eq$/workspace/incremental-synthesis/benchmarks/cv32e40p-eco-001-base/core/common/normalized_cv32e40p.v:25940$7924 ($eq).
Removed top 1 bits (of 6) from port B of cell cv32e40p_decoder$cv32e40p_core.id_stage_i.decoder_i.$eq$/workspace/incremental-synthesis/benchmarks/cv32e40p-eco-001-base/core/common/normalized_cv32e40p.v:25950$7934 ($eq).
Removed top 2 bits (of 6) from port B of cell cv32e40p_decoder$cv32e40p_core.id_stage_i.decoder_i.$eq$/workspace/incremental-synthesis/benchmarks/cv32e40p-eco-001-base/core/common/normalized_cv32e40p.v:25960$7944 ($eq).
Removed top 2 bits (of 6) from port B of cell cv32e40p_decoder$cv32e40p_core.id_stage_i.decoder_i.$eq$/workspace/incremental-synthesis/benchmarks/cv32e40p-eco-001-base/core/common/normalized_cv32e40p.v:25970$7954 ($eq).
Removed top 2 bits (of 6) from port B of cell cv32e40p_decoder$cv32e40p_core.id_stage_i.decoder_i.$eq$/workspace/incremental-synthesis/benchmarks/cv32e40p-eco-001-base/core/common/normalized_cv32e40p.v:25980$7964 ($eq).
Removed top 2 bits (of 6) from port B of cell cv32e40p_decoder$cv32e40p_core.id_stage_i.decoder_i.$eq$/workspace/incremental-synthesis/benchmarks/cv32e40p-eco-001-base/core/common/normalized_cv32e40p.v:25990$7974 ($eq).
Removed top 3 bits (of 6) from port B of cell cv32e40p_decoder$cv32e40p_core.id_stage_i.decoder_i.$eq$/workspace/incremental-synthesis/benchmarks/cv32e40p-eco-001-base/core/common/normalized_cv32e40p.v:26000$7984 ($eq).
Removed top 3 bits (of 6) from port B of cell cv32e40p_decoder$cv32e40p_core.id_stage_i.decoder_i.$eq$/workspace/incremental-synthesis/benchmarks/cv32e40p-eco-001-base/core/common/normalized_cv32e40p.v:26010$7994 ($eq).
Removed top 4 bits (of 6) from port B of cell cv32e40p_decoder$cv32e40p_core.id_stage_i.decoder_i.$eq$/workspace/incremental-synthesis/benchmarks/cv32e40p-eco-001-base/core/common/normalized_cv32e40p.v:26020$8004 ($eq).
Removed top 5 bits (of 6) from port B of cell cv32e40p_decoder$cv32e40p_core.id_stage_i.decoder_i.$eq$/workspace/incremental-synthesis/benchmarks/cv32e40p-eco-001-base/core/common/normalized_cv32e40p.v:26030$8014 ($eq).
Removed top 1 bits (of 2) from port B of cell cv32e40p_decoder$cv32e40p_core.id_stage_i.decoder_i.$eq$/workspace/incremental-synthesis/benchmarks/cv32e40p-eco-001-base/core/common/normalized_cv32e40p.v:26089$8073 ($eq).
Removed top 1 bits (of 6) from port B of cell cv32e40p_decoder$cv32e40p_core.id_stage_i.decoder_i.$eq$/workspace/incremental-synthesis/benchmarks/cv32e40p-eco-001-base/core/common/normalized_cv32e40p.v:26170$8154 ($eq).
Removed top 1 bits (of 6) from port B of cell cv32e40p_decoder$cv32e40p_core.id_stage_i.decoder_i.$eq$/workspace/incremental-synthesis/benchmarks/cv32e40p-eco-001-base/core/common/normalized_cv32e40p.v:26180$8164 ($eq).
Removed top 1 bits (of 6) from port B of cell cv32e40p_decoder$cv32e40p_core.id_stage_i.decoder_i.$eq$/workspace/incremental-synthesis/benchmarks/cv32e40p-eco-001-base/core/common/normalized_cv32e40p.v:26190$8174 ($eq).
Removed top 1 bits (of 6) from port B of cell cv32e40p_decoder$cv32e40p_core.id_stage_i.decoder_i.$eq$/workspace/incremental-synthesis/benchmarks/cv32e40p-eco-001-base/core/common/normalized_cv32e40p.v:26200$8184 ($eq).
Removed top 1 bits (of 6) from port B of cell cv32e40p_decoder$cv32e40p_core.id_stage_i.decoder_i.$eq$/workspace/incremental-synthesis/benchmarks/cv32e40p-eco-001-base/core/common/normalized_cv32e40p.v:26210$8194 ($eq).
Removed top 1 bits (of 6) from port B of cell cv32e40p_decoder$cv32e40p_core.id_stage_i.decoder_i.$eq$/workspace/incremental-synthesis/benchmarks/cv32e40p-eco-001-base/core/common/normalized_cv32e40p.v:26220$8204 ($eq).
Removed top 1 bits (of 6) from port B of cell cv32e40p_decoder$cv32e40p_core.id_stage_i.decoder_i.$eq$/workspace/incremental-synthesis/benchmarks/cv32e40p-eco-001-base/core/common/normalized_cv32e40p.v:26230$8214 ($eq).
Removed top 2 bits (of 6) from port B of cell cv32e40p_decoder$cv32e40p_core.id_stage_i.decoder_i.$eq$/workspace/incremental-synthesis/benchmarks/cv32e40p-eco-001-base/core/common/normalized_cv32e40p.v:26240$8224 ($eq).
Removed top 2 bits (of 6) from port B of cell cv32e40p_decoder$cv32e40p_core.id_stage_i.decoder_i.$eq$/workspace/incremental-synthesis/benchmarks/cv32e40p-eco-001-base/core/common/normalized_cv32e40p.v:26250$8234 ($eq).
Removed top 2 bits (of 6) from port B of cell cv32e40p_decoder$cv32e40p_core.id_stage_i.decoder_i.$eq$/workspace/incremental-synthesis/benchmarks/cv32e40p-eco-001-base/core/common/normalized_cv32e40p.v:26260$8244 ($eq).
Removed top 2 bits (of 6) from port B of cell cv32e40p_decoder$cv32e40p_core.id_stage_i.decoder_i.$eq$/workspace/incremental-synthesis/benchmarks/cv32e40p-eco-001-base/core/common/normalized_cv32e40p.v:26270$8254 ($eq).
Removed top 3 bits (of 6) from port B of cell cv32e40p_decoder$cv32e40p_core.id_stage_i.decoder_i.$eq$/workspace/incremental-synthesis/benchmarks/cv32e40p-eco-001-base/core/common/normalized_cv32e40p.v:26280$8264 ($eq).
Removed top 3 bits (of 6) from port B of cell cv32e40p_decoder$cv32e40p_core.id_stage_i.decoder_i.$eq$/workspace/incremental-synthesis/benchmarks/cv32e40p-eco-001-base/core/common/normalized_cv32e40p.v:26290$8274 ($eq).
Removed top 4 bits (of 6) from port B of cell cv32e40p_decoder$cv32e40p_core.id_stage_i.decoder_i.$eq$/workspace/incremental-synthesis/benchmarks/cv32e40p-eco-001-base/core/common/normalized_cv32e40p.v:26300$8284 ($eq).
Removed top 1 bits (of 6) from port B of cell cv32e40p_decoder$cv32e40p_core.id_stage_i.decoder_i.$eq$/workspace/incremental-synthesis/benchmarks/cv32e40p-eco-001-base/core/common/normalized_cv32e40p.v:26312$8296 ($eq).
Removed top 1 bits (of 3) from mux cell cv32e40p_decoder$cv32e40p_core.id_stage_i.decoder_i.$ternary$/workspace/incremental-synthesis/benchmarks/cv32e40p-eco-001-base/core/common/normalized_cv32e40p.v:26517$8501 ($mux).
Removed top 1 bits (of 3) from mux cell cv32e40p_decoder$cv32e40p_core.id_stage_i.decoder_i.$ternary$/workspace/incremental-synthesis/benchmarks/cv32e40p-eco-001-base/core/common/normalized_cv32e40p.v:26528$8512 ($mux).
Removed top 2 bits (of 3) from mux cell cv32e40p_decoder$cv32e40p_core.id_stage_i.decoder_i.$ternary$/workspace/incremental-synthesis/benchmarks/cv32e40p-eco-001-base/core/common/normalized_cv32e40p.v:26531$8515 ($mux).
Removed top 1 bits (of 2) from mux cell cv32e40p_decoder$cv32e40p_core.id_stage_i.decoder_i.$ternary$/workspace/incremental-synthesis/benchmarks/cv32e40p-eco-001-base/core/common/normalized_cv32e40p.v:26534$8518 ($mux).
Removed top 2 bits (of 3) from mux cell cv32e40p_decoder$cv32e40p_core.id_stage_i.decoder_i.$ternary$/workspace/incremental-synthesis/benchmarks/cv32e40p-eco-001-base/core/common/normalized_cv32e40p.v:26537$8521 ($mux).
Removed top 1 bits (of 3) from port B of cell cv32e40p_decoder$cv32e40p_core.id_stage_i.decoder_i.$eq$/workspace/incremental-synthesis/benchmarks/cv32e40p-eco-001-base/core/common/normalized_cv32e40p.v:26554$8538 ($eq).
Removed top 2 bits (of 3) from port B of cell cv32e40p_decoder$cv32e40p_core.id_stage_i.decoder_i.$eq$/workspace/incremental-synthesis/benchmarks/cv32e40p-eco-001-base/core/common/normalized_cv32e40p.v:26555$8539 ($eq).
Removed top 1 bits (of 3) from port B of cell cv32e40p_decoder$cv32e40p_core.id_stage_i.decoder_i.$eq$/workspace/incremental-synthesis/benchmarks/cv32e40p-eco-001-base/core/common/normalized_cv32e40p.v:26558$8542 ($eq).
Removed top 1 bits (of 4) from mux cell cv32e40p_decoder$cv32e40p_core.id_stage_i.decoder_i.$ternary$/workspace/incremental-synthesis/benchmarks/cv32e40p-eco-001-base/core/common/normalized_cv32e40p.v:26648$8632 ($mux).
Removed top 1 bits (of 3) from mux cell cv32e40p_decoder$cv32e40p_core.id_stage_i.decoder_i.$ternary$/workspace/incremental-synthesis/benchmarks/cv32e40p-eco-001-base/core/common/normalized_cv32e40p.v:26652$8636 ($mux).
Removed top 1 bits (of 4) from port B of cell cv32e40p_decoder$cv32e40p_core.id_stage_i.decoder_i.$eq$/workspace/incremental-synthesis/benchmarks/cv32e40p-eco-001-base/core/common/normalized_cv32e40p.v:26684$8668 ($eq).
Removed top 1 bits (of 4) from port B of cell cv32e40p_decoder$cv32e40p_core.id_stage_i.decoder_i.$eq$/workspace/incremental-synthesis/benchmarks/cv32e40p-eco-001-base/core/common/normalized_cv32e40p.v:26685$8669 ($eq).
Removed top 1 bits (of 4) from port B of cell cv32e40p_decoder$cv32e40p_core.id_stage_i.decoder_i.$eq$/workspace/incremental-synthesis/benchmarks/cv32e40p-eco-001-base/core/common/normalized_cv32e40p.v:26686$8670 ($eq).
Removed top 1 bits (of 4) from port B of cell cv32e40p_decoder$cv32e40p_core.id_stage_i.decoder_i.$eq$/workspace/incremental-synthesis/benchmarks/cv32e40p-eco-001-base/core/common/normalized_cv32e40p.v:26687$8671 ($eq).
Removed top 1 bits (of 7) from port B of cell cv32e40p_decoder$cv32e40p_core.id_stage_i.decoder_i.$eq$/workspace/incremental-synthesis/benchmarks/cv32e40p-eco-001-base/core/common/normalized_cv32e40p.v:26691$8675 ($eq).
Removed top 2 bits (of 4) from port B of cell cv32e40p_decoder$cv32e40p_core.id_stage_i.decoder_i.$eq$/workspace/incremental-synthesis/benchmarks/cv32e40p-eco-001-base/core/common/normalized_cv32e40p.v:26701$8685 ($eq).
Removed top 3 bits (of 4) from port B of cell cv32e40p_decoder$cv32e40p_core.id_stage_i.decoder_i.$eq$/workspace/incremental-synthesis/benchmarks/cv32e40p-eco-001-base/core/common/normalized_cv32e40p.v:26708$8692 ($eq).
Removed top 2 bits (of 4) from port B of cell cv32e40p_decoder$cv32e40p_core.id_stage_i.decoder_i.$eq$/workspace/incremental-synthesis/benchmarks/cv32e40p-eco-001-base/core/common/normalized_cv32e40p.v:26717$8701 ($eq).
Removed top 2 bits (of 3) from mux cell cv32e40p_decoder$cv32e40p_core.id_stage_i.decoder_i.$ternary$/workspace/incremental-synthesis/benchmarks/cv32e40p-eco-001-base/core/common/normalized_cv32e40p.v:26789$8773 ($mux).
Removed top 1 bits (of 3) from port B of cell cv32e40p_decoder$cv32e40p_core.id_stage_i.decoder_i.$eq$/workspace/incremental-synthesis/benchmarks/cv32e40p-eco-001-base/core/common/normalized_cv32e40p.v:26802$8786 ($eq).
Removed top 1 bits (of 3) from port B of cell cv32e40p_decoder$cv32e40p_core.id_stage_i.decoder_i.$eq$/workspace/incremental-synthesis/benchmarks/cv32e40p-eco-001-base/core/common/normalized_cv32e40p.v:26803$8787 ($eq).
Removed top 2 bits (of 3) from port B of cell cv32e40p_decoder$cv32e40p_core.id_stage_i.decoder_i.$eq$/workspace/incremental-synthesis/benchmarks/cv32e40p-eco-001-base/core/common/normalized_cv32e40p.v:26804$8788 ($eq).
Removed top 1 bits (of 7) from port B of cell cv32e40p_decoder$cv32e40p_core.id_stage_i.decoder_i.$eq$/workspace/incremental-synthesis/benchmarks/cv32e40p-eco-001-base/core/common/normalized_cv32e40p.v:26825$8809 ($eq).
Removed top 1 bits (of 7) from port B of cell cv32e40p_decoder$cv32e40p_core.id_stage_i.decoder_i.$eq$/workspace/incremental-synthesis/benchmarks/cv32e40p-eco-001-base/core/common/normalized_cv32e40p.v:26826$8810 ($eq).
Removed top 1 bits (of 7) from port B of cell cv32e40p_decoder$cv32e40p_core.id_stage_i.decoder_i.$eq$/workspace/incremental-synthesis/benchmarks/cv32e40p-eco-001-base/core/common/normalized_cv32e40p.v:26827$8811 ($eq).
Removed top 1 bits (of 7) from port B of cell cv32e40p_decoder$cv32e40p_core.id_stage_i.decoder_i.$eq$/workspace/incremental-synthesis/benchmarks/cv32e40p-eco-001-base/core/common/normalized_cv32e40p.v:26828$8812 ($eq).
Removed top 1 bits (of 7) from port B of cell cv32e40p_decoder$cv32e40p_core.id_stage_i.decoder_i.$eq$/workspace/incremental-synthesis/benchmarks/cv32e40p-eco-001-base/core/common/normalized_cv32e40p.v:26829$8813 ($eq).
Removed top 1 bits (of 7) from port B of cell cv32e40p_decoder$cv32e40p_core.id_stage_i.decoder_i.$eq$/workspace/incremental-synthesis/benchmarks/cv32e40p-eco-001-base/core/common/normalized_cv32e40p.v:26830$8814 ($eq).
Removed top 1 bits (of 7) from port B of cell cv32e40p_decoder$cv32e40p_core.id_stage_i.decoder_i.$eq$/workspace/incremental-synthesis/benchmarks/cv32e40p-eco-001-base/core/common/normalized_cv32e40p.v:26831$8815 ($eq).
Removed top 1 bits (of 7) from port B of cell cv32e40p_decoder$cv32e40p_core.id_stage_i.decoder_i.$eq$/workspace/incremental-synthesis/benchmarks/cv32e40p-eco-001-base/core/common/normalized_cv32e40p.v:26832$8816 ($eq).
Removed top 1 bits (of 7) from port B of cell cv32e40p_decoder$cv32e40p_core.id_stage_i.decoder_i.$eq$/workspace/incremental-synthesis/benchmarks/cv32e40p-eco-001-base/core/common/normalized_cv32e40p.v:26833$8817 ($eq).
Removed top 1 bits (of 7) from port B of cell cv32e40p_decoder$cv32e40p_core.id_stage_i.decoder_i.$eq$/workspace/incremental-synthesis/benchmarks/cv32e40p-eco-001-base/core/common/normalized_cv32e40p.v:26834$8818 ($eq).
Removed top 1 bits (of 7) from port B of cell cv32e40p_decoder$cv32e40p_core.id_stage_i.decoder_i.$eq$/workspace/incremental-synthesis/benchmarks/cv32e40p-eco-001-base/core/common/normalized_cv32e40p.v:26835$8819 ($eq).
Removed top 1 bits (of 7) from port B of cell cv32e40p_decoder$cv32e40p_core.id_stage_i.decoder_i.$eq$/workspace/incremental-synthesis/benchmarks/cv32e40p-eco-001-base/core/common/normalized_cv32e40p.v:26836$8820 ($eq).
Removed top 1 bits (of 7) from port B of cell cv32e40p_decoder$cv32e40p_core.id_stage_i.decoder_i.$eq$/workspace/incremental-synthesis/benchmarks/cv32e40p-eco-001-base/core/common/normalized_cv32e40p.v:26837$8821 ($eq).
Removed top 1 bits (of 7) from port B of cell cv32e40p_decoder$cv32e40p_core.id_stage_i.decoder_i.$eq$/workspace/incremental-synthesis/benchmarks/cv32e40p-eco-001-base/core/common/normalized_cv32e40p.v:26838$8822 ($eq).
Removed top 1 bits (of 7) from port B of cell cv32e40p_decoder$cv32e40p_core.id_stage_i.decoder_i.$eq$/workspace/incremental-synthesis/benchmarks/cv32e40p-eco-001-base/core/common/normalized_cv32e40p.v:26839$8823 ($eq).
Removed top 1 bits (of 7) from port B of cell cv32e40p_decoder$cv32e40p_core.id_stage_i.decoder_i.$eq$/workspace/incremental-synthesis/benchmarks/cv32e40p-eco-001-base/core/common/normalized_cv32e40p.v:26840$8824 ($eq).
Removed top 1 bits (of 7) from port B of cell cv32e40p_decoder$cv32e40p_core.id_stage_i.decoder_i.$eq$/workspace/incremental-synthesis/benchmarks/cv32e40p-eco-001-base/core/common/normalized_cv32e40p.v:26841$8825 ($eq).
Removed top 1 bits (of 7) from port B of cell cv32e40p_decoder$cv32e40p_core.id_stage_i.decoder_i.$eq$/workspace/incremental-synthesis/benchmarks/cv32e40p-eco-001-base/core/common/normalized_cv32e40p.v:26842$8826 ($eq).
Removed top 1 bits (of 7) from port B of cell cv32e40p_decoder$cv32e40p_core.id_stage_i.decoder_i.$eq$/workspace/incremental-synthesis/benchmarks/cv32e40p-eco-001-base/core/common/normalized_cv32e40p.v:26843$8827 ($eq).
Removed top 1 bits (of 7) from port B of cell cv32e40p_decoder$cv32e40p_core.id_stage_i.decoder_i.$eq$/workspace/incremental-synthesis/benchmarks/cv32e40p-eco-001-base/core/common/normalized_cv32e40p.v:26844$8828 ($eq).
Removed top 1 bits (of 7) from port B of cell cv32e40p_decoder$cv32e40p_core.id_stage_i.decoder_i.$eq$/workspace/incremental-synthesis/benchmarks/cv32e40p-eco-001-base/core/common/normalized_cv32e40p.v:26845$8829 ($eq).
Removed top 1 bits (of 7) from port B of cell cv32e40p_decoder$cv32e40p_core.id_stage_i.decoder_i.$eq$/workspace/incremental-synthesis/benchmarks/cv32e40p-eco-001-base/core/common/normalized_cv32e40p.v:26846$8830 ($eq).
Removed top 1 bits (of 7) from port B of cell cv32e40p_decoder$cv32e40p_core.id_stage_i.decoder_i.$eq$/workspace/incremental-synthesis/benchmarks/cv32e40p-eco-001-base/core/common/normalized_cv32e40p.v:26847$8831 ($eq).
Removed top 1 bits (of 7) from port B of cell cv32e40p_decoder$cv32e40p_core.id_stage_i.decoder_i.$eq$/workspace/incremental-synthesis/benchmarks/cv32e40p-eco-001-base/core/common/normalized_cv32e40p.v:26848$8832 ($eq).
Removed top 1 bits (of 7) from port B of cell cv32e40p_decoder$cv32e40p_core.id_stage_i.decoder_i.$eq$/workspace/incremental-synthesis/benchmarks/cv32e40p-eco-001-base/core/common/normalized_cv32e40p.v:26849$8833 ($eq).
Removed top 1 bits (of 7) from port B of cell cv32e40p_decoder$cv32e40p_core.id_stage_i.decoder_i.$eq$/workspace/incremental-synthesis/benchmarks/cv32e40p-eco-001-base/core/common/normalized_cv32e40p.v:26850$8834 ($eq).
Removed top 1 bits (of 7) from port B of cell cv32e40p_decoder$cv32e40p_core.id_stage_i.decoder_i.$eq$/workspace/incremental-synthesis/benchmarks/cv32e40p-eco-001-base/core/common/normalized_cv32e40p.v:26851$8835 ($eq).
Removed top 1 bits (of 7) from port B of cell cv32e40p_decoder$cv32e40p_core.id_stage_i.decoder_i.$eq$/workspace/incremental-synthesis/benchmarks/cv32e40p-eco-001-base/core/common/normalized_cv32e40p.v:26852$8836 ($eq).
Removed top 1 bits (of 7) from port B of cell cv32e40p_decoder$cv32e40p_core.id_stage_i.decoder_i.$eq$/workspace/incremental-synthesis/benchmarks/cv32e40p-eco-001-base/core/common/normalized_cv32e40p.v:26853$8837 ($eq).
Removed top 1 bits (of 7) from port B of cell cv32e40p_decoder$cv32e40p_core.id_stage_i.decoder_i.$eq$/workspace/incremental-synthesis/benchmarks/cv32e40p-eco-001-base/core/common/normalized_cv32e40p.v:26854$8838 ($eq).
Removed top 1 bits (of 7) from port B of cell cv32e40p_decoder$cv32e40p_core.id_stage_i.decoder_i.$eq$/workspace/incremental-synthesis/benchmarks/cv32e40p-eco-001-base/core/common/normalized_cv32e40p.v:26855$8839 ($eq).
Removed top 1 bits (of 5) from port B of cell cv32e40p_decoder$cv32e40p_core.id_stage_i.decoder_i.$eq$/workspace/incremental-synthesis/benchmarks/cv32e40p-eco-001-base/core/common/normalized_cv32e40p.v:26985$8969 ($eq).
Removed top 2 bits (of 5) from port B of cell cv32e40p_decoder$cv32e40p_core.id_stage_i.decoder_i.$eq$/workspace/incremental-synthesis/benchmarks/cv32e40p-eco-001-base/core/common/normalized_cv32e40p.v:27026$9010 ($eq).
Removed top 3 bits (of 5) from port B of cell cv32e40p_decoder$cv32e40p_core.id_stage_i.decoder_i.$eq$/workspace/incremental-synthesis/benchmarks/cv32e40p-eco-001-base/core/common/normalized_cv32e40p.v:27067$9051 ($eq).
Removed top 3 bits (of 5) from port B of cell cv32e40p_decoder$cv32e40p_core.id_stage_i.decoder_i.$eq$/workspace/incremental-synthesis/benchmarks/cv32e40p-eco-001-base/core/common/normalized_cv32e40p.v:27108$9092 ($eq).
Removed top 4 bits (of 5) from port B of cell cv32e40p_decoder$cv32e40p_core.id_stage_i.decoder_i.$eq$/workspace/incremental-synthesis/benchmarks/cv32e40p-eco-001-base/core/common/normalized_cv32e40p.v:27149$9133 ($eq).
Removed top 1 bits (of 5) from port B of cell cv32e40p_decoder$cv32e40p_core.id_stage_i.decoder_i.$eq$/workspace/incremental-synthesis/benchmarks/cv32e40p-eco-001-base/core/common/normalized_cv32e40p.v:27318$9302 ($eq).
Removed top 1 bits (of 5) from port B of cell cv32e40p_decoder$cv32e40p_core.id_stage_i.decoder_i.$eq$/workspace/incremental-synthesis/benchmarks/cv32e40p-eco-001-base/core/common/normalized_cv32e40p.v:27319$9303 ($eq).
Removed top 1 bits (of 5) from port B of cell cv32e40p_decoder$cv32e40p_core.id_stage_i.decoder_i.$eq$/workspace/incremental-synthesis/benchmarks/cv32e40p-eco-001-base/core/common/normalized_cv32e40p.v:27320$9304 ($eq).
Removed top 1 bits (of 5) from port B of cell cv32e40p_decoder$cv32e40p_core.id_stage_i.decoder_i.$eq$/workspace/incremental-synthesis/benchmarks/cv32e40p-eco-001-base/core/common/normalized_cv32e40p.v:27321$9305 ($eq).
Removed top 1 bits (of 5) from port B of cell cv32e40p_decoder$cv32e40p_core.id_stage_i.decoder_i.$eq$/workspace/incremental-synthesis/benchmarks/cv32e40p-eco-001-base/core/common/normalized_cv32e40p.v:27322$9306 ($eq).
Removed top 1 bits (of 5) from port B of cell cv32e40p_decoder$cv32e40p_core.id_stage_i.decoder_i.$eq$/workspace/incremental-synthesis/benchmarks/cv32e40p-eco-001-base/core/common/normalized_cv32e40p.v:27323$9307 ($eq).
Removed top 2 bits (of 7) from port B of cell cv32e40p_decoder$cv32e40p_core.id_stage_i.decoder_i.$eq$/workspace/incremental-synthesis/benchmarks/cv32e40p-eco-001-base/core/common/normalized_cv32e40p.v:27478$9462 ($eq).
Removed top 2 bits (of 7) from port B of cell cv32e40p_decoder$cv32e40p_core.id_stage_i.decoder_i.$eq$/workspace/incremental-synthesis/benchmarks/cv32e40p-eco-001-base/core/common/normalized_cv32e40p.v:27479$9463 ($eq).
Removed top 2 bits (of 7) from port B of cell cv32e40p_decoder$cv32e40p_core.id_stage_i.decoder_i.$eq$/workspace/incremental-synthesis/benchmarks/cv32e40p-eco-001-base/core/common/normalized_cv32e40p.v:27480$9464 ($eq).
Removed top 2 bits (of 7) from port B of cell cv32e40p_decoder$cv32e40p_core.id_stage_i.decoder_i.$eq$/workspace/incremental-synthesis/benchmarks/cv32e40p-eco-001-base/core/common/normalized_cv32e40p.v:27481$9465 ($eq).
Removed top 2 bits (of 7) from port B of cell cv32e40p_decoder$cv32e40p_core.id_stage_i.decoder_i.$eq$/workspace/incremental-synthesis/benchmarks/cv32e40p-eco-001-base/core/common/normalized_cv32e40p.v:27482$9466 ($eq).
Removed top 2 bits (of 7) from port B of cell cv32e40p_decoder$cv32e40p_core.id_stage_i.decoder_i.$eq$/workspace/incremental-synthesis/benchmarks/cv32e40p-eco-001-base/core/common/normalized_cv32e40p.v:27483$9467 ($eq).
Removed top 2 bits (of 7) from port B of cell cv32e40p_decoder$cv32e40p_core.id_stage_i.decoder_i.$eq$/workspace/incremental-synthesis/benchmarks/cv32e40p-eco-001-base/core/common/normalized_cv32e40p.v:27484$9468 ($eq).
Removed top 2 bits (of 7) from port B of cell cv32e40p_decoder$cv32e40p_core.id_stage_i.decoder_i.$eq$/workspace/incremental-synthesis/benchmarks/cv32e40p-eco-001-base/core/common/normalized_cv32e40p.v:27485$9469 ($eq).
Removed top 1 bits (of 2) from port B of cell cv32e40p_decoder$cv32e40p_core.id_stage_i.decoder_i.$eq$/workspace/incremental-synthesis/benchmarks/cv32e40p-eco-001-base/core/common/normalized_cv32e40p.v:27611$9595 ($eq).
Removed top 2 bits (of 7) from port B of cell cv32e40p_decoder$cv32e40p_core.id_stage_i.decoder_i.$eq$/workspace/incremental-synthesis/benchmarks/cv32e40p-eco-001-base/core/common/normalized_cv32e40p.v:27615$9599 ($eq).
Removed top 2 bits (of 7) from port B of cell cv32e40p_decoder$cv32e40p_core.id_stage_i.decoder_i.$eq$/workspace/incremental-synthesis/benchmarks/cv32e40p-eco-001-base/core/common/normalized_cv32e40p.v:27616$9600 ($eq).
Removed top 2 bits (of 7) from port B of cell cv32e40p_decoder$cv32e40p_core.id_stage_i.decoder_i.$eq$/workspace/incremental-synthesis/benchmarks/cv32e40p-eco-001-base/core/common/normalized_cv32e40p.v:27617$9601 ($eq).
Removed top 2 bits (of 7) from port B of cell cv32e40p_decoder$cv32e40p_core.id_stage_i.decoder_i.$eq$/workspace/incremental-synthesis/benchmarks/cv32e40p-eco-001-base/core/common/normalized_cv32e40p.v:27618$9602 ($eq).
Removed top 2 bits (of 7) from port B of cell cv32e40p_decoder$cv32e40p_core.id_stage_i.decoder_i.$eq$/workspace/incremental-synthesis/benchmarks/cv32e40p-eco-001-base/core/common/normalized_cv32e40p.v:27619$9603 ($eq).
Removed top 2 bits (of 7) from port B of cell cv32e40p_decoder$cv32e40p_core.id_stage_i.decoder_i.$eq$/workspace/incremental-synthesis/benchmarks/cv32e40p-eco-001-base/core/common/normalized_cv32e40p.v:27620$9604 ($eq).
Removed top 2 bits (of 7) from port B of cell cv32e40p_decoder$cv32e40p_core.id_stage_i.decoder_i.$eq$/workspace/incremental-synthesis/benchmarks/cv32e40p-eco-001-base/core/common/normalized_cv32e40p.v:27621$9605 ($eq).
Removed top 2 bits (of 7) from port B of cell cv32e40p_decoder$cv32e40p_core.id_stage_i.decoder_i.$eq$/workspace/incremental-synthesis/benchmarks/cv32e40p-eco-001-base/core/common/normalized_cv32e40p.v:27622$9606 ($eq).
Removed top 1 bits (of 3) from port B of cell cv32e40p_decoder$cv32e40p_core.id_stage_i.decoder_i.$eq$/workspace/incremental-synthesis/benchmarks/cv32e40p-eco-001-base/core/common/normalized_cv32e40p.v:27725$9709 ($eq).
Removed top 2 bits (of 3) from port B of cell cv32e40p_decoder$cv32e40p_core.id_stage_i.decoder_i.$eq$/workspace/incremental-synthesis/benchmarks/cv32e40p-eco-001-base/core/common/normalized_cv32e40p.v:27726$9710 ($eq).
Removed top 6 bits (of 7) from port B of cell cv32e40p_decoder$cv32e40p_core.id_stage_i.decoder_i.$eq$/workspace/incremental-synthesis/benchmarks/cv32e40p-eco-001-base/core/common/normalized_cv32e40p.v:27731$9715 ($eq).
Removed top 3 bits (of 7) from port B of cell cv32e40p_decoder$cv32e40p_core.id_stage_i.decoder_i.$eq$/workspace/incremental-synthesis/benchmarks/cv32e40p-eco-001-base/core/common/normalized_cv32e40p.v:27732$9716 ($eq).
Removed top 3 bits (of 7) from port B of cell cv32e40p_decoder$cv32e40p_core.id_stage_i.decoder_i.$eq$/workspace/incremental-synthesis/benchmarks/cv32e40p-eco-001-base/core/common/normalized_cv32e40p.v:27733$9717 ($eq).
Removed top 3 bits (of 7) from port B of cell cv32e40p_decoder$cv32e40p_core.id_stage_i.decoder_i.$eq$/workspace/incremental-synthesis/benchmarks/cv32e40p-eco-001-base/core/common/normalized_cv32e40p.v:27734$9718 ($eq).
Removed top 3 bits (of 7) from port B of cell cv32e40p_decoder$cv32e40p_core.id_stage_i.decoder_i.$eq$/workspace/incremental-synthesis/benchmarks/cv32e40p-eco-001-base/core/common/normalized_cv32e40p.v:27735$9719 ($eq).
Removed top 3 bits (of 7) from port B of cell cv32e40p_decoder$cv32e40p_core.id_stage_i.decoder_i.$eq$/workspace/incremental-synthesis/benchmarks/cv32e40p-eco-001-base/core/common/normalized_cv32e40p.v:27736$9720 ($eq).
Removed top 3 bits (of 7) from port B of cell cv32e40p_decoder$cv32e40p_core.id_stage_i.decoder_i.$eq$/workspace/incremental-synthesis/benchmarks/cv32e40p-eco-001-base/core/common/normalized_cv32e40p.v:27737$9721 ($eq).
Removed top 5 bits (of 7) from port B of cell cv32e40p_decoder$cv32e40p_core.id_stage_i.decoder_i.$eq$/workspace/incremental-synthesis/benchmarks/cv32e40p-eco-001-base/core/common/normalized_cv32e40p.v:27738$9722 ($eq).
Removed top 5 bits (of 7) from port B of cell cv32e40p_decoder$cv32e40p_core.id_stage_i.decoder_i.$eq$/workspace/incremental-synthesis/benchmarks/cv32e40p-eco-001-base/core/common/normalized_cv32e40p.v:27739$9723 ($eq).
Removed top 4 bits (of 7) from port B of cell cv32e40p_decoder$cv32e40p_core.id_stage_i.decoder_i.$eq$/workspace/incremental-synthesis/benchmarks/cv32e40p-eco-001-base/core/common/normalized_cv32e40p.v:27740$9724 ($eq).
Removed top 4 bits (of 7) from port B of cell cv32e40p_decoder$cv32e40p_core.id_stage_i.decoder_i.$eq$/workspace/incremental-synthesis/benchmarks/cv32e40p-eco-001-base/core/common/normalized_cv32e40p.v:27741$9725 ($eq).
Removed top 4 bits (of 7) from port B of cell cv32e40p_decoder$cv32e40p_core.id_stage_i.decoder_i.$eq$/workspace/incremental-synthesis/benchmarks/cv32e40p-eco-001-base/core/common/normalized_cv32e40p.v:27742$9726 ($eq).
Removed top 4 bits (of 7) from port B of cell cv32e40p_decoder$cv32e40p_core.id_stage_i.decoder_i.$eq$/workspace/incremental-synthesis/benchmarks/cv32e40p-eco-001-base/core/common/normalized_cv32e40p.v:27743$9727 ($eq).
Removed top 3 bits (of 7) from port B of cell cv32e40p_decoder$cv32e40p_core.id_stage_i.decoder_i.$eq$/workspace/incremental-synthesis/benchmarks/cv32e40p-eco-001-base/core/common/normalized_cv32e40p.v:27744$9728 ($eq).
Removed top 3 bits (of 7) from port B of cell cv32e40p_decoder$cv32e40p_core.id_stage_i.decoder_i.$eq$/workspace/incremental-synthesis/benchmarks/cv32e40p-eco-001-base/core/common/normalized_cv32e40p.v:27745$9729 ($eq).
Removed top 1 bits (of 2) from mux cell cv32e40p_decoder$cv32e40p_core.id_stage_i.decoder_i.$ternary$/workspace/incremental-synthesis/benchmarks/cv32e40p-eco-001-base/core/common/normalized_cv32e40p.v:28078$10062 ($mux).
Removed top 1 bits (of 3) from mux cell cv32e40p_decoder$cv32e40p_core.id_stage_i.decoder_i.$ternary$/workspace/incremental-synthesis/benchmarks/cv32e40p-eco-001-base/core/common/normalized_cv32e40p.v:28204$10188 ($mux).
Removed top 1 bits (of 2) from mux cell cv32e40p_decoder$cv32e40p_core.id_stage_i.decoder_i.$ternary$/workspace/incremental-synthesis/benchmarks/cv32e40p-eco-001-base/core/common/normalized_cv32e40p.v:28330$10314 ($mux).
Removed top 1 bits (of 2) from mux cell cv32e40p_decoder$cv32e40p_core.id_stage_i.decoder_i.$ternary$/workspace/incremental-synthesis/benchmarks/cv32e40p-eco-001-base/core/common/normalized_cv32e40p.v:28912$10896 ($mux).
Removed top 1 bits (of 3) from mux cell cv32e40p_decoder$cv32e40p_core.id_stage_i.decoder_i.$ternary$/workspace/incremental-synthesis/benchmarks/cv32e40p-eco-001-base/core/common/normalized_cv32e40p.v:28944$10928 ($mux).
Removed top 6 bits (of 7) from mux cell cv32e40p_decoder$cv32e40p_core.id_stage_i.decoder_i.$ternary$/workspace/incremental-synthesis/benchmarks/cv32e40p-eco-001-base/core/common/normalized_cv32e40p.v:29031$11015 ($mux).
Removed top 3 bits (of 7) from port B of cell cv32e40p_decoder$cv32e40p_core.id_stage_i.decoder_i.$eq$/workspace/incremental-synthesis/benchmarks/cv32e40p-eco-001-base/core/common/normalized_cv32e40p.v:29034$11018 ($eq).
Removed top 2 bits (of 7) from mux cell cv32e40p_decoder$cv32e40p_core.id_stage_i.decoder_i.$ternary$/workspace/incremental-synthesis/benchmarks/cv32e40p-eco-001-base/core/common/normalized_cv32e40p.v:29040$11024 ($mux).
Removed top 1 bits (of 2) from mux cell cv32e40p_decoder$cv32e40p_core.id_stage_i.decoder_i.$ternary$/workspace/incremental-synthesis/benchmarks/cv32e40p-eco-001-base/core/common/normalized_cv32e40p.v:29081$11065 ($mux).
Removed top 5 bits (of 9) from port B of cell cv32e40p_decoder$cv32e40p_core.id_stage_i.decoder_i.$eq$/workspace/incremental-synthesis/benchmarks/cv32e40p-eco-001-base/core/common/normalized_cv32e40p.v:29099$11083 ($eq).
Removed top 5 bits (of 9) from port B of cell cv32e40p_decoder$cv32e40p_core.id_stage_i.decoder_i.$eq$/workspace/incremental-synthesis/benchmarks/cv32e40p-eco-001-base/core/common/normalized_cv32e40p.v:29100$11084 ($eq).
Removed top 5 bits (of 9) from port B of cell cv32e40p_decoder$cv32e40p_core.id_stage_i.decoder_i.$eq$/workspace/incremental-synthesis/benchmarks/cv32e40p-eco-001-base/core/common/normalized_cv32e40p.v:29101$11085 ($eq).
Removed top 5 bits (of 9) from port B of cell cv32e40p_decoder$cv32e40p_core.id_stage_i.decoder_i.$eq$/workspace/incremental-synthesis/benchmarks/cv32e40p-eco-001-base/core/common/normalized_cv32e40p.v:29102$11086 ($eq).
Removed top 1 bits (of 7) from port B of cell cv32e40p_decoder$cv32e40p_core.id_stage_i.decoder_i.$eq$/workspace/incremental-synthesis/benchmarks/cv32e40p-eco-001-base/core/common/normalized_cv32e40p.v:29106$11090 ($eq).
Removed top 5 bits (of 9) from port B of cell cv32e40p_decoder$cv32e40p_core.id_stage_i.decoder_i.$eq$/workspace/incremental-synthesis/benchmarks/cv32e40p-eco-001-base/core/common/normalized_cv32e40p.v:29133$11117 ($eq).
Removed top 5 bits (of 9) from port B of cell cv32e40p_decoder$cv32e40p_core.id_stage_i.decoder_i.$eq$/workspace/incremental-synthesis/benchmarks/cv32e40p-eco-001-base/core/common/normalized_cv32e40p.v:29134$11118 ($eq).
Removed top 5 bits (of 9) from port B of cell cv32e40p_decoder$cv32e40p_core.id_stage_i.decoder_i.$eq$/workspace/incremental-synthesis/benchmarks/cv32e40p-eco-001-base/core/common/normalized_cv32e40p.v:29135$11119 ($eq).
Removed top 5 bits (of 9) from port B of cell cv32e40p_decoder$cv32e40p_core.id_stage_i.decoder_i.$eq$/workspace/incremental-synthesis/benchmarks/cv32e40p-eco-001-base/core/common/normalized_cv32e40p.v:29136$11120 ($eq).
Removed top 6 bits (of 9) from port B of cell cv32e40p_decoder$cv32e40p_core.id_stage_i.decoder_i.$eq$/workspace/incremental-synthesis/benchmarks/cv32e40p-eco-001-base/core/common/normalized_cv32e40p.v:29154$11138 ($eq).
Removed top 8 bits (of 9) from port B of cell cv32e40p_decoder$cv32e40p_core.id_stage_i.decoder_i.$eq$/workspace/incremental-synthesis/benchmarks/cv32e40p-eco-001-base/core/common/normalized_cv32e40p.v:29155$11139 ($eq).
Removed top 6 bits (of 9) from port B of cell cv32e40p_decoder$cv32e40p_core.id_stage_i.decoder_i.$eq$/workspace/incremental-synthesis/benchmarks/cv32e40p-eco-001-base/core/common/normalized_cv32e40p.v:29156$11140 ($eq).
Removed top 6 bits (of 9) from port B of cell cv32e40p_decoder$cv32e40p_core.id_stage_i.decoder_i.$eq$/workspace/incremental-synthesis/benchmarks/cv32e40p-eco-001-base/core/common/normalized_cv32e40p.v:29157$11141 ($eq).
Removed top 6 bits (of 9) from port B of cell cv32e40p_decoder$cv32e40p_core.id_stage_i.decoder_i.$eq$/workspace/incremental-synthesis/benchmarks/cv32e40p-eco-001-base/core/common/normalized_cv32e40p.v:29158$11142 ($eq).
Removed top 7 bits (of 9) from port B of cell cv32e40p_decoder$cv32e40p_core.id_stage_i.decoder_i.$eq$/workspace/incremental-synthesis/benchmarks/cv32e40p-eco-001-base/core/common/normalized_cv32e40p.v:29159$11143 ($eq).
Removed top 7 bits (of 9) from port B of cell cv32e40p_decoder$cv32e40p_core.id_stage_i.decoder_i.$eq$/workspace/incremental-synthesis/benchmarks/cv32e40p-eco-001-base/core/common/normalized_cv32e40p.v:29195$11179 ($eq).
Removed top 1 bits (of 3) from mux cell cv32e40p_decoder$cv32e40p_core.id_stage_i.decoder_i.$ternary$/workspace/incremental-synthesis/benchmarks/cv32e40p-eco-001-base/core/common/normalized_cv32e40p.v:29240$11224 ($mux).
Removed top 1 bits (of 7) from mux cell cv32e40p_decoder$cv32e40p_core.id_stage_i.decoder_i.$ternary$/workspace/incremental-synthesis/benchmarks/cv32e40p-eco-001-base/core/common/normalized_cv32e40p.v:29248$11232 ($mux).
Removed top 1 bits (of 3) from mux cell cv32e40p_decoder$cv32e40p_core.id_stage_i.decoder_i.$ternary$/workspace/incremental-synthesis/benchmarks/cv32e40p-eco-001-base/core/common/normalized_cv32e40p.v:29285$11269 ($mux).
Removed top 1 bits (of 7) from mux cell cv32e40p_decoder$cv32e40p_core.id_stage_i.decoder_i.$ternary$/workspace/incremental-synthesis/benchmarks/cv32e40p-eco-001-base/core/common/normalized_cv32e40p.v:29291$11275 ($mux).
Removed top 1 bits (of 7) from mux cell cv32e40p_decoder$cv32e40p_core.id_stage_i.decoder_i.$ternary$/workspace/incremental-synthesis/benchmarks/cv32e40p-eco-001-base/core/common/normalized_cv32e40p.v:29303$11287 ($mux).
Removed top 2 bits (of 7) from port B of cell cv32e40p_decoder$cv32e40p_core.id_stage_i.decoder_i.$eq$/workspace/incremental-synthesis/benchmarks/cv32e40p-eco-001-base/core/common/normalized_cv32e40p.v:29308$11292 ($eq).
Removed top 1 bits (of 7) from mux cell cv32e40p_decoder$cv32e40p_core.id_stage_i.decoder_i.$ternary$/workspace/incremental-synthesis/benchmarks/cv32e40p-eco-001-base/core/common/normalized_cv32e40p.v:29315$11299 ($mux).
Removed top 5 bits (of 7) from port B of cell cv32e40p_decoder$cv32e40p_core.id_stage_i.decoder_i.$eq$/workspace/incremental-synthesis/benchmarks/cv32e40p-eco-001-base/core/common/normalized_cv32e40p.v:29351$11335 ($eq).
Removed top 1 bits (of 7) from port B of cell cv32e40p_decoder$cv32e40p_core.id_stage_i.decoder_i.$eq$/workspace/incremental-synthesis/benchmarks/cv32e40p-eco-001-base/core/common/normalized_cv32e40p.v:29365$11349 ($eq).
Removed top 2 bits (of 7) from port B of cell cv32e40p_decoder$cv32e40p_core.id_stage_i.decoder_i.$eq$/workspace/incremental-synthesis/benchmarks/cv32e40p-eco-001-base/core/common/normalized_cv32e40p.v:29435$11419 ($eq).
Removed top 1 bits (of 7) from port B of cell cv32e40p_decoder$cv32e40p_core.id_stage_i.decoder_i.$eq$/workspace/incremental-synthesis/benchmarks/cv32e40p-eco-001-base/core/common/normalized_cv32e40p.v:29436$11420 ($eq).
Removed top 1 bits (of 2) from wire cv32e40p_decoder$cv32e40p_core.id_stage_i.decoder_i._01699_.
Removed top 1 bits (of 2) from wire cv32e40p_decoder$cv32e40p_core.id_stage_i.decoder_i._01698_.
Removed top 1 bits (of 2) from wire cv32e40p_decoder$cv32e40p_core.id_stage_i.decoder_i._01661_.
Removed top 1 bits (of 2) from wire cv32e40p_decoder$cv32e40p_core.id_stage_i.decoder_i._01619_.
Removed top 1 bits (of 7) from wire cv32e40p_decoder$cv32e40p_core.id_stage_i.decoder_i._01604_.
Removed top 2 bits (of 7) from wire cv32e40p_decoder$cv32e40p_core.id_stage_i.decoder_i._01603_.
Removed top 1 bits (of 2) from wire cv32e40p_decoder$cv32e40p_core.id_stage_i.decoder_i._01541_.
Removed top 3 bits (of 4) from wire cv32e40p_decoder$cv32e40p_core.id_stage_i.decoder_i._01525_.
Removed top 3 bits (of 4) from wire cv32e40p_decoder$cv32e40p_core.id_stage_i.decoder_i._01524_.
Removed top 3 bits (of 4) from wire cv32e40p_decoder$cv32e40p_core.id_stage_i.decoder_i._01523_.
Removed top 2 bits (of 7) from wire cv32e40p_decoder$cv32e40p_core.id_stage_i.decoder_i._01500_.
Removed top 2 bits (of 7) from wire cv32e40p_decoder$cv32e40p_core.id_stage_i.decoder_i._01499_.
Removed top 2 bits (of 7) from wire cv32e40p_decoder$cv32e40p_core.id_stage_i.decoder_i._01498_.
Removed top 2 bits (of 7) from wire cv32e40p_decoder$cv32e40p_core.id_stage_i.decoder_i._01497_.
Removed top 5 bits (of 7) from wire cv32e40p_decoder$cv32e40p_core.id_stage_i.decoder_i._01496_.
Removed top 5 bits (of 7) from wire cv32e40p_decoder$cv32e40p_core.id_stage_i.decoder_i._01495_.
Removed top 6 bits (of 7) from wire cv32e40p_decoder$cv32e40p_core.id_stage_i.decoder_i._01494_.
Removed top 6 bits (of 7) from wire cv32e40p_decoder$cv32e40p_core.id_stage_i.decoder_i._01493_.
Removed top 3 bits (of 7) from wire cv32e40p_decoder$cv32e40p_core.id_stage_i.decoder_i._01491_.
Removed top 5 bits (of 7) from wire cv32e40p_decoder$cv32e40p_core.id_stage_i.decoder_i._01490_.
Removed top 6 bits (of 7) from wire cv32e40p_decoder$cv32e40p_core.id_stage_i.decoder_i._01489_.
Removed top 6 bits (of 7) from wire cv32e40p_decoder$cv32e40p_core.id_stage_i.decoder_i._01488_.
Removed top 6 bits (of 7) from wire cv32e40p_decoder$cv32e40p_core.id_stage_i.decoder_i._01486_.
Removed top 1 bits (of 7) from wire cv32e40p_decoder$cv32e40p_core.id_stage_i.decoder_i._01484_.
Removed top 1 bits (of 7) from wire cv32e40p_decoder$cv32e40p_core.id_stage_i.decoder_i._01483_.
Removed top 1 bits (of 7) from wire cv32e40p_decoder$cv32e40p_core.id_stage_i.decoder_i._01482_.
Removed top 5 bits (of 7) from wire cv32e40p_decoder$cv32e40p_core.id_stage_i.decoder_i._01481_.
Removed top 6 bits (of 7) from wire cv32e40p_decoder$cv32e40p_core.id_stage_i.decoder_i._01480_.
Removed top 1 bits (of 7) from wire cv32e40p_decoder$cv32e40p_core.id_stage_i.decoder_i._01479_.
Removed top 3 bits (of 7) from wire cv32e40p_decoder$cv32e40p_core.id_stage_i.decoder_i._01478_.
Removed top 4 bits (of 7) from wire cv32e40p_decoder$cv32e40p_core.id_stage_i.decoder_i._01477_.
Removed top 3 bits (of 7) from wire cv32e40p_decoder$cv32e40p_core.id_stage_i.decoder_i._01476_.
Removed top 2 bits (of 7) from wire cv32e40p_decoder$cv32e40p_core.id_stage_i.decoder_i._01475_.
Removed top 3 bits (of 7) from wire cv32e40p_decoder$cv32e40p_core.id_stage_i.decoder_i._01474_.
Removed top 3 bits (of 7) from wire cv32e40p_decoder$cv32e40p_core.id_stage_i.decoder_i._01473_.
Removed top 3 bits (of 7) from wire cv32e40p_decoder$cv32e40p_core.id_stage_i.decoder_i._01472_.
Removed top 4 bits (of 7) from wire cv32e40p_decoder$cv32e40p_core.id_stage_i.decoder_i._01471_.
Removed top 3 bits (of 7) from wire cv32e40p_decoder$cv32e40p_core.id_stage_i.decoder_i._01470_.
Removed top 3 bits (of 7) from wire cv32e40p_decoder$cv32e40p_core.id_stage_i.decoder_i._01469_.
Removed top 6 bits (of 7) from wire cv32e40p_decoder$cv32e40p_core.id_stage_i.decoder_i._01468_.
Removed top 1 bits (of 2) from wire cv32e40p_decoder$cv32e40p_core.id_stage_i.decoder_i._01466_.
Removed top 4 bits (of 7) from wire cv32e40p_decoder$cv32e40p_core.id_stage_i.decoder_i._01441_.
Removed top 5 bits (of 7) from wire cv32e40p_decoder$cv32e40p_core.id_stage_i.decoder_i._01440_.
Removed top 5 bits (of 7) from wire cv32e40p_decoder$cv32e40p_core.id_stage_i.decoder_i._01439_.
Removed top 4 bits (of 7) from wire cv32e40p_decoder$cv32e40p_core.id_stage_i.decoder_i._01438_.
Removed top 5 bits (of 7) from wire cv32e40p_decoder$cv32e40p_core.id_stage_i.decoder_i._01437_.
Removed top 5 bits (of 7) from wire cv32e40p_decoder$cv32e40p_core.id_stage_i.decoder_i._01436_.
Removed top 1 bits (of 4) from wire cv32e40p_decoder$cv32e40p_core.id_stage_i.decoder_i._01432_.
Removed top 1 bits (of 4) from wire cv32e40p_decoder$cv32e40p_core.id_stage_i.decoder_i._01431_.
Removed top 1 bits (of 7) from wire cv32e40p_decoder$cv32e40p_core.id_stage_i.decoder_i._01428_.
Removed top 1 bits (of 7) from wire cv32e40p_decoder$cv32e40p_core.id_stage_i.decoder_i._01427_.
Removed top 5 bits (of 7) from wire cv32e40p_decoder$cv32e40p_core.id_stage_i.decoder_i._01426_.
Removed top 4 bits (of 7) from wire cv32e40p_decoder$cv32e40p_core.id_stage_i.decoder_i._01424_.
Removed top 4 bits (of 7) from wire cv32e40p_decoder$cv32e40p_core.id_stage_i.decoder_i._01361_.
Removed top 5 bits (of 7) from wire cv32e40p_decoder$cv32e40p_core.id_stage_i.decoder_i._01360_.
Removed top 5 bits (of 7) from wire cv32e40p_decoder$cv32e40p_core.id_stage_i.decoder_i._01359_.
Removed top 4 bits (of 7) from wire cv32e40p_decoder$cv32e40p_core.id_stage_i.decoder_i._01358_.
Removed top 5 bits (of 7) from wire cv32e40p_decoder$cv32e40p_core.id_stage_i.decoder_i._01357_.
Removed top 5 bits (of 7) from wire cv32e40p_decoder$cv32e40p_core.id_stage_i.decoder_i._01356_.
Removed top 1 bits (of 3) from wire cv32e40p_decoder$cv32e40p_core.id_stage_i.decoder_i._01348_.
Removed top 1 bits (of 7) from wire cv32e40p_decoder$cv32e40p_core.id_stage_i.decoder_i._01346_.
Removed top 1 bits (of 7) from wire cv32e40p_decoder$cv32e40p_core.id_stage_i.decoder_i._01345_.
Removed top 1 bits (of 7) from wire cv32e40p_decoder$cv32e40p_core.id_stage_i.decoder_i._01344_.
Removed top 1 bits (of 7) from wire cv32e40p_decoder$cv32e40p_core.id_stage_i.decoder_i._01343_.
Removed top 5 bits (of 7) from wire cv32e40p_decoder$cv32e40p_core.id_stage_i.decoder_i._01342_.
Removed top 5 bits (of 7) from wire cv32e40p_decoder$cv32e40p_core.id_stage_i.decoder_i._01341_.
Removed top 2 bits (of 7) from wire cv32e40p_decoder$cv32e40p_core.id_stage_i.decoder_i._01340_.
Removed top 2 bits (of 7) from wire cv32e40p_decoder$cv32e40p_core.id_stage_i.decoder_i._01339_.
Removed top 2 bits (of 7) from wire cv32e40p_decoder$cv32e40p_core.id_stage_i.decoder_i._01338_.
Removed top 6 bits (of 7) from wire cv32e40p_decoder$cv32e40p_core.id_stage_i.decoder_i._01337_.
Removed top 1 bits (of 7) from wire cv32e40p_decoder$cv32e40p_core.id_stage_i.decoder_i._01336_.
Removed top 1 bits (of 7) from wire cv32e40p_decoder$cv32e40p_core.id_stage_i.decoder_i._01335_.
Removed top 1 bits (of 7) from wire cv32e40p_decoder$cv32e40p_core.id_stage_i.decoder_i._01334_.
Removed top 6 bits (of 7) from wire cv32e40p_decoder$cv32e40p_core.id_stage_i.decoder_i._01333_.
Removed top 6 bits (of 7) from wire cv32e40p_decoder$cv32e40p_core.id_stage_i.decoder_i._01332_.
Removed top 1 bits (of 7) from wire cv32e40p_decoder$cv32e40p_core.id_stage_i.decoder_i._01331_.
Removed top 1 bits (of 7) from wire cv32e40p_decoder$cv32e40p_core.id_stage_i.decoder_i._01330_.
Removed top 1 bits (of 7) from wire cv32e40p_decoder$cv32e40p_core.id_stage_i.decoder_i._01329_.
Removed top 6 bits (of 7) from wire cv32e40p_decoder$cv32e40p_core.id_stage_i.decoder_i._01328_.
Removed top 1 bits (of 4) from wire cv32e40p_decoder$cv32e40p_core.id_stage_i.decoder_i._01296_.
Removed top 1 bits (of 7) from wire cv32e40p_decoder$cv32e40p_core.id_stage_i.decoder_i._01290_.
Removed top 1 bits (of 7) from wire cv32e40p_decoder$cv32e40p_core.id_stage_i.decoder_i._01289_.
Removed top 4 bits (of 7) from wire cv32e40p_decoder$cv32e40p_core.id_stage_i.decoder_i._01288_.
Removed top 6 bits (of 7) from wire cv32e40p_decoder$cv32e40p_core.id_stage_i.decoder_i._01287_.
Removed top 2 bits (of 3) from wire cv32e40p_decoder$cv32e40p_core.id_stage_i.decoder_i._01219_.
Removed top 2 bits (of 7) from wire cv32e40p_decoder$cv32e40p_core.id_stage_i.decoder_i._01216_.
Removed top 2 bits (of 7) from wire cv32e40p_decoder$cv32e40p_core.id_stage_i.decoder_i._01215_.
Removed top 3 bits (of 4) from wire cv32e40p_decoder$cv32e40p_core.id_stage_i.decoder_i._01171_.
Removed top 1 bits (of 2) from wire cv32e40p_decoder$cv32e40p_core.id_stage_i.decoder_i._01169_.
Removed top 1 bits (of 3) from wire cv32e40p_decoder$cv32e40p_core.id_stage_i.decoder_i._01167_.
Removed top 2 bits (of 7) from wire cv32e40p_decoder$cv32e40p_core.id_stage_i.decoder_i._01165_.
Removed top 1 bits (of 3) from wire cv32e40p_decoder$cv32e40p_core.id_stage_i.decoder_i._03237_.
Removed top 1 bits (of 3) from wire cv32e40p_decoder$cv32e40p_core.id_stage_i.decoder_i._01142_.
Removed top 1 bits (of 3) from wire cv32e40p_decoder$cv32e40p_core.id_stage_i.decoder_i._01135_.
Removed top 1 bits (of 3) from wire cv32e40p_decoder$cv32e40p_core.id_stage_i.decoder_i._01134_.
Removed top 1 bits (of 7) from wire cv32e40p_decoder$cv32e40p_core.id_stage_i.decoder_i._01131_.
Removed top 2 bits (of 7) from wire cv32e40p_decoder$cv32e40p_core.id_stage_i.decoder_i._01130_.
Removed top 2 bits (of 7) from wire cv32e40p_decoder$cv32e40p_core.id_stage_i.decoder_i._01129_.
Removed top 2 bits (of 7) from wire cv32e40p_decoder$cv32e40p_core.id_stage_i.decoder_i._01128_.
Removed top 1 bits (of 7) from wire cv32e40p_decoder$cv32e40p_core.id_stage_i.decoder_i._01127_.
Removed top 6 bits (of 7) from wire cv32e40p_decoder$cv32e40p_core.id_stage_i.decoder_i._01126_.
Removed top 2 bits (of 7) from wire cv32e40p_decoder$cv32e40p_core.id_stage_i.decoder_i._01125_.
Removed top 2 bits (of 7) from wire cv32e40p_decoder$cv32e40p_core.id_stage_i.decoder_i._01124_.
Removed top 5 bits (of 7) from wire cv32e40p_decoder$cv32e40p_core.id_stage_i.decoder_i._01123_.
Removed top 2 bits (of 7) from wire cv32e40p_decoder$cv32e40p_core.id_stage_i.decoder_i._01122_.
Removed top 5 bits (of 7) from wire cv32e40p_decoder$cv32e40p_core.id_stage_i.decoder_i._01121_.
Removed top 5 bits (of 7) from wire cv32e40p_decoder$cv32e40p_core.id_stage_i.decoder_i._01120_.
Removed top 1 bits (of 7) from wire cv32e40p_decoder$cv32e40p_core.id_stage_i.decoder_i._01093_.
Removed top 2 bits (of 7) from wire cv32e40p_decoder$cv32e40p_core.id_stage_i.decoder_i._01092_.
Removed top 1 bits (of 7) from wire cv32e40p_decoder$cv32e40p_core.id_stage_i.decoder_i._01091_.
Removed top 1 bits (of 7) from wire cv32e40p_decoder$cv32e40p_core.id_stage_i.decoder_i._01089_.
Removed top 3 bits (of 7) from wire cv32e40p_decoder$cv32e40p_core.id_stage_i.decoder_i._01068_.
Removed top 3 bits (of 7) from wire cv32e40p_decoder$cv32e40p_core.id_stage_i.decoder_i._01067_.
Removed top 3 bits (of 7) from wire cv32e40p_decoder$cv32e40p_core.id_stage_i.decoder_i._01066_.
Removed top 3 bits (of 7) from wire cv32e40p_decoder$cv32e40p_core.id_stage_i.decoder_i._01065_.
Removed top 3 bits (of 7) from wire cv32e40p_decoder$cv32e40p_core.id_stage_i.decoder_i._01064_.
Removed top 1 bits (of 2) from wire cv32e40p_decoder$cv32e40p_core.id_stage_i.decoder_i._01048_.
Removed top 1 bits (of 2) from wire cv32e40p_decoder$cv32e40p_core.id_stage_i.decoder_i._01024_.
Removed top 2 bits (of 4) from wire cv32e40p_decoder$cv32e40p_core.id_stage_i.decoder_i._01001_.
Removed top 2 bits (of 4) from wire cv32e40p_decoder$cv32e40p_core.id_stage_i.decoder_i._01000_.
Removed top 2 bits (of 4) from wire cv32e40p_decoder$cv32e40p_core.id_stage_i.decoder_i._00999_.
Removed top 2 bits (of 4) from wire cv32e40p_decoder$cv32e40p_core.id_stage_i.decoder_i._00998_.
Removed top 2 bits (of 4) from wire cv32e40p_decoder$cv32e40p_core.id_stage_i.decoder_i._00997_.
Removed top 2 bits (of 7) from wire cv32e40p_decoder$cv32e40p_core.id_stage_i.decoder_i._04298_.
Removed top 1 bits (of 3) from wire cv32e40p_decoder$cv32e40p_core.id_stage_i.decoder_i._00985_.
Removed top 1 bits (of 3) from wire cv32e40p_decoder$cv32e40p_core.id_stage_i.decoder_i._00984_.
Removed top 1 bits (of 3) from wire cv32e40p_decoder$cv32e40p_core.id_stage_i.decoder_i._00983_.
Removed top 1 bits (of 3) from wire cv32e40p_decoder$cv32e40p_core.id_stage_i.decoder_i._00972_.
Removed top 2 bits (of 3) from wire cv32e40p_decoder$cv32e40p_core.id_stage_i.decoder_i._00971_.
Removed top 1 bits (of 3) from wire cv32e40p_decoder$cv32e40p_core.id_stage_i.decoder_i._00970_.
Removed top 2 bits (of 7) from wire cv32e40p_decoder$cv32e40p_core.id_stage_i.decoder_i._00963_.
Removed top 1 bits (of 2) from wire cv32e40p_decoder$cv32e40p_core.id_stage_i.decoder_i._04355_.
Removed top 1 bits (of 7) from wire cv32e40p_decoder$cv32e40p_core.id_stage_i.decoder_i._02596_.
Removed top 1 bits (of 2) from wire cv32e40p_decoder$cv32e40p_core.id_stage_i.decoder_i._00422_.
Removed top 6 bits (of 7) from wire cv32e40p_decoder$cv32e40p_core.id_stage_i.decoder_i._00417_.
Removed top 2 bits (of 7) from wire cv32e40p_decoder$cv32e40p_core.id_stage_i.decoder_i._00415_.
Removed top 2 bits (of 7) from wire cv32e40p_decoder$cv32e40p_core.id_stage_i.decoder_i._00414_.
Removed top 2 bits (of 7) from wire cv32e40p_decoder$cv32e40p_core.id_stage_i.decoder_i._00413_.
Removed top 2 bits (of 7) from wire cv32e40p_decoder$cv32e40p_core.id_stage_i.decoder_i._00412_.
Removed top 3 bits (of 7) from wire cv32e40p_decoder$cv32e40p_core.id_stage_i.decoder_i._00410_.
Removed top 1 bits (of 7) from wire cv32e40p_decoder$cv32e40p_core.id_stage_i.decoder_i._00409_.
Removed top 1 bits (of 7) from wire cv32e40p_decoder$cv32e40p_core.id_stage_i.decoder_i._00407_.
Removed top 1 bits (of 7) from wire cv32e40p_decoder$cv32e40p_core.id_stage_i.decoder_i._00406_.
Removed top 4 bits (of 7) from wire cv32e40p_decoder$cv32e40p_core.id_stage_i.decoder_i._00404_.
Removed top 1 bits (of 7) from wire cv32e40p_decoder$cv32e40p_core.id_stage_i.decoder_i._00401_.
Removed top 1 bits (of 7) from wire cv32e40p_decoder$cv32e40p_core.id_stage_i.decoder_i._00399_.
Removed top 4 bits (of 7) from wire cv32e40p_decoder$cv32e40p_core.id_stage_i.decoder_i._00397_.
Removed top 1 bits (of 7) from wire cv32e40p_decoder$cv32e40p_core.id_stage_i.decoder_i._00396_.
Removed top 1 bits (of 2) from wire cv32e40p_decoder$cv32e40p_core.id_stage_i.decoder_i._00391_.
Removed top 1 bits (of 3) from wire cv32e40p_decoder$cv32e40p_core.id_stage_i.decoder_i._00387_.
Removed top 1 bits (of 3) from wire cv32e40p_decoder$cv32e40p_core.id_stage_i.decoder_i._00386_.
Removed top 1 bits (of 3) from wire cv32e40p_decoder$cv32e40p_core.id_stage_i.decoder_i._00385_.
Removed top 1 bits (of 3) from wire cv32e40p_decoder$cv32e40p_core.id_stage_i.decoder_i._00382_.
Removed top 1 bits (of 3) from wire cv32e40p_decoder$cv32e40p_core.id_stage_i.decoder_i._00380_.
Removed top 1 bits (of 3) from wire cv32e40p_decoder$cv32e40p_core.id_stage_i.decoder_i._00379_.
Removed top 1 bits (of 3) from wire cv32e40p_decoder$cv32e40p_core.id_stage_i.decoder_i._00378_.
Removed top 1 bits (of 3) from wire cv32e40p_decoder$cv32e40p_core.id_stage_i.decoder_i._00371_.
Removed top 1 bits (of 3) from wire cv32e40p_decoder$cv32e40p_core.id_stage_i.decoder_i._00370_.
Removed top 1 bits (of 3) from wire cv32e40p_decoder$cv32e40p_core.id_stage_i.decoder_i._00369_.
Removed top 2 bits (of 3) from wire cv32e40p_decoder$cv32e40p_core.id_stage_i.decoder_i._01912_.
Removed top 2 bits (of 3) from wire cv32e40p_decoder$cv32e40p_core.id_stage_i.decoder_i._01910_.
Removed top 1 bits (of 3) from wire cv32e40p_decoder$cv32e40p_core.id_stage_i.decoder_i._01909_.
Removed top 1 bits (of 3) from wire cv32e40p_decoder$cv32e40p_core.id_stage_i.decoder_i._01908_.
Removed top 2 bits (of 3) from wire cv32e40p_decoder$cv32e40p_core.id_stage_i.decoder_i._01907_.
Removed top 1 bits (of 4) from wire cv32e40p_decoder$cv32e40p_core.id_stage_i.decoder_i._01874_.
Removed top 1 bits (of 4) from wire cv32e40p_decoder$cv32e40p_core.id_stage_i.decoder_i._01873_.
Removed top 1 bits (of 3) from wire cv32e40p_decoder$cv32e40p_core.id_stage_i.decoder_i._03536_.
Removed top 1 bits (of 4) from wire cv32e40p_decoder$cv32e40p_core.id_stage_i.decoder_i._01869_.
Removed top 6 bits (of 7) from wire cv32e40p_decoder$cv32e40p_core.id_stage_i.decoder_i._00209_.
Removed top 1 bits (of 7) from wire cv32e40p_decoder$cv32e40p_core.id_stage_i.decoder_i._03651_.

15.10. Executing PEEPOPT pass (run peephole optimizers).

15.11. Executing OPT_CLEAN pass (remove unused cells and wires).
Finding unused cells or wires in module \cv32e40p_decoder$cv32e40p_core.id_stage_i.decoder_i..
Removed 0 unused cells and 170 unused wires.
<suppressed ~1 debug messages>

15.12. Executing ALUMACC pass (create $alu and $macc cells).
Extracting $alu and $macc cells in module cv32e40p_decoder$cv32e40p_core.id_stage_i.decoder_i:
  creating $alu model for $gt$/workspace/incremental-synthesis/benchmarks/cv32e40p-eco-001-base/core/common/normalized_cv32e40p.v:23836$5833 ($gt): new $alu
  creating $alu cell for $gt$/workspace/incremental-synthesis/benchmarks/cv32e40p-eco-001-base/core/common/normalized_cv32e40p.v:23836$5833: $auto$alumacc.cc:512:replace_alu$14695
  created 1 $alu and 0 $macc cells.

15.13. Executing SHARE pass (SAT-based resource sharing).

15.14. Executing OPT pass (performing simple optimizations).

15.14.1. Executing OPT_EXPR pass (perform const folding).
Optimizing module cv32e40p_decoder$cv32e40p_core.id_stage_i.decoder_i.
<suppressed ~1 debug messages>

15.14.2. Executing OPT_MERGE pass (detect identical cells).
Finding identical cells in module `\cv32e40p_decoder$cv32e40p_core.id_stage_i.decoder_i'.
Computing hashes of 1412 cells of `\cv32e40p_decoder$cv32e40p_core.id_stage_i.decoder_i'.
Finding duplicate cells in `\cv32e40p_decoder$cv32e40p_core.id_stage_i.decoder_i'.
Removed a total of 0 cells.

15.14.3. Executing OPT_MUXTREE pass (detect dead branches in mux trees).
Running muxtree optimizer on module \cv32e40p_decoder$cv32e40p_core.id_stage_i.decoder_i..
  Creating internal representation of mux trees.
  Evaluating internal representation of mux trees.
  Analyzing evaluation results.
Removed 0 multiplexer ports.
<suppressed ~1113 debug messages>

15.14.4. Executing OPT_REDUCE pass (consolidate $*mux and $reduce_* inputs).
  Optimizing cells in module \cv32e40p_decoder$cv32e40p_core.id_stage_i.decoder_i.
Performed a total of 0 changes.

15.14.5. Executing OPT_MERGE pass (detect identical cells).
Finding identical cells in module `\cv32e40p_decoder$cv32e40p_core.id_stage_i.decoder_i'.
Computing hashes of 1412 cells of `\cv32e40p_decoder$cv32e40p_core.id_stage_i.decoder_i'.
Finding duplicate cells in `\cv32e40p_decoder$cv32e40p_core.id_stage_i.decoder_i'.
Computing hashes of 1403 cells of `\cv32e40p_decoder$cv32e40p_core.id_stage_i.decoder_i'.
Finding duplicate cells in `\cv32e40p_decoder$cv32e40p_core.id_stage_i.decoder_i'.
<suppressed ~27 debug messages>
Removed a total of 9 cells.

15.14.6. Executing OPT_DFF pass (perform DFF optimizations).

15.14.7. Executing OPT_CLEAN pass (remove unused cells and wires).
Finding unused cells or wires in module \cv32e40p_decoder$cv32e40p_core.id_stage_i.decoder_i..
Removed 1 unused cells and 11 unused wires.
<suppressed ~2 debug messages>

15.14.8. Executing OPT_EXPR pass (perform const folding).
Optimizing module cv32e40p_decoder$cv32e40p_core.id_stage_i.decoder_i.

15.14.9. Rerunning OPT passes. (Maybe there is more to do..)

15.14.10. Executing OPT_MUXTREE pass (detect dead branches in mux trees).
Running muxtree optimizer on module \cv32e40p_decoder$cv32e40p_core.id_stage_i.decoder_i..
  Creating internal representation of mux trees.
  Evaluating internal representation of mux trees.
  Analyzing evaluation results.
Removed 0 multiplexer ports.
<suppressed ~1121 debug messages>

15.14.11. Executing OPT_REDUCE pass (consolidate $*mux and $reduce_* inputs).
  Optimizing cells in module \cv32e40p_decoder$cv32e40p_core.id_stage_i.decoder_i.
Performed a total of 0 changes.

15.14.12. Executing OPT_MERGE pass (detect identical cells).
Finding identical cells in module `\cv32e40p_decoder$cv32e40p_core.id_stage_i.decoder_i'.
Computing hashes of 1402 cells of `\cv32e40p_decoder$cv32e40p_core.id_stage_i.decoder_i'.
Finding duplicate cells in `\cv32e40p_decoder$cv32e40p_core.id_stage_i.decoder_i'.
Removed a total of 0 cells.

15.14.13. Executing OPT_DFF pass (perform DFF optimizations).

15.14.14. Executing OPT_CLEAN pass (remove unused cells and wires).
Finding unused cells or wires in module \cv32e40p_decoder$cv32e40p_core.id_stage_i.decoder_i..

15.14.15. Executing OPT_EXPR pass (perform const folding).
Optimizing module cv32e40p_decoder$cv32e40p_core.id_stage_i.decoder_i.

15.14.16. Finished fast OPT passes. (There is nothing left to do.)

15.15. Executing MEMORY pass.

15.15.1. Executing OPT_MEM pass (optimize memories).
Performed a total of 0 transformations.

15.15.2. Executing OPT_MEM_PRIORITY pass (removing unnecessary memory write priority relations).
Performed a total of 0 transformations.

15.15.3. Executing OPT_MEM_FEEDBACK pass (finding memory read-to-write feedback paths).

15.15.4. Executing MEMORY_BMUX2ROM pass (converting muxes to ROMs).

15.15.5. Executing MEMORY_DFF pass (merging $dff cells to $memrd).

15.15.6. Executing OPT_CLEAN pass (remove unused cells and wires).
Finding unused cells or wires in module \cv32e40p_decoder$cv32e40p_core.id_stage_i.decoder_i..

15.15.7. Executing MEMORY_SHARE pass (consolidating $memrd/$memwr cells).

15.15.8. Executing OPT_MEM_WIDEN pass (optimize memories where all ports are wide).
Performed a total of 0 transformations.

15.15.9. Executing OPT_CLEAN pass (remove unused cells and wires).
Finding unused cells or wires in module \cv32e40p_decoder$cv32e40p_core.id_stage_i.decoder_i..

15.15.10. Executing MEMORY_COLLECT pass (generating $mem cells).

15.16. Executing OPT_CLEAN pass (remove unused cells and wires).
Finding unused cells or wires in module \cv32e40p_decoder$cv32e40p_core.id_stage_i.decoder_i..

15.17. Executing OPT pass (performing simple optimizations).

15.17.1. Executing OPT_EXPR pass (perform const folding).
Optimizing module cv32e40p_decoder$cv32e40p_core.id_stage_i.decoder_i.
<suppressed ~312 debug messages>

15.17.2. Executing OPT_MERGE pass (detect identical cells).
Finding identical cells in module `\cv32e40p_decoder$cv32e40p_core.id_stage_i.decoder_i'.
Computing hashes of 1242 cells of `\cv32e40p_decoder$cv32e40p_core.id_stage_i.decoder_i'.
Finding duplicate cells in `\cv32e40p_decoder$cv32e40p_core.id_stage_i.decoder_i'.
Computing hashes of 1234 cells of `\cv32e40p_decoder$cv32e40p_core.id_stage_i.decoder_i'.
Finding duplicate cells in `\cv32e40p_decoder$cv32e40p_core.id_stage_i.decoder_i'.
<suppressed ~24 debug messages>
Removed a total of 8 cells.

15.17.3. Executing OPT_DFF pass (perform DFF optimizations).

15.17.4. Executing OPT_CLEAN pass (remove unused cells and wires).
Finding unused cells or wires in module \cv32e40p_decoder$cv32e40p_core.id_stage_i.decoder_i..
Removed 0 unused cells and 167 unused wires.
<suppressed ~1 debug messages>

15.17.5. Finished fast OPT passes.

15.18. Executing MEMORY_MAP pass (converting memories to logic and flip-flops).

15.19. Executing OPT pass (performing simple optimizations).

15.19.1. Executing OPT_EXPR pass (perform const folding).
Optimizing module cv32e40p_decoder$cv32e40p_core.id_stage_i.decoder_i.

15.19.2. Executing OPT_MERGE pass (detect identical cells).
Finding identical cells in module `\cv32e40p_decoder$cv32e40p_core.id_stage_i.decoder_i'.
Computing hashes of 1234 cells of `\cv32e40p_decoder$cv32e40p_core.id_stage_i.decoder_i'.
Finding duplicate cells in `\cv32e40p_decoder$cv32e40p_core.id_stage_i.decoder_i'.
Removed a total of 0 cells.

15.19.3. Executing OPT_MUXTREE pass (detect dead branches in mux trees).
Running muxtree optimizer on module \cv32e40p_decoder$cv32e40p_core.id_stage_i.decoder_i..
  Creating internal representation of mux trees.
  Evaluating internal representation of mux trees.
  Analyzing evaluation results.
Removed 0 multiplexer ports.
<suppressed ~584 debug messages>

15.19.4. Executing OPT_REDUCE pass (consolidate $*mux and $reduce_* inputs).
  Optimizing cells in module \cv32e40p_decoder$cv32e40p_core.id_stage_i.decoder_i.
    Consolidated identical input bits for $mux cell $ternary$/workspace/incremental-synthesis/benchmarks/cv32e40p-eco-001-base/core/common/normalized_cv32e40p.v:24857$6841:
      Old ports: A={ \_00023_ \_00023_ }, B=2'00, Y=\_01408_
      New ports: A=\_00023_, B=1'0, Y=\_01408_ [0]
      New connections: \_01408_ [1] = \_01408_ [0]
    Consolidated identical input bits for $mux cell $ternary$/workspace/incremental-synthesis/benchmarks/cv32e40p-eco-001-base/core/common/normalized_cv32e40p.v:24871$6855:
      Old ports: A=2'00, B=2'10, Y=\_01422_
      New ports: A=1'0, B=1'1, Y=\_01422_ [1]
      New connections: \_01422_ [0] = 1'0
    Consolidated identical input bits for $mux cell $ternary$/workspace/incremental-synthesis/benchmarks/cv32e40p-eco-001-base/core/common/normalized_cv32e40p.v:24873$6857:
      Old ports: A=3'011, B=3'100, Y=\_01424_
      New ports: A=2'01, B=2'10, Y={ \_01424_ [2] \_01424_ [0] }
      New connections: \_01424_ [1] = \_01424_ [0]
    Consolidated identical input bits for $mux cell $ternary$/workspace/incremental-synthesis/benchmarks/cv32e40p-eco-001-base/core/common/normalized_cv32e40p.v:24874$6858:
      Old ports: A={ 4'0101 \_01424_ }, B=7'1001001, Y=\_01425_
      New ports: A={ 2'01 \_01424_ }, B=5'10001, Y={ \_01425_ [6:5] \_01425_ [2:0] }
      New connections: \_01425_ [4:3] = 2'01
    Consolidated identical input bits for $mux cell $ternary$/workspace/incremental-synthesis/benchmarks/cv32e40p-eco-001-base/core/common/normalized_cv32e40p.v:24876$6860:
      Old ports: A=6'000011, B=6'101000, Y=\_01427_
      New ports: A=2'01, B=2'10, Y={ \_01427_ [3] \_01427_ [0] }
      New connections: { \_01427_ [5:4] \_01427_ [2:1] } = { \_01427_ [3] 2'00 \_01427_ [0] }
    Consolidated identical input bits for $mux cell $ternary$/workspace/incremental-synthesis/benchmarks/cv32e40p-eco-001-base/core/common/normalized_cv32e40p.v:24880$6864:
      Old ports: A=3'000, B=3'100, Y=\_01431_
      New ports: A=1'0, B=1'1, Y=\_01431_ [2]
      New connections: \_01431_ [1:0] = 2'00
    Consolidated identical input bits for $mux cell $ternary$/workspace/incremental-synthesis/benchmarks/cv32e40p-eco-001-base/core/common/normalized_cv32e40p.v:24883$6867:
      Old ports: A=2'11, B=2'01, Y=\_01434_
      New ports: A=1'1, B=1'0, Y=\_01434_ [1]
      New connections: \_01434_ [0] = 1'1
    Consolidated identical input bits for $mux cell $ternary$/workspace/incremental-synthesis/benchmarks/cv32e40p-eco-001-base/core/common/normalized_cv32e40p.v:24885$6869:
      Old ports: A=2'01, B=2'11, Y=\_01436_
      New ports: A=1'0, B=1'1, Y=\_01436_ [1]
      New connections: \_01436_ [0] = 1'1
    Consolidated identical input bits for $mux cell $ternary$/workspace/incremental-synthesis/benchmarks/cv32e40p-eco-001-base/core/common/normalized_cv32e40p.v:24886$6870:
      Old ports: A=2'01, B=2'11, Y=\_01437_
      New ports: A=1'0, B=1'1, Y=\_01437_ [1]
      New connections: \_01437_ [0] = 1'1
    Consolidated identical input bits for $mux cell $ternary$/workspace/incremental-synthesis/benchmarks/cv32e40p-eco-001-base/core/common/normalized_cv32e40p.v:24888$6872:
      Old ports: A=2'00, B=2'10, Y=\_01439_
      New ports: A=1'0, B=1'1, Y=\_01439_ [1]
      New connections: \_01439_ [0] = 1'0
    Consolidated identical input bits for $mux cell $ternary$/workspace/incremental-synthesis/benchmarks/cv32e40p-eco-001-base/core/common/normalized_cv32e40p.v:24889$6873:
      Old ports: A=2'00, B=2'10, Y=\_01440_
      New ports: A=1'0, B=1'1, Y=\_01440_ [1]
      New connections: \_01440_ [0] = 1'0
    Consolidated identical input bits for $mux cell $ternary$/workspace/incremental-synthesis/benchmarks/cv32e40p-eco-001-base/core/common/normalized_cv32e40p.v:24697$6681:
      Old ports: A=2'00, B=2'10, Y=\_01248_
      New ports: A=1'0, B=1'1, Y=\_01248_ [1]
      New connections: \_01248_ [0] = 1'0
    Consolidated identical input bits for $mux cell $ternary$/workspace/incremental-synthesis/benchmarks/cv32e40p-eco-001-base/core/common/normalized_cv32e40p.v:24918$6902:
      Old ports: A=4'0100, B=4'1001, Y=\_01469_
      New ports: A=2'10, B=2'01, Y={ \_01469_ [2] \_01469_ [0] }
      New connections: { \_01469_ [3] \_01469_ [1] } = { \_01469_ [0] 1'0 }
    Consolidated identical input bits for $mux cell $ternary$/workspace/incremental-synthesis/benchmarks/cv32e40p-eco-001-base/core/common/normalized_cv32e40p.v:24920$6904:
      Old ports: A=3'001, B=3'101, Y=\_01471_
      New ports: A=1'0, B=1'1, Y=\_01471_ [2]
      New connections: \_01471_ [1:0] = 2'01
    Consolidated identical input bits for $mux cell $ternary$/workspace/incremental-synthesis/benchmarks/cv32e40p-eco-001-base/core/common/normalized_cv32e40p.v:24921$6905:
      Old ports: A=4'0100, B=4'1001, Y=\_01472_
      New ports: A=2'10, B=2'01, Y={ \_01472_ [2] \_01472_ [0] }
      New connections: { \_01472_ [3] \_01472_ [1] } = { \_01472_ [0] 1'0 }
    Consolidated identical input bits for $mux cell $ternary$/workspace/incremental-synthesis/benchmarks/cv32e40p-eco-001-base/core/common/normalized_cv32e40p.v:24925$6909:
      Old ports: A=4'1010, B=4'0000, Y=\_01476_
      New ports: A=1'1, B=1'0, Y=\_01476_ [1]
      New connections: { \_01476_ [3:2] \_01476_ [0] } = { \_01476_ [1] 2'00 }
    Consolidated identical input bits for $mux cell $ternary$/workspace/incremental-synthesis/benchmarks/cv32e40p-eco-001-base/core/common/normalized_cv32e40p.v:24926$6910:
      Old ports: A=3'101, B=3'000, Y=\_01477_
      New ports: A=1'1, B=1'0, Y=\_01477_ [0]
      New connections: \_01477_ [2:1] = { \_01477_ [0] 1'0 }
    Consolidated identical input bits for $mux cell $ternary$/workspace/incremental-synthesis/benchmarks/cv32e40p-eco-001-base/core/common/normalized_cv32e40p.v:24928$6912:
      Old ports: A={ 5'11100 \instr_rdata_i [25] }, B=6'001100, Y=\_01479_
      New ports: A={ 2'10 \instr_rdata_i [25] }, B=3'010, Y={ \_01479_ [4] \_01479_ [2] \_01479_ [0] }
      New connections: { \_01479_ [5] \_01479_ [3] \_01479_ [1] } = { \_01479_ [4] 2'10 }
    Consolidated identical input bits for $mux cell $ternary$/workspace/incremental-synthesis/benchmarks/cv32e40p-eco-001-base/core/common/normalized_cv32e40p.v:24934$6918:
      Old ports: A={ 1'0 \_02596_ }, B=7'0111010, Y=\_01485_
      New ports: A=\_02596_, B=6'111010, Y=\_01485_ [5:0]
      New connections: \_01485_ [6] = 1'0
    Consolidated identical input bits for $mux cell $ternary$/workspace/incremental-synthesis/benchmarks/cv32e40p-eco-001-base/core/common/normalized_cv32e40p.v:24940$6924:
      Old ports: A={ 2'01 \_01490_ }, B={ 3'111 \_01488_ }, Y=\_01491_
      New ports: A={ 1'0 \_01490_ }, B={ 2'11 \_01488_ }, Y={ \_01491_ [3] \_01491_ [1:0] }
      New connections: \_01491_ [2] = 1'1
    Consolidated identical input bits for $mux cell $ternary$/workspace/incremental-synthesis/benchmarks/cv32e40p-eco-001-base/core/common/normalized_cv32e40p.v:24945$6929:
      Old ports: A=2'00, B=2'10, Y=\_01496_
      New ports: A=1'0, B=1'1, Y=\_01496_ [1]
      New connections: \_01496_ [0] = 1'0
    Consolidated identical input bits for $mux cell $ternary$/workspace/incremental-synthesis/benchmarks/cv32e40p-eco-001-base/core/common/normalized_cv32e40p.v:24946$6930:
      Old ports: A=5'00011, B=5'11000, Y=\_01497_
      New ports: A=2'01, B=2'10, Y={ \_01497_ [3] \_01497_ [0] }
      New connections: { \_01497_ [4] \_01497_ [2:1] } = { \_01497_ [3] 1'0 \_01497_ [0] }
    Consolidated identical input bits for $mux cell $ternary$/workspace/incremental-synthesis/benchmarks/cv32e40p-eco-001-base/core/common/normalized_cv32e40p.v:24968$6952:
      Old ports: A=4'1000, B=4'0111, Y=\_01519_
      New ports: A=2'10, B=2'01, Y={ \_01519_ [3] \_01519_ [0] }
      New connections: \_01519_ [2:1] = { \_01519_ [0] \_01519_ [0] }
    Consolidated identical input bits for $mux cell $ternary$/workspace/incremental-synthesis/benchmarks/cv32e40p-eco-001-base/core/common/normalized_cv32e40p.v:24731$6715:
      Old ports: A=2'00, B=2'10, Y=\_01282_
      New ports: A=1'0, B=1'1, Y=\_01282_ [1]
      New connections: \_01282_ [0] = 1'0
    Consolidated identical input bits for $mux cell $ternary$/workspace/incremental-synthesis/benchmarks/cv32e40p-eco-001-base/core/common/normalized_cv32e40p.v:24980$6964:
      Old ports: A=2'11, B=2'01, Y=\_01531_
      New ports: A=1'1, B=1'0, Y=\_01531_ [1]
      New connections: \_01531_ [0] = 1'1
    Consolidated identical input bits for $mux cell $ternary$/workspace/incremental-synthesis/benchmarks/cv32e40p-eco-001-base/core/common/normalized_cv32e40p.v:24988$6972:
      Old ports: A=2'01, B=2'11, Y=\_01539_
      New ports: A=1'0, B=1'1, Y=\_01539_ [1]
      New connections: \_01539_ [0] = 1'1
    Consolidated identical input bits for $mux cell $ternary$/workspace/incremental-synthesis/benchmarks/cv32e40p-eco-001-base/core/common/normalized_cv32e40p.v:24783$6767:
      Old ports: A={ 5'01001 \_01333_ }, B=6'111110, Y=\_01334_
      New ports: A={ 1'0 \_01333_ }, B=2'10, Y={ \_01334_ [2] \_01334_ [0] }
      New connections: { \_01334_ [5:3] \_01334_ [1] } = { \_01334_ [2] 1'1 \_01334_ [2] 1'1 }
    Consolidated identical input bits for $mux cell $ternary$/workspace/incremental-synthesis/benchmarks/cv32e40p-eco-001-base/core/common/normalized_cv32e40p.v:24787$6771:
      Old ports: A=5'10100, B=5'00110, Y=\_01338_
      New ports: A=2'10, B=2'01, Y={ \_01338_ [4] \_01338_ [1] }
      New connections: { \_01338_ [3:2] \_01338_ [0] } = 3'010
    Consolidated identical input bits for $mux cell $ternary$/workspace/incremental-synthesis/benchmarks/cv32e40p-eco-001-base/core/common/normalized_cv32e40p.v:24790$6774:
      Old ports: A=2'11, B=2'01, Y=\_01341_
      New ports: A=1'1, B=1'0, Y=\_01341_ [1]
      New connections: \_01341_ [0] = 1'1
    Consolidated identical input bits for $mux cell $ternary$/workspace/incremental-synthesis/benchmarks/cv32e40p-eco-001-base/core/common/normalized_cv32e40p.v:24803$6787:
      Old ports: A=4'0000, B=4'1001, Y=\_01354_
      New ports: A=1'0, B=1'1, Y=\_01354_ [0]
      New connections: \_01354_ [3:1] = { \_01354_ [0] 2'00 }
    Consolidated identical input bits for $mux cell $ternary$/workspace/incremental-synthesis/benchmarks/cv32e40p-eco-001-base/core/common/normalized_cv32e40p.v:24805$6789:
      Old ports: A=2'01, B=2'11, Y=\_01356_
      New ports: A=1'0, B=1'1, Y=\_01356_ [1]
      New connections: \_01356_ [0] = 1'1
    Consolidated identical input bits for $mux cell $ternary$/workspace/incremental-synthesis/benchmarks/cv32e40p-eco-001-base/core/common/normalized_cv32e40p.v:24808$6792:
      Old ports: A=2'00, B=2'10, Y=\_01359_
      New ports: A=1'0, B=1'1, Y=\_01359_ [1]
      New connections: \_01359_ [0] = 1'0
    Consolidated identical input bits for $mux cell $ternary$/workspace/incremental-synthesis/benchmarks/cv32e40p-eco-001-base/core/common/normalized_cv32e40p.v:24809$6793:
      Old ports: A=2'00, B=2'10, Y=\_01360_
      New ports: A=1'0, B=1'1, Y=\_01360_ [1]
      New connections: \_01360_ [0] = 1'0
    Consolidated identical input bits for $mux cell $ternary$/workspace/incremental-synthesis/benchmarks/cv32e40p-eco-001-base/core/common/normalized_cv32e40p.v:25052$7036:
      Old ports: A=5'11111, B=5'01101, Y=\_01603_
      New ports: A=1'1, B=1'0, Y=\_01603_ [1]
      New connections: { \_01603_ [4:2] \_01603_ [0] } = { \_01603_ [1] 3'111 }
    Consolidated identical input bits for $mux cell $ternary$/workspace/incremental-synthesis/benchmarks/cv32e40p-eco-001-base/core/common/normalized_cv32e40p.v:25053$7037:
      Old ports: A=6'000011, B=6'111110, Y=\_01604_
      New ports: A=2'01, B=2'10, Y={ \_01604_ [2] \_01604_ [0] }
      New connections: { \_01604_ [5:3] \_01604_ [1] } = { \_01604_ [2] \_01604_ [2] \_01604_ [2] 1'1 }
    Consolidated identical input bits for $mux cell $ternary$/workspace/incremental-synthesis/benchmarks/cv32e40p-eco-001-base/core/common/normalized_cv32e40p.v:24827$6811:
      Old ports: A=2'00, B=2'10, Y=\_01378_
      New ports: A=1'0, B=1'1, Y=\_01378_ [1]
      New connections: \_01378_ [0] = 1'0
    Consolidated identical input bits for $mux cell $ternary$/workspace/incremental-synthesis/benchmarks/cv32e40p-eco-001-base/core/common/normalized_cv32e40p.v:24824$6808:
      Old ports: A=2'00, B=2'10, Y=\_01375_
      New ports: A=1'0, B=1'1, Y=\_01375_ [1]
      New connections: \_01375_ [0] = 1'0
    Consolidated identical input bits for $mux cell $ternary$/workspace/incremental-synthesis/benchmarks/cv32e40p-eco-001-base/core/common/normalized_cv32e40p.v:24583$6567:
      Old ports: A=2'00, B=2'11, Y=\_01134_
      New ports: A=1'0, B=1'1, Y=\_01134_ [0]
      New connections: \_01134_ [1] = \_01134_ [0]
    Consolidated identical input bits for $mux cell $ternary$/workspace/incremental-synthesis/benchmarks/cv32e40p-eco-001-base/core/common/normalized_cv32e40p.v:25688$7672:
      Old ports: A=2'00, B=2'10, Y=\_00370_
      New ports: A=1'0, B=1'1, Y=\_00370_ [1]
      New connections: \_00370_ [0] = 1'0
    Consolidated identical input bits for $mux cell $ternary$/workspace/incremental-synthesis/benchmarks/cv32e40p-eco-001-base/core/common/normalized_cv32e40p.v:25699$7683:
      Old ports: A=3'010, B={ 1'0 \_00387_ }, Y=\_00388_
      New ports: A=2'10, B=\_00387_, Y=\_00388_ [1:0]
      New connections: \_00388_ [2] = 1'0
    Consolidated identical input bits for $mux cell $ternary$/workspace/incremental-synthesis/benchmarks/cv32e40p-eco-001-base/core/common/normalized_cv32e40p.v:25715$7699:
      Old ports: A=2'00, B=2'10, Y=\_00385_
      New ports: A=1'0, B=1'1, Y=\_00385_ [1]
      New connections: \_00385_ [0] = 1'0
    Consolidated identical input bits for $mux cell $ternary$/workspace/incremental-synthesis/benchmarks/cv32e40p-eco-001-base/core/common/normalized_cv32e40p.v:25722$7706:
      Old ports: A=5'00011, B=5'11000, Y=\_00412_
      New ports: A=2'01, B=2'10, Y={ \_00412_ [3] \_00412_ [0] }
      New connections: { \_00412_ [4] \_00412_ [2:1] } = { \_00412_ [3] 1'0 \_00412_ [0] }
    Consolidated identical input bits for $mux cell $ternary$/workspace/incremental-synthesis/benchmarks/cv32e40p-eco-001-base/core/common/normalized_cv32e40p.v:24778$6762:
      Old ports: A=6'111111, B=6'010110, Y=\_01329_
      New ports: A=1'1, B=1'0, Y=\_01329_ [0]
      New connections: \_01329_ [5:1] = { \_01329_ [0] 1'1 \_01329_ [0] 2'11 }
    Consolidated identical input bits for $mux cell $ternary$/workspace/incremental-synthesis/benchmarks/cv32e40p-eco-001-base/core/common/normalized_cv32e40p.v:24591$6575:
      Old ports: A=2'10, B=2'00, Y=\_01142_
      New ports: A=1'1, B=1'0, Y=\_01142_ [1]
      New connections: \_01142_ [0] = 1'0
    Consolidated identical input bits for $mux cell $ternary$/workspace/incremental-synthesis/benchmarks/cv32e40p-eco-001-base/core/common/normalized_cv32e40p.v:24594$6578:
      Old ports: A=2'00, B=2'11, Y=\_01145_
      New ports: A=1'0, B=1'1, Y=\_01145_ [0]
      New connections: \_01145_ [1] = \_01145_ [0]
    Consolidated identical input bits for $mux cell $ternary$/workspace/incremental-synthesis/benchmarks/cv32e40p-eco-001-base/core/common/normalized_cv32e40p.v:24513$6497:
      Old ports: A=4'1010, B=4'0001, Y=\_01064_
      New ports: A=2'10, B=2'01, Y=\_01064_ [1:0]
      New connections: \_01064_ [3:2] = { \_01064_ [1] 1'0 }
    Consolidated identical input bits for $mux cell $ternary$/workspace/incremental-synthesis/benchmarks/cv32e40p-eco-001-base/core/common/normalized_cv32e40p.v:24515$6499:
      Old ports: A=4'1101, B=4'0000, Y=\_01066_
      New ports: A=1'1, B=1'0, Y=\_01066_ [0]
      New connections: \_01066_ [3:1] = { \_01066_ [0] \_01066_ [0] 1'0 }
    Consolidated identical input bits for $mux cell $ternary$/workspace/incremental-synthesis/benchmarks/cv32e40p-eco-001-base/core/common/normalized_cv32e40p.v:24516$6500:
      Old ports: A=4'0011, B=4'1100, Y=\_01067_
      New ports: A=2'01, B=2'10, Y={ \_01067_ [2] \_01067_ [0] }
      New connections: { \_01067_ [3] \_01067_ [1] } = { \_01067_ [2] \_01067_ [0] }
    Consolidated identical input bits for $mux cell $ternary$/workspace/incremental-synthesis/benchmarks/cv32e40p-eco-001-base/core/common/normalized_cv32e40p.v:24792$6776:
      Old ports: A=6'000011, B=6'100110, Y=\_01343_
      New ports: A=2'01, B=2'10, Y={ \_01343_ [2] \_01343_ [0] }
      New connections: { \_01343_ [5:3] \_01343_ [1] } = { \_01343_ [2] 3'001 }
    Consolidated identical input bits for $mux cell $ternary$/workspace/incremental-synthesis/benchmarks/cv32e40p-eco-001-base/core/common/normalized_cv32e40p.v:26076$8060:
      Old ports: A=2'11, B=2'01, Y=\_02584_
      New ports: A=1'1, B=1'0, Y=\_02584_ [1]
      New connections: \_02584_ [0] = 1'1
    Consolidated identical input bits for $mux cell $ternary$/workspace/incremental-synthesis/benchmarks/cv32e40p-eco-001-base/core/common/normalized_cv32e40p.v:26082$8066:
      Old ports: A={ 1'0 \_00379_ }, B=3'001, Y=\_00381_
      New ports: A=\_00379_, B=2'01, Y=\_00381_ [1:0]
      New connections: \_00381_ [2] = 1'0
    Consolidated identical input bits for $mux cell $ternary$/workspace/incremental-synthesis/benchmarks/cv32e40p-eco-001-base/core/common/normalized_cv32e40p.v:24797$6781:
      Old ports: A=2'00, B=2'10, Y=\_01348_
      New ports: A=1'0, B=1'1, Y=\_01348_ [1]
      New connections: \_01348_ [0] = 1'0
    Consolidated identical input bits for $mux cell $ternary$/workspace/incremental-synthesis/benchmarks/cv32e40p-eco-001-base/core/common/normalized_cv32e40p.v:24800$6784:
      Old ports: A=2'00, B=2'10, Y=\_01351_
      New ports: A=1'0, B=1'1, Y=\_01351_ [1]
      New connections: \_01351_ [0] = 1'0
    Consolidated identical input bits for $mux cell $ternary$/workspace/incremental-synthesis/benchmarks/cv32e40p-eco-001-base/core/common/normalized_cv32e40p.v:24604$6588:
      Old ports: A=2'00, B=2'10, Y=\_01155_
      New ports: A=1'0, B=1'1, Y=\_01155_ [1]
      New connections: \_01155_ [0] = 1'0
    Consolidated identical input bits for $mux cell $ternary$/workspace/incremental-synthesis/benchmarks/cv32e40p-eco-001-base/core/common/normalized_cv32e40p.v:24671$6655:
      Old ports: A=4'0000, B={ 1'0 \_01869_ }, Y=\_01222_
      New ports: A=3'000, B=\_01869_, Y=\_01222_ [2:0]
      New connections: \_01222_ [3] = 1'0
    Consolidated identical input bits for $mux cell $ternary$/workspace/incremental-synthesis/benchmarks/cv32e40p-eco-001-base/core/common/normalized_cv32e40p.v:24525$6509:
      Old ports: A=2'00, B=2'10, Y=\_01076_
      New ports: A=1'0, B=1'1, Y=\_01076_ [1]
      New connections: \_01076_ [0] = 1'0
    Consolidated identical input bits for $mux cell $ternary$/workspace/incremental-synthesis/benchmarks/cv32e40p-eco-001-base/core/common/normalized_cv32e40p.v:24806$6790:
      Old ports: A=2'01, B=2'11, Y=\_01357_
      New ports: A=1'0, B=1'1, Y=\_01357_ [1]
      New connections: \_01357_ [0] = 1'1
    Consolidated identical input bits for $mux cell $ternary$/workspace/incremental-synthesis/benchmarks/cv32e40p-eco-001-base/core/common/normalized_cv32e40p.v:24667$6651:
      Old ports: A={ 1'0 \_03536_ }, B=3'011, Y=\_01218_
      New ports: A=\_03536_, B=2'11, Y=\_01218_ [1:0]
      New connections: \_01218_ [2] = 1'0
    Consolidated identical input bits for $mux cell $ternary$/workspace/incremental-synthesis/benchmarks/cv32e40p-eco-001-base/core/common/normalized_cv32e40p.v:24614$6598:
      Old ports: A=5'00011, B=5'11000, Y=\_01165_
      New ports: A=2'01, B=2'10, Y={ \_01165_ [3] \_01165_ [0] }
      New connections: { \_01165_ [4] \_01165_ [2:1] } = { \_01165_ [3] 1'0 \_01165_ [0] }
    Consolidated identical input bits for $mux cell $ternary$/workspace/incremental-synthesis/benchmarks/cv32e40p-eco-001-base/core/common/normalized_cv32e40p.v:24533$6517:
      Old ports: A=2'00, B=2'10, Y=\_01084_
      New ports: A=1'0, B=1'1, Y=\_01084_ [1]
      New connections: \_01084_ [0] = 1'0
    Consolidated identical input bits for $mux cell $ternary$/workspace/incremental-synthesis/benchmarks/cv32e40p-eco-001-base/core/common/normalized_cv32e40p.v:24616$6600:
      Old ports: A=2'00, B=2'10, Y=\_01167_
      New ports: A=1'0, B=1'1, Y=\_01167_ [1]
      New connections: \_01167_ [0] = 1'0
    Consolidated identical input bits for $mux cell $ternary$/workspace/incremental-synthesis/benchmarks/cv32e40p-eco-001-base/core/common/normalized_cv32e40p.v:24537$6521:
      Old ports: A=7'0100111, B={ 1'0 \_00401_ }, Y=\_01088_
      New ports: A=6'100111, B=\_00401_, Y=\_01088_ [5:0]
      New connections: \_01088_ [6] = 1'0
    Consolidated identical input bits for $mux cell $ternary$/workspace/incremental-synthesis/benchmarks/cv32e40p-eco-001-base/core/common/normalized_cv32e40p.v:24619$6603:
      Old ports: A={ 1'0 \_01161_ }, B={ 1'0 \_00391_ }, Y=\_00392_
      New ports: A=\_01161_, B=\_00391_, Y=\_00392_ [0]
      New connections: \_00392_ [1] = 1'0
    Consolidated identical input bits for $mux cell $ternary$/workspace/incremental-synthesis/benchmarks/cv32e40p-eco-001-base/core/common/normalized_cv32e40p.v:24538$6522:
      Old ports: A=6'101110, B=6'010101, Y=\_01089_
      New ports: A=2'10, B=2'01, Y=\_01089_ [1:0]
      New connections: \_01089_ [5:2] = { \_01089_ [1:0] \_01089_ [1] 1'1 }
    Consolidated identical input bits for $mux cell $ternary$/workspace/incremental-synthesis/benchmarks/cv32e40p-eco-001-base/core/common/normalized_cv32e40p.v:24540$6524:
      Old ports: A=6'000011, B=6'101111, Y=\_01091_
      New ports: A=1'0, B=1'1, Y=\_01091_ [2]
      New connections: { \_01091_ [5:3] \_01091_ [1:0] } = { \_01091_ [2] 1'0 \_01091_ [2] 2'11 }
    Consolidated identical input bits for $mux cell $ternary$/workspace/incremental-synthesis/benchmarks/cv32e40p-eco-001-base/core/common/normalized_cv32e40p.v:24541$6525:
      Old ports: A=5'11000, B=5'00010, Y=\_01092_
      New ports: A=2'10, B=2'01, Y={ \_01092_ [3] \_01092_ [1] }
      New connections: { \_01092_ [4] \_01092_ [2] \_01092_ [0] } = { \_01092_ [3] 2'00 }
    Consolidated identical input bits for $mux cell $ternary$/workspace/incremental-synthesis/benchmarks/cv32e40p-eco-001-base/core/common/normalized_cv32e40p.v:26517$8501:
      Old ports: A=2'00, B=2'10, Y=\_00378_
      New ports: A=1'0, B=1'1, Y=\_00378_ [1]
      New connections: \_00378_ [0] = 1'0
    Consolidated identical input bits for $mux cell $ternary$/workspace/incremental-synthesis/benchmarks/cv32e40p-eco-001-base/core/common/normalized_cv32e40p.v:26542$8526:
      Old ports: A=2'11, B=2'01, Y=\_03108_
      New ports: A=1'1, B=1'0, Y=\_03108_ [1]
      New connections: \_03108_ [0] = 1'1
    Consolidated identical input bits for $mux cell $ternary$/workspace/incremental-synthesis/benchmarks/cv32e40p-eco-001-base/core/common/normalized_cv32e40p.v:24738$6722:
      Old ports: A=6'000011, B=6'101000, Y=\_01289_
      New ports: A=2'01, B=2'10, Y={ \_01289_ [3] \_01289_ [0] }
      New connections: { \_01289_ [5:4] \_01289_ [2:1] } = { \_01289_ [3] 2'00 \_01289_ [0] }
    Consolidated identical input bits for $mux cell $ternary$/workspace/incremental-synthesis/benchmarks/cv32e40p-eco-001-base/core/common/normalized_cv32e40p.v:26652$8636:
      Old ports: A=2'00, B=2'10, Y=\_03237_
      New ports: A=1'0, B=1'1, Y=\_03237_ [1]
      New connections: \_03237_ [0] = 1'0
    Consolidated identical input bits for $mux cell $ternary$/workspace/incremental-synthesis/benchmarks/cv32e40p-eco-001-base/core/common/normalized_cv32e40p.v:24851$6835:
      Old ports: A={ 2'01 \instr_rdata_i [31] }, B=3'010, Y=\_01402_
      New ports: A=\instr_rdata_i [31], B=1'0, Y=\_01402_ [0]
      New connections: \_01402_ [2:1] = 2'01
    Consolidated identical input bits for $mux cell $ternary$/workspace/incremental-synthesis/benchmarks/cv32e40p-eco-001-base/core/common/normalized_cv32e40p.v:24745$6729:
      Old ports: A=3'000, B=3'100, Y=\_01296_
      New ports: A=1'0, B=1'1, Y=\_01296_ [2]
      New connections: \_01296_ [1:0] = 2'00
    Consolidated identical input bits for $mux cell $ternary$/workspace/incremental-synthesis/benchmarks/cv32e40p-eco-001-base/core/common/normalized_cv32e40p.v:24569$6553:
      Old ports: A=2'00, B=2'11, Y=\_01120_
      New ports: A=1'0, B=1'1, Y=\_01120_ [0]
      New connections: \_01120_ [1] = \_01120_ [0]
    Consolidated identical input bits for $mux cell $ternary$/workspace/incremental-synthesis/benchmarks/cv32e40p-eco-001-base/core/common/normalized_cv32e40p.v:27474$9458:
      Old ports: A=2'11, B=2'01, Y=\_03620_
      New ports: A=1'1, B=1'0, Y=\_03620_ [1]
      New connections: \_03620_ [0] = 1'1
    Consolidated identical input bits for $mux cell $ternary$/workspace/incremental-synthesis/benchmarks/cv32e40p-eco-001-base/core/common/normalized_cv32e40p.v:24571$6555:
      Old ports: A=5'00100, B=5'10001, Y=\_01122_
      New ports: A=2'10, B=2'01, Y={ \_01122_ [2] \_01122_ [0] }
      New connections: { \_01122_ [4:3] \_01122_ [1] } = { \_01122_ [0] 2'00 }
    Consolidated identical input bits for $mux cell $ternary$/workspace/incremental-synthesis/benchmarks/cv32e40p-eco-001-base/core/common/normalized_cv32e40p.v:24572$6556:
      Old ports: A=2'11, B=2'01, Y=\_01123_
      New ports: A=1'1, B=1'0, Y=\_01123_ [1]
      New connections: \_01123_ [0] = 1'1
    Consolidated identical input bits for $mux cell $ternary$/workspace/incremental-synthesis/benchmarks/cv32e40p-eco-001-base/core/common/normalized_cv32e40p.v:28408$10392:
      Old ports: A=3'000, B=3'100, Y=\_00365_
      New ports: A=1'0, B=1'1, Y=\_00365_ [2]
      New connections: \_00365_ [1:0] = 2'00
    Consolidated identical input bits for $mux cell $ternary$/workspace/incremental-synthesis/benchmarks/cv32e40p-eco-001-base/core/common/normalized_cv32e40p.v:24724$6708:
      Old ports: A=2'00, B=2'10, Y=\_01275_
      New ports: A=1'0, B=1'1, Y=\_01275_ [1]
      New connections: \_01275_ [0] = 1'0
    Consolidated identical input bits for $mux cell $ternary$/workspace/incremental-synthesis/benchmarks/cv32e40p-eco-001-base/core/common/normalized_cv32e40p.v:29035$11019:
      Old ports: A=4'1011, B=4'0000, Y=\_01881_
      New ports: A=1'1, B=1'0, Y=\_01881_ [0]
      New connections: \_01881_ [3:1] = { \_01881_ [0] 1'0 \_01881_ [0] }
    Consolidated identical input bits for $mux cell $ternary$/workspace/incremental-synthesis/benchmarks/cv32e40p-eco-001-base/core/common/normalized_cv32e40p.v:29040$11024:
      Old ports: A={ 4'0110 \instr_rdata_i [12] }, B=5'11000, Y=\_04298_
      New ports: A={ 2'01 \instr_rdata_i [12] }, B=3'100, Y={ \_04298_ [4] \_04298_ [2] \_04298_ [0] }
      New connections: { \_04298_ [3] \_04298_ [1] } = 2'10
    Consolidated identical input bits for $mux cell $ternary$/workspace/incremental-synthesis/benchmarks/cv32e40p-eco-001-base/core/common/normalized_cv32e40p.v:29066$11050:
      Old ports: A=2'11, B=2'00, Y=\_01688_
      New ports: A=1'1, B=1'0, Y=\_01688_ [0]
      New connections: \_01688_ [1] = \_01688_ [0]
    Consolidated identical input bits for $mux cell $ternary$/workspace/incremental-synthesis/benchmarks/cv32e40p-eco-001-base/core/common/normalized_cv32e40p.v:24662$6646:
      Old ports: A={ 1'0 \_03651_ }, B={ 1'0 \_00396_ }, Y=\_01213_
      New ports: A=\_03651_, B=\_00396_, Y=\_01213_ [5:0]
      New connections: \_01213_ [6] = 1'0
    Consolidated identical input bits for $mux cell $ternary$/workspace/incremental-synthesis/benchmarks/cv32e40p-eco-001-base/core/common/normalized_cv32e40p.v:24576$6560:
      Old ports: A={ 5'10111 \_01126_ }, B=6'010101, Y=\_01127_
      New ports: A={ 2'01 \_01126_ }, B=3'101, Y={ \_01127_ [4] \_01127_ [1:0] }
      New connections: { \_01127_ [5] \_01127_ [3:2] } = { \_01127_ [1] \_01127_ [1] 1'1 }
    Consolidated identical input bits for $mux cell $ternary$/workspace/incremental-synthesis/benchmarks/cv32e40p-eco-001-base/core/common/normalized_cv32e40p.v:29078$11062:
      Old ports: A=2'11, B=2'01, Y=\_01690_
      New ports: A=1'1, B=1'0, Y=\_01690_ [1]
      New connections: \_01690_ [0] = 1'1
    Consolidated identical input bits for $mux cell $ternary$/workspace/incremental-synthesis/benchmarks/cv32e40p-eco-001-base/core/common/normalized_cv32e40p.v:24742$6726:
      Old ports: A=3'010, B=3'100, Y=\_01293_
      New ports: A=2'01, B=2'10, Y=\_01293_ [2:1]
      New connections: \_01293_ [0] = 1'0
    Consolidated identical input bits for $mux cell $ternary$/workspace/incremental-synthesis/benchmarks/cv32e40p-eco-001-base/core/common/normalized_cv32e40p.v:24664$6648:
      Old ports: A=5'00011, B=5'11000, Y=\_01215_
      New ports: A=2'01, B=2'10, Y={ \_01215_ [3] \_01215_ [0] }
      New connections: { \_01215_ [4] \_01215_ [2:1] } = { \_01215_ [3] 1'0 \_01215_ [0] }
    Consolidated identical input bits for $mux cell $ternary$/workspace/incremental-synthesis/benchmarks/cv32e40p-eco-001-base/core/common/normalized_cv32e40p.v:29093$11077:
      Old ports: A=2'10, B=2'00, Y=\_00394_
      New ports: A=1'1, B=1'0, Y=\_00394_ [1]
      New connections: \_00394_ [0] = 1'0
    Consolidated identical input bits for $mux cell $ternary$/workspace/incremental-synthesis/benchmarks/cv32e40p-eco-001-base/core/common/normalized_cv32e40p.v:24577$6561:
      Old ports: A=5'11001, B=5'00010, Y=\_01128_
      New ports: A=2'01, B=2'10, Y=\_01128_ [1:0]
      New connections: \_01128_ [4:2] = { \_01128_ [0] \_01128_ [0] 1'0 }
    Consolidated identical input bits for $mux cell $ternary$/workspace/incremental-synthesis/benchmarks/cv32e40p-eco-001-base/core/common/normalized_cv32e40p.v:23833$5830:
      Old ports: A=2'10, B=2'00, Y=\_00314_
      New ports: A=1'1, B=1'0, Y=\_00314_ [1]
      New connections: \_00314_ [0] = 1'0
    Consolidated identical input bits for $mux cell $ternary$/workspace/incremental-synthesis/benchmarks/cv32e40p-eco-001-base/core/common/normalized_cv32e40p.v:23835$5832:
      Old ports: A=2'11, B=2'00, Y=\_00316_
      New ports: A=1'1, B=1'0, Y=\_00316_ [0]
      New connections: \_00316_ [1] = \_00316_ [0]
    Consolidated identical input bits for $mux cell $ternary$/workspace/incremental-synthesis/benchmarks/cv32e40p-eco-001-base/core/common/normalized_cv32e40p.v:24411$6395:
      Old ports: A=7'0011000, B={ 3'000 \_00410_ }, Y=\_00962_
      New ports: A=5'11000, B={ 1'0 \_00410_ }, Y=\_00962_ [4:0]
      New connections: \_00962_ [6:5] = 2'00
    Consolidated identical input bits for $mux cell $ternary$/workspace/incremental-synthesis/benchmarks/cv32e40p-eco-001-base/core/common/normalized_cv32e40p.v:24412$6396:
      Old ports: A=5'00011, B=5'11000, Y=\_00963_
      New ports: A=2'01, B=2'10, Y={ \_00963_ [3] \_00963_ [0] }
      New connections: { \_00963_ [4] \_00963_ [2:1] } = { \_00963_ [3] 1'0 \_00963_ [0] }
    Consolidated identical input bits for $mux cell $ternary$/workspace/incremental-synthesis/benchmarks/cv32e40p-eco-001-base/core/common/normalized_cv32e40p.v:24417$6401:
      Old ports: A=3'001, B={ 1'0 \_00369_ }, Y=\_00968_
      New ports: A=2'01, B=\_00369_, Y=\_00968_ [1:0]
      New connections: \_00968_ [2] = 1'0
    Consolidated identical input bits for $mux cell $ternary$/workspace/incremental-synthesis/benchmarks/cv32e40p-eco-001-base/core/common/normalized_cv32e40p.v:24426$6410:
      Old ports: A=3'010, B={ 1'0 \_00369_ }, Y=\_00977_
      New ports: A=2'10, B=\_00369_, Y=\_00977_ [1:0]
      New connections: \_00977_ [2] = 1'0
    Consolidated identical input bits for $mux cell $ternary$/workspace/incremental-synthesis/benchmarks/cv32e40p-eco-001-base/core/common/normalized_cv32e40p.v:24578$6562:
      Old ports: A=5'00011, B=5'11000, Y=\_01129_
      New ports: A=2'01, B=2'10, Y={ \_01129_ [3] \_01129_ [0] }
      New connections: { \_01129_ [4] \_01129_ [2:1] } = { \_01129_ [3] 1'0 \_01129_ [0] }
    Consolidated identical input bits for $mux cell $ternary$/workspace/incremental-synthesis/benchmarks/cv32e40p-eco-001-base/core/common/normalized_cv32e40p.v:24432$6416:
      Old ports: A=2'00, B=2'10, Y=\_00983_
      New ports: A=1'0, B=1'1, Y=\_00983_ [1]
      New connections: \_00983_ [0] = 1'0
    Consolidated identical input bits for $mux cell $ternary$/workspace/incremental-synthesis/benchmarks/cv32e40p-eco-001-base/core/common/normalized_cv32e40p.v:24437$6421:
      Old ports: A=2'00, B=2'10, Y=\_00988_
      New ports: A=1'0, B=1'1, Y=\_00988_ [1]
      New connections: \_00988_ [0] = 1'0
    Consolidated identical input bits for $mux cell $ternary$/workspace/incremental-synthesis/benchmarks/cv32e40p-eco-001-base/core/common/normalized_cv32e40p.v:29303$11287:
      Old ports: A=6'000011, B=6'100100, Y=\_00399_
      New ports: A=2'01, B=2'10, Y={ \_00399_ [2] \_00399_ [0] }
      New connections: { \_00399_ [5:3] \_00399_ [1] } = { \_00399_ [2] 2'00 \_00399_ [0] }
    Consolidated identical input bits for $mux cell $ternary$/workspace/incremental-synthesis/benchmarks/cv32e40p-eco-001-base/core/common/normalized_cv32e40p.v:24448$6432:
      Old ports: A=2'00, B=2'11, Y=\_00999_
      New ports: A=1'0, B=1'1, Y=\_00999_ [0]
      New connections: \_00999_ [1] = \_00999_ [0]
    Consolidated identical input bits for $mux cell $ternary$/workspace/incremental-synthesis/benchmarks/cv32e40p-eco-001-base/core/common/normalized_cv32e40p.v:24674$6658:
      Old ports: A=2'11, B=2'01, Y=\_01225_
      New ports: A=1'1, B=1'0, Y=\_01225_ [1]
      New connections: \_01225_ [0] = 1'1
    Consolidated identical input bits for $mux cell $ternary$/workspace/incremental-synthesis/benchmarks/cv32e40p-eco-001-base/core/common/normalized_cv32e40p.v:29396$11380:
      Old ports: A=2'10, B=2'00, Y=\_01686_
      New ports: A=1'1, B=1'0, Y=\_01686_ [1]
      New connections: \_01686_ [0] = 1'0
    Consolidated identical input bits for $mux cell $ternary$/workspace/incremental-synthesis/benchmarks/cv32e40p-eco-001-base/core/common/normalized_cv32e40p.v:24472$6456:
      Old ports: A={ 1'0 \_04355_ }, B={ 1'0 \_01699_ }, Y=\_01023_
      New ports: A=\_04355_, B=\_01699_, Y=\_01023_ [0]
      New connections: \_01023_ [1] = 1'0
  Optimizing cells in module \cv32e40p_decoder$cv32e40p_core.id_stage_i.decoder_i.
    Consolidated identical input bits for $mux cell $ternary$/workspace/incremental-synthesis/benchmarks/cv32e40p-eco-001-base/core/common/normalized_cv32e40p.v:24858$6842:
      Old ports: A=\_01408_, B=2'00, Y=\_01919_
      New ports: A=\_01408_ [0], B=1'0, Y=\_01919_ [0]
      New connections: \_01919_ [1] = \_01919_ [0]
    Consolidated identical input bits for $mux cell $ternary$/workspace/incremental-synthesis/benchmarks/cv32e40p-eco-001-base/core/common/normalized_cv32e40p.v:24872$6856:
      Old ports: A=\_01422_, B=2'10, Y=\_01659_
      New ports: A=\_01422_ [1], B=1'1, Y=\_01659_ [1]
      New connections: \_01659_ [0] = 1'0
    Consolidated identical input bits for $mux cell $ternary$/workspace/incremental-synthesis/benchmarks/cv32e40p-eco-001-base/core/common/normalized_cv32e40p.v:24877$6861:
      Old ports: A=\_01427_, B={ 4'1010 \_01426_ }, Y=\_01428_
      New ports: A={ \_01427_ [3] \_01427_ [0] \_01427_ [0] }, B={ 1'1 \_01426_ }, Y={ \_01428_ [3] \_01428_ [1:0] }
      New connections: { \_01428_ [5:4] \_01428_ [2] } = { \_01428_ [3] 2'00 }
    Consolidated identical input bits for $mux cell $ternary$/workspace/incremental-synthesis/benchmarks/cv32e40p-eco-001-base/core/common/normalized_cv32e40p.v:24881$6865:
      Old ports: A=\_01431_, B=3'100, Y=\_01432_
      New ports: A=\_01431_ [2], B=1'1, Y=\_01432_ [2]
      New connections: \_01432_ [1:0] = 2'00
    Consolidated identical input bits for $mux cell $ternary$/workspace/incremental-synthesis/benchmarks/cv32e40p-eco-001-base/core/common/normalized_cv32e40p.v:24884$6868:
      Old ports: A=\_01434_, B=2'01, Y=\_03142_
      New ports: A=\_01434_ [1], B=1'0, Y=\_03142_ [1]
      New connections: \_03142_ [0] = 1'1
    Consolidated identical input bits for $mux cell $ternary$/workspace/incremental-synthesis/benchmarks/cv32e40p-eco-001-base/core/common/normalized_cv32e40p.v:24887$6871:
      Old ports: A={ 1'0 \_01437_ }, B={ 1'1 \_01436_ }, Y=\_01438_
      New ports: A={ 1'0 \_01437_ [1] }, B={ 1'1 \_01436_ [1] }, Y=\_01438_ [2:1]
      New connections: \_01438_ [0] = 1'1
    Consolidated identical input bits for $mux cell $ternary$/workspace/incremental-synthesis/benchmarks/cv32e40p-eco-001-base/core/common/normalized_cv32e40p.v:24890$6874:
      Old ports: A={ 1'0 \_01440_ }, B={ 1'1 \_01439_ }, Y=\_01441_
      New ports: A={ 1'0 \_01440_ [1] }, B={ 1'1 \_01439_ [1] }, Y=\_01441_ [2:1]
      New connections: \_01441_ [0] = 1'0
    Consolidated identical input bits for $mux cell $ternary$/workspace/incremental-synthesis/benchmarks/cv32e40p-eco-001-base/core/common/normalized_cv32e40p.v:24919$6903:
      Old ports: A=\_01469_, B={ 3'100 \_01468_ }, Y=\_01470_
      New ports: A={ \_01469_ [0] \_01469_ [2] \_01469_ [0] }, B={ 2'10 \_01468_ }, Y={ \_01470_ [3:2] \_01470_ [0] }
      New connections: \_01470_ [1] = 1'0
    Consolidated identical input bits for $mux cell $ternary$/workspace/incremental-synthesis/benchmarks/cv32e40p-eco-001-base/core/common/normalized_cv32e40p.v:24922$6906:
      Old ports: A=\_01472_, B=4'1011, Y=\_01473_
      New ports: A={ \_01472_ [2] 1'0 \_01472_ [0] }, B=3'011, Y=\_01473_ [2:0]
      New connections: \_01473_ [3] = \_01473_ [0]
    Consolidated identical input bits for $mux cell $ternary$/workspace/incremental-synthesis/benchmarks/cv32e40p-eco-001-base/core/common/normalized_cv32e40p.v:24927$6911:
      Old ports: A={ 1'1 \_01477_ }, B=\_01476_, Y=\_01478_
      New ports: A={ 2'10 \_01477_ [0] }, B={ \_01476_ [1] \_01476_ [1] 1'0 }, Y={ \_01478_ [3] \_01478_ [1:0] }
      New connections: \_01478_ [2] = \_01478_ [0]
    Consolidated identical input bits for $mux cell $ternary$/workspace/incremental-synthesis/benchmarks/cv32e40p-eco-001-base/core/common/normalized_cv32e40p.v:24931$6915:
      Old ports: A={ 4'1110 \_01481_ }, B=\_01479_, Y=\_01482_
      New ports: A={ 2'10 \_01481_ }, B={ \_01479_ [4] \_01479_ [2] 1'0 \_01479_ [0] }, Y={ \_01482_ [4] \_01482_ [2:0] }
      New connections: { \_01482_ [5] \_01482_ [3] } = { \_01482_ [4] 1'1 }
    Consolidated identical input bits for $mux cell $ternary$/workspace/incremental-synthesis/benchmarks/cv32e40p-eco-001-base/core/common/normalized_cv32e40p.v:24936$6920:
      Old ports: A={ 6'001010 \_01486_ }, B=\_01485_, Y=\_01487_
      New ports: A={ 5'01010 \_01486_ }, B=\_01485_ [5:0], Y=\_01487_ [5:0]
      New connections: \_01487_ [6] = 1'0
    Consolidated identical input bits for $mux cell $ternary$/workspace/incremental-synthesis/benchmarks/cv32e40p-eco-001-base/core/common/normalized_cv32e40p.v:24947$6931:
      Old ports: A=\_01497_, B=5'11001, Y=\_01498_
      New ports: A={ \_01497_ [3] \_01497_ [0] \_01497_ [0] }, B=3'101, Y={ \_01498_ [3] \_01498_ [1:0] }
      New connections: { \_01498_ [4] \_01498_ [2] } = { \_01498_ [3] 1'0 }
    Consolidated identical input bits for $mux cell $ternary$/workspace/incremental-synthesis/benchmarks/cv32e40p-eco-001-base/core/common/normalized_cv32e40p.v:24954$6938:
      Old ports: A={ 1'0 \_00379_ }, B=\_00381_, Y=\_01505_
      New ports: A=\_00379_, B=\_00381_ [1:0], Y=\_01505_ [1:0]
      New connections: \_01505_ [2] = 1'0
    Consolidated identical input bits for $mux cell $ternary$/workspace/incremental-synthesis/benchmarks/cv32e40p-eco-001-base/core/common/normalized_cv32e40p.v:24969$6953:
      Old ports: A=\_01519_, B=4'0111, Y=\_01520_
      New ports: A={ \_01519_ [3] \_01519_ [0] }, B=2'01, Y={ \_01520_ [3] \_01520_ [0] }
      New connections: \_01520_ [2:1] = { \_01520_ [0] \_01520_ [0] }
    Consolidated identical input bits for $mux cell $ternary$/workspace/incremental-synthesis/benchmarks/cv32e40p-eco-001-base/core/common/normalized_cv32e40p.v:24977$6961:
      Old ports: A=\_02584_, B=2'01, Y=\_01528_
      New ports: A=\_02584_ [1], B=1'0, Y=\_01528_ [1]
      New connections: \_01528_ [0] = 1'1
    Consolidated identical input bits for $mux cell $ternary$/workspace/incremental-synthesis/benchmarks/cv32e40p-eco-001-base/core/common/normalized_cv32e40p.v:24981$6965:
      Old ports: A=\_01531_, B=2'01, Y=\_01532_
      New ports: A=\_01531_ [1], B=1'0, Y=\_01532_ [1]
      New connections: \_01532_ [0] = 1'1
    Consolidated identical input bits for $mux cell $ternary$/workspace/incremental-synthesis/benchmarks/cv32e40p-eco-001-base/core/common/normalized_cv32e40p.v:24989$6973:
      Old ports: A=\_01539_, B=2'11, Y=\_01540_
      New ports: A=\_01539_ [1], B=1'1, Y=\_01540_ [1]
      New connections: \_01540_ [0] = 1'1
    Consolidated identical input bits for $mux cell $ternary$/workspace/incremental-synthesis/benchmarks/cv32e40p-eco-001-base/core/common/normalized_cv32e40p.v:24784$6768:
      Old ports: A=\_01334_, B={ 5'11111 \_01332_ }, Y=\_01335_
      New ports: A={ \_01334_ [2] \_01334_ [0] }, B={ 1'1 \_01332_ }, Y={ \_01335_ [2] \_01335_ [0] }
      New connections: { \_01335_ [5:3] \_01335_ [1] } = { \_01335_ [2] 1'1 \_01335_ [2] 1'1 }
    Consolidated identical input bits for $mux cell $ternary$/workspace/incremental-synthesis/benchmarks/cv32e40p-eco-001-base/core/common/normalized_cv32e40p.v:24801$6785:
      Old ports: A=\_01351_, B=2'10, Y=\_01352_
      New ports: A=\_01351_ [1], B=1'1, Y=\_01352_ [1]
      New connections: \_01352_ [0] = 1'0
    Consolidated identical input bits for $mux cell $ternary$/workspace/incremental-synthesis/benchmarks/cv32e40p-eco-001-base/core/common/normalized_cv32e40p.v:24804$6788:
      Old ports: A=\_01354_, B=4'1001, Y=\_01870_
      New ports: A=\_01354_ [0], B=1'1, Y=\_01870_ [0]
      New connections: \_01870_ [3:1] = { \_01870_ [0] 2'00 }
    Consolidated identical input bits for $mux cell $ternary$/workspace/incremental-synthesis/benchmarks/cv32e40p-eco-001-base/core/common/normalized_cv32e40p.v:25054$7038:
      Old ports: A=\_01604_, B={ 1'1 \_01603_ }, Y=\_02596_
      New ports: A={ \_01604_ [2] \_01604_ [2] 1'1 \_01604_ [0] }, B={ \_01603_ [1] 1'1 \_01603_ [1] 1'1 }, Y={ \_02596_ [4] \_02596_ [2:0] }
      New connections: { \_02596_ [5] \_02596_ [3] } = { \_02596_ [2] \_02596_ [2] }
    Consolidated identical input bits for $mux cell $ternary$/workspace/incremental-synthesis/benchmarks/cv32e40p-eco-001-base/core/common/normalized_cv32e40p.v:24496$6480:
      Old ports: A=2'11, B=\_01688_, Y=\_01047_
      New ports: A=1'1, B=\_01688_ [0], Y=\_01047_ [0]
      New connections: \_01047_ [1] = \_01047_ [0]
    Consolidated identical input bits for $mux cell $ternary$/workspace/incremental-synthesis/benchmarks/cv32e40p-eco-001-base/core/common/normalized_cv32e40p.v:25735$7719:
      Old ports: A=2'00, B=\_00385_, Y=\_00386_
      New ports: A=1'0, B=\_00385_ [1], Y=\_00386_ [1]
      New connections: \_00386_ [0] = 1'0
    Consolidated identical input bits for $mux cell $ternary$/workspace/incremental-synthesis/benchmarks/cv32e40p-eco-001-base/core/common/normalized_cv32e40p.v:25741$7725:
      Old ports: A=5'00011, B=\_00412_, Y=\_00413_
      New ports: A=2'01, B={ \_00412_ [3] \_00412_ [0] }, Y={ \_00413_ [3] \_00413_ [0] }
      New connections: { \_00413_ [4] \_00413_ [2:1] } = { \_00413_ [3] 1'0 \_00413_ [0] }
    Consolidated identical input bits for $mux cell $ternary$/workspace/incremental-synthesis/benchmarks/cv32e40p-eco-001-base/core/common/normalized_cv32e40p.v:24675$6659:
      Old ports: A=\_01225_, B=\_03620_, Y=\_01226_
      New ports: A=\_01225_ [1], B=\_03620_ [1], Y=\_01226_ [1]
      New connections: \_01226_ [0] = 1'1
    Consolidated identical input bits for $mux cell $ternary$/workspace/incremental-synthesis/benchmarks/cv32e40p-eco-001-base/core/common/normalized_cv32e40p.v:25874$7858:
      Old ports: A=\_00370_, B=2'00, Y=\_00371_
      New ports: A=\_00370_ [1], B=1'0, Y=\_00371_ [1]
      New connections: \_00371_ [0] = 1'0
    Consolidated identical input bits for $mux cell $ternary$/workspace/incremental-synthesis/benchmarks/cv32e40p-eco-001-base/core/common/normalized_cv32e40p.v:24779$6763:
      Old ports: A=\_01329_, B=6'010111, Y=\_01330_
      New ports: A={ \_01329_ [0] \_01329_ [0] }, B=2'01, Y={ \_01330_ [3] \_01330_ [0] }
      New connections: { \_01330_ [5:4] \_01330_ [2:1] } = { \_01330_ [3] 3'111 }
    Consolidated identical input bits for $mux cell $ternary$/workspace/incremental-synthesis/benchmarks/cv32e40p-eco-001-base/core/common/normalized_cv32e40p.v:24592$6576:
      Old ports: A={ 1'0 \_01142_ }, B=3'110, Y=\_01143_
      New ports: A={ 1'0 \_01142_ [1] }, B=2'11, Y=\_01143_ [2:1]
      New connections: \_01143_ [0] = 1'0
    Consolidated identical input bits for $mux cell $ternary$/workspace/incremental-synthesis/benchmarks/cv32e40p-eco-001-base/core/common/normalized_cv32e40p.v:24514$6498:
      Old ports: A=\_01064_, B=4'1011, Y=\_01065_
      New ports: A=\_01064_ [1:0], B=2'11, Y=\_01065_ [1:0]
      New connections: \_01065_ [3:2] = { \_01065_ [1] 1'0 }
    Consolidated identical input bits for $mux cell $ternary$/workspace/incremental-synthesis/benchmarks/cv32e40p-eco-001-base/core/common/normalized_cv32e40p.v:24788$6772:
      Old ports: A=\_01338_, B=5'00111, Y=\_01339_
      New ports: A={ \_01338_ [4] \_01338_ [1] 1'0 }, B=3'011, Y={ \_01339_ [4] \_01339_ [1:0] }
      New connections: \_01339_ [3:2] = 2'01
    Consolidated identical input bits for $mux cell $ternary$/workspace/incremental-synthesis/benchmarks/cv32e40p-eco-001-base/core/common/normalized_cv32e40p.v:24793$6777:
      Old ports: A=\_01343_, B=6'110110, Y=\_01344_
      New ports: A={ 1'0 \_01343_ [2] \_01343_ [0] }, B=3'110, Y={ \_01344_ [4] \_01344_ [2] \_01344_ [0] }
      New connections: { \_01344_ [5] \_01344_ [3] \_01344_ [1] } = { \_01344_ [2] 2'01 }
    Consolidated identical input bits for $mux cell $ternary$/workspace/incremental-synthesis/benchmarks/cv32e40p-eco-001-base/core/common/normalized_cv32e40p.v:24798$6782:
      Old ports: A=\_01348_, B=2'10, Y=\_03536_
      New ports: A=\_01348_ [1], B=1'1, Y=\_03536_ [1]
      New connections: \_03536_ [0] = 1'0
    Consolidated identical input bits for $mux cell $ternary$/workspace/incremental-synthesis/benchmarks/cv32e40p-eco-001-base/core/common/normalized_cv32e40p.v:24517$6501:
      Old ports: A=\_01067_, B=\_01066_, Y=\_01068_
      New ports: A={ \_01067_ [2] \_01067_ [0] \_01067_ [0] }, B={ \_01066_ [0] 1'0 \_01066_ [0] }, Y=\_01068_ [2:0]
      New connections: \_01068_ [3] = \_01068_ [2]
    Consolidated identical input bits for $mux cell $ternary$/workspace/incremental-synthesis/benchmarks/cv32e40p-eco-001-base/core/common/normalized_cv32e40p.v:24474$6458:
      Old ports: A={ 1'0 \_01024_ }, B=\_01023_, Y=\data_sign_extension_o
      New ports: A=\_01024_, B=\_01023_ [0], Y=\data_sign_extension_o [0]
      New connections: \data_sign_extension_o [1] = 1'0
    Consolidated identical input bits for $mux cell $ternary$/workspace/incremental-synthesis/benchmarks/cv32e40p-eco-001-base/core/common/normalized_cv32e40p.v:24475$6459:
      Old ports: A=2'11, B=\_01690_, Y=\_01026_
      New ports: A=1'1, B=\_01690_ [1], Y=\_01026_ [1]
      New connections: \_01026_ [0] = 1'1
    Consolidated identical input bits for $mux cell $ternary$/workspace/incremental-synthesis/benchmarks/cv32e40p-eco-001-base/core/common/normalized_cv32e40p.v:24807$6791:
      Old ports: A={ 1'0 \_01357_ }, B={ 1'1 \_01356_ }, Y=\_01358_
      New ports: A={ 1'0 \_01357_ [1] }, B={ 1'1 \_01356_ [1] }, Y=\_01358_ [2:1]
      New connections: \_01358_ [0] = 1'1
    Consolidated identical input bits for $mux cell $ternary$/workspace/incremental-synthesis/benchmarks/cv32e40p-eco-001-base/core/common/normalized_cv32e40p.v:24810$6794:
      Old ports: A={ 1'0 \_01360_ }, B={ 1'1 \_01359_ }, Y=\_01361_
      New ports: A={ 1'0 \_01360_ [1] }, B={ 1'1 \_01359_ [1] }, Y=\_01361_ [2:1]
      New connections: \_01361_ [0] = 1'0
    Consolidated identical input bits for $mux cell $ternary$/workspace/incremental-synthesis/benchmarks/cv32e40p-eco-001-base/core/common/normalized_cv32e40p.v:24539$6523:
      Old ports: A={ 1'0 \_01089_ }, B=\_01088_, Y=\_01090_
      New ports: A={ \_01089_ [1:0] \_01089_ [1] 1'1 \_01089_ [1:0] }, B=\_01088_ [5:0], Y=\_01090_ [5:0]
      New connections: \_01090_ [6] = 1'0
    Consolidated identical input bits for $mux cell $ternary$/workspace/incremental-synthesis/benchmarks/cv32e40p-eco-001-base/core/common/normalized_cv32e40p.v:24732$6716:
      Old ports: A=\_01282_, B=2'10, Y=\_01656_
      New ports: A=\_01282_ [1], B=1'1, Y=\_01656_ [1]
      New connections: \_01656_ [0] = 1'0
    Consolidated identical input bits for $mux cell $ternary$/workspace/incremental-synthesis/benchmarks/cv32e40p-eco-001-base/core/common/normalized_cv32e40p.v:26528$8512:
      Old ports: A=2'00, B=\_00378_, Y=\_00379_
      New ports: A=1'0, B=\_00378_ [1], Y=\_00379_ [1]
      New connections: \_00379_ [0] = 1'0
    Consolidated identical input bits for $mux cell $ternary$/workspace/incremental-synthesis/benchmarks/cv32e40p-eco-001-base/core/common/normalized_cv32e40p.v:24542$6526:
      Old ports: A={ 1'0 \_01092_ }, B=\_01091_, Y=\_01093_
      New ports: A={ \_01092_ [3] \_01092_ [3] 1'0 \_01092_ [1] 1'0 }, B={ 1'0 \_01091_ [2] \_01091_ [2] 2'11 }, Y=\_01093_ [4:0]
      New connections: \_01093_ [5] = \_01093_ [2]
    Consolidated identical input bits for $mux cell $ternary$/workspace/incremental-synthesis/benchmarks/cv32e40p-eco-001-base/core/common/normalized_cv32e40p.v:24746$6730:
      Old ports: A=\_01296_, B=3'100, Y=\_01869_
      New ports: A=\_01296_ [2], B=1'1, Y=\_01869_ [2]
      New connections: \_01869_ [1:0] = 2'00
    Consolidated identical input bits for $mux cell $ternary$/workspace/incremental-synthesis/benchmarks/cv32e40p-eco-001-base/core/common/normalized_cv32e40p.v:24739$6723:
      Old ports: A=\_01289_, B=6'101001, Y=\_01290_
      New ports: A={ \_01289_ [3] \_01289_ [0] \_01289_ [0] }, B=3'101, Y={ \_01290_ [3] \_01290_ [1:0] }
      New connections: { \_01290_ [5:4] \_01290_ [2] } = { \_01290_ [3] 2'00 }
    Consolidated identical input bits for $mux cell $ternary$/workspace/incremental-synthesis/benchmarks/cv32e40p-eco-001-base/core/common/normalized_cv32e40p.v:24573$6557:
      Old ports: A={ 3'001 \_01123_ }, B=\_01122_, Y=\_01124_
      New ports: A={ 2'01 \_01123_ [1] 1'1 }, B={ \_01122_ [0] \_01122_ [2] 1'0 \_01122_ [0] }, Y={ \_01124_ [4] \_01124_ [2:0] }
      New connections: \_01124_ [3] = 1'0
    Consolidated identical input bits for $mux cell $ternary$/workspace/incremental-synthesis/benchmarks/cv32e40p-eco-001-base/core/common/normalized_cv32e40p.v:28977$10961:
      Old ports: A=3'000, B=\_00365_, Y=\_00366_
      New ports: A=1'0, B=\_00365_ [2], Y=\_00366_ [2]
      New connections: \_00366_ [1:0] = 2'00
    Consolidated identical input bits for $mux cell $ternary$/workspace/incremental-synthesis/benchmarks/cv32e40p-eco-001-base/core/common/normalized_cv32e40p.v:24665$6649:
      Old ports: A=\_01215_, B=5'11000, Y=\_01216_
      New ports: A={ \_01215_ [3] \_01215_ [0] }, B=2'10, Y={ \_01216_ [3] \_01216_ [0] }
      New connections: { \_01216_ [4] \_01216_ [2:1] } = { \_01216_ [3] 1'0 \_01216_ [0] }
    Consolidated identical input bits for $mux cell $ternary$/workspace/incremental-synthesis/benchmarks/cv32e40p-eco-001-base/core/common/normalized_cv32e40p.v:24663$6647:
      Old ports: A=\_01213_, B={ 4'0011 \_00397_ }, Y=\_01214_
      New ports: A=\_01213_ [5:0], B={ 3'011 \_00397_ }, Y=\_01214_ [5:0]
      New connections: \_01214_ [6] = 1'0
    Consolidated identical input bits for $mux cell $ternary$/workspace/incremental-synthesis/benchmarks/cv32e40p-eco-001-base/core/common/normalized_cv32e40p.v:24852$6836:
      Old ports: A=\_01402_, B=3'010, Y=\_01911_
      New ports: A=\_01402_ [0], B=1'0, Y=\_01911_ [0]
      New connections: \_01911_ [2:1] = 2'01
    Consolidated identical input bits for $mux cell $ternary$/workspace/incremental-synthesis/benchmarks/cv32e40p-eco-001-base/core/common/normalized_cv32e40p.v:24584$6568:
      Old ports: A=\_01134_, B=2'11, Y=\_01135_
      New ports: A=\_01134_ [0], B=1'1, Y=\_01135_ [0]
      New connections: \_01135_ [1] = \_01135_ [0]
    Consolidated identical input bits for $mux cell $ternary$/workspace/incremental-synthesis/benchmarks/cv32e40p-eco-001-base/core/common/normalized_cv32e40p.v:24413$6397:
      Old ports: A={ 2'00 \_00963_ }, B=\_00962_, Y=\_00964_
      New ports: A={ \_00963_ [3] \_00963_ [3] 1'0 \_00963_ [0] \_00963_ [0] }, B=\_00962_ [4:0], Y=\_00964_ [4:0]
      New connections: \_00964_ [6:5] = 2'00
    Consolidated identical input bits for $mux cell $ternary$/workspace/incremental-synthesis/benchmarks/cv32e40p-eco-001-base/core/common/normalized_cv32e40p.v:24433$6417:
      Old ports: A=\_00983_, B=2'10, Y=\_00984_
      New ports: A=\_00983_ [1], B=1'1, Y=\_00984_ [1]
      New connections: \_00984_ [0] = 1'0
    Consolidated identical input bits for $mux cell $ternary$/workspace/incremental-synthesis/benchmarks/cv32e40p-eco-001-base/core/common/normalized_cv32e40p.v:29315$11299:
      Old ports: A=\_00399_, B=6'100101, Y=\_00401_
      New ports: A={ \_00399_ [2] \_00399_ [0] \_00399_ [0] }, B=3'101, Y=\_00401_ [2:0]
      New connections: \_00401_ [5:3] = { \_00401_ [2] 2'00 }
    Consolidated identical input bits for $mux cell $ternary$/workspace/incremental-synthesis/benchmarks/cv32e40p-eco-001-base/core/common/normalized_cv32e40p.v:24449$6433:
      Old ports: A=\_00999_, B=2'11, Y=\_01000_
      New ports: A=\_00999_ [0], B=1'1, Y=\_01000_ [0]
      New connections: \_01000_ [1] = \_01000_ [0]
    Consolidated identical input bits for $mux cell $ternary$/workspace/incremental-synthesis/benchmarks/cv32e40p-eco-001-base/core/common/normalized_cv32e40p.v:24743$6727:
      Old ports: A=\_01293_, B=3'100, Y=\_00373_
      New ports: A=\_01293_ [2:1], B=2'10, Y=\_00373_ [2:1]
      New connections: \_00373_ [0] = 1'0
    Consolidated identical input bits for $mux cell $ternary$/workspace/incremental-synthesis/benchmarks/cv32e40p-eco-001-base/core/common/normalized_cv32e40p.v:24579$6563:
      Old ports: A=\_01129_, B=\_01128_, Y=\_01130_
      New ports: A={ \_01129_ [3] \_01129_ [0] \_01129_ [0] }, B={ \_01128_ [0] \_01128_ [1:0] }, Y={ \_01130_ [3] \_01130_ [1:0] }
      New connections: { \_01130_ [4] \_01130_ [2] } = { \_01130_ [3] 1'0 }
  Optimizing cells in module \cv32e40p_decoder$cv32e40p_core.id_stage_i.decoder_i.
    Consolidated identical input bits for $mux cell $ternary$/workspace/incremental-synthesis/benchmarks/cv32e40p-eco-001-base/core/common/normalized_cv32e40p.v:24878$6862:
      Old ports: A={ 1'0 \_01428_ }, B=\_01425_, Y=\_00402_
      New ports: A={ 1'0 \_01428_ [3] \_01428_ [3] 1'0 \_01428_ [1:0] }, B={ \_01425_ [6:5] 1'1 \_01425_ [2:0] }, Y={ \_00402_ [6:5] \_00402_ [3:0] }
      New connections: \_00402_ [4] = 1'0
    Consolidated identical input bits for $mux cell $ternary$/workspace/incremental-synthesis/benchmarks/cv32e40p-eco-001-base/core/common/normalized_cv32e40p.v:24882$6866:
      Old ports: A=\_01432_, B=3'100, Y=\_01873_
      New ports: A=\_01432_ [2], B=1'1, Y=\_01873_ [2]
      New connections: \_01873_ [1:0] = 2'00
    Consolidated identical input bits for $mux cell $ternary$/workspace/incremental-synthesis/benchmarks/cv32e40p-eco-001-base/core/common/normalized_cv32e40p.v:24932$6916:
      Old ports: A=\_01482_, B={ 2'00 \_01478_ }, Y=\_01483_
      New ports: A={ \_01482_ [4] 1'1 \_01482_ [2:0] }, B={ 1'0 \_01478_ [3] \_01478_ [0] \_01478_ [1:0] }, Y=\_01483_ [4:0]
      New connections: \_01483_ [5] = \_01483_ [4]
    Consolidated identical input bits for $mux cell $ternary$/workspace/incremental-synthesis/benchmarks/cv32e40p-eco-001-base/core/common/normalized_cv32e40p.v:24934$6918:
      Old ports: A=\_02596_, B=6'111010, Y=\_01485_ [5:0]
      New ports: A={ \_02596_ [4] \_02596_ [2] \_02596_ [2:0] }, B=5'11010, Y=\_01485_ [4:0]
      New connections: \_01485_ [5] = \_01485_ [3]
    Consolidated identical input bits for $mux cell $ternary$/workspace/incremental-synthesis/benchmarks/cv32e40p-eco-001-base/core/common/normalized_cv32e40p.v:24941$6925:
      Old ports: A={ 3'010 \_01491_ }, B=\_01487_, Y=\_01492_
      New ports: A={ 2'10 \_01491_ [3] 1'1 \_01491_ [1:0] }, B=\_01487_ [5:0], Y=\_01492_ [5:0]
      New connections: \_01492_ [6] = 1'0
    Consolidated identical input bits for $mux cell $ternary$/workspace/incremental-synthesis/benchmarks/cv32e40p-eco-001-base/core/common/normalized_cv32e40p.v:24948$6932:
      Old ports: A=\_01498_, B={ 3'110 \_01496_ }, Y=\_01499_
      New ports: A={ \_01498_ [3] \_01498_ [1:0] }, B={ 1'1 \_01496_ [1] 1'0 }, Y={ \_01499_ [3] \_01499_ [1:0] }
      New connections: { \_01499_ [4] \_01499_ [2] } = { \_01499_ [3] 1'0 }
    Consolidated identical input bits for $mux cell $ternary$/workspace/incremental-synthesis/benchmarks/cv32e40p-eco-001-base/core/common/normalized_cv32e40p.v:24955$6939:
      Old ports: A=\_01505_, B=3'000, Y=\_01506_
      New ports: A=\_01505_ [1:0], B=2'00, Y=\_01506_ [1:0]
      New connections: \_01506_ [2] = 1'0
    Consolidated identical input bits for $mux cell $ternary$/workspace/incremental-synthesis/benchmarks/cv32e40p-eco-001-base/core/common/normalized_cv32e40p.v:24975$6959:
      Old ports: A={ 3'011 \_01525_ }, B=\_01520_, Y=\_01875_
      New ports: A={ 2'01 \_01525_ }, B={ \_01520_ [3] \_01520_ [0] \_01520_ [0] }, Y={ \_01875_ [3] \_01875_ [1:0] }
      New connections: \_01875_ [2] = \_01875_ [1]
    Consolidated identical input bits for $mux cell $ternary$/workspace/incremental-synthesis/benchmarks/cv32e40p-eco-001-base/core/common/normalized_cv32e40p.v:24978$6962:
      Old ports: A=\_01528_, B=2'01, Y=\_01529_
      New ports: A=\_01528_ [1], B=1'0, Y=\_01529_ [1]
      New connections: \_01529_ [0] = 1'1
    Consolidated identical input bits for $mux cell $ternary$/workspace/incremental-synthesis/benchmarks/cv32e40p-eco-001-base/core/common/normalized_cv32e40p.v:24789$6773:
      Old ports: A=\_01339_, B={ 4'1000 \_01337_ }, Y=\_01340_
      New ports: A={ \_01339_ [4] 1'1 \_01339_ [1:0] }, B={ 3'100 \_01337_ }, Y={ \_01340_ [4] \_01340_ [2:0] }
      New connections: \_01340_ [3] = 1'0
    Consolidated identical input bits for $mux cell $ternary$/workspace/incremental-synthesis/benchmarks/cv32e40p-eco-001-base/core/common/normalized_cv32e40p.v:24676$6660:
      Old ports: A=\_01226_, B=2'01, Y=\_03963_
      New ports: A=\_01226_ [1], B=1'0, Y=\_03963_ [1]
      New connections: \_03963_ [0] = 1'1
    Consolidated identical input bits for $mux cell $ternary$/workspace/incremental-synthesis/benchmarks/cv32e40p-eco-001-base/core/common/normalized_cv32e40p.v:25812$7796:
      Old ports: A=2'00, B=\_00386_, Y=\_00387_
      New ports: A=1'0, B=\_00386_ [1], Y=\_00387_ [1]
      New connections: \_00387_ [0] = 1'0
    Consolidated identical input bits for $mux cell $ternary$/workspace/incremental-synthesis/benchmarks/cv32e40p-eco-001-base/core/common/normalized_cv32e40p.v:25816$7800:
      Old ports: A=5'00011, B=\_00413_, Y=\_00414_
      New ports: A=2'01, B={ \_00413_ [3] \_00413_ [0] }, Y={ \_00414_ [3] \_00414_ [0] }
      New connections: { \_00414_ [4] \_00414_ [2:1] } = { \_00414_ [3] 1'0 \_00414_ [0] }
    Consolidated identical input bits for $mux cell $ternary$/workspace/incremental-synthesis/benchmarks/cv32e40p-eco-001-base/core/common/normalized_cv32e40p.v:24585$6569:
      Old ports: A=\_01135_, B=2'11, Y=\_00380_
      New ports: A=\_01135_ [0], B=1'1, Y=\_00380_ [0]
      New connections: \_00380_ [1] = \_00380_ [0]
    Consolidated identical input bits for $mux cell $ternary$/workspace/incremental-synthesis/benchmarks/cv32e40p-eco-001-base/core/common/normalized_cv32e40p.v:24780$6764:
      Old ports: A=\_01330_, B={ 5'01011 \_01328_ }, Y=\_01331_
      New ports: A={ \_01330_ [3] \_01330_ [0] }, B={ 1'0 \_01328_ }, Y={ \_01331_ [3] \_01331_ [0] }
      New connections: { \_01331_ [5:4] \_01331_ [2:1] } = { \_01331_ [3] 3'111 }
    Consolidated identical input bits for $mux cell $ternary$/workspace/incremental-synthesis/benchmarks/cv32e40p-eco-001-base/core/common/normalized_cv32e40p.v:24593$6577:
      Old ports: A=\_01143_, B=3'110, Y=\_01913_
      New ports: A=\_01143_ [2:1], B=2'11, Y=\_01913_ [2:1]
      New connections: \_01913_ [0] = 1'0
    Consolidated identical input bits for $mux cell $ternary$/workspace/incremental-synthesis/benchmarks/cv32e40p-eco-001-base/core/common/normalized_cv32e40p.v:24794$6778:
      Old ports: A=\_01344_, B={ 4'1101 \_01342_ }, Y=\_01345_
      New ports: A={ \_01344_ [4] \_01344_ [2] 1'1 \_01344_ [0] }, B={ 2'11 \_01342_ }, Y={ \_01345_ [4] \_01345_ [2:0] }
      New connections: { \_01345_ [5] \_01345_ [3] } = { \_01345_ [2] 1'0 }
    Consolidated identical input bits for $mux cell $ternary$/workspace/incremental-synthesis/benchmarks/cv32e40p-eco-001-base/core/common/normalized_cv32e40p.v:24671$6655:
      Old ports: A=3'000, B=\_01869_, Y=\_01222_ [2:0]
      New ports: A=1'0, B=\_01869_ [2], Y=\_01222_ [2]
      New connections: \_01222_ [1:0] = 2'00
    Consolidated identical input bits for $mux cell $ternary$/workspace/incremental-synthesis/benchmarks/cv32e40p-eco-001-base/core/common/normalized_cv32e40p.v:24537$6521:
      Old ports: A=6'100111, B=\_00401_, Y=\_01088_ [5:0]
      New ports: A=3'111, B=\_00401_ [2:0], Y=\_01088_ [2:0]
      New connections: \_01088_ [5:3] = { \_01088_ [2] 2'00 }
    Consolidated identical input bits for $mux cell $ternary$/workspace/incremental-synthesis/benchmarks/cv32e40p-eco-001-base/core/common/normalized_cv32e40p.v:24845$6829:
      Old ports: A=2'10, B=\_01659_, Y=\_01396_
      New ports: A=1'1, B=\_01659_ [1], Y=\_01396_ [1]
      New connections: \_01396_ [0] = 1'0
    Consolidated identical input bits for $mux cell $ternary$/workspace/incremental-synthesis/benchmarks/cv32e40p-eco-001-base/core/common/normalized_cv32e40p.v:24849$6833:
      Old ports: A=\_03108_, B=\_03142_, Y=\_01400_
      New ports: A=\_03108_ [1], B=\_03142_ [1], Y=\_01400_ [1]
      New connections: \_01400_ [0] = 1'1
    Consolidated identical input bits for $mux cell $ternary$/workspace/incremental-synthesis/benchmarks/cv32e40p-eco-001-base/core/common/normalized_cv32e40p.v:24543$6527:
      Old ports: A={ 1'0 \_01093_ }, B=\_01090_, Y=\_00403_
      New ports: A={ \_01093_ [2] \_01093_ [4:0] }, B=\_01090_ [5:0], Y=\_00403_ [5:0]
      New connections: \_00403_ [6] = 1'0
    Consolidated identical input bits for $mux cell $ternary$/workspace/incremental-synthesis/benchmarks/cv32e40p-eco-001-base/core/common/normalized_cv32e40p.v:24574$6558:
      Old ports: A=\_01124_, B={ 3'100 \_01121_ }, Y=\_01125_
      New ports: A={ \_01124_ [4] \_01124_ [2:0] }, B={ 2'10 \_01121_ }, Y={ \_01125_ [4] \_01125_ [2:0] }
      New connections: \_01125_ [3] = 1'0
    Consolidated identical input bits for $mux cell $ternary$/workspace/incremental-synthesis/benchmarks/cv32e40p-eco-001-base/core/common/normalized_cv32e40p.v:24658$6642:
      Old ports: A=2'10, B=\_01656_, Y=\_01209_
      New ports: A=1'1, B=\_01656_ [1], Y=\_01209_ [1]
      New connections: \_01209_ [0] = 1'0
    Consolidated identical input bits for $mux cell $ternary$/workspace/incremental-synthesis/benchmarks/cv32e40p-eco-001-base/core/common/normalized_cv32e40p.v:24740$6724:
      Old ports: A=\_01290_, B={ 3'101 \_01288_ }, Y=\_03651_
      New ports: A={ \_01290_ [3] 1'0 \_01290_ [1:0] }, B={ 1'1 \_01288_ }, Y=\_03651_ [3:0]
      New connections: \_03651_ [5:4] = { \_03651_ [3] 1'0 }
    Consolidated identical input bits for $mux cell $ternary$/workspace/incremental-synthesis/benchmarks/cv32e40p-eco-001-base/core/common/normalized_cv32e40p.v:24414$6398:
      Old ports: A=\_00964_, B=7'0011000, Y=\_00965_
      New ports: A=\_00964_ [4:0], B=5'11000, Y=\_00965_ [4:0]
      New connections: \_00965_ [6:5] = 2'00
    Consolidated identical input bits for $mux cell $ternary$/workspace/incremental-synthesis/benchmarks/cv32e40p-eco-001-base/core/common/normalized_cv32e40p.v:24416$6400:
      Old ports: A=\_00366_, B={ 1'0 \_00371_ }, Y=\_00967_
      New ports: A={ \_00366_ [2] 1'0 }, B={ 1'0 \_00371_ [1] }, Y=\_00967_ [2:1]
      New connections: \_00967_ [0] = 1'0
    Consolidated identical input bits for $mux cell $ternary$/workspace/incremental-synthesis/benchmarks/cv32e40p-eco-001-base/core/common/normalized_cv32e40p.v:24434$6418:
      Old ports: A=\_00984_, B=2'10, Y=\_00985_
      New ports: A=\_00984_ [1], B=1'1, Y=\_00985_ [1]
      New connections: \_00985_ [0] = 1'0
    Consolidated identical input bits for $mux cell $ternary$/workspace/incremental-synthesis/benchmarks/cv32e40p-eco-001-base/core/common/normalized_cv32e40p.v:24666$6650:
      Old ports: A={ 2'00 \_01216_ }, B=\_01214_, Y=\_00398_
      New ports: A={ 1'0 \_01216_ [3] \_01216_ [3] 1'0 \_01216_ [0] \_01216_ [0] }, B=\_01214_ [5:0], Y=\_00398_ [5:0]
      New connections: \_00398_ [6] = 1'0
  Optimizing cells in module \cv32e40p_decoder$cv32e40p_core.id_stage_i.decoder_i.
    Consolidated identical input bits for $mux cell $ternary$/workspace/incremental-synthesis/benchmarks/cv32e40p-eco-001-base/core/common/normalized_cv32e40p.v:24936$6920:
      Old ports: A={ 5'01010 \_01486_ }, B=\_01485_ [5:0], Y=\_01487_ [5:0]
      New ports: A={ 4'1010 \_01486_ }, B=\_01485_ [4:0], Y=\_01487_ [4:0]
      New connections: \_01487_ [5] = \_01487_ [3]
    Consolidated identical input bits for $mux cell $ternary$/workspace/incremental-synthesis/benchmarks/cv32e40p-eco-001-base/core/common/normalized_cv32e40p.v:24949$6933:
      Old ports: A=\_01499_, B={ 3'100 \_01495_ }, Y=\_01500_
      New ports: A={ \_01499_ [3] \_01499_ [3] \_01499_ [1:0] }, B={ 2'10 \_01495_ }, Y={ \_01500_ [4:3] \_01500_ [1:0] }
      New connections: \_01500_ [2] = 1'0
    Consolidated identical input bits for $mux cell $ternary$/workspace/incremental-synthesis/benchmarks/cv32e40p-eco-001-base/core/common/normalized_cv32e40p.v:24950$6934:
      Old ports: A={ 2'00 \_01500_ }, B=\_01492_, Y=\_01501_
      New ports: A={ 1'0 \_01500_ }, B=\_01492_ [5:0], Y=\_01501_ [5:0]
      New connections: \_01501_ [6] = 1'0
    Consolidated identical input bits for $mux cell $ternary$/workspace/incremental-synthesis/benchmarks/cv32e40p-eco-001-base/core/common/normalized_cv32e40p.v:24956$6940:
      Old ports: A=\_01506_, B=3'000, Y=\_00384_
      New ports: A=\_01506_ [1:0], B=2'00, Y=\_00384_ [1:0]
      New connections: \_00384_ [2] = 1'0
    Consolidated identical input bits for $mux cell $ternary$/workspace/incremental-synthesis/benchmarks/cv32e40p-eco-001-base/core/common/normalized_cv32e40p.v:24982$6966:
      Old ports: A=\_01532_, B=\_01529_, Y=\_02956_
      New ports: A=\_01532_ [1], B=\_01529_ [1], Y=\_02956_ [1]
      New connections: \_02956_ [0] = 1'1
    Consolidated identical input bits for $mux cell $ternary$/workspace/incremental-synthesis/benchmarks/cv32e40p-eco-001-base/core/common/normalized_cv32e40p.v:24785$6769:
      Old ports: A=\_01335_, B=\_01331_, Y=\_01336_
      New ports: A={ \_01335_ [2] \_01335_ [2] \_01335_ [0] }, B={ \_01331_ [3] 1'1 \_01331_ [0] }, Y={ \_01336_ [3:2] \_01336_ [0] }
      New connections: { \_01336_ [5:4] \_01336_ [1] } = { \_01336_ [3] 2'11 }
    Consolidated identical input bits for $mux cell $ternary$/workspace/incremental-synthesis/benchmarks/cv32e40p-eco-001-base/core/common/normalized_cv32e40p.v:25699$7683:
      Old ports: A=2'10, B=\_00387_, Y=\_00388_ [1:0]
      New ports: A=1'1, B=\_00387_ [1], Y=\_00388_ [1]
      New connections: \_00388_ [0] = 1'0
    Consolidated identical input bits for $mux cell $ternary$/workspace/incremental-synthesis/benchmarks/cv32e40p-eco-001-base/core/common/normalized_cv32e40p.v:25877$7861:
      Old ports: A=5'00011, B=\_00414_, Y=\_00415_
      New ports: A=2'01, B={ \_00414_ [3] \_00414_ [0] }, Y={ \_00415_ [3] \_00415_ [0] }
      New connections: { \_00415_ [4] \_00415_ [2:1] } = { \_00415_ [3] 1'0 \_00415_ [0] }
    Consolidated identical input bits for $mux cell $ternary$/workspace/incremental-synthesis/benchmarks/cv32e40p-eco-001-base/core/common/normalized_cv32e40p.v:24795$6779:
      Old ports: A=\_01345_, B={ 1'0 \_01340_ }, Y=\_01346_
      New ports: A={ \_01345_ [2] \_01345_ [4] \_01345_ [2:0] }, B={ 1'0 \_01340_ [4] \_01340_ [2:0] }, Y={ \_01346_ [5:4] \_01346_ [2:0] }
      New connections: \_01346_ [3] = 1'0
    Consolidated identical input bits for $mux cell $ternary$/workspace/incremental-synthesis/benchmarks/cv32e40p-eco-001-base/core/common/normalized_cv32e40p.v:24847$6831:
      Old ports: A=7'0000011, B=\_00402_, Y=\_01398_
      New ports: A=6'000011, B={ \_00402_ [6:5] \_00402_ [3:0] }, Y={ \_01398_ [6:5] \_01398_ [3:0] }
      New connections: \_01398_ [4] = 1'0
    Consolidated identical input bits for $mux cell $ternary$/workspace/incremental-synthesis/benchmarks/cv32e40p-eco-001-base/core/common/normalized_cv32e40p.v:24615$6599:
      Old ports: A={ 2'00 \_01165_ }, B=\_00398_, Y=\_00400_
      New ports: A={ 1'0 \_01165_ [3] \_01165_ [3] 1'0 \_01165_ [0] \_01165_ [0] }, B=\_00398_ [5:0], Y=\_00400_ [5:0]
      New connections: \_00400_ [6] = 1'0
    Consolidated identical input bits for $mux cell $ternary$/workspace/incremental-synthesis/benchmarks/cv32e40p-eco-001-base/core/common/normalized_cv32e40p.v:24850$6834:
      Old ports: A=\_01400_, B=2'11, Y=\_03228_
      New ports: A=\_01400_ [1], B=1'1, Y=\_03228_ [1]
      New connections: \_03228_ [0] = 1'1
    Consolidated identical input bits for $mux cell $ternary$/workspace/incremental-synthesis/benchmarks/cv32e40p-eco-001-base/core/common/normalized_cv32e40p.v:26648$8632:
      Old ports: A=3'000, B=\_01873_, Y=\_01874_
      New ports: A=1'0, B=\_01873_ [2], Y=\_01874_ [2]
      New connections: \_01874_ [1:0] = 2'00
    Consolidated identical input bits for $mux cell $ternary$/workspace/incremental-synthesis/benchmarks/cv32e40p-eco-001-base/core/common/normalized_cv32e40p.v:28948$10932:
      Old ports: A=2'11, B=\_03963_, Y=\_04210_
      New ports: A=1'1, B=\_03963_ [1], Y=\_04210_ [1]
      New connections: \_04210_ [0] = 1'1
    Consolidated identical input bits for $mux cell $ternary$/workspace/incremental-synthesis/benchmarks/cv32e40p-eco-001-base/core/common/normalized_cv32e40p.v:24672$6656:
      Old ports: A=\_01222_, B=\_01870_, Y=\_01871_
      New ports: A={ \_01222_ [2] 1'0 }, B={ 1'0 \_01870_ [0] }, Y={ \_01871_ [2] \_01871_ [0] }
      New connections: { \_01871_ [3] \_01871_ [1] } = { \_01871_ [0] 1'0 }
    Consolidated identical input bits for $mux cell $ternary$/workspace/incremental-synthesis/benchmarks/cv32e40p-eco-001-base/core/common/normalized_cv32e40p.v:24405$6389:
      Old ports: A=\_00403_, B={ 1'0 \_00409_ }, Y=\_00956_
      New ports: A=\_00403_ [5:0], B=\_00409_, Y=\_00956_ [5:0]
      New connections: \_00956_ [6] = 1'0
    Consolidated identical input bits for $mux cell $ternary$/workspace/incremental-synthesis/benchmarks/cv32e40p-eco-001-base/core/common/normalized_cv32e40p.v:29232$11216:
      Old ports: A=\_01913_, B=3'010, Y=\_01914_
      New ports: A=\_01913_ [2:1], B=2'01, Y=\_01914_ [2:1]
      New connections: \_01914_ [0] = 1'0
    Consolidated identical input bits for $mux cell $ternary$/workspace/incremental-synthesis/benchmarks/cv32e40p-eco-001-base/core/common/normalized_cv32e40p.v:29240$11224:
      Old ports: A=\_00380_, B=2'00, Y=\_00382_
      New ports: A=\_00380_ [0], B=1'0, Y=\_00382_ [0]
      New connections: \_00382_ [1] = \_00382_ [0]
    Consolidated identical input bits for $mux cell $ternary$/workspace/incremental-synthesis/benchmarks/cv32e40p-eco-001-base/core/common/normalized_cv32e40p.v:24442$6426:
      Old ports: A=\_01875_, B=4'0000, Y=\_00993_
      New ports: A={ \_01875_ [3] \_01875_ [1:0] }, B=3'000, Y={ \_00993_ [3] \_00993_ [1:0] }
      New connections: \_00993_ [2] = \_00993_ [1]
  Optimizing cells in module \cv32e40p_decoder$cv32e40p_core.id_stage_i.decoder_i.
    Consolidated identical input bits for $mux cell $ternary$/workspace/incremental-synthesis/benchmarks/cv32e40p-eco-001-base/core/common/normalized_cv32e40p.v:24951$6935:
      Old ports: A=\_01501_, B={ 1'0 \_01484_ }, Y=\_00411_
      New ports: A=\_01501_ [5:0], B=\_01484_, Y=\_00411_ [5:0]
      New connections: \_00411_ [6] = 1'0
    Consolidated identical input bits for $mux cell $ternary$/workspace/incremental-synthesis/benchmarks/cv32e40p-eco-001-base/core/common/normalized_cv32e40p.v:24621$6605:
      Old ports: A={ 3'000 \_01161_ }, B=\_01871_, Y=\_01872_
      New ports: A={ 2'00 \_01161_ }, B={ \_01871_ [0] \_01871_ [2] \_01871_ [0] }, Y={ \_01872_ [3:2] \_01872_ [0] }
      New connections: \_01872_ [1] = 1'0
    Consolidated identical input bits for $mux cell $ternary$/workspace/incremental-synthesis/benchmarks/cv32e40p-eco-001-base/core/common/normalized_cv32e40p.v:24404$6388:
      Old ports: A={ 2'00 \_04298_ }, B=\_00400_, Y=\_00955_
      New ports: A={ 1'0 \_04298_ [4] 1'1 \_04298_ [2] 1'0 \_04298_ [0] }, B=\_00400_ [5:0], Y=\_00955_ [5:0]
      New connections: \_00955_ [6] = 1'0
    Consolidated identical input bits for $mux cell $ternary$/workspace/incremental-synthesis/benchmarks/cv32e40p-eco-001-base/core/common/normalized_cv32e40p.v:24423$6407:
      Old ports: A={ 1'0 \_03237_ }, B=\_00384_, Y=\_00974_
      New ports: A={ \_03237_ [1] 1'0 }, B=\_00384_ [1:0], Y=\_00974_ [1:0]
      New connections: \_00974_ [2] = 1'0
    Consolidated identical input bits for $mux cell $ternary$/workspace/incremental-synthesis/benchmarks/cv32e40p-eco-001-base/core/common/normalized_cv32e40p.v:29279$11263:
      Old ports: A=\_01914_, B=3'010, Y=\_01915_
      New ports: A=\_01914_ [2:1], B=2'01, Y=\_01915_ [2:1]
      New connections: \_01915_ [0] = 1'0
    Consolidated identical input bits for $mux cell $ternary$/workspace/incremental-synthesis/benchmarks/cv32e40p-eco-001-base/core/common/normalized_cv32e40p.v:29285$11269:
      Old ports: A=\_00382_, B=2'00, Y=\_00369_
      New ports: A=\_00382_ [0], B=1'0, Y=\_00369_ [0]
      New connections: \_00369_ [1] = \_00369_ [0]
    Consolidated identical input bits for $mux cell $ternary$/workspace/incremental-synthesis/benchmarks/cv32e40p-eco-001-base/core/common/normalized_cv32e40p.v:24452$6436:
      Old ports: A=\_03228_, B=\_02956_, Y=\_01003_
      New ports: A=\_03228_ [1], B=\_02956_ [1], Y=\_01003_ [1]
      New connections: \_01003_ [0] = 1'1
    Consolidated identical input bits for $mux cell $ternary$/workspace/incremental-synthesis/benchmarks/cv32e40p-eco-001-base/core/common/normalized_cv32e40p.v:24454$6438:
      Old ports: A=2'11, B=\_04210_, Y=\_01005_
      New ports: A=1'1, B=\_04210_ [1], Y=\_01005_ [1]
      New connections: \_01005_ [0] = 1'1
  Optimizing cells in module \cv32e40p_decoder$cv32e40p_core.id_stage_i.decoder_i.
    Consolidated identical input bits for $mux cell $ternary$/workspace/incremental-synthesis/benchmarks/cv32e40p-eco-001-base/core/common/normalized_cv32e40p.v:24406$6390:
      Old ports: A=\_00956_, B=\_00955_, Y=\_00957_
      New ports: A=\_00956_ [5:0], B=\_00955_ [5:0], Y=\_00957_ [5:0]
      New connections: \_00957_ [6] = 1'0
    Consolidated identical input bits for $mux cell $ternary$/workspace/incremental-synthesis/benchmarks/cv32e40p-eco-001-base/core/common/normalized_cv32e40p.v:24424$6408:
      Old ports: A=\_00974_, B=\_00388_, Y=\_00975_
      New ports: A=\_00974_ [1:0], B={ \_00388_ [1] 1'0 }, Y=\_00975_ [1:0]
      New connections: \_00975_ [2] = 1'0
    Consolidated identical input bits for $mux cell $ternary$/workspace/incremental-synthesis/benchmarks/cv32e40p-eco-001-base/core/common/normalized_cv32e40p.v:24455$6439:
      Old ports: A=\_01005_, B=\_01003_, Y=\regc_mux_o
      New ports: A=\_01005_ [1], B=\_01003_ [1], Y=\regc_mux_o [1]
      New connections: \regc_mux_o [0] = 1'1
    Consolidated identical input bits for $mux cell $ternary$/workspace/incremental-synthesis/benchmarks/cv32e40p-eco-001-base/core/common/normalized_cv32e40p.v:24457$6441:
      Old ports: A=3'010, B=\_01915_, Y=\_01008_
      New ports: A=2'01, B=\_01915_ [2:1], Y=\_01008_ [2:1]
      New connections: \_01008_ [0] = 1'0
  Optimizing cells in module \cv32e40p_decoder$cv32e40p_core.id_stage_i.decoder_i.
Performed a total of 218 changes.

15.19.5. Executing OPT_MERGE pass (detect identical cells).
Finding identical cells in module `\cv32e40p_decoder$cv32e40p_core.id_stage_i.decoder_i'.
Computing hashes of 1234 cells of `\cv32e40p_decoder$cv32e40p_core.id_stage_i.decoder_i'.
Finding duplicate cells in `\cv32e40p_decoder$cv32e40p_core.id_stage_i.decoder_i'.
Computing hashes of 1223 cells of `\cv32e40p_decoder$cv32e40p_core.id_stage_i.decoder_i'.
Finding duplicate cells in `\cv32e40p_decoder$cv32e40p_core.id_stage_i.decoder_i'.
Computing hashes of 1220 cells of `\cv32e40p_decoder$cv32e40p_core.id_stage_i.decoder_i'.
Finding duplicate cells in `\cv32e40p_decoder$cv32e40p_core.id_stage_i.decoder_i'.
<suppressed ~42 debug messages>
Removed a total of 14 cells.

15.19.6. Executing OPT_SHARE pass.

15.19.7. Executing OPT_DFF pass (perform DFF optimizations).

15.19.8. Executing OPT_CLEAN pass (remove unused cells and wires).
Finding unused cells or wires in module \cv32e40p_decoder$cv32e40p_core.id_stage_i.decoder_i..
Removed 0 unused cells and 14 unused wires.
<suppressed ~1 debug messages>

15.19.9. Executing OPT_EXPR pass (perform const folding).
Optimizing module cv32e40p_decoder$cv32e40p_core.id_stage_i.decoder_i.
<suppressed ~69 debug messages>

15.19.10. Rerunning OPT passes. (Maybe there is more to do..)

15.19.11. Executing OPT_MUXTREE pass (detect dead branches in mux trees).
Running muxtree optimizer on module \cv32e40p_decoder$cv32e40p_core.id_stage_i.decoder_i..
  Creating internal representation of mux trees.
  Evaluating internal representation of mux trees.
  Analyzing evaluation results.
Removed 0 multiplexer ports.
<suppressed ~498 debug messages>

15.19.12. Executing OPT_REDUCE pass (consolidate $*mux and $reduce_* inputs).
  Optimizing cells in module \cv32e40p_decoder$cv32e40p_core.id_stage_i.decoder_i.
    Consolidated identical input bits for $mux cell $ternary$/workspace/incremental-synthesis/benchmarks/cv32e40p-eco-001-base/core/common/normalized_cv32e40p.v:25067$7051:
      Old ports: A={ \_00314_ [1] 1'0 }, B={ \_00314_ [1] \_00314_ [1] }, Y=\_01618_
      New ports: A=1'0, B=\_00314_ [1], Y=\_01618_ [0]
      New connections: \_01618_ [1] = \_00314_ [1]
  Optimizing cells in module \cv32e40p_decoder$cv32e40p_core.id_stage_i.decoder_i.
Performed a total of 1 changes.

15.19.13. Executing OPT_MERGE pass (detect identical cells).
Finding identical cells in module `\cv32e40p_decoder$cv32e40p_core.id_stage_i.decoder_i'.
Computing hashes of 1186 cells of `\cv32e40p_decoder$cv32e40p_core.id_stage_i.decoder_i'.
Finding duplicate cells in `\cv32e40p_decoder$cv32e40p_core.id_stage_i.decoder_i'.
Computing hashes of 1180 cells of `\cv32e40p_decoder$cv32e40p_core.id_stage_i.decoder_i'.
Finding duplicate cells in `\cv32e40p_decoder$cv32e40p_core.id_stage_i.decoder_i'.
<suppressed ~18 debug messages>
Removed a total of 6 cells.

15.19.14. Executing OPT_SHARE pass.

15.19.15. Executing OPT_DFF pass (perform DFF optimizations).

15.19.16. Executing OPT_CLEAN pass (remove unused cells and wires).
Finding unused cells or wires in module \cv32e40p_decoder$cv32e40p_core.id_stage_i.decoder_i..
Removed 0 unused cells and 40 unused wires.
<suppressed ~1 debug messages>

15.19.17. Executing OPT_EXPR pass (perform const folding).
Optimizing module cv32e40p_decoder$cv32e40p_core.id_stage_i.decoder_i.
<suppressed ~1 debug messages>

15.19.18. Rerunning OPT passes. (Maybe there is more to do..)

15.19.19. Executing OPT_MUXTREE pass (detect dead branches in mux trees).
Running muxtree optimizer on module \cv32e40p_decoder$cv32e40p_core.id_stage_i.decoder_i..
  Creating internal representation of mux trees.
  Evaluating internal representation of mux trees.
  Analyzing evaluation results.
Removed 0 multiplexer ports.
<suppressed ~497 debug messages>

15.19.20. Executing OPT_REDUCE pass (consolidate $*mux and $reduce_* inputs).
  Optimizing cells in module \cv32e40p_decoder$cv32e40p_core.id_stage_i.decoder_i.
Performed a total of 0 changes.

15.19.21. Executing OPT_MERGE pass (detect identical cells).
Finding identical cells in module `\cv32e40p_decoder$cv32e40p_core.id_stage_i.decoder_i'.
Computing hashes of 1180 cells of `\cv32e40p_decoder$cv32e40p_core.id_stage_i.decoder_i'.
Finding duplicate cells in `\cv32e40p_decoder$cv32e40p_core.id_stage_i.decoder_i'.
Removed a total of 0 cells.

15.19.22. Executing OPT_SHARE pass.

15.19.23. Executing OPT_DFF pass (perform DFF optimizations).

15.19.24. Executing OPT_CLEAN pass (remove unused cells and wires).
Finding unused cells or wires in module \cv32e40p_decoder$cv32e40p_core.id_stage_i.decoder_i..

15.19.25. Executing OPT_EXPR pass (perform const folding).
Optimizing module cv32e40p_decoder$cv32e40p_core.id_stage_i.decoder_i.

15.19.26. Finished fast OPT passes. (There is nothing left to do.)

15.20. Executing TECHMAP pass (map to technology primitives).

15.20.1. Executing Verilog-2005 frontend: /opt/oss-cad-suite/lib/../share/yosys/techmap.v
Parsing Verilog input from `/opt/oss-cad-suite/lib/../share/yosys/techmap.v' to AST representation.
Generating RTLIL representation for module `\_90_simplemap_bool_ops'.
Generating RTLIL representation for module `\_90_simplemap_reduce_ops'.
Generating RTLIL representation for module `\_90_simplemap_logic_ops'.
Generating RTLIL representation for module `\_90_simplemap_compare_ops'.
Generating RTLIL representation for module `\_90_simplemap_various'.
Generating RTLIL representation for module `\_90_simplemap_registers'.
Generating RTLIL representation for module `\_90_shift_ops_shr_shl_sshl_sshr'.
Generating RTLIL representation for module `\_90_shift_shiftx'.
Generating RTLIL representation for module `\_90_fa'.
Generating RTLIL representation for module `\_90_lcu_brent_kung'.
Generating RTLIL representation for module `\_90_alu'.
Generating RTLIL representation for module `\_90_macc'.
Generating RTLIL representation for module `\_90_alumacc'.
Generating RTLIL representation for module `$__div_mod_u'.
Generating RTLIL representation for module `$__div_mod_trunc'.
Generating RTLIL representation for module `\_90_div'.
Generating RTLIL representation for module `\_90_mod'.
Generating RTLIL representation for module `$__div_mod_floor'.
Generating RTLIL representation for module `\_90_divfloor'.
Generating RTLIL representation for module `\_90_modfloor'.
Generating RTLIL representation for module `\_90_pow'.
Generating RTLIL representation for module `\_90_demux'.
Generating RTLIL representation for module `\_90_lut'.
Generating RTLIL representation for module `$connect'.
Generating RTLIL representation for module `$input_port'.
Successfully finished Verilog frontend.

15.20.2. Continuing TECHMAP pass.
Using extmapper simplemap for cells of type $or.
Using extmapper simplemap for cells of type $reduce_and.
Using extmapper simplemap for cells of type $not.
Using template $paramod$7e708ae28ab761f11d0fb59d3ffc72f6a4baf5d9\_90_alu for cells of type $alu.
Using extmapper simplemap for cells of type $reduce_or.
Using extmapper simplemap for cells of type $logic_not.
Using extmapper simplemap for cells of type $eq.
Using extmapper simplemap for cells of type $logic_or.
Using extmapper simplemap for cells of type $ne.
Using extmapper simplemap for cells of type $logic_and.
Using extmapper simplemap for cells of type $mux.
Using extmapper simplemap for cells of type $and.
Using extmapper simplemap for cells of type $pos.
Using template $paramod\_90_fa\WIDTH=32'00000000000000000000000000000010 for cells of type $fa.
Using template $paramod\_90_lcu_brent_kung\WIDTH=32'00000000000000000000000000000010 for cells of type $lcu.
Using extmapper simplemap for cells of type $xor.
No more expansions possible.
<suppressed ~1412 debug messages>

15.21. Executing OPT pass (performing simple optimizations).

15.21.1. Executing OPT_EXPR pass (perform const folding).
Optimizing module cv32e40p_decoder$cv32e40p_core.id_stage_i.decoder_i.
<suppressed ~4037 debug messages>

15.21.2. Executing OPT_MERGE pass (detect identical cells).
Finding identical cells in module `\cv32e40p_decoder$cv32e40p_core.id_stage_i.decoder_i'.
Computing hashes of 7022 cells of `\cv32e40p_decoder$cv32e40p_core.id_stage_i.decoder_i'.
Finding duplicate cells in `\cv32e40p_decoder$cv32e40p_core.id_stage_i.decoder_i'.
Computing hashes of 4632 cells of `\cv32e40p_decoder$cv32e40p_core.id_stage_i.decoder_i'.
Finding duplicate cells in `\cv32e40p_decoder$cv32e40p_core.id_stage_i.decoder_i'.
Computing hashes of 3421 cells of `\cv32e40p_decoder$cv32e40p_core.id_stage_i.decoder_i'.
Finding duplicate cells in `\cv32e40p_decoder$cv32e40p_core.id_stage_i.decoder_i'.
Computing hashes of 2752 cells of `\cv32e40p_decoder$cv32e40p_core.id_stage_i.decoder_i'.
Finding duplicate cells in `\cv32e40p_decoder$cv32e40p_core.id_stage_i.decoder_i'.
Computing hashes of 2676 cells of `\cv32e40p_decoder$cv32e40p_core.id_stage_i.decoder_i'.
Finding duplicate cells in `\cv32e40p_decoder$cv32e40p_core.id_stage_i.decoder_i'.
Computing hashes of 2675 cells of `\cv32e40p_decoder$cv32e40p_core.id_stage_i.decoder_i'.
Finding duplicate cells in `\cv32e40p_decoder$cv32e40p_core.id_stage_i.decoder_i'.
<suppressed ~13041 debug messages>
Removed a total of 4347 cells.

15.21.3. Executing OPT_DFF pass (perform DFF optimizations).

15.21.4. Executing OPT_CLEAN pass (remove unused cells and wires).
Finding unused cells or wires in module \cv32e40p_decoder$cv32e40p_core.id_stage_i.decoder_i..
Removed 4 unused cells and 3324 unused wires.
<suppressed ~5 debug messages>

15.21.5. Finished fast OPT passes.

15.22. Executing ABC pass (technology mapping using ABC).

15.22.1. Extracting gate netlist of module `\cv32e40p_decoder$cv32e40p_core.id_stage_i.decoder_i' to `<abc-temp-dir>/input.blif'..

15.22.1.1. Executed ABC.
Extracted 2671 gates and 2711 wires to a netlist network with 38 inputs and 83 outputs.
Running ABC script: <abc-temp-dir>/abc.script
ABC: UC Berkeley, ABC 1.01 (compiled Jul 11 2026 03:57:20)
ABC: abc 01> empty
ABC: abc 01> source <abc-temp-dir>/abc.script
ABC: + read_blif <abc-temp-dir>/input.blif 
ABC: + read_library <abc-temp-dir>/stdcells.genlib 
ABC: + strash 
ABC: + &get -n 
ABC: + &fraig -x 
ABC: + &put 
ABC: + scorr 
ABC: Warning: The network is combinational (run "fraig" or "fraig_sweep").
ABC: + dc2 
ABC: + dretime 
ABC: + strash 
ABC: + &get -n 
ABC: + &dch -f 
ABC: + &nf 
ABC: + &put 
ABC: + write_blif <abc-temp-dir>/output.blif 
ABC: 
ABC: YOSYS_ABC_DONE 

15.22.1.2. Re-integrating ABC results.
ABC RESULTS:               AND cells:      376
ABC RESULTS:            ANDNOT cells:      111
ABC RESULTS:               MUX cells:       36
ABC RESULTS:              NAND cells:      385
ABC RESULTS:               NOR cells:       47
ABC RESULTS:               NOT cells:       14
ABC RESULTS:                OR cells:       90
ABC RESULTS:             ORNOT cells:       64
ABC RESULTS:              XNOR cells:        1
ABC RESULTS:        internal signals:     2590
ABC RESULTS:           input signals:       38
ABC RESULTS:          output signals:       83
Removing temp directory.
Removing global temp directory.

15.23. Executing OPT pass (performing simple optimizations).

15.23.1. Executing OPT_EXPR pass (perform const folding).
Optimizing module cv32e40p_decoder$cv32e40p_core.id_stage_i.decoder_i.
<suppressed ~2 debug messages>

15.23.2. Executing OPT_MERGE pass (detect identical cells).
Finding identical cells in module `\cv32e40p_decoder$cv32e40p_core.id_stage_i.decoder_i'.
Computing hashes of 1124 cells of `\cv32e40p_decoder$cv32e40p_core.id_stage_i.decoder_i'.
Finding duplicate cells in `\cv32e40p_decoder$cv32e40p_core.id_stage_i.decoder_i'.
Removed a total of 0 cells.

15.23.3. Executing OPT_DFF pass (perform DFF optimizations).

15.23.4. Executing OPT_CLEAN pass (remove unused cells and wires).
Finding unused cells or wires in module \cv32e40p_decoder$cv32e40p_core.id_stage_i.decoder_i..
Removed 0 unused cells and 1748 unused wires.
<suppressed ~8 debug messages>

15.23.5. Finished fast OPT passes.

15.24. Executing HIERARCHY pass (managing design hierarchy).
Attribute `top' found on module `cv32e40p_decoder$cv32e40p_core.id_stage_i.decoder_i'. Setting top module to cv32e40p_decoder$cv32e40p_core.id_stage_i.decoder_i.

15.24.1. Analyzing design hierarchy..
Top module:  \cv32e40p_decoder$cv32e40p_core.id_stage_i.decoder_i

15.24.2. Analyzing design hierarchy..
Top module:  \cv32e40p_decoder$cv32e40p_core.id_stage_i.decoder_i
Removed 0 unused modules.

15.25. Printing statistics.

=== cv32e40p_decoder$cv32e40p_core.id_stage_i.decoder_i ===

        +----------Local Count, excluding submodules.
        | 
     1130 wires
     1250 wire bits
       89 public wires
      209 public wire bits
       81 ports
      196 port bits
     1124 cells
      111   $_ANDNOT_
      376   $_AND_
       36   $_MUX_
      385   $_NAND_
       47   $_NOR_
       14   $_NOT_
       64   $_ORNOT_
       90   $_OR_
        1   $_XNOR_

15.26. Executing CHECK pass (checking for obvious problems).
Checking module cv32e40p_decoder$cv32e40p_core.id_stage_i.decoder_i...
Found and reported 0 problems.

16. Executing OPT_CLEAN pass (remove unused cells and wires).
Finding unused cells or wires in module \cv32e40p_decoder$cv32e40p_core.id_stage_i.decoder_i..
Removed 0 unused cells and 8 unused wires.
<suppressed ~8 debug messages>

17. Executing CHECK pass (checking for obvious problems).
Checking module cv32e40p_decoder$cv32e40p_core.id_stage_i.decoder_i...
Found and reported 0 problems.

18. Printing statistics.

=== cv32e40p_decoder$cv32e40p_core.id_stage_i.decoder_i ===

        +----------Local Count, excluding submodules.
        | 
     1122 wires
     1237 wire bits
       81 public wires
      196 public wire bits
       81 ports
      196 port bits
     1124 cells
      111   $_ANDNOT_
      376   $_AND_
       36   $_MUX_
      385   $_NAND_
       47   $_NOR_
       14   $_NOT_
       64   $_ORNOT_
       90   $_OR_
        1   $_XNOR_

19. Executing JSON backend.

20. Executing RTLIL backend.
Output filename: /workspace/incremental-synthesis/results/partition-incremental/__granularity_cv32e40p-eco-001/base/fine-cache/id_stage_i/regions/decoder_i/synth.rtlil

21. Executing Verilog backend.
Dumping module `\cv32e40p_decoder$cv32e40p_core.id_stage_i.decoder_i'.

End of script. Logfile hash: c686bb9c8a, time: 2.69s, user: 2.76s, system: 0.11s, MEM: 175.61 MB peak
Yosys 0.67+24 (git sha1 0e82bbefe, Release, Clang /usr/bin/clang++ 18.1.8)
Time spent: 35% 3x read_verilog (1 sec), 11% 20x opt_expr (0 sec), ...
