
 /----------------------------------------------------------------------------\
 |  yosys -- Yosys Open SYnthesis Suite                                       |
 |  Copyright (C) 2012 - 2026  Claire Xenia Wolf <claire@yosyshq.com>         |
 |  Distributed under an ISC-like license, type "license" to see terms        |
 \----------------------------------------------------------------------------/
 Yosys 0.67+24 (git sha1 0e82bbefe, Release, Clang /usr/bin/clang++ 18.1.8)

-- Executing script file `scripts/eco-002/check_regfile_equiv.ys' --

1. Executing JSON frontend.
Importing module singlecycle_datapath from JSON tree.
Importing module singlecycle_ctlpath from JSON tree.
Importing module singlecycle_control from JSON tree.
Importing module riscv_core from JSON tree.
Importing module regfile from JSON tree.
Importing module instruction_decoder from JSON tree.
Importing module immediate_generator from JSON tree.
Importing module data_memory_interface from JSON tree.
Importing module control_transfer from JSON tree.
Importing module alu_control from JSON tree.
Importing module alu from JSON tree.
Importing module $paramod\multiplexer8\WIDTH=s32'00000000000000000000000000100000 from JSON tree.
Importing module $paramod\multiplexer4\WIDTH=s32'00000000000000000000000000100000 from JSON tree.
Importing module $paramod\multiplexer2\WIDTH=s32'00000000000000000000000000100000 from JSON tree.
Importing module $paramod\adder\WIDTH=s32'00000000000000000000000000100000 from JSON tree.
Importing module $paramod$e358a763f16798cd10903dfd37e7986c0fbbe40f\register from JSON tree.
Importing module $paramod$99da07bf27abaac915a8c95d36d6f2808394e702\multiplexer from JSON tree.
Importing module $paramod$6a3d32cf08b5e9a4d56891e3d8781ccd4215c4af\multiplexer from JSON tree.
Importing module $paramod$5ef3be0bfad1454aaa6432c4ab405bbd7cbab26b\multiplexer from JSON tree.

2. Executing HIERARCHY pass (managing design hierarchy).

2.1. Analyzing design hierarchy..
Top module:  \regfile

2.2. Analyzing design hierarchy..
Top module:  \regfile
Removing unused module `$paramod$5ef3be0bfad1454aaa6432c4ab405bbd7cbab26b\multiplexer'.
Removing unused module `$paramod$6a3d32cf08b5e9a4d56891e3d8781ccd4215c4af\multiplexer'.
Removing unused module `$paramod$99da07bf27abaac915a8c95d36d6f2808394e702\multiplexer'.
Removing unused module `$paramod$e358a763f16798cd10903dfd37e7986c0fbbe40f\register'.
Removing unused module `$paramod\adder\WIDTH=s32'00000000000000000000000000100000'.
Removing unused module `$paramod\multiplexer2\WIDTH=s32'00000000000000000000000000100000'.
Removing unused module `$paramod\multiplexer4\WIDTH=s32'00000000000000000000000000100000'.
Removing unused module `$paramod\multiplexer8\WIDTH=s32'00000000000000000000000000100000'.
Removing unused module `\alu'.
Removing unused module `\alu_control'.
Removing unused module `\control_transfer'.
Removing unused module `\data_memory_interface'.
Removing unused module `\immediate_generator'.
Removing unused module `\instruction_decoder'.
Removing unused module `\riscv_core'.
Removing unused module `\singlecycle_control'.
Removing unused module `\singlecycle_ctlpath'.
Removing unused module `\singlecycle_datapath'.
Removed 18 unused modules.

3. Executing FLATTEN pass (flatten design).

4. Executing OPT_CLEAN pass (remove unused cells and wires).
Finding unused cells or wires in module \regfile..
Renaming module regfile to gold.

5. Executing JSON frontend.
Importing module singlecycle_datapath from JSON tree.
Importing module singlecycle_ctlpath from JSON tree.
Importing module singlecycle_control from JSON tree.
Importing module riscv_core from JSON tree.
Importing module regfile from JSON tree.
Importing module instruction_decoder from JSON tree.
Importing module immediate_generator from JSON tree.
Importing module data_memory_interface from JSON tree.
Importing module control_transfer from JSON tree.
Importing module alu_control from JSON tree.
Importing module alu from JSON tree.
Importing module $paramod\multiplexer8\WIDTH=s32'00000000000000000000000000100000 from JSON tree.
Importing module $paramod\multiplexer4\WIDTH=s32'00000000000000000000000000100000 from JSON tree.
Importing module $paramod\multiplexer2\WIDTH=s32'00000000000000000000000000100000 from JSON tree.
Importing module $paramod\adder\WIDTH=s32'00000000000000000000000000100000 from JSON tree.
Importing module $paramod$e358a763f16798cd10903dfd37e7986c0fbbe40f\register from JSON tree.
Importing module $paramod$99da07bf27abaac915a8c95d36d6f2808394e702\multiplexer from JSON tree.
Importing module $paramod$6a3d32cf08b5e9a4d56891e3d8781ccd4215c4af\multiplexer from JSON tree.
Importing module $paramod$5ef3be0bfad1454aaa6432c4ab405bbd7cbab26b\multiplexer from JSON tree.

6. Executing HIERARCHY pass (managing design hierarchy).

6.1. Analyzing design hierarchy..
Top module:  \regfile

6.2. Analyzing design hierarchy..
Top module:  \regfile
Removing unused module `$paramod$5ef3be0bfad1454aaa6432c4ab405bbd7cbab26b\multiplexer'.
Removing unused module `$paramod$6a3d32cf08b5e9a4d56891e3d8781ccd4215c4af\multiplexer'.
Removing unused module `$paramod$99da07bf27abaac915a8c95d36d6f2808394e702\multiplexer'.
Removing unused module `$paramod$e358a763f16798cd10903dfd37e7986c0fbbe40f\register'.
Removing unused module `$paramod\adder\WIDTH=s32'00000000000000000000000000100000'.
Removing unused module `$paramod\multiplexer2\WIDTH=s32'00000000000000000000000000100000'.
Removing unused module `$paramod\multiplexer4\WIDTH=s32'00000000000000000000000000100000'.
Removing unused module `$paramod\multiplexer8\WIDTH=s32'00000000000000000000000000100000'.
Removing unused module `\alu'.
Removing unused module `\alu_control'.
Removing unused module `\control_transfer'.
Removing unused module `\data_memory_interface'.
Removing unused module `\immediate_generator'.
Removing unused module `\instruction_decoder'.
Removing unused module `\riscv_core'.
Removing unused module `\singlecycle_control'.
Removing unused module `\singlecycle_ctlpath'.
Removing unused module `\singlecycle_datapath'.
Removed 18 unused modules.

7. Executing FLATTEN pass (flatten design).

8. Executing OPT_CLEAN pass (remove unused cells and wires).
Finding unused cells or wires in module \regfile..
Renaming module regfile to gate.

9. Executing EQUIV_MAKE pass (creating equiv checking module).
Presumably equivalent wires: register[10]_gold (\register[10]_gold), register[10]_gate (\register[10]_gate) -> register[10]
Presumably equivalent wires: register[11]_gold (\register[11]_gold), register[11]_gate (\register[11]_gate) -> register[11]
Presumably equivalent wires: register[12]_gold (\register[12]_gold), register[12]_gate (\register[12]_gate) -> register[12]
Presumably equivalent wires: register[13]_gold (\register[13]_gold), register[13]_gate (\register[13]_gate) -> register[13]
Presumably equivalent wires: register[14]_gold (\register[14]_gold), register[14]_gate (\register[14]_gate) -> register[14]
Presumably equivalent wires: register[15]_gold (\register[15]_gold), register[15]_gate (\register[15]_gate) -> register[15]
Presumably equivalent wires: register[16]_gold (\register[16]_gold), register[16]_gate (\register[16]_gate) -> register[16]
Presumably equivalent wires: register[17]_gold (\register[17]_gold), register[17]_gate (\register[17]_gate) -> register[17]
Presumably equivalent wires: register[18]_gold (\register[18]_gold), register[18]_gate (\register[18]_gate) -> register[18]
Presumably equivalent wires: register[19]_gold (\register[19]_gold), register[19]_gate (\register[19]_gate) -> register[19]
Presumably equivalent wires: register[1]_gold (\register[1]_gold), register[1]_gate (\register[1]_gate) -> register[1]
Presumably equivalent wires: register[20]_gold (\register[20]_gold), register[20]_gate (\register[20]_gate) -> register[20]
Presumably equivalent wires: register[21]_gold (\register[21]_gold), register[21]_gate (\register[21]_gate) -> register[21]
Presumably equivalent wires: register[22]_gold (\register[22]_gold), register[22]_gate (\register[22]_gate) -> register[22]
Presumably equivalent wires: register[23]_gold (\register[23]_gold), register[23]_gate (\register[23]_gate) -> register[23]
Presumably equivalent wires: register[24]_gold (\register[24]_gold), register[24]_gate (\register[24]_gate) -> register[24]
Presumably equivalent wires: register[25]_gold (\register[25]_gold), register[25]_gate (\register[25]_gate) -> register[25]
Presumably equivalent wires: register[26]_gold (\register[26]_gold), register[26]_gate (\register[26]_gate) -> register[26]
Presumably equivalent wires: register[27]_gold (\register[27]_gold), register[27]_gate (\register[27]_gate) -> register[27]
Presumably equivalent wires: register[28]_gold (\register[28]_gold), register[28]_gate (\register[28]_gate) -> register[28]
Presumably equivalent wires: register[29]_gold (\register[29]_gold), register[29]_gate (\register[29]_gate) -> register[29]
Presumably equivalent wires: register[2]_gold (\register[2]_gold), register[2]_gate (\register[2]_gate) -> register[2]
Presumably equivalent wires: register[30]_gold (\register[30]_gold), register[30]_gate (\register[30]_gate) -> register[30]
Presumably equivalent wires: register[31]_gold (\register[31]_gold), register[31]_gate (\register[31]_gate) -> register[31]
Presumably equivalent wires: register[3]_gold (\register[3]_gold), register[3]_gate (\register[3]_gate) -> register[3]
Presumably equivalent wires: register[4]_gold (\register[4]_gold), register[4]_gate (\register[4]_gate) -> register[4]
Presumably equivalent wires: register[5]_gold (\register[5]_gold), register[5]_gate (\register[5]_gate) -> register[5]
Presumably equivalent wires: register[6]_gold (\register[6]_gold), register[6]_gate (\register[6]_gate) -> register[6]
Presumably equivalent wires: register[7]_gold (\register[7]_gold), register[7]_gate (\register[7]_gate) -> register[7]
Presumably equivalent wires: register[8]_gold (\register[8]_gold), register[8]_gate (\register[8]_gate) -> register[8]
Presumably equivalent wires: register[9]_gold (\register[9]_gold), register[9]_gate (\register[9]_gate) -> register[9]
Presumably equivalent wires: write_enable_gold (\write_enable_gold), write_enable_gate (\write_enable_gate) -> write_enable
Presumably equivalent wires: rs2_data_gold (\rs2_data_gold), rs2_data_gate (\rs2_data_gate) -> rs2_data
Presumably equivalent wires: rs2_address_gold (\rs2_address_gold), rs2_address_gate (\rs2_address_gate) -> rs2_address
Presumably equivalent wires: rs1_data_gold (\rs1_data_gold), rs1_data_gate (\rs1_data_gate) -> rs1_data
Presumably equivalent wires: rs1_address_gold (\rs1_address_gold), rs1_address_gate (\rs1_address_gate) -> rs1_address
Presumably equivalent wires: rd_data_gold (\rd_data_gold), rd_data_gate (\rd_data_gate) -> rd_data
Presumably equivalent wires: rd_address_gold (\rd_address_gold), rd_address_gate (\rd_address_gate) -> rd_address
Presumably equivalent wires: clock_gold (\clock_gold), clock_gate (\clock_gate) -> clock
Changing input B of cell $abc$15168$auto$blifparse.cc:397:parse_blif$15170_gate ($_OR_): \register[25]_gate [30] -> \register[25] [30]
Changing input A of cell $abc$15168$auto$blifparse.cc:397:parse_blif$15173_gate ($_MUX_): \register[24]_gate [30] -> \register[24] [30]
Changing input B of cell $abc$15168$auto$blifparse.cc:397:parse_blif$15173_gate ($_MUX_): \register[28]_gate [30] -> \register[28] [30]
Changing input A of cell $abc$15168$auto$blifparse.cc:397:parse_blif$15177_gate ($_MUX_): \register[26]_gate [30] -> \register[26] [30]
Changing input B of cell $abc$15168$auto$blifparse.cc:397:parse_blif$15177_gate ($_MUX_): \register[30]_gate [30] -> \register[30] [30]
Changing input A of cell $abc$15168$auto$blifparse.cc:397:parse_blif$15179_gate ($_ORNOT_): \register[31]_gate [30] -> \register[31] [30]
Changing input B of cell $abc$15168$auto$blifparse.cc:397:parse_blif$15180_gate ($_OR_): \register[27]_gate [30] -> \register[27] [30]
Changing input A of cell $abc$15168$auto$blifparse.cc:397:parse_blif$15187_gate ($_MUX_): \register[10]_gate [30] -> \register[10] [30]
Changing input B of cell $abc$15168$auto$blifparse.cc:397:parse_blif$15187_gate ($_MUX_): \register[14]_gate [30] -> \register[14] [30]
Changing input A of cell $abc$15168$auto$blifparse.cc:397:parse_blif$15189_gate ($_ORNOT_): \register[15]_gate [30] -> \register[15] [30]
Changing input B of cell $abc$15168$auto$blifparse.cc:397:parse_blif$15190_gate ($_OR_): \register[11]_gate [30] -> \register[11] [30]
Changing input A of cell $abc$15168$auto$blifparse.cc:397:parse_blif$15194_gate ($_ORNOT_): \register[13]_gate [30] -> \register[13] [30]
Changing input B of cell $abc$15168$auto$blifparse.cc:397:parse_blif$15195_gate ($_OR_): \register[9]_gate [30] -> \register[9] [30]
Changing input A of cell $abc$15168$auto$blifparse.cc:397:parse_blif$15198_gate ($_MUX_): \register[8]_gate [30] -> \register[8] [30]
Changing input B of cell $abc$15168$auto$blifparse.cc:397:parse_blif$15198_gate ($_MUX_): \register[12]_gate [30] -> \register[12] [30]
Changing input A of cell $abc$15168$auto$blifparse.cc:397:parse_blif$15204_gate ($_ORNOT_): \register[21]_gate [30] -> \register[21] [30]
Changing input B of cell $abc$15168$auto$blifparse.cc:397:parse_blif$15205_gate ($_OR_): \register[17]_gate [30] -> \register[17] [30]
Changing input A of cell $abc$15168$auto$blifparse.cc:397:parse_blif$15208_gate ($_MUX_): \register[16]_gate [30] -> \register[16] [30]
Changing input B of cell $abc$15168$auto$blifparse.cc:397:parse_blif$15208_gate ($_MUX_): \register[20]_gate [30] -> \register[20] [30]
Changing input A of cell $abc$15168$auto$blifparse.cc:397:parse_blif$15212_gate ($_ORNOT_): \register[23]_gate [30] -> \register[23] [30]
Changing input B of cell $abc$15168$auto$blifparse.cc:397:parse_blif$15213_gate ($_OR_): \register[19]_gate [30] -> \register[19] [30]
Changing input A of cell $abc$15168$auto$blifparse.cc:397:parse_blif$15216_gate ($_ORNOT_): \register[22]_gate [30] -> \register[22] [30]
Changing input B of cell $abc$15168$auto$blifparse.cc:397:parse_blif$15217_gate ($_NOR_): \register[18]_gate [30] -> \register[18] [30]
Changing input B of cell $abc$15168$auto$blifparse.cc:397:parse_blif$15224_gate ($_OR_): \register[2]_gate [30] -> \register[2] [30]
Changing input B of cell $abc$15168$auto$blifparse.cc:397:parse_blif$15225_gate ($_ANDNOT_): \register[6]_gate [30] -> \register[6] [30]
Changing input A of cell $abc$15168$auto$blifparse.cc:397:parse_blif$15228_gate ($_ORNOT_): \register[7]_gate [30] -> \register[7] [30]
Changing input B of cell $abc$15168$auto$blifparse.cc:397:parse_blif$15229_gate ($_OR_): \register[3]_gate [30] -> \register[3] [30]
Changing input B of cell $abc$15168$auto$blifparse.cc:397:parse_blif$15233_gate ($_MUX_): \register[4]_gate [30] -> \register[4] [30]
Changing input A of cell $abc$15168$auto$blifparse.cc:397:parse_blif$15235_gate ($_ORNOT_): \register[5]_gate [30] -> \register[5] [30]
Changing input B of cell $abc$15168$auto$blifparse.cc:397:parse_blif$15236_gate ($_OR_): \register[1]_gate [30] -> \register[1] [30]
Changing input A of cell $abc$15168$auto$blifparse.cc:397:parse_blif$15244_gate ($_ORNOT_): \register[29]_gate [29] -> \register[29] [29]
Changing input B of cell $abc$15168$auto$blifparse.cc:397:parse_blif$15245_gate ($_OR_): \register[25]_gate [29] -> \register[25] [29]
Changing input A of cell $abc$15168$auto$blifparse.cc:397:parse_blif$15248_gate ($_MUX_): \register[24]_gate [29] -> \register[24] [29]
Changing input B of cell $abc$15168$auto$blifparse.cc:397:parse_blif$15248_gate ($_MUX_): \register[28]_gate [29] -> \register[28] [29]
Changing input A of cell $abc$15168$auto$blifparse.cc:397:parse_blif$15252_gate ($_MUX_): \register[26]_gate [29] -> \register[26] [29]
Changing input B of cell $abc$15168$auto$blifparse.cc:397:parse_blif$15252_gate ($_MUX_): \register[30]_gate [29] -> \register[30] [29]
Changing input A of cell $abc$15168$auto$blifparse.cc:397:parse_blif$15254_gate ($_ORNOT_): \register[31]_gate [29] -> \register[31] [29]
Changing input B of cell $abc$15168$auto$blifparse.cc:397:parse_blif$15255_gate ($_OR_): \register[27]_gate [29] -> \register[27] [29]
Changing input A of cell $abc$15168$auto$blifparse.cc:397:parse_blif$15262_gate ($_MUX_): \register[10]_gate [29] -> \register[10] [29]
Changing input B of cell $abc$15168$auto$blifparse.cc:397:parse_blif$15262_gate ($_MUX_): \register[14]_gate [29] -> \register[14] [29]
Changing input A of cell $abc$15168$auto$blifparse.cc:397:parse_blif$15264_gate ($_ORNOT_): \register[15]_gate [29] -> \register[15] [29]
Changing input B of cell $abc$15168$auto$blifparse.cc:397:parse_blif$15265_gate ($_OR_): \register[11]_gate [29] -> \register[11] [29]
Changing input A of cell $abc$15168$auto$blifparse.cc:397:parse_blif$15269_gate ($_ORNOT_): \register[13]_gate [29] -> \register[13] [29]
Changing input B of cell $abc$15168$auto$blifparse.cc:397:parse_blif$15270_gate ($_OR_): \register[9]_gate [29] -> \register[9] [29]
Changing input A of cell $abc$15168$auto$blifparse.cc:397:parse_blif$15273_gate ($_MUX_): \register[8]_gate [29] -> \register[8] [29]
Changing input B of cell $abc$15168$auto$blifparse.cc:397:parse_blif$15273_gate ($_MUX_): \register[12]_gate [29] -> \register[12] [29]
Changing input A of cell $abc$15168$auto$blifparse.cc:397:parse_blif$15279_gate ($_ORNOT_): \register[21]_gate [29] -> \register[21] [29]
Changing input B of cell $abc$15168$auto$blifparse.cc:397:parse_blif$15280_gate ($_OR_): \register[17]_gate [29] -> \register[17] [29]
Changing input A of cell $abc$15168$auto$blifparse.cc:397:parse_blif$15283_gate ($_MUX_): \register[16]_gate [29] -> \register[16] [29]
Changing input B of cell $abc$15168$auto$blifparse.cc:397:parse_blif$15283_gate ($_MUX_): \register[20]_gate [29] -> \register[20] [29]
Changing input A of cell $abc$15168$auto$blifparse.cc:397:parse_blif$15287_gate ($_ORNOT_): \register[23]_gate [29] -> \register[23] [29]
Changing input B of cell $abc$15168$auto$blifparse.cc:397:parse_blif$15288_gate ($_OR_): \register[19]_gate [29] -> \register[19] [29]
Changing input A of cell $abc$15168$auto$blifparse.cc:397:parse_blif$15291_gate ($_ORNOT_): \register[22]_gate [29] -> \register[22] [29]
Changing input B of cell $abc$15168$auto$blifparse.cc:397:parse_blif$15292_gate ($_NOR_): \register[18]_gate [29] -> \register[18] [29]
Changing input B of cell $abc$15168$auto$blifparse.cc:397:parse_blif$15299_gate ($_OR_): \register[2]_gate [29] -> \register[2] [29]
Changing input B of cell $abc$15168$auto$blifparse.cc:397:parse_blif$15300_gate ($_ANDNOT_): \register[6]_gate [29] -> \register[6] [29]
Changing input A of cell $abc$15168$auto$blifparse.cc:397:parse_blif$15303_gate ($_ORNOT_): \register[7]_gate [29] -> \register[7] [29]
Changing input B of cell $abc$15168$auto$blifparse.cc:397:parse_blif$15304_gate ($_OR_): \register[3]_gate [29] -> \register[3] [29]
Changing input B of cell $abc$15168$auto$blifparse.cc:397:parse_blif$15308_gate ($_MUX_): \register[4]_gate [29] -> \register[4] [29]
Changing input A of cell $abc$15168$auto$blifparse.cc:397:parse_blif$15310_gate ($_ORNOT_): \register[5]_gate [29] -> \register[5] [29]
Changing input B of cell $abc$15168$auto$blifparse.cc:397:parse_blif$15311_gate ($_OR_): \register[1]_gate [29] -> \register[1] [29]
Changing input A of cell $abc$15168$auto$blifparse.cc:397:parse_blif$15319_gate ($_MUX_): \register[10]_gate [28] -> \register[10] [28]
Changing input B of cell $abc$15168$auto$blifparse.cc:397:parse_blif$15319_gate ($_MUX_): \register[14]_gate [28] -> \register[14] [28]
Changing input A of cell $abc$15168$auto$blifparse.cc:397:parse_blif$15321_gate ($_MUX_): \register[11]_gate [28] -> \register[11] [28]
Changing input B of cell $abc$15168$auto$blifparse.cc:397:parse_blif$15321_gate ($_MUX_): \register[15]_gate [28] -> \register[15] [28]
Changing input A of cell $abc$15168$auto$blifparse.cc:397:parse_blif$15325_gate ($_NAND_): \register[31]_gate [28] -> \register[31] [28]
Changing input B of cell $abc$15168$auto$blifparse.cc:397:parse_blif$15326_gate ($_ORNOT_): \register[27]_gate [28] -> \register[27] [28]
Changing input A of cell $abc$15168$auto$blifparse.cc:397:parse_blif$15329_gate ($_NAND_): \register[30]_gate [28] -> \register[30] [28]
Changing input A of cell $abc$15168$auto$blifparse.cc:397:parse_blif$15330_gate ($_ANDNOT_): \register[26]_gate [28] -> \register[26] [28]
Changing input A of cell $abc$15168$auto$blifparse.cc:397:parse_blif$15336_gate ($_MUX_): \register[25]_gate [28] -> \register[25] [28]
Changing input B of cell $abc$15168$auto$blifparse.cc:397:parse_blif$15336_gate ($_MUX_): \register[29]_gate [28] -> \register[29] [28]
Changing input A of cell $abc$15168$auto$blifparse.cc:397:parse_blif$15337_gate ($_MUX_): \register[24]_gate [28] -> \register[24] [28]
Changing input B of cell $abc$15168$auto$blifparse.cc:397:parse_blif$15337_gate ($_MUX_): \register[28]_gate [28] -> \register[28] [28]
Changing input A of cell $abc$15168$auto$blifparse.cc:397:parse_blif$15339_gate ($_MUX_): \register[8]_gate [28] -> \register[8] [28]
Changing input B of cell $abc$15168$auto$blifparse.cc:397:parse_blif$15339_gate ($_MUX_): \register[12]_gate [28] -> \register[12] [28]
Changing input A of cell $abc$15168$auto$blifparse.cc:397:parse_blif$15341_gate ($_ORNOT_): \register[13]_gate [28] -> \register[13] [28]
Changing input B of cell $abc$15168$auto$blifparse.cc:397:parse_blif$15342_gate ($_OR_): \register[9]_gate [28] -> \register[9] [28]
Changing input A of cell $abc$15168$auto$blifparse.cc:397:parse_blif$15348_gate ($_MUX_): \register[2]_gate [28] -> \register[2] [28]
Changing input B of cell $abc$15168$auto$blifparse.cc:397:parse_blif$15348_gate ($_MUX_): \register[6]_gate [28] -> \register[6] [28]
Changing input A of cell $abc$15168$auto$blifparse.cc:397:parse_blif$15350_gate ($_MUX_): \register[3]_gate [28] -> \register[3] [28]
Changing input B of cell $abc$15168$auto$blifparse.cc:397:parse_blif$15350_gate ($_MUX_): \register[7]_gate [28] -> \register[7] [28]
Changing input B of cell $abc$15168$auto$blifparse.cc:397:parse_blif$15354_gate ($_NAND_): \register[23]_gate [28] -> \register[23] [28]
Changing input B of cell $abc$15168$auto$blifparse.cc:397:parse_blif$15355_gate ($_ORNOT_): \register[19]_gate [28] -> \register[19] [28]
Changing input B of cell $abc$15168$auto$blifparse.cc:397:parse_blif$15358_gate ($_ORNOT_): \register[18]_gate [28] -> \register[18] [28]
Changing input B of cell $abc$15168$auto$blifparse.cc:397:parse_blif$15359_gate ($_AND_): \register[22]_gate [28] -> \register[22] [28]
Changing input A of cell $abc$15168$auto$blifparse.cc:397:parse_blif$15365_gate ($_MUX_): \register[17]_gate [28] -> \register[17] [28]
Changing input B of cell $abc$15168$auto$blifparse.cc:397:parse_blif$15365_gate ($_MUX_): \register[21]_gate [28] -> \register[21] [28]
Changing input A of cell $abc$15168$auto$blifparse.cc:397:parse_blif$15366_gate ($_MUX_): \register[16]_gate [28] -> \register[16] [28]
Changing input B of cell $abc$15168$auto$blifparse.cc:397:parse_blif$15366_gate ($_MUX_): \register[20]_gate [28] -> \register[20] [28]
Changing input B of cell $abc$15168$auto$blifparse.cc:397:parse_blif$15368_gate ($_MUX_): \register[4]_gate [28] -> \register[4] [28]
Changing input A of cell $abc$15168$auto$blifparse.cc:397:parse_blif$15369_gate ($_MUX_): \register[1]_gate [28] -> \register[1] [28]
Changing input B of cell $abc$15168$auto$blifparse.cc:397:parse_blif$15369_gate ($_MUX_): \register[5]_gate [28] -> \register[5] [28]
Changing input A of cell $abc$15168$auto$blifparse.cc:397:parse_blif$15374_gate ($_ORNOT_): \register[29]_gate [27] -> \register[29] [27]
Changing input B of cell $abc$15168$auto$blifparse.cc:397:parse_blif$15375_gate ($_OR_): \register[25]_gate [27] -> \register[25] [27]
Changing input A of cell $abc$15168$auto$blifparse.cc:397:parse_blif$15378_gate ($_MUX_): \register[24]_gate [27] -> \register[24] [27]
Changing input B of cell $abc$15168$auto$blifparse.cc:397:parse_blif$15378_gate ($_MUX_): \register[28]_gate [27] -> \register[28] [27]
Changing input A of cell $abc$15168$auto$blifparse.cc:397:parse_blif$15382_gate ($_MUX_): \register[26]_gate [27] -> \register[26] [27]
Changing input B of cell $abc$15168$auto$blifparse.cc:397:parse_blif$15382_gate ($_MUX_): \register[30]_gate [27] -> \register[30] [27]
Changing input A of cell $abc$15168$auto$blifparse.cc:397:parse_blif$15384_gate ($_ORNOT_): \register[31]_gate [27] -> \register[31] [27]
Changing input B of cell $abc$15168$auto$blifparse.cc:397:parse_blif$15385_gate ($_OR_): \register[27]_gate [27] -> \register[27] [27]
Changing input A of cell $abc$15168$auto$blifparse.cc:397:parse_blif$15392_gate ($_MUX_): \register[10]_gate [27] -> \register[10] [27]
Changing input B of cell $abc$15168$auto$blifparse.cc:397:parse_blif$15392_gate ($_MUX_): \register[14]_gate [27] -> \register[14] [27]
Changing input A of cell $abc$15168$auto$blifparse.cc:397:parse_blif$15394_gate ($_ORNOT_): \register[15]_gate [27] -> \register[15] [27]
Changing input B of cell $abc$15168$auto$blifparse.cc:397:parse_blif$15395_gate ($_OR_): \register[11]_gate [27] -> \register[11] [27]
Changing input A of cell $abc$15168$auto$blifparse.cc:397:parse_blif$15399_gate ($_ORNOT_): \register[13]_gate [27] -> \register[13] [27]
Changing input B of cell $abc$15168$auto$blifparse.cc:397:parse_blif$15400_gate ($_OR_): \register[9]_gate [27] -> \register[9] [27]
Changing input A of cell $abc$15168$auto$blifparse.cc:397:parse_blif$15403_gate ($_MUX_): \register[8]_gate [27] -> \register[8] [27]
Changing input B of cell $abc$15168$auto$blifparse.cc:397:parse_blif$15403_gate ($_MUX_): \register[12]_gate [27] -> \register[12] [27]
Changing input A of cell $abc$15168$auto$blifparse.cc:397:parse_blif$15409_gate ($_ORNOT_): \register[21]_gate [27] -> \register[21] [27]
Changing input B of cell $abc$15168$auto$blifparse.cc:397:parse_blif$15410_gate ($_OR_): \register[17]_gate [27] -> \register[17] [27]
Changing input A of cell $abc$15168$auto$blifparse.cc:397:parse_blif$15413_gate ($_MUX_): \register[16]_gate [27] -> \register[16] [27]
Changing input B of cell $abc$15168$auto$blifparse.cc:397:parse_blif$15413_gate ($_MUX_): \register[20]_gate [27] -> \register[20] [27]
Changing input A of cell $abc$15168$auto$blifparse.cc:397:parse_blif$15417_gate ($_ORNOT_): \register[23]_gate [27] -> \register[23] [27]
Changing input B of cell $abc$15168$auto$blifparse.cc:397:parse_blif$15418_gate ($_OR_): \register[19]_gate [27] -> \register[19] [27]
Changing input A of cell $abc$15168$auto$blifparse.cc:397:parse_blif$15421_gate ($_ORNOT_): \register[22]_gate [27] -> \register[22] [27]
Changing input B of cell $abc$15168$auto$blifparse.cc:397:parse_blif$15422_gate ($_NOR_): \register[18]_gate [27] -> \register[18] [27]
Changing input B of cell $abc$15168$auto$blifparse.cc:397:parse_blif$15429_gate ($_OR_): \register[2]_gate [27] -> \register[2] [27]
Changing input B of cell $abc$15168$auto$blifparse.cc:397:parse_blif$15430_gate ($_ANDNOT_): \register[6]_gate [27] -> \register[6] [27]
Changing input A of cell $abc$15168$auto$blifparse.cc:397:parse_blif$15433_gate ($_ORNOT_): \register[7]_gate [27] -> \register[7] [27]
Changing input B of cell $abc$15168$auto$blifparse.cc:397:parse_blif$15434_gate ($_OR_): \register[3]_gate [27] -> \register[3] [27]
Changing input B of cell $abc$15168$auto$blifparse.cc:397:parse_blif$15438_gate ($_MUX_): \register[4]_gate [27] -> \register[4] [27]
Changing input A of cell $abc$15168$auto$blifparse.cc:397:parse_blif$15440_gate ($_ORNOT_): \register[5]_gate [27] -> \register[5] [27]
Changing input B of cell $abc$15168$auto$blifparse.cc:397:parse_blif$15441_gate ($_OR_): \register[1]_gate [27] -> \register[1] [27]
Changing input A of cell $abc$15168$auto$blifparse.cc:397:parse_blif$15449_gate ($_ORNOT_): \register[7]_gate [26] -> \register[7] [26]
Changing input B of cell $abc$15168$auto$blifparse.cc:397:parse_blif$15450_gate ($_OR_): \register[3]_gate [26] -> \register[3] [26]
Changing input A of cell $abc$15168$auto$blifparse.cc:397:parse_blif$15453_gate ($_ORNOT_): \register[6]_gate [26] -> \register[6] [26]
Changing input B of cell $abc$15168$auto$blifparse.cc:397:parse_blif$15454_gate ($_NOR_): \register[2]_gate [26] -> \register[2] [26]
Changing input A of cell $abc$15168$auto$blifparse.cc:397:parse_blif$15458_gate ($_ORNOT_): \register[5]_gate [26] -> \register[5] [26]
Changing input B of cell $abc$15168$auto$blifparse.cc:397:parse_blif$15459_gate ($_OR_): \register[1]_gate [26] -> \register[1] [26]
Changing input B of cell $abc$15168$auto$blifparse.cc:397:parse_blif$15462_gate ($_MUX_): \register[4]_gate [26] -> \register[4] [26]
Changing input A of cell $abc$15168$auto$blifparse.cc:397:parse_blif$15466_gate ($_MUX_): \register[19]_gate [26] -> \register[19] [26]
Changing input B of cell $abc$15168$auto$blifparse.cc:397:parse_blif$15466_gate ($_MUX_): \register[23]_gate [26] -> \register[23] [26]
Changing input A of cell $abc$15168$auto$blifparse.cc:397:parse_blif$15467_gate ($_MUX_): \register[17]_gate [26] -> \register[17] [26]
Changing input B of cell $abc$15168$auto$blifparse.cc:397:parse_blif$15467_gate ($_MUX_): \register[21]_gate [26] -> \register[21] [26]
Changing input A of cell $abc$15168$auto$blifparse.cc:397:parse_blif$15469_gate ($_MUX_): \register[18]_gate [26] -> \register[18] [26]
Changing input B of cell $abc$15168$auto$blifparse.cc:397:parse_blif$15469_gate ($_MUX_): \register[22]_gate [26] -> \register[22] [26]
Changing input A of cell $abc$15168$auto$blifparse.cc:397:parse_blif$15470_gate ($_MUX_): \register[16]_gate [26] -> \register[16] [26]
Changing input B of cell $abc$15168$auto$blifparse.cc:397:parse_blif$15470_gate ($_MUX_): \register[20]_gate [26] -> \register[20] [26]
Changing input A of cell $abc$15168$auto$blifparse.cc:397:parse_blif$15474_gate ($_MUX_): \register[24]_gate [26] -> \register[24] [26]
Changing input B of cell $abc$15168$auto$blifparse.cc:397:parse_blif$15474_gate ($_MUX_): \register[28]_gate [26] -> \register[28] [26]
Changing input A of cell $abc$15168$auto$blifparse.cc:397:parse_blif$15476_gate ($_ORNOT_): \register[29]_gate [26] -> \register[29] [26]
Changing input B of cell $abc$15168$auto$blifparse.cc:397:parse_blif$15477_gate ($_OR_): \register[25]_gate [26] -> \register[25] [26]
Changing input A of cell $abc$15168$auto$blifparse.cc:397:parse_blif$15482_gate ($_ORNOT_): \register[31]_gate [26] -> \register[31] [26]
Changing input B of cell $abc$15168$auto$blifparse.cc:397:parse_blif$15483_gate ($_OR_): \register[27]_gate [26] -> \register[27] [26]
Changing input A of cell $abc$15168$auto$blifparse.cc:397:parse_blif$15486_gate ($_MUX_): \register[26]_gate [26] -> \register[26] [26]
Changing input B of cell $abc$15168$auto$blifparse.cc:397:parse_blif$15486_gate ($_MUX_): \register[30]_gate [26] -> \register[30] [26]
Changing input A of cell $abc$15168$auto$blifparse.cc:397:parse_blif$15492_gate ($_MUX_): \register[8]_gate [26] -> \register[8] [26]
Changing input B of cell $abc$15168$auto$blifparse.cc:397:parse_blif$15492_gate ($_MUX_): \register[12]_gate [26] -> \register[12] [26]
Changing input A of cell $abc$15168$auto$blifparse.cc:397:parse_blif$15494_gate ($_MUX_): \register[9]_gate [26] -> \register[9] [26]
Changing input B of cell $abc$15168$auto$blifparse.cc:397:parse_blif$15494_gate ($_MUX_): \register[13]_gate [26] -> \register[13] [26]
Changing input A of cell $abc$15168$auto$blifparse.cc:397:parse_blif$15498_gate ($_MUX_): \register[10]_gate [26] -> \register[10] [26]
Changing input B of cell $abc$15168$auto$blifparse.cc:397:parse_blif$15498_gate ($_MUX_): \register[14]_gate [26] -> \register[14] [26]
Changing input A of cell $abc$15168$auto$blifparse.cc:397:parse_blif$15500_gate ($_MUX_): \register[11]_gate [26] -> \register[11] [26]
Changing input B of cell $abc$15168$auto$blifparse.cc:397:parse_blif$15500_gate ($_MUX_): \register[15]_gate [26] -> \register[15] [26]
Changing input A of cell $abc$15168$auto$blifparse.cc:397:parse_blif$15508_gate ($_MUX_): \register[18]_gate [25] -> \register[18] [25]
Changing input B of cell $abc$15168$auto$blifparse.cc:397:parse_blif$15508_gate ($_MUX_): \register[22]_gate [25] -> \register[22] [25]
Changing input A of cell $abc$15168$auto$blifparse.cc:397:parse_blif$15509_gate ($_MUX_): \register[19]_gate [25] -> \register[19] [25]
Changing input B of cell $abc$15168$auto$blifparse.cc:397:parse_blif$15509_gate ($_MUX_): \register[23]_gate [25] -> \register[23] [25]
Changing input A of cell $abc$15168$auto$blifparse.cc:397:parse_blif$15511_gate ($_MUX_): \register[17]_gate [25] -> \register[17] [25]
Changing input B of cell $abc$15168$auto$blifparse.cc:397:parse_blif$15511_gate ($_MUX_): \register[21]_gate [25] -> \register[21] [25]
Changing input A of cell $abc$15168$auto$blifparse.cc:397:parse_blif$15512_gate ($_MUX_): \register[16]_gate [25] -> \register[16] [25]
Changing input B of cell $abc$15168$auto$blifparse.cc:397:parse_blif$15512_gate ($_MUX_): \register[20]_gate [25] -> \register[20] [25]
Changing input A of cell $abc$15168$auto$blifparse.cc:397:parse_blif$15515_gate ($_MUX_): \register[3]_gate [25] -> \register[3] [25]
Changing input B of cell $abc$15168$auto$blifparse.cc:397:parse_blif$15515_gate ($_MUX_): \register[7]_gate [25] -> \register[7] [25]
Changing input A of cell $abc$15168$auto$blifparse.cc:397:parse_blif$15516_gate ($_MUX_): \register[2]_gate [25] -> \register[2] [25]
Changing input B of cell $abc$15168$auto$blifparse.cc:397:parse_blif$15516_gate ($_MUX_): \register[6]_gate [25] -> \register[6] [25]
Changing input A of cell $abc$15168$auto$blifparse.cc:397:parse_blif$15518_gate ($_MUX_): \register[1]_gate [25] -> \register[1] [25]
Changing input B of cell $abc$15168$auto$blifparse.cc:397:parse_blif$15518_gate ($_MUX_): \register[5]_gate [25] -> \register[5] [25]
Changing input B of cell $abc$15168$auto$blifparse.cc:397:parse_blif$15519_gate ($_MUX_): \register[4]_gate [25] -> \register[4] [25]
Changing input A of cell $abc$15168$auto$blifparse.cc:397:parse_blif$15521_gate ($_ORNOT_): \register[31]_gate [25] -> \register[31] [25]
Changing input B of cell $abc$15168$auto$blifparse.cc:397:parse_blif$15522_gate ($_OR_): \register[27]_gate [25] -> \register[27] [25]
Changing input A of cell $abc$15168$auto$blifparse.cc:397:parse_blif$15525_gate ($_MUX_): \register[26]_gate [25] -> \register[26] [25]
Changing input B of cell $abc$15168$auto$blifparse.cc:397:parse_blif$15525_gate ($_MUX_): \register[30]_gate [25] -> \register[30] [25]
Changing input A of cell $abc$15168$auto$blifparse.cc:397:parse_blif$15529_gate ($_MUX_): \register[24]_gate [25] -> \register[24] [25]
Changing input B of cell $abc$15168$auto$blifparse.cc:397:parse_blif$15529_gate ($_MUX_): \register[28]_gate [25] -> \register[28] [25]
Changing input A of cell $abc$15168$auto$blifparse.cc:397:parse_blif$15531_gate ($_ORNOT_): \register[29]_gate [25] -> \register[29] [25]
Changing input B of cell $abc$15168$auto$blifparse.cc:397:parse_blif$15532_gate ($_OR_): \register[25]_gate [25] -> \register[25] [25]
Changing input A of cell $abc$15168$auto$blifparse.cc:397:parse_blif$15539_gate ($_MUX_): \register[10]_gate [25] -> \register[10] [25]
Changing input B of cell $abc$15168$auto$blifparse.cc:397:parse_blif$15539_gate ($_MUX_): \register[14]_gate [25] -> \register[14] [25]
Changing input A of cell $abc$15168$auto$blifparse.cc:397:parse_blif$15541_gate ($_ORNOT_): \register[15]_gate [25] -> \register[15] [25]
Changing input B of cell $abc$15168$auto$blifparse.cc:397:parse_blif$15542_gate ($_OR_): \register[11]_gate [25] -> \register[11] [25]
Changing input A of cell $abc$15168$auto$blifparse.cc:397:parse_blif$15547_gate ($_ORNOT_): \register[13]_gate [25] -> \register[13] [25]
Changing input B of cell $abc$15168$auto$blifparse.cc:397:parse_blif$15548_gate ($_OR_): \register[9]_gate [25] -> \register[9] [25]
Changing input A of cell $abc$15168$auto$blifparse.cc:397:parse_blif$15551_gate ($_MUX_): \register[8]_gate [25] -> \register[8] [25]
Changing input B of cell $abc$15168$auto$blifparse.cc:397:parse_blif$15551_gate ($_MUX_): \register[12]_gate [25] -> \register[12] [25]
Changing input A of cell $abc$15168$auto$blifparse.cc:397:parse_blif$15565_gate ($_ORNOT_): \register[29]_gate [24] -> \register[29] [24]
Changing input B of cell $abc$15168$auto$blifparse.cc:397:parse_blif$15566_gate ($_OR_): \register[25]_gate [24] -> \register[25] [24]
Changing input A of cell $abc$15168$auto$blifparse.cc:397:parse_blif$15569_gate ($_MUX_): \register[24]_gate [24] -> \register[24] [24]
Changing input B of cell $abc$15168$auto$blifparse.cc:397:parse_blif$15569_gate ($_MUX_): \register[28]_gate [24] -> \register[28] [24]
Changing input A of cell $abc$15168$auto$blifparse.cc:397:parse_blif$15573_gate ($_MUX_): \register[26]_gate [24] -> \register[26] [24]
Changing input B of cell $abc$15168$auto$blifparse.cc:397:parse_blif$15573_gate ($_MUX_): \register[30]_gate [24] -> \register[30] [24]
Changing input A of cell $abc$15168$auto$blifparse.cc:397:parse_blif$15575_gate ($_ORNOT_): \register[31]_gate [24] -> \register[31] [24]
Changing input B of cell $abc$15168$auto$blifparse.cc:397:parse_blif$15576_gate ($_OR_): \register[27]_gate [24] -> \register[27] [24]
Changing input A of cell $abc$15168$auto$blifparse.cc:397:parse_blif$15583_gate ($_MUX_): \register[10]_gate [24] -> \register[10] [24]
Changing input B of cell $abc$15168$auto$blifparse.cc:397:parse_blif$15583_gate ($_MUX_): \register[14]_gate [24] -> \register[14] [24]
Changing input A of cell $abc$15168$auto$blifparse.cc:397:parse_blif$15585_gate ($_ORNOT_): \register[15]_gate [24] -> \register[15] [24]
Changing input B of cell $abc$15168$auto$blifparse.cc:397:parse_blif$15586_gate ($_OR_): \register[11]_gate [24] -> \register[11] [24]
Changing input A of cell $abc$15168$auto$blifparse.cc:397:parse_blif$15590_gate ($_ORNOT_): \register[13]_gate [24] -> \register[13] [24]
Changing input B of cell $abc$15168$auto$blifparse.cc:397:parse_blif$15591_gate ($_OR_): \register[9]_gate [24] -> \register[9] [24]
Changing input A of cell $abc$15168$auto$blifparse.cc:397:parse_blif$15594_gate ($_MUX_): \register[8]_gate [24] -> \register[8] [24]
Changing input B of cell $abc$15168$auto$blifparse.cc:397:parse_blif$15594_gate ($_MUX_): \register[12]_gate [24] -> \register[12] [24]
Changing input A of cell $abc$15168$auto$blifparse.cc:397:parse_blif$15600_gate ($_ORNOT_): \register[21]_gate [24] -> \register[21] [24]
Changing input B of cell $abc$15168$auto$blifparse.cc:397:parse_blif$15601_gate ($_OR_): \register[17]_gate [24] -> \register[17] [24]
Changing input A of cell $abc$15168$auto$blifparse.cc:397:parse_blif$15604_gate ($_MUX_): \register[16]_gate [24] -> \register[16] [24]
Changing input B of cell $abc$15168$auto$blifparse.cc:397:parse_blif$15604_gate ($_MUX_): \register[20]_gate [24] -> \register[20] [24]
Changing input A of cell $abc$15168$auto$blifparse.cc:397:parse_blif$15608_gate ($_ORNOT_): \register[23]_gate [24] -> \register[23] [24]
Changing input B of cell $abc$15168$auto$blifparse.cc:397:parse_blif$15609_gate ($_OR_): \register[19]_gate [24] -> \register[19] [24]
Changing input A of cell $abc$15168$auto$blifparse.cc:397:parse_blif$15612_gate ($_ORNOT_): \register[22]_gate [24] -> \register[22] [24]
Changing input B of cell $abc$15168$auto$blifparse.cc:397:parse_blif$15613_gate ($_NOR_): \register[18]_gate [24] -> \register[18] [24]
Changing input B of cell $abc$15168$auto$blifparse.cc:397:parse_blif$15620_gate ($_OR_): \register[2]_gate [24] -> \register[2] [24]
Changing input B of cell $abc$15168$auto$blifparse.cc:397:parse_blif$15621_gate ($_ANDNOT_): \register[6]_gate [24] -> \register[6] [24]
Changing input A of cell $abc$15168$auto$blifparse.cc:397:parse_blif$15624_gate ($_ORNOT_): \register[7]_gate [24] -> \register[7] [24]
Changing input B of cell $abc$15168$auto$blifparse.cc:397:parse_blif$15625_gate ($_OR_): \register[3]_gate [24] -> \register[3] [24]
Changing input B of cell $abc$15168$auto$blifparse.cc:397:parse_blif$15629_gate ($_MUX_): \register[4]_gate [24] -> \register[4] [24]
Changing input A of cell $abc$15168$auto$blifparse.cc:397:parse_blif$15631_gate ($_ORNOT_): \register[5]_gate [24] -> \register[5] [24]
Changing input B of cell $abc$15168$auto$blifparse.cc:397:parse_blif$15632_gate ($_OR_): \register[1]_gate [24] -> \register[1] [24]
Changing input A of cell $abc$15168$auto$blifparse.cc:397:parse_blif$15640_gate ($_ORNOT_): \register[29]_gate [23] -> \register[29] [23]
Changing input B of cell $abc$15168$auto$blifparse.cc:397:parse_blif$15641_gate ($_OR_): \register[25]_gate [23] -> \register[25] [23]
Changing input A of cell $abc$15168$auto$blifparse.cc:397:parse_blif$15644_gate ($_MUX_): \register[24]_gate [23] -> \register[24] [23]
Changing input B of cell $abc$15168$auto$blifparse.cc:397:parse_blif$15644_gate ($_MUX_): \register[28]_gate [23] -> \register[28] [23]
Changing input A of cell $abc$15168$auto$blifparse.cc:397:parse_blif$15648_gate ($_MUX_): \register[26]_gate [23] -> \register[26] [23]
Changing input B of cell $abc$15168$auto$blifparse.cc:397:parse_blif$15648_gate ($_MUX_): \register[30]_gate [23] -> \register[30] [23]
Changing input A of cell $abc$15168$auto$blifparse.cc:397:parse_blif$15650_gate ($_ORNOT_): \register[31]_gate [23] -> \register[31] [23]
Changing input B of cell $abc$15168$auto$blifparse.cc:397:parse_blif$15651_gate ($_OR_): \register[27]_gate [23] -> \register[27] [23]
Changing input A of cell $abc$15168$auto$blifparse.cc:397:parse_blif$15658_gate ($_MUX_): \register[10]_gate [23] -> \register[10] [23]
Changing input B of cell $abc$15168$auto$blifparse.cc:397:parse_blif$15658_gate ($_MUX_): \register[14]_gate [23] -> \register[14] [23]
Changing input A of cell $abc$15168$auto$blifparse.cc:397:parse_blif$15660_gate ($_ORNOT_): \register[15]_gate [23] -> \register[15] [23]
Changing input B of cell $abc$15168$auto$blifparse.cc:397:parse_blif$15661_gate ($_OR_): \register[11]_gate [23] -> \register[11] [23]
Changing input A of cell $abc$15168$auto$blifparse.cc:397:parse_blif$15665_gate ($_ORNOT_): \register[13]_gate [23] -> \register[13] [23]
Changing input B of cell $abc$15168$auto$blifparse.cc:397:parse_blif$15666_gate ($_OR_): \register[9]_gate [23] -> \register[9] [23]
Changing input A of cell $abc$15168$auto$blifparse.cc:397:parse_blif$15669_gate ($_MUX_): \register[8]_gate [23] -> \register[8] [23]
Changing input B of cell $abc$15168$auto$blifparse.cc:397:parse_blif$15669_gate ($_MUX_): \register[12]_gate [23] -> \register[12] [23]
Changing input A of cell $abc$15168$auto$blifparse.cc:397:parse_blif$15675_gate ($_ORNOT_): \register[21]_gate [23] -> \register[21] [23]
Changing input B of cell $abc$15168$auto$blifparse.cc:397:parse_blif$15676_gate ($_OR_): \register[17]_gate [23] -> \register[17] [23]
Changing input A of cell $abc$15168$auto$blifparse.cc:397:parse_blif$15679_gate ($_MUX_): \register[16]_gate [23] -> \register[16] [23]
Changing input B of cell $abc$15168$auto$blifparse.cc:397:parse_blif$15679_gate ($_MUX_): \register[20]_gate [23] -> \register[20] [23]
Changing input A of cell $abc$15168$auto$blifparse.cc:397:parse_blif$15683_gate ($_ORNOT_): \register[23]_gate [23] -> \register[23] [23]
Changing input B of cell $abc$15168$auto$blifparse.cc:397:parse_blif$15684_gate ($_OR_): \register[19]_gate [23] -> \register[19] [23]
Changing input A of cell $abc$15168$auto$blifparse.cc:397:parse_blif$15687_gate ($_ORNOT_): \register[22]_gate [23] -> \register[22] [23]
Changing input B of cell $abc$15168$auto$blifparse.cc:397:parse_blif$15688_gate ($_NOR_): \register[18]_gate [23] -> \register[18] [23]
Changing input B of cell $abc$15168$auto$blifparse.cc:397:parse_blif$15695_gate ($_OR_): \register[2]_gate [23] -> \register[2] [23]
Changing input B of cell $abc$15168$auto$blifparse.cc:397:parse_blif$15696_gate ($_ANDNOT_): \register[6]_gate [23] -> \register[6] [23]
Changing input A of cell $abc$15168$auto$blifparse.cc:397:parse_blif$15699_gate ($_ORNOT_): \register[7]_gate [23] -> \register[7] [23]
Changing input B of cell $abc$15168$auto$blifparse.cc:397:parse_blif$15700_gate ($_OR_): \register[3]_gate [23] -> \register[3] [23]
Changing input B of cell $abc$15168$auto$blifparse.cc:397:parse_blif$15704_gate ($_MUX_): \register[4]_gate [23] -> \register[4] [23]
Changing input A of cell $abc$15168$auto$blifparse.cc:397:parse_blif$15706_gate ($_ORNOT_): \register[5]_gate [23] -> \register[5] [23]
Changing input B of cell $abc$15168$auto$blifparse.cc:397:parse_blif$15707_gate ($_OR_): \register[1]_gate [23] -> \register[1] [23]
Changing input A of cell $abc$15168$auto$blifparse.cc:397:parse_blif$15715_gate ($_ORNOT_): \register[7]_gate [22] -> \register[7] [22]
Changing input B of cell $abc$15168$auto$blifparse.cc:397:parse_blif$15716_gate ($_OR_): \register[3]_gate [22] -> \register[3] [22]
Changing input A of cell $abc$15168$auto$blifparse.cc:397:parse_blif$15719_gate ($_ORNOT_): \register[6]_gate [22] -> \register[6] [22]
Changing input B of cell $abc$15168$auto$blifparse.cc:397:parse_blif$15720_gate ($_NOR_): \register[2]_gate [22] -> \register[2] [22]
Changing input A of cell $abc$15168$auto$blifparse.cc:397:parse_blif$15724_gate ($_ORNOT_): \register[5]_gate [22] -> \register[5] [22]
Changing input B of cell $abc$15168$auto$blifparse.cc:397:parse_blif$15725_gate ($_OR_): \register[1]_gate [22] -> \register[1] [22]
Changing input B of cell $abc$15168$auto$blifparse.cc:397:parse_blif$15728_gate ($_MUX_): \register[4]_gate [22] -> \register[4] [22]
Changing input A of cell $abc$15168$auto$blifparse.cc:397:parse_blif$15732_gate ($_MUX_): \register[19]_gate [22] -> \register[19] [22]
Changing input B of cell $abc$15168$auto$blifparse.cc:397:parse_blif$15732_gate ($_MUX_): \register[23]_gate [22] -> \register[23] [22]
Changing input A of cell $abc$15168$auto$blifparse.cc:397:parse_blif$15733_gate ($_MUX_): \register[17]_gate [22] -> \register[17] [22]
Changing input B of cell $abc$15168$auto$blifparse.cc:397:parse_blif$15733_gate ($_MUX_): \register[21]_gate [22] -> \register[21] [22]
Changing input A of cell $abc$15168$auto$blifparse.cc:397:parse_blif$15735_gate ($_MUX_): \register[18]_gate [22] -> \register[18] [22]
Changing input B of cell $abc$15168$auto$blifparse.cc:397:parse_blif$15735_gate ($_MUX_): \register[22]_gate [22] -> \register[22] [22]
Changing input A of cell $abc$15168$auto$blifparse.cc:397:parse_blif$15736_gate ($_MUX_): \register[16]_gate [22] -> \register[16] [22]
Changing input B of cell $abc$15168$auto$blifparse.cc:397:parse_blif$15736_gate ($_MUX_): \register[20]_gate [22] -> \register[20] [22]
Changing input A of cell $abc$15168$auto$blifparse.cc:397:parse_blif$15740_gate ($_ORNOT_): \register[29]_gate [22] -> \register[29] [22]
Changing input B of cell $abc$15168$auto$blifparse.cc:397:parse_blif$15741_gate ($_OR_): \register[25]_gate [22] -> \register[25] [22]
Changing input A of cell $abc$15168$auto$blifparse.cc:397:parse_blif$15744_gate ($_MUX_): \register[24]_gate [22] -> \register[24] [22]
Changing input B of cell $abc$15168$auto$blifparse.cc:397:parse_blif$15744_gate ($_MUX_): \register[28]_gate [22] -> \register[28] [22]
Changing input A of cell $abc$15168$auto$blifparse.cc:397:parse_blif$15748_gate ($_MUX_): \register[26]_gate [22] -> \register[26] [22]
Changing input B of cell $abc$15168$auto$blifparse.cc:397:parse_blif$15748_gate ($_MUX_): \register[30]_gate [22] -> \register[30] [22]
Changing input A of cell $abc$15168$auto$blifparse.cc:397:parse_blif$15750_gate ($_ORNOT_): \register[31]_gate [22] -> \register[31] [22]
Changing input B of cell $abc$15168$auto$blifparse.cc:397:parse_blif$15751_gate ($_OR_): \register[27]_gate [22] -> \register[27] [22]
Changing input A of cell $abc$15168$auto$blifparse.cc:397:parse_blif$15758_gate ($_MUX_): \register[10]_gate [22] -> \register[10] [22]
Changing input B of cell $abc$15168$auto$blifparse.cc:397:parse_blif$15758_gate ($_MUX_): \register[14]_gate [22] -> \register[14] [22]
Changing input A of cell $abc$15168$auto$blifparse.cc:397:parse_blif$15760_gate ($_ORNOT_): \register[15]_gate [22] -> \register[15] [22]
Changing input B of cell $abc$15168$auto$blifparse.cc:397:parse_blif$15761_gate ($_OR_): \register[11]_gate [22] -> \register[11] [22]
Changing input A of cell $abc$15168$auto$blifparse.cc:397:parse_blif$15766_gate ($_ORNOT_): \register[13]_gate [22] -> \register[13] [22]
Changing input B of cell $abc$15168$auto$blifparse.cc:397:parse_blif$15767_gate ($_OR_): \register[9]_gate [22] -> \register[9] [22]
Changing input A of cell $abc$15168$auto$blifparse.cc:397:parse_blif$15770_gate ($_MUX_): \register[8]_gate [22] -> \register[8] [22]
Changing input B of cell $abc$15168$auto$blifparse.cc:397:parse_blif$15770_gate ($_MUX_): \register[12]_gate [22] -> \register[12] [22]
Changing input A of cell $abc$15168$auto$blifparse.cc:397:parse_blif$15778_gate ($_ORNOT_): \register[29]_gate [21] -> \register[29] [21]
Changing input B of cell $abc$15168$auto$blifparse.cc:397:parse_blif$15779_gate ($_OR_): \register[25]_gate [21] -> \register[25] [21]
Changing input A of cell $abc$15168$auto$blifparse.cc:397:parse_blif$15782_gate ($_MUX_): \register[24]_gate [21] -> \register[24] [21]
Changing input B of cell $abc$15168$auto$blifparse.cc:397:parse_blif$15782_gate ($_MUX_): \register[28]_gate [21] -> \register[28] [21]
Changing input A of cell $abc$15168$auto$blifparse.cc:397:parse_blif$15786_gate ($_MUX_): \register[26]_gate [21] -> \register[26] [21]
Changing input B of cell $abc$15168$auto$blifparse.cc:397:parse_blif$15786_gate ($_MUX_): \register[30]_gate [21] -> \register[30] [21]
Changing input A of cell $abc$15168$auto$blifparse.cc:397:parse_blif$15788_gate ($_ORNOT_): \register[31]_gate [21] -> \register[31] [21]
Changing input B of cell $abc$15168$auto$blifparse.cc:397:parse_blif$15789_gate ($_OR_): \register[27]_gate [21] -> \register[27] [21]
Changing input A of cell $abc$15168$auto$blifparse.cc:397:parse_blif$15796_gate ($_MUX_): \register[10]_gate [21] -> \register[10] [21]
Changing input B of cell $abc$15168$auto$blifparse.cc:397:parse_blif$15796_gate ($_MUX_): \register[14]_gate [21] -> \register[14] [21]
Changing input A of cell $abc$15168$auto$blifparse.cc:397:parse_blif$15798_gate ($_ORNOT_): \register[15]_gate [21] -> \register[15] [21]
Changing input B of cell $abc$15168$auto$blifparse.cc:397:parse_blif$15799_gate ($_OR_): \register[11]_gate [21] -> \register[11] [21]
Changing input A of cell $abc$15168$auto$blifparse.cc:397:parse_blif$15803_gate ($_ORNOT_): \register[13]_gate [21] -> \register[13] [21]
Changing input B of cell $abc$15168$auto$blifparse.cc:397:parse_blif$15804_gate ($_OR_): \register[9]_gate [21] -> \register[9] [21]
Changing input A of cell $abc$15168$auto$blifparse.cc:397:parse_blif$15807_gate ($_MUX_): \register[8]_gate [21] -> \register[8] [21]
Changing input B of cell $abc$15168$auto$blifparse.cc:397:parse_blif$15807_gate ($_MUX_): \register[12]_gate [21] -> \register[12] [21]
Changing input A of cell $abc$15168$auto$blifparse.cc:397:parse_blif$15813_gate ($_ORNOT_): \register[21]_gate [21] -> \register[21] [21]
Changing input B of cell $abc$15168$auto$blifparse.cc:397:parse_blif$15814_gate ($_OR_): \register[17]_gate [21] -> \register[17] [21]
Changing input A of cell $abc$15168$auto$blifparse.cc:397:parse_blif$15817_gate ($_MUX_): \register[16]_gate [21] -> \register[16] [21]
Changing input B of cell $abc$15168$auto$blifparse.cc:397:parse_blif$15817_gate ($_MUX_): \register[20]_gate [21] -> \register[20] [21]
Changing input A of cell $abc$15168$auto$blifparse.cc:397:parse_blif$15821_gate ($_ORNOT_): \register[23]_gate [21] -> \register[23] [21]
Changing input B of cell $abc$15168$auto$blifparse.cc:397:parse_blif$15822_gate ($_OR_): \register[19]_gate [21] -> \register[19] [21]
Changing input A of cell $abc$15168$auto$blifparse.cc:397:parse_blif$15825_gate ($_ORNOT_): \register[22]_gate [21] -> \register[22] [21]
Changing input B of cell $abc$15168$auto$blifparse.cc:397:parse_blif$15826_gate ($_NOR_): \register[18]_gate [21] -> \register[18] [21]
Changing input B of cell $abc$15168$auto$blifparse.cc:397:parse_blif$15833_gate ($_OR_): \register[2]_gate [21] -> \register[2] [21]
Changing input B of cell $abc$15168$auto$blifparse.cc:397:parse_blif$15834_gate ($_ANDNOT_): \register[6]_gate [21] -> \register[6] [21]
Changing input A of cell $abc$15168$auto$blifparse.cc:397:parse_blif$15837_gate ($_ORNOT_): \register[7]_gate [21] -> \register[7] [21]
Changing input B of cell $abc$15168$auto$blifparse.cc:397:parse_blif$15838_gate ($_OR_): \register[3]_gate [21] -> \register[3] [21]
Changing input B of cell $abc$15168$auto$blifparse.cc:397:parse_blif$15842_gate ($_MUX_): \register[4]_gate [21] -> \register[4] [21]
Changing input A of cell $abc$15168$auto$blifparse.cc:397:parse_blif$15844_gate ($_ORNOT_): \register[5]_gate [21] -> \register[5] [21]
Changing input B of cell $abc$15168$auto$blifparse.cc:397:parse_blif$15845_gate ($_OR_): \register[1]_gate [21] -> \register[1] [21]
Changing input A of cell $abc$15168$auto$blifparse.cc:397:parse_blif$15853_gate ($_ORNOT_): \register[7]_gate [20] -> \register[7] [20]
Changing input B of cell $abc$15168$auto$blifparse.cc:397:parse_blif$15854_gate ($_OR_): \register[3]_gate [20] -> \register[3] [20]
Changing input A of cell $abc$15168$auto$blifparse.cc:397:parse_blif$15857_gate ($_ORNOT_): \register[6]_gate [20] -> \register[6] [20]
Changing input B of cell $abc$15168$auto$blifparse.cc:397:parse_blif$15858_gate ($_NOR_): \register[2]_gate [20] -> \register[2] [20]
Changing input A of cell $abc$15168$auto$blifparse.cc:397:parse_blif$15862_gate ($_ORNOT_): \register[5]_gate [20] -> \register[5] [20]
Changing input B of cell $abc$15168$auto$blifparse.cc:397:parse_blif$15863_gate ($_OR_): \register[1]_gate [20] -> \register[1] [20]
Changing input B of cell $abc$15168$auto$blifparse.cc:397:parse_blif$15866_gate ($_MUX_): \register[4]_gate [20] -> \register[4] [20]
Changing input A of cell $abc$15168$auto$blifparse.cc:397:parse_blif$15870_gate ($_MUX_): \register[19]_gate [20] -> \register[19] [20]
Changing input B of cell $abc$15168$auto$blifparse.cc:397:parse_blif$15870_gate ($_MUX_): \register[23]_gate [20] -> \register[23] [20]
Changing input A of cell $abc$15168$auto$blifparse.cc:397:parse_blif$15871_gate ($_MUX_): \register[17]_gate [20] -> \register[17] [20]
Changing input B of cell $abc$15168$auto$blifparse.cc:397:parse_blif$15871_gate ($_MUX_): \register[21]_gate [20] -> \register[21] [20]
Changing input A of cell $abc$15168$auto$blifparse.cc:397:parse_blif$15873_gate ($_MUX_): \register[18]_gate [20] -> \register[18] [20]
Changing input B of cell $abc$15168$auto$blifparse.cc:397:parse_blif$15873_gate ($_MUX_): \register[22]_gate [20] -> \register[22] [20]
Changing input A of cell $abc$15168$auto$blifparse.cc:397:parse_blif$15874_gate ($_MUX_): \register[16]_gate [20] -> \register[16] [20]
Changing input B of cell $abc$15168$auto$blifparse.cc:397:parse_blif$15874_gate ($_MUX_): \register[20]_gate [20] -> \register[20] [20]
Changing input A of cell $abc$15168$auto$blifparse.cc:397:parse_blif$15878_gate ($_ORNOT_): \register[29]_gate [20] -> \register[29] [20]
Changing input B of cell $abc$15168$auto$blifparse.cc:397:parse_blif$15879_gate ($_OR_): \register[25]_gate [20] -> \register[25] [20]
Changing input A of cell $abc$15168$auto$blifparse.cc:397:parse_blif$15882_gate ($_MUX_): \register[24]_gate [20] -> \register[24] [20]
Changing input B of cell $abc$15168$auto$blifparse.cc:397:parse_blif$15882_gate ($_MUX_): \register[28]_gate [20] -> \register[28] [20]
Changing input A of cell $abc$15168$auto$blifparse.cc:397:parse_blif$15886_gate ($_MUX_): \register[26]_gate [20] -> \register[26] [20]
Changing input B of cell $abc$15168$auto$blifparse.cc:397:parse_blif$15886_gate ($_MUX_): \register[30]_gate [20] -> \register[30] [20]
Changing input A of cell $abc$15168$auto$blifparse.cc:397:parse_blif$15888_gate ($_ORNOT_): \register[31]_gate [20] -> \register[31] [20]
Changing input B of cell $abc$15168$auto$blifparse.cc:397:parse_blif$15889_gate ($_OR_): \register[27]_gate [20] -> \register[27] [20]
Changing input A of cell $abc$15168$auto$blifparse.cc:397:parse_blif$15896_gate ($_MUX_): \register[10]_gate [20] -> \register[10] [20]
Changing input B of cell $abc$15168$auto$blifparse.cc:397:parse_blif$15896_gate ($_MUX_): \register[14]_gate [20] -> \register[14] [20]
Changing input A of cell $abc$15168$auto$blifparse.cc:397:parse_blif$15898_gate ($_ORNOT_): \register[15]_gate [20] -> \register[15] [20]
Changing input B of cell $abc$15168$auto$blifparse.cc:397:parse_blif$15899_gate ($_OR_): \register[11]_gate [20] -> \register[11] [20]
Changing input A of cell $abc$15168$auto$blifparse.cc:397:parse_blif$15903_gate ($_ORNOT_): \register[13]_gate [20] -> \register[13] [20]
Changing input B of cell $abc$15168$auto$blifparse.cc:397:parse_blif$15904_gate ($_OR_): \register[9]_gate [20] -> \register[9] [20]
Changing input A of cell $abc$15168$auto$blifparse.cc:397:parse_blif$15907_gate ($_MUX_): \register[8]_gate [20] -> \register[8] [20]
Changing input B of cell $abc$15168$auto$blifparse.cc:397:parse_blif$15907_gate ($_MUX_): \register[12]_gate [20] -> \register[12] [20]
Changing input A of cell $abc$15168$auto$blifparse.cc:397:parse_blif$15914_gate ($_ORNOT_): \register[29]_gate [19] -> \register[29] [19]
Changing input B of cell $abc$15168$auto$blifparse.cc:397:parse_blif$15915_gate ($_OR_): \register[25]_gate [19] -> \register[25] [19]
Changing input A of cell $abc$15168$auto$blifparse.cc:397:parse_blif$15918_gate ($_MUX_): \register[24]_gate [19] -> \register[24] [19]
Changing input B of cell $abc$15168$auto$blifparse.cc:397:parse_blif$15918_gate ($_MUX_): \register[28]_gate [19] -> \register[28] [19]
Changing input A of cell $abc$15168$auto$blifparse.cc:397:parse_blif$15922_gate ($_MUX_): \register[26]_gate [19] -> \register[26] [19]
Changing input B of cell $abc$15168$auto$blifparse.cc:397:parse_blif$15922_gate ($_MUX_): \register[30]_gate [19] -> \register[30] [19]
Changing input A of cell $abc$15168$auto$blifparse.cc:397:parse_blif$15924_gate ($_ORNOT_): \register[31]_gate [19] -> \register[31] [19]
Changing input B of cell $abc$15168$auto$blifparse.cc:397:parse_blif$15925_gate ($_OR_): \register[27]_gate [19] -> \register[27] [19]
Changing input A of cell $abc$15168$auto$blifparse.cc:397:parse_blif$15932_gate ($_MUX_): \register[10]_gate [19] -> \register[10] [19]
Changing input B of cell $abc$15168$auto$blifparse.cc:397:parse_blif$15932_gate ($_MUX_): \register[14]_gate [19] -> \register[14] [19]
Changing input A of cell $abc$15168$auto$blifparse.cc:397:parse_blif$15934_gate ($_ORNOT_): \register[15]_gate [19] -> \register[15] [19]
Changing input B of cell $abc$15168$auto$blifparse.cc:397:parse_blif$15935_gate ($_OR_): \register[11]_gate [19] -> \register[11] [19]
Changing input A of cell $abc$15168$auto$blifparse.cc:397:parse_blif$15940_gate ($_ORNOT_): \register[13]_gate [19] -> \register[13] [19]
Changing input B of cell $abc$15168$auto$blifparse.cc:397:parse_blif$15941_gate ($_OR_): \register[9]_gate [19] -> \register[9] [19]
Changing input A of cell $abc$15168$auto$blifparse.cc:397:parse_blif$15944_gate ($_MUX_): \register[8]_gate [19] -> \register[8] [19]
Changing input B of cell $abc$15168$auto$blifparse.cc:397:parse_blif$15944_gate ($_MUX_): \register[12]_gate [19] -> \register[12] [19]
Changing input A of cell $abc$15168$auto$blifparse.cc:397:parse_blif$15951_gate ($_ORNOT_): \register[21]_gate [19] -> \register[21] [19]
Changing input B of cell $abc$15168$auto$blifparse.cc:397:parse_blif$15952_gate ($_OR_): \register[17]_gate [19] -> \register[17] [19]
Changing input A of cell $abc$15168$auto$blifparse.cc:397:parse_blif$15955_gate ($_MUX_): \register[16]_gate [19] -> \register[16] [19]
Changing input B of cell $abc$15168$auto$blifparse.cc:397:parse_blif$15955_gate ($_MUX_): \register[20]_gate [19] -> \register[20] [19]
Changing input A of cell $abc$15168$auto$blifparse.cc:397:parse_blif$15959_gate ($_ORNOT_): \register[23]_gate [19] -> \register[23] [19]
Changing input B of cell $abc$15168$auto$blifparse.cc:397:parse_blif$15960_gate ($_OR_): \register[19]_gate [19] -> \register[19] [19]
Changing input A of cell $abc$15168$auto$blifparse.cc:397:parse_blif$15963_gate ($_ORNOT_): \register[22]_gate [19] -> \register[22] [19]
Changing input B of cell $abc$15168$auto$blifparse.cc:397:parse_blif$15964_gate ($_NOR_): \register[18]_gate [19] -> \register[18] [19]
Changing input B of cell $abc$15168$auto$blifparse.cc:397:parse_blif$15971_gate ($_OR_): \register[2]_gate [19] -> \register[2] [19]
Changing input B of cell $abc$15168$auto$blifparse.cc:397:parse_blif$15972_gate ($_ANDNOT_): \register[6]_gate [19] -> \register[6] [19]
Changing input A of cell $abc$15168$auto$blifparse.cc:397:parse_blif$15975_gate ($_ORNOT_): \register[7]_gate [19] -> \register[7] [19]
Changing input B of cell $abc$15168$auto$blifparse.cc:397:parse_blif$15976_gate ($_OR_): \register[3]_gate [19] -> \register[3] [19]
Changing input B of cell $abc$15168$auto$blifparse.cc:397:parse_blif$15980_gate ($_MUX_): \register[4]_gate [19] -> \register[4] [19]
Changing input A of cell $abc$15168$auto$blifparse.cc:397:parse_blif$15982_gate ($_ORNOT_): \register[5]_gate [19] -> \register[5] [19]
Changing input B of cell $abc$15168$auto$blifparse.cc:397:parse_blif$15983_gate ($_OR_): \register[1]_gate [19] -> \register[1] [19]
Changing input A of cell $abc$15168$auto$blifparse.cc:397:parse_blif$15991_gate ($_MUX_): \register[10]_gate [18] -> \register[10] [18]
Changing input B of cell $abc$15168$auto$blifparse.cc:397:parse_blif$15991_gate ($_MUX_): \register[14]_gate [18] -> \register[14] [18]
Changing input A of cell $abc$15168$auto$blifparse.cc:397:parse_blif$15993_gate ($_MUX_): \register[11]_gate [18] -> \register[11] [18]
Changing input B of cell $abc$15168$auto$blifparse.cc:397:parse_blif$15993_gate ($_MUX_): \register[15]_gate [18] -> \register[15] [18]
Changing input A of cell $abc$15168$auto$blifparse.cc:397:parse_blif$15997_gate ($_NAND_): \register[31]_gate [18] -> \register[31] [18]
Changing input B of cell $abc$15168$auto$blifparse.cc:397:parse_blif$15998_gate ($_ORNOT_): \register[27]_gate [18] -> \register[27] [18]
Changing input A of cell $abc$15168$auto$blifparse.cc:397:parse_blif$16001_gate ($_NAND_): \register[30]_gate [18] -> \register[30] [18]
Changing input A of cell $abc$15168$auto$blifparse.cc:397:parse_blif$16002_gate ($_ANDNOT_): \register[26]_gate [18] -> \register[26] [18]
Changing input A of cell $abc$15168$auto$blifparse.cc:397:parse_blif$16008_gate ($_MUX_): \register[25]_gate [18] -> \register[25] [18]
Changing input B of cell $abc$15168$auto$blifparse.cc:397:parse_blif$16008_gate ($_MUX_): \register[29]_gate [18] -> \register[29] [18]
Changing input A of cell $abc$15168$auto$blifparse.cc:397:parse_blif$16009_gate ($_MUX_): \register[24]_gate [18] -> \register[24] [18]
Changing input B of cell $abc$15168$auto$blifparse.cc:397:parse_blif$16009_gate ($_MUX_): \register[28]_gate [18] -> \register[28] [18]
Changing input A of cell $abc$15168$auto$blifparse.cc:397:parse_blif$16011_gate ($_MUX_): \register[8]_gate [18] -> \register[8] [18]
Changing input B of cell $abc$15168$auto$blifparse.cc:397:parse_blif$16011_gate ($_MUX_): \register[12]_gate [18] -> \register[12] [18]
Changing input A of cell $abc$15168$auto$blifparse.cc:397:parse_blif$16013_gate ($_ORNOT_): \register[13]_gate [18] -> \register[13] [18]
Changing input B of cell $abc$15168$auto$blifparse.cc:397:parse_blif$16014_gate ($_OR_): \register[9]_gate [18] -> \register[9] [18]
Changing input A of cell $abc$15168$auto$blifparse.cc:397:parse_blif$16020_gate ($_MUX_): \register[2]_gate [18] -> \register[2] [18]
Changing input B of cell $abc$15168$auto$blifparse.cc:397:parse_blif$16020_gate ($_MUX_): \register[6]_gate [18] -> \register[6] [18]
Changing input A of cell $abc$15168$auto$blifparse.cc:397:parse_blif$16022_gate ($_MUX_): \register[3]_gate [18] -> \register[3] [18]
Changing input B of cell $abc$15168$auto$blifparse.cc:397:parse_blif$16022_gate ($_MUX_): \register[7]_gate [18] -> \register[7] [18]
Changing input B of cell $abc$15168$auto$blifparse.cc:397:parse_blif$16026_gate ($_NAND_): \register[23]_gate [18] -> \register[23] [18]
Changing input B of cell $abc$15168$auto$blifparse.cc:397:parse_blif$16027_gate ($_ORNOT_): \register[19]_gate [18] -> \register[19] [18]
Changing input B of cell $abc$15168$auto$blifparse.cc:397:parse_blif$16030_gate ($_ORNOT_): \register[18]_gate [18] -> \register[18] [18]
Changing input B of cell $abc$15168$auto$blifparse.cc:397:parse_blif$16031_gate ($_AND_): \register[22]_gate [18] -> \register[22] [18]
Changing input A of cell $abc$15168$auto$blifparse.cc:397:parse_blif$16037_gate ($_MUX_): \register[17]_gate [18] -> \register[17] [18]
Changing input B of cell $abc$15168$auto$blifparse.cc:397:parse_blif$16037_gate ($_MUX_): \register[21]_gate [18] -> \register[21] [18]
Changing input A of cell $abc$15168$auto$blifparse.cc:397:parse_blif$16038_gate ($_MUX_): \register[16]_gate [18] -> \register[16] [18]
Changing input B of cell $abc$15168$auto$blifparse.cc:397:parse_blif$16038_gate ($_MUX_): \register[20]_gate [18] -> \register[20] [18]
Changing input B of cell $abc$15168$auto$blifparse.cc:397:parse_blif$16040_gate ($_MUX_): \register[4]_gate [18] -> \register[4] [18]
Changing input A of cell $abc$15168$auto$blifparse.cc:397:parse_blif$16041_gate ($_MUX_): \register[1]_gate [18] -> \register[1] [18]
Changing input B of cell $abc$15168$auto$blifparse.cc:397:parse_blif$16041_gate ($_MUX_): \register[5]_gate [18] -> \register[5] [18]
Changing input A of cell $abc$15168$auto$blifparse.cc:397:parse_blif$16046_gate ($_MUX_): \register[25]_gate [17] -> \register[25] [17]
Changing input B of cell $abc$15168$auto$blifparse.cc:397:parse_blif$16046_gate ($_MUX_): \register[29]_gate [17] -> \register[29] [17]
Changing input A of cell $abc$15168$auto$blifparse.cc:397:parse_blif$16047_gate ($_MUX_): \register[24]_gate [17] -> \register[24] [17]
Changing input B of cell $abc$15168$auto$blifparse.cc:397:parse_blif$16047_gate ($_MUX_): \register[28]_gate [17] -> \register[28] [17]
Changing input A of cell $abc$15168$auto$blifparse.cc:397:parse_blif$16049_gate ($_MUX_): \register[17]_gate [17] -> \register[17] [17]
Changing input B of cell $abc$15168$auto$blifparse.cc:397:parse_blif$16049_gate ($_MUX_): \register[21]_gate [17] -> \register[21] [17]
Changing input A of cell $abc$15168$auto$blifparse.cc:397:parse_blif$16050_gate ($_MUX_): \register[16]_gate [17] -> \register[16] [17]
Changing input B of cell $abc$15168$auto$blifparse.cc:397:parse_blif$16050_gate ($_MUX_): \register[20]_gate [17] -> \register[20] [17]
Changing input A of cell $abc$15168$auto$blifparse.cc:397:parse_blif$16052_gate ($_MUX_): \register[3]_gate [17] -> \register[3] [17]
Changing input B of cell $abc$15168$auto$blifparse.cc:397:parse_blif$16052_gate ($_MUX_): \register[7]_gate [17] -> \register[7] [17]
Changing input A of cell $abc$15168$auto$blifparse.cc:397:parse_blif$16053_gate ($_MUX_): \register[2]_gate [17] -> \register[2] [17]
Changing input B of cell $abc$15168$auto$blifparse.cc:397:parse_blif$16053_gate ($_MUX_): \register[6]_gate [17] -> \register[6] [17]
Changing input A of cell $abc$15168$auto$blifparse.cc:397:parse_blif$16054_gate ($_MUX_): \register[8]_gate [17] -> \register[8] [17]
Changing input B of cell $abc$15168$auto$blifparse.cc:397:parse_blif$16054_gate ($_MUX_): \register[12]_gate [17] -> \register[12] [17]
Changing input A of cell $abc$15168$auto$blifparse.cc:397:parse_blif$16055_gate ($_MUX_): \register[9]_gate [17] -> \register[9] [17]
Changing input B of cell $abc$15168$auto$blifparse.cc:397:parse_blif$16055_gate ($_MUX_): \register[13]_gate [17] -> \register[13] [17]
Changing input A of cell $abc$15168$auto$blifparse.cc:397:parse_blif$16057_gate ($_MUX_): \register[1]_gate [17] -> \register[1] [17]
Changing input B of cell $abc$15168$auto$blifparse.cc:397:parse_blif$16057_gate ($_MUX_): \register[5]_gate [17] -> \register[5] [17]
Changing input B of cell $abc$15168$auto$blifparse.cc:397:parse_blif$16058_gate ($_MUX_): \register[4]_gate [17] -> \register[4] [17]
Changing input A of cell $abc$15168$auto$blifparse.cc:397:parse_blif$16061_gate ($_ORNOT_): \register[31]_gate [17] -> \register[31] [17]
Changing input B of cell $abc$15168$auto$blifparse.cc:397:parse_blif$16062_gate ($_OR_): \register[27]_gate [17] -> \register[27] [17]
Changing input A of cell $abc$15168$auto$blifparse.cc:397:parse_blif$16065_gate ($_MUX_): \register[26]_gate [17] -> \register[26] [17]
Changing input B of cell $abc$15168$auto$blifparse.cc:397:parse_blif$16065_gate ($_MUX_): \register[30]_gate [17] -> \register[30] [17]
Changing input A of cell $abc$15168$auto$blifparse.cc:397:parse_blif$16069_gate ($_ORNOT_): \register[23]_gate [17] -> \register[23] [17]
Changing input B of cell $abc$15168$auto$blifparse.cc:397:parse_blif$16070_gate ($_OR_): \register[19]_gate [17] -> \register[19] [17]
Changing input A of cell $abc$15168$auto$blifparse.cc:397:parse_blif$16073_gate ($_ORNOT_): \register[22]_gate [17] -> \register[22] [17]
Changing input B of cell $abc$15168$auto$blifparse.cc:397:parse_blif$16074_gate ($_NOR_): \register[18]_gate [17] -> \register[18] [17]
Changing input A of cell $abc$15168$auto$blifparse.cc:397:parse_blif$16083_gate ($_ORNOT_): \register[15]_gate [17] -> \register[15] [17]
Changing input B of cell $abc$15168$auto$blifparse.cc:397:parse_blif$16084_gate ($_OR_): \register[11]_gate [17] -> \register[11] [17]
Changing input A of cell $abc$15168$auto$blifparse.cc:397:parse_blif$16087_gate ($_MUX_): \register[10]_gate [17] -> \register[10] [17]
Changing input B of cell $abc$15168$auto$blifparse.cc:397:parse_blif$16087_gate ($_MUX_): \register[14]_gate [17] -> \register[14] [17]
Changing input A of cell $abc$15168$auto$blifparse.cc:397:parse_blif$16101_gate ($_ORNOT_): \register[29]_gate [16] -> \register[29] [16]
Changing input B of cell $abc$15168$auto$blifparse.cc:397:parse_blif$16102_gate ($_OR_): \register[25]_gate [16] -> \register[25] [16]
Changing input A of cell $abc$15168$auto$blifparse.cc:397:parse_blif$16105_gate ($_MUX_): \register[24]_gate [16] -> \register[24] [16]
Changing input B of cell $abc$15168$auto$blifparse.cc:397:parse_blif$16105_gate ($_MUX_): \register[28]_gate [16] -> \register[28] [16]
Changing input A of cell $abc$15168$auto$blifparse.cc:397:parse_blif$16109_gate ($_MUX_): \register[26]_gate [16] -> \register[26] [16]
Changing input B of cell $abc$15168$auto$blifparse.cc:397:parse_blif$16109_gate ($_MUX_): \register[30]_gate [16] -> \register[30] [16]
Changing input A of cell $abc$15168$auto$blifparse.cc:397:parse_blif$16111_gate ($_ORNOT_): \register[31]_gate [16] -> \register[31] [16]
Changing input B of cell $abc$15168$auto$blifparse.cc:397:parse_blif$16112_gate ($_OR_): \register[27]_gate [16] -> \register[27] [16]
Changing input A of cell $abc$15168$auto$blifparse.cc:397:parse_blif$16119_gate ($_MUX_): \register[10]_gate [16] -> \register[10] [16]
Changing input B of cell $abc$15168$auto$blifparse.cc:397:parse_blif$16119_gate ($_MUX_): \register[14]_gate [16] -> \register[14] [16]
Changing input A of cell $abc$15168$auto$blifparse.cc:397:parse_blif$16121_gate ($_ORNOT_): \register[15]_gate [16] -> \register[15] [16]
Changing input B of cell $abc$15168$auto$blifparse.cc:397:parse_blif$16122_gate ($_OR_): \register[11]_gate [16] -> \register[11] [16]
Changing input A of cell $abc$15168$auto$blifparse.cc:397:parse_blif$16126_gate ($_ORNOT_): \register[13]_gate [16] -> \register[13] [16]
Changing input B of cell $abc$15168$auto$blifparse.cc:397:parse_blif$16127_gate ($_OR_): \register[9]_gate [16] -> \register[9] [16]
Changing input A of cell $abc$15168$auto$blifparse.cc:397:parse_blif$16130_gate ($_MUX_): \register[8]_gate [16] -> \register[8] [16]
Changing input B of cell $abc$15168$auto$blifparse.cc:397:parse_blif$16130_gate ($_MUX_): \register[12]_gate [16] -> \register[12] [16]
Changing input A of cell $abc$15168$auto$blifparse.cc:397:parse_blif$16136_gate ($_ORNOT_): \register[21]_gate [16] -> \register[21] [16]
Changing input B of cell $abc$15168$auto$blifparse.cc:397:parse_blif$16137_gate ($_OR_): \register[17]_gate [16] -> \register[17] [16]
Changing input A of cell $abc$15168$auto$blifparse.cc:397:parse_blif$16140_gate ($_MUX_): \register[16]_gate [16] -> \register[16] [16]
Changing input B of cell $abc$15168$auto$blifparse.cc:397:parse_blif$16140_gate ($_MUX_): \register[20]_gate [16] -> \register[20] [16]
Changing input A of cell $abc$15168$auto$blifparse.cc:397:parse_blif$16144_gate ($_ORNOT_): \register[23]_gate [16] -> \register[23] [16]
Changing input B of cell $abc$15168$auto$blifparse.cc:397:parse_blif$16145_gate ($_OR_): \register[19]_gate [16] -> \register[19] [16]
Changing input A of cell $abc$15168$auto$blifparse.cc:397:parse_blif$16148_gate ($_ORNOT_): \register[22]_gate [16] -> \register[22] [16]
Changing input B of cell $abc$15168$auto$blifparse.cc:397:parse_blif$16149_gate ($_NOR_): \register[18]_gate [16] -> \register[18] [16]
Changing input B of cell $abc$15168$auto$blifparse.cc:397:parse_blif$16156_gate ($_OR_): \register[2]_gate [16] -> \register[2] [16]
Changing input B of cell $abc$15168$auto$blifparse.cc:397:parse_blif$16157_gate ($_ANDNOT_): \register[6]_gate [16] -> \register[6] [16]
Changing input A of cell $abc$15168$auto$blifparse.cc:397:parse_blif$16160_gate ($_ORNOT_): \register[7]_gate [16] -> \register[7] [16]
Changing input B of cell $abc$15168$auto$blifparse.cc:397:parse_blif$16161_gate ($_OR_): \register[3]_gate [16] -> \register[3] [16]
Changing input B of cell $abc$15168$auto$blifparse.cc:397:parse_blif$16165_gate ($_MUX_): \register[4]_gate [16] -> \register[4] [16]
Changing input A of cell $abc$15168$auto$blifparse.cc:397:parse_blif$16167_gate ($_ORNOT_): \register[5]_gate [16] -> \register[5] [16]
Changing input B of cell $abc$15168$auto$blifparse.cc:397:parse_blif$16168_gate ($_OR_): \register[1]_gate [16] -> \register[1] [16]
Changing input A of cell $abc$15168$auto$blifparse.cc:397:parse_blif$16176_gate ($_ORNOT_): \register[29]_gate [15] -> \register[29] [15]
Changing input B of cell $abc$15168$auto$blifparse.cc:397:parse_blif$16177_gate ($_OR_): \register[25]_gate [15] -> \register[25] [15]
Changing input A of cell $abc$15168$auto$blifparse.cc:397:parse_blif$16180_gate ($_MUX_): \register[24]_gate [15] -> \register[24] [15]
Changing input B of cell $abc$15168$auto$blifparse.cc:397:parse_blif$16180_gate ($_MUX_): \register[28]_gate [15] -> \register[28] [15]
Changing input A of cell $abc$15168$auto$blifparse.cc:397:parse_blif$16184_gate ($_MUX_): \register[26]_gate [15] -> \register[26] [15]
Changing input B of cell $abc$15168$auto$blifparse.cc:397:parse_blif$16184_gate ($_MUX_): \register[30]_gate [15] -> \register[30] [15]
Changing input A of cell $abc$15168$auto$blifparse.cc:397:parse_blif$16186_gate ($_ORNOT_): \register[31]_gate [15] -> \register[31] [15]
Changing input B of cell $abc$15168$auto$blifparse.cc:397:parse_blif$16187_gate ($_OR_): \register[27]_gate [15] -> \register[27] [15]
Changing input A of cell $abc$15168$auto$blifparse.cc:397:parse_blif$16194_gate ($_MUX_): \register[10]_gate [15] -> \register[10] [15]
Changing input B of cell $abc$15168$auto$blifparse.cc:397:parse_blif$16194_gate ($_MUX_): \register[14]_gate [15] -> \register[14] [15]
Changing input A of cell $abc$15168$auto$blifparse.cc:397:parse_blif$16196_gate ($_ORNOT_): \register[15]_gate [15] -> \register[15] [15]
Changing input B of cell $abc$15168$auto$blifparse.cc:397:parse_blif$16197_gate ($_OR_): \register[11]_gate [15] -> \register[11] [15]
Changing input A of cell $abc$15168$auto$blifparse.cc:397:parse_blif$16201_gate ($_ORNOT_): \register[13]_gate [15] -> \register[13] [15]
Changing input B of cell $abc$15168$auto$blifparse.cc:397:parse_blif$16202_gate ($_OR_): \register[9]_gate [15] -> \register[9] [15]
Changing input A of cell $abc$15168$auto$blifparse.cc:397:parse_blif$16205_gate ($_MUX_): \register[8]_gate [15] -> \register[8] [15]
Changing input B of cell $abc$15168$auto$blifparse.cc:397:parse_blif$16205_gate ($_MUX_): \register[12]_gate [15] -> \register[12] [15]
Changing input A of cell $abc$15168$auto$blifparse.cc:397:parse_blif$16211_gate ($_ORNOT_): \register[21]_gate [15] -> \register[21] [15]
Changing input B of cell $abc$15168$auto$blifparse.cc:397:parse_blif$16212_gate ($_OR_): \register[17]_gate [15] -> \register[17] [15]
Changing input A of cell $abc$15168$auto$blifparse.cc:397:parse_blif$16215_gate ($_MUX_): \register[16]_gate [15] -> \register[16] [15]
Changing input B of cell $abc$15168$auto$blifparse.cc:397:parse_blif$16215_gate ($_MUX_): \register[20]_gate [15] -> \register[20] [15]
Changing input A of cell $abc$15168$auto$blifparse.cc:397:parse_blif$16219_gate ($_ORNOT_): \register[23]_gate [15] -> \register[23] [15]
Changing input B of cell $abc$15168$auto$blifparse.cc:397:parse_blif$16220_gate ($_OR_): \register[19]_gate [15] -> \register[19] [15]
Changing input A of cell $abc$15168$auto$blifparse.cc:397:parse_blif$16223_gate ($_ORNOT_): \register[22]_gate [15] -> \register[22] [15]
Changing input B of cell $abc$15168$auto$blifparse.cc:397:parse_blif$16224_gate ($_NOR_): \register[18]_gate [15] -> \register[18] [15]
Changing input B of cell $abc$15168$auto$blifparse.cc:397:parse_blif$16231_gate ($_OR_): \register[2]_gate [15] -> \register[2] [15]
Changing input B of cell $abc$15168$auto$blifparse.cc:397:parse_blif$16232_gate ($_ANDNOT_): \register[6]_gate [15] -> \register[6] [15]
Changing input A of cell $abc$15168$auto$blifparse.cc:397:parse_blif$16235_gate ($_ORNOT_): \register[7]_gate [15] -> \register[7] [15]
Changing input B of cell $abc$15168$auto$blifparse.cc:397:parse_blif$16236_gate ($_OR_): \register[3]_gate [15] -> \register[3] [15]
Changing input B of cell $abc$15168$auto$blifparse.cc:397:parse_blif$16240_gate ($_MUX_): \register[4]_gate [15] -> \register[4] [15]
Changing input A of cell $abc$15168$auto$blifparse.cc:397:parse_blif$16242_gate ($_ORNOT_): \register[5]_gate [15] -> \register[5] [15]
Changing input B of cell $abc$15168$auto$blifparse.cc:397:parse_blif$16243_gate ($_OR_): \register[1]_gate [15] -> \register[1] [15]
Changing input A of cell $abc$15168$auto$blifparse.cc:397:parse_blif$16251_gate ($_MUX_): \register[10]_gate [14] -> \register[10] [14]
Changing input B of cell $abc$15168$auto$blifparse.cc:397:parse_blif$16251_gate ($_MUX_): \register[14]_gate [14] -> \register[14] [14]
Changing input A of cell $abc$15168$auto$blifparse.cc:397:parse_blif$16253_gate ($_MUX_): \register[11]_gate [14] -> \register[11] [14]
Changing input B of cell $abc$15168$auto$blifparse.cc:397:parse_blif$16253_gate ($_MUX_): \register[15]_gate [14] -> \register[15] [14]
Changing input A of cell $abc$15168$auto$blifparse.cc:397:parse_blif$16257_gate ($_NAND_): \register[31]_gate [14] -> \register[31] [14]
Changing input B of cell $abc$15168$auto$blifparse.cc:397:parse_blif$16258_gate ($_ORNOT_): \register[27]_gate [14] -> \register[27] [14]
Changing input A of cell $abc$15168$auto$blifparse.cc:397:parse_blif$16261_gate ($_NAND_): \register[30]_gate [14] -> \register[30] [14]
Changing input A of cell $abc$15168$auto$blifparse.cc:397:parse_blif$16262_gate ($_ANDNOT_): \register[26]_gate [14] -> \register[26] [14]
Changing input A of cell $abc$15168$auto$blifparse.cc:397:parse_blif$16268_gate ($_MUX_): \register[25]_gate [14] -> \register[25] [14]
Changing input B of cell $abc$15168$auto$blifparse.cc:397:parse_blif$16268_gate ($_MUX_): \register[29]_gate [14] -> \register[29] [14]
Changing input A of cell $abc$15168$auto$blifparse.cc:397:parse_blif$16269_gate ($_MUX_): \register[24]_gate [14] -> \register[24] [14]
Changing input B of cell $abc$15168$auto$blifparse.cc:397:parse_blif$16269_gate ($_MUX_): \register[28]_gate [14] -> \register[28] [14]
Changing input A of cell $abc$15168$auto$blifparse.cc:397:parse_blif$16271_gate ($_MUX_): \register[8]_gate [14] -> \register[8] [14]
Changing input B of cell $abc$15168$auto$blifparse.cc:397:parse_blif$16271_gate ($_MUX_): \register[12]_gate [14] -> \register[12] [14]
Changing input A of cell $abc$15168$auto$blifparse.cc:397:parse_blif$16273_gate ($_ORNOT_): \register[13]_gate [14] -> \register[13] [14]
Changing input B of cell $abc$15168$auto$blifparse.cc:397:parse_blif$16274_gate ($_OR_): \register[9]_gate [14] -> \register[9] [14]
Changing input A of cell $abc$15168$auto$blifparse.cc:397:parse_blif$16280_gate ($_MUX_): \register[2]_gate [14] -> \register[2] [14]
Changing input B of cell $abc$15168$auto$blifparse.cc:397:parse_blif$16280_gate ($_MUX_): \register[6]_gate [14] -> \register[6] [14]
Changing input A of cell $abc$15168$auto$blifparse.cc:397:parse_blif$16282_gate ($_MUX_): \register[3]_gate [14] -> \register[3] [14]
Changing input B of cell $abc$15168$auto$blifparse.cc:397:parse_blif$16282_gate ($_MUX_): \register[7]_gate [14] -> \register[7] [14]
Changing input B of cell $abc$15168$auto$blifparse.cc:397:parse_blif$16286_gate ($_NAND_): \register[23]_gate [14] -> \register[23] [14]
Changing input B of cell $abc$15168$auto$blifparse.cc:397:parse_blif$16287_gate ($_ORNOT_): \register[19]_gate [14] -> \register[19] [14]
Changing input B of cell $abc$15168$auto$blifparse.cc:397:parse_blif$16290_gate ($_ORNOT_): \register[18]_gate [14] -> \register[18] [14]
Changing input B of cell $abc$15168$auto$blifparse.cc:397:parse_blif$16291_gate ($_AND_): \register[22]_gate [14] -> \register[22] [14]
Changing input A of cell $abc$15168$auto$blifparse.cc:397:parse_blif$16297_gate ($_MUX_): \register[17]_gate [14] -> \register[17] [14]
Changing input B of cell $abc$15168$auto$blifparse.cc:397:parse_blif$16297_gate ($_MUX_): \register[21]_gate [14] -> \register[21] [14]
Changing input A of cell $abc$15168$auto$blifparse.cc:397:parse_blif$16298_gate ($_MUX_): \register[16]_gate [14] -> \register[16] [14]
Changing input B of cell $abc$15168$auto$blifparse.cc:397:parse_blif$16298_gate ($_MUX_): \register[20]_gate [14] -> \register[20] [14]
Changing input B of cell $abc$15168$auto$blifparse.cc:397:parse_blif$16300_gate ($_MUX_): \register[4]_gate [14] -> \register[4] [14]
Changing input A of cell $abc$15168$auto$blifparse.cc:397:parse_blif$16301_gate ($_MUX_): \register[1]_gate [14] -> \register[1] [14]
Changing input B of cell $abc$15168$auto$blifparse.cc:397:parse_blif$16301_gate ($_MUX_): \register[5]_gate [14] -> \register[5] [14]
Changing input A of cell $abc$15168$auto$blifparse.cc:397:parse_blif$16306_gate ($_ORNOT_): \register[31]_gate [13] -> \register[31] [13]
Changing input B of cell $abc$15168$auto$blifparse.cc:397:parse_blif$16307_gate ($_OR_): \register[27]_gate [13] -> \register[27] [13]
Changing input A of cell $abc$15168$auto$blifparse.cc:397:parse_blif$16310_gate ($_MUX_): \register[26]_gate [13] -> \register[26] [13]
Changing input B of cell $abc$15168$auto$blifparse.cc:397:parse_blif$16310_gate ($_MUX_): \register[30]_gate [13] -> \register[30] [13]
Changing input A of cell $abc$15168$auto$blifparse.cc:397:parse_blif$16314_gate ($_MUX_): \register[24]_gate [13] -> \register[24] [13]
Changing input B of cell $abc$15168$auto$blifparse.cc:397:parse_blif$16314_gate ($_MUX_): \register[28]_gate [13] -> \register[28] [13]
Changing input A of cell $abc$15168$auto$blifparse.cc:397:parse_blif$16316_gate ($_ORNOT_): \register[29]_gate [13] -> \register[29] [13]
Changing input B of cell $abc$15168$auto$blifparse.cc:397:parse_blif$16317_gate ($_OR_): \register[25]_gate [13] -> \register[25] [13]
Changing input A of cell $abc$15168$auto$blifparse.cc:397:parse_blif$16324_gate ($_MUX_): \register[8]_gate [13] -> \register[8] [13]
Changing input B of cell $abc$15168$auto$blifparse.cc:397:parse_blif$16324_gate ($_MUX_): \register[12]_gate [13] -> \register[12] [13]
Changing input A of cell $abc$15168$auto$blifparse.cc:397:parse_blif$16326_gate ($_MUX_): \register[9]_gate [13] -> \register[9] [13]
Changing input B of cell $abc$15168$auto$blifparse.cc:397:parse_blif$16326_gate ($_MUX_): \register[13]_gate [13] -> \register[13] [13]
Changing input A of cell $abc$15168$auto$blifparse.cc:397:parse_blif$16330_gate ($_MUX_): \register[10]_gate [13] -> \register[10] [13]
Changing input B of cell $abc$15168$auto$blifparse.cc:397:parse_blif$16330_gate ($_MUX_): \register[14]_gate [13] -> \register[14] [13]
Changing input A of cell $abc$15168$auto$blifparse.cc:397:parse_blif$16332_gate ($_MUX_): \register[11]_gate [13] -> \register[11] [13]
Changing input B of cell $abc$15168$auto$blifparse.cc:397:parse_blif$16332_gate ($_MUX_): \register[15]_gate [13] -> \register[15] [13]
Changing input A of cell $abc$15168$auto$blifparse.cc:397:parse_blif$16339_gate ($_MUX_): \register[18]_gate [13] -> \register[18] [13]
Changing input B of cell $abc$15168$auto$blifparse.cc:397:parse_blif$16339_gate ($_MUX_): \register[22]_gate [13] -> \register[22] [13]
Changing input A of cell $abc$15168$auto$blifparse.cc:397:parse_blif$16341_gate ($_MUX_): \register[19]_gate [13] -> \register[19] [13]
Changing input B of cell $abc$15168$auto$blifparse.cc:397:parse_blif$16341_gate ($_MUX_): \register[23]_gate [13] -> \register[23] [13]
Changing input A of cell $abc$15168$auto$blifparse.cc:397:parse_blif$16345_gate ($_MUX_): \register[16]_gate [13] -> \register[16] [13]
Changing input B of cell $abc$15168$auto$blifparse.cc:397:parse_blif$16345_gate ($_MUX_): \register[20]_gate [13] -> \register[20] [13]
Changing input A of cell $abc$15168$auto$blifparse.cc:397:parse_blif$16346_gate ($_MUX_): \register[17]_gate [13] -> \register[17] [13]
Changing input B of cell $abc$15168$auto$blifparse.cc:397:parse_blif$16346_gate ($_MUX_): \register[21]_gate [13] -> \register[21] [13]
Changing input B of cell $abc$15168$auto$blifparse.cc:397:parse_blif$16350_gate ($_MUX_): \register[4]_gate [13] -> \register[4] [13]
Changing input A of cell $abc$15168$auto$blifparse.cc:397:parse_blif$16352_gate ($_MUX_): \register[1]_gate [13] -> \register[1] [13]
Changing input B of cell $abc$15168$auto$blifparse.cc:397:parse_blif$16352_gate ($_MUX_): \register[5]_gate [13] -> \register[5] [13]
Changing input A of cell $abc$15168$auto$blifparse.cc:397:parse_blif$16356_gate ($_MUX_): \register[3]_gate [13] -> \register[3] [13]
Changing input B of cell $abc$15168$auto$blifparse.cc:397:parse_blif$16356_gate ($_MUX_): \register[7]_gate [13] -> \register[7] [13]
Changing input A of cell $abc$15168$auto$blifparse.cc:397:parse_blif$16358_gate ($_MUX_): \register[2]_gate [13] -> \register[2] [13]
Changing input B of cell $abc$15168$auto$blifparse.cc:397:parse_blif$16358_gate ($_MUX_): \register[6]_gate [13] -> \register[6] [13]
Changing input A of cell $abc$15168$auto$blifparse.cc:397:parse_blif$16365_gate ($_ORNOT_): \register[29]_gate [12] -> \register[29] [12]
Changing input B of cell $abc$15168$auto$blifparse.cc:397:parse_blif$16366_gate ($_OR_): \register[25]_gate [12] -> \register[25] [12]
Changing input A of cell $abc$15168$auto$blifparse.cc:397:parse_blif$16369_gate ($_MUX_): \register[24]_gate [12] -> \register[24] [12]
Changing input B of cell $abc$15168$auto$blifparse.cc:397:parse_blif$16369_gate ($_MUX_): \register[28]_gate [12] -> \register[28] [12]
Changing input A of cell $abc$15168$auto$blifparse.cc:397:parse_blif$16373_gate ($_MUX_): \register[26]_gate [12] -> \register[26] [12]
Changing input B of cell $abc$15168$auto$blifparse.cc:397:parse_blif$16373_gate ($_MUX_): \register[30]_gate [12] -> \register[30] [12]
Changing input A of cell $abc$15168$auto$blifparse.cc:397:parse_blif$16375_gate ($_ORNOT_): \register[31]_gate [12] -> \register[31] [12]
Changing input B of cell $abc$15168$auto$blifparse.cc:397:parse_blif$16376_gate ($_OR_): \register[27]_gate [12] -> \register[27] [12]
Changing input A of cell $abc$15168$auto$blifparse.cc:397:parse_blif$16383_gate ($_MUX_): \register[10]_gate [12] -> \register[10] [12]
Changing input B of cell $abc$15168$auto$blifparse.cc:397:parse_blif$16383_gate ($_MUX_): \register[14]_gate [12] -> \register[14] [12]
Changing input A of cell $abc$15168$auto$blifparse.cc:397:parse_blif$16385_gate ($_ORNOT_): \register[15]_gate [12] -> \register[15] [12]
Changing input B of cell $abc$15168$auto$blifparse.cc:397:parse_blif$16386_gate ($_OR_): \register[11]_gate [12] -> \register[11] [12]
Changing input A of cell $abc$15168$auto$blifparse.cc:397:parse_blif$16390_gate ($_ORNOT_): \register[13]_gate [12] -> \register[13] [12]
Changing input B of cell $abc$15168$auto$blifparse.cc:397:parse_blif$16391_gate ($_OR_): \register[9]_gate [12] -> \register[9] [12]
Changing input A of cell $abc$15168$auto$blifparse.cc:397:parse_blif$16394_gate ($_MUX_): \register[8]_gate [12] -> \register[8] [12]
Changing input B of cell $abc$15168$auto$blifparse.cc:397:parse_blif$16394_gate ($_MUX_): \register[12]_gate [12] -> \register[12] [12]
Changing input A of cell $abc$15168$auto$blifparse.cc:397:parse_blif$16400_gate ($_ORNOT_): \register[21]_gate [12] -> \register[21] [12]
Changing input B of cell $abc$15168$auto$blifparse.cc:397:parse_blif$16401_gate ($_OR_): \register[17]_gate [12] -> \register[17] [12]
Changing input A of cell $abc$15168$auto$blifparse.cc:397:parse_blif$16404_gate ($_MUX_): \register[16]_gate [12] -> \register[16] [12]
Changing input B of cell $abc$15168$auto$blifparse.cc:397:parse_blif$16404_gate ($_MUX_): \register[20]_gate [12] -> \register[20] [12]
Changing input A of cell $abc$15168$auto$blifparse.cc:397:parse_blif$16408_gate ($_ORNOT_): \register[23]_gate [12] -> \register[23] [12]
Changing input B of cell $abc$15168$auto$blifparse.cc:397:parse_blif$16409_gate ($_OR_): \register[19]_gate [12] -> \register[19] [12]
Changing input A of cell $abc$15168$auto$blifparse.cc:397:parse_blif$16412_gate ($_ORNOT_): \register[22]_gate [12] -> \register[22] [12]
Changing input B of cell $abc$15168$auto$blifparse.cc:397:parse_blif$16413_gate ($_NOR_): \register[18]_gate [12] -> \register[18] [12]
Changing input B of cell $abc$15168$auto$blifparse.cc:397:parse_blif$16420_gate ($_OR_): \register[2]_gate [12] -> \register[2] [12]
Changing input B of cell $abc$15168$auto$blifparse.cc:397:parse_blif$16421_gate ($_ANDNOT_): \register[6]_gate [12] -> \register[6] [12]
Changing input A of cell $abc$15168$auto$blifparse.cc:397:parse_blif$16424_gate ($_ORNOT_): \register[7]_gate [12] -> \register[7] [12]
Changing input B of cell $abc$15168$auto$blifparse.cc:397:parse_blif$16425_gate ($_OR_): \register[3]_gate [12] -> \register[3] [12]
Changing input B of cell $abc$15168$auto$blifparse.cc:397:parse_blif$16429_gate ($_MUX_): \register[4]_gate [12] -> \register[4] [12]
Changing input A of cell $abc$15168$auto$blifparse.cc:397:parse_blif$16431_gate ($_ORNOT_): \register[5]_gate [12] -> \register[5] [12]
Changing input B of cell $abc$15168$auto$blifparse.cc:397:parse_blif$16432_gate ($_OR_): \register[1]_gate [12] -> \register[1] [12]
Changing input A of cell $abc$15168$auto$blifparse.cc:397:parse_blif$16440_gate ($_ORNOT_): \register[29]_gate [11] -> \register[29] [11]
Changing input B of cell $abc$15168$auto$blifparse.cc:397:parse_blif$16441_gate ($_OR_): \register[25]_gate [11] -> \register[25] [11]
Changing input A of cell $abc$15168$auto$blifparse.cc:397:parse_blif$16444_gate ($_MUX_): \register[24]_gate [11] -> \register[24] [11]
Changing input B of cell $abc$15168$auto$blifparse.cc:397:parse_blif$16444_gate ($_MUX_): \register[28]_gate [11] -> \register[28] [11]
Changing input A of cell $abc$15168$auto$blifparse.cc:397:parse_blif$16448_gate ($_MUX_): \register[26]_gate [11] -> \register[26] [11]
Changing input B of cell $abc$15168$auto$blifparse.cc:397:parse_blif$16448_gate ($_MUX_): \register[30]_gate [11] -> \register[30] [11]
Changing input A of cell $abc$15168$auto$blifparse.cc:397:parse_blif$16450_gate ($_ORNOT_): \register[31]_gate [11] -> \register[31] [11]
Changing input B of cell $abc$15168$auto$blifparse.cc:397:parse_blif$16451_gate ($_OR_): \register[27]_gate [11] -> \register[27] [11]
Changing input A of cell $abc$15168$auto$blifparse.cc:397:parse_blif$16458_gate ($_MUX_): \register[10]_gate [11] -> \register[10] [11]
Changing input B of cell $abc$15168$auto$blifparse.cc:397:parse_blif$16458_gate ($_MUX_): \register[14]_gate [11] -> \register[14] [11]
Changing input A of cell $abc$15168$auto$blifparse.cc:397:parse_blif$16460_gate ($_ORNOT_): \register[15]_gate [11] -> \register[15] [11]
Changing input B of cell $abc$15168$auto$blifparse.cc:397:parse_blif$16461_gate ($_OR_): \register[11]_gate [11] -> \register[11] [11]
Changing input A of cell $abc$15168$auto$blifparse.cc:397:parse_blif$16465_gate ($_ORNOT_): \register[13]_gate [11] -> \register[13] [11]
Changing input B of cell $abc$15168$auto$blifparse.cc:397:parse_blif$16466_gate ($_OR_): \register[9]_gate [11] -> \register[9] [11]
Changing input A of cell $abc$15168$auto$blifparse.cc:397:parse_blif$16469_gate ($_MUX_): \register[8]_gate [11] -> \register[8] [11]
Changing input B of cell $abc$15168$auto$blifparse.cc:397:parse_blif$16469_gate ($_MUX_): \register[12]_gate [11] -> \register[12] [11]
Changing input A of cell $abc$15168$auto$blifparse.cc:397:parse_blif$16475_gate ($_ORNOT_): \register[21]_gate [11] -> \register[21] [11]
Changing input B of cell $abc$15168$auto$blifparse.cc:397:parse_blif$16476_gate ($_OR_): \register[17]_gate [11] -> \register[17] [11]
Changing input A of cell $abc$15168$auto$blifparse.cc:397:parse_blif$16479_gate ($_MUX_): \register[16]_gate [11] -> \register[16] [11]
Changing input B of cell $abc$15168$auto$blifparse.cc:397:parse_blif$16479_gate ($_MUX_): \register[20]_gate [11] -> \register[20] [11]
Changing input A of cell $abc$15168$auto$blifparse.cc:397:parse_blif$16483_gate ($_ORNOT_): \register[23]_gate [11] -> \register[23] [11]
Changing input B of cell $abc$15168$auto$blifparse.cc:397:parse_blif$16484_gate ($_OR_): \register[19]_gate [11] -> \register[19] [11]
Changing input A of cell $abc$15168$auto$blifparse.cc:397:parse_blif$16487_gate ($_ORNOT_): \register[22]_gate [11] -> \register[22] [11]
Changing input B of cell $abc$15168$auto$blifparse.cc:397:parse_blif$16488_gate ($_NOR_): \register[18]_gate [11] -> \register[18] [11]
Changing input B of cell $abc$15168$auto$blifparse.cc:397:parse_blif$16495_gate ($_OR_): \register[2]_gate [11] -> \register[2] [11]
Changing input B of cell $abc$15168$auto$blifparse.cc:397:parse_blif$16496_gate ($_ANDNOT_): \register[6]_gate [11] -> \register[6] [11]
Changing input A of cell $abc$15168$auto$blifparse.cc:397:parse_blif$16499_gate ($_ORNOT_): \register[7]_gate [11] -> \register[7] [11]
Changing input B of cell $abc$15168$auto$blifparse.cc:397:parse_blif$16500_gate ($_OR_): \register[3]_gate [11] -> \register[3] [11]
Changing input B of cell $abc$15168$auto$blifparse.cc:397:parse_blif$16504_gate ($_MUX_): \register[4]_gate [11] -> \register[4] [11]
Changing input A of cell $abc$15168$auto$blifparse.cc:397:parse_blif$16506_gate ($_ORNOT_): \register[5]_gate [11] -> \register[5] [11]
Changing input B of cell $abc$15168$auto$blifparse.cc:397:parse_blif$16507_gate ($_OR_): \register[1]_gate [11] -> \register[1] [11]
Changing input A of cell $abc$15168$auto$blifparse.cc:397:parse_blif$16515_gate ($_MUX_): \register[10]_gate [10] -> \register[10] [10]
Changing input B of cell $abc$15168$auto$blifparse.cc:397:parse_blif$16515_gate ($_MUX_): \register[14]_gate [10] -> \register[14] [10]
Changing input A of cell $abc$15168$auto$blifparse.cc:397:parse_blif$16517_gate ($_MUX_): \register[11]_gate [10] -> \register[11] [10]
Changing input B of cell $abc$15168$auto$blifparse.cc:397:parse_blif$16517_gate ($_MUX_): \register[15]_gate [10] -> \register[15] [10]
Changing input A of cell $abc$15168$auto$blifparse.cc:397:parse_blif$16521_gate ($_NAND_): \register[31]_gate [10] -> \register[31] [10]
Changing input B of cell $abc$15168$auto$blifparse.cc:397:parse_blif$16522_gate ($_ORNOT_): \register[27]_gate [10] -> \register[27] [10]
Changing input A of cell $abc$15168$auto$blifparse.cc:397:parse_blif$16525_gate ($_NAND_): \register[30]_gate [10] -> \register[30] [10]
Changing input A of cell $abc$15168$auto$blifparse.cc:397:parse_blif$16526_gate ($_ANDNOT_): \register[26]_gate [10] -> \register[26] [10]
Changing input A of cell $abc$15168$auto$blifparse.cc:397:parse_blif$16532_gate ($_MUX_): \register[25]_gate [10] -> \register[25] [10]
Changing input B of cell $abc$15168$auto$blifparse.cc:397:parse_blif$16532_gate ($_MUX_): \register[29]_gate [10] -> \register[29] [10]
Changing input A of cell $abc$15168$auto$blifparse.cc:397:parse_blif$16533_gate ($_MUX_): \register[24]_gate [10] -> \register[24] [10]
Changing input B of cell $abc$15168$auto$blifparse.cc:397:parse_blif$16533_gate ($_MUX_): \register[28]_gate [10] -> \register[28] [10]
Changing input A of cell $abc$15168$auto$blifparse.cc:397:parse_blif$16535_gate ($_MUX_): \register[8]_gate [10] -> \register[8] [10]
Changing input B of cell $abc$15168$auto$blifparse.cc:397:parse_blif$16535_gate ($_MUX_): \register[12]_gate [10] -> \register[12] [10]
Changing input A of cell $abc$15168$auto$blifparse.cc:397:parse_blif$16537_gate ($_ORNOT_): \register[13]_gate [10] -> \register[13] [10]
Changing input B of cell $abc$15168$auto$blifparse.cc:397:parse_blif$16538_gate ($_OR_): \register[9]_gate [10] -> \register[9] [10]
Changing input A of cell $abc$15168$auto$blifparse.cc:397:parse_blif$16544_gate ($_MUX_): \register[2]_gate [10] -> \register[2] [10]
Changing input B of cell $abc$15168$auto$blifparse.cc:397:parse_blif$16544_gate ($_MUX_): \register[6]_gate [10] -> \register[6] [10]
Changing input A of cell $abc$15168$auto$blifparse.cc:397:parse_blif$16546_gate ($_MUX_): \register[3]_gate [10] -> \register[3] [10]
Changing input B of cell $abc$15168$auto$blifparse.cc:397:parse_blif$16546_gate ($_MUX_): \register[7]_gate [10] -> \register[7] [10]
Changing input B of cell $abc$15168$auto$blifparse.cc:397:parse_blif$16550_gate ($_NAND_): \register[23]_gate [10] -> \register[23] [10]
Changing input B of cell $abc$15168$auto$blifparse.cc:397:parse_blif$16551_gate ($_ORNOT_): \register[19]_gate [10] -> \register[19] [10]
Changing input B of cell $abc$15168$auto$blifparse.cc:397:parse_blif$16554_gate ($_ORNOT_): \register[18]_gate [10] -> \register[18] [10]
Changing input B of cell $abc$15168$auto$blifparse.cc:397:parse_blif$16555_gate ($_AND_): \register[22]_gate [10] -> \register[22] [10]
Changing input A of cell $abc$15168$auto$blifparse.cc:397:parse_blif$16561_gate ($_MUX_): \register[17]_gate [10] -> \register[17] [10]
Changing input B of cell $abc$15168$auto$blifparse.cc:397:parse_blif$16561_gate ($_MUX_): \register[21]_gate [10] -> \register[21] [10]
Changing input A of cell $abc$15168$auto$blifparse.cc:397:parse_blif$16562_gate ($_MUX_): \register[16]_gate [10] -> \register[16] [10]
Changing input B of cell $abc$15168$auto$blifparse.cc:397:parse_blif$16562_gate ($_MUX_): \register[20]_gate [10] -> \register[20] [10]
Changing input B of cell $abc$15168$auto$blifparse.cc:397:parse_blif$16564_gate ($_MUX_): \register[4]_gate [10] -> \register[4] [10]
Changing input A of cell $abc$15168$auto$blifparse.cc:397:parse_blif$16565_gate ($_MUX_): \register[1]_gate [10] -> \register[1] [10]
Changing input B of cell $abc$15168$auto$blifparse.cc:397:parse_blif$16565_gate ($_MUX_): \register[5]_gate [10] -> \register[5] [10]
Changing input A of cell $abc$15168$auto$blifparse.cc:397:parse_blif$16570_gate ($_ORNOT_): \register[7]_gate [9] -> \register[7] [9]
Changing input B of cell $abc$15168$auto$blifparse.cc:397:parse_blif$16571_gate ($_OR_): \register[3]_gate [9] -> \register[3] [9]
Changing input A of cell $abc$15168$auto$blifparse.cc:397:parse_blif$16574_gate ($_ORNOT_): \register[6]_gate [9] -> \register[6] [9]
Changing input B of cell $abc$15168$auto$blifparse.cc:397:parse_blif$16575_gate ($_NOR_): \register[2]_gate [9] -> \register[2] [9]
Changing input A of cell $abc$15168$auto$blifparse.cc:397:parse_blif$16579_gate ($_ORNOT_): \register[5]_gate [9] -> \register[5] [9]
Changing input B of cell $abc$15168$auto$blifparse.cc:397:parse_blif$16580_gate ($_OR_): \register[1]_gate [9] -> \register[1] [9]
Changing input B of cell $abc$15168$auto$blifparse.cc:397:parse_blif$16583_gate ($_MUX_): \register[4]_gate [9] -> \register[4] [9]
Changing input A of cell $abc$15168$auto$blifparse.cc:397:parse_blif$16587_gate ($_MUX_): \register[19]_gate [9] -> \register[19] [9]
Changing input B of cell $abc$15168$auto$blifparse.cc:397:parse_blif$16587_gate ($_MUX_): \register[23]_gate [9] -> \register[23] [9]
Changing input A of cell $abc$15168$auto$blifparse.cc:397:parse_blif$16588_gate ($_MUX_): \register[17]_gate [9] -> \register[17] [9]
Changing input B of cell $abc$15168$auto$blifparse.cc:397:parse_blif$16588_gate ($_MUX_): \register[21]_gate [9] -> \register[21] [9]
Changing input A of cell $abc$15168$auto$blifparse.cc:397:parse_blif$16590_gate ($_MUX_): \register[18]_gate [9] -> \register[18] [9]
Changing input B of cell $abc$15168$auto$blifparse.cc:397:parse_blif$16590_gate ($_MUX_): \register[22]_gate [9] -> \register[22] [9]
Changing input A of cell $abc$15168$auto$blifparse.cc:397:parse_blif$16591_gate ($_MUX_): \register[16]_gate [9] -> \register[16] [9]
Changing input B of cell $abc$15168$auto$blifparse.cc:397:parse_blif$16591_gate ($_MUX_): \register[20]_gate [9] -> \register[20] [9]
Changing input A of cell $abc$15168$auto$blifparse.cc:397:parse_blif$16595_gate ($_ORNOT_): \register[29]_gate [9] -> \register[29] [9]
Changing input B of cell $abc$15168$auto$blifparse.cc:397:parse_blif$16596_gate ($_OR_): \register[25]_gate [9] -> \register[25] [9]
Changing input A of cell $abc$15168$auto$blifparse.cc:397:parse_blif$16599_gate ($_MUX_): \register[24]_gate [9] -> \register[24] [9]
Changing input B of cell $abc$15168$auto$blifparse.cc:397:parse_blif$16599_gate ($_MUX_): \register[28]_gate [9] -> \register[28] [9]
Changing input A of cell $abc$15168$auto$blifparse.cc:397:parse_blif$16603_gate ($_MUX_): \register[26]_gate [9] -> \register[26] [9]
Changing input B of cell $abc$15168$auto$blifparse.cc:397:parse_blif$16603_gate ($_MUX_): \register[30]_gate [9] -> \register[30] [9]
Changing input A of cell $abc$15168$auto$blifparse.cc:397:parse_blif$16605_gate ($_ORNOT_): \register[31]_gate [9] -> \register[31] [9]
Changing input B of cell $abc$15168$auto$blifparse.cc:397:parse_blif$16606_gate ($_OR_): \register[27]_gate [9] -> \register[27] [9]
Changing input A of cell $abc$15168$auto$blifparse.cc:397:parse_blif$16613_gate ($_MUX_): \register[10]_gate [9] -> \register[10] [9]
Changing input B of cell $abc$15168$auto$blifparse.cc:397:parse_blif$16613_gate ($_MUX_): \register[14]_gate [9] -> \register[14] [9]
Changing input A of cell $abc$15168$auto$blifparse.cc:397:parse_blif$16615_gate ($_ORNOT_): \register[15]_gate [9] -> \register[15] [9]
Changing input B of cell $abc$15168$auto$blifparse.cc:397:parse_blif$16616_gate ($_OR_): \register[11]_gate [9] -> \register[11] [9]
Changing input A of cell $abc$15168$auto$blifparse.cc:397:parse_blif$16621_gate ($_ORNOT_): \register[13]_gate [9] -> \register[13] [9]
Changing input B of cell $abc$15168$auto$blifparse.cc:397:parse_blif$16622_gate ($_OR_): \register[9]_gate [9] -> \register[9] [9]
Changing input A of cell $abc$15168$auto$blifparse.cc:397:parse_blif$16625_gate ($_MUX_): \register[8]_gate [9] -> \register[8] [9]
Changing input B of cell $abc$15168$auto$blifparse.cc:397:parse_blif$16625_gate ($_MUX_): \register[12]_gate [9] -> \register[12] [9]
Changing input A of cell $abc$15168$auto$blifparse.cc:397:parse_blif$16633_gate ($_MUX_): \register[8]_gate [8] -> \register[8] [8]
Changing input B of cell $abc$15168$auto$blifparse.cc:397:parse_blif$16633_gate ($_MUX_): \register[12]_gate [8] -> \register[12] [8]
Changing input A of cell $abc$15168$auto$blifparse.cc:397:parse_blif$16635_gate ($_MUX_): \register[9]_gate [8] -> \register[9] [8]
Changing input B of cell $abc$15168$auto$blifparse.cc:397:parse_blif$16635_gate ($_MUX_): \register[13]_gate [8] -> \register[13] [8]
Changing input A of cell $abc$15168$auto$blifparse.cc:397:parse_blif$16639_gate ($_MUX_): \register[10]_gate [8] -> \register[10] [8]
Changing input B of cell $abc$15168$auto$blifparse.cc:397:parse_blif$16639_gate ($_MUX_): \register[14]_gate [8] -> \register[14] [8]
Changing input A of cell $abc$15168$auto$blifparse.cc:397:parse_blif$16641_gate ($_MUX_): \register[11]_gate [8] -> \register[11] [8]
Changing input B of cell $abc$15168$auto$blifparse.cc:397:parse_blif$16641_gate ($_MUX_): \register[15]_gate [8] -> \register[15] [8]
Changing input B of cell $abc$15168$auto$blifparse.cc:397:parse_blif$16646_gate ($_OR_): \register[2]_gate [8] -> \register[2] [8]
Changing input B of cell $abc$15168$auto$blifparse.cc:397:parse_blif$16647_gate ($_ANDNOT_): \register[6]_gate [8] -> \register[6] [8]
Changing input A of cell $abc$15168$auto$blifparse.cc:397:parse_blif$16650_gate ($_ORNOT_): \register[7]_gate [8] -> \register[7] [8]
Changing input B of cell $abc$15168$auto$blifparse.cc:397:parse_blif$16651_gate ($_OR_): \register[3]_gate [8] -> \register[3] [8]
Changing input B of cell $abc$15168$auto$blifparse.cc:397:parse_blif$16655_gate ($_MUX_): \register[4]_gate [8] -> \register[4] [8]
Changing input A of cell $abc$15168$auto$blifparse.cc:397:parse_blif$16657_gate ($_ORNOT_): \register[5]_gate [8] -> \register[5] [8]
Changing input B of cell $abc$15168$auto$blifparse.cc:397:parse_blif$16658_gate ($_OR_): \register[1]_gate [8] -> \register[1] [8]
Changing input A of cell $abc$15168$auto$blifparse.cc:397:parse_blif$16664_gate ($_MUX_): \register[24]_gate [8] -> \register[24] [8]
Changing input B of cell $abc$15168$auto$blifparse.cc:397:parse_blif$16664_gate ($_MUX_): \register[28]_gate [8] -> \register[28] [8]
Changing input A of cell $abc$15168$auto$blifparse.cc:397:parse_blif$16666_gate ($_ORNOT_): \register[29]_gate [8] -> \register[29] [8]
Changing input B of cell $abc$15168$auto$blifparse.cc:397:parse_blif$16667_gate ($_OR_): \register[25]_gate [8] -> \register[25] [8]
Changing input A of cell $abc$15168$auto$blifparse.cc:397:parse_blif$16672_gate ($_ORNOT_): \register[31]_gate [8] -> \register[31] [8]
Changing input B of cell $abc$15168$auto$blifparse.cc:397:parse_blif$16673_gate ($_OR_): \register[27]_gate [8] -> \register[27] [8]
Changing input A of cell $abc$15168$auto$blifparse.cc:397:parse_blif$16676_gate ($_MUX_): \register[26]_gate [8] -> \register[26] [8]
Changing input B of cell $abc$15168$auto$blifparse.cc:397:parse_blif$16676_gate ($_MUX_): \register[30]_gate [8] -> \register[30] [8]
Changing input A of cell $abc$15168$auto$blifparse.cc:397:parse_blif$16684_gate ($_ORNOT_): \register[21]_gate [8] -> \register[21] [8]
Changing input B of cell $abc$15168$auto$blifparse.cc:397:parse_blif$16685_gate ($_OR_): \register[17]_gate [8] -> \register[17] [8]
Changing input A of cell $abc$15168$auto$blifparse.cc:397:parse_blif$16688_gate ($_MUX_): \register[16]_gate [8] -> \register[16] [8]
Changing input B of cell $abc$15168$auto$blifparse.cc:397:parse_blif$16688_gate ($_MUX_): \register[20]_gate [8] -> \register[20] [8]
Changing input A of cell $abc$15168$auto$blifparse.cc:397:parse_blif$16692_gate ($_ORNOT_): \register[23]_gate [8] -> \register[23] [8]
Changing input B of cell $abc$15168$auto$blifparse.cc:397:parse_blif$16693_gate ($_OR_): \register[19]_gate [8] -> \register[19] [8]
Changing input A of cell $abc$15168$auto$blifparse.cc:397:parse_blif$16696_gate ($_ORNOT_): \register[22]_gate [8] -> \register[22] [8]
Changing input B of cell $abc$15168$auto$blifparse.cc:397:parse_blif$16697_gate ($_NOR_): \register[18]_gate [8] -> \register[18] [8]
Changing input A of cell $abc$15168$auto$blifparse.cc:397:parse_blif$16706_gate ($_ORNOT_): \register[29]_gate [7] -> \register[29] [7]
Changing input B of cell $abc$15168$auto$blifparse.cc:397:parse_blif$16707_gate ($_OR_): \register[25]_gate [7] -> \register[25] [7]
Changing input A of cell $abc$15168$auto$blifparse.cc:397:parse_blif$16710_gate ($_MUX_): \register[24]_gate [7] -> \register[24] [7]
Changing input B of cell $abc$15168$auto$blifparse.cc:397:parse_blif$16710_gate ($_MUX_): \register[28]_gate [7] -> \register[28] [7]
Changing input A of cell $abc$15168$auto$blifparse.cc:397:parse_blif$16714_gate ($_MUX_): \register[26]_gate [7] -> \register[26] [7]
Changing input B of cell $abc$15168$auto$blifparse.cc:397:parse_blif$16714_gate ($_MUX_): \register[30]_gate [7] -> \register[30] [7]
Changing input A of cell $abc$15168$auto$blifparse.cc:397:parse_blif$16716_gate ($_ORNOT_): \register[31]_gate [7] -> \register[31] [7]
Changing input B of cell $abc$15168$auto$blifparse.cc:397:parse_blif$16717_gate ($_OR_): \register[27]_gate [7] -> \register[27] [7]
Changing input A of cell $abc$15168$auto$blifparse.cc:397:parse_blif$16724_gate ($_MUX_): \register[10]_gate [7] -> \register[10] [7]
Changing input B of cell $abc$15168$auto$blifparse.cc:397:parse_blif$16724_gate ($_MUX_): \register[14]_gate [7] -> \register[14] [7]
Changing input A of cell $abc$15168$auto$blifparse.cc:397:parse_blif$16726_gate ($_ORNOT_): \register[15]_gate [7] -> \register[15] [7]
Changing input B of cell $abc$15168$auto$blifparse.cc:397:parse_blif$16727_gate ($_OR_): \register[11]_gate [7] -> \register[11] [7]
Changing input A of cell $abc$15168$auto$blifparse.cc:397:parse_blif$16732_gate ($_ORNOT_): \register[13]_gate [7] -> \register[13] [7]
Changing input B of cell $abc$15168$auto$blifparse.cc:397:parse_blif$16733_gate ($_OR_): \register[9]_gate [7] -> \register[9] [7]
Changing input A of cell $abc$15168$auto$blifparse.cc:397:parse_blif$16736_gate ($_MUX_): \register[8]_gate [7] -> \register[8] [7]
Changing input B of cell $abc$15168$auto$blifparse.cc:397:parse_blif$16736_gate ($_MUX_): \register[12]_gate [7] -> \register[12] [7]
Changing input A of cell $abc$15168$auto$blifparse.cc:397:parse_blif$16743_gate ($_ORNOT_): \register[21]_gate [7] -> \register[21] [7]
Changing input B of cell $abc$15168$auto$blifparse.cc:397:parse_blif$16744_gate ($_OR_): \register[17]_gate [7] -> \register[17] [7]
Changing input A of cell $abc$15168$auto$blifparse.cc:397:parse_blif$16747_gate ($_MUX_): \register[16]_gate [7] -> \register[16] [7]
Changing input B of cell $abc$15168$auto$blifparse.cc:397:parse_blif$16747_gate ($_MUX_): \register[20]_gate [7] -> \register[20] [7]
Changing input A of cell $abc$15168$auto$blifparse.cc:397:parse_blif$16751_gate ($_ORNOT_): \register[23]_gate [7] -> \register[23] [7]
Changing input B of cell $abc$15168$auto$blifparse.cc:397:parse_blif$16752_gate ($_OR_): \register[19]_gate [7] -> \register[19] [7]
Changing input A of cell $abc$15168$auto$blifparse.cc:397:parse_blif$16755_gate ($_ORNOT_): \register[22]_gate [7] -> \register[22] [7]
Changing input B of cell $abc$15168$auto$blifparse.cc:397:parse_blif$16756_gate ($_NOR_): \register[18]_gate [7] -> \register[18] [7]
Changing input B of cell $abc$15168$auto$blifparse.cc:397:parse_blif$16763_gate ($_OR_): \register[2]_gate [7] -> \register[2] [7]
Changing input B of cell $abc$15168$auto$blifparse.cc:397:parse_blif$16764_gate ($_ANDNOT_): \register[6]_gate [7] -> \register[6] [7]
Changing input A of cell $abc$15168$auto$blifparse.cc:397:parse_blif$16767_gate ($_ORNOT_): \register[7]_gate [7] -> \register[7] [7]
Changing input B of cell $abc$15168$auto$blifparse.cc:397:parse_blif$16768_gate ($_OR_): \register[3]_gate [7] -> \register[3] [7]
Changing input B of cell $abc$15168$auto$blifparse.cc:397:parse_blif$16772_gate ($_MUX_): \register[4]_gate [7] -> \register[4] [7]
Changing input A of cell $abc$15168$auto$blifparse.cc:397:parse_blif$16774_gate ($_ORNOT_): \register[5]_gate [7] -> \register[5] [7]
Changing input B of cell $abc$15168$auto$blifparse.cc:397:parse_blif$16775_gate ($_OR_): \register[1]_gate [7] -> \register[1] [7]
Changing input A of cell $abc$15168$auto$blifparse.cc:397:parse_blif$16783_gate ($_ORNOT_): \register[7]_gate [6] -> \register[7] [6]
Changing input B of cell $abc$15168$auto$blifparse.cc:397:parse_blif$16784_gate ($_OR_): \register[3]_gate [6] -> \register[3] [6]
Changing input A of cell $abc$15168$auto$blifparse.cc:397:parse_blif$16787_gate ($_ORNOT_): \register[6]_gate [6] -> \register[6] [6]
Changing input B of cell $abc$15168$auto$blifparse.cc:397:parse_blif$16788_gate ($_NOR_): \register[2]_gate [6] -> \register[2] [6]
Changing input A of cell $abc$15168$auto$blifparse.cc:397:parse_blif$16792_gate ($_ORNOT_): \register[5]_gate [6] -> \register[5] [6]
Changing input B of cell $abc$15168$auto$blifparse.cc:397:parse_blif$16793_gate ($_OR_): \register[1]_gate [6] -> \register[1] [6]
Changing input B of cell $abc$15168$auto$blifparse.cc:397:parse_blif$16796_gate ($_MUX_): \register[4]_gate [6] -> \register[4] [6]
Changing input A of cell $abc$15168$auto$blifparse.cc:397:parse_blif$16800_gate ($_MUX_): \register[19]_gate [6] -> \register[19] [6]
Changing input B of cell $abc$15168$auto$blifparse.cc:397:parse_blif$16800_gate ($_MUX_): \register[23]_gate [6] -> \register[23] [6]
Changing input A of cell $abc$15168$auto$blifparse.cc:397:parse_blif$16801_gate ($_MUX_): \register[17]_gate [6] -> \register[17] [6]
Changing input B of cell $abc$15168$auto$blifparse.cc:397:parse_blif$16801_gate ($_MUX_): \register[21]_gate [6] -> \register[21] [6]
Changing input A of cell $abc$15168$auto$blifparse.cc:397:parse_blif$16803_gate ($_MUX_): \register[18]_gate [6] -> \register[18] [6]
Changing input B of cell $abc$15168$auto$blifparse.cc:397:parse_blif$16803_gate ($_MUX_): \register[22]_gate [6] -> \register[22] [6]
Changing input A of cell $abc$15168$auto$blifparse.cc:397:parse_blif$16804_gate ($_MUX_): \register[16]_gate [6] -> \register[16] [6]
Changing input B of cell $abc$15168$auto$blifparse.cc:397:parse_blif$16804_gate ($_MUX_): \register[20]_gate [6] -> \register[20] [6]
Changing input A of cell $abc$15168$auto$blifparse.cc:397:parse_blif$16808_gate ($_ORNOT_): \register[29]_gate [6] -> \register[29] [6]
Changing input B of cell $abc$15168$auto$blifparse.cc:397:parse_blif$16809_gate ($_OR_): \register[25]_gate [6] -> \register[25] [6]
Changing input A of cell $abc$15168$auto$blifparse.cc:397:parse_blif$16812_gate ($_MUX_): \register[24]_gate [6] -> \register[24] [6]
Changing input B of cell $abc$15168$auto$blifparse.cc:397:parse_blif$16812_gate ($_MUX_): \register[28]_gate [6] -> \register[28] [6]
Changing input A of cell $abc$15168$auto$blifparse.cc:397:parse_blif$16816_gate ($_MUX_): \register[26]_gate [6] -> \register[26] [6]
Changing input B of cell $abc$15168$auto$blifparse.cc:397:parse_blif$16816_gate ($_MUX_): \register[30]_gate [6] -> \register[30] [6]
Changing input A of cell $abc$15168$auto$blifparse.cc:397:parse_blif$16818_gate ($_ORNOT_): \register[31]_gate [6] -> \register[31] [6]
Changing input B of cell $abc$15168$auto$blifparse.cc:397:parse_blif$16819_gate ($_OR_): \register[27]_gate [6] -> \register[27] [6]
Changing input A of cell $abc$15168$auto$blifparse.cc:397:parse_blif$16826_gate ($_MUX_): \register[10]_gate [6] -> \register[10] [6]
Changing input B of cell $abc$15168$auto$blifparse.cc:397:parse_blif$16826_gate ($_MUX_): \register[14]_gate [6] -> \register[14] [6]
Changing input A of cell $abc$15168$auto$blifparse.cc:397:parse_blif$16828_gate ($_ORNOT_): \register[15]_gate [6] -> \register[15] [6]
Changing input B of cell $abc$15168$auto$blifparse.cc:397:parse_blif$16829_gate ($_OR_): \register[11]_gate [6] -> \register[11] [6]
Changing input A of cell $abc$15168$auto$blifparse.cc:397:parse_blif$16833_gate ($_ORNOT_): \register[13]_gate [6] -> \register[13] [6]
Changing input B of cell $abc$15168$auto$blifparse.cc:397:parse_blif$16834_gate ($_OR_): \register[9]_gate [6] -> \register[9] [6]
Changing input A of cell $abc$15168$auto$blifparse.cc:397:parse_blif$16837_gate ($_MUX_): \register[8]_gate [6] -> \register[8] [6]
Changing input B of cell $abc$15168$auto$blifparse.cc:397:parse_blif$16837_gate ($_MUX_): \register[12]_gate [6] -> \register[12] [6]
Changing input A of cell $abc$15168$auto$blifparse.cc:397:parse_blif$16844_gate ($_ORNOT_): \register[29]_gate [5] -> \register[29] [5]
Changing input B of cell $abc$15168$auto$blifparse.cc:397:parse_blif$16845_gate ($_OR_): \register[25]_gate [5] -> \register[25] [5]
Changing input A of cell $abc$15168$auto$blifparse.cc:397:parse_blif$16848_gate ($_MUX_): \register[24]_gate [5] -> \register[24] [5]
Changing input B of cell $abc$15168$auto$blifparse.cc:397:parse_blif$16848_gate ($_MUX_): \register[28]_gate [5] -> \register[28] [5]
Changing input A of cell $abc$15168$auto$blifparse.cc:397:parse_blif$16852_gate ($_MUX_): \register[26]_gate [5] -> \register[26] [5]
Changing input B of cell $abc$15168$auto$blifparse.cc:397:parse_blif$16852_gate ($_MUX_): \register[30]_gate [5] -> \register[30] [5]
Changing input A of cell $abc$15168$auto$blifparse.cc:397:parse_blif$16854_gate ($_ORNOT_): \register[31]_gate [5] -> \register[31] [5]
Changing input B of cell $abc$15168$auto$blifparse.cc:397:parse_blif$16855_gate ($_OR_): \register[27]_gate [5] -> \register[27] [5]
Changing input A of cell $abc$15168$auto$blifparse.cc:397:parse_blif$16862_gate ($_MUX_): \register[10]_gate [5] -> \register[10] [5]
Changing input B of cell $abc$15168$auto$blifparse.cc:397:parse_blif$16862_gate ($_MUX_): \register[14]_gate [5] -> \register[14] [5]
Changing input A of cell $abc$15168$auto$blifparse.cc:397:parse_blif$16864_gate ($_ORNOT_): \register[15]_gate [5] -> \register[15] [5]
Changing input B of cell $abc$15168$auto$blifparse.cc:397:parse_blif$16865_gate ($_OR_): \register[11]_gate [5] -> \register[11] [5]
Changing input A of cell $abc$15168$auto$blifparse.cc:397:parse_blif$16869_gate ($_ORNOT_): \register[13]_gate [5] -> \register[13] [5]
Changing input B of cell $abc$15168$auto$blifparse.cc:397:parse_blif$16870_gate ($_OR_): \register[9]_gate [5] -> \register[9] [5]
Changing input A of cell $abc$15168$auto$blifparse.cc:397:parse_blif$16873_gate ($_MUX_): \register[8]_gate [5] -> \register[8] [5]
Changing input B of cell $abc$15168$auto$blifparse.cc:397:parse_blif$16873_gate ($_MUX_): \register[12]_gate [5] -> \register[12] [5]
Changing input A of cell $abc$15168$auto$blifparse.cc:397:parse_blif$16879_gate ($_ORNOT_): \register[21]_gate [5] -> \register[21] [5]
Changing input B of cell $abc$15168$auto$blifparse.cc:397:parse_blif$16880_gate ($_OR_): \register[17]_gate [5] -> \register[17] [5]
Changing input A of cell $abc$15168$auto$blifparse.cc:397:parse_blif$16883_gate ($_MUX_): \register[16]_gate [5] -> \register[16] [5]
Changing input B of cell $abc$15168$auto$blifparse.cc:397:parse_blif$16883_gate ($_MUX_): \register[20]_gate [5] -> \register[20] [5]
Changing input A of cell $abc$15168$auto$blifparse.cc:397:parse_blif$16887_gate ($_ORNOT_): \register[23]_gate [5] -> \register[23] [5]
Changing input B of cell $abc$15168$auto$blifparse.cc:397:parse_blif$16888_gate ($_OR_): \register[19]_gate [5] -> \register[19] [5]
Changing input A of cell $abc$15168$auto$blifparse.cc:397:parse_blif$16891_gate ($_ORNOT_): \register[22]_gate [5] -> \register[22] [5]
Changing input B of cell $abc$15168$auto$blifparse.cc:397:parse_blif$16892_gate ($_NOR_): \register[18]_gate [5] -> \register[18] [5]
Changing input B of cell $abc$15168$auto$blifparse.cc:397:parse_blif$16899_gate ($_OR_): \register[2]_gate [5] -> \register[2] [5]
Changing input B of cell $abc$15168$auto$blifparse.cc:397:parse_blif$16900_gate ($_ANDNOT_): \register[6]_gate [5] -> \register[6] [5]
Changing input A of cell $abc$15168$auto$blifparse.cc:397:parse_blif$16903_gate ($_ORNOT_): \register[7]_gate [5] -> \register[7] [5]
Changing input B of cell $abc$15168$auto$blifparse.cc:397:parse_blif$16904_gate ($_OR_): \register[3]_gate [5] -> \register[3] [5]
Changing input B of cell $abc$15168$auto$blifparse.cc:397:parse_blif$16908_gate ($_MUX_): \register[4]_gate [5] -> \register[4] [5]
Changing input A of cell $abc$15168$auto$blifparse.cc:397:parse_blif$16910_gate ($_ORNOT_): \register[5]_gate [5] -> \register[5] [5]
Changing input B of cell $abc$15168$auto$blifparse.cc:397:parse_blif$16911_gate ($_OR_): \register[1]_gate [5] -> \register[1] [5]
Changing input A of cell $abc$15168$auto$blifparse.cc:397:parse_blif$16919_gate ($_ORNOT_): \register[29]_gate [4] -> \register[29] [4]
Changing input B of cell $abc$15168$auto$blifparse.cc:397:parse_blif$16920_gate ($_OR_): \register[25]_gate [4] -> \register[25] [4]
Changing input A of cell $abc$15168$auto$blifparse.cc:397:parse_blif$16923_gate ($_MUX_): \register[24]_gate [4] -> \register[24] [4]
Changing input B of cell $abc$15168$auto$blifparse.cc:397:parse_blif$16923_gate ($_MUX_): \register[28]_gate [4] -> \register[28] [4]
Changing input A of cell $abc$15168$auto$blifparse.cc:397:parse_blif$16927_gate ($_MUX_): \register[26]_gate [4] -> \register[26] [4]
Changing input B of cell $abc$15168$auto$blifparse.cc:397:parse_blif$16927_gate ($_MUX_): \register[30]_gate [4] -> \register[30] [4]
Changing input A of cell $abc$15168$auto$blifparse.cc:397:parse_blif$16929_gate ($_ORNOT_): \register[31]_gate [4] -> \register[31] [4]
Changing input B of cell $abc$15168$auto$blifparse.cc:397:parse_blif$16930_gate ($_OR_): \register[27]_gate [4] -> \register[27] [4]
Changing input A of cell $abc$15168$auto$blifparse.cc:397:parse_blif$16937_gate ($_MUX_): \register[10]_gate [4] -> \register[10] [4]
Changing input B of cell $abc$15168$auto$blifparse.cc:397:parse_blif$16937_gate ($_MUX_): \register[14]_gate [4] -> \register[14] [4]
Changing input A of cell $abc$15168$auto$blifparse.cc:397:parse_blif$16939_gate ($_ORNOT_): \register[15]_gate [4] -> \register[15] [4]
Changing input B of cell $abc$15168$auto$blifparse.cc:397:parse_blif$16940_gate ($_OR_): \register[11]_gate [4] -> \register[11] [4]
Changing input A of cell $abc$15168$auto$blifparse.cc:397:parse_blif$16944_gate ($_ORNOT_): \register[13]_gate [4] -> \register[13] [4]
Changing input B of cell $abc$15168$auto$blifparse.cc:397:parse_blif$16945_gate ($_OR_): \register[9]_gate [4] -> \register[9] [4]
Changing input A of cell $abc$15168$auto$blifparse.cc:397:parse_blif$16948_gate ($_MUX_): \register[8]_gate [4] -> \register[8] [4]
Changing input B of cell $abc$15168$auto$blifparse.cc:397:parse_blif$16948_gate ($_MUX_): \register[12]_gate [4] -> \register[12] [4]
Changing input A of cell $abc$15168$auto$blifparse.cc:397:parse_blif$16954_gate ($_ORNOT_): \register[21]_gate [4] -> \register[21] [4]
Changing input B of cell $abc$15168$auto$blifparse.cc:397:parse_blif$16955_gate ($_OR_): \register[17]_gate [4] -> \register[17] [4]
Changing input A of cell $abc$15168$auto$blifparse.cc:397:parse_blif$16958_gate ($_MUX_): \register[16]_gate [4] -> \register[16] [4]
Changing input B of cell $abc$15168$auto$blifparse.cc:397:parse_blif$16958_gate ($_MUX_): \register[20]_gate [4] -> \register[20] [4]
Changing input A of cell $abc$15168$auto$blifparse.cc:397:parse_blif$16962_gate ($_ORNOT_): \register[23]_gate [4] -> \register[23] [4]
Changing input B of cell $abc$15168$auto$blifparse.cc:397:parse_blif$16963_gate ($_OR_): \register[19]_gate [4] -> \register[19] [4]
Changing input A of cell $abc$15168$auto$blifparse.cc:397:parse_blif$16966_gate ($_ORNOT_): \register[22]_gate [4] -> \register[22] [4]
Changing input B of cell $abc$15168$auto$blifparse.cc:397:parse_blif$16967_gate ($_NOR_): \register[18]_gate [4] -> \register[18] [4]
Changing input B of cell $abc$15168$auto$blifparse.cc:397:parse_blif$16974_gate ($_OR_): \register[2]_gate [4] -> \register[2] [4]
Changing input B of cell $abc$15168$auto$blifparse.cc:397:parse_blif$16975_gate ($_ANDNOT_): \register[6]_gate [4] -> \register[6] [4]
Changing input A of cell $abc$15168$auto$blifparse.cc:397:parse_blif$16978_gate ($_ORNOT_): \register[7]_gate [4] -> \register[7] [4]
Changing input B of cell $abc$15168$auto$blifparse.cc:397:parse_blif$16979_gate ($_OR_): \register[3]_gate [4] -> \register[3] [4]
Changing input B of cell $abc$15168$auto$blifparse.cc:397:parse_blif$16983_gate ($_MUX_): \register[4]_gate [4] -> \register[4] [4]
Changing input A of cell $abc$15168$auto$blifparse.cc:397:parse_blif$16985_gate ($_ORNOT_): \register[5]_gate [4] -> \register[5] [4]
Changing input B of cell $abc$15168$auto$blifparse.cc:397:parse_blif$16986_gate ($_OR_): \register[1]_gate [4] -> \register[1] [4]
Changing input A of cell $abc$15168$auto$blifparse.cc:397:parse_blif$16994_gate ($_MUX_): \register[16]_gate [3] -> \register[16] [3]
Changing input B of cell $abc$15168$auto$blifparse.cc:397:parse_blif$16994_gate ($_MUX_): \register[20]_gate [3] -> \register[20] [3]
Changing input A of cell $abc$15168$auto$blifparse.cc:397:parse_blif$16995_gate ($_MUX_): \register[17]_gate [3] -> \register[17] [3]
Changing input B of cell $abc$15168$auto$blifparse.cc:397:parse_blif$16995_gate ($_MUX_): \register[21]_gate [3] -> \register[21] [3]
Changing input A of cell $abc$15168$auto$blifparse.cc:397:parse_blif$16998_gate ($_MUX_): \register[18]_gate [3] -> \register[18] [3]
Changing input B of cell $abc$15168$auto$blifparse.cc:397:parse_blif$16998_gate ($_MUX_): \register[22]_gate [3] -> \register[22] [3]
Changing input A of cell $abc$15168$auto$blifparse.cc:397:parse_blif$17000_gate ($_MUX_): \register[19]_gate [3] -> \register[19] [3]
Changing input B of cell $abc$15168$auto$blifparse.cc:397:parse_blif$17000_gate ($_MUX_): \register[23]_gate [3] -> \register[23] [3]
Changing input B of cell $abc$15168$auto$blifparse.cc:397:parse_blif$17005_gate ($_MUX_): \register[4]_gate [3] -> \register[4] [3]
Changing input A of cell $abc$15168$auto$blifparse.cc:397:parse_blif$17007_gate ($_MUX_): \register[1]_gate [3] -> \register[1] [3]
Changing input B of cell $abc$15168$auto$blifparse.cc:397:parse_blif$17007_gate ($_MUX_): \register[5]_gate [3] -> \register[5] [3]
Changing input A of cell $abc$15168$auto$blifparse.cc:397:parse_blif$17011_gate ($_MUX_): \register[3]_gate [3] -> \register[3] [3]
Changing input B of cell $abc$15168$auto$blifparse.cc:397:parse_blif$17011_gate ($_MUX_): \register[7]_gate [3] -> \register[7] [3]
Changing input A of cell $abc$15168$auto$blifparse.cc:397:parse_blif$17013_gate ($_MUX_): \register[2]_gate [3] -> \register[2] [3]
Changing input B of cell $abc$15168$auto$blifparse.cc:397:parse_blif$17013_gate ($_MUX_): \register[6]_gate [3] -> \register[6] [3]
Changing input A of cell $abc$15168$auto$blifparse.cc:397:parse_blif$17019_gate ($_MUX_): \register[26]_gate [3] -> \register[26] [3]
Changing input B of cell $abc$15168$auto$blifparse.cc:397:parse_blif$17019_gate ($_MUX_): \register[30]_gate [3] -> \register[30] [3]
Changing input A of cell $abc$15168$auto$blifparse.cc:397:parse_blif$17021_gate ($_ORNOT_): \register[31]_gate [3] -> \register[31] [3]
Changing input B of cell $abc$15168$auto$blifparse.cc:397:parse_blif$17022_gate ($_OR_): \register[27]_gate [3] -> \register[27] [3]
Changing input A of cell $abc$15168$auto$blifparse.cc:397:parse_blif$17027_gate ($_ORNOT_): \register[29]_gate [3] -> \register[29] [3]
Changing input B of cell $abc$15168$auto$blifparse.cc:397:parse_blif$17028_gate ($_OR_): \register[25]_gate [3] -> \register[25] [3]
Changing input A of cell $abc$15168$auto$blifparse.cc:397:parse_blif$17031_gate ($_MUX_): \register[24]_gate [3] -> \register[24] [3]
Changing input B of cell $abc$15168$auto$blifparse.cc:397:parse_blif$17031_gate ($_MUX_): \register[28]_gate [3] -> \register[28] [3]
Changing input A of cell $abc$15168$auto$blifparse.cc:397:parse_blif$17037_gate ($_MUX_): \register[13]_gate [3] -> \register[13] [3]
Changing input B of cell $abc$15168$auto$blifparse.cc:397:parse_blif$17037_gate ($_MUX_): \register[15]_gate [3] -> \register[15] [3]
Changing input A of cell $abc$15168$auto$blifparse.cc:397:parse_blif$17038_gate ($_MUX_): \register[9]_gate [3] -> \register[9] [3]
Changing input B of cell $abc$15168$auto$blifparse.cc:397:parse_blif$17038_gate ($_MUX_): \register[11]_gate [3] -> \register[11] [3]
Changing input A of cell $abc$15168$auto$blifparse.cc:397:parse_blif$17040_gate ($_MUX_): \register[12]_gate [3] -> \register[12] [3]
Changing input B of cell $abc$15168$auto$blifparse.cc:397:parse_blif$17040_gate ($_MUX_): \register[14]_gate [3] -> \register[14] [3]
Changing input A of cell $abc$15168$auto$blifparse.cc:397:parse_blif$17041_gate ($_MUX_): \register[8]_gate [3] -> \register[8] [3]
Changing input B of cell $abc$15168$auto$blifparse.cc:397:parse_blif$17041_gate ($_MUX_): \register[10]_gate [3] -> \register[10] [3]
Changing input B of cell $abc$15168$auto$blifparse.cc:397:parse_blif$17047_gate ($_ORNOT_): \register[11]_gate [2] -> \register[11] [2]
Changing input B of cell $abc$15168$auto$blifparse.cc:397:parse_blif$17048_gate ($_NAND_): \register[15]_gate [2] -> \register[15] [2]
Changing input B of cell $abc$15168$auto$blifparse.cc:397:parse_blif$17051_gate ($_ORNOT_): \register[10]_gate [2] -> \register[10] [2]
Changing input B of cell $abc$15168$auto$blifparse.cc:397:parse_blif$17052_gate ($_AND_): \register[14]_gate [2] -> \register[14] [2]
Changing input B of cell $abc$15168$auto$blifparse.cc:397:parse_blif$17057_gate ($_ORNOT_): \register[27]_gate [2] -> \register[27] [2]
Changing input A of cell $abc$15168$auto$blifparse.cc:397:parse_blif$17058_gate ($_NAND_): \register[31]_gate [2] -> \register[31] [2]
Changing input B of cell $abc$15168$auto$blifparse.cc:397:parse_blif$17061_gate ($_ORNOT_): \register[26]_gate [2] -> \register[26] [2]
Changing input A of cell $abc$15168$auto$blifparse.cc:397:parse_blif$17062_gate ($_AND_): \register[30]_gate [2] -> \register[30] [2]
Changing input A of cell $abc$15168$auto$blifparse.cc:397:parse_blif$17068_gate ($_MUX_): \register[25]_gate [2] -> \register[25] [2]
Changing input B of cell $abc$15168$auto$blifparse.cc:397:parse_blif$17068_gate ($_MUX_): \register[29]_gate [2] -> \register[29] [2]
Changing input A of cell $abc$15168$auto$blifparse.cc:397:parse_blif$17069_gate ($_MUX_): \register[24]_gate [2] -> \register[24] [2]
Changing input B of cell $abc$15168$auto$blifparse.cc:397:parse_blif$17069_gate ($_MUX_): \register[28]_gate [2] -> \register[28] [2]
Changing input A of cell $abc$15168$auto$blifparse.cc:397:parse_blif$17071_gate ($_MUX_): \register[8]_gate [2] -> \register[8] [2]
Changing input B of cell $abc$15168$auto$blifparse.cc:397:parse_blif$17071_gate ($_MUX_): \register[12]_gate [2] -> \register[12] [2]
Changing input A of cell $abc$15168$auto$blifparse.cc:397:parse_blif$17073_gate ($_ORNOT_): \register[13]_gate [2] -> \register[13] [2]
Changing input B of cell $abc$15168$auto$blifparse.cc:397:parse_blif$17074_gate ($_OR_): \register[9]_gate [2] -> \register[9] [2]
Changing input A of cell $abc$15168$auto$blifparse.cc:397:parse_blif$17080_gate ($_MUX_): \register[3]_gate [2] -> \register[3] [2]
Changing input B of cell $abc$15168$auto$blifparse.cc:397:parse_blif$17080_gate ($_MUX_): \register[7]_gate [2] -> \register[7] [2]
Changing input A of cell $abc$15168$auto$blifparse.cc:397:parse_blif$17082_gate ($_MUX_): \register[2]_gate [2] -> \register[2] [2]
Changing input B of cell $abc$15168$auto$blifparse.cc:397:parse_blif$17082_gate ($_MUX_): \register[6]_gate [2] -> \register[6] [2]
Changing input B of cell $abc$15168$auto$blifparse.cc:397:parse_blif$17086_gate ($_ORNOT_): \register[19]_gate [2] -> \register[19] [2]
Changing input B of cell $abc$15168$auto$blifparse.cc:397:parse_blif$17087_gate ($_NAND_): \register[23]_gate [2] -> \register[23] [2]
Changing input B of cell $abc$15168$auto$blifparse.cc:397:parse_blif$17090_gate ($_NAND_): \register[22]_gate [2] -> \register[22] [2]
Changing input A of cell $abc$15168$auto$blifparse.cc:397:parse_blif$17091_gate ($_ANDNOT_): \register[18]_gate [2] -> \register[18] [2]
Changing input A of cell $abc$15168$auto$blifparse.cc:397:parse_blif$17097_gate ($_MUX_): \register[17]_gate [2] -> \register[17] [2]
Changing input B of cell $abc$15168$auto$blifparse.cc:397:parse_blif$17097_gate ($_MUX_): \register[21]_gate [2] -> \register[21] [2]
Changing input A of cell $abc$15168$auto$blifparse.cc:397:parse_blif$17098_gate ($_MUX_): \register[16]_gate [2] -> \register[16] [2]
Changing input B of cell $abc$15168$auto$blifparse.cc:397:parse_blif$17098_gate ($_MUX_): \register[20]_gate [2] -> \register[20] [2]
Changing input B of cell $abc$15168$auto$blifparse.cc:397:parse_blif$17100_gate ($_MUX_): \register[4]_gate [2] -> \register[4] [2]
Changing input A of cell $abc$15168$auto$blifparse.cc:397:parse_blif$17101_gate ($_MUX_): \register[1]_gate [2] -> \register[1] [2]
Changing input B of cell $abc$15168$auto$blifparse.cc:397:parse_blif$17101_gate ($_MUX_): \register[5]_gate [2] -> \register[5] [2]
Changing input A of cell $abc$15168$auto$blifparse.cc:397:parse_blif$17106_gate ($_ORNOT_): \register[29]_gate [1] -> \register[29] [1]
Changing input B of cell $abc$15168$auto$blifparse.cc:397:parse_blif$17107_gate ($_OR_): \register[25]_gate [1] -> \register[25] [1]
Changing input A of cell $abc$15168$auto$blifparse.cc:397:parse_blif$17110_gate ($_MUX_): \register[24]_gate [1] -> \register[24] [1]
Changing input B of cell $abc$15168$auto$blifparse.cc:397:parse_blif$17110_gate ($_MUX_): \register[28]_gate [1] -> \register[28] [1]
Changing input A of cell $abc$15168$auto$blifparse.cc:397:parse_blif$17114_gate ($_MUX_): \register[26]_gate [1] -> \register[26] [1]
Changing input B of cell $abc$15168$auto$blifparse.cc:397:parse_blif$17114_gate ($_MUX_): \register[30]_gate [1] -> \register[30] [1]
Changing input A of cell $abc$15168$auto$blifparse.cc:397:parse_blif$17116_gate ($_ORNOT_): \register[31]_gate [1] -> \register[31] [1]
Changing input B of cell $abc$15168$auto$blifparse.cc:397:parse_blif$17117_gate ($_OR_): \register[27]_gate [1] -> \register[27] [1]
Changing input A of cell $abc$15168$auto$blifparse.cc:397:parse_blif$17124_gate ($_MUX_): \register[10]_gate [1] -> \register[10] [1]
Changing input B of cell $abc$15168$auto$blifparse.cc:397:parse_blif$17124_gate ($_MUX_): \register[14]_gate [1] -> \register[14] [1]
Changing input A of cell $abc$15168$auto$blifparse.cc:397:parse_blif$17126_gate ($_ORNOT_): \register[15]_gate [1] -> \register[15] [1]
Changing input B of cell $abc$15168$auto$blifparse.cc:397:parse_blif$17127_gate ($_OR_): \register[11]_gate [1] -> \register[11] [1]
Changing input A of cell $abc$15168$auto$blifparse.cc:397:parse_blif$17131_gate ($_ORNOT_): \register[13]_gate [1] -> \register[13] [1]
Changing input B of cell $abc$15168$auto$blifparse.cc:397:parse_blif$17132_gate ($_OR_): \register[9]_gate [1] -> \register[9] [1]
Changing input A of cell $abc$15168$auto$blifparse.cc:397:parse_blif$17135_gate ($_MUX_): \register[8]_gate [1] -> \register[8] [1]
Changing input B of cell $abc$15168$auto$blifparse.cc:397:parse_blif$17135_gate ($_MUX_): \register[12]_gate [1] -> \register[12] [1]
Changing input A of cell $abc$15168$auto$blifparse.cc:397:parse_blif$17141_gate ($_ORNOT_): \register[21]_gate [1] -> \register[21] [1]
Changing input B of cell $abc$15168$auto$blifparse.cc:397:parse_blif$17142_gate ($_OR_): \register[17]_gate [1] -> \register[17] [1]
Changing input A of cell $abc$15168$auto$blifparse.cc:397:parse_blif$17145_gate ($_MUX_): \register[16]_gate [1] -> \register[16] [1]
Changing input B of cell $abc$15168$auto$blifparse.cc:397:parse_blif$17145_gate ($_MUX_): \register[20]_gate [1] -> \register[20] [1]
Changing input A of cell $abc$15168$auto$blifparse.cc:397:parse_blif$17149_gate ($_ORNOT_): \register[23]_gate [1] -> \register[23] [1]
Changing input B of cell $abc$15168$auto$blifparse.cc:397:parse_blif$17150_gate ($_OR_): \register[19]_gate [1] -> \register[19] [1]
Changing input A of cell $abc$15168$auto$blifparse.cc:397:parse_blif$17153_gate ($_ORNOT_): \register[22]_gate [1] -> \register[22] [1]
Changing input B of cell $abc$15168$auto$blifparse.cc:397:parse_blif$17154_gate ($_NOR_): \register[18]_gate [1] -> \register[18] [1]
Changing input B of cell $abc$15168$auto$blifparse.cc:397:parse_blif$17161_gate ($_OR_): \register[2]_gate [1] -> \register[2] [1]
Changing input B of cell $abc$15168$auto$blifparse.cc:397:parse_blif$17162_gate ($_ANDNOT_): \register[6]_gate [1] -> \register[6] [1]
Changing input A of cell $abc$15168$auto$blifparse.cc:397:parse_blif$17165_gate ($_ORNOT_): \register[7]_gate [1] -> \register[7] [1]
Changing input B of cell $abc$15168$auto$blifparse.cc:397:parse_blif$17166_gate ($_OR_): \register[3]_gate [1] -> \register[3] [1]
Changing input B of cell $abc$15168$auto$blifparse.cc:397:parse_blif$17170_gate ($_MUX_): \register[4]_gate [1] -> \register[4] [1]
Changing input A of cell $abc$15168$auto$blifparse.cc:397:parse_blif$17172_gate ($_ORNOT_): \register[5]_gate [1] -> \register[5] [1]
Changing input B of cell $abc$15168$auto$blifparse.cc:397:parse_blif$17173_gate ($_OR_): \register[1]_gate [1] -> \register[1] [1]
Changing input A of cell $abc$15168$auto$blifparse.cc:397:parse_blif$17181_gate ($_ORNOT_): \register[29]_gate [0] -> \register[29] [0]
Changing input B of cell $abc$15168$auto$blifparse.cc:397:parse_blif$17182_gate ($_OR_): \register[25]_gate [0] -> \register[25] [0]
Changing input A of cell $abc$15168$auto$blifparse.cc:397:parse_blif$17185_gate ($_MUX_): \register[24]_gate [0] -> \register[24] [0]
Changing input B of cell $abc$15168$auto$blifparse.cc:397:parse_blif$17185_gate ($_MUX_): \register[28]_gate [0] -> \register[28] [0]
Changing input A of cell $abc$15168$auto$blifparse.cc:397:parse_blif$17189_gate ($_MUX_): \register[26]_gate [0] -> \register[26] [0]
Changing input B of cell $abc$15168$auto$blifparse.cc:397:parse_blif$17189_gate ($_MUX_): \register[30]_gate [0] -> \register[30] [0]
Changing input A of cell $abc$15168$auto$blifparse.cc:397:parse_blif$17191_gate ($_ORNOT_): \register[31]_gate [0] -> \register[31] [0]
Changing input B of cell $abc$15168$auto$blifparse.cc:397:parse_blif$17192_gate ($_OR_): \register[27]_gate [0] -> \register[27] [0]
Changing input A of cell $abc$15168$auto$blifparse.cc:397:parse_blif$17199_gate ($_MUX_): \register[10]_gate [0] -> \register[10] [0]
Changing input B of cell $abc$15168$auto$blifparse.cc:397:parse_blif$17199_gate ($_MUX_): \register[14]_gate [0] -> \register[14] [0]
Changing input A of cell $abc$15168$auto$blifparse.cc:397:parse_blif$17201_gate ($_ORNOT_): \register[15]_gate [0] -> \register[15] [0]
Changing input B of cell $abc$15168$auto$blifparse.cc:397:parse_blif$17202_gate ($_OR_): \register[11]_gate [0] -> \register[11] [0]
Changing input A of cell $abc$15168$auto$blifparse.cc:397:parse_blif$17206_gate ($_ORNOT_): \register[13]_gate [0] -> \register[13] [0]
Changing input B of cell $abc$15168$auto$blifparse.cc:397:parse_blif$17207_gate ($_OR_): \register[9]_gate [0] -> \register[9] [0]
Changing input A of cell $abc$15168$auto$blifparse.cc:397:parse_blif$17210_gate ($_MUX_): \register[8]_gate [0] -> \register[8] [0]
Changing input B of cell $abc$15168$auto$blifparse.cc:397:parse_blif$17210_gate ($_MUX_): \register[12]_gate [0] -> \register[12] [0]
Changing input A of cell $abc$15168$auto$blifparse.cc:397:parse_blif$17216_gate ($_ORNOT_): \register[21]_gate [0] -> \register[21] [0]
Changing input B of cell $abc$15168$auto$blifparse.cc:397:parse_blif$17217_gate ($_OR_): \register[17]_gate [0] -> \register[17] [0]
Changing input A of cell $abc$15168$auto$blifparse.cc:397:parse_blif$17220_gate ($_MUX_): \register[16]_gate [0] -> \register[16] [0]
Changing input B of cell $abc$15168$auto$blifparse.cc:397:parse_blif$17220_gate ($_MUX_): \register[20]_gate [0] -> \register[20] [0]
Changing input A of cell $abc$15168$auto$blifparse.cc:397:parse_blif$17224_gate ($_ORNOT_): \register[23]_gate [0] -> \register[23] [0]
Changing input B of cell $abc$15168$auto$blifparse.cc:397:parse_blif$17225_gate ($_OR_): \register[19]_gate [0] -> \register[19] [0]
Changing input A of cell $abc$15168$auto$blifparse.cc:397:parse_blif$17228_gate ($_ORNOT_): \register[22]_gate [0] -> \register[22] [0]
Changing input B of cell $abc$15168$auto$blifparse.cc:397:parse_blif$17229_gate ($_NOR_): \register[18]_gate [0] -> \register[18] [0]
Changing input B of cell $abc$15168$auto$blifparse.cc:397:parse_blif$17236_gate ($_OR_): \register[2]_gate [0] -> \register[2] [0]
Changing input B of cell $abc$15168$auto$blifparse.cc:397:parse_blif$17237_gate ($_ANDNOT_): \register[6]_gate [0] -> \register[6] [0]
Changing input A of cell $abc$15168$auto$blifparse.cc:397:parse_blif$17240_gate ($_ORNOT_): \register[7]_gate [0] -> \register[7] [0]
Changing input B of cell $abc$15168$auto$blifparse.cc:397:parse_blif$17241_gate ($_OR_): \register[3]_gate [0] -> \register[3] [0]
Changing input B of cell $abc$15168$auto$blifparse.cc:397:parse_blif$17245_gate ($_MUX_): \register[4]_gate [0] -> \register[4] [0]
Changing input A of cell $abc$15168$auto$blifparse.cc:397:parse_blif$17247_gate ($_ORNOT_): \register[5]_gate [0] -> \register[5] [0]
Changing input B of cell $abc$15168$auto$blifparse.cc:397:parse_blif$17248_gate ($_OR_): \register[1]_gate [0] -> \register[1] [0]
Changing input A of cell $abc$15168$auto$blifparse.cc:397:parse_blif$17256_gate ($_MUX_): \register[16]_gate [30] -> \register[16] [30]
Changing input B of cell $abc$15168$auto$blifparse.cc:397:parse_blif$17256_gate ($_MUX_): \register[20]_gate [30] -> \register[20] [30]
Changing input A of cell $abc$15168$auto$blifparse.cc:397:parse_blif$17257_gate ($_MUX_): \register[17]_gate [30] -> \register[17] [30]
Changing input B of cell $abc$15168$auto$blifparse.cc:397:parse_blif$17257_gate ($_MUX_): \register[21]_gate [30] -> \register[21] [30]
Changing input A of cell $abc$15168$auto$blifparse.cc:397:parse_blif$17260_gate ($_MUX_): \register[19]_gate [30] -> \register[19] [30]
Changing input B of cell $abc$15168$auto$blifparse.cc:397:parse_blif$17260_gate ($_MUX_): \register[23]_gate [30] -> \register[23] [30]
Changing input A of cell $abc$15168$auto$blifparse.cc:397:parse_blif$17262_gate ($_MUX_): \register[18]_gate [30] -> \register[18] [30]
Changing input B of cell $abc$15168$auto$blifparse.cc:397:parse_blif$17262_gate ($_MUX_): \register[22]_gate [30] -> \register[22] [30]
Changing input A of cell $abc$15168$auto$blifparse.cc:397:parse_blif$17267_gate ($_MUX_): \register[8]_gate [30] -> \register[8] [30]
Changing input B of cell $abc$15168$auto$blifparse.cc:397:parse_blif$17267_gate ($_MUX_): \register[12]_gate [30] -> \register[12] [30]
Changing input A of cell $abc$15168$auto$blifparse.cc:397:parse_blif$17269_gate ($_MUX_): \register[9]_gate [30] -> \register[9] [30]
Changing input B of cell $abc$15168$auto$blifparse.cc:397:parse_blif$17269_gate ($_MUX_): \register[13]_gate [30] -> \register[13] [30]
Changing input A of cell $abc$15168$auto$blifparse.cc:397:parse_blif$17273_gate ($_MUX_): \register[10]_gate [30] -> \register[10] [30]
Changing input B of cell $abc$15168$auto$blifparse.cc:397:parse_blif$17273_gate ($_MUX_): \register[14]_gate [30] -> \register[14] [30]
Changing input A of cell $abc$15168$auto$blifparse.cc:397:parse_blif$17275_gate ($_MUX_): \register[11]_gate [30] -> \register[11] [30]
Changing input B of cell $abc$15168$auto$blifparse.cc:397:parse_blif$17275_gate ($_MUX_): \register[15]_gate [30] -> \register[15] [30]
Changing input B of cell $abc$15168$auto$blifparse.cc:397:parse_blif$17280_gate ($_MUX_): \register[1]_gate [30] -> \register[1] [30]
Changing input A of cell $abc$15168$auto$blifparse.cc:397:parse_blif$17282_gate ($_MUX_): \register[4]_gate [30] -> \register[4] [30]
Changing input B of cell $abc$15168$auto$blifparse.cc:397:parse_blif$17282_gate ($_MUX_): \register[5]_gate [30] -> \register[5] [30]
Changing input A of cell $abc$15168$auto$blifparse.cc:397:parse_blif$17286_gate ($_MUX_): \register[2]_gate [30] -> \register[2] [30]
Changing input B of cell $abc$15168$auto$blifparse.cc:397:parse_blif$17286_gate ($_MUX_): \register[3]_gate [30] -> \register[3] [30]
Changing input A of cell $abc$15168$auto$blifparse.cc:397:parse_blif$17288_gate ($_MUX_): \register[6]_gate [30] -> \register[6] [30]
Changing input B of cell $abc$15168$auto$blifparse.cc:397:parse_blif$17288_gate ($_MUX_): \register[7]_gate [30] -> \register[7] [30]
Changing input A of cell $abc$15168$auto$blifparse.cc:397:parse_blif$17295_gate ($_ORNOT_): \register[31]_gate [30] -> \register[31] [30]
Changing input B of cell $abc$15168$auto$blifparse.cc:397:parse_blif$17296_gate ($_OR_): \register[27]_gate [30] -> \register[27] [30]
Changing input A of cell $abc$15168$auto$blifparse.cc:397:parse_blif$17299_gate ($_MUX_): \register[26]_gate [30] -> \register[26] [30]
Changing input B of cell $abc$15168$auto$blifparse.cc:397:parse_blif$17299_gate ($_MUX_): \register[30]_gate [30] -> \register[30] [30]
Changing input A of cell $abc$15168$auto$blifparse.cc:397:parse_blif$17303_gate ($_MUX_): \register[24]_gate [30] -> \register[24] [30]
Changing input B of cell $abc$15168$auto$blifparse.cc:397:parse_blif$17303_gate ($_MUX_): \register[28]_gate [30] -> \register[28] [30]
Changing input A of cell $abc$15168$auto$blifparse.cc:397:parse_blif$17305_gate ($_ORNOT_): \register[29]_gate [30] -> \register[29] [30]
Changing input B of cell $abc$15168$auto$blifparse.cc:397:parse_blif$17306_gate ($_OR_): \register[25]_gate [30] -> \register[25] [30]
Changing input A of cell $abc$15168$auto$blifparse.cc:397:parse_blif$17315_gate ($_MUX_): \register[30]_gate [29] -> \register[30] [29]
Changing input B of cell $abc$15168$auto$blifparse.cc:397:parse_blif$17315_gate ($_MUX_): \register[31]_gate [29] -> \register[31] [29]
Changing input A of cell $abc$15168$auto$blifparse.cc:397:parse_blif$17316_gate ($_MUX_): \register[26]_gate [29] -> \register[26] [29]
Changing input B of cell $abc$15168$auto$blifparse.cc:397:parse_blif$17316_gate ($_MUX_): \register[27]_gate [29] -> \register[27] [29]
Changing input A of cell $abc$15168$auto$blifparse.cc:397:parse_blif$17318_gate ($_MUX_): \register[28]_gate [29] -> \register[28] [29]
Changing input B of cell $abc$15168$auto$blifparse.cc:397:parse_blif$17318_gate ($_MUX_): \register[29]_gate [29] -> \register[29] [29]
Changing input A of cell $abc$15168$auto$blifparse.cc:397:parse_blif$17319_gate ($_MUX_): \register[24]_gate [29] -> \register[24] [29]
Changing input B of cell $abc$15168$auto$blifparse.cc:397:parse_blif$17319_gate ($_MUX_): \register[25]_gate [29] -> \register[25] [29]
Changing input A of cell $abc$15168$auto$blifparse.cc:397:parse_blif$17322_gate ($_MUX_): \register[10]_gate [29] -> \register[10] [29]
Changing input B of cell $abc$15168$auto$blifparse.cc:397:parse_blif$17322_gate ($_MUX_): \register[14]_gate [29] -> \register[14] [29]
Changing input A of cell $abc$15168$auto$blifparse.cc:397:parse_blif$17324_gate ($_ORNOT_): \register[15]_gate [29] -> \register[15] [29]
Changing input B of cell $abc$15168$auto$blifparse.cc:397:parse_blif$17325_gate ($_OR_): \register[11]_gate [29] -> \register[11] [29]
Changing input A of cell $abc$15168$auto$blifparse.cc:397:parse_blif$17329_gate ($_ORNOT_): \register[13]_gate [29] -> \register[13] [29]
Changing input B of cell $abc$15168$auto$blifparse.cc:397:parse_blif$17330_gate ($_OR_): \register[9]_gate [29] -> \register[9] [29]
Changing input A of cell $abc$15168$auto$blifparse.cc:397:parse_blif$17333_gate ($_MUX_): \register[8]_gate [29] -> \register[8] [29]
Changing input B of cell $abc$15168$auto$blifparse.cc:397:parse_blif$17333_gate ($_MUX_): \register[12]_gate [29] -> \register[12] [29]
Changing input B of cell $abc$15168$auto$blifparse.cc:397:parse_blif$17338_gate ($_NAND_): \register[21]_gate [29] -> \register[21] [29]
Changing input B of cell $abc$15168$auto$blifparse.cc:397:parse_blif$17339_gate ($_ORNOT_): \register[20]_gate [29] -> \register[20] [29]
Changing input B of cell $abc$15168$auto$blifparse.cc:397:parse_blif$17342_gate ($_NAND_): \register[17]_gate [29] -> \register[17] [29]
Changing input A of cell $abc$15168$auto$blifparse.cc:397:parse_blif$17343_gate ($_ANDNOT_): \register[16]_gate [29] -> \register[16] [29]
Changing input B of cell $abc$15168$auto$blifparse.cc:397:parse_blif$17348_gate ($_NAND_): \register[23]_gate [29] -> \register[23] [29]
Changing input B of cell $abc$15168$auto$blifparse.cc:397:parse_blif$17349_gate ($_ORNOT_): \register[22]_gate [29] -> \register[22] [29]
Changing input B of cell $abc$15168$auto$blifparse.cc:397:parse_blif$17352_gate ($_NAND_): \register[19]_gate [29] -> \register[19] [29]
Changing input A of cell $abc$15168$auto$blifparse.cc:397:parse_blif$17353_gate ($_ANDNOT_): \register[18]_gate [29] -> \register[18] [29]
Changing input A of cell $abc$15168$auto$blifparse.cc:397:parse_blif$17359_gate ($_ORNOT_): \register[7]_gate [29] -> \register[7] [29]
Changing input B of cell $abc$15168$auto$blifparse.cc:397:parse_blif$17360_gate ($_OR_): \register[3]_gate [29] -> \register[3] [29]
Changing input A of cell $abc$15168$auto$blifparse.cc:397:parse_blif$17363_gate ($_MUX_): \register[2]_gate [29] -> \register[2] [29]
Changing input B of cell $abc$15168$auto$blifparse.cc:397:parse_blif$17363_gate ($_MUX_): \register[6]_gate [29] -> \register[6] [29]
Changing input A of cell $abc$15168$auto$blifparse.cc:397:parse_blif$17366_gate ($_ORNOT_): \register[5]_gate [29] -> \register[5] [29]
Changing input B of cell $abc$15168$auto$blifparse.cc:397:parse_blif$17367_gate ($_OR_): \register[1]_gate [29] -> \register[1] [29]
Changing input B of cell $abc$15168$auto$blifparse.cc:397:parse_blif$17370_gate ($_MUX_): \register[4]_gate [29] -> \register[4] [29]
Changing input A of cell $abc$15168$auto$blifparse.cc:397:parse_blif$17376_gate ($_MUX_): \register[30]_gate [28] -> \register[30] [28]
Changing input B of cell $abc$15168$auto$blifparse.cc:397:parse_blif$17376_gate ($_MUX_): \register[31]_gate [28] -> \register[31] [28]
Changing input A of cell $abc$15168$auto$blifparse.cc:397:parse_blif$17377_gate ($_MUX_): \register[26]_gate [28] -> \register[26] [28]
Changing input B of cell $abc$15168$auto$blifparse.cc:397:parse_blif$17377_gate ($_MUX_): \register[27]_gate [28] -> \register[27] [28]
Changing input A of cell $abc$15168$auto$blifparse.cc:397:parse_blif$17379_gate ($_MUX_): \register[28]_gate [28] -> \register[28] [28]
Changing input B of cell $abc$15168$auto$blifparse.cc:397:parse_blif$17379_gate ($_MUX_): \register[29]_gate [28] -> \register[29] [28]
Changing input A of cell $abc$15168$auto$blifparse.cc:397:parse_blif$17380_gate ($_MUX_): \register[24]_gate [28] -> \register[24] [28]
Changing input B of cell $abc$15168$auto$blifparse.cc:397:parse_blif$17380_gate ($_MUX_): \register[25]_gate [28] -> \register[25] [28]
Changing input A of cell $abc$15168$auto$blifparse.cc:397:parse_blif$17383_gate ($_MUX_): \register[10]_gate [28] -> \register[10] [28]
Changing input B of cell $abc$15168$auto$blifparse.cc:397:parse_blif$17383_gate ($_MUX_): \register[14]_gate [28] -> \register[14] [28]
Changing input A of cell $abc$15168$auto$blifparse.cc:397:parse_blif$17385_gate ($_ORNOT_): \register[15]_gate [28] -> \register[15] [28]
Changing input B of cell $abc$15168$auto$blifparse.cc:397:parse_blif$17386_gate ($_OR_): \register[11]_gate [28] -> \register[11] [28]
Changing input A of cell $abc$15168$auto$blifparse.cc:397:parse_blif$17390_gate ($_ORNOT_): \register[13]_gate [28] -> \register[13] [28]
Changing input B of cell $abc$15168$auto$blifparse.cc:397:parse_blif$17391_gate ($_OR_): \register[9]_gate [28] -> \register[9] [28]
Changing input A of cell $abc$15168$auto$blifparse.cc:397:parse_blif$17394_gate ($_MUX_): \register[8]_gate [28] -> \register[8] [28]
Changing input B of cell $abc$15168$auto$blifparse.cc:397:parse_blif$17394_gate ($_MUX_): \register[12]_gate [28] -> \register[12] [28]
Changing input A of cell $abc$15168$auto$blifparse.cc:397:parse_blif$17399_gate ($_ORNOT_): \register[21]_gate [28] -> \register[21] [28]
Changing input B of cell $abc$15168$auto$blifparse.cc:397:parse_blif$17400_gate ($_OR_): \register[17]_gate [28] -> \register[17] [28]
Changing input A of cell $abc$15168$auto$blifparse.cc:397:parse_blif$17403_gate ($_MUX_): \register[16]_gate [28] -> \register[16] [28]
Changing input B of cell $abc$15168$auto$blifparse.cc:397:parse_blif$17403_gate ($_MUX_): \register[20]_gate [28] -> \register[20] [28]
Changing input A of cell $abc$15168$auto$blifparse.cc:397:parse_blif$17407_gate ($_ORNOT_): \register[23]_gate [28] -> \register[23] [28]
Changing input B of cell $abc$15168$auto$blifparse.cc:397:parse_blif$17408_gate ($_OR_): \register[19]_gate [28] -> \register[19] [28]
Changing input A of cell $abc$15168$auto$blifparse.cc:397:parse_blif$17411_gate ($_MUX_): \register[18]_gate [28] -> \register[18] [28]
Changing input B of cell $abc$15168$auto$blifparse.cc:397:parse_blif$17411_gate ($_MUX_): \register[22]_gate [28] -> \register[22] [28]
Changing input A of cell $abc$15168$auto$blifparse.cc:397:parse_blif$17417_gate ($_MUX_): \register[2]_gate [28] -> \register[2] [28]
Changing input B of cell $abc$15168$auto$blifparse.cc:397:parse_blif$17417_gate ($_MUX_): \register[6]_gate [28] -> \register[6] [28]
Changing input A of cell $abc$15168$auto$blifparse.cc:397:parse_blif$17419_gate ($_ORNOT_): \register[7]_gate [28] -> \register[7] [28]
Changing input B of cell $abc$15168$auto$blifparse.cc:397:parse_blif$17420_gate ($_OR_): \register[3]_gate [28] -> \register[3] [28]
Changing input B of cell $abc$15168$auto$blifparse.cc:397:parse_blif$17424_gate ($_MUX_): \register[4]_gate [28] -> \register[4] [28]
Changing input A of cell $abc$15168$auto$blifparse.cc:397:parse_blif$17426_gate ($_ORNOT_): \register[5]_gate [28] -> \register[5] [28]
Changing input B of cell $abc$15168$auto$blifparse.cc:397:parse_blif$17427_gate ($_OR_): \register[1]_gate [28] -> \register[1] [28]
Changing input A of cell $abc$15168$auto$blifparse.cc:397:parse_blif$17435_gate ($_MUX_): \register[30]_gate [27] -> \register[30] [27]
Changing input B of cell $abc$15168$auto$blifparse.cc:397:parse_blif$17435_gate ($_MUX_): \register[31]_gate [27] -> \register[31] [27]
Changing input A of cell $abc$15168$auto$blifparse.cc:397:parse_blif$17436_gate ($_MUX_): \register[26]_gate [27] -> \register[26] [27]
Changing input B of cell $abc$15168$auto$blifparse.cc:397:parse_blif$17436_gate ($_MUX_): \register[27]_gate [27] -> \register[27] [27]
Changing input A of cell $abc$15168$auto$blifparse.cc:397:parse_blif$17438_gate ($_MUX_): \register[28]_gate [27] -> \register[28] [27]
Changing input B of cell $abc$15168$auto$blifparse.cc:397:parse_blif$17438_gate ($_MUX_): \register[29]_gate [27] -> \register[29] [27]
Changing input A of cell $abc$15168$auto$blifparse.cc:397:parse_blif$17439_gate ($_MUX_): \register[24]_gate [27] -> \register[24] [27]
Changing input B of cell $abc$15168$auto$blifparse.cc:397:parse_blif$17439_gate ($_MUX_): \register[25]_gate [27] -> \register[25] [27]
Changing input A of cell $abc$15168$auto$blifparse.cc:397:parse_blif$17442_gate ($_MUX_): \register[10]_gate [27] -> \register[10] [27]
Changing input B of cell $abc$15168$auto$blifparse.cc:397:parse_blif$17442_gate ($_MUX_): \register[14]_gate [27] -> \register[14] [27]
Changing input A of cell $abc$15168$auto$blifparse.cc:397:parse_blif$17444_gate ($_ORNOT_): \register[15]_gate [27] -> \register[15] [27]
Changing input B of cell $abc$15168$auto$blifparse.cc:397:parse_blif$17445_gate ($_OR_): \register[11]_gate [27] -> \register[11] [27]
Changing input A of cell $abc$15168$auto$blifparse.cc:397:parse_blif$17449_gate ($_ORNOT_): \register[13]_gate [27] -> \register[13] [27]
Changing input B of cell $abc$15168$auto$blifparse.cc:397:parse_blif$17450_gate ($_OR_): \register[9]_gate [27] -> \register[9] [27]
Changing input A of cell $abc$15168$auto$blifparse.cc:397:parse_blif$17453_gate ($_MUX_): \register[8]_gate [27] -> \register[8] [27]
Changing input B of cell $abc$15168$auto$blifparse.cc:397:parse_blif$17453_gate ($_MUX_): \register[12]_gate [27] -> \register[12] [27]
Changing input A of cell $abc$15168$auto$blifparse.cc:397:parse_blif$17458_gate ($_ORNOT_): \register[21]_gate [27] -> \register[21] [27]
Changing input B of cell $abc$15168$auto$blifparse.cc:397:parse_blif$17459_gate ($_OR_): \register[17]_gate [27] -> \register[17] [27]
Changing input A of cell $abc$15168$auto$blifparse.cc:397:parse_blif$17462_gate ($_MUX_): \register[16]_gate [27] -> \register[16] [27]
Changing input B of cell $abc$15168$auto$blifparse.cc:397:parse_blif$17462_gate ($_MUX_): \register[20]_gate [27] -> \register[20] [27]
Changing input A of cell $abc$15168$auto$blifparse.cc:397:parse_blif$17466_gate ($_ORNOT_): \register[23]_gate [27] -> \register[23] [27]
Changing input B of cell $abc$15168$auto$blifparse.cc:397:parse_blif$17467_gate ($_OR_): \register[19]_gate [27] -> \register[19] [27]
Changing input A of cell $abc$15168$auto$blifparse.cc:397:parse_blif$17470_gate ($_MUX_): \register[18]_gate [27] -> \register[18] [27]
Changing input B of cell $abc$15168$auto$blifparse.cc:397:parse_blif$17470_gate ($_MUX_): \register[22]_gate [27] -> \register[22] [27]
Changing input A of cell $abc$15168$auto$blifparse.cc:397:parse_blif$17476_gate ($_MUX_): \register[2]_gate [27] -> \register[2] [27]
Changing input B of cell $abc$15168$auto$blifparse.cc:397:parse_blif$17476_gate ($_MUX_): \register[6]_gate [27] -> \register[6] [27]
Changing input A of cell $abc$15168$auto$blifparse.cc:397:parse_blif$17478_gate ($_ORNOT_): \register[7]_gate [27] -> \register[7] [27]
Changing input B of cell $abc$15168$auto$blifparse.cc:397:parse_blif$17479_gate ($_OR_): \register[3]_gate [27] -> \register[3] [27]
Changing input B of cell $abc$15168$auto$blifparse.cc:397:parse_blif$17483_gate ($_MUX_): \register[4]_gate [27] -> \register[4] [27]
Changing input A of cell $abc$15168$auto$blifparse.cc:397:parse_blif$17485_gate ($_ORNOT_): \register[5]_gate [27] -> \register[5] [27]
Changing input B of cell $abc$15168$auto$blifparse.cc:397:parse_blif$17486_gate ($_OR_): \register[1]_gate [27] -> \register[1] [27]
Changing input A of cell $abc$15168$auto$blifparse.cc:397:parse_blif$17494_gate ($_MUX_): \register[8]_gate [26] -> \register[8] [26]
Changing input B of cell $abc$15168$auto$blifparse.cc:397:parse_blif$17494_gate ($_MUX_): \register[9]_gate [26] -> \register[9] [26]
Changing input A of cell $abc$15168$auto$blifparse.cc:397:parse_blif$17496_gate ($_MUX_): \register[12]_gate [26] -> \register[12] [26]
Changing input B of cell $abc$15168$auto$blifparse.cc:397:parse_blif$17496_gate ($_MUX_): \register[13]_gate [26] -> \register[13] [26]
Changing input A of cell $abc$15168$auto$blifparse.cc:397:parse_blif$17500_gate ($_MUX_): \register[10]_gate [26] -> \register[10] [26]
Changing input B of cell $abc$15168$auto$blifparse.cc:397:parse_blif$17500_gate ($_MUX_): \register[11]_gate [26] -> \register[11] [26]
Changing input A of cell $abc$15168$auto$blifparse.cc:397:parse_blif$17502_gate ($_MUX_): \register[14]_gate [26] -> \register[14] [26]
Changing input B of cell $abc$15168$auto$blifparse.cc:397:parse_blif$17502_gate ($_MUX_): \register[15]_gate [26] -> \register[15] [26]
Changing input A of cell $abc$15168$auto$blifparse.cc:397:parse_blif$17507_gate ($_MUX_): \register[2]_gate [26] -> \register[2] [26]
Changing input B of cell $abc$15168$auto$blifparse.cc:397:parse_blif$17507_gate ($_MUX_): \register[6]_gate [26] -> \register[6] [26]
Changing input A of cell $abc$15168$auto$blifparse.cc:397:parse_blif$17509_gate ($_ORNOT_): \register[7]_gate [26] -> \register[7] [26]
Changing input B of cell $abc$15168$auto$blifparse.cc:397:parse_blif$17510_gate ($_OR_): \register[3]_gate [26] -> \register[3] [26]
Changing input B of cell $abc$15168$auto$blifparse.cc:397:parse_blif$17514_gate ($_MUX_): \register[4]_gate [26] -> \register[4] [26]
Changing input A of cell $abc$15168$auto$blifparse.cc:397:parse_blif$17516_gate ($_ORNOT_): \register[5]_gate [26] -> \register[5] [26]
Changing input B of cell $abc$15168$auto$blifparse.cc:397:parse_blif$17517_gate ($_OR_): \register[1]_gate [26] -> \register[1] [26]
Changing input A of cell $abc$15168$auto$blifparse.cc:397:parse_blif$17523_gate ($_MUX_): \register[24]_gate [26] -> \register[24] [26]
Changing input B of cell $abc$15168$auto$blifparse.cc:397:parse_blif$17523_gate ($_MUX_): \register[28]_gate [26] -> \register[28] [26]
Changing input A of cell $abc$15168$auto$blifparse.cc:397:parse_blif$17525_gate ($_ORNOT_): \register[29]_gate [26] -> \register[29] [26]
Changing input B of cell $abc$15168$auto$blifparse.cc:397:parse_blif$17526_gate ($_OR_): \register[25]_gate [26] -> \register[25] [26]
Changing input A of cell $abc$15168$auto$blifparse.cc:397:parse_blif$17531_gate ($_ORNOT_): \register[31]_gate [26] -> \register[31] [26]
Changing input B of cell $abc$15168$auto$blifparse.cc:397:parse_blif$17532_gate ($_OR_): \register[27]_gate [26] -> \register[27] [26]
Changing input A of cell $abc$15168$auto$blifparse.cc:397:parse_blif$17535_gate ($_MUX_): \register[26]_gate [26] -> \register[26] [26]
Changing input B of cell $abc$15168$auto$blifparse.cc:397:parse_blif$17535_gate ($_MUX_): \register[30]_gate [26] -> \register[30] [26]
Changing input A of cell $abc$15168$auto$blifparse.cc:397:parse_blif$17543_gate ($_ORNOT_): \register[21]_gate [26] -> \register[21] [26]
Changing input B of cell $abc$15168$auto$blifparse.cc:397:parse_blif$17544_gate ($_OR_): \register[17]_gate [26] -> \register[17] [26]
Changing input A of cell $abc$15168$auto$blifparse.cc:397:parse_blif$17547_gate ($_MUX_): \register[16]_gate [26] -> \register[16] [26]
Changing input B of cell $abc$15168$auto$blifparse.cc:397:parse_blif$17547_gate ($_MUX_): \register[20]_gate [26] -> \register[20] [26]
Changing input A of cell $abc$15168$auto$blifparse.cc:397:parse_blif$17551_gate ($_ORNOT_): \register[23]_gate [26] -> \register[23] [26]
Changing input B of cell $abc$15168$auto$blifparse.cc:397:parse_blif$17552_gate ($_OR_): \register[19]_gate [26] -> \register[19] [26]
Changing input A of cell $abc$15168$auto$blifparse.cc:397:parse_blif$17555_gate ($_MUX_): \register[18]_gate [26] -> \register[18] [26]
Changing input B of cell $abc$15168$auto$blifparse.cc:397:parse_blif$17555_gate ($_MUX_): \register[22]_gate [26] -> \register[22] [26]
Changing input A of cell $abc$15168$auto$blifparse.cc:397:parse_blif$17563_gate ($_MUX_): \register[8]_gate [25] -> \register[8] [25]
Changing input B of cell $abc$15168$auto$blifparse.cc:397:parse_blif$17563_gate ($_MUX_): \register[9]_gate [25] -> \register[9] [25]
Changing input A of cell $abc$15168$auto$blifparse.cc:397:parse_blif$17565_gate ($_MUX_): \register[12]_gate [25] -> \register[12] [25]
Changing input B of cell $abc$15168$auto$blifparse.cc:397:parse_blif$17565_gate ($_MUX_): \register[13]_gate [25] -> \register[13] [25]
Changing input A of cell $abc$15168$auto$blifparse.cc:397:parse_blif$17569_gate ($_MUX_): \register[10]_gate [25] -> \register[10] [25]
Changing input B of cell $abc$15168$auto$blifparse.cc:397:parse_blif$17569_gate ($_MUX_): \register[11]_gate [25] -> \register[11] [25]
Changing input A of cell $abc$15168$auto$blifparse.cc:397:parse_blif$17571_gate ($_MUX_): \register[14]_gate [25] -> \register[14] [25]
Changing input B of cell $abc$15168$auto$blifparse.cc:397:parse_blif$17571_gate ($_MUX_): \register[15]_gate [25] -> \register[15] [25]
Changing input A of cell $abc$15168$auto$blifparse.cc:397:parse_blif$17576_gate ($_MUX_): \register[2]_gate [25] -> \register[2] [25]
Changing input B of cell $abc$15168$auto$blifparse.cc:397:parse_blif$17576_gate ($_MUX_): \register[6]_gate [25] -> \register[6] [25]
Changing input A of cell $abc$15168$auto$blifparse.cc:397:parse_blif$17578_gate ($_ORNOT_): \register[7]_gate [25] -> \register[7] [25]
Changing input B of cell $abc$15168$auto$blifparse.cc:397:parse_blif$17579_gate ($_OR_): \register[3]_gate [25] -> \register[3] [25]
Changing input B of cell $abc$15168$auto$blifparse.cc:397:parse_blif$17583_gate ($_MUX_): \register[4]_gate [25] -> \register[4] [25]
Changing input A of cell $abc$15168$auto$blifparse.cc:397:parse_blif$17585_gate ($_ORNOT_): \register[5]_gate [25] -> \register[5] [25]
Changing input B of cell $abc$15168$auto$blifparse.cc:397:parse_blif$17586_gate ($_OR_): \register[1]_gate [25] -> \register[1] [25]
Changing input A of cell $abc$15168$auto$blifparse.cc:397:parse_blif$17592_gate ($_MUX_): \register[24]_gate [25] -> \register[24] [25]
Changing input B of cell $abc$15168$auto$blifparse.cc:397:parse_blif$17592_gate ($_MUX_): \register[28]_gate [25] -> \register[28] [25]
Changing input A of cell $abc$15168$auto$blifparse.cc:397:parse_blif$17594_gate ($_ORNOT_): \register[29]_gate [25] -> \register[29] [25]
Changing input B of cell $abc$15168$auto$blifparse.cc:397:parse_blif$17595_gate ($_OR_): \register[25]_gate [25] -> \register[25] [25]
Changing input A of cell $abc$15168$auto$blifparse.cc:397:parse_blif$17600_gate ($_ORNOT_): \register[31]_gate [25] -> \register[31] [25]
Changing input B of cell $abc$15168$auto$blifparse.cc:397:parse_blif$17601_gate ($_OR_): \register[27]_gate [25] -> \register[27] [25]
Changing input A of cell $abc$15168$auto$blifparse.cc:397:parse_blif$17604_gate ($_MUX_): \register[26]_gate [25] -> \register[26] [25]
Changing input B of cell $abc$15168$auto$blifparse.cc:397:parse_blif$17604_gate ($_MUX_): \register[30]_gate [25] -> \register[30] [25]
Changing input A of cell $abc$15168$auto$blifparse.cc:397:parse_blif$17612_gate ($_ORNOT_): \register[21]_gate [25] -> \register[21] [25]
Changing input B of cell $abc$15168$auto$blifparse.cc:397:parse_blif$17613_gate ($_OR_): \register[17]_gate [25] -> \register[17] [25]
Changing input A of cell $abc$15168$auto$blifparse.cc:397:parse_blif$17616_gate ($_MUX_): \register[16]_gate [25] -> \register[16] [25]
Changing input B of cell $abc$15168$auto$blifparse.cc:397:parse_blif$17616_gate ($_MUX_): \register[20]_gate [25] -> \register[20] [25]
Changing input A of cell $abc$15168$auto$blifparse.cc:397:parse_blif$17620_gate ($_ORNOT_): \register[23]_gate [25] -> \register[23] [25]
Changing input B of cell $abc$15168$auto$blifparse.cc:397:parse_blif$17621_gate ($_OR_): \register[19]_gate [25] -> \register[19] [25]
Changing input A of cell $abc$15168$auto$blifparse.cc:397:parse_blif$17624_gate ($_MUX_): \register[18]_gate [25] -> \register[18] [25]
Changing input B of cell $abc$15168$auto$blifparse.cc:397:parse_blif$17624_gate ($_MUX_): \register[22]_gate [25] -> \register[22] [25]
Changing input A of cell $abc$15168$auto$blifparse.cc:397:parse_blif$17632_gate ($_MUX_): \register[30]_gate [24] -> \register[30] [24]
Changing input B of cell $abc$15168$auto$blifparse.cc:397:parse_blif$17632_gate ($_MUX_): \register[31]_gate [24] -> \register[31] [24]
Changing input A of cell $abc$15168$auto$blifparse.cc:397:parse_blif$17633_gate ($_MUX_): \register[26]_gate [24] -> \register[26] [24]
Changing input B of cell $abc$15168$auto$blifparse.cc:397:parse_blif$17633_gate ($_MUX_): \register[27]_gate [24] -> \register[27] [24]
Changing input A of cell $abc$15168$auto$blifparse.cc:397:parse_blif$17635_gate ($_MUX_): \register[28]_gate [24] -> \register[28] [24]
Changing input B of cell $abc$15168$auto$blifparse.cc:397:parse_blif$17635_gate ($_MUX_): \register[29]_gate [24] -> \register[29] [24]
Changing input A of cell $abc$15168$auto$blifparse.cc:397:parse_blif$17636_gate ($_MUX_): \register[24]_gate [24] -> \register[24] [24]
Changing input B of cell $abc$15168$auto$blifparse.cc:397:parse_blif$17636_gate ($_MUX_): \register[25]_gate [24] -> \register[25] [24]
Changing input A of cell $abc$15168$auto$blifparse.cc:397:parse_blif$17639_gate ($_MUX_): \register[10]_gate [24] -> \register[10] [24]
Changing input B of cell $abc$15168$auto$blifparse.cc:397:parse_blif$17639_gate ($_MUX_): \register[14]_gate [24] -> \register[14] [24]
Changing input A of cell $abc$15168$auto$blifparse.cc:397:parse_blif$17641_gate ($_ORNOT_): \register[15]_gate [24] -> \register[15] [24]
Changing input B of cell $abc$15168$auto$blifparse.cc:397:parse_blif$17642_gate ($_OR_): \register[11]_gate [24] -> \register[11] [24]
Changing input A of cell $abc$15168$auto$blifparse.cc:397:parse_blif$17646_gate ($_ORNOT_): \register[13]_gate [24] -> \register[13] [24]
Changing input B of cell $abc$15168$auto$blifparse.cc:397:parse_blif$17647_gate ($_OR_): \register[9]_gate [24] -> \register[9] [24]
Changing input A of cell $abc$15168$auto$blifparse.cc:397:parse_blif$17650_gate ($_MUX_): \register[8]_gate [24] -> \register[8] [24]
Changing input B of cell $abc$15168$auto$blifparse.cc:397:parse_blif$17650_gate ($_MUX_): \register[12]_gate [24] -> \register[12] [24]
Changing input A of cell $abc$15168$auto$blifparse.cc:397:parse_blif$17655_gate ($_ORNOT_): \register[21]_gate [24] -> \register[21] [24]
Changing input B of cell $abc$15168$auto$blifparse.cc:397:parse_blif$17656_gate ($_OR_): \register[17]_gate [24] -> \register[17] [24]
Changing input A of cell $abc$15168$auto$blifparse.cc:397:parse_blif$17659_gate ($_MUX_): \register[16]_gate [24] -> \register[16] [24]
Changing input B of cell $abc$15168$auto$blifparse.cc:397:parse_blif$17659_gate ($_MUX_): \register[20]_gate [24] -> \register[20] [24]
Changing input A of cell $abc$15168$auto$blifparse.cc:397:parse_blif$17663_gate ($_ORNOT_): \register[23]_gate [24] -> \register[23] [24]
Changing input B of cell $abc$15168$auto$blifparse.cc:397:parse_blif$17664_gate ($_OR_): \register[19]_gate [24] -> \register[19] [24]
Changing input A of cell $abc$15168$auto$blifparse.cc:397:parse_blif$17667_gate ($_MUX_): \register[18]_gate [24] -> \register[18] [24]
Changing input B of cell $abc$15168$auto$blifparse.cc:397:parse_blif$17667_gate ($_MUX_): \register[22]_gate [24] -> \register[22] [24]
Changing input A of cell $abc$15168$auto$blifparse.cc:397:parse_blif$17673_gate ($_MUX_): \register[2]_gate [24] -> \register[2] [24]
Changing input B of cell $abc$15168$auto$blifparse.cc:397:parse_blif$17673_gate ($_MUX_): \register[6]_gate [24] -> \register[6] [24]
Changing input A of cell $abc$15168$auto$blifparse.cc:397:parse_blif$17675_gate ($_ORNOT_): \register[7]_gate [24] -> \register[7] [24]
Changing input B of cell $abc$15168$auto$blifparse.cc:397:parse_blif$17676_gate ($_OR_): \register[3]_gate [24] -> \register[3] [24]
Changing input B of cell $abc$15168$auto$blifparse.cc:397:parse_blif$17680_gate ($_MUX_): \register[4]_gate [24] -> \register[4] [24]
Changing input A of cell $abc$15168$auto$blifparse.cc:397:parse_blif$17682_gate ($_ORNOT_): \register[5]_gate [24] -> \register[5] [24]
Changing input B of cell $abc$15168$auto$blifparse.cc:397:parse_blif$17683_gate ($_OR_): \register[1]_gate [24] -> \register[1] [24]
Changing input A of cell $abc$15168$auto$blifparse.cc:397:parse_blif$17691_gate ($_MUX_): \register[30]_gate [23] -> \register[30] [23]
Changing input B of cell $abc$15168$auto$blifparse.cc:397:parse_blif$17691_gate ($_MUX_): \register[31]_gate [23] -> \register[31] [23]
Changing input A of cell $abc$15168$auto$blifparse.cc:397:parse_blif$17692_gate ($_MUX_): \register[26]_gate [23] -> \register[26] [23]
Changing input B of cell $abc$15168$auto$blifparse.cc:397:parse_blif$17692_gate ($_MUX_): \register[27]_gate [23] -> \register[27] [23]
Changing input A of cell $abc$15168$auto$blifparse.cc:397:parse_blif$17694_gate ($_MUX_): \register[28]_gate [23] -> \register[28] [23]
Changing input B of cell $abc$15168$auto$blifparse.cc:397:parse_blif$17694_gate ($_MUX_): \register[29]_gate [23] -> \register[29] [23]
Changing input A of cell $abc$15168$auto$blifparse.cc:397:parse_blif$17695_gate ($_MUX_): \register[24]_gate [23] -> \register[24] [23]
Changing input B of cell $abc$15168$auto$blifparse.cc:397:parse_blif$17695_gate ($_MUX_): \register[25]_gate [23] -> \register[25] [23]
Changing input A of cell $abc$15168$auto$blifparse.cc:397:parse_blif$17698_gate ($_MUX_): \register[10]_gate [23] -> \register[10] [23]
Changing input B of cell $abc$15168$auto$blifparse.cc:397:parse_blif$17698_gate ($_MUX_): \register[14]_gate [23] -> \register[14] [23]
Changing input A of cell $abc$15168$auto$blifparse.cc:397:parse_blif$17700_gate ($_ORNOT_): \register[15]_gate [23] -> \register[15] [23]
Changing input B of cell $abc$15168$auto$blifparse.cc:397:parse_blif$17701_gate ($_OR_): \register[11]_gate [23] -> \register[11] [23]
Changing input A of cell $abc$15168$auto$blifparse.cc:397:parse_blif$17705_gate ($_ORNOT_): \register[13]_gate [23] -> \register[13] [23]
Changing input B of cell $abc$15168$auto$blifparse.cc:397:parse_blif$17706_gate ($_OR_): \register[9]_gate [23] -> \register[9] [23]
Changing input A of cell $abc$15168$auto$blifparse.cc:397:parse_blif$17709_gate ($_MUX_): \register[8]_gate [23] -> \register[8] [23]
Changing input B of cell $abc$15168$auto$blifparse.cc:397:parse_blif$17709_gate ($_MUX_): \register[12]_gate [23] -> \register[12] [23]
Changing input A of cell $abc$15168$auto$blifparse.cc:397:parse_blif$17714_gate ($_ORNOT_): \register[21]_gate [23] -> \register[21] [23]
Changing input B of cell $abc$15168$auto$blifparse.cc:397:parse_blif$17715_gate ($_OR_): \register[17]_gate [23] -> \register[17] [23]
Changing input A of cell $abc$15168$auto$blifparse.cc:397:parse_blif$17718_gate ($_MUX_): \register[16]_gate [23] -> \register[16] [23]
Changing input B of cell $abc$15168$auto$blifparse.cc:397:parse_blif$17718_gate ($_MUX_): \register[20]_gate [23] -> \register[20] [23]
Changing input A of cell $abc$15168$auto$blifparse.cc:397:parse_blif$17722_gate ($_ORNOT_): \register[23]_gate [23] -> \register[23] [23]
Changing input B of cell $abc$15168$auto$blifparse.cc:397:parse_blif$17723_gate ($_OR_): \register[19]_gate [23] -> \register[19] [23]
Changing input A of cell $abc$15168$auto$blifparse.cc:397:parse_blif$17726_gate ($_MUX_): \register[18]_gate [23] -> \register[18] [23]
Changing input B of cell $abc$15168$auto$blifparse.cc:397:parse_blif$17726_gate ($_MUX_): \register[22]_gate [23] -> \register[22] [23]
Changing input A of cell $abc$15168$auto$blifparse.cc:397:parse_blif$17732_gate ($_MUX_): \register[2]_gate [23] -> \register[2] [23]
Changing input B of cell $abc$15168$auto$blifparse.cc:397:parse_blif$17732_gate ($_MUX_): \register[6]_gate [23] -> \register[6] [23]
Changing input A of cell $abc$15168$auto$blifparse.cc:397:parse_blif$17734_gate ($_ORNOT_): \register[7]_gate [23] -> \register[7] [23]
Changing input B of cell $abc$15168$auto$blifparse.cc:397:parse_blif$17735_gate ($_OR_): \register[3]_gate [23] -> \register[3] [23]
Changing input B of cell $abc$15168$auto$blifparse.cc:397:parse_blif$17739_gate ($_MUX_): \register[4]_gate [23] -> \register[4] [23]
Changing input A of cell $abc$15168$auto$blifparse.cc:397:parse_blif$17741_gate ($_ORNOT_): \register[5]_gate [23] -> \register[5] [23]
Changing input B of cell $abc$15168$auto$blifparse.cc:397:parse_blif$17742_gate ($_OR_): \register[1]_gate [23] -> \register[1] [23]
Changing input A of cell $abc$15168$auto$blifparse.cc:397:parse_blif$17750_gate ($_MUX_): \register[30]_gate [22] -> \register[30] [22]
Changing input B of cell $abc$15168$auto$blifparse.cc:397:parse_blif$17750_gate ($_MUX_): \register[31]_gate [22] -> \register[31] [22]
Changing input A of cell $abc$15168$auto$blifparse.cc:397:parse_blif$17751_gate ($_MUX_): \register[26]_gate [22] -> \register[26] [22]
Changing input B of cell $abc$15168$auto$blifparse.cc:397:parse_blif$17751_gate ($_MUX_): \register[27]_gate [22] -> \register[27] [22]
Changing input A of cell $abc$15168$auto$blifparse.cc:397:parse_blif$17753_gate ($_MUX_): \register[28]_gate [22] -> \register[28] [22]
Changing input B of cell $abc$15168$auto$blifparse.cc:397:parse_blif$17753_gate ($_MUX_): \register[29]_gate [22] -> \register[29] [22]
Changing input A of cell $abc$15168$auto$blifparse.cc:397:parse_blif$17754_gate ($_MUX_): \register[24]_gate [22] -> \register[24] [22]
Changing input B of cell $abc$15168$auto$blifparse.cc:397:parse_blif$17754_gate ($_MUX_): \register[25]_gate [22] -> \register[25] [22]
Changing input A of cell $abc$15168$auto$blifparse.cc:397:parse_blif$17757_gate ($_MUX_): \register[10]_gate [22] -> \register[10] [22]
Changing input B of cell $abc$15168$auto$blifparse.cc:397:parse_blif$17757_gate ($_MUX_): \register[14]_gate [22] -> \register[14] [22]
Changing input A of cell $abc$15168$auto$blifparse.cc:397:parse_blif$17759_gate ($_ORNOT_): \register[15]_gate [22] -> \register[15] [22]
Changing input B of cell $abc$15168$auto$blifparse.cc:397:parse_blif$17760_gate ($_OR_): \register[11]_gate [22] -> \register[11] [22]
Changing input A of cell $abc$15168$auto$blifparse.cc:397:parse_blif$17764_gate ($_ORNOT_): \register[13]_gate [22] -> \register[13] [22]
Changing input B of cell $abc$15168$auto$blifparse.cc:397:parse_blif$17765_gate ($_OR_): \register[9]_gate [22] -> \register[9] [22]
Changing input A of cell $abc$15168$auto$blifparse.cc:397:parse_blif$17768_gate ($_MUX_): \register[8]_gate [22] -> \register[8] [22]
Changing input B of cell $abc$15168$auto$blifparse.cc:397:parse_blif$17768_gate ($_MUX_): \register[12]_gate [22] -> \register[12] [22]
Changing input B of cell $abc$15168$auto$blifparse.cc:397:parse_blif$17773_gate ($_NAND_): \register[21]_gate [22] -> \register[21] [22]
Changing input B of cell $abc$15168$auto$blifparse.cc:397:parse_blif$17774_gate ($_ORNOT_): \register[20]_gate [22] -> \register[20] [22]
Changing input B of cell $abc$15168$auto$blifparse.cc:397:parse_blif$17777_gate ($_NAND_): \register[17]_gate [22] -> \register[17] [22]
Changing input A of cell $abc$15168$auto$blifparse.cc:397:parse_blif$17778_gate ($_ANDNOT_): \register[16]_gate [22] -> \register[16] [22]
Changing input B of cell $abc$15168$auto$blifparse.cc:397:parse_blif$17783_gate ($_NAND_): \register[23]_gate [22] -> \register[23] [22]
Changing input B of cell $abc$15168$auto$blifparse.cc:397:parse_blif$17784_gate ($_ORNOT_): \register[22]_gate [22] -> \register[22] [22]
Changing input B of cell $abc$15168$auto$blifparse.cc:397:parse_blif$17787_gate ($_NAND_): \register[19]_gate [22] -> \register[19] [22]
Changing input A of cell $abc$15168$auto$blifparse.cc:397:parse_blif$17788_gate ($_ANDNOT_): \register[18]_gate [22] -> \register[18] [22]
Changing input A of cell $abc$15168$auto$blifparse.cc:397:parse_blif$17794_gate ($_ORNOT_): \register[7]_gate [22] -> \register[7] [22]
Changing input B of cell $abc$15168$auto$blifparse.cc:397:parse_blif$17795_gate ($_OR_): \register[3]_gate [22] -> \register[3] [22]
Changing input A of cell $abc$15168$auto$blifparse.cc:397:parse_blif$17798_gate ($_MUX_): \register[2]_gate [22] -> \register[2] [22]
Changing input B of cell $abc$15168$auto$blifparse.cc:397:parse_blif$17798_gate ($_MUX_): \register[6]_gate [22] -> \register[6] [22]
Changing input A of cell $abc$15168$auto$blifparse.cc:397:parse_blif$17801_gate ($_ORNOT_): \register[5]_gate [22] -> \register[5] [22]
Changing input B of cell $abc$15168$auto$blifparse.cc:397:parse_blif$17802_gate ($_OR_): \register[1]_gate [22] -> \register[1] [22]
Changing input B of cell $abc$15168$auto$blifparse.cc:397:parse_blif$17805_gate ($_MUX_): \register[4]_gate [22] -> \register[4] [22]
Changing input B of cell $abc$15168$auto$blifparse.cc:397:parse_blif$17811_gate ($_NAND_): \register[29]_gate [21] -> \register[29] [21]
Changing input B of cell $abc$15168$auto$blifparse.cc:397:parse_blif$17812_gate ($_ORNOT_): \register[25]_gate [21] -> \register[25] [21]
Changing input B of cell $abc$15168$auto$blifparse.cc:397:parse_blif$17815_gate ($_NAND_): \register[28]_gate [21] -> \register[28] [21]
Changing input A of cell $abc$15168$auto$blifparse.cc:397:parse_blif$17816_gate ($_ANDNOT_): \register[24]_gate [21] -> \register[24] [21]
Changing input B of cell $abc$15168$auto$blifparse.cc:397:parse_blif$17821_gate ($_ORNOT_): \register[27]_gate [21] -> \register[27] [21]
Changing input A of cell $abc$15168$auto$blifparse.cc:397:parse_blif$17822_gate ($_NAND_): \register[31]_gate [21] -> \register[31] [21]
Changing input B of cell $abc$15168$auto$blifparse.cc:397:parse_blif$17825_gate ($_ORNOT_): \register[26]_gate [21] -> \register[26] [21]
Changing input A of cell $abc$15168$auto$blifparse.cc:397:parse_blif$17826_gate ($_AND_): \register[30]_gate [21] -> \register[30] [21]
Changing input A of cell $abc$15168$auto$blifparse.cc:397:parse_blif$17832_gate ($_MUX_): \register[16]_gate [21] -> \register[16] [21]
Changing input B of cell $abc$15168$auto$blifparse.cc:397:parse_blif$17832_gate ($_MUX_): \register[20]_gate [21] -> \register[20] [21]
Changing input A of cell $abc$15168$auto$blifparse.cc:397:parse_blif$17833_gate ($_MUX_): \register[17]_gate [21] -> \register[17] [21]
Changing input B of cell $abc$15168$auto$blifparse.cc:397:parse_blif$17833_gate ($_MUX_): \register[21]_gate [21] -> \register[21] [21]
Changing input A of cell $abc$15168$auto$blifparse.cc:397:parse_blif$17836_gate ($_MUX_): \register[18]_gate [21] -> \register[18] [21]
Changing input B of cell $abc$15168$auto$blifparse.cc:397:parse_blif$17836_gate ($_MUX_): \register[22]_gate [21] -> \register[22] [21]
Changing input A of cell $abc$15168$auto$blifparse.cc:397:parse_blif$17838_gate ($_MUX_): \register[19]_gate [21] -> \register[19] [21]
Changing input B of cell $abc$15168$auto$blifparse.cc:397:parse_blif$17838_gate ($_MUX_): \register[23]_gate [21] -> \register[23] [21]
Changing input A of cell $abc$15168$auto$blifparse.cc:397:parse_blif$17844_gate ($_MUX_): \register[8]_gate [21] -> \register[8] [21]
Changing input B of cell $abc$15168$auto$blifparse.cc:397:parse_blif$17844_gate ($_MUX_): \register[12]_gate [21] -> \register[12] [21]
Changing input A of cell $abc$15168$auto$blifparse.cc:397:parse_blif$17846_gate ($_MUX_): \register[9]_gate [21] -> \register[9] [21]
Changing input B of cell $abc$15168$auto$blifparse.cc:397:parse_blif$17846_gate ($_MUX_): \register[13]_gate [21] -> \register[13] [21]
Changing input A of cell $abc$15168$auto$blifparse.cc:397:parse_blif$17850_gate ($_MUX_): \register[10]_gate [21] -> \register[10] [21]
Changing input B of cell $abc$15168$auto$blifparse.cc:397:parse_blif$17850_gate ($_MUX_): \register[14]_gate [21] -> \register[14] [21]
Changing input A of cell $abc$15168$auto$blifparse.cc:397:parse_blif$17852_gate ($_MUX_): \register[11]_gate [21] -> \register[11] [21]
Changing input B of cell $abc$15168$auto$blifparse.cc:397:parse_blif$17852_gate ($_MUX_): \register[15]_gate [21] -> \register[15] [21]
Changing input B of cell $abc$15168$auto$blifparse.cc:397:parse_blif$17857_gate ($_MUX_): \register[1]_gate [21] -> \register[1] [21]
Changing input A of cell $abc$15168$auto$blifparse.cc:397:parse_blif$17859_gate ($_MUX_): \register[4]_gate [21] -> \register[4] [21]
Changing input B of cell $abc$15168$auto$blifparse.cc:397:parse_blif$17859_gate ($_MUX_): \register[5]_gate [21] -> \register[5] [21]
Changing input A of cell $abc$15168$auto$blifparse.cc:397:parse_blif$17863_gate ($_MUX_): \register[2]_gate [21] -> \register[2] [21]
Changing input B of cell $abc$15168$auto$blifparse.cc:397:parse_blif$17863_gate ($_MUX_): \register[3]_gate [21] -> \register[3] [21]
Changing input A of cell $abc$15168$auto$blifparse.cc:397:parse_blif$17865_gate ($_MUX_): \register[6]_gate [21] -> \register[6] [21]
Changing input B of cell $abc$15168$auto$blifparse.cc:397:parse_blif$17865_gate ($_MUX_): \register[7]_gate [21] -> \register[7] [21]
Changing input A of cell $abc$15168$auto$blifparse.cc:397:parse_blif$17872_gate ($_MUX_): \register[30]_gate [20] -> \register[30] [20]
Changing input B of cell $abc$15168$auto$blifparse.cc:397:parse_blif$17872_gate ($_MUX_): \register[31]_gate [20] -> \register[31] [20]
Changing input A of cell $abc$15168$auto$blifparse.cc:397:parse_blif$17873_gate ($_MUX_): \register[26]_gate [20] -> \register[26] [20]
Changing input B of cell $abc$15168$auto$blifparse.cc:397:parse_blif$17873_gate ($_MUX_): \register[27]_gate [20] -> \register[27] [20]
Changing input A of cell $abc$15168$auto$blifparse.cc:397:parse_blif$17875_gate ($_MUX_): \register[28]_gate [20] -> \register[28] [20]
Changing input B of cell $abc$15168$auto$blifparse.cc:397:parse_blif$17875_gate ($_MUX_): \register[29]_gate [20] -> \register[29] [20]
Changing input A of cell $abc$15168$auto$blifparse.cc:397:parse_blif$17876_gate ($_MUX_): \register[24]_gate [20] -> \register[24] [20]
Changing input B of cell $abc$15168$auto$blifparse.cc:397:parse_blif$17876_gate ($_MUX_): \register[25]_gate [20] -> \register[25] [20]
Changing input A of cell $abc$15168$auto$blifparse.cc:397:parse_blif$17880_gate ($_MUX_): \register[10]_gate [20] -> \register[10] [20]
Changing input B of cell $abc$15168$auto$blifparse.cc:397:parse_blif$17880_gate ($_MUX_): \register[14]_gate [20] -> \register[14] [20]
Changing input A of cell $abc$15168$auto$blifparse.cc:397:parse_blif$17882_gate ($_ORNOT_): \register[15]_gate [20] -> \register[15] [20]
Changing input B of cell $abc$15168$auto$blifparse.cc:397:parse_blif$17883_gate ($_OR_): \register[11]_gate [20] -> \register[11] [20]
Changing input A of cell $abc$15168$auto$blifparse.cc:397:parse_blif$17888_gate ($_ORNOT_): \register[13]_gate [20] -> \register[13] [20]
Changing input B of cell $abc$15168$auto$blifparse.cc:397:parse_blif$17889_gate ($_OR_): \register[9]_gate [20] -> \register[9] [20]
Changing input A of cell $abc$15168$auto$blifparse.cc:397:parse_blif$17892_gate ($_MUX_): \register[8]_gate [20] -> \register[8] [20]
Changing input B of cell $abc$15168$auto$blifparse.cc:397:parse_blif$17892_gate ($_MUX_): \register[12]_gate [20] -> \register[12] [20]
Changing input A of cell $abc$15168$auto$blifparse.cc:397:parse_blif$17899_gate ($_ORNOT_): \register[7]_gate [20] -> \register[7] [20]
Changing input B of cell $abc$15168$auto$blifparse.cc:397:parse_blif$17900_gate ($_OR_): \register[3]_gate [20] -> \register[3] [20]
Changing input A of cell $abc$15168$auto$blifparse.cc:397:parse_blif$17903_gate ($_MUX_): \register[2]_gate [20] -> \register[2] [20]
Changing input B of cell $abc$15168$auto$blifparse.cc:397:parse_blif$17903_gate ($_MUX_): \register[6]_gate [20] -> \register[6] [20]
Changing input A of cell $abc$15168$auto$blifparse.cc:397:parse_blif$17907_gate ($_ORNOT_): \register[5]_gate [20] -> \register[5] [20]
Changing input B of cell $abc$15168$auto$blifparse.cc:397:parse_blif$17908_gate ($_OR_): \register[1]_gate [20] -> \register[1] [20]
Changing input B of cell $abc$15168$auto$blifparse.cc:397:parse_blif$17911_gate ($_MUX_): \register[4]_gate [20] -> \register[4] [20]
Changing input A of cell $abc$15168$auto$blifparse.cc:397:parse_blif$17917_gate ($_MUX_): \register[22]_gate [20] -> \register[22] [20]
Changing input B of cell $abc$15168$auto$blifparse.cc:397:parse_blif$17917_gate ($_MUX_): \register[23]_gate [20] -> \register[23] [20]
Changing input A of cell $abc$15168$auto$blifparse.cc:397:parse_blif$17918_gate ($_MUX_): \register[18]_gate [20] -> \register[18] [20]
Changing input B of cell $abc$15168$auto$blifparse.cc:397:parse_blif$17918_gate ($_MUX_): \register[19]_gate [20] -> \register[19] [20]
Changing input A of cell $abc$15168$auto$blifparse.cc:397:parse_blif$17920_gate ($_MUX_): \register[20]_gate [20] -> \register[20] [20]
Changing input B of cell $abc$15168$auto$blifparse.cc:397:parse_blif$17920_gate ($_MUX_): \register[21]_gate [20] -> \register[21] [20]
Changing input A of cell $abc$15168$auto$blifparse.cc:397:parse_blif$17921_gate ($_MUX_): \register[16]_gate [20] -> \register[16] [20]
Changing input B of cell $abc$15168$auto$blifparse.cc:397:parse_blif$17921_gate ($_MUX_): \register[17]_gate [20] -> \register[17] [20]
Changing input B of cell $abc$15168$auto$blifparse.cc:397:parse_blif$17927_gate ($_NAND_): \register[23]_gate [19] -> \register[23] [19]
Changing input B of cell $abc$15168$auto$blifparse.cc:397:parse_blif$17928_gate ($_ORNOT_): \register[19]_gate [19] -> \register[19] [19]
Changing input B of cell $abc$15168$auto$blifparse.cc:397:parse_blif$17931_gate ($_NAND_): \register[22]_gate [19] -> \register[22] [19]
Changing input A of cell $abc$15168$auto$blifparse.cc:397:parse_blif$17932_gate ($_ANDNOT_): \register[18]_gate [19] -> \register[18] [19]
Changing input A of cell $abc$15168$auto$blifparse.cc:397:parse_blif$17937_gate ($_NAND_): \register[31]_gate [19] -> \register[31] [19]
Changing input B of cell $abc$15168$auto$blifparse.cc:397:parse_blif$17938_gate ($_ORNOT_): \register[27]_gate [19] -> \register[27] [19]
Changing input B of cell $abc$15168$auto$blifparse.cc:397:parse_blif$17941_gate ($_ORNOT_): \register[26]_gate [19] -> \register[26] [19]
Changing input A of cell $abc$15168$auto$blifparse.cc:397:parse_blif$17942_gate ($_AND_): \register[30]_gate [19] -> \register[30] [19]
Changing input A of cell $abc$15168$auto$blifparse.cc:397:parse_blif$17948_gate ($_MUX_): \register[25]_gate [19] -> \register[25] [19]
Changing input B of cell $abc$15168$auto$blifparse.cc:397:parse_blif$17948_gate ($_MUX_): \register[29]_gate [19] -> \register[29] [19]
Changing input A of cell $abc$15168$auto$blifparse.cc:397:parse_blif$17949_gate ($_MUX_): \register[24]_gate [19] -> \register[24] [19]
Changing input B of cell $abc$15168$auto$blifparse.cc:397:parse_blif$17949_gate ($_MUX_): \register[28]_gate [19] -> \register[28] [19]
Changing input A of cell $abc$15168$auto$blifparse.cc:397:parse_blif$17951_gate ($_MUX_): \register[17]_gate [19] -> \register[17] [19]
Changing input B of cell $abc$15168$auto$blifparse.cc:397:parse_blif$17951_gate ($_MUX_): \register[21]_gate [19] -> \register[21] [19]
Changing input A of cell $abc$15168$auto$blifparse.cc:397:parse_blif$17952_gate ($_MUX_): \register[16]_gate [19] -> \register[16] [19]
Changing input B of cell $abc$15168$auto$blifparse.cc:397:parse_blif$17952_gate ($_MUX_): \register[20]_gate [19] -> \register[20] [19]
Changing input A of cell $abc$15168$auto$blifparse.cc:397:parse_blif$17956_gate ($_MUX_): \register[2]_gate [19] -> \register[2] [19]
Changing input B of cell $abc$15168$auto$blifparse.cc:397:parse_blif$17956_gate ($_MUX_): \register[6]_gate [19] -> \register[6] [19]
Changing input A of cell $abc$15168$auto$blifparse.cc:397:parse_blif$17958_gate ($_MUX_): \register[3]_gate [19] -> \register[3] [19]
Changing input B of cell $abc$15168$auto$blifparse.cc:397:parse_blif$17958_gate ($_MUX_): \register[7]_gate [19] -> \register[7] [19]
Changing input A of cell $abc$15168$auto$blifparse.cc:397:parse_blif$17962_gate ($_MUX_): \register[10]_gate [19] -> \register[10] [19]
Changing input B of cell $abc$15168$auto$blifparse.cc:397:parse_blif$17962_gate ($_MUX_): \register[14]_gate [19] -> \register[14] [19]
Changing input A of cell $abc$15168$auto$blifparse.cc:397:parse_blif$17964_gate ($_MUX_): \register[11]_gate [19] -> \register[11] [19]
Changing input B of cell $abc$15168$auto$blifparse.cc:397:parse_blif$17964_gate ($_MUX_): \register[15]_gate [19] -> \register[15] [19]
Changing input A of cell $abc$15168$auto$blifparse.cc:397:parse_blif$17969_gate ($_MUX_): \register[8]_gate [19] -> \register[8] [19]
Changing input B of cell $abc$15168$auto$blifparse.cc:397:parse_blif$17969_gate ($_MUX_): \register[12]_gate [19] -> \register[12] [19]
Changing input A of cell $abc$15168$auto$blifparse.cc:397:parse_blif$17970_gate ($_MUX_): \register[9]_gate [19] -> \register[9] [19]
Changing input B of cell $abc$15168$auto$blifparse.cc:397:parse_blif$17970_gate ($_MUX_): \register[13]_gate [19] -> \register[13] [19]
Changing input A of cell $abc$15168$auto$blifparse.cc:397:parse_blif$17972_gate ($_MUX_): \register[1]_gate [19] -> \register[1] [19]
Changing input B of cell $abc$15168$auto$blifparse.cc:397:parse_blif$17972_gate ($_MUX_): \register[5]_gate [19] -> \register[5] [19]
Changing input B of cell $abc$15168$auto$blifparse.cc:397:parse_blif$17973_gate ($_MUX_): \register[4]_gate [19] -> \register[4] [19]
Changing input A of cell $abc$15168$auto$blifparse.cc:397:parse_blif$17978_gate ($_MUX_): \register[10]_gate [18] -> \register[10] [18]
Changing input B of cell $abc$15168$auto$blifparse.cc:397:parse_blif$17978_gate ($_MUX_): \register[14]_gate [18] -> \register[14] [18]
Changing input A of cell $abc$15168$auto$blifparse.cc:397:parse_blif$17980_gate ($_MUX_): \register[11]_gate [18] -> \register[11] [18]
Changing input B of cell $abc$15168$auto$blifparse.cc:397:parse_blif$17980_gate ($_MUX_): \register[15]_gate [18] -> \register[15] [18]
Changing input A of cell $abc$15168$auto$blifparse.cc:397:parse_blif$17984_gate ($_NAND_): \register[31]_gate [18] -> \register[31] [18]
Changing input B of cell $abc$15168$auto$blifparse.cc:397:parse_blif$17985_gate ($_ORNOT_): \register[27]_gate [18] -> \register[27] [18]
Changing input B of cell $abc$15168$auto$blifparse.cc:397:parse_blif$17988_gate ($_ORNOT_): \register[26]_gate [18] -> \register[26] [18]
Changing input A of cell $abc$15168$auto$blifparse.cc:397:parse_blif$17989_gate ($_AND_): \register[30]_gate [18] -> \register[30] [18]
Changing input A of cell $abc$15168$auto$blifparse.cc:397:parse_blif$17995_gate ($_MUX_): \register[25]_gate [18] -> \register[25] [18]
Changing input B of cell $abc$15168$auto$blifparse.cc:397:parse_blif$17995_gate ($_MUX_): \register[29]_gate [18] -> \register[29] [18]
Changing input A of cell $abc$15168$auto$blifparse.cc:397:parse_blif$17996_gate ($_MUX_): \register[24]_gate [18] -> \register[24] [18]
Changing input B of cell $abc$15168$auto$blifparse.cc:397:parse_blif$17996_gate ($_MUX_): \register[28]_gate [18] -> \register[28] [18]
Changing input A of cell $abc$15168$auto$blifparse.cc:397:parse_blif$17998_gate ($_MUX_): \register[8]_gate [18] -> \register[8] [18]
Changing input B of cell $abc$15168$auto$blifparse.cc:397:parse_blif$17998_gate ($_MUX_): \register[12]_gate [18] -> \register[12] [18]
Changing input A of cell $abc$15168$auto$blifparse.cc:397:parse_blif$18000_gate ($_ORNOT_): \register[13]_gate [18] -> \register[13] [18]
Changing input B of cell $abc$15168$auto$blifparse.cc:397:parse_blif$18001_gate ($_OR_): \register[9]_gate [18] -> \register[9] [18]
Changing input A of cell $abc$15168$auto$blifparse.cc:397:parse_blif$18007_gate ($_MUX_): \register[2]_gate [18] -> \register[2] [18]
Changing input B of cell $abc$15168$auto$blifparse.cc:397:parse_blif$18007_gate ($_MUX_): \register[6]_gate [18] -> \register[6] [18]
Changing input A of cell $abc$15168$auto$blifparse.cc:397:parse_blif$18009_gate ($_MUX_): \register[3]_gate [18] -> \register[3] [18]
Changing input B of cell $abc$15168$auto$blifparse.cc:397:parse_blif$18009_gate ($_MUX_): \register[7]_gate [18] -> \register[7] [18]
Changing input B of cell $abc$15168$auto$blifparse.cc:397:parse_blif$18013_gate ($_NAND_): \register[23]_gate [18] -> \register[23] [18]
Changing input B of cell $abc$15168$auto$blifparse.cc:397:parse_blif$18014_gate ($_ORNOT_): \register[19]_gate [18] -> \register[19] [18]
Changing input B of cell $abc$15168$auto$blifparse.cc:397:parse_blif$18017_gate ($_NAND_): \register[22]_gate [18] -> \register[22] [18]
Changing input A of cell $abc$15168$auto$blifparse.cc:397:parse_blif$18018_gate ($_ANDNOT_): \register[18]_gate [18] -> \register[18] [18]
Changing input A of cell $abc$15168$auto$blifparse.cc:397:parse_blif$18024_gate ($_MUX_): \register[17]_gate [18] -> \register[17] [18]
Changing input B of cell $abc$15168$auto$blifparse.cc:397:parse_blif$18024_gate ($_MUX_): \register[21]_gate [18] -> \register[21] [18]
Changing input A of cell $abc$15168$auto$blifparse.cc:397:parse_blif$18025_gate ($_MUX_): \register[16]_gate [18] -> \register[16] [18]
Changing input B of cell $abc$15168$auto$blifparse.cc:397:parse_blif$18025_gate ($_MUX_): \register[20]_gate [18] -> \register[20] [18]
Changing input B of cell $abc$15168$auto$blifparse.cc:397:parse_blif$18027_gate ($_MUX_): \register[4]_gate [18] -> \register[4] [18]
Changing input A of cell $abc$15168$auto$blifparse.cc:397:parse_blif$18028_gate ($_MUX_): \register[1]_gate [18] -> \register[1] [18]
Changing input B of cell $abc$15168$auto$blifparse.cc:397:parse_blif$18028_gate ($_MUX_): \register[5]_gate [18] -> \register[5] [18]
Changing input A of cell $abc$15168$auto$blifparse.cc:397:parse_blif$18033_gate ($_MUX_): \register[30]_gate [17] -> \register[30] [17]
Changing input B of cell $abc$15168$auto$blifparse.cc:397:parse_blif$18033_gate ($_MUX_): \register[31]_gate [17] -> \register[31] [17]
Changing input A of cell $abc$15168$auto$blifparse.cc:397:parse_blif$18034_gate ($_MUX_): \register[26]_gate [17] -> \register[26] [17]
Changing input B of cell $abc$15168$auto$blifparse.cc:397:parse_blif$18034_gate ($_MUX_): \register[27]_gate [17] -> \register[27] [17]
Changing input A of cell $abc$15168$auto$blifparse.cc:397:parse_blif$18036_gate ($_MUX_): \register[28]_gate [17] -> \register[28] [17]
Changing input B of cell $abc$15168$auto$blifparse.cc:397:parse_blif$18036_gate ($_MUX_): \register[29]_gate [17] -> \register[29] [17]
Changing input A of cell $abc$15168$auto$blifparse.cc:397:parse_blif$18037_gate ($_MUX_): \register[24]_gate [17] -> \register[24] [17]
Changing input B of cell $abc$15168$auto$blifparse.cc:397:parse_blif$18037_gate ($_MUX_): \register[25]_gate [17] -> \register[25] [17]
Changing input A of cell $abc$15168$auto$blifparse.cc:397:parse_blif$18040_gate ($_MUX_): \register[10]_gate [17] -> \register[10] [17]
Changing input B of cell $abc$15168$auto$blifparse.cc:397:parse_blif$18040_gate ($_MUX_): \register[14]_gate [17] -> \register[14] [17]
Changing input A of cell $abc$15168$auto$blifparse.cc:397:parse_blif$18042_gate ($_ORNOT_): \register[15]_gate [17] -> \register[15] [17]
Changing input B of cell $abc$15168$auto$blifparse.cc:397:parse_blif$18043_gate ($_OR_): \register[11]_gate [17] -> \register[11] [17]
Changing input A of cell $abc$15168$auto$blifparse.cc:397:parse_blif$18047_gate ($_ORNOT_): \register[13]_gate [17] -> \register[13] [17]
Changing input B of cell $abc$15168$auto$blifparse.cc:397:parse_blif$18048_gate ($_OR_): \register[9]_gate [17] -> \register[9] [17]
Changing input A of cell $abc$15168$auto$blifparse.cc:397:parse_blif$18051_gate ($_MUX_): \register[8]_gate [17] -> \register[8] [17]
Changing input B of cell $abc$15168$auto$blifparse.cc:397:parse_blif$18051_gate ($_MUX_): \register[12]_gate [17] -> \register[12] [17]
Changing input A of cell $abc$15168$auto$blifparse.cc:397:parse_blif$18056_gate ($_ORNOT_): \register[21]_gate [17] -> \register[21] [17]
Changing input B of cell $abc$15168$auto$blifparse.cc:397:parse_blif$18057_gate ($_OR_): \register[17]_gate [17] -> \register[17] [17]
Changing input A of cell $abc$15168$auto$blifparse.cc:397:parse_blif$18060_gate ($_MUX_): \register[16]_gate [17] -> \register[16] [17]
Changing input B of cell $abc$15168$auto$blifparse.cc:397:parse_blif$18060_gate ($_MUX_): \register[20]_gate [17] -> \register[20] [17]
Changing input A of cell $abc$15168$auto$blifparse.cc:397:parse_blif$18064_gate ($_ORNOT_): \register[23]_gate [17] -> \register[23] [17]
Changing input B of cell $abc$15168$auto$blifparse.cc:397:parse_blif$18065_gate ($_OR_): \register[19]_gate [17] -> \register[19] [17]
Changing input A of cell $abc$15168$auto$blifparse.cc:397:parse_blif$18068_gate ($_MUX_): \register[18]_gate [17] -> \register[18] [17]
Changing input B of cell $abc$15168$auto$blifparse.cc:397:parse_blif$18068_gate ($_MUX_): \register[22]_gate [17] -> \register[22] [17]
Changing input A of cell $abc$15168$auto$blifparse.cc:397:parse_blif$18074_gate ($_MUX_): \register[2]_gate [17] -> \register[2] [17]
Changing input B of cell $abc$15168$auto$blifparse.cc:397:parse_blif$18074_gate ($_MUX_): \register[6]_gate [17] -> \register[6] [17]
Changing input A of cell $abc$15168$auto$blifparse.cc:397:parse_blif$18076_gate ($_ORNOT_): \register[7]_gate [17] -> \register[7] [17]
Changing input B of cell $abc$15168$auto$blifparse.cc:397:parse_blif$18077_gate ($_OR_): \register[3]_gate [17] -> \register[3] [17]
Changing input B of cell $abc$15168$auto$blifparse.cc:397:parse_blif$18081_gate ($_MUX_): \register[4]_gate [17] -> \register[4] [17]
Changing input A of cell $abc$15168$auto$blifparse.cc:397:parse_blif$18083_gate ($_ORNOT_): \register[5]_gate [17] -> \register[5] [17]
Changing input B of cell $abc$15168$auto$blifparse.cc:397:parse_blif$18084_gate ($_OR_): \register[1]_gate [17] -> \register[1] [17]
Changing input B of cell $abc$15168$auto$blifparse.cc:397:parse_blif$18092_gate ($_NAND_): \register[29]_gate [16] -> \register[29] [16]
Changing input B of cell $abc$15168$auto$blifparse.cc:397:parse_blif$18093_gate ($_ORNOT_): \register[25]_gate [16] -> \register[25] [16]
Changing input B of cell $abc$15168$auto$blifparse.cc:397:parse_blif$18096_gate ($_NAND_): \register[28]_gate [16] -> \register[28] [16]
Changing input A of cell $abc$15168$auto$blifparse.cc:397:parse_blif$18097_gate ($_ANDNOT_): \register[24]_gate [16] -> \register[24] [16]
Changing input B of cell $abc$15168$auto$blifparse.cc:397:parse_blif$18102_gate ($_ORNOT_): \register[27]_gate [16] -> \register[27] [16]
Changing input A of cell $abc$15168$auto$blifparse.cc:397:parse_blif$18103_gate ($_NAND_): \register[31]_gate [16] -> \register[31] [16]
Changing input B of cell $abc$15168$auto$blifparse.cc:397:parse_blif$18106_gate ($_ORNOT_): \register[26]_gate [16] -> \register[26] [16]
Changing input A of cell $abc$15168$auto$blifparse.cc:397:parse_blif$18107_gate ($_AND_): \register[30]_gate [16] -> \register[30] [16]
Changing input A of cell $abc$15168$auto$blifparse.cc:397:parse_blif$18113_gate ($_MUX_): \register[16]_gate [16] -> \register[16] [16]
Changing input B of cell $abc$15168$auto$blifparse.cc:397:parse_blif$18113_gate ($_MUX_): \register[20]_gate [16] -> \register[20] [16]
Changing input A of cell $abc$15168$auto$blifparse.cc:397:parse_blif$18114_gate ($_MUX_): \register[17]_gate [16] -> \register[17] [16]
Changing input B of cell $abc$15168$auto$blifparse.cc:397:parse_blif$18114_gate ($_MUX_): \register[21]_gate [16] -> \register[21] [16]
Changing input A of cell $abc$15168$auto$blifparse.cc:397:parse_blif$18117_gate ($_MUX_): \register[18]_gate [16] -> \register[18] [16]
Changing input B of cell $abc$15168$auto$blifparse.cc:397:parse_blif$18117_gate ($_MUX_): \register[22]_gate [16] -> \register[22] [16]
Changing input A of cell $abc$15168$auto$blifparse.cc:397:parse_blif$18119_gate ($_MUX_): \register[19]_gate [16] -> \register[19] [16]
Changing input B of cell $abc$15168$auto$blifparse.cc:397:parse_blif$18119_gate ($_MUX_): \register[23]_gate [16] -> \register[23] [16]
Changing input A of cell $abc$15168$auto$blifparse.cc:397:parse_blif$18125_gate ($_MUX_): \register[8]_gate [16] -> \register[8] [16]
Changing input B of cell $abc$15168$auto$blifparse.cc:397:parse_blif$18125_gate ($_MUX_): \register[12]_gate [16] -> \register[12] [16]
Changing input A of cell $abc$15168$auto$blifparse.cc:397:parse_blif$18127_gate ($_MUX_): \register[9]_gate [16] -> \register[9] [16]
Changing input B of cell $abc$15168$auto$blifparse.cc:397:parse_blif$18127_gate ($_MUX_): \register[13]_gate [16] -> \register[13] [16]
Changing input A of cell $abc$15168$auto$blifparse.cc:397:parse_blif$18131_gate ($_MUX_): \register[10]_gate [16] -> \register[10] [16]
Changing input B of cell $abc$15168$auto$blifparse.cc:397:parse_blif$18131_gate ($_MUX_): \register[14]_gate [16] -> \register[14] [16]
Changing input A of cell $abc$15168$auto$blifparse.cc:397:parse_blif$18133_gate ($_MUX_): \register[11]_gate [16] -> \register[11] [16]
Changing input B of cell $abc$15168$auto$blifparse.cc:397:parse_blif$18133_gate ($_MUX_): \register[15]_gate [16] -> \register[15] [16]
Changing input B of cell $abc$15168$auto$blifparse.cc:397:parse_blif$18138_gate ($_MUX_): \register[1]_gate [16] -> \register[1] [16]
Changing input A of cell $abc$15168$auto$blifparse.cc:397:parse_blif$18140_gate ($_MUX_): \register[4]_gate [16] -> \register[4] [16]
Changing input B of cell $abc$15168$auto$blifparse.cc:397:parse_blif$18140_gate ($_MUX_): \register[5]_gate [16] -> \register[5] [16]
Changing input A of cell $abc$15168$auto$blifparse.cc:397:parse_blif$18144_gate ($_MUX_): \register[2]_gate [16] -> \register[2] [16]
Changing input B of cell $abc$15168$auto$blifparse.cc:397:parse_blif$18144_gate ($_MUX_): \register[3]_gate [16] -> \register[3] [16]
Changing input A of cell $abc$15168$auto$blifparse.cc:397:parse_blif$18146_gate ($_MUX_): \register[6]_gate [16] -> \register[6] [16]
Changing input B of cell $abc$15168$auto$blifparse.cc:397:parse_blif$18146_gate ($_MUX_): \register[7]_gate [16] -> \register[7] [16]
Changing input B of cell $abc$15168$auto$blifparse.cc:397:parse_blif$18153_gate ($_NAND_): \register[23]_gate [15] -> \register[23] [15]
Changing input B of cell $abc$15168$auto$blifparse.cc:397:parse_blif$18154_gate ($_ORNOT_): \register[19]_gate [15] -> \register[19] [15]
Changing input B of cell $abc$15168$auto$blifparse.cc:397:parse_blif$18157_gate ($_NAND_): \register[22]_gate [15] -> \register[22] [15]
Changing input A of cell $abc$15168$auto$blifparse.cc:397:parse_blif$18158_gate ($_ANDNOT_): \register[18]_gate [15] -> \register[18] [15]
Changing input A of cell $abc$15168$auto$blifparse.cc:397:parse_blif$18163_gate ($_NAND_): \register[31]_gate [15] -> \register[31] [15]
Changing input B of cell $abc$15168$auto$blifparse.cc:397:parse_blif$18164_gate ($_ORNOT_): \register[27]_gate [15] -> \register[27] [15]
Changing input B of cell $abc$15168$auto$blifparse.cc:397:parse_blif$18167_gate ($_ORNOT_): \register[26]_gate [15] -> \register[26] [15]
Changing input A of cell $abc$15168$auto$blifparse.cc:397:parse_blif$18168_gate ($_AND_): \register[30]_gate [15] -> \register[30] [15]
Changing input A of cell $abc$15168$auto$blifparse.cc:397:parse_blif$18174_gate ($_MUX_): \register[25]_gate [15] -> \register[25] [15]
Changing input B of cell $abc$15168$auto$blifparse.cc:397:parse_blif$18174_gate ($_MUX_): \register[29]_gate [15] -> \register[29] [15]
Changing input A of cell $abc$15168$auto$blifparse.cc:397:parse_blif$18175_gate ($_MUX_): \register[24]_gate [15] -> \register[24] [15]
Changing input B of cell $abc$15168$auto$blifparse.cc:397:parse_blif$18175_gate ($_MUX_): \register[28]_gate [15] -> \register[28] [15]
Changing input A of cell $abc$15168$auto$blifparse.cc:397:parse_blif$18177_gate ($_MUX_): \register[17]_gate [15] -> \register[17] [15]
Changing input B of cell $abc$15168$auto$blifparse.cc:397:parse_blif$18177_gate ($_MUX_): \register[21]_gate [15] -> \register[21] [15]
Changing input A of cell $abc$15168$auto$blifparse.cc:397:parse_blif$18178_gate ($_MUX_): \register[16]_gate [15] -> \register[16] [15]
Changing input B of cell $abc$15168$auto$blifparse.cc:397:parse_blif$18178_gate ($_MUX_): \register[20]_gate [15] -> \register[20] [15]
Changing input A of cell $abc$15168$auto$blifparse.cc:397:parse_blif$18182_gate ($_MUX_): \register[2]_gate [15] -> \register[2] [15]
Changing input B of cell $abc$15168$auto$blifparse.cc:397:parse_blif$18182_gate ($_MUX_): \register[6]_gate [15] -> \register[6] [15]
Changing input A of cell $abc$15168$auto$blifparse.cc:397:parse_blif$18184_gate ($_MUX_): \register[3]_gate [15] -> \register[3] [15]
Changing input B of cell $abc$15168$auto$blifparse.cc:397:parse_blif$18184_gate ($_MUX_): \register[7]_gate [15] -> \register[7] [15]
Changing input A of cell $abc$15168$auto$blifparse.cc:397:parse_blif$18188_gate ($_MUX_): \register[10]_gate [15] -> \register[10] [15]
Changing input B of cell $abc$15168$auto$blifparse.cc:397:parse_blif$18188_gate ($_MUX_): \register[14]_gate [15] -> \register[14] [15]
Changing input A of cell $abc$15168$auto$blifparse.cc:397:parse_blif$18190_gate ($_MUX_): \register[11]_gate [15] -> \register[11] [15]
Changing input B of cell $abc$15168$auto$blifparse.cc:397:parse_blif$18190_gate ($_MUX_): \register[15]_gate [15] -> \register[15] [15]
Changing input A of cell $abc$15168$auto$blifparse.cc:397:parse_blif$18195_gate ($_MUX_): \register[8]_gate [15] -> \register[8] [15]
Changing input B of cell $abc$15168$auto$blifparse.cc:397:parse_blif$18195_gate ($_MUX_): \register[12]_gate [15] -> \register[12] [15]
Changing input A of cell $abc$15168$auto$blifparse.cc:397:parse_blif$18196_gate ($_MUX_): \register[9]_gate [15] -> \register[9] [15]
Changing input B of cell $abc$15168$auto$blifparse.cc:397:parse_blif$18196_gate ($_MUX_): \register[13]_gate [15] -> \register[13] [15]
Changing input A of cell $abc$15168$auto$blifparse.cc:397:parse_blif$18198_gate ($_MUX_): \register[1]_gate [15] -> \register[1] [15]
Changing input B of cell $abc$15168$auto$blifparse.cc:397:parse_blif$18198_gate ($_MUX_): \register[5]_gate [15] -> \register[5] [15]
Changing input B of cell $abc$15168$auto$blifparse.cc:397:parse_blif$18199_gate ($_MUX_): \register[4]_gate [15] -> \register[4] [15]
Changing input A of cell $abc$15168$auto$blifparse.cc:397:parse_blif$18204_gate ($_MUX_): \register[30]_gate [14] -> \register[30] [14]
Changing input B of cell $abc$15168$auto$blifparse.cc:397:parse_blif$18204_gate ($_MUX_): \register[31]_gate [14] -> \register[31] [14]
Changing input A of cell $abc$15168$auto$blifparse.cc:397:parse_blif$18205_gate ($_MUX_): \register[26]_gate [14] -> \register[26] [14]
Changing input B of cell $abc$15168$auto$blifparse.cc:397:parse_blif$18205_gate ($_MUX_): \register[27]_gate [14] -> \register[27] [14]
Changing input A of cell $abc$15168$auto$blifparse.cc:397:parse_blif$18207_gate ($_MUX_): \register[28]_gate [14] -> \register[28] [14]
Changing input B of cell $abc$15168$auto$blifparse.cc:397:parse_blif$18207_gate ($_MUX_): \register[29]_gate [14] -> \register[29] [14]
Changing input A of cell $abc$15168$auto$blifparse.cc:397:parse_blif$18208_gate ($_MUX_): \register[24]_gate [14] -> \register[24] [14]
Changing input B of cell $abc$15168$auto$blifparse.cc:397:parse_blif$18208_gate ($_MUX_): \register[25]_gate [14] -> \register[25] [14]
Changing input A of cell $abc$15168$auto$blifparse.cc:397:parse_blif$18211_gate ($_MUX_): \register[10]_gate [14] -> \register[10] [14]
Changing input B of cell $abc$15168$auto$blifparse.cc:397:parse_blif$18211_gate ($_MUX_): \register[14]_gate [14] -> \register[14] [14]
Changing input A of cell $abc$15168$auto$blifparse.cc:397:parse_blif$18213_gate ($_ORNOT_): \register[15]_gate [14] -> \register[15] [14]
Changing input B of cell $abc$15168$auto$blifparse.cc:397:parse_blif$18214_gate ($_OR_): \register[11]_gate [14] -> \register[11] [14]
Changing input A of cell $abc$15168$auto$blifparse.cc:397:parse_blif$18218_gate ($_ORNOT_): \register[13]_gate [14] -> \register[13] [14]
Changing input B of cell $abc$15168$auto$blifparse.cc:397:parse_blif$18219_gate ($_OR_): \register[9]_gate [14] -> \register[9] [14]
Changing input A of cell $abc$15168$auto$blifparse.cc:397:parse_blif$18222_gate ($_MUX_): \register[8]_gate [14] -> \register[8] [14]
Changing input B of cell $abc$15168$auto$blifparse.cc:397:parse_blif$18222_gate ($_MUX_): \register[12]_gate [14] -> \register[12] [14]
Changing input A of cell $abc$15168$auto$blifparse.cc:397:parse_blif$18227_gate ($_ORNOT_): \register[21]_gate [14] -> \register[21] [14]
Changing input B of cell $abc$15168$auto$blifparse.cc:397:parse_blif$18228_gate ($_OR_): \register[17]_gate [14] -> \register[17] [14]
Changing input A of cell $abc$15168$auto$blifparse.cc:397:parse_blif$18231_gate ($_MUX_): \register[16]_gate [14] -> \register[16] [14]
Changing input B of cell $abc$15168$auto$blifparse.cc:397:parse_blif$18231_gate ($_MUX_): \register[20]_gate [14] -> \register[20] [14]
Changing input A of cell $abc$15168$auto$blifparse.cc:397:parse_blif$18235_gate ($_ORNOT_): \register[23]_gate [14] -> \register[23] [14]
Changing input B of cell $abc$15168$auto$blifparse.cc:397:parse_blif$18236_gate ($_OR_): \register[19]_gate [14] -> \register[19] [14]
Changing input A of cell $abc$15168$auto$blifparse.cc:397:parse_blif$18239_gate ($_MUX_): \register[18]_gate [14] -> \register[18] [14]
Changing input B of cell $abc$15168$auto$blifparse.cc:397:parse_blif$18239_gate ($_MUX_): \register[22]_gate [14] -> \register[22] [14]
Changing input A of cell $abc$15168$auto$blifparse.cc:397:parse_blif$18245_gate ($_MUX_): \register[2]_gate [14] -> \register[2] [14]
Changing input B of cell $abc$15168$auto$blifparse.cc:397:parse_blif$18245_gate ($_MUX_): \register[6]_gate [14] -> \register[6] [14]
Changing input A of cell $abc$15168$auto$blifparse.cc:397:parse_blif$18247_gate ($_ORNOT_): \register[7]_gate [14] -> \register[7] [14]
Changing input B of cell $abc$15168$auto$blifparse.cc:397:parse_blif$18248_gate ($_OR_): \register[3]_gate [14] -> \register[3] [14]
Changing input B of cell $abc$15168$auto$blifparse.cc:397:parse_blif$18252_gate ($_MUX_): \register[4]_gate [14] -> \register[4] [14]
Changing input A of cell $abc$15168$auto$blifparse.cc:397:parse_blif$18254_gate ($_ORNOT_): \register[5]_gate [14] -> \register[5] [14]
Changing input B of cell $abc$15168$auto$blifparse.cc:397:parse_blif$18255_gate ($_OR_): \register[1]_gate [14] -> \register[1] [14]
Changing input A of cell $abc$15168$auto$blifparse.cc:397:parse_blif$18263_gate ($_MUX_): \register[30]_gate [13] -> \register[30] [13]
Changing input B of cell $abc$15168$auto$blifparse.cc:397:parse_blif$18263_gate ($_MUX_): \register[31]_gate [13] -> \register[31] [13]
Changing input A of cell $abc$15168$auto$blifparse.cc:397:parse_blif$18264_gate ($_MUX_): \register[26]_gate [13] -> \register[26] [13]
Changing input B of cell $abc$15168$auto$blifparse.cc:397:parse_blif$18264_gate ($_MUX_): \register[27]_gate [13] -> \register[27] [13]
Changing input A of cell $abc$15168$auto$blifparse.cc:397:parse_blif$18266_gate ($_MUX_): \register[28]_gate [13] -> \register[28] [13]
Changing input B of cell $abc$15168$auto$blifparse.cc:397:parse_blif$18266_gate ($_MUX_): \register[29]_gate [13] -> \register[29] [13]
Changing input A of cell $abc$15168$auto$blifparse.cc:397:parse_blif$18267_gate ($_MUX_): \register[24]_gate [13] -> \register[24] [13]
Changing input B of cell $abc$15168$auto$blifparse.cc:397:parse_blif$18267_gate ($_MUX_): \register[25]_gate [13] -> \register[25] [13]
Changing input A of cell $abc$15168$auto$blifparse.cc:397:parse_blif$18270_gate ($_MUX_): \register[10]_gate [13] -> \register[10] [13]
Changing input B of cell $abc$15168$auto$blifparse.cc:397:parse_blif$18270_gate ($_MUX_): \register[14]_gate [13] -> \register[14] [13]
Changing input A of cell $abc$15168$auto$blifparse.cc:397:parse_blif$18272_gate ($_ORNOT_): \register[15]_gate [13] -> \register[15] [13]
Changing input B of cell $abc$15168$auto$blifparse.cc:397:parse_blif$18273_gate ($_OR_): \register[11]_gate [13] -> \register[11] [13]
Changing input A of cell $abc$15168$auto$blifparse.cc:397:parse_blif$18277_gate ($_ORNOT_): \register[13]_gate [13] -> \register[13] [13]
Changing input B of cell $abc$15168$auto$blifparse.cc:397:parse_blif$18278_gate ($_OR_): \register[9]_gate [13] -> \register[9] [13]
Changing input A of cell $abc$15168$auto$blifparse.cc:397:parse_blif$18281_gate ($_MUX_): \register[8]_gate [13] -> \register[8] [13]
Changing input B of cell $abc$15168$auto$blifparse.cc:397:parse_blif$18281_gate ($_MUX_): \register[12]_gate [13] -> \register[12] [13]
Changing input A of cell $abc$15168$auto$blifparse.cc:397:parse_blif$18286_gate ($_ORNOT_): \register[21]_gate [13] -> \register[21] [13]
Changing input B of cell $abc$15168$auto$blifparse.cc:397:parse_blif$18287_gate ($_OR_): \register[17]_gate [13] -> \register[17] [13]
Changing input A of cell $abc$15168$auto$blifparse.cc:397:parse_blif$18290_gate ($_MUX_): \register[16]_gate [13] -> \register[16] [13]
Changing input B of cell $abc$15168$auto$blifparse.cc:397:parse_blif$18290_gate ($_MUX_): \register[20]_gate [13] -> \register[20] [13]
Changing input A of cell $abc$15168$auto$blifparse.cc:397:parse_blif$18294_gate ($_ORNOT_): \register[23]_gate [13] -> \register[23] [13]
Changing input B of cell $abc$15168$auto$blifparse.cc:397:parse_blif$18295_gate ($_OR_): \register[19]_gate [13] -> \register[19] [13]
Changing input A of cell $abc$15168$auto$blifparse.cc:397:parse_blif$18298_gate ($_MUX_): \register[18]_gate [13] -> \register[18] [13]
Changing input B of cell $abc$15168$auto$blifparse.cc:397:parse_blif$18298_gate ($_MUX_): \register[22]_gate [13] -> \register[22] [13]
Changing input A of cell $abc$15168$auto$blifparse.cc:397:parse_blif$18304_gate ($_MUX_): \register[2]_gate [13] -> \register[2] [13]
Changing input B of cell $abc$15168$auto$blifparse.cc:397:parse_blif$18304_gate ($_MUX_): \register[6]_gate [13] -> \register[6] [13]
Changing input A of cell $abc$15168$auto$blifparse.cc:397:parse_blif$18306_gate ($_ORNOT_): \register[7]_gate [13] -> \register[7] [13]
Changing input B of cell $abc$15168$auto$blifparse.cc:397:parse_blif$18307_gate ($_OR_): \register[3]_gate [13] -> \register[3] [13]
Changing input B of cell $abc$15168$auto$blifparse.cc:397:parse_blif$18311_gate ($_MUX_): \register[4]_gate [13] -> \register[4] [13]
Changing input A of cell $abc$15168$auto$blifparse.cc:397:parse_blif$18313_gate ($_ORNOT_): \register[5]_gate [13] -> \register[5] [13]
Changing input B of cell $abc$15168$auto$blifparse.cc:397:parse_blif$18314_gate ($_OR_): \register[1]_gate [13] -> \register[1] [13]
Changing input A of cell $abc$15168$auto$blifparse.cc:397:parse_blif$18322_gate ($_MUX_): \register[30]_gate [12] -> \register[30] [12]
Changing input B of cell $abc$15168$auto$blifparse.cc:397:parse_blif$18322_gate ($_MUX_): \register[31]_gate [12] -> \register[31] [12]
Changing input A of cell $abc$15168$auto$blifparse.cc:397:parse_blif$18323_gate ($_MUX_): \register[26]_gate [12] -> \register[26] [12]
Changing input B of cell $abc$15168$auto$blifparse.cc:397:parse_blif$18323_gate ($_MUX_): \register[27]_gate [12] -> \register[27] [12]
Changing input A of cell $abc$15168$auto$blifparse.cc:397:parse_blif$18325_gate ($_MUX_): \register[28]_gate [12] -> \register[28] [12]
Changing input B of cell $abc$15168$auto$blifparse.cc:397:parse_blif$18325_gate ($_MUX_): \register[29]_gate [12] -> \register[29] [12]
Changing input A of cell $abc$15168$auto$blifparse.cc:397:parse_blif$18326_gate ($_MUX_): \register[24]_gate [12] -> \register[24] [12]
Changing input B of cell $abc$15168$auto$blifparse.cc:397:parse_blif$18326_gate ($_MUX_): \register[25]_gate [12] -> \register[25] [12]
Changing input A of cell $abc$15168$auto$blifparse.cc:397:parse_blif$18329_gate ($_MUX_): \register[10]_gate [12] -> \register[10] [12]
Changing input B of cell $abc$15168$auto$blifparse.cc:397:parse_blif$18329_gate ($_MUX_): \register[14]_gate [12] -> \register[14] [12]
Changing input A of cell $abc$15168$auto$blifparse.cc:397:parse_blif$18331_gate ($_ORNOT_): \register[15]_gate [12] -> \register[15] [12]
Changing input B of cell $abc$15168$auto$blifparse.cc:397:parse_blif$18332_gate ($_OR_): \register[11]_gate [12] -> \register[11] [12]
Changing input A of cell $abc$15168$auto$blifparse.cc:397:parse_blif$18336_gate ($_ORNOT_): \register[13]_gate [12] -> \register[13] [12]
Changing input B of cell $abc$15168$auto$blifparse.cc:397:parse_blif$18337_gate ($_OR_): \register[9]_gate [12] -> \register[9] [12]
Changing input A of cell $abc$15168$auto$blifparse.cc:397:parse_blif$18340_gate ($_MUX_): \register[8]_gate [12] -> \register[8] [12]
Changing input B of cell $abc$15168$auto$blifparse.cc:397:parse_blif$18340_gate ($_MUX_): \register[12]_gate [12] -> \register[12] [12]
Changing input A of cell $abc$15168$auto$blifparse.cc:397:parse_blif$18345_gate ($_ORNOT_): \register[7]_gate [12] -> \register[7] [12]
Changing input B of cell $abc$15168$auto$blifparse.cc:397:parse_blif$18346_gate ($_OR_): \register[3]_gate [12] -> \register[3] [12]
Changing input A of cell $abc$15168$auto$blifparse.cc:397:parse_blif$18349_gate ($_MUX_): \register[2]_gate [12] -> \register[2] [12]
Changing input B of cell $abc$15168$auto$blifparse.cc:397:parse_blif$18349_gate ($_MUX_): \register[6]_gate [12] -> \register[6] [12]
Changing input A of cell $abc$15168$auto$blifparse.cc:397:parse_blif$18353_gate ($_ORNOT_): \register[5]_gate [12] -> \register[5] [12]
Changing input B of cell $abc$15168$auto$blifparse.cc:397:parse_blif$18354_gate ($_OR_): \register[1]_gate [12] -> \register[1] [12]
Changing input B of cell $abc$15168$auto$blifparse.cc:397:parse_blif$18357_gate ($_MUX_): \register[4]_gate [12] -> \register[4] [12]
Changing input A of cell $abc$15168$auto$blifparse.cc:397:parse_blif$18363_gate ($_MUX_): \register[22]_gate [12] -> \register[22] [12]
Changing input B of cell $abc$15168$auto$blifparse.cc:397:parse_blif$18363_gate ($_MUX_): \register[23]_gate [12] -> \register[23] [12]
Changing input A of cell $abc$15168$auto$blifparse.cc:397:parse_blif$18364_gate ($_MUX_): \register[18]_gate [12] -> \register[18] [12]
Changing input B of cell $abc$15168$auto$blifparse.cc:397:parse_blif$18364_gate ($_MUX_): \register[19]_gate [12] -> \register[19] [12]
Changing input A of cell $abc$15168$auto$blifparse.cc:397:parse_blif$18366_gate ($_MUX_): \register[20]_gate [12] -> \register[20] [12]
Changing input B of cell $abc$15168$auto$blifparse.cc:397:parse_blif$18366_gate ($_MUX_): \register[21]_gate [12] -> \register[21] [12]
Changing input A of cell $abc$15168$auto$blifparse.cc:397:parse_blif$18367_gate ($_MUX_): \register[16]_gate [12] -> \register[16] [12]
Changing input B of cell $abc$15168$auto$blifparse.cc:397:parse_blif$18367_gate ($_MUX_): \register[17]_gate [12] -> \register[17] [12]
Changing input A of cell $abc$15168$auto$blifparse.cc:397:parse_blif$18373_gate ($_MUX_): \register[30]_gate [11] -> \register[30] [11]
Changing input B of cell $abc$15168$auto$blifparse.cc:397:parse_blif$18373_gate ($_MUX_): \register[31]_gate [11] -> \register[31] [11]
Changing input A of cell $abc$15168$auto$blifparse.cc:397:parse_blif$18374_gate ($_MUX_): \register[26]_gate [11] -> \register[26] [11]
Changing input B of cell $abc$15168$auto$blifparse.cc:397:parse_blif$18374_gate ($_MUX_): \register[27]_gate [11] -> \register[27] [11]
Changing input A of cell $abc$15168$auto$blifparse.cc:397:parse_blif$18376_gate ($_MUX_): \register[28]_gate [11] -> \register[28] [11]
Changing input B of cell $abc$15168$auto$blifparse.cc:397:parse_blif$18376_gate ($_MUX_): \register[29]_gate [11] -> \register[29] [11]
Changing input A of cell $abc$15168$auto$blifparse.cc:397:parse_blif$18377_gate ($_MUX_): \register[24]_gate [11] -> \register[24] [11]
Changing input B of cell $abc$15168$auto$blifparse.cc:397:parse_blif$18377_gate ($_MUX_): \register[25]_gate [11] -> \register[25] [11]
Changing input A of cell $abc$15168$auto$blifparse.cc:397:parse_blif$18381_gate ($_MUX_): \register[10]_gate [11] -> \register[10] [11]
Changing input B of cell $abc$15168$auto$blifparse.cc:397:parse_blif$18381_gate ($_MUX_): \register[14]_gate [11] -> \register[14] [11]
Changing input A of cell $abc$15168$auto$blifparse.cc:397:parse_blif$18383_gate ($_ORNOT_): \register[15]_gate [11] -> \register[15] [11]
Changing input B of cell $abc$15168$auto$blifparse.cc:397:parse_blif$18384_gate ($_OR_): \register[11]_gate [11] -> \register[11] [11]
Changing input A of cell $abc$15168$auto$blifparse.cc:397:parse_blif$18389_gate ($_ORNOT_): \register[13]_gate [11] -> \register[13] [11]
Changing input B of cell $abc$15168$auto$blifparse.cc:397:parse_blif$18390_gate ($_OR_): \register[9]_gate [11] -> \register[9] [11]
Changing input A of cell $abc$15168$auto$blifparse.cc:397:parse_blif$18393_gate ($_MUX_): \register[8]_gate [11] -> \register[8] [11]
Changing input B of cell $abc$15168$auto$blifparse.cc:397:parse_blif$18393_gate ($_MUX_): \register[12]_gate [11] -> \register[12] [11]
Changing input B of cell $abc$15168$auto$blifparse.cc:397:parse_blif$18400_gate ($_NAND_): \register[21]_gate [11] -> \register[21] [11]
Changing input B of cell $abc$15168$auto$blifparse.cc:397:parse_blif$18401_gate ($_ORNOT_): \register[20]_gate [11] -> \register[20] [11]
Changing input B of cell $abc$15168$auto$blifparse.cc:397:parse_blif$18404_gate ($_NAND_): \register[17]_gate [11] -> \register[17] [11]
Changing input A of cell $abc$15168$auto$blifparse.cc:397:parse_blif$18405_gate ($_ANDNOT_): \register[16]_gate [11] -> \register[16] [11]
Changing input B of cell $abc$15168$auto$blifparse.cc:397:parse_blif$18410_gate ($_NAND_): \register[23]_gate [11] -> \register[23] [11]
Changing input B of cell $abc$15168$auto$blifparse.cc:397:parse_blif$18411_gate ($_ORNOT_): \register[22]_gate [11] -> \register[22] [11]
Changing input B of cell $abc$15168$auto$blifparse.cc:397:parse_blif$18414_gate ($_NAND_): \register[19]_gate [11] -> \register[19] [11]
Changing input A of cell $abc$15168$auto$blifparse.cc:397:parse_blif$18415_gate ($_ANDNOT_): \register[18]_gate [11] -> \register[18] [11]
Changing input A of cell $abc$15168$auto$blifparse.cc:397:parse_blif$18421_gate ($_ORNOT_): \register[7]_gate [11] -> \register[7] [11]
Changing input B of cell $abc$15168$auto$blifparse.cc:397:parse_blif$18422_gate ($_OR_): \register[3]_gate [11] -> \register[3] [11]
Changing input A of cell $abc$15168$auto$blifparse.cc:397:parse_blif$18425_gate ($_MUX_): \register[2]_gate [11] -> \register[2] [11]
Changing input B of cell $abc$15168$auto$blifparse.cc:397:parse_blif$18425_gate ($_MUX_): \register[6]_gate [11] -> \register[6] [11]
Changing input A of cell $abc$15168$auto$blifparse.cc:397:parse_blif$18428_gate ($_ORNOT_): \register[5]_gate [11] -> \register[5] [11]
Changing input B of cell $abc$15168$auto$blifparse.cc:397:parse_blif$18429_gate ($_OR_): \register[1]_gate [11] -> \register[1] [11]
Changing input B of cell $abc$15168$auto$blifparse.cc:397:parse_blif$18432_gate ($_MUX_): \register[4]_gate [11] -> \register[4] [11]
Changing input A of cell $abc$15168$auto$blifparse.cc:397:parse_blif$18438_gate ($_MUX_): \register[30]_gate [10] -> \register[30] [10]
Changing input B of cell $abc$15168$auto$blifparse.cc:397:parse_blif$18438_gate ($_MUX_): \register[31]_gate [10] -> \register[31] [10]
Changing input A of cell $abc$15168$auto$blifparse.cc:397:parse_blif$18439_gate ($_MUX_): \register[26]_gate [10] -> \register[26] [10]
Changing input B of cell $abc$15168$auto$blifparse.cc:397:parse_blif$18439_gate ($_MUX_): \register[27]_gate [10] -> \register[27] [10]
Changing input A of cell $abc$15168$auto$blifparse.cc:397:parse_blif$18441_gate ($_MUX_): \register[28]_gate [10] -> \register[28] [10]
Changing input B of cell $abc$15168$auto$blifparse.cc:397:parse_blif$18441_gate ($_MUX_): \register[29]_gate [10] -> \register[29] [10]
Changing input A of cell $abc$15168$auto$blifparse.cc:397:parse_blif$18442_gate ($_MUX_): \register[24]_gate [10] -> \register[24] [10]
Changing input B of cell $abc$15168$auto$blifparse.cc:397:parse_blif$18442_gate ($_MUX_): \register[25]_gate [10] -> \register[25] [10]
Changing input A of cell $abc$15168$auto$blifparse.cc:397:parse_blif$18446_gate ($_MUX_): \register[10]_gate [10] -> \register[10] [10]
Changing input B of cell $abc$15168$auto$blifparse.cc:397:parse_blif$18446_gate ($_MUX_): \register[14]_gate [10] -> \register[14] [10]
Changing input A of cell $abc$15168$auto$blifparse.cc:397:parse_blif$18448_gate ($_ORNOT_): \register[15]_gate [10] -> \register[15] [10]
Changing input B of cell $abc$15168$auto$blifparse.cc:397:parse_blif$18449_gate ($_OR_): \register[11]_gate [10] -> \register[11] [10]
Changing input A of cell $abc$15168$auto$blifparse.cc:397:parse_blif$18454_gate ($_ORNOT_): \register[13]_gate [10] -> \register[13] [10]
Changing input B of cell $abc$15168$auto$blifparse.cc:397:parse_blif$18455_gate ($_OR_): \register[9]_gate [10] -> \register[9] [10]
Changing input A of cell $abc$15168$auto$blifparse.cc:397:parse_blif$18458_gate ($_MUX_): \register[8]_gate [10] -> \register[8] [10]
Changing input B of cell $abc$15168$auto$blifparse.cc:397:parse_blif$18458_gate ($_MUX_): \register[12]_gate [10] -> \register[12] [10]
Changing input B of cell $abc$15168$auto$blifparse.cc:397:parse_blif$18465_gate ($_NAND_): \register[21]_gate [10] -> \register[21] [10]
Changing input B of cell $abc$15168$auto$blifparse.cc:397:parse_blif$18466_gate ($_ORNOT_): \register[20]_gate [10] -> \register[20] [10]
Changing input B of cell $abc$15168$auto$blifparse.cc:397:parse_blif$18469_gate ($_NAND_): \register[17]_gate [10] -> \register[17] [10]
Changing input A of cell $abc$15168$auto$blifparse.cc:397:parse_blif$18470_gate ($_ANDNOT_): \register[16]_gate [10] -> \register[16] [10]
Changing input B of cell $abc$15168$auto$blifparse.cc:397:parse_blif$18475_gate ($_NAND_): \register[23]_gate [10] -> \register[23] [10]
Changing input B of cell $abc$15168$auto$blifparse.cc:397:parse_blif$18476_gate ($_ORNOT_): \register[22]_gate [10] -> \register[22] [10]
Changing input B of cell $abc$15168$auto$blifparse.cc:397:parse_blif$18479_gate ($_NAND_): \register[19]_gate [10] -> \register[19] [10]
Changing input A of cell $abc$15168$auto$blifparse.cc:397:parse_blif$18480_gate ($_ANDNOT_): \register[18]_gate [10] -> \register[18] [10]
Changing input A of cell $abc$15168$auto$blifparse.cc:397:parse_blif$18486_gate ($_ORNOT_): \register[7]_gate [10] -> \register[7] [10]
Changing input B of cell $abc$15168$auto$blifparse.cc:397:parse_blif$18487_gate ($_OR_): \register[3]_gate [10] -> \register[3] [10]
Changing input A of cell $abc$15168$auto$blifparse.cc:397:parse_blif$18490_gate ($_MUX_): \register[2]_gate [10] -> \register[2] [10]
Changing input B of cell $abc$15168$auto$blifparse.cc:397:parse_blif$18490_gate ($_MUX_): \register[6]_gate [10] -> \register[6] [10]
Changing input A of cell $abc$15168$auto$blifparse.cc:397:parse_blif$18493_gate ($_ORNOT_): \register[5]_gate [10] -> \register[5] [10]
Changing input B of cell $abc$15168$auto$blifparse.cc:397:parse_blif$18494_gate ($_OR_): \register[1]_gate [10] -> \register[1] [10]
Changing input B of cell $abc$15168$auto$blifparse.cc:397:parse_blif$18497_gate ($_MUX_): \register[4]_gate [10] -> \register[4] [10]
Changing input A of cell $abc$15168$auto$blifparse.cc:397:parse_blif$18503_gate ($_MUX_): \register[30]_gate [9] -> \register[30] [9]
Changing input B of cell $abc$15168$auto$blifparse.cc:397:parse_blif$18503_gate ($_MUX_): \register[31]_gate [9] -> \register[31] [9]
Changing input A of cell $abc$15168$auto$blifparse.cc:397:parse_blif$18504_gate ($_MUX_): \register[26]_gate [9] -> \register[26] [9]
Changing input B of cell $abc$15168$auto$blifparse.cc:397:parse_blif$18504_gate ($_MUX_): \register[27]_gate [9] -> \register[27] [9]
Changing input A of cell $abc$15168$auto$blifparse.cc:397:parse_blif$18506_gate ($_MUX_): \register[28]_gate [9] -> \register[28] [9]
Changing input B of cell $abc$15168$auto$blifparse.cc:397:parse_blif$18506_gate ($_MUX_): \register[29]_gate [9] -> \register[29] [9]
Changing input A of cell $abc$15168$auto$blifparse.cc:397:parse_blif$18507_gate ($_MUX_): \register[24]_gate [9] -> \register[24] [9]
Changing input B of cell $abc$15168$auto$blifparse.cc:397:parse_blif$18507_gate ($_MUX_): \register[25]_gate [9] -> \register[25] [9]
Changing input A of cell $abc$15168$auto$blifparse.cc:397:parse_blif$18510_gate ($_MUX_): \register[10]_gate [9] -> \register[10] [9]
Changing input B of cell $abc$15168$auto$blifparse.cc:397:parse_blif$18510_gate ($_MUX_): \register[14]_gate [9] -> \register[14] [9]
Changing input A of cell $abc$15168$auto$blifparse.cc:397:parse_blif$18512_gate ($_ORNOT_): \register[15]_gate [9] -> \register[15] [9]
Changing input B of cell $abc$15168$auto$blifparse.cc:397:parse_blif$18513_gate ($_OR_): \register[11]_gate [9] -> \register[11] [9]
Changing input A of cell $abc$15168$auto$blifparse.cc:397:parse_blif$18517_gate ($_ORNOT_): \register[13]_gate [9] -> \register[13] [9]
Changing input B of cell $abc$15168$auto$blifparse.cc:397:parse_blif$18518_gate ($_OR_): \register[9]_gate [9] -> \register[9] [9]
Changing input A of cell $abc$15168$auto$blifparse.cc:397:parse_blif$18521_gate ($_MUX_): \register[8]_gate [9] -> \register[8] [9]
Changing input B of cell $abc$15168$auto$blifparse.cc:397:parse_blif$18521_gate ($_MUX_): \register[12]_gate [9] -> \register[12] [9]
Changing input A of cell $abc$15168$auto$blifparse.cc:397:parse_blif$18526_gate ($_ORNOT_): \register[7]_gate [9] -> \register[7] [9]
Changing input B of cell $abc$15168$auto$blifparse.cc:397:parse_blif$18527_gate ($_OR_): \register[3]_gate [9] -> \register[3] [9]
Changing input A of cell $abc$15168$auto$blifparse.cc:397:parse_blif$18530_gate ($_MUX_): \register[2]_gate [9] -> \register[2] [9]
Changing input B of cell $abc$15168$auto$blifparse.cc:397:parse_blif$18530_gate ($_MUX_): \register[6]_gate [9] -> \register[6] [9]
Changing input A of cell $abc$15168$auto$blifparse.cc:397:parse_blif$18534_gate ($_ORNOT_): \register[5]_gate [9] -> \register[5] [9]
Changing input B of cell $abc$15168$auto$blifparse.cc:397:parse_blif$18535_gate ($_OR_): \register[1]_gate [9] -> \register[1] [9]
Changing input B of cell $abc$15168$auto$blifparse.cc:397:parse_blif$18538_gate ($_MUX_): \register[4]_gate [9] -> \register[4] [9]
Changing input A of cell $abc$15168$auto$blifparse.cc:397:parse_blif$18544_gate ($_MUX_): \register[22]_gate [9] -> \register[22] [9]
Changing input B of cell $abc$15168$auto$blifparse.cc:397:parse_blif$18544_gate ($_MUX_): \register[23]_gate [9] -> \register[23] [9]
Changing input A of cell $abc$15168$auto$blifparse.cc:397:parse_blif$18545_gate ($_MUX_): \register[18]_gate [9] -> \register[18] [9]
Changing input B of cell $abc$15168$auto$blifparse.cc:397:parse_blif$18545_gate ($_MUX_): \register[19]_gate [9] -> \register[19] [9]
Changing input A of cell $abc$15168$auto$blifparse.cc:397:parse_blif$18547_gate ($_MUX_): \register[20]_gate [9] -> \register[20] [9]
Changing input B of cell $abc$15168$auto$blifparse.cc:397:parse_blif$18547_gate ($_MUX_): \register[21]_gate [9] -> \register[21] [9]
Changing input A of cell $abc$15168$auto$blifparse.cc:397:parse_blif$18548_gate ($_MUX_): \register[16]_gate [9] -> \register[16] [9]
Changing input B of cell $abc$15168$auto$blifparse.cc:397:parse_blif$18548_gate ($_MUX_): \register[17]_gate [9] -> \register[17] [9]
Changing input A of cell $abc$15168$auto$blifparse.cc:397:parse_blif$18554_gate ($_MUX_): \register[30]_gate [8] -> \register[30] [8]
Changing input B of cell $abc$15168$auto$blifparse.cc:397:parse_blif$18554_gate ($_MUX_): \register[31]_gate [8] -> \register[31] [8]
Changing input A of cell $abc$15168$auto$blifparse.cc:397:parse_blif$18555_gate ($_MUX_): \register[26]_gate [8] -> \register[26] [8]
Changing input B of cell $abc$15168$auto$blifparse.cc:397:parse_blif$18555_gate ($_MUX_): \register[27]_gate [8] -> \register[27] [8]
Changing input A of cell $abc$15168$auto$blifparse.cc:397:parse_blif$18557_gate ($_MUX_): \register[28]_gate [8] -> \register[28] [8]
Changing input B of cell $abc$15168$auto$blifparse.cc:397:parse_blif$18557_gate ($_MUX_): \register[29]_gate [8] -> \register[29] [8]
Changing input A of cell $abc$15168$auto$blifparse.cc:397:parse_blif$18558_gate ($_MUX_): \register[24]_gate [8] -> \register[24] [8]
Changing input B of cell $abc$15168$auto$blifparse.cc:397:parse_blif$18558_gate ($_MUX_): \register[25]_gate [8] -> \register[25] [8]
Changing input A of cell $abc$15168$auto$blifparse.cc:397:parse_blif$18561_gate ($_MUX_): \register[10]_gate [8] -> \register[10] [8]
Changing input B of cell $abc$15168$auto$blifparse.cc:397:parse_blif$18561_gate ($_MUX_): \register[14]_gate [8] -> \register[14] [8]
Changing input A of cell $abc$15168$auto$blifparse.cc:397:parse_blif$18563_gate ($_ORNOT_): \register[15]_gate [8] -> \register[15] [8]
Changing input B of cell $abc$15168$auto$blifparse.cc:397:parse_blif$18564_gate ($_OR_): \register[11]_gate [8] -> \register[11] [8]
Changing input A of cell $abc$15168$auto$blifparse.cc:397:parse_blif$18568_gate ($_ORNOT_): \register[13]_gate [8] -> \register[13] [8]
Changing input B of cell $abc$15168$auto$blifparse.cc:397:parse_blif$18569_gate ($_OR_): \register[9]_gate [8] -> \register[9] [8]
Changing input A of cell $abc$15168$auto$blifparse.cc:397:parse_blif$18572_gate ($_MUX_): \register[8]_gate [8] -> \register[8] [8]
Changing input B of cell $abc$15168$auto$blifparse.cc:397:parse_blif$18572_gate ($_MUX_): \register[12]_gate [8] -> \register[12] [8]
Changing input A of cell $abc$15168$auto$blifparse.cc:397:parse_blif$18577_gate ($_ORNOT_): \register[21]_gate [8] -> \register[21] [8]
Changing input B of cell $abc$15168$auto$blifparse.cc:397:parse_blif$18578_gate ($_OR_): \register[17]_gate [8] -> \register[17] [8]
Changing input A of cell $abc$15168$auto$blifparse.cc:397:parse_blif$18581_gate ($_MUX_): \register[16]_gate [8] -> \register[16] [8]
Changing input B of cell $abc$15168$auto$blifparse.cc:397:parse_blif$18581_gate ($_MUX_): \register[20]_gate [8] -> \register[20] [8]
Changing input A of cell $abc$15168$auto$blifparse.cc:397:parse_blif$18585_gate ($_ORNOT_): \register[23]_gate [8] -> \register[23] [8]
Changing input B of cell $abc$15168$auto$blifparse.cc:397:parse_blif$18586_gate ($_OR_): \register[19]_gate [8] -> \register[19] [8]
Changing input A of cell $abc$15168$auto$blifparse.cc:397:parse_blif$18589_gate ($_MUX_): \register[18]_gate [8] -> \register[18] [8]
Changing input B of cell $abc$15168$auto$blifparse.cc:397:parse_blif$18589_gate ($_MUX_): \register[22]_gate [8] -> \register[22] [8]
Changing input A of cell $abc$15168$auto$blifparse.cc:397:parse_blif$18595_gate ($_MUX_): \register[2]_gate [8] -> \register[2] [8]
Changing input B of cell $abc$15168$auto$blifparse.cc:397:parse_blif$18595_gate ($_MUX_): \register[6]_gate [8] -> \register[6] [8]
Changing input A of cell $abc$15168$auto$blifparse.cc:397:parse_blif$18597_gate ($_ORNOT_): \register[7]_gate [8] -> \register[7] [8]
Changing input B of cell $abc$15168$auto$blifparse.cc:397:parse_blif$18598_gate ($_OR_): \register[3]_gate [8] -> \register[3] [8]
Changing input B of cell $abc$15168$auto$blifparse.cc:397:parse_blif$18602_gate ($_MUX_): \register[4]_gate [8] -> \register[4] [8]
Changing input A of cell $abc$15168$auto$blifparse.cc:397:parse_blif$18604_gate ($_ORNOT_): \register[5]_gate [8] -> \register[5] [8]
Changing input B of cell $abc$15168$auto$blifparse.cc:397:parse_blif$18605_gate ($_OR_): \register[1]_gate [8] -> \register[1] [8]
Changing input A of cell $abc$15168$auto$blifparse.cc:397:parse_blif$18613_gate ($_MUX_): \register[30]_gate [7] -> \register[30] [7]
Changing input B of cell $abc$15168$auto$blifparse.cc:397:parse_blif$18613_gate ($_MUX_): \register[31]_gate [7] -> \register[31] [7]
Changing input A of cell $abc$15168$auto$blifparse.cc:397:parse_blif$18614_gate ($_MUX_): \register[26]_gate [7] -> \register[26] [7]
Changing input B of cell $abc$15168$auto$blifparse.cc:397:parse_blif$18614_gate ($_MUX_): \register[27]_gate [7] -> \register[27] [7]
Changing input A of cell $abc$15168$auto$blifparse.cc:397:parse_blif$18616_gate ($_MUX_): \register[28]_gate [7] -> \register[28] [7]
Changing input B of cell $abc$15168$auto$blifparse.cc:397:parse_blif$18616_gate ($_MUX_): \register[29]_gate [7] -> \register[29] [7]
Changing input A of cell $abc$15168$auto$blifparse.cc:397:parse_blif$18617_gate ($_MUX_): \register[24]_gate [7] -> \register[24] [7]
Changing input B of cell $abc$15168$auto$blifparse.cc:397:parse_blif$18617_gate ($_MUX_): \register[25]_gate [7] -> \register[25] [7]
Changing input A of cell $abc$15168$auto$blifparse.cc:397:parse_blif$18620_gate ($_MUX_): \register[10]_gate [7] -> \register[10] [7]
Changing input B of cell $abc$15168$auto$blifparse.cc:397:parse_blif$18620_gate ($_MUX_): \register[14]_gate [7] -> \register[14] [7]
Changing input A of cell $abc$15168$auto$blifparse.cc:397:parse_blif$18622_gate ($_ORNOT_): \register[15]_gate [7] -> \register[15] [7]
Changing input B of cell $abc$15168$auto$blifparse.cc:397:parse_blif$18623_gate ($_OR_): \register[11]_gate [7] -> \register[11] [7]
Changing input A of cell $abc$15168$auto$blifparse.cc:397:parse_blif$18627_gate ($_ORNOT_): \register[13]_gate [7] -> \register[13] [7]
Changing input B of cell $abc$15168$auto$blifparse.cc:397:parse_blif$18628_gate ($_OR_): \register[9]_gate [7] -> \register[9] [7]
Changing input A of cell $abc$15168$auto$blifparse.cc:397:parse_blif$18631_gate ($_MUX_): \register[8]_gate [7] -> \register[8] [7]
Changing input B of cell $abc$15168$auto$blifparse.cc:397:parse_blif$18631_gate ($_MUX_): \register[12]_gate [7] -> \register[12] [7]
Changing input A of cell $abc$15168$auto$blifparse.cc:397:parse_blif$18636_gate ($_ORNOT_): \register[21]_gate [7] -> \register[21] [7]
Changing input B of cell $abc$15168$auto$blifparse.cc:397:parse_blif$18637_gate ($_OR_): \register[17]_gate [7] -> \register[17] [7]
Changing input A of cell $abc$15168$auto$blifparse.cc:397:parse_blif$18640_gate ($_MUX_): \register[16]_gate [7] -> \register[16] [7]
Changing input B of cell $abc$15168$auto$blifparse.cc:397:parse_blif$18640_gate ($_MUX_): \register[20]_gate [7] -> \register[20] [7]
Changing input A of cell $abc$15168$auto$blifparse.cc:397:parse_blif$18644_gate ($_ORNOT_): \register[23]_gate [7] -> \register[23] [7]
Changing input B of cell $abc$15168$auto$blifparse.cc:397:parse_blif$18645_gate ($_OR_): \register[19]_gate [7] -> \register[19] [7]
Changing input A of cell $abc$15168$auto$blifparse.cc:397:parse_blif$18648_gate ($_MUX_): \register[18]_gate [7] -> \register[18] [7]
Changing input B of cell $abc$15168$auto$blifparse.cc:397:parse_blif$18648_gate ($_MUX_): \register[22]_gate [7] -> \register[22] [7]
Changing input A of cell $abc$15168$auto$blifparse.cc:397:parse_blif$18654_gate ($_MUX_): \register[2]_gate [7] -> \register[2] [7]
Changing input B of cell $abc$15168$auto$blifparse.cc:397:parse_blif$18654_gate ($_MUX_): \register[6]_gate [7] -> \register[6] [7]
Changing input A of cell $abc$15168$auto$blifparse.cc:397:parse_blif$18656_gate ($_ORNOT_): \register[7]_gate [7] -> \register[7] [7]
Changing input B of cell $abc$15168$auto$blifparse.cc:397:parse_blif$18657_gate ($_OR_): \register[3]_gate [7] -> \register[3] [7]
Changing input B of cell $abc$15168$auto$blifparse.cc:397:parse_blif$18661_gate ($_MUX_): \register[4]_gate [7] -> \register[4] [7]
Changing input A of cell $abc$15168$auto$blifparse.cc:397:parse_blif$18663_gate ($_ORNOT_): \register[5]_gate [7] -> \register[5] [7]
Changing input B of cell $abc$15168$auto$blifparse.cc:397:parse_blif$18664_gate ($_OR_): \register[1]_gate [7] -> \register[1] [7]
Changing input A of cell $abc$15168$auto$blifparse.cc:397:parse_blif$18672_gate ($_MUX_): \register[30]_gate [6] -> \register[30] [6]
Changing input B of cell $abc$15168$auto$blifparse.cc:397:parse_blif$18672_gate ($_MUX_): \register[31]_gate [6] -> \register[31] [6]
Changing input A of cell $abc$15168$auto$blifparse.cc:397:parse_blif$18673_gate ($_MUX_): \register[26]_gate [6] -> \register[26] [6]
Changing input B of cell $abc$15168$auto$blifparse.cc:397:parse_blif$18673_gate ($_MUX_): \register[27]_gate [6] -> \register[27] [6]
Changing input A of cell $abc$15168$auto$blifparse.cc:397:parse_blif$18675_gate ($_MUX_): \register[28]_gate [6] -> \register[28] [6]
Changing input B of cell $abc$15168$auto$blifparse.cc:397:parse_blif$18675_gate ($_MUX_): \register[29]_gate [6] -> \register[29] [6]
Changing input A of cell $abc$15168$auto$blifparse.cc:397:parse_blif$18676_gate ($_MUX_): \register[24]_gate [6] -> \register[24] [6]
Changing input B of cell $abc$15168$auto$blifparse.cc:397:parse_blif$18676_gate ($_MUX_): \register[25]_gate [6] -> \register[25] [6]
Changing input A of cell $abc$15168$auto$blifparse.cc:397:parse_blif$18679_gate ($_MUX_): \register[10]_gate [6] -> \register[10] [6]
Changing input B of cell $abc$15168$auto$blifparse.cc:397:parse_blif$18679_gate ($_MUX_): \register[14]_gate [6] -> \register[14] [6]
Changing input A of cell $abc$15168$auto$blifparse.cc:397:parse_blif$18681_gate ($_ORNOT_): \register[15]_gate [6] -> \register[15] [6]
Changing input B of cell $abc$15168$auto$blifparse.cc:397:parse_blif$18682_gate ($_OR_): \register[11]_gate [6] -> \register[11] [6]
Changing input A of cell $abc$15168$auto$blifparse.cc:397:parse_blif$18686_gate ($_ORNOT_): \register[13]_gate [6] -> \register[13] [6]
Changing input B of cell $abc$15168$auto$blifparse.cc:397:parse_blif$18687_gate ($_OR_): \register[9]_gate [6] -> \register[9] [6]
Changing input A of cell $abc$15168$auto$blifparse.cc:397:parse_blif$18690_gate ($_MUX_): \register[8]_gate [6] -> \register[8] [6]
Changing input B of cell $abc$15168$auto$blifparse.cc:397:parse_blif$18690_gate ($_MUX_): \register[12]_gate [6] -> \register[12] [6]
Changing input A of cell $abc$15168$auto$blifparse.cc:397:parse_blif$18695_gate ($_ORNOT_): \register[21]_gate [6] -> \register[21] [6]
Changing input B of cell $abc$15168$auto$blifparse.cc:397:parse_blif$18696_gate ($_OR_): \register[17]_gate [6] -> \register[17] [6]
Changing input A of cell $abc$15168$auto$blifparse.cc:397:parse_blif$18699_gate ($_MUX_): \register[16]_gate [6] -> \register[16] [6]
Changing input B of cell $abc$15168$auto$blifparse.cc:397:parse_blif$18699_gate ($_MUX_): \register[20]_gate [6] -> \register[20] [6]
Changing input A of cell $abc$15168$auto$blifparse.cc:397:parse_blif$18703_gate ($_ORNOT_): \register[23]_gate [6] -> \register[23] [6]
Changing input B of cell $abc$15168$auto$blifparse.cc:397:parse_blif$18704_gate ($_OR_): \register[19]_gate [6] -> \register[19] [6]
Changing input A of cell $abc$15168$auto$blifparse.cc:397:parse_blif$18707_gate ($_MUX_): \register[18]_gate [6] -> \register[18] [6]
Changing input B of cell $abc$15168$auto$blifparse.cc:397:parse_blif$18707_gate ($_MUX_): \register[22]_gate [6] -> \register[22] [6]
Changing input A of cell $abc$15168$auto$blifparse.cc:397:parse_blif$18713_gate ($_MUX_): \register[2]_gate [6] -> \register[2] [6]
Changing input B of cell $abc$15168$auto$blifparse.cc:397:parse_blif$18713_gate ($_MUX_): \register[6]_gate [6] -> \register[6] [6]
Changing input A of cell $abc$15168$auto$blifparse.cc:397:parse_blif$18715_gate ($_ORNOT_): \register[7]_gate [6] -> \register[7] [6]
Changing input B of cell $abc$15168$auto$blifparse.cc:397:parse_blif$18716_gate ($_OR_): \register[3]_gate [6] -> \register[3] [6]
Changing input B of cell $abc$15168$auto$blifparse.cc:397:parse_blif$18720_gate ($_MUX_): \register[4]_gate [6] -> \register[4] [6]
Changing input A of cell $abc$15168$auto$blifparse.cc:397:parse_blif$18722_gate ($_ORNOT_): \register[5]_gate [6] -> \register[5] [6]
Changing input B of cell $abc$15168$auto$blifparse.cc:397:parse_blif$18723_gate ($_OR_): \register[1]_gate [6] -> \register[1] [6]
Changing input A of cell $abc$15168$auto$blifparse.cc:397:parse_blif$18731_gate ($_MUX_): \register[25]_gate [5] -> \register[25] [5]
Changing input B of cell $abc$15168$auto$blifparse.cc:397:parse_blif$18731_gate ($_MUX_): \register[29]_gate [5] -> \register[29] [5]
Changing input A of cell $abc$15168$auto$blifparse.cc:397:parse_blif$18732_gate ($_MUX_): \register[24]_gate [5] -> \register[24] [5]
Changing input B of cell $abc$15168$auto$blifparse.cc:397:parse_blif$18732_gate ($_MUX_): \register[28]_gate [5] -> \register[28] [5]
Changing input A of cell $abc$15168$auto$blifparse.cc:397:parse_blif$18734_gate ($_MUX_): \register[17]_gate [5] -> \register[17] [5]
Changing input B of cell $abc$15168$auto$blifparse.cc:397:parse_blif$18734_gate ($_MUX_): \register[21]_gate [5] -> \register[21] [5]
Changing input A of cell $abc$15168$auto$blifparse.cc:397:parse_blif$18735_gate ($_MUX_): \register[16]_gate [5] -> \register[16] [5]
Changing input B of cell $abc$15168$auto$blifparse.cc:397:parse_blif$18735_gate ($_MUX_): \register[20]_gate [5] -> \register[20] [5]
Changing input A of cell $abc$15168$auto$blifparse.cc:397:parse_blif$18737_gate ($_MUX_): \register[3]_gate [5] -> \register[3] [5]
Changing input B of cell $abc$15168$auto$blifparse.cc:397:parse_blif$18737_gate ($_MUX_): \register[7]_gate [5] -> \register[7] [5]
Changing input A of cell $abc$15168$auto$blifparse.cc:397:parse_blif$18738_gate ($_MUX_): \register[2]_gate [5] -> \register[2] [5]
Changing input B of cell $abc$15168$auto$blifparse.cc:397:parse_blif$18738_gate ($_MUX_): \register[6]_gate [5] -> \register[6] [5]
Changing input A of cell $abc$15168$auto$blifparse.cc:397:parse_blif$18739_gate ($_MUX_): \register[8]_gate [5] -> \register[8] [5]
Changing input B of cell $abc$15168$auto$blifparse.cc:397:parse_blif$18739_gate ($_MUX_): \register[12]_gate [5] -> \register[12] [5]
Changing input A of cell $abc$15168$auto$blifparse.cc:397:parse_blif$18740_gate ($_MUX_): \register[9]_gate [5] -> \register[9] [5]
Changing input B of cell $abc$15168$auto$blifparse.cc:397:parse_blif$18740_gate ($_MUX_): \register[13]_gate [5] -> \register[13] [5]
Changing input A of cell $abc$15168$auto$blifparse.cc:397:parse_blif$18742_gate ($_MUX_): \register[1]_gate [5] -> \register[1] [5]
Changing input B of cell $abc$15168$auto$blifparse.cc:397:parse_blif$18742_gate ($_MUX_): \register[5]_gate [5] -> \register[5] [5]
Changing input B of cell $abc$15168$auto$blifparse.cc:397:parse_blif$18743_gate ($_MUX_): \register[4]_gate [5] -> \register[4] [5]
Changing input A of cell $abc$15168$auto$blifparse.cc:397:parse_blif$18746_gate ($_ORNOT_): \register[31]_gate [5] -> \register[31] [5]
Changing input B of cell $abc$15168$auto$blifparse.cc:397:parse_blif$18747_gate ($_OR_): \register[27]_gate [5] -> \register[27] [5]
Changing input A of cell $abc$15168$auto$blifparse.cc:397:parse_blif$18750_gate ($_MUX_): \register[26]_gate [5] -> \register[26] [5]
Changing input B of cell $abc$15168$auto$blifparse.cc:397:parse_blif$18750_gate ($_MUX_): \register[30]_gate [5] -> \register[30] [5]
Changing input A of cell $abc$15168$auto$blifparse.cc:397:parse_blif$18754_gate ($_ORNOT_): \register[23]_gate [5] -> \register[23] [5]
Changing input B of cell $abc$15168$auto$blifparse.cc:397:parse_blif$18755_gate ($_OR_): \register[19]_gate [5] -> \register[19] [5]
Changing input A of cell $abc$15168$auto$blifparse.cc:397:parse_blif$18758_gate ($_MUX_): \register[18]_gate [5] -> \register[18] [5]
Changing input B of cell $abc$15168$auto$blifparse.cc:397:parse_blif$18758_gate ($_MUX_): \register[22]_gate [5] -> \register[22] [5]
Changing input A of cell $abc$15168$auto$blifparse.cc:397:parse_blif$18766_gate ($_ORNOT_): \register[15]_gate [5] -> \register[15] [5]
Changing input B of cell $abc$15168$auto$blifparse.cc:397:parse_blif$18767_gate ($_OR_): \register[11]_gate [5] -> \register[11] [5]
Changing input A of cell $abc$15168$auto$blifparse.cc:397:parse_blif$18770_gate ($_MUX_): \register[10]_gate [5] -> \register[10] [5]
Changing input B of cell $abc$15168$auto$blifparse.cc:397:parse_blif$18770_gate ($_MUX_): \register[14]_gate [5] -> \register[14] [5]
Changing input A of cell $abc$15168$auto$blifparse.cc:397:parse_blif$18784_gate ($_MUX_): \register[25]_gate [4] -> \register[25] [4]
Changing input B of cell $abc$15168$auto$blifparse.cc:397:parse_blif$18784_gate ($_MUX_): \register[29]_gate [4] -> \register[29] [4]
Changing input A of cell $abc$15168$auto$blifparse.cc:397:parse_blif$18785_gate ($_MUX_): \register[24]_gate [4] -> \register[24] [4]
Changing input B of cell $abc$15168$auto$blifparse.cc:397:parse_blif$18785_gate ($_MUX_): \register[28]_gate [4] -> \register[28] [4]
Changing input A of cell $abc$15168$auto$blifparse.cc:397:parse_blif$18787_gate ($_MUX_): \register[17]_gate [4] -> \register[17] [4]
Changing input B of cell $abc$15168$auto$blifparse.cc:397:parse_blif$18787_gate ($_MUX_): \register[21]_gate [4] -> \register[21] [4]
Changing input A of cell $abc$15168$auto$blifparse.cc:397:parse_blif$18788_gate ($_MUX_): \register[16]_gate [4] -> \register[16] [4]
Changing input B of cell $abc$15168$auto$blifparse.cc:397:parse_blif$18788_gate ($_MUX_): \register[20]_gate [4] -> \register[20] [4]
Changing input A of cell $abc$15168$auto$blifparse.cc:397:parse_blif$18790_gate ($_MUX_): \register[3]_gate [4] -> \register[3] [4]
Changing input B of cell $abc$15168$auto$blifparse.cc:397:parse_blif$18790_gate ($_MUX_): \register[7]_gate [4] -> \register[7] [4]
Changing input A of cell $abc$15168$auto$blifparse.cc:397:parse_blif$18791_gate ($_MUX_): \register[2]_gate [4] -> \register[2] [4]
Changing input B of cell $abc$15168$auto$blifparse.cc:397:parse_blif$18791_gate ($_MUX_): \register[6]_gate [4] -> \register[6] [4]
Changing input A of cell $abc$15168$auto$blifparse.cc:397:parse_blif$18792_gate ($_MUX_): \register[8]_gate [4] -> \register[8] [4]
Changing input B of cell $abc$15168$auto$blifparse.cc:397:parse_blif$18792_gate ($_MUX_): \register[12]_gate [4] -> \register[12] [4]
Changing input A of cell $abc$15168$auto$blifparse.cc:397:parse_blif$18793_gate ($_MUX_): \register[9]_gate [4] -> \register[9] [4]
Changing input B of cell $abc$15168$auto$blifparse.cc:397:parse_blif$18793_gate ($_MUX_): \register[13]_gate [4] -> \register[13] [4]
Changing input A of cell $abc$15168$auto$blifparse.cc:397:parse_blif$18795_gate ($_MUX_): \register[1]_gate [4] -> \register[1] [4]
Changing input B of cell $abc$15168$auto$blifparse.cc:397:parse_blif$18795_gate ($_MUX_): \register[5]_gate [4] -> \register[5] [4]
Changing input B of cell $abc$15168$auto$blifparse.cc:397:parse_blif$18796_gate ($_MUX_): \register[4]_gate [4] -> \register[4] [4]
Changing input A of cell $abc$15168$auto$blifparse.cc:397:parse_blif$18799_gate ($_ORNOT_): \register[31]_gate [4] -> \register[31] [4]
Changing input B of cell $abc$15168$auto$blifparse.cc:397:parse_blif$18800_gate ($_OR_): \register[27]_gate [4] -> \register[27] [4]
Changing input A of cell $abc$15168$auto$blifparse.cc:397:parse_blif$18803_gate ($_MUX_): \register[26]_gate [4] -> \register[26] [4]
Changing input B of cell $abc$15168$auto$blifparse.cc:397:parse_blif$18803_gate ($_MUX_): \register[30]_gate [4] -> \register[30] [4]
Changing input A of cell $abc$15168$auto$blifparse.cc:397:parse_blif$18807_gate ($_ORNOT_): \register[23]_gate [4] -> \register[23] [4]
Changing input B of cell $abc$15168$auto$blifparse.cc:397:parse_blif$18808_gate ($_OR_): \register[19]_gate [4] -> \register[19] [4]
Changing input A of cell $abc$15168$auto$blifparse.cc:397:parse_blif$18811_gate ($_MUX_): \register[18]_gate [4] -> \register[18] [4]
Changing input B of cell $abc$15168$auto$blifparse.cc:397:parse_blif$18811_gate ($_MUX_): \register[22]_gate [4] -> \register[22] [4]
Changing input A of cell $abc$15168$auto$blifparse.cc:397:parse_blif$18819_gate ($_ORNOT_): \register[15]_gate [4] -> \register[15] [4]
Changing input B of cell $abc$15168$auto$blifparse.cc:397:parse_blif$18820_gate ($_OR_): \register[11]_gate [4] -> \register[11] [4]
Changing input A of cell $abc$15168$auto$blifparse.cc:397:parse_blif$18823_gate ($_MUX_): \register[10]_gate [4] -> \register[10] [4]
Changing input B of cell $abc$15168$auto$blifparse.cc:397:parse_blif$18823_gate ($_MUX_): \register[14]_gate [4] -> \register[14] [4]
Changing input A of cell $abc$15168$auto$blifparse.cc:397:parse_blif$18837_gate ($_MUX_): \register[25]_gate [3] -> \register[25] [3]
Changing input B of cell $abc$15168$auto$blifparse.cc:397:parse_blif$18837_gate ($_MUX_): \register[29]_gate [3] -> \register[29] [3]
Changing input A of cell $abc$15168$auto$blifparse.cc:397:parse_blif$18838_gate ($_MUX_): \register[24]_gate [3] -> \register[24] [3]
Changing input B of cell $abc$15168$auto$blifparse.cc:397:parse_blif$18838_gate ($_MUX_): \register[28]_gate [3] -> \register[28] [3]
Changing input A of cell $abc$15168$auto$blifparse.cc:397:parse_blif$18840_gate ($_MUX_): \register[8]_gate [3] -> \register[8] [3]
Changing input B of cell $abc$15168$auto$blifparse.cc:397:parse_blif$18840_gate ($_MUX_): \register[12]_gate [3] -> \register[12] [3]
Changing input A of cell $abc$15168$auto$blifparse.cc:397:parse_blif$18842_gate ($_ORNOT_): \register[13]_gate [3] -> \register[13] [3]
Changing input B of cell $abc$15168$auto$blifparse.cc:397:parse_blif$18843_gate ($_OR_): \register[9]_gate [3] -> \register[9] [3]
Changing input A of cell $abc$15168$auto$blifparse.cc:397:parse_blif$18846_gate ($_MUX_): \register[3]_gate [3] -> \register[3] [3]
Changing input B of cell $abc$15168$auto$blifparse.cc:397:parse_blif$18846_gate ($_MUX_): \register[7]_gate [3] -> \register[7] [3]
Changing input A of cell $abc$15168$auto$blifparse.cc:397:parse_blif$18847_gate ($_MUX_): \register[2]_gate [3] -> \register[2] [3]
Changing input B of cell $abc$15168$auto$blifparse.cc:397:parse_blif$18847_gate ($_MUX_): \register[6]_gate [3] -> \register[6] [3]
Changing input A of cell $abc$15168$auto$blifparse.cc:397:parse_blif$18848_gate ($_MUX_): \register[17]_gate [3] -> \register[17] [3]
Changing input B of cell $abc$15168$auto$blifparse.cc:397:parse_blif$18848_gate ($_MUX_): \register[21]_gate [3] -> \register[21] [3]
Changing input A of cell $abc$15168$auto$blifparse.cc:397:parse_blif$18849_gate ($_MUX_): \register[16]_gate [3] -> \register[16] [3]
Changing input B of cell $abc$15168$auto$blifparse.cc:397:parse_blif$18849_gate ($_MUX_): \register[20]_gate [3] -> \register[20] [3]
Changing input B of cell $abc$15168$auto$blifparse.cc:397:parse_blif$18851_gate ($_MUX_): \register[4]_gate [3] -> \register[4] [3]
Changing input A of cell $abc$15168$auto$blifparse.cc:397:parse_blif$18852_gate ($_MUX_): \register[1]_gate [3] -> \register[1] [3]
Changing input B of cell $abc$15168$auto$blifparse.cc:397:parse_blif$18852_gate ($_MUX_): \register[5]_gate [3] -> \register[5] [3]
Changing input A of cell $abc$15168$auto$blifparse.cc:397:parse_blif$18854_gate ($_ORNOT_): \register[31]_gate [3] -> \register[31] [3]
Changing input B of cell $abc$15168$auto$blifparse.cc:397:parse_blif$18855_gate ($_OR_): \register[27]_gate [3] -> \register[27] [3]
Changing input A of cell $abc$15168$auto$blifparse.cc:397:parse_blif$18858_gate ($_MUX_): \register[26]_gate [3] -> \register[26] [3]
Changing input B of cell $abc$15168$auto$blifparse.cc:397:parse_blif$18858_gate ($_MUX_): \register[30]_gate [3] -> \register[30] [3]
Changing input A of cell $abc$15168$auto$blifparse.cc:397:parse_blif$18862_gate ($_ORNOT_): \register[23]_gate [3] -> \register[23] [3]
Changing input B of cell $abc$15168$auto$blifparse.cc:397:parse_blif$18863_gate ($_OR_): \register[19]_gate [3] -> \register[19] [3]
Changing input A of cell $abc$15168$auto$blifparse.cc:397:parse_blif$18866_gate ($_MUX_): \register[18]_gate [3] -> \register[18] [3]
Changing input B of cell $abc$15168$auto$blifparse.cc:397:parse_blif$18866_gate ($_MUX_): \register[22]_gate [3] -> \register[22] [3]
Changing input A of cell $abc$15168$auto$blifparse.cc:397:parse_blif$18874_gate ($_ORNOT_): \register[15]_gate [3] -> \register[15] [3]
Changing input B of cell $abc$15168$auto$blifparse.cc:397:parse_blif$18875_gate ($_OR_): \register[11]_gate [3] -> \register[11] [3]
Changing input A of cell $abc$15168$auto$blifparse.cc:397:parse_blif$18878_gate ($_MUX_): \register[10]_gate [3] -> \register[10] [3]
Changing input B of cell $abc$15168$auto$blifparse.cc:397:parse_blif$18878_gate ($_MUX_): \register[14]_gate [3] -> \register[14] [3]
Changing input A of cell $abc$15168$auto$blifparse.cc:397:parse_blif$18896_gate ($_MUX_): \register[30]_gate [2] -> \register[30] [2]
Changing input B of cell $abc$15168$auto$blifparse.cc:397:parse_blif$18896_gate ($_MUX_): \register[31]_gate [2] -> \register[31] [2]
Changing input A of cell $abc$15168$auto$blifparse.cc:397:parse_blif$18897_gate ($_MUX_): \register[26]_gate [2] -> \register[26] [2]
Changing input B of cell $abc$15168$auto$blifparse.cc:397:parse_blif$18897_gate ($_MUX_): \register[27]_gate [2] -> \register[27] [2]
Changing input A of cell $abc$15168$auto$blifparse.cc:397:parse_blif$18899_gate ($_MUX_): \register[28]_gate [2] -> \register[28] [2]
Changing input B of cell $abc$15168$auto$blifparse.cc:397:parse_blif$18899_gate ($_MUX_): \register[29]_gate [2] -> \register[29] [2]
Changing input A of cell $abc$15168$auto$blifparse.cc:397:parse_blif$18900_gate ($_MUX_): \register[24]_gate [2] -> \register[24] [2]
Changing input B of cell $abc$15168$auto$blifparse.cc:397:parse_blif$18900_gate ($_MUX_): \register[25]_gate [2] -> \register[25] [2]
Changing input A of cell $abc$15168$auto$blifparse.cc:397:parse_blif$18903_gate ($_MUX_): \register[10]_gate [2] -> \register[10] [2]
Changing input B of cell $abc$15168$auto$blifparse.cc:397:parse_blif$18903_gate ($_MUX_): \register[14]_gate [2] -> \register[14] [2]
Changing input A of cell $abc$15168$auto$blifparse.cc:397:parse_blif$18905_gate ($_ORNOT_): \register[15]_gate [2] -> \register[15] [2]
Changing input B of cell $abc$15168$auto$blifparse.cc:397:parse_blif$18906_gate ($_OR_): \register[11]_gate [2] -> \register[11] [2]
Changing input A of cell $abc$15168$auto$blifparse.cc:397:parse_blif$18910_gate ($_ORNOT_): \register[13]_gate [2] -> \register[13] [2]
Changing input B of cell $abc$15168$auto$blifparse.cc:397:parse_blif$18911_gate ($_OR_): \register[9]_gate [2] -> \register[9] [2]
Changing input A of cell $abc$15168$auto$blifparse.cc:397:parse_blif$18914_gate ($_MUX_): \register[8]_gate [2] -> \register[8] [2]
Changing input B of cell $abc$15168$auto$blifparse.cc:397:parse_blif$18914_gate ($_MUX_): \register[12]_gate [2] -> \register[12] [2]
Changing input B of cell $abc$15168$auto$blifparse.cc:397:parse_blif$18919_gate ($_NAND_): \register[21]_gate [2] -> \register[21] [2]
Changing input B of cell $abc$15168$auto$blifparse.cc:397:parse_blif$18920_gate ($_ORNOT_): \register[20]_gate [2] -> \register[20] [2]
Changing input B of cell $abc$15168$auto$blifparse.cc:397:parse_blif$18923_gate ($_NAND_): \register[17]_gate [2] -> \register[17] [2]
Changing input A of cell $abc$15168$auto$blifparse.cc:397:parse_blif$18924_gate ($_ANDNOT_): \register[16]_gate [2] -> \register[16] [2]
Changing input B of cell $abc$15168$auto$blifparse.cc:397:parse_blif$18929_gate ($_NAND_): \register[23]_gate [2] -> \register[23] [2]
Changing input B of cell $abc$15168$auto$blifparse.cc:397:parse_blif$18930_gate ($_ORNOT_): \register[22]_gate [2] -> \register[22] [2]
Changing input B of cell $abc$15168$auto$blifparse.cc:397:parse_blif$18933_gate ($_NAND_): \register[19]_gate [2] -> \register[19] [2]
Changing input A of cell $abc$15168$auto$blifparse.cc:397:parse_blif$18934_gate ($_ANDNOT_): \register[18]_gate [2] -> \register[18] [2]
Changing input A of cell $abc$15168$auto$blifparse.cc:397:parse_blif$18940_gate ($_ORNOT_): \register[7]_gate [2] -> \register[7] [2]
Changing input B of cell $abc$15168$auto$blifparse.cc:397:parse_blif$18941_gate ($_OR_): \register[3]_gate [2] -> \register[3] [2]
Changing input A of cell $abc$15168$auto$blifparse.cc:397:parse_blif$18944_gate ($_MUX_): \register[2]_gate [2] -> \register[2] [2]
Changing input B of cell $abc$15168$auto$blifparse.cc:397:parse_blif$18944_gate ($_MUX_): \register[6]_gate [2] -> \register[6] [2]
Changing input A of cell $abc$15168$auto$blifparse.cc:397:parse_blif$18947_gate ($_ORNOT_): \register[5]_gate [2] -> \register[5] [2]
Changing input B of cell $abc$15168$auto$blifparse.cc:397:parse_blif$18948_gate ($_OR_): \register[1]_gate [2] -> \register[1] [2]
Changing input B of cell $abc$15168$auto$blifparse.cc:397:parse_blif$18951_gate ($_MUX_): \register[4]_gate [2] -> \register[4] [2]
Changing input A of cell $abc$15168$auto$blifparse.cc:397:parse_blif$18957_gate ($_MUX_): \register[18]_gate [1] -> \register[18] [1]
Changing input B of cell $abc$15168$auto$blifparse.cc:397:parse_blif$18957_gate ($_MUX_): \register[22]_gate [1] -> \register[22] [1]
Changing input A of cell $abc$15168$auto$blifparse.cc:397:parse_blif$18958_gate ($_MUX_): \register[19]_gate [1] -> \register[19] [1]
Changing input B of cell $abc$15168$auto$blifparse.cc:397:parse_blif$18958_gate ($_MUX_): \register[23]_gate [1] -> \register[23] [1]
Changing input B of cell $abc$15168$auto$blifparse.cc:397:parse_blif$18960_gate ($_OR_): \register[27]_gate [1] -> \register[27] [1]
Changing input A of cell $abc$15168$auto$blifparse.cc:397:parse_blif$18961_gate ($_ORNOT_): \register[31]_gate [1] -> \register[31] [1]
Changing input A of cell $abc$15168$auto$blifparse.cc:397:parse_blif$18964_gate ($_MUX_): \register[26]_gate [1] -> \register[26] [1]
Changing input B of cell $abc$15168$auto$blifparse.cc:397:parse_blif$18964_gate ($_MUX_): \register[30]_gate [1] -> \register[30] [1]
Changing input A of cell $abc$15168$auto$blifparse.cc:397:parse_blif$18968_gate ($_MUX_): \register[24]_gate [1] -> \register[24] [1]
Changing input B of cell $abc$15168$auto$blifparse.cc:397:parse_blif$18968_gate ($_MUX_): \register[28]_gate [1] -> \register[28] [1]
Changing input A of cell $abc$15168$auto$blifparse.cc:397:parse_blif$18969_gate ($_MUX_): \register[25]_gate [1] -> \register[25] [1]
Changing input B of cell $abc$15168$auto$blifparse.cc:397:parse_blif$18969_gate ($_MUX_): \register[29]_gate [1] -> \register[29] [1]
Changing input A of cell $abc$15168$auto$blifparse.cc:397:parse_blif$18971_gate ($_MUX_): \register[17]_gate [1] -> \register[17] [1]
Changing input B of cell $abc$15168$auto$blifparse.cc:397:parse_blif$18971_gate ($_MUX_): \register[21]_gate [1] -> \register[21] [1]
Changing input A of cell $abc$15168$auto$blifparse.cc:397:parse_blif$18972_gate ($_MUX_): \register[16]_gate [1] -> \register[16] [1]
Changing input B of cell $abc$15168$auto$blifparse.cc:397:parse_blif$18972_gate ($_MUX_): \register[20]_gate [1] -> \register[20] [1]
Changing input A of cell $abc$15168$auto$blifparse.cc:397:parse_blif$18976_gate ($_MUX_): \register[2]_gate [1] -> \register[2] [1]
Changing input B of cell $abc$15168$auto$blifparse.cc:397:parse_blif$18976_gate ($_MUX_): \register[6]_gate [1] -> \register[6] [1]
Changing input A of cell $abc$15168$auto$blifparse.cc:397:parse_blif$18977_gate ($_MUX_): \register[3]_gate [1] -> \register[3] [1]
Changing input B of cell $abc$15168$auto$blifparse.cc:397:parse_blif$18977_gate ($_MUX_): \register[7]_gate [1] -> \register[7] [1]
Changing input B of cell $abc$15168$auto$blifparse.cc:397:parse_blif$18979_gate ($_OR_): \register[11]_gate [1] -> \register[11] [1]
Changing input A of cell $abc$15168$auto$blifparse.cc:397:parse_blif$18980_gate ($_ORNOT_): \register[15]_gate [1] -> \register[15] [1]
Changing input A of cell $abc$15168$auto$blifparse.cc:397:parse_blif$18983_gate ($_MUX_): \register[10]_gate [1] -> \register[10] [1]
Changing input B of cell $abc$15168$auto$blifparse.cc:397:parse_blif$18983_gate ($_MUX_): \register[14]_gate [1] -> \register[14] [1]
Changing input A of cell $abc$15168$auto$blifparse.cc:397:parse_blif$18987_gate ($_MUX_): \register[9]_gate [1] -> \register[9] [1]
Changing input B of cell $abc$15168$auto$blifparse.cc:397:parse_blif$18987_gate ($_MUX_): \register[13]_gate [1] -> \register[13] [1]
Changing input A of cell $abc$15168$auto$blifparse.cc:397:parse_blif$18988_gate ($_MUX_): \register[8]_gate [1] -> \register[8] [1]
Changing input B of cell $abc$15168$auto$blifparse.cc:397:parse_blif$18988_gate ($_MUX_): \register[12]_gate [1] -> \register[12] [1]
Changing input A of cell $abc$15168$auto$blifparse.cc:397:parse_blif$18990_gate ($_MUX_): \register[1]_gate [1] -> \register[1] [1]
Changing input B of cell $abc$15168$auto$blifparse.cc:397:parse_blif$18990_gate ($_MUX_): \register[5]_gate [1] -> \register[5] [1]
Changing input B of cell $abc$15168$auto$blifparse.cc:397:parse_blif$18991_gate ($_MUX_): \register[4]_gate [1] -> \register[4] [1]
Changing input A of cell $abc$15168$auto$blifparse.cc:397:parse_blif$18996_gate ($_MUX_): \register[25]_gate [0] -> \register[25] [0]
Changing input B of cell $abc$15168$auto$blifparse.cc:397:parse_blif$18996_gate ($_MUX_): \register[29]_gate [0] -> \register[29] [0]
Changing input A of cell $abc$15168$auto$blifparse.cc:397:parse_blif$18997_gate ($_MUX_): \register[24]_gate [0] -> \register[24] [0]
Changing input B of cell $abc$15168$auto$blifparse.cc:397:parse_blif$18997_gate ($_MUX_): \register[28]_gate [0] -> \register[28] [0]
Changing input A of cell $abc$15168$auto$blifparse.cc:397:parse_blif$18999_gate ($_MUX_): \register[8]_gate [0] -> \register[8] [0]
Changing input B of cell $abc$15168$auto$blifparse.cc:397:parse_blif$18999_gate ($_MUX_): \register[12]_gate [0] -> \register[12] [0]
Changing input A of cell $abc$15168$auto$blifparse.cc:397:parse_blif$19001_gate ($_ORNOT_): \register[13]_gate [0] -> \register[13] [0]
Changing input B of cell $abc$15168$auto$blifparse.cc:397:parse_blif$19002_gate ($_OR_): \register[9]_gate [0] -> \register[9] [0]
Changing input A of cell $abc$15168$auto$blifparse.cc:397:parse_blif$19005_gate ($_MUX_): \register[3]_gate [0] -> \register[3] [0]
Changing input B of cell $abc$15168$auto$blifparse.cc:397:parse_blif$19005_gate ($_MUX_): \register[7]_gate [0] -> \register[7] [0]
Changing input A of cell $abc$15168$auto$blifparse.cc:397:parse_blif$19006_gate ($_MUX_): \register[2]_gate [0] -> \register[2] [0]
Changing input B of cell $abc$15168$auto$blifparse.cc:397:parse_blif$19006_gate ($_MUX_): \register[6]_gate [0] -> \register[6] [0]
Changing input A of cell $abc$15168$auto$blifparse.cc:397:parse_blif$19007_gate ($_MUX_): \register[17]_gate [0] -> \register[17] [0]
Changing input B of cell $abc$15168$auto$blifparse.cc:397:parse_blif$19007_gate ($_MUX_): \register[21]_gate [0] -> \register[21] [0]
Changing input A of cell $abc$15168$auto$blifparse.cc:397:parse_blif$19008_gate ($_MUX_): \register[16]_gate [0] -> \register[16] [0]
Changing input B of cell $abc$15168$auto$blifparse.cc:397:parse_blif$19008_gate ($_MUX_): \register[20]_gate [0] -> \register[20] [0]
Changing input B of cell $abc$15168$auto$blifparse.cc:397:parse_blif$19010_gate ($_MUX_): \register[4]_gate [0] -> \register[4] [0]
Changing input A of cell $abc$15168$auto$blifparse.cc:397:parse_blif$19011_gate ($_MUX_): \register[1]_gate [0] -> \register[1] [0]
Changing input B of cell $abc$15168$auto$blifparse.cc:397:parse_blif$19011_gate ($_MUX_): \register[5]_gate [0] -> \register[5] [0]
Changing input A of cell $abc$15168$auto$blifparse.cc:397:parse_blif$19013_gate ($_ORNOT_): \register[31]_gate [0] -> \register[31] [0]
Changing input B of cell $abc$15168$auto$blifparse.cc:397:parse_blif$19014_gate ($_OR_): \register[27]_gate [0] -> \register[27] [0]
Changing input A of cell $abc$15168$auto$blifparse.cc:397:parse_blif$19017_gate ($_MUX_): \register[26]_gate [0] -> \register[26] [0]
Changing input B of cell $abc$15168$auto$blifparse.cc:397:parse_blif$19017_gate ($_MUX_): \register[30]_gate [0] -> \register[30] [0]
Changing input A of cell $abc$15168$auto$blifparse.cc:397:parse_blif$19021_gate ($_ORNOT_): \register[23]_gate [0] -> \register[23] [0]
Changing input B of cell $abc$15168$auto$blifparse.cc:397:parse_blif$19022_gate ($_OR_): \register[19]_gate [0] -> \register[19] [0]
Changing input A of cell $abc$15168$auto$blifparse.cc:397:parse_blif$19025_gate ($_MUX_): \register[18]_gate [0] -> \register[18] [0]
Changing input B of cell $abc$15168$auto$blifparse.cc:397:parse_blif$19025_gate ($_MUX_): \register[22]_gate [0] -> \register[22] [0]
Changing input A of cell $abc$15168$auto$blifparse.cc:397:parse_blif$19033_gate ($_ORNOT_): \register[15]_gate [0] -> \register[15] [0]
Changing input B of cell $abc$15168$auto$blifparse.cc:397:parse_blif$19034_gate ($_OR_): \register[11]_gate [0] -> \register[11] [0]
Changing input A of cell $abc$15168$auto$blifparse.cc:397:parse_blif$19037_gate ($_MUX_): \register[10]_gate [0] -> \register[10] [0]
Changing input B of cell $abc$15168$auto$blifparse.cc:397:parse_blif$19037_gate ($_MUX_): \register[14]_gate [0] -> \register[14] [0]
Changing input B of cell $abc$15168$auto$blifparse.cc:397:parse_blif$19107_gate ($_NAND_): \register[23]_gate [31] -> \register[23] [31]
Changing input B of cell $abc$15168$auto$blifparse.cc:397:parse_blif$19108_gate ($_ORNOT_): \register[19]_gate [31] -> \register[19] [31]
Changing input B of cell $abc$15168$auto$blifparse.cc:397:parse_blif$19111_gate ($_ORNOT_): \register[18]_gate [31] -> \register[18] [31]
Changing input B of cell $abc$15168$auto$blifparse.cc:397:parse_blif$19112_gate ($_AND_): \register[22]_gate [31] -> \register[22] [31]
Changing input B of cell $abc$15168$auto$blifparse.cc:397:parse_blif$19117_gate ($_NAND_): \register[31]_gate [31] -> \register[31] [31]
Changing input B of cell $abc$15168$auto$blifparse.cc:397:parse_blif$19118_gate ($_ORNOT_): \register[27]_gate [31] -> \register[27] [31]
Changing input B of cell $abc$15168$auto$blifparse.cc:397:parse_blif$19121_gate ($_NAND_): \register[30]_gate [31] -> \register[30] [31]
Changing input A of cell $abc$15168$auto$blifparse.cc:397:parse_blif$19122_gate ($_ANDNOT_): \register[26]_gate [31] -> \register[26] [31]
Changing input A of cell $abc$15168$auto$blifparse.cc:397:parse_blif$19128_gate ($_MUX_): \register[25]_gate [31] -> \register[25] [31]
Changing input B of cell $abc$15168$auto$blifparse.cc:397:parse_blif$19128_gate ($_MUX_): \register[29]_gate [31] -> \register[29] [31]
Changing input A of cell $abc$15168$auto$blifparse.cc:397:parse_blif$19129_gate ($_MUX_): \register[24]_gate [31] -> \register[24] [31]
Changing input B of cell $abc$15168$auto$blifparse.cc:397:parse_blif$19129_gate ($_MUX_): \register[28]_gate [31] -> \register[28] [31]
Changing input A of cell $abc$15168$auto$blifparse.cc:397:parse_blif$19131_gate ($_MUX_): \register[17]_gate [31] -> \register[17] [31]
Changing input B of cell $abc$15168$auto$blifparse.cc:397:parse_blif$19131_gate ($_MUX_): \register[21]_gate [31] -> \register[21] [31]
Changing input A of cell $abc$15168$auto$blifparse.cc:397:parse_blif$19132_gate ($_MUX_): \register[16]_gate [31] -> \register[16] [31]
Changing input B of cell $abc$15168$auto$blifparse.cc:397:parse_blif$19132_gate ($_MUX_): \register[20]_gate [31] -> \register[20] [31]
Changing input A of cell $abc$15168$auto$blifparse.cc:397:parse_blif$19136_gate ($_MUX_): \register[2]_gate [31] -> \register[2] [31]
Changing input B of cell $abc$15168$auto$blifparse.cc:397:parse_blif$19136_gate ($_MUX_): \register[6]_gate [31] -> \register[6] [31]
Changing input A of cell $abc$15168$auto$blifparse.cc:397:parse_blif$19138_gate ($_MUX_): \register[3]_gate [31] -> \register[3] [31]
Changing input B of cell $abc$15168$auto$blifparse.cc:397:parse_blif$19138_gate ($_MUX_): \register[7]_gate [31] -> \register[7] [31]
Changing input A of cell $abc$15168$auto$blifparse.cc:397:parse_blif$19142_gate ($_MUX_): \register[10]_gate [31] -> \register[10] [31]
Changing input B of cell $abc$15168$auto$blifparse.cc:397:parse_blif$19142_gate ($_MUX_): \register[14]_gate [31] -> \register[14] [31]
Changing input A of cell $abc$15168$auto$blifparse.cc:397:parse_blif$19144_gate ($_MUX_): \register[11]_gate [31] -> \register[11] [31]
Changing input B of cell $abc$15168$auto$blifparse.cc:397:parse_blif$19144_gate ($_MUX_): \register[15]_gate [31] -> \register[15] [31]
Changing input A of cell $abc$15168$auto$blifparse.cc:397:parse_blif$19149_gate ($_MUX_): \register[8]_gate [31] -> \register[8] [31]
Changing input B of cell $abc$15168$auto$blifparse.cc:397:parse_blif$19149_gate ($_MUX_): \register[12]_gate [31] -> \register[12] [31]
Changing input A of cell $abc$15168$auto$blifparse.cc:397:parse_blif$19150_gate ($_MUX_): \register[9]_gate [31] -> \register[9] [31]
Changing input B of cell $abc$15168$auto$blifparse.cc:397:parse_blif$19150_gate ($_MUX_): \register[13]_gate [31] -> \register[13] [31]
Changing input A of cell $abc$15168$auto$blifparse.cc:397:parse_blif$19152_gate ($_MUX_): \register[1]_gate [31] -> \register[1] [31]
Changing input B of cell $abc$15168$auto$blifparse.cc:397:parse_blif$19152_gate ($_MUX_): \register[5]_gate [31] -> \register[5] [31]
Changing input B of cell $abc$15168$auto$blifparse.cc:397:parse_blif$19153_gate ($_MUX_): \register[4]_gate [31] -> \register[4] [31]
Changing input A of cell $abc$15168$auto$blifparse.cc:397:parse_blif$19158_gate ($_MUX_): \register[30]_gate [31] -> \register[30] [31]
Changing input B of cell $abc$15168$auto$blifparse.cc:397:parse_blif$19158_gate ($_MUX_): \register[31]_gate [31] -> \register[31] [31]
Changing input A of cell $abc$15168$auto$blifparse.cc:397:parse_blif$19159_gate ($_MUX_): \register[26]_gate [31] -> \register[26] [31]
Changing input B of cell $abc$15168$auto$blifparse.cc:397:parse_blif$19159_gate ($_MUX_): \register[27]_gate [31] -> \register[27] [31]
Changing input A of cell $abc$15168$auto$blifparse.cc:397:parse_blif$19161_gate ($_MUX_): \register[28]_gate [31] -> \register[28] [31]
Changing input B of cell $abc$15168$auto$blifparse.cc:397:parse_blif$19161_gate ($_MUX_): \register[29]_gate [31] -> \register[29] [31]
Changing input A of cell $abc$15168$auto$blifparse.cc:397:parse_blif$19162_gate ($_MUX_): \register[24]_gate [31] -> \register[24] [31]
Changing input B of cell $abc$15168$auto$blifparse.cc:397:parse_blif$19162_gate ($_MUX_): \register[25]_gate [31] -> \register[25] [31]
Changing input A of cell $abc$15168$auto$blifparse.cc:397:parse_blif$19165_gate ($_MUX_): \register[10]_gate [31] -> \register[10] [31]
Changing input B of cell $abc$15168$auto$blifparse.cc:397:parse_blif$19165_gate ($_MUX_): \register[14]_gate [31] -> \register[14] [31]
Changing input A of cell $abc$15168$auto$blifparse.cc:397:parse_blif$19167_gate ($_ORNOT_): \register[15]_gate [31] -> \register[15] [31]
Changing input B of cell $abc$15168$auto$blifparse.cc:397:parse_blif$19168_gate ($_OR_): \register[11]_gate [31] -> \register[11] [31]
Changing input A of cell $abc$15168$auto$blifparse.cc:397:parse_blif$19172_gate ($_ORNOT_): \register[13]_gate [31] -> \register[13] [31]
Changing input B of cell $abc$15168$auto$blifparse.cc:397:parse_blif$19173_gate ($_OR_): \register[9]_gate [31] -> \register[9] [31]
Changing input A of cell $abc$15168$auto$blifparse.cc:397:parse_blif$19176_gate ($_MUX_): \register[8]_gate [31] -> \register[8] [31]
Changing input B of cell $abc$15168$auto$blifparse.cc:397:parse_blif$19176_gate ($_MUX_): \register[12]_gate [31] -> \register[12] [31]
Changing input A of cell $abc$15168$auto$blifparse.cc:397:parse_blif$19181_gate ($_ORNOT_): \register[21]_gate [31] -> \register[21] [31]
Changing input B of cell $abc$15168$auto$blifparse.cc:397:parse_blif$19182_gate ($_OR_): \register[17]_gate [31] -> \register[17] [31]
Changing input A of cell $abc$15168$auto$blifparse.cc:397:parse_blif$19185_gate ($_MUX_): \register[16]_gate [31] -> \register[16] [31]
Changing input B of cell $abc$15168$auto$blifparse.cc:397:parse_blif$19185_gate ($_MUX_): \register[20]_gate [31] -> \register[20] [31]
Changing input A of cell $abc$15168$auto$blifparse.cc:397:parse_blif$19189_gate ($_ORNOT_): \register[23]_gate [31] -> \register[23] [31]
Changing input B of cell $abc$15168$auto$blifparse.cc:397:parse_blif$19190_gate ($_OR_): \register[19]_gate [31] -> \register[19] [31]
Changing input A of cell $abc$15168$auto$blifparse.cc:397:parse_blif$19193_gate ($_MUX_): \register[18]_gate [31] -> \register[18] [31]
Changing input B of cell $abc$15168$auto$blifparse.cc:397:parse_blif$19193_gate ($_MUX_): \register[22]_gate [31] -> \register[22] [31]
Changing input A of cell $abc$15168$auto$blifparse.cc:397:parse_blif$19199_gate ($_MUX_): \register[2]_gate [31] -> \register[2] [31]
Changing input B of cell $abc$15168$auto$blifparse.cc:397:parse_blif$19199_gate ($_MUX_): \register[6]_gate [31] -> \register[6] [31]
Changing input A of cell $abc$15168$auto$blifparse.cc:397:parse_blif$19201_gate ($_ORNOT_): \register[7]_gate [31] -> \register[7] [31]
Changing input B of cell $abc$15168$auto$blifparse.cc:397:parse_blif$19202_gate ($_OR_): \register[3]_gate [31] -> \register[3] [31]
Changing input B of cell $abc$15168$auto$blifparse.cc:397:parse_blif$19206_gate ($_MUX_): \register[4]_gate [31] -> \register[4] [31]
Changing input A of cell $abc$15168$auto$blifparse.cc:397:parse_blif$19208_gate ($_ORNOT_): \register[5]_gate [31] -> \register[5] [31]
Changing input B of cell $abc$15168$auto$blifparse.cc:397:parse_blif$19209_gate ($_OR_): \register[1]_gate [31] -> \register[1] [31]
Changing input A of cell $abc$15168$auto$blifparse.cc:397:parse_blif$15169_gate ($_ORNOT_): \register[29]_gate [30] -> \register[29] [30]
Changing input B of cell $abc$15166$auto$blifparse.cc:397:parse_blif$15168_gold ($_OR_): \register[3]_gold [30] -> \register[3] [30]
Changing input A of cell $abc$15166$auto$blifparse.cc:397:parse_blif$15171_gold ($_ORNOT_): \register[6]_gold [30] -> \register[6] [30]
Changing input B of cell $abc$15166$auto$blifparse.cc:397:parse_blif$15172_gold ($_NOR_): \register[2]_gold [30] -> \register[2] [30]
Changing input A of cell $abc$15166$auto$blifparse.cc:397:parse_blif$15176_gold ($_ORNOT_): \register[5]_gold [30] -> \register[5] [30]
Changing input B of cell $abc$15166$auto$blifparse.cc:397:parse_blif$15177_gold ($_OR_): \register[1]_gold [30] -> \register[1] [30]
Changing input B of cell $abc$15166$auto$blifparse.cc:397:parse_blif$15180_gold ($_MUX_): \register[4]_gold [30] -> \register[4] [30]
Changing input A of cell $abc$15166$auto$blifparse.cc:397:parse_blif$15184_gold ($_MUX_): \register[19]_gold [30] -> \register[19] [30]
Changing input B of cell $abc$15166$auto$blifparse.cc:397:parse_blif$15184_gold ($_MUX_): \register[23]_gold [30] -> \register[23] [30]
Changing input A of cell $abc$15166$auto$blifparse.cc:397:parse_blif$15185_gold ($_MUX_): \register[17]_gold [30] -> \register[17] [30]
Changing input B of cell $abc$15166$auto$blifparse.cc:397:parse_blif$15185_gold ($_MUX_): \register[21]_gold [30] -> \register[21] [30]
Changing input A of cell $abc$15166$auto$blifparse.cc:397:parse_blif$15187_gold ($_MUX_): \register[18]_gold [30] -> \register[18] [30]
Changing input B of cell $abc$15166$auto$blifparse.cc:397:parse_blif$15187_gold ($_MUX_): \register[22]_gold [30] -> \register[22] [30]
Changing input A of cell $abc$15166$auto$blifparse.cc:397:parse_blif$15188_gold ($_MUX_): \register[16]_gold [30] -> \register[16] [30]
Changing input B of cell $abc$15166$auto$blifparse.cc:397:parse_blif$15188_gold ($_MUX_): \register[20]_gold [30] -> \register[20] [30]
Changing input A of cell $abc$15166$auto$blifparse.cc:397:parse_blif$15192_gold ($_ORNOT_): \register[29]_gold [30] -> \register[29] [30]
Changing input B of cell $abc$15166$auto$blifparse.cc:397:parse_blif$15193_gold ($_OR_): \register[25]_gold [30] -> \register[25] [30]
Changing input A of cell $abc$15166$auto$blifparse.cc:397:parse_blif$15196_gold ($_MUX_): \register[24]_gold [30] -> \register[24] [30]
Changing input B of cell $abc$15166$auto$blifparse.cc:397:parse_blif$15196_gold ($_MUX_): \register[28]_gold [30] -> \register[28] [30]
Changing input A of cell $abc$15166$auto$blifparse.cc:397:parse_blif$15200_gold ($_MUX_): \register[26]_gold [30] -> \register[26] [30]
Changing input B of cell $abc$15166$auto$blifparse.cc:397:parse_blif$15200_gold ($_MUX_): \register[30]_gold [30] -> \register[30] [30]
Changing input A of cell $abc$15166$auto$blifparse.cc:397:parse_blif$15202_gold ($_ORNOT_): \register[31]_gold [30] -> \register[31] [30]
Changing input B of cell $abc$15166$auto$blifparse.cc:397:parse_blif$15203_gold ($_OR_): \register[27]_gold [30] -> \register[27] [30]
Changing input A of cell $abc$15166$auto$blifparse.cc:397:parse_blif$15210_gold ($_MUX_): \register[10]_gold [30] -> \register[10] [30]
Changing input B of cell $abc$15166$auto$blifparse.cc:397:parse_blif$15210_gold ($_MUX_): \register[14]_gold [30] -> \register[14] [30]
Changing input A of cell $abc$15166$auto$blifparse.cc:397:parse_blif$15212_gold ($_ORNOT_): \register[15]_gold [30] -> \register[15] [30]
Changing input B of cell $abc$15166$auto$blifparse.cc:397:parse_blif$15213_gold ($_OR_): \register[11]_gold [30] -> \register[11] [30]
Changing input A of cell $abc$15166$auto$blifparse.cc:397:parse_blif$15217_gold ($_ORNOT_): \register[13]_gold [30] -> \register[13] [30]
Changing input B of cell $abc$15166$auto$blifparse.cc:397:parse_blif$15218_gold ($_OR_): \register[9]_gold [30] -> \register[9] [30]
Changing input A of cell $abc$15166$auto$blifparse.cc:397:parse_blif$15221_gold ($_MUX_): \register[8]_gold [30] -> \register[8] [30]
Changing input B of cell $abc$15166$auto$blifparse.cc:397:parse_blif$15221_gold ($_MUX_): \register[12]_gold [30] -> \register[12] [30]
Changing input B of cell $abc$15166$auto$blifparse.cc:397:parse_blif$15228_gold ($_NAND_): \register[23]_gold [29] -> \register[23] [29]
Changing input B of cell $abc$15166$auto$blifparse.cc:397:parse_blif$15229_gold ($_ORNOT_): \register[19]_gold [29] -> \register[19] [29]
Changing input B of cell $abc$15166$auto$blifparse.cc:397:parse_blif$15232_gold ($_ORNOT_): \register[18]_gold [29] -> \register[18] [29]
Changing input B of cell $abc$15166$auto$blifparse.cc:397:parse_blif$15233_gold ($_AND_): \register[22]_gold [29] -> \register[22] [29]
Changing input A of cell $abc$15166$auto$blifparse.cc:397:parse_blif$15238_gold ($_NAND_): \register[31]_gold [29] -> \register[31] [29]
Changing input B of cell $abc$15166$auto$blifparse.cc:397:parse_blif$15239_gold ($_ORNOT_): \register[27]_gold [29] -> \register[27] [29]
Changing input A of cell $abc$15166$auto$blifparse.cc:397:parse_blif$15242_gold ($_NAND_): \register[30]_gold [29] -> \register[30] [29]
Changing input A of cell $abc$15166$auto$blifparse.cc:397:parse_blif$15243_gold ($_ANDNOT_): \register[26]_gold [29] -> \register[26] [29]
Changing input A of cell $abc$15166$auto$blifparse.cc:397:parse_blif$15249_gold ($_MUX_): \register[25]_gold [29] -> \register[25] [29]
Changing input B of cell $abc$15166$auto$blifparse.cc:397:parse_blif$15249_gold ($_MUX_): \register[29]_gold [29] -> \register[29] [29]
Changing input A of cell $abc$15166$auto$blifparse.cc:397:parse_blif$15250_gold ($_MUX_): \register[24]_gold [29] -> \register[24] [29]
Changing input B of cell $abc$15166$auto$blifparse.cc:397:parse_blif$15250_gold ($_MUX_): \register[28]_gold [29] -> \register[28] [29]
Changing input A of cell $abc$15166$auto$blifparse.cc:397:parse_blif$15252_gold ($_MUX_): \register[17]_gold [29] -> \register[17] [29]
Changing input B of cell $abc$15166$auto$blifparse.cc:397:parse_blif$15252_gold ($_MUX_): \register[21]_gold [29] -> \register[21] [29]
Changing input A of cell $abc$15166$auto$blifparse.cc:397:parse_blif$15253_gold ($_MUX_): \register[16]_gold [29] -> \register[16] [29]
Changing input B of cell $abc$15166$auto$blifparse.cc:397:parse_blif$15253_gold ($_MUX_): \register[20]_gold [29] -> \register[20] [29]
Changing input A of cell $abc$15166$auto$blifparse.cc:397:parse_blif$15257_gold ($_MUX_): \register[2]_gold [29] -> \register[2] [29]
Changing input B of cell $abc$15166$auto$blifparse.cc:397:parse_blif$15257_gold ($_MUX_): \register[6]_gold [29] -> \register[6] [29]
Changing input A of cell $abc$15166$auto$blifparse.cc:397:parse_blif$15259_gold ($_MUX_): \register[3]_gold [29] -> \register[3] [29]
Changing input B of cell $abc$15166$auto$blifparse.cc:397:parse_blif$15259_gold ($_MUX_): \register[7]_gold [29] -> \register[7] [29]
Changing input A of cell $abc$15166$auto$blifparse.cc:397:parse_blif$15263_gold ($_MUX_): \register[10]_gold [29] -> \register[10] [29]
Changing input B of cell $abc$15166$auto$blifparse.cc:397:parse_blif$15263_gold ($_MUX_): \register[14]_gold [29] -> \register[14] [29]
Changing input A of cell $abc$15166$auto$blifparse.cc:397:parse_blif$15265_gold ($_MUX_): \register[11]_gold [29] -> \register[11] [29]
Changing input B of cell $abc$15166$auto$blifparse.cc:397:parse_blif$15265_gold ($_MUX_): \register[15]_gold [29] -> \register[15] [29]
Changing input A of cell $abc$15166$auto$blifparse.cc:397:parse_blif$15270_gold ($_MUX_): \register[8]_gold [29] -> \register[8] [29]
Changing input B of cell $abc$15166$auto$blifparse.cc:397:parse_blif$15270_gold ($_MUX_): \register[12]_gold [29] -> \register[12] [29]
Changing input A of cell $abc$15166$auto$blifparse.cc:397:parse_blif$15271_gold ($_MUX_): \register[9]_gold [29] -> \register[9] [29]
Changing input B of cell $abc$15166$auto$blifparse.cc:397:parse_blif$15271_gold ($_MUX_): \register[13]_gold [29] -> \register[13] [29]
Changing input A of cell $abc$15166$auto$blifparse.cc:397:parse_blif$15273_gold ($_MUX_): \register[1]_gold [29] -> \register[1] [29]
Changing input B of cell $abc$15166$auto$blifparse.cc:397:parse_blif$15273_gold ($_MUX_): \register[5]_gold [29] -> \register[5] [29]
Changing input B of cell $abc$15166$auto$blifparse.cc:397:parse_blif$15274_gold ($_MUX_): \register[4]_gold [29] -> \register[4] [29]
Changing input A of cell $abc$15166$auto$blifparse.cc:397:parse_blif$15279_gold ($_ORNOT_): \register[31]_gold [28] -> \register[31] [28]
Changing input B of cell $abc$15166$auto$blifparse.cc:397:parse_blif$15280_gold ($_OR_): \register[27]_gold [28] -> \register[27] [28]
Changing input A of cell $abc$15166$auto$blifparse.cc:397:parse_blif$15283_gold ($_MUX_): \register[26]_gold [28] -> \register[26] [28]
Changing input B of cell $abc$15166$auto$blifparse.cc:397:parse_blif$15283_gold ($_MUX_): \register[30]_gold [28] -> \register[30] [28]
Changing input A of cell $abc$15166$auto$blifparse.cc:397:parse_blif$15287_gold ($_MUX_): \register[24]_gold [28] -> \register[24] [28]
Changing input B of cell $abc$15166$auto$blifparse.cc:397:parse_blif$15287_gold ($_MUX_): \register[28]_gold [28] -> \register[28] [28]
Changing input A of cell $abc$15166$auto$blifparse.cc:397:parse_blif$15289_gold ($_ORNOT_): \register[29]_gold [28] -> \register[29] [28]
Changing input B of cell $abc$15166$auto$blifparse.cc:397:parse_blif$15290_gold ($_OR_): \register[25]_gold [28] -> \register[25] [28]
Changing input A of cell $abc$15166$auto$blifparse.cc:397:parse_blif$15297_gold ($_MUX_): \register[8]_gold [28] -> \register[8] [28]
Changing input B of cell $abc$15166$auto$blifparse.cc:397:parse_blif$15297_gold ($_MUX_): \register[12]_gold [28] -> \register[12] [28]
Changing input A of cell $abc$15166$auto$blifparse.cc:397:parse_blif$15299_gold ($_MUX_): \register[9]_gold [28] -> \register[9] [28]
Changing input B of cell $abc$15166$auto$blifparse.cc:397:parse_blif$15299_gold ($_MUX_): \register[13]_gold [28] -> \register[13] [28]
Changing input A of cell $abc$15166$auto$blifparse.cc:397:parse_blif$15303_gold ($_MUX_): \register[10]_gold [28] -> \register[10] [28]
Changing input B of cell $abc$15166$auto$blifparse.cc:397:parse_blif$15303_gold ($_MUX_): \register[14]_gold [28] -> \register[14] [28]
Changing input A of cell $abc$15166$auto$blifparse.cc:397:parse_blif$15305_gold ($_MUX_): \register[11]_gold [28] -> \register[11] [28]
Changing input B of cell $abc$15166$auto$blifparse.cc:397:parse_blif$15305_gold ($_MUX_): \register[15]_gold [28] -> \register[15] [28]
Changing input A of cell $abc$15166$auto$blifparse.cc:397:parse_blif$15312_gold ($_MUX_): \register[18]_gold [28] -> \register[18] [28]
Changing input B of cell $abc$15166$auto$blifparse.cc:397:parse_blif$15312_gold ($_MUX_): \register[22]_gold [28] -> \register[22] [28]
Changing input A of cell $abc$15166$auto$blifparse.cc:397:parse_blif$15314_gold ($_MUX_): \register[19]_gold [28] -> \register[19] [28]
Changing input B of cell $abc$15166$auto$blifparse.cc:397:parse_blif$15314_gold ($_MUX_): \register[23]_gold [28] -> \register[23] [28]
Changing input A of cell $abc$15166$auto$blifparse.cc:397:parse_blif$15318_gold ($_MUX_): \register[16]_gold [28] -> \register[16] [28]
Changing input B of cell $abc$15166$auto$blifparse.cc:397:parse_blif$15318_gold ($_MUX_): \register[20]_gold [28] -> \register[20] [28]
Changing input A of cell $abc$15166$auto$blifparse.cc:397:parse_blif$15319_gold ($_MUX_): \register[17]_gold [28] -> \register[17] [28]
Changing input B of cell $abc$15166$auto$blifparse.cc:397:parse_blif$15319_gold ($_MUX_): \register[21]_gold [28] -> \register[21] [28]
Changing input B of cell $abc$15166$auto$blifparse.cc:397:parse_blif$15323_gold ($_MUX_): \register[4]_gold [28] -> \register[4] [28]
Changing input A of cell $abc$15166$auto$blifparse.cc:397:parse_blif$15325_gold ($_MUX_): \register[1]_gold [28] -> \register[1] [28]
Changing input B of cell $abc$15166$auto$blifparse.cc:397:parse_blif$15325_gold ($_MUX_): \register[5]_gold [28] -> \register[5] [28]
Changing input A of cell $abc$15166$auto$blifparse.cc:397:parse_blif$15329_gold ($_MUX_): \register[3]_gold [28] -> \register[3] [28]
Changing input B of cell $abc$15166$auto$blifparse.cc:397:parse_blif$15329_gold ($_MUX_): \register[7]_gold [28] -> \register[7] [28]
Changing input A of cell $abc$15166$auto$blifparse.cc:397:parse_blif$15331_gold ($_MUX_): \register[2]_gold [28] -> \register[2] [28]
Changing input B of cell $abc$15166$auto$blifparse.cc:397:parse_blif$15331_gold ($_MUX_): \register[6]_gold [28] -> \register[6] [28]
Changing input A of cell $abc$15166$auto$blifparse.cc:397:parse_blif$15338_gold ($_ORNOT_): \register[7]_gold [27] -> \register[7] [27]
Changing input B of cell $abc$15166$auto$blifparse.cc:397:parse_blif$15339_gold ($_OR_): \register[3]_gold [27] -> \register[3] [27]
Changing input A of cell $abc$15166$auto$blifparse.cc:397:parse_blif$15342_gold ($_ORNOT_): \register[6]_gold [27] -> \register[6] [27]
Changing input B of cell $abc$15166$auto$blifparse.cc:397:parse_blif$15343_gold ($_NOR_): \register[2]_gold [27] -> \register[2] [27]
Changing input A of cell $abc$15166$auto$blifparse.cc:397:parse_blif$15347_gold ($_ORNOT_): \register[5]_gold [27] -> \register[5] [27]
Changing input B of cell $abc$15166$auto$blifparse.cc:397:parse_blif$15348_gold ($_OR_): \register[1]_gold [27] -> \register[1] [27]
Changing input B of cell $abc$15166$auto$blifparse.cc:397:parse_blif$15351_gold ($_MUX_): \register[4]_gold [27] -> \register[4] [27]
Changing input A of cell $abc$15166$auto$blifparse.cc:397:parse_blif$15355_gold ($_MUX_): \register[19]_gold [27] -> \register[19] [27]
Changing input B of cell $abc$15166$auto$blifparse.cc:397:parse_blif$15355_gold ($_MUX_): \register[23]_gold [27] -> \register[23] [27]
Changing input A of cell $abc$15166$auto$blifparse.cc:397:parse_blif$15356_gold ($_MUX_): \register[17]_gold [27] -> \register[17] [27]
Changing input B of cell $abc$15166$auto$blifparse.cc:397:parse_blif$15356_gold ($_MUX_): \register[21]_gold [27] -> \register[21] [27]
Changing input A of cell $abc$15166$auto$blifparse.cc:397:parse_blif$15358_gold ($_MUX_): \register[18]_gold [27] -> \register[18] [27]
Changing input B of cell $abc$15166$auto$blifparse.cc:397:parse_blif$15358_gold ($_MUX_): \register[22]_gold [27] -> \register[22] [27]
Changing input A of cell $abc$15166$auto$blifparse.cc:397:parse_blif$15359_gold ($_MUX_): \register[16]_gold [27] -> \register[16] [27]
Changing input B of cell $abc$15166$auto$blifparse.cc:397:parse_blif$15359_gold ($_MUX_): \register[20]_gold [27] -> \register[20] [27]
Changing input A of cell $abc$15166$auto$blifparse.cc:397:parse_blif$15363_gold ($_ORNOT_): \register[29]_gold [27] -> \register[29] [27]
Changing input B of cell $abc$15166$auto$blifparse.cc:397:parse_blif$15364_gold ($_OR_): \register[25]_gold [27] -> \register[25] [27]
Changing input A of cell $abc$15166$auto$blifparse.cc:397:parse_blif$15367_gold ($_MUX_): \register[24]_gold [27] -> \register[24] [27]
Changing input B of cell $abc$15166$auto$blifparse.cc:397:parse_blif$15367_gold ($_MUX_): \register[28]_gold [27] -> \register[28] [27]
Changing input A of cell $abc$15166$auto$blifparse.cc:397:parse_blif$15371_gold ($_MUX_): \register[26]_gold [27] -> \register[26] [27]
Changing input B of cell $abc$15166$auto$blifparse.cc:397:parse_blif$15371_gold ($_MUX_): \register[30]_gold [27] -> \register[30] [27]
Changing input A of cell $abc$15166$auto$blifparse.cc:397:parse_blif$15373_gold ($_ORNOT_): \register[31]_gold [27] -> \register[31] [27]
Changing input B of cell $abc$15166$auto$blifparse.cc:397:parse_blif$15374_gold ($_OR_): \register[27]_gold [27] -> \register[27] [27]
Changing input A of cell $abc$15166$auto$blifparse.cc:397:parse_blif$15381_gold ($_MUX_): \register[10]_gold [27] -> \register[10] [27]
Changing input B of cell $abc$15166$auto$blifparse.cc:397:parse_blif$15381_gold ($_MUX_): \register[14]_gold [27] -> \register[14] [27]
Changing input A of cell $abc$15166$auto$blifparse.cc:397:parse_blif$15383_gold ($_ORNOT_): \register[15]_gold [27] -> \register[15] [27]
Changing input B of cell $abc$15166$auto$blifparse.cc:397:parse_blif$15384_gold ($_OR_): \register[11]_gold [27] -> \register[11] [27]
Changing input A of cell $abc$15166$auto$blifparse.cc:397:parse_blif$15389_gold ($_ORNOT_): \register[13]_gold [27] -> \register[13] [27]
Changing input B of cell $abc$15166$auto$blifparse.cc:397:parse_blif$15390_gold ($_OR_): \register[9]_gold [27] -> \register[9] [27]
Changing input A of cell $abc$15166$auto$blifparse.cc:397:parse_blif$15393_gold ($_MUX_): \register[8]_gold [27] -> \register[8] [27]
Changing input B of cell $abc$15166$auto$blifparse.cc:397:parse_blif$15393_gold ($_MUX_): \register[12]_gold [27] -> \register[12] [27]
Changing input A of cell $abc$15166$auto$blifparse.cc:397:parse_blif$15401_gold ($_ORNOT_): \register[29]_gold [26] -> \register[29] [26]
Changing input B of cell $abc$15166$auto$blifparse.cc:397:parse_blif$15402_gold ($_OR_): \register[25]_gold [26] -> \register[25] [26]
Changing input A of cell $abc$15166$auto$blifparse.cc:397:parse_blif$15405_gold ($_MUX_): \register[24]_gold [26] -> \register[24] [26]
Changing input B of cell $abc$15166$auto$blifparse.cc:397:parse_blif$15405_gold ($_MUX_): \register[28]_gold [26] -> \register[28] [26]
Changing input A of cell $abc$15166$auto$blifparse.cc:397:parse_blif$15409_gold ($_MUX_): \register[26]_gold [26] -> \register[26] [26]
Changing input B of cell $abc$15166$auto$blifparse.cc:397:parse_blif$15409_gold ($_MUX_): \register[30]_gold [26] -> \register[30] [26]
Changing input A of cell $abc$15166$auto$blifparse.cc:397:parse_blif$15411_gold ($_ORNOT_): \register[31]_gold [26] -> \register[31] [26]
Changing input B of cell $abc$15166$auto$blifparse.cc:397:parse_blif$15412_gold ($_OR_): \register[27]_gold [26] -> \register[27] [26]
Changing input A of cell $abc$15166$auto$blifparse.cc:397:parse_blif$15419_gold ($_MUX_): \register[10]_gold [26] -> \register[10] [26]
Changing input B of cell $abc$15166$auto$blifparse.cc:397:parse_blif$15419_gold ($_MUX_): \register[14]_gold [26] -> \register[14] [26]
Changing input A of cell $abc$15166$auto$blifparse.cc:397:parse_blif$15421_gold ($_ORNOT_): \register[15]_gold [26] -> \register[15] [26]
Changing input B of cell $abc$15166$auto$blifparse.cc:397:parse_blif$15422_gold ($_OR_): \register[11]_gold [26] -> \register[11] [26]
Changing input A of cell $abc$15166$auto$blifparse.cc:397:parse_blif$15426_gold ($_ORNOT_): \register[13]_gold [26] -> \register[13] [26]
Changing input B of cell $abc$15166$auto$blifparse.cc:397:parse_blif$15427_gold ($_OR_): \register[9]_gold [26] -> \register[9] [26]
Changing input A of cell $abc$15166$auto$blifparse.cc:397:parse_blif$15430_gold ($_MUX_): \register[8]_gold [26] -> \register[8] [26]
Changing input B of cell $abc$15166$auto$blifparse.cc:397:parse_blif$15430_gold ($_MUX_): \register[12]_gold [26] -> \register[12] [26]
Changing input A of cell $abc$15166$auto$blifparse.cc:397:parse_blif$15436_gold ($_ORNOT_): \register[21]_gold [26] -> \register[21] [26]
Changing input B of cell $abc$15166$auto$blifparse.cc:397:parse_blif$15437_gold ($_OR_): \register[17]_gold [26] -> \register[17] [26]
Changing input A of cell $abc$15166$auto$blifparse.cc:397:parse_blif$15440_gold ($_MUX_): \register[16]_gold [26] -> \register[16] [26]
Changing input B of cell $abc$15166$auto$blifparse.cc:397:parse_blif$15440_gold ($_MUX_): \register[20]_gold [26] -> \register[20] [26]
Changing input A of cell $abc$15166$auto$blifparse.cc:397:parse_blif$15444_gold ($_ORNOT_): \register[23]_gold [26] -> \register[23] [26]
Changing input B of cell $abc$15166$auto$blifparse.cc:397:parse_blif$15445_gold ($_OR_): \register[19]_gold [26] -> \register[19] [26]
Changing input A of cell $abc$15166$auto$blifparse.cc:397:parse_blif$15448_gold ($_ORNOT_): \register[22]_gold [26] -> \register[22] [26]
Changing input B of cell $abc$15166$auto$blifparse.cc:397:parse_blif$15449_gold ($_NOR_): \register[18]_gold [26] -> \register[18] [26]
Changing input B of cell $abc$15166$auto$blifparse.cc:397:parse_blif$15456_gold ($_OR_): \register[2]_gold [26] -> \register[2] [26]
Changing input B of cell $abc$15166$auto$blifparse.cc:397:parse_blif$15457_gold ($_ANDNOT_): \register[6]_gold [26] -> \register[6] [26]
Changing input A of cell $abc$15166$auto$blifparse.cc:397:parse_blif$15460_gold ($_ORNOT_): \register[7]_gold [26] -> \register[7] [26]
Changing input B of cell $abc$15166$auto$blifparse.cc:397:parse_blif$15461_gold ($_OR_): \register[3]_gold [26] -> \register[3] [26]
Changing input B of cell $abc$15166$auto$blifparse.cc:397:parse_blif$15465_gold ($_MUX_): \register[4]_gold [26] -> \register[4] [26]
Changing input A of cell $abc$15166$auto$blifparse.cc:397:parse_blif$15467_gold ($_ORNOT_): \register[5]_gold [26] -> \register[5] [26]
Changing input B of cell $abc$15166$auto$blifparse.cc:397:parse_blif$15468_gold ($_OR_): \register[1]_gold [26] -> \register[1] [26]
Changing input A of cell $abc$15166$auto$blifparse.cc:397:parse_blif$15476_gold ($_MUX_): \register[10]_gold [25] -> \register[10] [25]
Changing input B of cell $abc$15166$auto$blifparse.cc:397:parse_blif$15476_gold ($_MUX_): \register[14]_gold [25] -> \register[14] [25]
Changing input A of cell $abc$15166$auto$blifparse.cc:397:parse_blif$15478_gold ($_MUX_): \register[11]_gold [25] -> \register[11] [25]
Changing input B of cell $abc$15166$auto$blifparse.cc:397:parse_blif$15478_gold ($_MUX_): \register[15]_gold [25] -> \register[15] [25]
Changing input A of cell $abc$15166$auto$blifparse.cc:397:parse_blif$15482_gold ($_NAND_): \register[31]_gold [25] -> \register[31] [25]
Changing input B of cell $abc$15166$auto$blifparse.cc:397:parse_blif$15483_gold ($_ORNOT_): \register[27]_gold [25] -> \register[27] [25]
Changing input A of cell $abc$15166$auto$blifparse.cc:397:parse_blif$15486_gold ($_NAND_): \register[30]_gold [25] -> \register[30] [25]
Changing input A of cell $abc$15166$auto$blifparse.cc:397:parse_blif$15487_gold ($_ANDNOT_): \register[26]_gold [25] -> \register[26] [25]
Changing input A of cell $abc$15166$auto$blifparse.cc:397:parse_blif$15493_gold ($_MUX_): \register[25]_gold [25] -> \register[25] [25]
Changing input B of cell $abc$15166$auto$blifparse.cc:397:parse_blif$15493_gold ($_MUX_): \register[29]_gold [25] -> \register[29] [25]
Changing input A of cell $abc$15166$auto$blifparse.cc:397:parse_blif$15494_gold ($_MUX_): \register[24]_gold [25] -> \register[24] [25]
Changing input B of cell $abc$15166$auto$blifparse.cc:397:parse_blif$15494_gold ($_MUX_): \register[28]_gold [25] -> \register[28] [25]
Changing input A of cell $abc$15166$auto$blifparse.cc:397:parse_blif$15496_gold ($_MUX_): \register[8]_gold [25] -> \register[8] [25]
Changing input B of cell $abc$15166$auto$blifparse.cc:397:parse_blif$15496_gold ($_MUX_): \register[12]_gold [25] -> \register[12] [25]
Changing input A of cell $abc$15166$auto$blifparse.cc:397:parse_blif$15498_gold ($_ORNOT_): \register[13]_gold [25] -> \register[13] [25]
Changing input B of cell $abc$15166$auto$blifparse.cc:397:parse_blif$15499_gold ($_OR_): \register[9]_gold [25] -> \register[9] [25]
Changing input A of cell $abc$15166$auto$blifparse.cc:397:parse_blif$15505_gold ($_MUX_): \register[2]_gold [25] -> \register[2] [25]
Changing input B of cell $abc$15166$auto$blifparse.cc:397:parse_blif$15505_gold ($_MUX_): \register[6]_gold [25] -> \register[6] [25]
Changing input A of cell $abc$15166$auto$blifparse.cc:397:parse_blif$15507_gold ($_MUX_): \register[3]_gold [25] -> \register[3] [25]
Changing input B of cell $abc$15166$auto$blifparse.cc:397:parse_blif$15507_gold ($_MUX_): \register[7]_gold [25] -> \register[7] [25]
Changing input B of cell $abc$15166$auto$blifparse.cc:397:parse_blif$15511_gold ($_NAND_): \register[23]_gold [25] -> \register[23] [25]
Changing input B of cell $abc$15166$auto$blifparse.cc:397:parse_blif$15512_gold ($_ORNOT_): \register[19]_gold [25] -> \register[19] [25]
Changing input B of cell $abc$15166$auto$blifparse.cc:397:parse_blif$15515_gold ($_ORNOT_): \register[18]_gold [25] -> \register[18] [25]
Changing input B of cell $abc$15166$auto$blifparse.cc:397:parse_blif$15516_gold ($_AND_): \register[22]_gold [25] -> \register[22] [25]
Changing input A of cell $abc$15166$auto$blifparse.cc:397:parse_blif$15522_gold ($_MUX_): \register[17]_gold [25] -> \register[17] [25]
Changing input B of cell $abc$15166$auto$blifparse.cc:397:parse_blif$15522_gold ($_MUX_): \register[21]_gold [25] -> \register[21] [25]
Changing input A of cell $abc$15166$auto$blifparse.cc:397:parse_blif$15523_gold ($_MUX_): \register[16]_gold [25] -> \register[16] [25]
Changing input B of cell $abc$15166$auto$blifparse.cc:397:parse_blif$15523_gold ($_MUX_): \register[20]_gold [25] -> \register[20] [25]
Changing input B of cell $abc$15166$auto$blifparse.cc:397:parse_blif$15525_gold ($_MUX_): \register[4]_gold [25] -> \register[4] [25]
Changing input A of cell $abc$15166$auto$blifparse.cc:397:parse_blif$15526_gold ($_MUX_): \register[1]_gold [25] -> \register[1] [25]
Changing input B of cell $abc$15166$auto$blifparse.cc:397:parse_blif$15526_gold ($_MUX_): \register[5]_gold [25] -> \register[5] [25]
Changing input A of cell $abc$15166$auto$blifparse.cc:397:parse_blif$15531_gold ($_MUX_): \register[8]_gold [24] -> \register[8] [24]
Changing input B of cell $abc$15166$auto$blifparse.cc:397:parse_blif$15531_gold ($_MUX_): \register[12]_gold [24] -> \register[12] [24]
Changing input A of cell $abc$15166$auto$blifparse.cc:397:parse_blif$15533_gold ($_MUX_): \register[9]_gold [24] -> \register[9] [24]
Changing input B of cell $abc$15166$auto$blifparse.cc:397:parse_blif$15533_gold ($_MUX_): \register[13]_gold [24] -> \register[13] [24]
Changing input A of cell $abc$15166$auto$blifparse.cc:397:parse_blif$15537_gold ($_MUX_): \register[10]_gold [24] -> \register[10] [24]
Changing input B of cell $abc$15166$auto$blifparse.cc:397:parse_blif$15537_gold ($_MUX_): \register[14]_gold [24] -> \register[14] [24]
Changing input A of cell $abc$15166$auto$blifparse.cc:397:parse_blif$15539_gold ($_MUX_): \register[11]_gold [24] -> \register[11] [24]
Changing input B of cell $abc$15166$auto$blifparse.cc:397:parse_blif$15539_gold ($_MUX_): \register[15]_gold [24] -> \register[15] [24]
Changing input B of cell $abc$15166$auto$blifparse.cc:397:parse_blif$15544_gold ($_OR_): \register[2]_gold [24] -> \register[2] [24]
Changing input B of cell $abc$15166$auto$blifparse.cc:397:parse_blif$15545_gold ($_ANDNOT_): \register[6]_gold [24] -> \register[6] [24]
Changing input A of cell $abc$15166$auto$blifparse.cc:397:parse_blif$15548_gold ($_ORNOT_): \register[7]_gold [24] -> \register[7] [24]
Changing input B of cell $abc$15166$auto$blifparse.cc:397:parse_blif$15549_gold ($_OR_): \register[3]_gold [24] -> \register[3] [24]
Changing input B of cell $abc$15166$auto$blifparse.cc:397:parse_blif$15553_gold ($_MUX_): \register[4]_gold [24] -> \register[4] [24]
Changing input A of cell $abc$15166$auto$blifparse.cc:397:parse_blif$15555_gold ($_ORNOT_): \register[5]_gold [24] -> \register[5] [24]
Changing input B of cell $abc$15166$auto$blifparse.cc:397:parse_blif$15556_gold ($_OR_): \register[1]_gold [24] -> \register[1] [24]
Changing input A of cell $abc$15166$auto$blifparse.cc:397:parse_blif$15560_gold ($_MUX_): \register[24]_gold [24] -> \register[24] [24]
Changing input B of cell $abc$15166$auto$blifparse.cc:397:parse_blif$15560_gold ($_MUX_): \register[28]_gold [24] -> \register[28] [24]
Changing input A of cell $abc$15166$auto$blifparse.cc:397:parse_blif$15562_gold ($_ORNOT_): \register[29]_gold [24] -> \register[29] [24]
Changing input B of cell $abc$15166$auto$blifparse.cc:397:parse_blif$15563_gold ($_OR_): \register[25]_gold [24] -> \register[25] [24]
Changing input A of cell $abc$15166$auto$blifparse.cc:397:parse_blif$15568_gold ($_ORNOT_): \register[31]_gold [24] -> \register[31] [24]
Changing input B of cell $abc$15166$auto$blifparse.cc:397:parse_blif$15569_gold ($_OR_): \register[27]_gold [24] -> \register[27] [24]
Changing input A of cell $abc$15166$auto$blifparse.cc:397:parse_blif$15572_gold ($_MUX_): \register[26]_gold [24] -> \register[26] [24]
Changing input B of cell $abc$15166$auto$blifparse.cc:397:parse_blif$15572_gold ($_MUX_): \register[30]_gold [24] -> \register[30] [24]
Changing input A of cell $abc$15166$auto$blifparse.cc:397:parse_blif$15584_gold ($_ORNOT_): \register[21]_gold [24] -> \register[21] [24]
Changing input B of cell $abc$15166$auto$blifparse.cc:397:parse_blif$15585_gold ($_OR_): \register[17]_gold [24] -> \register[17] [24]
Changing input A of cell $abc$15166$auto$blifparse.cc:397:parse_blif$15588_gold ($_MUX_): \register[16]_gold [24] -> \register[16] [24]
Changing input B of cell $abc$15166$auto$blifparse.cc:397:parse_blif$15588_gold ($_MUX_): \register[20]_gold [24] -> \register[20] [24]
Changing input A of cell $abc$15166$auto$blifparse.cc:397:parse_blif$15592_gold ($_ORNOT_): \register[23]_gold [24] -> \register[23] [24]
Changing input B of cell $abc$15166$auto$blifparse.cc:397:parse_blif$15593_gold ($_OR_): \register[19]_gold [24] -> \register[19] [24]
Changing input A of cell $abc$15166$auto$blifparse.cc:397:parse_blif$15596_gold ($_ORNOT_): \register[22]_gold [24] -> \register[22] [24]
Changing input B of cell $abc$15166$auto$blifparse.cc:397:parse_blif$15597_gold ($_NOR_): \register[18]_gold [24] -> \register[18] [24]
Changing input A of cell $abc$15166$auto$blifparse.cc:397:parse_blif$15606_gold ($_ORNOT_): \register[7]_gold [23] -> \register[7] [23]
Changing input B of cell $abc$15166$auto$blifparse.cc:397:parse_blif$15607_gold ($_OR_): \register[3]_gold [23] -> \register[3] [23]
Changing input A of cell $abc$15166$auto$blifparse.cc:397:parse_blif$15610_gold ($_ORNOT_): \register[6]_gold [23] -> \register[6] [23]
Changing input B of cell $abc$15166$auto$blifparse.cc:397:parse_blif$15611_gold ($_NOR_): \register[2]_gold [23] -> \register[2] [23]
Changing input A of cell $abc$15166$auto$blifparse.cc:397:parse_blif$15615_gold ($_ORNOT_): \register[5]_gold [23] -> \register[5] [23]
Changing input B of cell $abc$15166$auto$blifparse.cc:397:parse_blif$15616_gold ($_OR_): \register[1]_gold [23] -> \register[1] [23]
Changing input B of cell $abc$15166$auto$blifparse.cc:397:parse_blif$15619_gold ($_MUX_): \register[4]_gold [23] -> \register[4] [23]
Changing input A of cell $abc$15166$auto$blifparse.cc:397:parse_blif$15623_gold ($_MUX_): \register[19]_gold [23] -> \register[19] [23]
Changing input B of cell $abc$15166$auto$blifparse.cc:397:parse_blif$15623_gold ($_MUX_): \register[23]_gold [23] -> \register[23] [23]
Changing input A of cell $abc$15166$auto$blifparse.cc:397:parse_blif$15624_gold ($_MUX_): \register[17]_gold [23] -> \register[17] [23]
Changing input B of cell $abc$15166$auto$blifparse.cc:397:parse_blif$15624_gold ($_MUX_): \register[21]_gold [23] -> \register[21] [23]
Changing input A of cell $abc$15166$auto$blifparse.cc:397:parse_blif$15626_gold ($_MUX_): \register[18]_gold [23] -> \register[18] [23]
Changing input B of cell $abc$15166$auto$blifparse.cc:397:parse_blif$15626_gold ($_MUX_): \register[22]_gold [23] -> \register[22] [23]
Changing input A of cell $abc$15166$auto$blifparse.cc:397:parse_blif$15627_gold ($_MUX_): \register[16]_gold [23] -> \register[16] [23]
Changing input B of cell $abc$15166$auto$blifparse.cc:397:parse_blif$15627_gold ($_MUX_): \register[20]_gold [23] -> \register[20] [23]
Changing input A of cell $abc$15166$auto$blifparse.cc:397:parse_blif$15631_gold ($_ORNOT_): \register[29]_gold [23] -> \register[29] [23]
Changing input B of cell $abc$15166$auto$blifparse.cc:397:parse_blif$15632_gold ($_OR_): \register[25]_gold [23] -> \register[25] [23]
Changing input A of cell $abc$15166$auto$blifparse.cc:397:parse_blif$15635_gold ($_MUX_): \register[24]_gold [23] -> \register[24] [23]
Changing input B of cell $abc$15166$auto$blifparse.cc:397:parse_blif$15635_gold ($_MUX_): \register[28]_gold [23] -> \register[28] [23]
Changing input A of cell $abc$15166$auto$blifparse.cc:397:parse_blif$15639_gold ($_MUX_): \register[26]_gold [23] -> \register[26] [23]
Changing input B of cell $abc$15166$auto$blifparse.cc:397:parse_blif$15639_gold ($_MUX_): \register[30]_gold [23] -> \register[30] [23]
Changing input A of cell $abc$15166$auto$blifparse.cc:397:parse_blif$15641_gold ($_ORNOT_): \register[31]_gold [23] -> \register[31] [23]
Changing input B of cell $abc$15166$auto$blifparse.cc:397:parse_blif$15642_gold ($_OR_): \register[27]_gold [23] -> \register[27] [23]
Changing input A of cell $abc$15166$auto$blifparse.cc:397:parse_blif$15649_gold ($_MUX_): \register[10]_gold [23] -> \register[10] [23]
Changing input B of cell $abc$15166$auto$blifparse.cc:397:parse_blif$15649_gold ($_MUX_): \register[14]_gold [23] -> \register[14] [23]
Changing input A of cell $abc$15166$auto$blifparse.cc:397:parse_blif$15651_gold ($_ORNOT_): \register[15]_gold [23] -> \register[15] [23]
Changing input B of cell $abc$15166$auto$blifparse.cc:397:parse_blif$15652_gold ($_OR_): \register[11]_gold [23] -> \register[11] [23]
Changing input A of cell $abc$15166$auto$blifparse.cc:397:parse_blif$15657_gold ($_ORNOT_): \register[13]_gold [23] -> \register[13] [23]
Changing input B of cell $abc$15166$auto$blifparse.cc:397:parse_blif$15658_gold ($_OR_): \register[9]_gold [23] -> \register[9] [23]
Changing input A of cell $abc$15166$auto$blifparse.cc:397:parse_blif$15661_gold ($_MUX_): \register[8]_gold [23] -> \register[8] [23]
Changing input B of cell $abc$15166$auto$blifparse.cc:397:parse_blif$15661_gold ($_MUX_): \register[12]_gold [23] -> \register[12] [23]
Changing input A of cell $abc$15166$auto$blifparse.cc:397:parse_blif$15669_gold ($_MUX_): \register[8]_gold [22] -> \register[8] [22]
Changing input B of cell $abc$15166$auto$blifparse.cc:397:parse_blif$15669_gold ($_MUX_): \register[12]_gold [22] -> \register[12] [22]
Changing input A of cell $abc$15166$auto$blifparse.cc:397:parse_blif$15671_gold ($_MUX_): \register[9]_gold [22] -> \register[9] [22]
Changing input B of cell $abc$15166$auto$blifparse.cc:397:parse_blif$15671_gold ($_MUX_): \register[13]_gold [22] -> \register[13] [22]
Changing input A of cell $abc$15166$auto$blifparse.cc:397:parse_blif$15675_gold ($_MUX_): \register[10]_gold [22] -> \register[10] [22]
Changing input B of cell $abc$15166$auto$blifparse.cc:397:parse_blif$15675_gold ($_MUX_): \register[14]_gold [22] -> \register[14] [22]
Changing input A of cell $abc$15166$auto$blifparse.cc:397:parse_blif$15677_gold ($_MUX_): \register[11]_gold [22] -> \register[11] [22]
Changing input B of cell $abc$15166$auto$blifparse.cc:397:parse_blif$15677_gold ($_MUX_): \register[15]_gold [22] -> \register[15] [22]
Changing input B of cell $abc$15166$auto$blifparse.cc:397:parse_blif$15682_gold ($_OR_): \register[2]_gold [22] -> \register[2] [22]
Changing input B of cell $abc$15166$auto$blifparse.cc:397:parse_blif$15683_gold ($_ANDNOT_): \register[6]_gold [22] -> \register[6] [22]
Changing input A of cell $abc$15166$auto$blifparse.cc:397:parse_blif$15686_gold ($_ORNOT_): \register[7]_gold [22] -> \register[7] [22]
Changing input B of cell $abc$15166$auto$blifparse.cc:397:parse_blif$15687_gold ($_OR_): \register[3]_gold [22] -> \register[3] [22]
Changing input B of cell $abc$15166$auto$blifparse.cc:397:parse_blif$15691_gold ($_MUX_): \register[4]_gold [22] -> \register[4] [22]
Changing input A of cell $abc$15166$auto$blifparse.cc:397:parse_blif$15693_gold ($_ORNOT_): \register[5]_gold [22] -> \register[5] [22]
Changing input B of cell $abc$15166$auto$blifparse.cc:397:parse_blif$15694_gold ($_OR_): \register[1]_gold [22] -> \register[1] [22]
Changing input A of cell $abc$15166$auto$blifparse.cc:397:parse_blif$15700_gold ($_MUX_): \register[24]_gold [22] -> \register[24] [22]
Changing input B of cell $abc$15166$auto$blifparse.cc:397:parse_blif$15700_gold ($_MUX_): \register[28]_gold [22] -> \register[28] [22]
Changing input A of cell $abc$15166$auto$blifparse.cc:397:parse_blif$15702_gold ($_ORNOT_): \register[29]_gold [22] -> \register[29] [22]
Changing input B of cell $abc$15166$auto$blifparse.cc:397:parse_blif$15703_gold ($_OR_): \register[25]_gold [22] -> \register[25] [22]
Changing input A of cell $abc$15166$auto$blifparse.cc:397:parse_blif$15708_gold ($_ORNOT_): \register[31]_gold [22] -> \register[31] [22]
Changing input B of cell $abc$15166$auto$blifparse.cc:397:parse_blif$15709_gold ($_OR_): \register[27]_gold [22] -> \register[27] [22]
Changing input A of cell $abc$15166$auto$blifparse.cc:397:parse_blif$15712_gold ($_MUX_): \register[26]_gold [22] -> \register[26] [22]
Changing input B of cell $abc$15166$auto$blifparse.cc:397:parse_blif$15712_gold ($_MUX_): \register[30]_gold [22] -> \register[30] [22]
Changing input A of cell $abc$15166$auto$blifparse.cc:397:parse_blif$15720_gold ($_ORNOT_): \register[21]_gold [22] -> \register[21] [22]
Changing input B of cell $abc$15166$auto$blifparse.cc:397:parse_blif$15721_gold ($_OR_): \register[17]_gold [22] -> \register[17] [22]
Changing input A of cell $abc$15166$auto$blifparse.cc:397:parse_blif$15724_gold ($_MUX_): \register[16]_gold [22] -> \register[16] [22]
Changing input B of cell $abc$15166$auto$blifparse.cc:397:parse_blif$15724_gold ($_MUX_): \register[20]_gold [22] -> \register[20] [22]
Changing input A of cell $abc$15166$auto$blifparse.cc:397:parse_blif$15728_gold ($_ORNOT_): \register[23]_gold [22] -> \register[23] [22]
Changing input B of cell $abc$15166$auto$blifparse.cc:397:parse_blif$15729_gold ($_OR_): \register[19]_gold [22] -> \register[19] [22]
Changing input A of cell $abc$15166$auto$blifparse.cc:397:parse_blif$15732_gold ($_ORNOT_): \register[22]_gold [22] -> \register[22] [22]
Changing input B of cell $abc$15166$auto$blifparse.cc:397:parse_blif$15733_gold ($_NOR_): \register[18]_gold [22] -> \register[18] [22]
Changing input A of cell $abc$15166$auto$blifparse.cc:397:parse_blif$15742_gold ($_ORNOT_): \register[29]_gold [21] -> \register[29] [21]
Changing input B of cell $abc$15166$auto$blifparse.cc:397:parse_blif$15743_gold ($_OR_): \register[25]_gold [21] -> \register[25] [21]
Changing input A of cell $abc$15166$auto$blifparse.cc:397:parse_blif$15746_gold ($_MUX_): \register[24]_gold [21] -> \register[24] [21]
Changing input B of cell $abc$15166$auto$blifparse.cc:397:parse_blif$15746_gold ($_MUX_): \register[28]_gold [21] -> \register[28] [21]
Changing input A of cell $abc$15166$auto$blifparse.cc:397:parse_blif$15750_gold ($_MUX_): \register[26]_gold [21] -> \register[26] [21]
Changing input B of cell $abc$15166$auto$blifparse.cc:397:parse_blif$15750_gold ($_MUX_): \register[30]_gold [21] -> \register[30] [21]
Changing input A of cell $abc$15166$auto$blifparse.cc:397:parse_blif$15752_gold ($_ORNOT_): \register[31]_gold [21] -> \register[31] [21]
Changing input B of cell $abc$15166$auto$blifparse.cc:397:parse_blif$15753_gold ($_OR_): \register[27]_gold [21] -> \register[27] [21]
Changing input A of cell $abc$15166$auto$blifparse.cc:397:parse_blif$15760_gold ($_MUX_): \register[10]_gold [21] -> \register[10] [21]
Changing input B of cell $abc$15166$auto$blifparse.cc:397:parse_blif$15760_gold ($_MUX_): \register[14]_gold [21] -> \register[14] [21]
Changing input A of cell $abc$15166$auto$blifparse.cc:397:parse_blif$15762_gold ($_ORNOT_): \register[15]_gold [21] -> \register[15] [21]
Changing input B of cell $abc$15166$auto$blifparse.cc:397:parse_blif$15763_gold ($_OR_): \register[11]_gold [21] -> \register[11] [21]
Changing input A of cell $abc$15166$auto$blifparse.cc:397:parse_blif$15767_gold ($_ORNOT_): \register[13]_gold [21] -> \register[13] [21]
Changing input B of cell $abc$15166$auto$blifparse.cc:397:parse_blif$15768_gold ($_OR_): \register[9]_gold [21] -> \register[9] [21]
Changing input A of cell $abc$15166$auto$blifparse.cc:397:parse_blif$15771_gold ($_MUX_): \register[8]_gold [21] -> \register[8] [21]
Changing input B of cell $abc$15166$auto$blifparse.cc:397:parse_blif$15771_gold ($_MUX_): \register[12]_gold [21] -> \register[12] [21]
Changing input A of cell $abc$15166$auto$blifparse.cc:397:parse_blif$15777_gold ($_ORNOT_): \register[21]_gold [21] -> \register[21] [21]
Changing input B of cell $abc$15166$auto$blifparse.cc:397:parse_blif$15778_gold ($_OR_): \register[17]_gold [21] -> \register[17] [21]
Changing input A of cell $abc$15166$auto$blifparse.cc:397:parse_blif$15781_gold ($_MUX_): \register[16]_gold [21] -> \register[16] [21]
Changing input B of cell $abc$15166$auto$blifparse.cc:397:parse_blif$15781_gold ($_MUX_): \register[20]_gold [21] -> \register[20] [21]
Changing input A of cell $abc$15166$auto$blifparse.cc:397:parse_blif$15785_gold ($_ORNOT_): \register[23]_gold [21] -> \register[23] [21]
Changing input B of cell $abc$15166$auto$blifparse.cc:397:parse_blif$15786_gold ($_OR_): \register[19]_gold [21] -> \register[19] [21]
Changing input A of cell $abc$15166$auto$blifparse.cc:397:parse_blif$15789_gold ($_ORNOT_): \register[22]_gold [21] -> \register[22] [21]
Changing input B of cell $abc$15166$auto$blifparse.cc:397:parse_blif$15790_gold ($_NOR_): \register[18]_gold [21] -> \register[18] [21]
Changing input B of cell $abc$15166$auto$blifparse.cc:397:parse_blif$15797_gold ($_OR_): \register[2]_gold [21] -> \register[2] [21]
Changing input B of cell $abc$15166$auto$blifparse.cc:397:parse_blif$15798_gold ($_ANDNOT_): \register[6]_gold [21] -> \register[6] [21]
Changing input A of cell $abc$15166$auto$blifparse.cc:397:parse_blif$15801_gold ($_ORNOT_): \register[7]_gold [21] -> \register[7] [21]
Changing input B of cell $abc$15166$auto$blifparse.cc:397:parse_blif$15802_gold ($_OR_): \register[3]_gold [21] -> \register[3] [21]
Changing input B of cell $abc$15166$auto$blifparse.cc:397:parse_blif$15806_gold ($_MUX_): \register[4]_gold [21] -> \register[4] [21]
Changing input A of cell $abc$15166$auto$blifparse.cc:397:parse_blif$15808_gold ($_ORNOT_): \register[5]_gold [21] -> \register[5] [21]
Changing input B of cell $abc$15166$auto$blifparse.cc:397:parse_blif$15809_gold ($_OR_): \register[1]_gold [21] -> \register[1] [21]
Changing input A of cell $abc$15166$auto$blifparse.cc:397:parse_blif$15817_gold ($_ORNOT_): \register[7]_gold [20] -> \register[7] [20]
Changing input B of cell $abc$15166$auto$blifparse.cc:397:parse_blif$15818_gold ($_OR_): \register[3]_gold [20] -> \register[3] [20]
Changing input A of cell $abc$15166$auto$blifparse.cc:397:parse_blif$15821_gold ($_ORNOT_): \register[6]_gold [20] -> \register[6] [20]
Changing input B of cell $abc$15166$auto$blifparse.cc:397:parse_blif$15822_gold ($_NOR_): \register[2]_gold [20] -> \register[2] [20]
Changing input A of cell $abc$15166$auto$blifparse.cc:397:parse_blif$15826_gold ($_ORNOT_): \register[5]_gold [20] -> \register[5] [20]
Changing input B of cell $abc$15166$auto$blifparse.cc:397:parse_blif$15827_gold ($_OR_): \register[1]_gold [20] -> \register[1] [20]
Changing input B of cell $abc$15166$auto$blifparse.cc:397:parse_blif$15830_gold ($_MUX_): \register[4]_gold [20] -> \register[4] [20]
Changing input A of cell $abc$15166$auto$blifparse.cc:397:parse_blif$15834_gold ($_MUX_): \register[19]_gold [20] -> \register[19] [20]
Changing input B of cell $abc$15166$auto$blifparse.cc:397:parse_blif$15834_gold ($_MUX_): \register[23]_gold [20] -> \register[23] [20]
Changing input A of cell $abc$15166$auto$blifparse.cc:397:parse_blif$15835_gold ($_MUX_): \register[17]_gold [20] -> \register[17] [20]
Changing input B of cell $abc$15166$auto$blifparse.cc:397:parse_blif$15835_gold ($_MUX_): \register[21]_gold [20] -> \register[21] [20]
Changing input A of cell $abc$15166$auto$blifparse.cc:397:parse_blif$15837_gold ($_MUX_): \register[18]_gold [20] -> \register[18] [20]
Changing input B of cell $abc$15166$auto$blifparse.cc:397:parse_blif$15837_gold ($_MUX_): \register[22]_gold [20] -> \register[22] [20]
Changing input A of cell $abc$15166$auto$blifparse.cc:397:parse_blif$15838_gold ($_MUX_): \register[16]_gold [20] -> \register[16] [20]
Changing input B of cell $abc$15166$auto$blifparse.cc:397:parse_blif$15838_gold ($_MUX_): \register[20]_gold [20] -> \register[20] [20]
Changing input A of cell $abc$15166$auto$blifparse.cc:397:parse_blif$15842_gold ($_MUX_): \register[24]_gold [20] -> \register[24] [20]
Changing input B of cell $abc$15166$auto$blifparse.cc:397:parse_blif$15842_gold ($_MUX_): \register[28]_gold [20] -> \register[28] [20]
Changing input A of cell $abc$15166$auto$blifparse.cc:397:parse_blif$15844_gold ($_ORNOT_): \register[29]_gold [20] -> \register[29] [20]
Changing input B of cell $abc$15166$auto$blifparse.cc:397:parse_blif$15845_gold ($_OR_): \register[25]_gold [20] -> \register[25] [20]
Changing input A of cell $abc$15166$auto$blifparse.cc:397:parse_blif$15850_gold ($_ORNOT_): \register[31]_gold [20] -> \register[31] [20]
Changing input B of cell $abc$15166$auto$blifparse.cc:397:parse_blif$15851_gold ($_OR_): \register[27]_gold [20] -> \register[27] [20]
Changing input A of cell $abc$15166$auto$blifparse.cc:397:parse_blif$15854_gold ($_MUX_): \register[26]_gold [20] -> \register[26] [20]
Changing input B of cell $abc$15166$auto$blifparse.cc:397:parse_blif$15854_gold ($_MUX_): \register[30]_gold [20] -> \register[30] [20]
Changing input A of cell $abc$15166$auto$blifparse.cc:397:parse_blif$15860_gold ($_MUX_): \register[8]_gold [20] -> \register[8] [20]
Changing input B of cell $abc$15166$auto$blifparse.cc:397:parse_blif$15860_gold ($_MUX_): \register[12]_gold [20] -> \register[12] [20]
Changing input A of cell $abc$15166$auto$blifparse.cc:397:parse_blif$15862_gold ($_MUX_): \register[9]_gold [20] -> \register[9] [20]
Changing input B of cell $abc$15166$auto$blifparse.cc:397:parse_blif$15862_gold ($_MUX_): \register[13]_gold [20] -> \register[13] [20]
Changing input A of cell $abc$15166$auto$blifparse.cc:397:parse_blif$15866_gold ($_MUX_): \register[10]_gold [20] -> \register[10] [20]
Changing input B of cell $abc$15166$auto$blifparse.cc:397:parse_blif$15866_gold ($_MUX_): \register[14]_gold [20] -> \register[14] [20]
Changing input A of cell $abc$15166$auto$blifparse.cc:397:parse_blif$15868_gold ($_MUX_): \register[11]_gold [20] -> \register[11] [20]
Changing input B of cell $abc$15166$auto$blifparse.cc:397:parse_blif$15868_gold ($_MUX_): \register[15]_gold [20] -> \register[15] [20]
Changing input A of cell $abc$15166$auto$blifparse.cc:397:parse_blif$15876_gold ($_ORNOT_): \register[29]_gold [19] -> \register[29] [19]
Changing input B of cell $abc$15166$auto$blifparse.cc:397:parse_blif$15877_gold ($_OR_): \register[25]_gold [19] -> \register[25] [19]
Changing input A of cell $abc$15166$auto$blifparse.cc:397:parse_blif$15880_gold ($_MUX_): \register[24]_gold [19] -> \register[24] [19]
Changing input B of cell $abc$15166$auto$blifparse.cc:397:parse_blif$15880_gold ($_MUX_): \register[28]_gold [19] -> \register[28] [19]
Changing input A of cell $abc$15166$auto$blifparse.cc:397:parse_blif$15884_gold ($_MUX_): \register[26]_gold [19] -> \register[26] [19]
Changing input B of cell $abc$15166$auto$blifparse.cc:397:parse_blif$15884_gold ($_MUX_): \register[30]_gold [19] -> \register[30] [19]
Changing input A of cell $abc$15166$auto$blifparse.cc:397:parse_blif$15886_gold ($_ORNOT_): \register[31]_gold [19] -> \register[31] [19]
Changing input B of cell $abc$15166$auto$blifparse.cc:397:parse_blif$15887_gold ($_OR_): \register[27]_gold [19] -> \register[27] [19]
Changing input A of cell $abc$15166$auto$blifparse.cc:397:parse_blif$15894_gold ($_MUX_): \register[10]_gold [19] -> \register[10] [19]
Changing input B of cell $abc$15166$auto$blifparse.cc:397:parse_blif$15894_gold ($_MUX_): \register[14]_gold [19] -> \register[14] [19]
Changing input A of cell $abc$15166$auto$blifparse.cc:397:parse_blif$15896_gold ($_ORNOT_): \register[15]_gold [19] -> \register[15] [19]
Changing input B of cell $abc$15166$auto$blifparse.cc:397:parse_blif$15897_gold ($_OR_): \register[11]_gold [19] -> \register[11] [19]
Changing input A of cell $abc$15166$auto$blifparse.cc:397:parse_blif$15901_gold ($_ORNOT_): \register[13]_gold [19] -> \register[13] [19]
Changing input B of cell $abc$15166$auto$blifparse.cc:397:parse_blif$15902_gold ($_OR_): \register[9]_gold [19] -> \register[9] [19]
Changing input A of cell $abc$15166$auto$blifparse.cc:397:parse_blif$15905_gold ($_MUX_): \register[8]_gold [19] -> \register[8] [19]
Changing input B of cell $abc$15166$auto$blifparse.cc:397:parse_blif$15905_gold ($_MUX_): \register[12]_gold [19] -> \register[12] [19]
Changing input A of cell $abc$15166$auto$blifparse.cc:397:parse_blif$15911_gold ($_ORNOT_): \register[21]_gold [19] -> \register[21] [19]
Changing input B of cell $abc$15166$auto$blifparse.cc:397:parse_blif$15912_gold ($_OR_): \register[17]_gold [19] -> \register[17] [19]
Changing input A of cell $abc$15166$auto$blifparse.cc:397:parse_blif$15915_gold ($_MUX_): \register[16]_gold [19] -> \register[16] [19]
Changing input B of cell $abc$15166$auto$blifparse.cc:397:parse_blif$15915_gold ($_MUX_): \register[20]_gold [19] -> \register[20] [19]
Changing input A of cell $abc$15166$auto$blifparse.cc:397:parse_blif$15919_gold ($_ORNOT_): \register[23]_gold [19] -> \register[23] [19]
Changing input B of cell $abc$15166$auto$blifparse.cc:397:parse_blif$15920_gold ($_OR_): \register[19]_gold [19] -> \register[19] [19]
Changing input A of cell $abc$15166$auto$blifparse.cc:397:parse_blif$15923_gold ($_ORNOT_): \register[22]_gold [19] -> \register[22] [19]
Changing input B of cell $abc$15166$auto$blifparse.cc:397:parse_blif$15924_gold ($_NOR_): \register[18]_gold [19] -> \register[18] [19]
Changing input B of cell $abc$15166$auto$blifparse.cc:397:parse_blif$15931_gold ($_OR_): \register[2]_gold [19] -> \register[2] [19]
Changing input B of cell $abc$15166$auto$blifparse.cc:397:parse_blif$15932_gold ($_ANDNOT_): \register[6]_gold [19] -> \register[6] [19]
Changing input A of cell $abc$15166$auto$blifparse.cc:397:parse_blif$15935_gold ($_ORNOT_): \register[7]_gold [19] -> \register[7] [19]
Changing input B of cell $abc$15166$auto$blifparse.cc:397:parse_blif$15936_gold ($_OR_): \register[3]_gold [19] -> \register[3] [19]
Changing input B of cell $abc$15166$auto$blifparse.cc:397:parse_blif$15940_gold ($_MUX_): \register[4]_gold [19] -> \register[4] [19]
Changing input A of cell $abc$15166$auto$blifparse.cc:397:parse_blif$15942_gold ($_ORNOT_): \register[5]_gold [19] -> \register[5] [19]
Changing input B of cell $abc$15166$auto$blifparse.cc:397:parse_blif$15943_gold ($_OR_): \register[1]_gold [19] -> \register[1] [19]
Changing input A of cell $abc$15166$auto$blifparse.cc:397:parse_blif$15951_gold ($_ORNOT_): \register[31]_gold [18] -> \register[31] [18]
Changing input B of cell $abc$15166$auto$blifparse.cc:397:parse_blif$15952_gold ($_OR_): \register[27]_gold [18] -> \register[27] [18]
Changing input A of cell $abc$15166$auto$blifparse.cc:397:parse_blif$15955_gold ($_MUX_): \register[26]_gold [18] -> \register[26] [18]
Changing input B of cell $abc$15166$auto$blifparse.cc:397:parse_blif$15955_gold ($_MUX_): \register[30]_gold [18] -> \register[30] [18]
Changing input A of cell $abc$15166$auto$blifparse.cc:397:parse_blif$15959_gold ($_MUX_): \register[24]_gold [18] -> \register[24] [18]
Changing input B of cell $abc$15166$auto$blifparse.cc:397:parse_blif$15959_gold ($_MUX_): \register[28]_gold [18] -> \register[28] [18]
Changing input A of cell $abc$15166$auto$blifparse.cc:397:parse_blif$15961_gold ($_ORNOT_): \register[29]_gold [18] -> \register[29] [18]
Changing input B of cell $abc$15166$auto$blifparse.cc:397:parse_blif$15962_gold ($_OR_): \register[25]_gold [18] -> \register[25] [18]
Changing input A of cell $abc$15166$auto$blifparse.cc:397:parse_blif$15969_gold ($_MUX_): \register[8]_gold [18] -> \register[8] [18]
Changing input B of cell $abc$15166$auto$blifparse.cc:397:parse_blif$15969_gold ($_MUX_): \register[12]_gold [18] -> \register[12] [18]
Changing input A of cell $abc$15166$auto$blifparse.cc:397:parse_blif$15971_gold ($_MUX_): \register[9]_gold [18] -> \register[9] [18]
Changing input B of cell $abc$15166$auto$blifparse.cc:397:parse_blif$15971_gold ($_MUX_): \register[13]_gold [18] -> \register[13] [18]
Changing input A of cell $abc$15166$auto$blifparse.cc:397:parse_blif$15975_gold ($_MUX_): \register[10]_gold [18] -> \register[10] [18]
Changing input B of cell $abc$15166$auto$blifparse.cc:397:parse_blif$15975_gold ($_MUX_): \register[14]_gold [18] -> \register[14] [18]
Changing input A of cell $abc$15166$auto$blifparse.cc:397:parse_blif$15977_gold ($_MUX_): \register[11]_gold [18] -> \register[11] [18]
Changing input B of cell $abc$15166$auto$blifparse.cc:397:parse_blif$15977_gold ($_MUX_): \register[15]_gold [18] -> \register[15] [18]
Changing input A of cell $abc$15166$auto$blifparse.cc:397:parse_blif$15984_gold ($_MUX_): \register[18]_gold [18] -> \register[18] [18]
Changing input B of cell $abc$15166$auto$blifparse.cc:397:parse_blif$15984_gold ($_MUX_): \register[22]_gold [18] -> \register[22] [18]
Changing input A of cell $abc$15166$auto$blifparse.cc:397:parse_blif$15986_gold ($_MUX_): \register[19]_gold [18] -> \register[19] [18]
Changing input B of cell $abc$15166$auto$blifparse.cc:397:parse_blif$15986_gold ($_MUX_): \register[23]_gold [18] -> \register[23] [18]
Changing input A of cell $abc$15166$auto$blifparse.cc:397:parse_blif$15990_gold ($_MUX_): \register[16]_gold [18] -> \register[16] [18]
Changing input B of cell $abc$15166$auto$blifparse.cc:397:parse_blif$15990_gold ($_MUX_): \register[20]_gold [18] -> \register[20] [18]
Changing input A of cell $abc$15166$auto$blifparse.cc:397:parse_blif$15991_gold ($_MUX_): \register[17]_gold [18] -> \register[17] [18]
Changing input B of cell $abc$15166$auto$blifparse.cc:397:parse_blif$15991_gold ($_MUX_): \register[21]_gold [18] -> \register[21] [18]
Changing input B of cell $abc$15166$auto$blifparse.cc:397:parse_blif$15995_gold ($_MUX_): \register[4]_gold [18] -> \register[4] [18]
Changing input A of cell $abc$15166$auto$blifparse.cc:397:parse_blif$15997_gold ($_MUX_): \register[1]_gold [18] -> \register[1] [18]
Changing input B of cell $abc$15166$auto$blifparse.cc:397:parse_blif$15997_gold ($_MUX_): \register[5]_gold [18] -> \register[5] [18]
Changing input A of cell $abc$15166$auto$blifparse.cc:397:parse_blif$16001_gold ($_MUX_): \register[3]_gold [18] -> \register[3] [18]
Changing input B of cell $abc$15166$auto$blifparse.cc:397:parse_blif$16001_gold ($_MUX_): \register[7]_gold [18] -> \register[7] [18]
Changing input A of cell $abc$15166$auto$blifparse.cc:397:parse_blif$16003_gold ($_MUX_): \register[2]_gold [18] -> \register[2] [18]
Changing input B of cell $abc$15166$auto$blifparse.cc:397:parse_blif$16003_gold ($_MUX_): \register[6]_gold [18] -> \register[6] [18]
Changing input A of cell $abc$15166$auto$blifparse.cc:397:parse_blif$16010_gold ($_MUX_): \register[25]_gold [17] -> \register[25] [17]
Changing input B of cell $abc$15166$auto$blifparse.cc:397:parse_blif$16010_gold ($_MUX_): \register[29]_gold [17] -> \register[29] [17]
Changing input A of cell $abc$15166$auto$blifparse.cc:397:parse_blif$16011_gold ($_MUX_): \register[24]_gold [17] -> \register[24] [17]
Changing input B of cell $abc$15166$auto$blifparse.cc:397:parse_blif$16011_gold ($_MUX_): \register[28]_gold [17] -> \register[28] [17]
Changing input A of cell $abc$15166$auto$blifparse.cc:397:parse_blif$16013_gold ($_MUX_): \register[17]_gold [17] -> \register[17] [17]
Changing input B of cell $abc$15166$auto$blifparse.cc:397:parse_blif$16013_gold ($_MUX_): \register[21]_gold [17] -> \register[21] [17]
Changing input A of cell $abc$15166$auto$blifparse.cc:397:parse_blif$16014_gold ($_MUX_): \register[16]_gold [17] -> \register[16] [17]
Changing input B of cell $abc$15166$auto$blifparse.cc:397:parse_blif$16014_gold ($_MUX_): \register[20]_gold [17] -> \register[20] [17]
Changing input A of cell $abc$15166$auto$blifparse.cc:397:parse_blif$16016_gold ($_MUX_): \register[3]_gold [17] -> \register[3] [17]
Changing input B of cell $abc$15166$auto$blifparse.cc:397:parse_blif$16016_gold ($_MUX_): \register[7]_gold [17] -> \register[7] [17]
Changing input A of cell $abc$15166$auto$blifparse.cc:397:parse_blif$16017_gold ($_MUX_): \register[2]_gold [17] -> \register[2] [17]
Changing input B of cell $abc$15166$auto$blifparse.cc:397:parse_blif$16017_gold ($_MUX_): \register[6]_gold [17] -> \register[6] [17]
Changing input A of cell $abc$15166$auto$blifparse.cc:397:parse_blif$16018_gold ($_MUX_): \register[8]_gold [17] -> \register[8] [17]
Changing input B of cell $abc$15166$auto$blifparse.cc:397:parse_blif$16018_gold ($_MUX_): \register[12]_gold [17] -> \register[12] [17]
Changing input A of cell $abc$15166$auto$blifparse.cc:397:parse_blif$16019_gold ($_MUX_): \register[9]_gold [17] -> \register[9] [17]
Changing input B of cell $abc$15166$auto$blifparse.cc:397:parse_blif$16019_gold ($_MUX_): \register[13]_gold [17] -> \register[13] [17]
Changing input A of cell $abc$15166$auto$blifparse.cc:397:parse_blif$16021_gold ($_MUX_): \register[1]_gold [17] -> \register[1] [17]
Changing input B of cell $abc$15166$auto$blifparse.cc:397:parse_blif$16021_gold ($_MUX_): \register[5]_gold [17] -> \register[5] [17]
Changing input B of cell $abc$15166$auto$blifparse.cc:397:parse_blif$16022_gold ($_MUX_): \register[4]_gold [17] -> \register[4] [17]
Changing input A of cell $abc$15166$auto$blifparse.cc:397:parse_blif$16025_gold ($_ORNOT_): \register[31]_gold [17] -> \register[31] [17]
Changing input B of cell $abc$15166$auto$blifparse.cc:397:parse_blif$16026_gold ($_OR_): \register[27]_gold [17] -> \register[27] [17]
Changing input A of cell $abc$15166$auto$blifparse.cc:397:parse_blif$16029_gold ($_MUX_): \register[26]_gold [17] -> \register[26] [17]
Changing input B of cell $abc$15166$auto$blifparse.cc:397:parse_blif$16029_gold ($_MUX_): \register[30]_gold [17] -> \register[30] [17]
Changing input A of cell $abc$15166$auto$blifparse.cc:397:parse_blif$16033_gold ($_ORNOT_): \register[23]_gold [17] -> \register[23] [17]
Changing input B of cell $abc$15166$auto$blifparse.cc:397:parse_blif$16034_gold ($_OR_): \register[19]_gold [17] -> \register[19] [17]
Changing input A of cell $abc$15166$auto$blifparse.cc:397:parse_blif$16037_gold ($_ORNOT_): \register[22]_gold [17] -> \register[22] [17]
Changing input B of cell $abc$15166$auto$blifparse.cc:397:parse_blif$16038_gold ($_NOR_): \register[18]_gold [17] -> \register[18] [17]
Changing input A of cell $abc$15166$auto$blifparse.cc:397:parse_blif$16047_gold ($_ORNOT_): \register[15]_gold [17] -> \register[15] [17]
Changing input B of cell $abc$15166$auto$blifparse.cc:397:parse_blif$16048_gold ($_OR_): \register[11]_gold [17] -> \register[11] [17]
Changing input A of cell $abc$15166$auto$blifparse.cc:397:parse_blif$16051_gold ($_MUX_): \register[10]_gold [17] -> \register[10] [17]
Changing input B of cell $abc$15166$auto$blifparse.cc:397:parse_blif$16051_gold ($_MUX_): \register[14]_gold [17] -> \register[14] [17]
Changing input A of cell $abc$15166$auto$blifparse.cc:397:parse_blif$16065_gold ($_ORNOT_): \register[29]_gold [16] -> \register[29] [16]
Changing input B of cell $abc$15166$auto$blifparse.cc:397:parse_blif$16066_gold ($_OR_): \register[25]_gold [16] -> \register[25] [16]
Changing input A of cell $abc$15166$auto$blifparse.cc:397:parse_blif$16069_gold ($_MUX_): \register[24]_gold [16] -> \register[24] [16]
Changing input B of cell $abc$15166$auto$blifparse.cc:397:parse_blif$16069_gold ($_MUX_): \register[28]_gold [16] -> \register[28] [16]
Changing input A of cell $abc$15166$auto$blifparse.cc:397:parse_blif$16073_gold ($_MUX_): \register[26]_gold [16] -> \register[26] [16]
Changing input B of cell $abc$15166$auto$blifparse.cc:397:parse_blif$16073_gold ($_MUX_): \register[30]_gold [16] -> \register[30] [16]
Changing input A of cell $abc$15166$auto$blifparse.cc:397:parse_blif$16075_gold ($_ORNOT_): \register[31]_gold [16] -> \register[31] [16]
Changing input B of cell $abc$15166$auto$blifparse.cc:397:parse_blif$16076_gold ($_OR_): \register[27]_gold [16] -> \register[27] [16]
Changing input A of cell $abc$15166$auto$blifparse.cc:397:parse_blif$16083_gold ($_MUX_): \register[10]_gold [16] -> \register[10] [16]
Changing input B of cell $abc$15166$auto$blifparse.cc:397:parse_blif$16083_gold ($_MUX_): \register[14]_gold [16] -> \register[14] [16]
Changing input A of cell $abc$15166$auto$blifparse.cc:397:parse_blif$16085_gold ($_ORNOT_): \register[15]_gold [16] -> \register[15] [16]
Changing input B of cell $abc$15166$auto$blifparse.cc:397:parse_blif$16086_gold ($_OR_): \register[11]_gold [16] -> \register[11] [16]
Changing input A of cell $abc$15166$auto$blifparse.cc:397:parse_blif$16090_gold ($_ORNOT_): \register[13]_gold [16] -> \register[13] [16]
Changing input B of cell $abc$15166$auto$blifparse.cc:397:parse_blif$16091_gold ($_OR_): \register[9]_gold [16] -> \register[9] [16]
Changing input A of cell $abc$15166$auto$blifparse.cc:397:parse_blif$16094_gold ($_MUX_): \register[8]_gold [16] -> \register[8] [16]
Changing input B of cell $abc$15166$auto$blifparse.cc:397:parse_blif$16094_gold ($_MUX_): \register[12]_gold [16] -> \register[12] [16]
Changing input A of cell $abc$15166$auto$blifparse.cc:397:parse_blif$16100_gold ($_ORNOT_): \register[21]_gold [16] -> \register[21] [16]
Changing input B of cell $abc$15166$auto$blifparse.cc:397:parse_blif$16101_gold ($_OR_): \register[17]_gold [16] -> \register[17] [16]
Changing input A of cell $abc$15166$auto$blifparse.cc:397:parse_blif$16104_gold ($_MUX_): \register[16]_gold [16] -> \register[16] [16]
Changing input B of cell $abc$15166$auto$blifparse.cc:397:parse_blif$16104_gold ($_MUX_): \register[20]_gold [16] -> \register[20] [16]
Changing input A of cell $abc$15166$auto$blifparse.cc:397:parse_blif$16108_gold ($_ORNOT_): \register[23]_gold [16] -> \register[23] [16]
Changing input B of cell $abc$15166$auto$blifparse.cc:397:parse_blif$16109_gold ($_OR_): \register[19]_gold [16] -> \register[19] [16]
Changing input A of cell $abc$15166$auto$blifparse.cc:397:parse_blif$16112_gold ($_ORNOT_): \register[22]_gold [16] -> \register[22] [16]
Changing input B of cell $abc$15166$auto$blifparse.cc:397:parse_blif$16113_gold ($_NOR_): \register[18]_gold [16] -> \register[18] [16]
Changing input B of cell $abc$15166$auto$blifparse.cc:397:parse_blif$16120_gold ($_OR_): \register[2]_gold [16] -> \register[2] [16]
Changing input B of cell $abc$15166$auto$blifparse.cc:397:parse_blif$16121_gold ($_ANDNOT_): \register[6]_gold [16] -> \register[6] [16]
Changing input A of cell $abc$15166$auto$blifparse.cc:397:parse_blif$16124_gold ($_ORNOT_): \register[7]_gold [16] -> \register[7] [16]
Changing input B of cell $abc$15166$auto$blifparse.cc:397:parse_blif$16125_gold ($_OR_): \register[3]_gold [16] -> \register[3] [16]
Changing input B of cell $abc$15166$auto$blifparse.cc:397:parse_blif$16129_gold ($_MUX_): \register[4]_gold [16] -> \register[4] [16]
Changing input A of cell $abc$15166$auto$blifparse.cc:397:parse_blif$16131_gold ($_ORNOT_): \register[5]_gold [16] -> \register[5] [16]
Changing input B of cell $abc$15166$auto$blifparse.cc:397:parse_blif$16132_gold ($_OR_): \register[1]_gold [16] -> \register[1] [16]
Changing input A of cell $abc$15166$auto$blifparse.cc:397:parse_blif$16140_gold ($_ORNOT_): \register[7]_gold [15] -> \register[7] [15]
Changing input B of cell $abc$15166$auto$blifparse.cc:397:parse_blif$16141_gold ($_OR_): \register[3]_gold [15] -> \register[3] [15]
Changing input A of cell $abc$15166$auto$blifparse.cc:397:parse_blif$16144_gold ($_ORNOT_): \register[6]_gold [15] -> \register[6] [15]
Changing input B of cell $abc$15166$auto$blifparse.cc:397:parse_blif$16145_gold ($_NOR_): \register[2]_gold [15] -> \register[2] [15]
Changing input A of cell $abc$15166$auto$blifparse.cc:397:parse_blif$16149_gold ($_ORNOT_): \register[5]_gold [15] -> \register[5] [15]
Changing input B of cell $abc$15166$auto$blifparse.cc:397:parse_blif$16150_gold ($_OR_): \register[1]_gold [15] -> \register[1] [15]
Changing input B of cell $abc$15166$auto$blifparse.cc:397:parse_blif$16153_gold ($_MUX_): \register[4]_gold [15] -> \register[4] [15]
Changing input A of cell $abc$15166$auto$blifparse.cc:397:parse_blif$16157_gold ($_MUX_): \register[19]_gold [15] -> \register[19] [15]
Changing input B of cell $abc$15166$auto$blifparse.cc:397:parse_blif$16157_gold ($_MUX_): \register[23]_gold [15] -> \register[23] [15]
Changing input A of cell $abc$15166$auto$blifparse.cc:397:parse_blif$16158_gold ($_MUX_): \register[17]_gold [15] -> \register[17] [15]
Changing input B of cell $abc$15166$auto$blifparse.cc:397:parse_blif$16158_gold ($_MUX_): \register[21]_gold [15] -> \register[21] [15]
Changing input A of cell $abc$15166$auto$blifparse.cc:397:parse_blif$16160_gold ($_MUX_): \register[18]_gold [15] -> \register[18] [15]
Changing input B of cell $abc$15166$auto$blifparse.cc:397:parse_blif$16160_gold ($_MUX_): \register[22]_gold [15] -> \register[22] [15]
Changing input A of cell $abc$15166$auto$blifparse.cc:397:parse_blif$16161_gold ($_MUX_): \register[16]_gold [15] -> \register[16] [15]
Changing input B of cell $abc$15166$auto$blifparse.cc:397:parse_blif$16161_gold ($_MUX_): \register[20]_gold [15] -> \register[20] [15]
Changing input A of cell $abc$15166$auto$blifparse.cc:397:parse_blif$16165_gold ($_ORNOT_): \register[29]_gold [15] -> \register[29] [15]
Changing input B of cell $abc$15166$auto$blifparse.cc:397:parse_blif$16166_gold ($_OR_): \register[25]_gold [15] -> \register[25] [15]
Changing input A of cell $abc$15166$auto$blifparse.cc:397:parse_blif$16169_gold ($_MUX_): \register[24]_gold [15] -> \register[24] [15]
Changing input B of cell $abc$15166$auto$blifparse.cc:397:parse_blif$16169_gold ($_MUX_): \register[28]_gold [15] -> \register[28] [15]
Changing input A of cell $abc$15166$auto$blifparse.cc:397:parse_blif$16173_gold ($_MUX_): \register[26]_gold [15] -> \register[26] [15]
Changing input B of cell $abc$15166$auto$blifparse.cc:397:parse_blif$16173_gold ($_MUX_): \register[30]_gold [15] -> \register[30] [15]
Changing input A of cell $abc$15166$auto$blifparse.cc:397:parse_blif$16175_gold ($_ORNOT_): \register[31]_gold [15] -> \register[31] [15]
Changing input B of cell $abc$15166$auto$blifparse.cc:397:parse_blif$16176_gold ($_OR_): \register[27]_gold [15] -> \register[27] [15]
Changing input A of cell $abc$15166$auto$blifparse.cc:397:parse_blif$16183_gold ($_MUX_): \register[10]_gold [15] -> \register[10] [15]
Changing input B of cell $abc$15166$auto$blifparse.cc:397:parse_blif$16183_gold ($_MUX_): \register[14]_gold [15] -> \register[14] [15]
Changing input A of cell $abc$15166$auto$blifparse.cc:397:parse_blif$16185_gold ($_ORNOT_): \register[15]_gold [15] -> \register[15] [15]
Changing input B of cell $abc$15166$auto$blifparse.cc:397:parse_blif$16186_gold ($_OR_): \register[11]_gold [15] -> \register[11] [15]
Changing input A of cell $abc$15166$auto$blifparse.cc:397:parse_blif$16190_gold ($_ORNOT_): \register[13]_gold [15] -> \register[13] [15]
Changing input B of cell $abc$15166$auto$blifparse.cc:397:parse_blif$16191_gold ($_OR_): \register[9]_gold [15] -> \register[9] [15]
Changing input A of cell $abc$15166$auto$blifparse.cc:397:parse_blif$16194_gold ($_MUX_): \register[8]_gold [15] -> \register[8] [15]
Changing input B of cell $abc$15166$auto$blifparse.cc:397:parse_blif$16194_gold ($_MUX_): \register[12]_gold [15] -> \register[12] [15]
Changing input A of cell $abc$15166$auto$blifparse.cc:397:parse_blif$16201_gold ($_ORNOT_): \register[31]_gold [14] -> \register[31] [14]
Changing input B of cell $abc$15166$auto$blifparse.cc:397:parse_blif$16202_gold ($_OR_): \register[27]_gold [14] -> \register[27] [14]
Changing input A of cell $abc$15166$auto$blifparse.cc:397:parse_blif$16205_gold ($_MUX_): \register[26]_gold [14] -> \register[26] [14]
Changing input B of cell $abc$15166$auto$blifparse.cc:397:parse_blif$16205_gold ($_MUX_): \register[30]_gold [14] -> \register[30] [14]
Changing input A of cell $abc$15166$auto$blifparse.cc:397:parse_blif$16209_gold ($_MUX_): \register[24]_gold [14] -> \register[24] [14]
Changing input B of cell $abc$15166$auto$blifparse.cc:397:parse_blif$16209_gold ($_MUX_): \register[28]_gold [14] -> \register[28] [14]
Changing input A of cell $abc$15166$auto$blifparse.cc:397:parse_blif$16211_gold ($_ORNOT_): \register[29]_gold [14] -> \register[29] [14]
Changing input B of cell $abc$15166$auto$blifparse.cc:397:parse_blif$16212_gold ($_OR_): \register[25]_gold [14] -> \register[25] [14]
Changing input A of cell $abc$15166$auto$blifparse.cc:397:parse_blif$16219_gold ($_MUX_): \register[8]_gold [14] -> \register[8] [14]
Changing input B of cell $abc$15166$auto$blifparse.cc:397:parse_blif$16219_gold ($_MUX_): \register[12]_gold [14] -> \register[12] [14]
Changing input A of cell $abc$15166$auto$blifparse.cc:397:parse_blif$16221_gold ($_MUX_): \register[9]_gold [14] -> \register[9] [14]
Changing input B of cell $abc$15166$auto$blifparse.cc:397:parse_blif$16221_gold ($_MUX_): \register[13]_gold [14] -> \register[13] [14]
Changing input A of cell $abc$15166$auto$blifparse.cc:397:parse_blif$16225_gold ($_MUX_): \register[10]_gold [14] -> \register[10] [14]
Changing input B of cell $abc$15166$auto$blifparse.cc:397:parse_blif$16225_gold ($_MUX_): \register[14]_gold [14] -> \register[14] [14]
Changing input A of cell $abc$15166$auto$blifparse.cc:397:parse_blif$16227_gold ($_MUX_): \register[11]_gold [14] -> \register[11] [14]
Changing input B of cell $abc$15166$auto$blifparse.cc:397:parse_blif$16227_gold ($_MUX_): \register[15]_gold [14] -> \register[15] [14]
Changing input A of cell $abc$15166$auto$blifparse.cc:397:parse_blif$16234_gold ($_MUX_): \register[18]_gold [14] -> \register[18] [14]
Changing input B of cell $abc$15166$auto$blifparse.cc:397:parse_blif$16234_gold ($_MUX_): \register[22]_gold [14] -> \register[22] [14]
Changing input A of cell $abc$15166$auto$blifparse.cc:397:parse_blif$16236_gold ($_MUX_): \register[19]_gold [14] -> \register[19] [14]
Changing input B of cell $abc$15166$auto$blifparse.cc:397:parse_blif$16236_gold ($_MUX_): \register[23]_gold [14] -> \register[23] [14]
Changing input A of cell $abc$15166$auto$blifparse.cc:397:parse_blif$16240_gold ($_MUX_): \register[16]_gold [14] -> \register[16] [14]
Changing input B of cell $abc$15166$auto$blifparse.cc:397:parse_blif$16240_gold ($_MUX_): \register[20]_gold [14] -> \register[20] [14]
Changing input A of cell $abc$15166$auto$blifparse.cc:397:parse_blif$16241_gold ($_MUX_): \register[17]_gold [14] -> \register[17] [14]
Changing input B of cell $abc$15166$auto$blifparse.cc:397:parse_blif$16241_gold ($_MUX_): \register[21]_gold [14] -> \register[21] [14]
Changing input B of cell $abc$15166$auto$blifparse.cc:397:parse_blif$16245_gold ($_MUX_): \register[4]_gold [14] -> \register[4] [14]
Changing input A of cell $abc$15166$auto$blifparse.cc:397:parse_blif$16247_gold ($_MUX_): \register[1]_gold [14] -> \register[1] [14]
Changing input B of cell $abc$15166$auto$blifparse.cc:397:parse_blif$16247_gold ($_MUX_): \register[5]_gold [14] -> \register[5] [14]
Changing input A of cell $abc$15166$auto$blifparse.cc:397:parse_blif$16251_gold ($_MUX_): \register[3]_gold [14] -> \register[3] [14]
Changing input B of cell $abc$15166$auto$blifparse.cc:397:parse_blif$16251_gold ($_MUX_): \register[7]_gold [14] -> \register[7] [14]
Changing input A of cell $abc$15166$auto$blifparse.cc:397:parse_blif$16253_gold ($_MUX_): \register[2]_gold [14] -> \register[2] [14]
Changing input B of cell $abc$15166$auto$blifparse.cc:397:parse_blif$16253_gold ($_MUX_): \register[6]_gold [14] -> \register[6] [14]
Changing input A of cell $abc$15166$auto$blifparse.cc:397:parse_blif$16260_gold ($_ORNOT_): \register[7]_gold [13] -> \register[7] [13]
Changing input B of cell $abc$15166$auto$blifparse.cc:397:parse_blif$16261_gold ($_OR_): \register[3]_gold [13] -> \register[3] [13]
Changing input A of cell $abc$15166$auto$blifparse.cc:397:parse_blif$16264_gold ($_ORNOT_): \register[6]_gold [13] -> \register[6] [13]
Changing input B of cell $abc$15166$auto$blifparse.cc:397:parse_blif$16265_gold ($_NOR_): \register[2]_gold [13] -> \register[2] [13]
Changing input A of cell $abc$15166$auto$blifparse.cc:397:parse_blif$16269_gold ($_ORNOT_): \register[5]_gold [13] -> \register[5] [13]
Changing input B of cell $abc$15166$auto$blifparse.cc:397:parse_blif$16270_gold ($_OR_): \register[1]_gold [13] -> \register[1] [13]
Changing input B of cell $abc$15166$auto$blifparse.cc:397:parse_blif$16273_gold ($_MUX_): \register[4]_gold [13] -> \register[4] [13]
Changing input A of cell $abc$15166$auto$blifparse.cc:397:parse_blif$16277_gold ($_MUX_): \register[19]_gold [13] -> \register[19] [13]
Changing input B of cell $abc$15166$auto$blifparse.cc:397:parse_blif$16277_gold ($_MUX_): \register[23]_gold [13] -> \register[23] [13]
Changing input A of cell $abc$15166$auto$blifparse.cc:397:parse_blif$16278_gold ($_MUX_): \register[17]_gold [13] -> \register[17] [13]
Changing input B of cell $abc$15166$auto$blifparse.cc:397:parse_blif$16278_gold ($_MUX_): \register[21]_gold [13] -> \register[21] [13]
Changing input A of cell $abc$15166$auto$blifparse.cc:397:parse_blif$16280_gold ($_MUX_): \register[18]_gold [13] -> \register[18] [13]
Changing input B of cell $abc$15166$auto$blifparse.cc:397:parse_blif$16280_gold ($_MUX_): \register[22]_gold [13] -> \register[22] [13]
Changing input A of cell $abc$15166$auto$blifparse.cc:397:parse_blif$16281_gold ($_MUX_): \register[16]_gold [13] -> \register[16] [13]
Changing input B of cell $abc$15166$auto$blifparse.cc:397:parse_blif$16281_gold ($_MUX_): \register[20]_gold [13] -> \register[20] [13]
Changing input A of cell $abc$15166$auto$blifparse.cc:397:parse_blif$16285_gold ($_ORNOT_): \register[29]_gold [13] -> \register[29] [13]
Changing input B of cell $abc$15166$auto$blifparse.cc:397:parse_blif$16286_gold ($_OR_): \register[25]_gold [13] -> \register[25] [13]
Changing input A of cell $abc$15166$auto$blifparse.cc:397:parse_blif$16289_gold ($_MUX_): \register[24]_gold [13] -> \register[24] [13]
Changing input B of cell $abc$15166$auto$blifparse.cc:397:parse_blif$16289_gold ($_MUX_): \register[28]_gold [13] -> \register[28] [13]
Changing input A of cell $abc$15166$auto$blifparse.cc:397:parse_blif$16293_gold ($_MUX_): \register[26]_gold [13] -> \register[26] [13]
Changing input B of cell $abc$15166$auto$blifparse.cc:397:parse_blif$16293_gold ($_MUX_): \register[30]_gold [13] -> \register[30] [13]
Changing input A of cell $abc$15166$auto$blifparse.cc:397:parse_blif$16295_gold ($_ORNOT_): \register[31]_gold [13] -> \register[31] [13]
Changing input B of cell $abc$15166$auto$blifparse.cc:397:parse_blif$16296_gold ($_OR_): \register[27]_gold [13] -> \register[27] [13]
Changing input A of cell $abc$15166$auto$blifparse.cc:397:parse_blif$16303_gold ($_MUX_): \register[10]_gold [13] -> \register[10] [13]
Changing input B of cell $abc$15166$auto$blifparse.cc:397:parse_blif$16303_gold ($_MUX_): \register[14]_gold [13] -> \register[14] [13]
Changing input A of cell $abc$15166$auto$blifparse.cc:397:parse_blif$16305_gold ($_ORNOT_): \register[15]_gold [13] -> \register[15] [13]
Changing input B of cell $abc$15166$auto$blifparse.cc:397:parse_blif$16306_gold ($_OR_): \register[11]_gold [13] -> \register[11] [13]
Changing input A of cell $abc$15166$auto$blifparse.cc:397:parse_blif$16310_gold ($_ORNOT_): \register[13]_gold [13] -> \register[13] [13]
Changing input B of cell $abc$15166$auto$blifparse.cc:397:parse_blif$16311_gold ($_OR_): \register[9]_gold [13] -> \register[9] [13]
Changing input A of cell $abc$15166$auto$blifparse.cc:397:parse_blif$16314_gold ($_MUX_): \register[8]_gold [13] -> \register[8] [13]
Changing input B of cell $abc$15166$auto$blifparse.cc:397:parse_blif$16314_gold ($_MUX_): \register[12]_gold [13] -> \register[12] [13]
Changing input A of cell $abc$15166$auto$blifparse.cc:397:parse_blif$16321_gold ($_ORNOT_): \register[29]_gold [12] -> \register[29] [12]
Changing input B of cell $abc$15166$auto$blifparse.cc:397:parse_blif$16322_gold ($_OR_): \register[25]_gold [12] -> \register[25] [12]
Changing input A of cell $abc$15166$auto$blifparse.cc:397:parse_blif$16325_gold ($_MUX_): \register[24]_gold [12] -> \register[24] [12]
Changing input B of cell $abc$15166$auto$blifparse.cc:397:parse_blif$16325_gold ($_MUX_): \register[28]_gold [12] -> \register[28] [12]
Changing input A of cell $abc$15166$auto$blifparse.cc:397:parse_blif$16329_gold ($_MUX_): \register[26]_gold [12] -> \register[26] [12]
Changing input B of cell $abc$15166$auto$blifparse.cc:397:parse_blif$16329_gold ($_MUX_): \register[30]_gold [12] -> \register[30] [12]
Changing input A of cell $abc$15166$auto$blifparse.cc:397:parse_blif$16331_gold ($_ORNOT_): \register[31]_gold [12] -> \register[31] [12]
Changing input B of cell $abc$15166$auto$blifparse.cc:397:parse_blif$16332_gold ($_OR_): \register[27]_gold [12] -> \register[27] [12]
Changing input A of cell $abc$15166$auto$blifparse.cc:397:parse_blif$16339_gold ($_MUX_): \register[10]_gold [12] -> \register[10] [12]
Changing input B of cell $abc$15166$auto$blifparse.cc:397:parse_blif$16339_gold ($_MUX_): \register[14]_gold [12] -> \register[14] [12]
Changing input A of cell $abc$15166$auto$blifparse.cc:397:parse_blif$16341_gold ($_ORNOT_): \register[15]_gold [12] -> \register[15] [12]
Changing input B of cell $abc$15166$auto$blifparse.cc:397:parse_blif$16342_gold ($_OR_): \register[11]_gold [12] -> \register[11] [12]
Changing input A of cell $abc$15166$auto$blifparse.cc:397:parse_blif$16346_gold ($_ORNOT_): \register[13]_gold [12] -> \register[13] [12]
Changing input B of cell $abc$15166$auto$blifparse.cc:397:parse_blif$16347_gold ($_OR_): \register[9]_gold [12] -> \register[9] [12]
Changing input A of cell $abc$15166$auto$blifparse.cc:397:parse_blif$16350_gold ($_MUX_): \register[8]_gold [12] -> \register[8] [12]
Changing input B of cell $abc$15166$auto$blifparse.cc:397:parse_blif$16350_gold ($_MUX_): \register[12]_gold [12] -> \register[12] [12]
Changing input A of cell $abc$15166$auto$blifparse.cc:397:parse_blif$16356_gold ($_ORNOT_): \register[21]_gold [12] -> \register[21] [12]
Changing input B of cell $abc$15166$auto$blifparse.cc:397:parse_blif$16357_gold ($_OR_): \register[17]_gold [12] -> \register[17] [12]
Changing input A of cell $abc$15166$auto$blifparse.cc:397:parse_blif$16360_gold ($_MUX_): \register[16]_gold [12] -> \register[16] [12]
Changing input B of cell $abc$15166$auto$blifparse.cc:397:parse_blif$16360_gold ($_MUX_): \register[20]_gold [12] -> \register[20] [12]
Changing input A of cell $abc$15166$auto$blifparse.cc:397:parse_blif$16364_gold ($_ORNOT_): \register[23]_gold [12] -> \register[23] [12]
Changing input B of cell $abc$15166$auto$blifparse.cc:397:parse_blif$16365_gold ($_OR_): \register[19]_gold [12] -> \register[19] [12]
Changing input A of cell $abc$15166$auto$blifparse.cc:397:parse_blif$16368_gold ($_ORNOT_): \register[22]_gold [12] -> \register[22] [12]
Changing input B of cell $abc$15166$auto$blifparse.cc:397:parse_blif$16369_gold ($_NOR_): \register[18]_gold [12] -> \register[18] [12]
Changing input B of cell $abc$15166$auto$blifparse.cc:397:parse_blif$16376_gold ($_OR_): \register[2]_gold [12] -> \register[2] [12]
Changing input B of cell $abc$15166$auto$blifparse.cc:397:parse_blif$16377_gold ($_ANDNOT_): \register[6]_gold [12] -> \register[6] [12]
Changing input A of cell $abc$15166$auto$blifparse.cc:397:parse_blif$16380_gold ($_ORNOT_): \register[7]_gold [12] -> \register[7] [12]
Changing input B of cell $abc$15166$auto$blifparse.cc:397:parse_blif$16381_gold ($_OR_): \register[3]_gold [12] -> \register[3] [12]
Changing input B of cell $abc$15166$auto$blifparse.cc:397:parse_blif$16385_gold ($_MUX_): \register[4]_gold [12] -> \register[4] [12]
Changing input A of cell $abc$15166$auto$blifparse.cc:397:parse_blif$16387_gold ($_ORNOT_): \register[5]_gold [12] -> \register[5] [12]
Changing input B of cell $abc$15166$auto$blifparse.cc:397:parse_blif$16388_gold ($_OR_): \register[1]_gold [12] -> \register[1] [12]
Changing input A of cell $abc$15166$auto$blifparse.cc:397:parse_blif$16396_gold ($_ORNOT_): \register[29]_gold [11] -> \register[29] [11]
Changing input B of cell $abc$15166$auto$blifparse.cc:397:parse_blif$16397_gold ($_OR_): \register[25]_gold [11] -> \register[25] [11]
Changing input A of cell $abc$15166$auto$blifparse.cc:397:parse_blif$16400_gold ($_MUX_): \register[24]_gold [11] -> \register[24] [11]
Changing input B of cell $abc$15166$auto$blifparse.cc:397:parse_blif$16400_gold ($_MUX_): \register[28]_gold [11] -> \register[28] [11]
Changing input A of cell $abc$15166$auto$blifparse.cc:397:parse_blif$16404_gold ($_MUX_): \register[26]_gold [11] -> \register[26] [11]
Changing input B of cell $abc$15166$auto$blifparse.cc:397:parse_blif$16404_gold ($_MUX_): \register[30]_gold [11] -> \register[30] [11]
Changing input A of cell $abc$15166$auto$blifparse.cc:397:parse_blif$16406_gold ($_ORNOT_): \register[31]_gold [11] -> \register[31] [11]
Changing input B of cell $abc$15166$auto$blifparse.cc:397:parse_blif$16407_gold ($_OR_): \register[27]_gold [11] -> \register[27] [11]
Changing input A of cell $abc$15166$auto$blifparse.cc:397:parse_blif$16414_gold ($_MUX_): \register[10]_gold [11] -> \register[10] [11]
Changing input B of cell $abc$15166$auto$blifparse.cc:397:parse_blif$16414_gold ($_MUX_): \register[14]_gold [11] -> \register[14] [11]
Changing input A of cell $abc$15166$auto$blifparse.cc:397:parse_blif$16416_gold ($_ORNOT_): \register[15]_gold [11] -> \register[15] [11]
Changing input B of cell $abc$15166$auto$blifparse.cc:397:parse_blif$16417_gold ($_OR_): \register[11]_gold [11] -> \register[11] [11]
Changing input A of cell $abc$15166$auto$blifparse.cc:397:parse_blif$16421_gold ($_ORNOT_): \register[13]_gold [11] -> \register[13] [11]
Changing input B of cell $abc$15166$auto$blifparse.cc:397:parse_blif$16422_gold ($_OR_): \register[9]_gold [11] -> \register[9] [11]
Changing input A of cell $abc$15166$auto$blifparse.cc:397:parse_blif$16425_gold ($_MUX_): \register[8]_gold [11] -> \register[8] [11]
Changing input B of cell $abc$15166$auto$blifparse.cc:397:parse_blif$16425_gold ($_MUX_): \register[12]_gold [11] -> \register[12] [11]
Changing input A of cell $abc$15166$auto$blifparse.cc:397:parse_blif$16431_gold ($_ORNOT_): \register[21]_gold [11] -> \register[21] [11]
Changing input B of cell $abc$15166$auto$blifparse.cc:397:parse_blif$16432_gold ($_OR_): \register[17]_gold [11] -> \register[17] [11]
Changing input A of cell $abc$15166$auto$blifparse.cc:397:parse_blif$16435_gold ($_MUX_): \register[16]_gold [11] -> \register[16] [11]
Changing input B of cell $abc$15166$auto$blifparse.cc:397:parse_blif$16435_gold ($_MUX_): \register[20]_gold [11] -> \register[20] [11]
Changing input A of cell $abc$15166$auto$blifparse.cc:397:parse_blif$16439_gold ($_ORNOT_): \register[23]_gold [11] -> \register[23] [11]
Changing input B of cell $abc$15166$auto$blifparse.cc:397:parse_blif$16440_gold ($_OR_): \register[19]_gold [11] -> \register[19] [11]
Changing input A of cell $abc$15166$auto$blifparse.cc:397:parse_blif$16443_gold ($_ORNOT_): \register[22]_gold [11] -> \register[22] [11]
Changing input B of cell $abc$15166$auto$blifparse.cc:397:parse_blif$16444_gold ($_NOR_): \register[18]_gold [11] -> \register[18] [11]
Changing input B of cell $abc$15166$auto$blifparse.cc:397:parse_blif$16451_gold ($_OR_): \register[2]_gold [11] -> \register[2] [11]
Changing input B of cell $abc$15166$auto$blifparse.cc:397:parse_blif$16452_gold ($_ANDNOT_): \register[6]_gold [11] -> \register[6] [11]
Changing input A of cell $abc$15166$auto$blifparse.cc:397:parse_blif$16455_gold ($_ORNOT_): \register[7]_gold [11] -> \register[7] [11]
Changing input B of cell $abc$15166$auto$blifparse.cc:397:parse_blif$16456_gold ($_OR_): \register[3]_gold [11] -> \register[3] [11]
Changing input B of cell $abc$15166$auto$blifparse.cc:397:parse_blif$16460_gold ($_MUX_): \register[4]_gold [11] -> \register[4] [11]
Changing input A of cell $abc$15166$auto$blifparse.cc:397:parse_blif$16462_gold ($_ORNOT_): \register[5]_gold [11] -> \register[5] [11]
Changing input B of cell $abc$15166$auto$blifparse.cc:397:parse_blif$16463_gold ($_OR_): \register[1]_gold [11] -> \register[1] [11]
Changing input A of cell $abc$15166$auto$blifparse.cc:397:parse_blif$16471_gold ($_MUX_): \register[18]_gold [10] -> \register[18] [10]
Changing input B of cell $abc$15166$auto$blifparse.cc:397:parse_blif$16471_gold ($_MUX_): \register[22]_gold [10] -> \register[22] [10]
Changing input A of cell $abc$15166$auto$blifparse.cc:397:parse_blif$16472_gold ($_MUX_): \register[19]_gold [10] -> \register[19] [10]
Changing input B of cell $abc$15166$auto$blifparse.cc:397:parse_blif$16472_gold ($_MUX_): \register[23]_gold [10] -> \register[23] [10]
Changing input B of cell $abc$15166$auto$blifparse.cc:397:parse_blif$16474_gold ($_OR_): \register[27]_gold [10] -> \register[27] [10]
Changing input A of cell $abc$15166$auto$blifparse.cc:397:parse_blif$16475_gold ($_ORNOT_): \register[31]_gold [10] -> \register[31] [10]
Changing input A of cell $abc$15166$auto$blifparse.cc:397:parse_blif$16478_gold ($_MUX_): \register[26]_gold [10] -> \register[26] [10]
Changing input B of cell $abc$15166$auto$blifparse.cc:397:parse_blif$16478_gold ($_MUX_): \register[30]_gold [10] -> \register[30] [10]
Changing input A of cell $abc$15166$auto$blifparse.cc:397:parse_blif$16482_gold ($_MUX_): \register[24]_gold [10] -> \register[24] [10]
Changing input B of cell $abc$15166$auto$blifparse.cc:397:parse_blif$16482_gold ($_MUX_): \register[28]_gold [10] -> \register[28] [10]
Changing input A of cell $abc$15166$auto$blifparse.cc:397:parse_blif$16483_gold ($_MUX_): \register[25]_gold [10] -> \register[25] [10]
Changing input B of cell $abc$15166$auto$blifparse.cc:397:parse_blif$16483_gold ($_MUX_): \register[29]_gold [10] -> \register[29] [10]
Changing input A of cell $abc$15166$auto$blifparse.cc:397:parse_blif$16485_gold ($_MUX_): \register[17]_gold [10] -> \register[17] [10]
Changing input B of cell $abc$15166$auto$blifparse.cc:397:parse_blif$16485_gold ($_MUX_): \register[21]_gold [10] -> \register[21] [10]
Changing input A of cell $abc$15166$auto$blifparse.cc:397:parse_blif$16486_gold ($_MUX_): \register[16]_gold [10] -> \register[16] [10]
Changing input B of cell $abc$15166$auto$blifparse.cc:397:parse_blif$16486_gold ($_MUX_): \register[20]_gold [10] -> \register[20] [10]
Changing input A of cell $abc$15166$auto$blifparse.cc:397:parse_blif$16490_gold ($_ORNOT_): \register[15]_gold [10] -> \register[15] [10]
Changing input B of cell $abc$15166$auto$blifparse.cc:397:parse_blif$16491_gold ($_OR_): \register[11]_gold [10] -> \register[11] [10]
Changing input A of cell $abc$15166$auto$blifparse.cc:397:parse_blif$16494_gold ($_MUX_): \register[10]_gold [10] -> \register[10] [10]
Changing input B of cell $abc$15166$auto$blifparse.cc:397:parse_blif$16494_gold ($_MUX_): \register[14]_gold [10] -> \register[14] [10]
Changing input A of cell $abc$15166$auto$blifparse.cc:397:parse_blif$16498_gold ($_MUX_): \register[2]_gold [10] -> \register[2] [10]
Changing input B of cell $abc$15166$auto$blifparse.cc:397:parse_blif$16498_gold ($_MUX_): \register[6]_gold [10] -> \register[6] [10]
Changing input A of cell $abc$15166$auto$blifparse.cc:397:parse_blif$16500_gold ($_MUX_): \register[3]_gold [10] -> \register[3] [10]
Changing input B of cell $abc$15166$auto$blifparse.cc:397:parse_blif$16500_gold ($_MUX_): \register[7]_gold [10] -> \register[7] [10]
Changing input A of cell $abc$15166$auto$blifparse.cc:397:parse_blif$16505_gold ($_MUX_): \register[9]_gold [10] -> \register[9] [10]
Changing input B of cell $abc$15166$auto$blifparse.cc:397:parse_blif$16505_gold ($_MUX_): \register[13]_gold [10] -> \register[13] [10]
Changing input A of cell $abc$15166$auto$blifparse.cc:397:parse_blif$16506_gold ($_MUX_): \register[8]_gold [10] -> \register[8] [10]
Changing input B of cell $abc$15166$auto$blifparse.cc:397:parse_blif$16506_gold ($_MUX_): \register[12]_gold [10] -> \register[12] [10]
Changing input B of cell $abc$15166$auto$blifparse.cc:397:parse_blif$16508_gold ($_MUX_): \register[4]_gold [10] -> \register[4] [10]
Changing input A of cell $abc$15166$auto$blifparse.cc:397:parse_blif$16509_gold ($_MUX_): \register[1]_gold [10] -> \register[1] [10]
Changing input B of cell $abc$15166$auto$blifparse.cc:397:parse_blif$16509_gold ($_MUX_): \register[5]_gold [10] -> \register[5] [10]
Changing input A of cell $abc$15166$auto$blifparse.cc:397:parse_blif$16514_gold ($_ORNOT_): \register[29]_gold [9] -> \register[29] [9]
Changing input B of cell $abc$15166$auto$blifparse.cc:397:parse_blif$16515_gold ($_OR_): \register[25]_gold [9] -> \register[25] [9]
Changing input A of cell $abc$15166$auto$blifparse.cc:397:parse_blif$16518_gold ($_MUX_): \register[24]_gold [9] -> \register[24] [9]
Changing input B of cell $abc$15166$auto$blifparse.cc:397:parse_blif$16518_gold ($_MUX_): \register[28]_gold [9] -> \register[28] [9]
Changing input A of cell $abc$15166$auto$blifparse.cc:397:parse_blif$16522_gold ($_MUX_): \register[26]_gold [9] -> \register[26] [9]
Changing input B of cell $abc$15166$auto$blifparse.cc:397:parse_blif$16522_gold ($_MUX_): \register[30]_gold [9] -> \register[30] [9]
Changing input A of cell $abc$15166$auto$blifparse.cc:397:parse_blif$16524_gold ($_ORNOT_): \register[31]_gold [9] -> \register[31] [9]
Changing input B of cell $abc$15166$auto$blifparse.cc:397:parse_blif$16525_gold ($_OR_): \register[27]_gold [9] -> \register[27] [9]
Changing input A of cell $abc$15166$auto$blifparse.cc:397:parse_blif$16532_gold ($_MUX_): \register[10]_gold [9] -> \register[10] [9]
Changing input B of cell $abc$15166$auto$blifparse.cc:397:parse_blif$16532_gold ($_MUX_): \register[14]_gold [9] -> \register[14] [9]
Changing input A of cell $abc$15166$auto$blifparse.cc:397:parse_blif$16534_gold ($_ORNOT_): \register[15]_gold [9] -> \register[15] [9]
Changing input B of cell $abc$15166$auto$blifparse.cc:397:parse_blif$16535_gold ($_OR_): \register[11]_gold [9] -> \register[11] [9]
Changing input A of cell $abc$15166$auto$blifparse.cc:397:parse_blif$16539_gold ($_ORNOT_): \register[13]_gold [9] -> \register[13] [9]
Changing input B of cell $abc$15166$auto$blifparse.cc:397:parse_blif$16540_gold ($_OR_): \register[9]_gold [9] -> \register[9] [9]
Changing input A of cell $abc$15166$auto$blifparse.cc:397:parse_blif$16543_gold ($_MUX_): \register[8]_gold [9] -> \register[8] [9]
Changing input B of cell $abc$15166$auto$blifparse.cc:397:parse_blif$16543_gold ($_MUX_): \register[12]_gold [9] -> \register[12] [9]
Changing input A of cell $abc$15166$auto$blifparse.cc:397:parse_blif$16549_gold ($_ORNOT_): \register[21]_gold [9] -> \register[21] [9]
Changing input B of cell $abc$15166$auto$blifparse.cc:397:parse_blif$16550_gold ($_OR_): \register[17]_gold [9] -> \register[17] [9]
Changing input A of cell $abc$15166$auto$blifparse.cc:397:parse_blif$16553_gold ($_MUX_): \register[16]_gold [9] -> \register[16] [9]
Changing input B of cell $abc$15166$auto$blifparse.cc:397:parse_blif$16553_gold ($_MUX_): \register[20]_gold [9] -> \register[20] [9]
Changing input A of cell $abc$15166$auto$blifparse.cc:397:parse_blif$16557_gold ($_ORNOT_): \register[23]_gold [9] -> \register[23] [9]
Changing input B of cell $abc$15166$auto$blifparse.cc:397:parse_blif$16558_gold ($_OR_): \register[19]_gold [9] -> \register[19] [9]
Changing input A of cell $abc$15166$auto$blifparse.cc:397:parse_blif$16561_gold ($_ORNOT_): \register[22]_gold [9] -> \register[22] [9]
Changing input B of cell $abc$15166$auto$blifparse.cc:397:parse_blif$16562_gold ($_NOR_): \register[18]_gold [9] -> \register[18] [9]
Changing input B of cell $abc$15166$auto$blifparse.cc:397:parse_blif$16569_gold ($_OR_): \register[2]_gold [9] -> \register[2] [9]
Changing input B of cell $abc$15166$auto$blifparse.cc:397:parse_blif$16570_gold ($_ANDNOT_): \register[6]_gold [9] -> \register[6] [9]
Changing input A of cell $abc$15166$auto$blifparse.cc:397:parse_blif$16573_gold ($_ORNOT_): \register[7]_gold [9] -> \register[7] [9]
Changing input B of cell $abc$15166$auto$blifparse.cc:397:parse_blif$16574_gold ($_OR_): \register[3]_gold [9] -> \register[3] [9]
Changing input B of cell $abc$15166$auto$blifparse.cc:397:parse_blif$16578_gold ($_MUX_): \register[4]_gold [9] -> \register[4] [9]
Changing input A of cell $abc$15166$auto$blifparse.cc:397:parse_blif$16580_gold ($_ORNOT_): \register[5]_gold [9] -> \register[5] [9]
Changing input B of cell $abc$15166$auto$blifparse.cc:397:parse_blif$16581_gold ($_OR_): \register[1]_gold [9] -> \register[1] [9]
Changing input A of cell $abc$15166$auto$blifparse.cc:397:parse_blif$16589_gold ($_MUX_): \register[8]_gold [8] -> \register[8] [8]
Changing input B of cell $abc$15166$auto$blifparse.cc:397:parse_blif$16589_gold ($_MUX_): \register[12]_gold [8] -> \register[12] [8]
Changing input A of cell $abc$15166$auto$blifparse.cc:397:parse_blif$16591_gold ($_MUX_): \register[9]_gold [8] -> \register[9] [8]
Changing input B of cell $abc$15166$auto$blifparse.cc:397:parse_blif$16591_gold ($_MUX_): \register[13]_gold [8] -> \register[13] [8]
Changing input A of cell $abc$15166$auto$blifparse.cc:397:parse_blif$16595_gold ($_MUX_): \register[10]_gold [8] -> \register[10] [8]
Changing input B of cell $abc$15166$auto$blifparse.cc:397:parse_blif$16595_gold ($_MUX_): \register[14]_gold [8] -> \register[14] [8]
Changing input A of cell $abc$15166$auto$blifparse.cc:397:parse_blif$16597_gold ($_MUX_): \register[11]_gold [8] -> \register[11] [8]
Changing input B of cell $abc$15166$auto$blifparse.cc:397:parse_blif$16597_gold ($_MUX_): \register[15]_gold [8] -> \register[15] [8]
Changing input B of cell $abc$15166$auto$blifparse.cc:397:parse_blif$16602_gold ($_OR_): \register[2]_gold [8] -> \register[2] [8]
Changing input B of cell $abc$15166$auto$blifparse.cc:397:parse_blif$16603_gold ($_ANDNOT_): \register[6]_gold [8] -> \register[6] [8]
Changing input A of cell $abc$15166$auto$blifparse.cc:397:parse_blif$16606_gold ($_ORNOT_): \register[7]_gold [8] -> \register[7] [8]
Changing input B of cell $abc$15166$auto$blifparse.cc:397:parse_blif$16607_gold ($_OR_): \register[3]_gold [8] -> \register[3] [8]
Changing input B of cell $abc$15166$auto$blifparse.cc:397:parse_blif$16611_gold ($_MUX_): \register[4]_gold [8] -> \register[4] [8]
Changing input A of cell $abc$15166$auto$blifparse.cc:397:parse_blif$16613_gold ($_ORNOT_): \register[5]_gold [8] -> \register[5] [8]
Changing input B of cell $abc$15166$auto$blifparse.cc:397:parse_blif$16614_gold ($_OR_): \register[1]_gold [8] -> \register[1] [8]
Changing input A of cell $abc$15166$auto$blifparse.cc:397:parse_blif$16620_gold ($_MUX_): \register[24]_gold [8] -> \register[24] [8]
Changing input B of cell $abc$15166$auto$blifparse.cc:397:parse_blif$16620_gold ($_MUX_): \register[28]_gold [8] -> \register[28] [8]
Changing input A of cell $abc$15166$auto$blifparse.cc:397:parse_blif$16622_gold ($_ORNOT_): \register[29]_gold [8] -> \register[29] [8]
Changing input B of cell $abc$15166$auto$blifparse.cc:397:parse_blif$16623_gold ($_OR_): \register[25]_gold [8] -> \register[25] [8]
Changing input A of cell $abc$15166$auto$blifparse.cc:397:parse_blif$16628_gold ($_ORNOT_): \register[31]_gold [8] -> \register[31] [8]
Changing input B of cell $abc$15166$auto$blifparse.cc:397:parse_blif$16629_gold ($_OR_): \register[27]_gold [8] -> \register[27] [8]
Changing input A of cell $abc$15166$auto$blifparse.cc:397:parse_blif$16632_gold ($_MUX_): \register[26]_gold [8] -> \register[26] [8]
Changing input B of cell $abc$15166$auto$blifparse.cc:397:parse_blif$16632_gold ($_MUX_): \register[30]_gold [8] -> \register[30] [8]
Changing input A of cell $abc$15166$auto$blifparse.cc:397:parse_blif$16640_gold ($_ORNOT_): \register[21]_gold [8] -> \register[21] [8]
Changing input B of cell $abc$15166$auto$blifparse.cc:397:parse_blif$16641_gold ($_OR_): \register[17]_gold [8] -> \register[17] [8]
Changing input A of cell $abc$15166$auto$blifparse.cc:397:parse_blif$16644_gold ($_MUX_): \register[16]_gold [8] -> \register[16] [8]
Changing input B of cell $abc$15166$auto$blifparse.cc:397:parse_blif$16644_gold ($_MUX_): \register[20]_gold [8] -> \register[20] [8]
Changing input A of cell $abc$15166$auto$blifparse.cc:397:parse_blif$16648_gold ($_ORNOT_): \register[23]_gold [8] -> \register[23] [8]
Changing input B of cell $abc$15166$auto$blifparse.cc:397:parse_blif$16649_gold ($_OR_): \register[19]_gold [8] -> \register[19] [8]
Changing input A of cell $abc$15166$auto$blifparse.cc:397:parse_blif$16652_gold ($_ORNOT_): \register[22]_gold [8] -> \register[22] [8]
Changing input B of cell $abc$15166$auto$blifparse.cc:397:parse_blif$16653_gold ($_NOR_): \register[18]_gold [8] -> \register[18] [8]
Changing input A of cell $abc$15166$auto$blifparse.cc:397:parse_blif$16662_gold ($_ORNOT_): \register[7]_gold [7] -> \register[7] [7]
Changing input B of cell $abc$15166$auto$blifparse.cc:397:parse_blif$16663_gold ($_OR_): \register[3]_gold [7] -> \register[3] [7]
Changing input A of cell $abc$15166$auto$blifparse.cc:397:parse_blif$16666_gold ($_ORNOT_): \register[6]_gold [7] -> \register[6] [7]
Changing input B of cell $abc$15166$auto$blifparse.cc:397:parse_blif$16667_gold ($_NOR_): \register[2]_gold [7] -> \register[2] [7]
Changing input A of cell $abc$15166$auto$blifparse.cc:397:parse_blif$16671_gold ($_ORNOT_): \register[5]_gold [7] -> \register[5] [7]
Changing input B of cell $abc$15166$auto$blifparse.cc:397:parse_blif$16672_gold ($_OR_): \register[1]_gold [7] -> \register[1] [7]
Changing input B of cell $abc$15166$auto$blifparse.cc:397:parse_blif$16675_gold ($_MUX_): \register[4]_gold [7] -> \register[4] [7]
Changing input A of cell $abc$15166$auto$blifparse.cc:397:parse_blif$16679_gold ($_MUX_): \register[19]_gold [7] -> \register[19] [7]
Changing input B of cell $abc$15166$auto$blifparse.cc:397:parse_blif$16679_gold ($_MUX_): \register[23]_gold [7] -> \register[23] [7]
Changing input A of cell $abc$15166$auto$blifparse.cc:397:parse_blif$16680_gold ($_MUX_): \register[17]_gold [7] -> \register[17] [7]
Changing input B of cell $abc$15166$auto$blifparse.cc:397:parse_blif$16680_gold ($_MUX_): \register[21]_gold [7] -> \register[21] [7]
Changing input A of cell $abc$15166$auto$blifparse.cc:397:parse_blif$16682_gold ($_MUX_): \register[18]_gold [7] -> \register[18] [7]
Changing input B of cell $abc$15166$auto$blifparse.cc:397:parse_blif$16682_gold ($_MUX_): \register[22]_gold [7] -> \register[22] [7]
Changing input A of cell $abc$15166$auto$blifparse.cc:397:parse_blif$16683_gold ($_MUX_): \register[16]_gold [7] -> \register[16] [7]
Changing input B of cell $abc$15166$auto$blifparse.cc:397:parse_blif$16683_gold ($_MUX_): \register[20]_gold [7] -> \register[20] [7]
Changing input A of cell $abc$15166$auto$blifparse.cc:397:parse_blif$16687_gold ($_ORNOT_): \register[29]_gold [7] -> \register[29] [7]
Changing input B of cell $abc$15166$auto$blifparse.cc:397:parse_blif$16688_gold ($_OR_): \register[25]_gold [7] -> \register[25] [7]
Changing input A of cell $abc$15166$auto$blifparse.cc:397:parse_blif$16691_gold ($_MUX_): \register[24]_gold [7] -> \register[24] [7]
Changing input B of cell $abc$15166$auto$blifparse.cc:397:parse_blif$16691_gold ($_MUX_): \register[28]_gold [7] -> \register[28] [7]
Changing input A of cell $abc$15166$auto$blifparse.cc:397:parse_blif$16695_gold ($_MUX_): \register[26]_gold [7] -> \register[26] [7]
Changing input B of cell $abc$15166$auto$blifparse.cc:397:parse_blif$16695_gold ($_MUX_): \register[30]_gold [7] -> \register[30] [7]
Changing input A of cell $abc$15166$auto$blifparse.cc:397:parse_blif$16697_gold ($_ORNOT_): \register[31]_gold [7] -> \register[31] [7]
Changing input B of cell $abc$15166$auto$blifparse.cc:397:parse_blif$16698_gold ($_OR_): \register[27]_gold [7] -> \register[27] [7]
Changing input A of cell $abc$15166$auto$blifparse.cc:397:parse_blif$16705_gold ($_MUX_): \register[10]_gold [7] -> \register[10] [7]
Changing input B of cell $abc$15166$auto$blifparse.cc:397:parse_blif$16705_gold ($_MUX_): \register[14]_gold [7] -> \register[14] [7]
Changing input A of cell $abc$15166$auto$blifparse.cc:397:parse_blif$16707_gold ($_ORNOT_): \register[15]_gold [7] -> \register[15] [7]
Changing input B of cell $abc$15166$auto$blifparse.cc:397:parse_blif$16708_gold ($_OR_): \register[11]_gold [7] -> \register[11] [7]
Changing input A of cell $abc$15166$auto$blifparse.cc:397:parse_blif$16713_gold ($_ORNOT_): \register[13]_gold [7] -> \register[13] [7]
Changing input B of cell $abc$15166$auto$blifparse.cc:397:parse_blif$16714_gold ($_OR_): \register[9]_gold [7] -> \register[9] [7]
Changing input A of cell $abc$15166$auto$blifparse.cc:397:parse_blif$16717_gold ($_MUX_): \register[8]_gold [7] -> \register[8] [7]
Changing input B of cell $abc$15166$auto$blifparse.cc:397:parse_blif$16717_gold ($_MUX_): \register[12]_gold [7] -> \register[12] [7]
Changing input A of cell $abc$15166$auto$blifparse.cc:397:parse_blif$16725_gold ($_MUX_): \register[8]_gold [6] -> \register[8] [6]
Changing input B of cell $abc$15166$auto$blifparse.cc:397:parse_blif$16725_gold ($_MUX_): \register[12]_gold [6] -> \register[12] [6]
Changing input A of cell $abc$15166$auto$blifparse.cc:397:parse_blif$16727_gold ($_MUX_): \register[9]_gold [6] -> \register[9] [6]
Changing input B of cell $abc$15166$auto$blifparse.cc:397:parse_blif$16727_gold ($_MUX_): \register[13]_gold [6] -> \register[13] [6]
Changing input A of cell $abc$15166$auto$blifparse.cc:397:parse_blif$16731_gold ($_MUX_): \register[10]_gold [6] -> \register[10] [6]
Changing input B of cell $abc$15166$auto$blifparse.cc:397:parse_blif$16731_gold ($_MUX_): \register[14]_gold [6] -> \register[14] [6]
Changing input A of cell $abc$15166$auto$blifparse.cc:397:parse_blif$16733_gold ($_MUX_): \register[11]_gold [6] -> \register[11] [6]
Changing input B of cell $abc$15166$auto$blifparse.cc:397:parse_blif$16733_gold ($_MUX_): \register[15]_gold [6] -> \register[15] [6]
Changing input B of cell $abc$15166$auto$blifparse.cc:397:parse_blif$16738_gold ($_OR_): \register[2]_gold [6] -> \register[2] [6]
Changing input B of cell $abc$15166$auto$blifparse.cc:397:parse_blif$16739_gold ($_ANDNOT_): \register[6]_gold [6] -> \register[6] [6]
Changing input A of cell $abc$15166$auto$blifparse.cc:397:parse_blif$16742_gold ($_ORNOT_): \register[7]_gold [6] -> \register[7] [6]
Changing input B of cell $abc$15166$auto$blifparse.cc:397:parse_blif$16743_gold ($_OR_): \register[3]_gold [6] -> \register[3] [6]
Changing input B of cell $abc$15166$auto$blifparse.cc:397:parse_blif$16747_gold ($_MUX_): \register[4]_gold [6] -> \register[4] [6]
Changing input A of cell $abc$15166$auto$blifparse.cc:397:parse_blif$16749_gold ($_ORNOT_): \register[5]_gold [6] -> \register[5] [6]
Changing input B of cell $abc$15166$auto$blifparse.cc:397:parse_blif$16750_gold ($_OR_): \register[1]_gold [6] -> \register[1] [6]
Changing input A of cell $abc$15166$auto$blifparse.cc:397:parse_blif$16756_gold ($_MUX_): \register[24]_gold [6] -> \register[24] [6]
Changing input B of cell $abc$15166$auto$blifparse.cc:397:parse_blif$16756_gold ($_MUX_): \register[28]_gold [6] -> \register[28] [6]
Changing input A of cell $abc$15166$auto$blifparse.cc:397:parse_blif$16758_gold ($_ORNOT_): \register[29]_gold [6] -> \register[29] [6]
Changing input B of cell $abc$15166$auto$blifparse.cc:397:parse_blif$16759_gold ($_OR_): \register[25]_gold [6] -> \register[25] [6]
Changing input A of cell $abc$15166$auto$blifparse.cc:397:parse_blif$16764_gold ($_ORNOT_): \register[31]_gold [6] -> \register[31] [6]
Changing input B of cell $abc$15166$auto$blifparse.cc:397:parse_blif$16765_gold ($_OR_): \register[27]_gold [6] -> \register[27] [6]
Changing input A of cell $abc$15166$auto$blifparse.cc:397:parse_blif$16768_gold ($_MUX_): \register[26]_gold [6] -> \register[26] [6]
Changing input B of cell $abc$15166$auto$blifparse.cc:397:parse_blif$16768_gold ($_MUX_): \register[30]_gold [6] -> \register[30] [6]
Changing input A of cell $abc$15166$auto$blifparse.cc:397:parse_blif$16776_gold ($_ORNOT_): \register[21]_gold [6] -> \register[21] [6]
Changing input B of cell $abc$15166$auto$blifparse.cc:397:parse_blif$16777_gold ($_OR_): \register[17]_gold [6] -> \register[17] [6]
Changing input A of cell $abc$15166$auto$blifparse.cc:397:parse_blif$16780_gold ($_MUX_): \register[16]_gold [6] -> \register[16] [6]
Changing input B of cell $abc$15166$auto$blifparse.cc:397:parse_blif$16780_gold ($_MUX_): \register[20]_gold [6] -> \register[20] [6]
Changing input A of cell $abc$15166$auto$blifparse.cc:397:parse_blif$16784_gold ($_ORNOT_): \register[23]_gold [6] -> \register[23] [6]
Changing input B of cell $abc$15166$auto$blifparse.cc:397:parse_blif$16785_gold ($_OR_): \register[19]_gold [6] -> \register[19] [6]
Changing input A of cell $abc$15166$auto$blifparse.cc:397:parse_blif$16788_gold ($_ORNOT_): \register[22]_gold [6] -> \register[22] [6]
Changing input B of cell $abc$15166$auto$blifparse.cc:397:parse_blif$16789_gold ($_NOR_): \register[18]_gold [6] -> \register[18] [6]
Changing input A of cell $abc$15166$auto$blifparse.cc:397:parse_blif$16798_gold ($_ORNOT_): \register[29]_gold [5] -> \register[29] [5]
Changing input B of cell $abc$15166$auto$blifparse.cc:397:parse_blif$16799_gold ($_OR_): \register[25]_gold [5] -> \register[25] [5]
Changing input A of cell $abc$15166$auto$blifparse.cc:397:parse_blif$16802_gold ($_MUX_): \register[24]_gold [5] -> \register[24] [5]
Changing input B of cell $abc$15166$auto$blifparse.cc:397:parse_blif$16802_gold ($_MUX_): \register[28]_gold [5] -> \register[28] [5]
Changing input A of cell $abc$15166$auto$blifparse.cc:397:parse_blif$16806_gold ($_MUX_): \register[26]_gold [5] -> \register[26] [5]
Changing input B of cell $abc$15166$auto$blifparse.cc:397:parse_blif$16806_gold ($_MUX_): \register[30]_gold [5] -> \register[30] [5]
Changing input A of cell $abc$15166$auto$blifparse.cc:397:parse_blif$16808_gold ($_ORNOT_): \register[31]_gold [5] -> \register[31] [5]
Changing input B of cell $abc$15166$auto$blifparse.cc:397:parse_blif$16809_gold ($_OR_): \register[27]_gold [5] -> \register[27] [5]
Changing input A of cell $abc$15166$auto$blifparse.cc:397:parse_blif$16816_gold ($_MUX_): \register[10]_gold [5] -> \register[10] [5]
Changing input B of cell $abc$15166$auto$blifparse.cc:397:parse_blif$16816_gold ($_MUX_): \register[14]_gold [5] -> \register[14] [5]
Changing input A of cell $abc$15166$auto$blifparse.cc:397:parse_blif$16818_gold ($_ORNOT_): \register[15]_gold [5] -> \register[15] [5]
Changing input B of cell $abc$15166$auto$blifparse.cc:397:parse_blif$16819_gold ($_OR_): \register[11]_gold [5] -> \register[11] [5]
Changing input A of cell $abc$15166$auto$blifparse.cc:397:parse_blif$16823_gold ($_ORNOT_): \register[13]_gold [5] -> \register[13] [5]
Changing input B of cell $abc$15166$auto$blifparse.cc:397:parse_blif$16824_gold ($_OR_): \register[9]_gold [5] -> \register[9] [5]
Changing input A of cell $abc$15166$auto$blifparse.cc:397:parse_blif$16827_gold ($_MUX_): \register[8]_gold [5] -> \register[8] [5]
Changing input B of cell $abc$15166$auto$blifparse.cc:397:parse_blif$16827_gold ($_MUX_): \register[12]_gold [5] -> \register[12] [5]
Changing input A of cell $abc$15166$auto$blifparse.cc:397:parse_blif$16833_gold ($_ORNOT_): \register[21]_gold [5] -> \register[21] [5]
Changing input B of cell $abc$15166$auto$blifparse.cc:397:parse_blif$16834_gold ($_OR_): \register[17]_gold [5] -> \register[17] [5]
Changing input A of cell $abc$15166$auto$blifparse.cc:397:parse_blif$16837_gold ($_MUX_): \register[16]_gold [5] -> \register[16] [5]
Changing input B of cell $abc$15166$auto$blifparse.cc:397:parse_blif$16837_gold ($_MUX_): \register[20]_gold [5] -> \register[20] [5]
Changing input A of cell $abc$15166$auto$blifparse.cc:397:parse_blif$16841_gold ($_ORNOT_): \register[23]_gold [5] -> \register[23] [5]
Changing input B of cell $abc$15166$auto$blifparse.cc:397:parse_blif$16842_gold ($_OR_): \register[19]_gold [5] -> \register[19] [5]
Changing input A of cell $abc$15166$auto$blifparse.cc:397:parse_blif$16845_gold ($_ORNOT_): \register[22]_gold [5] -> \register[22] [5]
Changing input B of cell $abc$15166$auto$blifparse.cc:397:parse_blif$16846_gold ($_NOR_): \register[18]_gold [5] -> \register[18] [5]
Changing input B of cell $abc$15166$auto$blifparse.cc:397:parse_blif$16853_gold ($_OR_): \register[2]_gold [5] -> \register[2] [5]
Changing input B of cell $abc$15166$auto$blifparse.cc:397:parse_blif$16854_gold ($_ANDNOT_): \register[6]_gold [5] -> \register[6] [5]
Changing input A of cell $abc$15166$auto$blifparse.cc:397:parse_blif$16857_gold ($_ORNOT_): \register[7]_gold [5] -> \register[7] [5]
Changing input B of cell $abc$15166$auto$blifparse.cc:397:parse_blif$16858_gold ($_OR_): \register[3]_gold [5] -> \register[3] [5]
Changing input B of cell $abc$15166$auto$blifparse.cc:397:parse_blif$16862_gold ($_MUX_): \register[4]_gold [5] -> \register[4] [5]
Changing input A of cell $abc$15166$auto$blifparse.cc:397:parse_blif$16864_gold ($_ORNOT_): \register[5]_gold [5] -> \register[5] [5]
Changing input B of cell $abc$15166$auto$blifparse.cc:397:parse_blif$16865_gold ($_OR_): \register[1]_gold [5] -> \register[1] [5]
Changing input A of cell $abc$15166$auto$blifparse.cc:397:parse_blif$16873_gold ($_ORNOT_): \register[7]_gold [4] -> \register[7] [4]
Changing input B of cell $abc$15166$auto$blifparse.cc:397:parse_blif$16874_gold ($_OR_): \register[3]_gold [4] -> \register[3] [4]
Changing input A of cell $abc$15166$auto$blifparse.cc:397:parse_blif$16877_gold ($_ORNOT_): \register[6]_gold [4] -> \register[6] [4]
Changing input B of cell $abc$15166$auto$blifparse.cc:397:parse_blif$16878_gold ($_NOR_): \register[2]_gold [4] -> \register[2] [4]
Changing input A of cell $abc$15166$auto$blifparse.cc:397:parse_blif$16882_gold ($_ORNOT_): \register[5]_gold [4] -> \register[5] [4]
Changing input B of cell $abc$15166$auto$blifparse.cc:397:parse_blif$16883_gold ($_OR_): \register[1]_gold [4] -> \register[1] [4]
Changing input B of cell $abc$15166$auto$blifparse.cc:397:parse_blif$16886_gold ($_MUX_): \register[4]_gold [4] -> \register[4] [4]
Changing input A of cell $abc$15166$auto$blifparse.cc:397:parse_blif$16890_gold ($_MUX_): \register[19]_gold [4] -> \register[19] [4]
Changing input B of cell $abc$15166$auto$blifparse.cc:397:parse_blif$16890_gold ($_MUX_): \register[23]_gold [4] -> \register[23] [4]
Changing input A of cell $abc$15166$auto$blifparse.cc:397:parse_blif$16891_gold ($_MUX_): \register[17]_gold [4] -> \register[17] [4]
Changing input B of cell $abc$15166$auto$blifparse.cc:397:parse_blif$16891_gold ($_MUX_): \register[21]_gold [4] -> \register[21] [4]
Changing input A of cell $abc$15166$auto$blifparse.cc:397:parse_blif$16893_gold ($_MUX_): \register[18]_gold [4] -> \register[18] [4]
Changing input B of cell $abc$15166$auto$blifparse.cc:397:parse_blif$16893_gold ($_MUX_): \register[22]_gold [4] -> \register[22] [4]
Changing input A of cell $abc$15166$auto$blifparse.cc:397:parse_blif$16894_gold ($_MUX_): \register[16]_gold [4] -> \register[16] [4]
Changing input B of cell $abc$15166$auto$blifparse.cc:397:parse_blif$16894_gold ($_MUX_): \register[20]_gold [4] -> \register[20] [4]
Changing input A of cell $abc$15166$auto$blifparse.cc:397:parse_blif$16898_gold ($_MUX_): \register[24]_gold [4] -> \register[24] [4]
Changing input B of cell $abc$15166$auto$blifparse.cc:397:parse_blif$16898_gold ($_MUX_): \register[28]_gold [4] -> \register[28] [4]
Changing input A of cell $abc$15166$auto$blifparse.cc:397:parse_blif$16900_gold ($_ORNOT_): \register[29]_gold [4] -> \register[29] [4]
Changing input B of cell $abc$15166$auto$blifparse.cc:397:parse_blif$16901_gold ($_OR_): \register[25]_gold [4] -> \register[25] [4]
Changing input A of cell $abc$15166$auto$blifparse.cc:397:parse_blif$16906_gold ($_ORNOT_): \register[31]_gold [4] -> \register[31] [4]
Changing input B of cell $abc$15166$auto$blifparse.cc:397:parse_blif$16907_gold ($_OR_): \register[27]_gold [4] -> \register[27] [4]
Changing input A of cell $abc$15166$auto$blifparse.cc:397:parse_blif$16910_gold ($_MUX_): \register[26]_gold [4] -> \register[26] [4]
Changing input B of cell $abc$15166$auto$blifparse.cc:397:parse_blif$16910_gold ($_MUX_): \register[30]_gold [4] -> \register[30] [4]
Changing input A of cell $abc$15166$auto$blifparse.cc:397:parse_blif$16916_gold ($_MUX_): \register[8]_gold [4] -> \register[8] [4]
Changing input B of cell $abc$15166$auto$blifparse.cc:397:parse_blif$16916_gold ($_MUX_): \register[12]_gold [4] -> \register[12] [4]
Changing input A of cell $abc$15166$auto$blifparse.cc:397:parse_blif$16918_gold ($_MUX_): \register[9]_gold [4] -> \register[9] [4]
Changing input B of cell $abc$15166$auto$blifparse.cc:397:parse_blif$16918_gold ($_MUX_): \register[13]_gold [4] -> \register[13] [4]
Changing input A of cell $abc$15166$auto$blifparse.cc:397:parse_blif$16922_gold ($_MUX_): \register[10]_gold [4] -> \register[10] [4]
Changing input B of cell $abc$15166$auto$blifparse.cc:397:parse_blif$16922_gold ($_MUX_): \register[14]_gold [4] -> \register[14] [4]
Changing input A of cell $abc$15166$auto$blifparse.cc:397:parse_blif$16924_gold ($_MUX_): \register[11]_gold [4] -> \register[11] [4]
Changing input B of cell $abc$15166$auto$blifparse.cc:397:parse_blif$16924_gold ($_MUX_): \register[15]_gold [4] -> \register[15] [4]
Changing input A of cell $abc$15166$auto$blifparse.cc:397:parse_blif$16932_gold ($_ORNOT_): \register[29]_gold [3] -> \register[29] [3]
Changing input B of cell $abc$15166$auto$blifparse.cc:397:parse_blif$16933_gold ($_OR_): \register[25]_gold [3] -> \register[25] [3]
Changing input A of cell $abc$15166$auto$blifparse.cc:397:parse_blif$16936_gold ($_MUX_): \register[24]_gold [3] -> \register[24] [3]
Changing input B of cell $abc$15166$auto$blifparse.cc:397:parse_blif$16936_gold ($_MUX_): \register[28]_gold [3] -> \register[28] [3]
Changing input A of cell $abc$15166$auto$blifparse.cc:397:parse_blif$16940_gold ($_MUX_): \register[26]_gold [3] -> \register[26] [3]
Changing input B of cell $abc$15166$auto$blifparse.cc:397:parse_blif$16940_gold ($_MUX_): \register[30]_gold [3] -> \register[30] [3]
Changing input A of cell $abc$15166$auto$blifparse.cc:397:parse_blif$16942_gold ($_ORNOT_): \register[31]_gold [3] -> \register[31] [3]
Changing input B of cell $abc$15166$auto$blifparse.cc:397:parse_blif$16943_gold ($_OR_): \register[27]_gold [3] -> \register[27] [3]
Changing input A of cell $abc$15166$auto$blifparse.cc:397:parse_blif$16950_gold ($_MUX_): \register[10]_gold [3] -> \register[10] [3]
Changing input B of cell $abc$15166$auto$blifparse.cc:397:parse_blif$16950_gold ($_MUX_): \register[14]_gold [3] -> \register[14] [3]
Changing input A of cell $abc$15166$auto$blifparse.cc:397:parse_blif$16952_gold ($_ORNOT_): \register[15]_gold [3] -> \register[15] [3]
Changing input B of cell $abc$15166$auto$blifparse.cc:397:parse_blif$16953_gold ($_OR_): \register[11]_gold [3] -> \register[11] [3]
Changing input A of cell $abc$15166$auto$blifparse.cc:397:parse_blif$16957_gold ($_ORNOT_): \register[13]_gold [3] -> \register[13] [3]
Changing input B of cell $abc$15166$auto$blifparse.cc:397:parse_blif$16958_gold ($_OR_): \register[9]_gold [3] -> \register[9] [3]
Changing input A of cell $abc$15166$auto$blifparse.cc:397:parse_blif$16961_gold ($_MUX_): \register[8]_gold [3] -> \register[8] [3]
Changing input B of cell $abc$15166$auto$blifparse.cc:397:parse_blif$16961_gold ($_MUX_): \register[12]_gold [3] -> \register[12] [3]
Changing input A of cell $abc$15166$auto$blifparse.cc:397:parse_blif$16967_gold ($_ORNOT_): \register[21]_gold [3] -> \register[21] [3]
Changing input B of cell $abc$15166$auto$blifparse.cc:397:parse_blif$16968_gold ($_OR_): \register[17]_gold [3] -> \register[17] [3]
Changing input A of cell $abc$15166$auto$blifparse.cc:397:parse_blif$16971_gold ($_MUX_): \register[16]_gold [3] -> \register[16] [3]
Changing input B of cell $abc$15166$auto$blifparse.cc:397:parse_blif$16971_gold ($_MUX_): \register[20]_gold [3] -> \register[20] [3]
Changing input A of cell $abc$15166$auto$blifparse.cc:397:parse_blif$16975_gold ($_ORNOT_): \register[23]_gold [3] -> \register[23] [3]
Changing input B of cell $abc$15166$auto$blifparse.cc:397:parse_blif$16976_gold ($_OR_): \register[19]_gold [3] -> \register[19] [3]
Changing input A of cell $abc$15166$auto$blifparse.cc:397:parse_blif$16979_gold ($_ORNOT_): \register[22]_gold [3] -> \register[22] [3]
Changing input B of cell $abc$15166$auto$blifparse.cc:397:parse_blif$16980_gold ($_NOR_): \register[18]_gold [3] -> \register[18] [3]
Changing input B of cell $abc$15166$auto$blifparse.cc:397:parse_blif$16987_gold ($_OR_): \register[2]_gold [3] -> \register[2] [3]
Changing input B of cell $abc$15166$auto$blifparse.cc:397:parse_blif$16988_gold ($_ANDNOT_): \register[6]_gold [3] -> \register[6] [3]
Changing input A of cell $abc$15166$auto$blifparse.cc:397:parse_blif$16991_gold ($_ORNOT_): \register[7]_gold [3] -> \register[7] [3]
Changing input B of cell $abc$15166$auto$blifparse.cc:397:parse_blif$16992_gold ($_OR_): \register[3]_gold [3] -> \register[3] [3]
Changing input B of cell $abc$15166$auto$blifparse.cc:397:parse_blif$16996_gold ($_MUX_): \register[4]_gold [3] -> \register[4] [3]
Changing input A of cell $abc$15166$auto$blifparse.cc:397:parse_blif$16998_gold ($_ORNOT_): \register[5]_gold [3] -> \register[5] [3]
Changing input B of cell $abc$15166$auto$blifparse.cc:397:parse_blif$16999_gold ($_OR_): \register[1]_gold [3] -> \register[1] [3]
Changing input A of cell $abc$15166$auto$blifparse.cc:397:parse_blif$17007_gold ($_ORNOT_): \register[31]_gold [2] -> \register[31] [2]
Changing input B of cell $abc$15166$auto$blifparse.cc:397:parse_blif$17008_gold ($_OR_): \register[27]_gold [2] -> \register[27] [2]
Changing input A of cell $abc$15166$auto$blifparse.cc:397:parse_blif$17011_gold ($_MUX_): \register[26]_gold [2] -> \register[26] [2]
Changing input B of cell $abc$15166$auto$blifparse.cc:397:parse_blif$17011_gold ($_MUX_): \register[30]_gold [2] -> \register[30] [2]
Changing input A of cell $abc$15166$auto$blifparse.cc:397:parse_blif$17015_gold ($_MUX_): \register[24]_gold [2] -> \register[24] [2]
Changing input B of cell $abc$15166$auto$blifparse.cc:397:parse_blif$17015_gold ($_MUX_): \register[28]_gold [2] -> \register[28] [2]
Changing input A of cell $abc$15166$auto$blifparse.cc:397:parse_blif$17017_gold ($_ORNOT_): \register[29]_gold [2] -> \register[29] [2]
Changing input B of cell $abc$15166$auto$blifparse.cc:397:parse_blif$17018_gold ($_OR_): \register[25]_gold [2] -> \register[25] [2]
Changing input A of cell $abc$15166$auto$blifparse.cc:397:parse_blif$17025_gold ($_MUX_): \register[8]_gold [2] -> \register[8] [2]
Changing input B of cell $abc$15166$auto$blifparse.cc:397:parse_blif$17025_gold ($_MUX_): \register[12]_gold [2] -> \register[12] [2]
Changing input A of cell $abc$15166$auto$blifparse.cc:397:parse_blif$17027_gold ($_MUX_): \register[9]_gold [2] -> \register[9] [2]
Changing input B of cell $abc$15166$auto$blifparse.cc:397:parse_blif$17027_gold ($_MUX_): \register[13]_gold [2] -> \register[13] [2]
Changing input A of cell $abc$15166$auto$blifparse.cc:397:parse_blif$17031_gold ($_MUX_): \register[10]_gold [2] -> \register[10] [2]
Changing input B of cell $abc$15166$auto$blifparse.cc:397:parse_blif$17031_gold ($_MUX_): \register[14]_gold [2] -> \register[14] [2]
Changing input A of cell $abc$15166$auto$blifparse.cc:397:parse_blif$17033_gold ($_MUX_): \register[11]_gold [2] -> \register[11] [2]
Changing input B of cell $abc$15166$auto$blifparse.cc:397:parse_blif$17033_gold ($_MUX_): \register[15]_gold [2] -> \register[15] [2]
Changing input A of cell $abc$15166$auto$blifparse.cc:397:parse_blif$17040_gold ($_MUX_): \register[18]_gold [2] -> \register[18] [2]
Changing input B of cell $abc$15166$auto$blifparse.cc:397:parse_blif$17040_gold ($_MUX_): \register[22]_gold [2] -> \register[22] [2]
Changing input A of cell $abc$15166$auto$blifparse.cc:397:parse_blif$17042_gold ($_MUX_): \register[19]_gold [2] -> \register[19] [2]
Changing input B of cell $abc$15166$auto$blifparse.cc:397:parse_blif$17042_gold ($_MUX_): \register[23]_gold [2] -> \register[23] [2]
Changing input A of cell $abc$15166$auto$blifparse.cc:397:parse_blif$17046_gold ($_MUX_): \register[16]_gold [2] -> \register[16] [2]
Changing input B of cell $abc$15166$auto$blifparse.cc:397:parse_blif$17046_gold ($_MUX_): \register[20]_gold [2] -> \register[20] [2]
Changing input A of cell $abc$15166$auto$blifparse.cc:397:parse_blif$17047_gold ($_MUX_): \register[17]_gold [2] -> \register[17] [2]
Changing input B of cell $abc$15166$auto$blifparse.cc:397:parse_blif$17047_gold ($_MUX_): \register[21]_gold [2] -> \register[21] [2]
Changing input B of cell $abc$15166$auto$blifparse.cc:397:parse_blif$17051_gold ($_MUX_): \register[4]_gold [2] -> \register[4] [2]
Changing input A of cell $abc$15166$auto$blifparse.cc:397:parse_blif$17053_gold ($_MUX_): \register[1]_gold [2] -> \register[1] [2]
Changing input B of cell $abc$15166$auto$blifparse.cc:397:parse_blif$17053_gold ($_MUX_): \register[5]_gold [2] -> \register[5] [2]
Changing input A of cell $abc$15166$auto$blifparse.cc:397:parse_blif$17057_gold ($_MUX_): \register[3]_gold [2] -> \register[3] [2]
Changing input B of cell $abc$15166$auto$blifparse.cc:397:parse_blif$17057_gold ($_MUX_): \register[7]_gold [2] -> \register[7] [2]
Changing input A of cell $abc$15166$auto$blifparse.cc:397:parse_blif$17059_gold ($_MUX_): \register[2]_gold [2] -> \register[2] [2]
Changing input B of cell $abc$15166$auto$blifparse.cc:397:parse_blif$17059_gold ($_MUX_): \register[6]_gold [2] -> \register[6] [2]
Changing input A of cell $abc$15166$auto$blifparse.cc:397:parse_blif$17066_gold ($_NAND_): \register[29]_gold [1] -> \register[29] [1]
Changing input B of cell $abc$15166$auto$blifparse.cc:397:parse_blif$17067_gold ($_ORNOT_): \register[25]_gold [1] -> \register[25] [1]
Changing input A of cell $abc$15166$auto$blifparse.cc:397:parse_blif$17070_gold ($_NAND_): \register[28]_gold [1] -> \register[28] [1]
Changing input A of cell $abc$15166$auto$blifparse.cc:397:parse_blif$17071_gold ($_ANDNOT_): \register[24]_gold [1] -> \register[24] [1]
Changing input B of cell $abc$15166$auto$blifparse.cc:397:parse_blif$17076_gold ($_ORNOT_): \register[27]_gold [1] -> \register[27] [1]
Changing input A of cell $abc$15166$auto$blifparse.cc:397:parse_blif$17077_gold ($_NAND_): \register[31]_gold [1] -> \register[31] [1]
Changing input B of cell $abc$15166$auto$blifparse.cc:397:parse_blif$17080_gold ($_ORNOT_): \register[26]_gold [1] -> \register[26] [1]
Changing input A of cell $abc$15166$auto$blifparse.cc:397:parse_blif$17081_gold ($_AND_): \register[30]_gold [1] -> \register[30] [1]
Changing input A of cell $abc$15166$auto$blifparse.cc:397:parse_blif$17087_gold ($_MUX_): \register[18]_gold [1] -> \register[18] [1]
Changing input B of cell $abc$15166$auto$blifparse.cc:397:parse_blif$17087_gold ($_MUX_): \register[22]_gold [1] -> \register[22] [1]
Changing input A of cell $abc$15166$auto$blifparse.cc:397:parse_blif$17088_gold ($_MUX_): \register[19]_gold [1] -> \register[19] [1]
Changing input B of cell $abc$15166$auto$blifparse.cc:397:parse_blif$17088_gold ($_MUX_): \register[23]_gold [1] -> \register[23] [1]
Changing input A of cell $abc$15166$auto$blifparse.cc:397:parse_blif$17090_gold ($_MUX_): \register[17]_gold [1] -> \register[17] [1]
Changing input B of cell $abc$15166$auto$blifparse.cc:397:parse_blif$17090_gold ($_MUX_): \register[21]_gold [1] -> \register[21] [1]
Changing input A of cell $abc$15166$auto$blifparse.cc:397:parse_blif$17091_gold ($_MUX_): \register[16]_gold [1] -> \register[16] [1]
Changing input B of cell $abc$15166$auto$blifparse.cc:397:parse_blif$17091_gold ($_MUX_): \register[20]_gold [1] -> \register[20] [1]
Changing input A of cell $abc$15166$auto$blifparse.cc:397:parse_blif$17095_gold ($_MUX_): \register[10]_gold [1] -> \register[10] [1]
Changing input B of cell $abc$15166$auto$blifparse.cc:397:parse_blif$17095_gold ($_MUX_): \register[14]_gold [1] -> \register[14] [1]
Changing input A of cell $abc$15166$auto$blifparse.cc:397:parse_blif$17097_gold ($_ORNOT_): \register[15]_gold [1] -> \register[15] [1]
Changing input B of cell $abc$15166$auto$blifparse.cc:397:parse_blif$17098_gold ($_OR_): \register[11]_gold [1] -> \register[11] [1]
Changing input A of cell $abc$15166$auto$blifparse.cc:397:parse_blif$17102_gold ($_ORNOT_): \register[13]_gold [1] -> \register[13] [1]
Changing input B of cell $abc$15166$auto$blifparse.cc:397:parse_blif$17103_gold ($_OR_): \register[9]_gold [1] -> \register[9] [1]
Changing input A of cell $abc$15166$auto$blifparse.cc:397:parse_blif$17106_gold ($_MUX_): \register[8]_gold [1] -> \register[8] [1]
Changing input B of cell $abc$15166$auto$blifparse.cc:397:parse_blif$17106_gold ($_MUX_): \register[12]_gold [1] -> \register[12] [1]
Changing input A of cell $abc$15166$auto$blifparse.cc:397:parse_blif$17110_gold ($_MUX_): \register[3]_gold [1] -> \register[3] [1]
Changing input B of cell $abc$15166$auto$blifparse.cc:397:parse_blif$17110_gold ($_MUX_): \register[7]_gold [1] -> \register[7] [1]
Changing input A of cell $abc$15166$auto$blifparse.cc:397:parse_blif$17111_gold ($_MUX_): \register[2]_gold [1] -> \register[2] [1]
Changing input B of cell $abc$15166$auto$blifparse.cc:397:parse_blif$17111_gold ($_MUX_): \register[6]_gold [1] -> \register[6] [1]
Changing input A of cell $abc$15166$auto$blifparse.cc:397:parse_blif$17113_gold ($_MUX_): \register[1]_gold [1] -> \register[1] [1]
Changing input B of cell $abc$15166$auto$blifparse.cc:397:parse_blif$17113_gold ($_MUX_): \register[5]_gold [1] -> \register[5] [1]
Changing input B of cell $abc$15166$auto$blifparse.cc:397:parse_blif$17114_gold ($_MUX_): \register[4]_gold [1] -> \register[4] [1]
Changing input A of cell $abc$15166$auto$blifparse.cc:397:parse_blif$17119_gold ($_MUX_): \register[10]_gold [0] -> \register[10] [0]
Changing input B of cell $abc$15166$auto$blifparse.cc:397:parse_blif$17119_gold ($_MUX_): \register[14]_gold [0] -> \register[14] [0]
Changing input A of cell $abc$15166$auto$blifparse.cc:397:parse_blif$17121_gold ($_MUX_): \register[11]_gold [0] -> \register[11] [0]
Changing input B of cell $abc$15166$auto$blifparse.cc:397:parse_blif$17121_gold ($_MUX_): \register[15]_gold [0] -> \register[15] [0]
Changing input A of cell $abc$15166$auto$blifparse.cc:397:parse_blif$17125_gold ($_NAND_): \register[31]_gold [0] -> \register[31] [0]
Changing input B of cell $abc$15166$auto$blifparse.cc:397:parse_blif$17126_gold ($_ORNOT_): \register[27]_gold [0] -> \register[27] [0]
Changing input A of cell $abc$15166$auto$blifparse.cc:397:parse_blif$17129_gold ($_NAND_): \register[30]_gold [0] -> \register[30] [0]
Changing input A of cell $abc$15166$auto$blifparse.cc:397:parse_blif$17130_gold ($_ANDNOT_): \register[26]_gold [0] -> \register[26] [0]
Changing input A of cell $abc$15166$auto$blifparse.cc:397:parse_blif$17136_gold ($_MUX_): \register[25]_gold [0] -> \register[25] [0]
Changing input B of cell $abc$15166$auto$blifparse.cc:397:parse_blif$17136_gold ($_MUX_): \register[29]_gold [0] -> \register[29] [0]
Changing input A of cell $abc$15166$auto$blifparse.cc:397:parse_blif$17137_gold ($_MUX_): \register[24]_gold [0] -> \register[24] [0]
Changing input B of cell $abc$15166$auto$blifparse.cc:397:parse_blif$17137_gold ($_MUX_): \register[28]_gold [0] -> \register[28] [0]
Changing input A of cell $abc$15166$auto$blifparse.cc:397:parse_blif$17139_gold ($_MUX_): \register[8]_gold [0] -> \register[8] [0]
Changing input B of cell $abc$15166$auto$blifparse.cc:397:parse_blif$17139_gold ($_MUX_): \register[12]_gold [0] -> \register[12] [0]
Changing input A of cell $abc$15166$auto$blifparse.cc:397:parse_blif$17141_gold ($_ORNOT_): \register[13]_gold [0] -> \register[13] [0]
Changing input B of cell $abc$15166$auto$blifparse.cc:397:parse_blif$17142_gold ($_OR_): \register[9]_gold [0] -> \register[9] [0]
Changing input A of cell $abc$15166$auto$blifparse.cc:397:parse_blif$17148_gold ($_MUX_): \register[2]_gold [0] -> \register[2] [0]
Changing input B of cell $abc$15166$auto$blifparse.cc:397:parse_blif$17148_gold ($_MUX_): \register[6]_gold [0] -> \register[6] [0]
Changing input A of cell $abc$15166$auto$blifparse.cc:397:parse_blif$17150_gold ($_MUX_): \register[3]_gold [0] -> \register[3] [0]
Changing input B of cell $abc$15166$auto$blifparse.cc:397:parse_blif$17150_gold ($_MUX_): \register[7]_gold [0] -> \register[7] [0]
Changing input B of cell $abc$15166$auto$blifparse.cc:397:parse_blif$17154_gold ($_NAND_): \register[23]_gold [0] -> \register[23] [0]
Changing input B of cell $abc$15166$auto$blifparse.cc:397:parse_blif$17155_gold ($_ORNOT_): \register[19]_gold [0] -> \register[19] [0]
Changing input B of cell $abc$15166$auto$blifparse.cc:397:parse_blif$17158_gold ($_ORNOT_): \register[18]_gold [0] -> \register[18] [0]
Changing input B of cell $abc$15166$auto$blifparse.cc:397:parse_blif$17159_gold ($_AND_): \register[22]_gold [0] -> \register[22] [0]
Changing input A of cell $abc$15166$auto$blifparse.cc:397:parse_blif$17165_gold ($_MUX_): \register[17]_gold [0] -> \register[17] [0]
Changing input B of cell $abc$15166$auto$blifparse.cc:397:parse_blif$17165_gold ($_MUX_): \register[21]_gold [0] -> \register[21] [0]
Changing input A of cell $abc$15166$auto$blifparse.cc:397:parse_blif$17166_gold ($_MUX_): \register[16]_gold [0] -> \register[16] [0]
Changing input B of cell $abc$15166$auto$blifparse.cc:397:parse_blif$17166_gold ($_MUX_): \register[20]_gold [0] -> \register[20] [0]
Changing input B of cell $abc$15166$auto$blifparse.cc:397:parse_blif$17168_gold ($_MUX_): \register[4]_gold [0] -> \register[4] [0]
Changing input A of cell $abc$15166$auto$blifparse.cc:397:parse_blif$17169_gold ($_MUX_): \register[1]_gold [0] -> \register[1] [0]
Changing input B of cell $abc$15166$auto$blifparse.cc:397:parse_blif$17169_gold ($_MUX_): \register[5]_gold [0] -> \register[5] [0]
Changing input B of cell $abc$15166$auto$blifparse.cc:397:parse_blif$17174_gold ($_NAND_): \register[23]_gold [30] -> \register[23] [30]
Changing input B of cell $abc$15166$auto$blifparse.cc:397:parse_blif$17175_gold ($_ORNOT_): \register[19]_gold [30] -> \register[19] [30]
Changing input B of cell $abc$15166$auto$blifparse.cc:397:parse_blif$17178_gold ($_NAND_): \register[22]_gold [30] -> \register[22] [30]
Changing input A of cell $abc$15166$auto$blifparse.cc:397:parse_blif$17179_gold ($_ANDNOT_): \register[18]_gold [30] -> \register[18] [30]
Changing input A of cell $abc$15166$auto$blifparse.cc:397:parse_blif$17184_gold ($_NAND_): \register[31]_gold [30] -> \register[31] [30]
Changing input B of cell $abc$15166$auto$blifparse.cc:397:parse_blif$17185_gold ($_ORNOT_): \register[27]_gold [30] -> \register[27] [30]
Changing input B of cell $abc$15166$auto$blifparse.cc:397:parse_blif$17188_gold ($_ORNOT_): \register[26]_gold [30] -> \register[26] [30]
Changing input A of cell $abc$15166$auto$blifparse.cc:397:parse_blif$17189_gold ($_AND_): \register[30]_gold [30] -> \register[30] [30]
Changing input A of cell $abc$15166$auto$blifparse.cc:397:parse_blif$17195_gold ($_MUX_): \register[25]_gold [30] -> \register[25] [30]
Changing input B of cell $abc$15166$auto$blifparse.cc:397:parse_blif$17195_gold ($_MUX_): \register[29]_gold [30] -> \register[29] [30]
Changing input A of cell $abc$15166$auto$blifparse.cc:397:parse_blif$17196_gold ($_MUX_): \register[24]_gold [30] -> \register[24] [30]
Changing input B of cell $abc$15166$auto$blifparse.cc:397:parse_blif$17196_gold ($_MUX_): \register[28]_gold [30] -> \register[28] [30]
Changing input A of cell $abc$15166$auto$blifparse.cc:397:parse_blif$17198_gold ($_MUX_): \register[17]_gold [30] -> \register[17] [30]
Changing input B of cell $abc$15166$auto$blifparse.cc:397:parse_blif$17198_gold ($_MUX_): \register[21]_gold [30] -> \register[21] [30]
Changing input A of cell $abc$15166$auto$blifparse.cc:397:parse_blif$17199_gold ($_MUX_): \register[16]_gold [30] -> \register[16] [30]
Changing input B of cell $abc$15166$auto$blifparse.cc:397:parse_blif$17199_gold ($_MUX_): \register[20]_gold [30] -> \register[20] [30]
Changing input A of cell $abc$15166$auto$blifparse.cc:397:parse_blif$17203_gold ($_MUX_): \register[2]_gold [30] -> \register[2] [30]
Changing input B of cell $abc$15166$auto$blifparse.cc:397:parse_blif$17203_gold ($_MUX_): \register[6]_gold [30] -> \register[6] [30]
Changing input A of cell $abc$15166$auto$blifparse.cc:397:parse_blif$17205_gold ($_MUX_): \register[3]_gold [30] -> \register[3] [30]
Changing input B of cell $abc$15166$auto$blifparse.cc:397:parse_blif$17205_gold ($_MUX_): \register[7]_gold [30] -> \register[7] [30]
Changing input A of cell $abc$15166$auto$blifparse.cc:397:parse_blif$17209_gold ($_MUX_): \register[10]_gold [30] -> \register[10] [30]
Changing input B of cell $abc$15166$auto$blifparse.cc:397:parse_blif$17209_gold ($_MUX_): \register[14]_gold [30] -> \register[14] [30]
Changing input A of cell $abc$15166$auto$blifparse.cc:397:parse_blif$17211_gold ($_MUX_): \register[11]_gold [30] -> \register[11] [30]
Changing input B of cell $abc$15166$auto$blifparse.cc:397:parse_blif$17211_gold ($_MUX_): \register[15]_gold [30] -> \register[15] [30]
Changing input A of cell $abc$15166$auto$blifparse.cc:397:parse_blif$17216_gold ($_MUX_): \register[8]_gold [30] -> \register[8] [30]
Changing input B of cell $abc$15166$auto$blifparse.cc:397:parse_blif$17216_gold ($_MUX_): \register[12]_gold [30] -> \register[12] [30]
Changing input A of cell $abc$15166$auto$blifparse.cc:397:parse_blif$17217_gold ($_MUX_): \register[9]_gold [30] -> \register[9] [30]
Changing input B of cell $abc$15166$auto$blifparse.cc:397:parse_blif$17217_gold ($_MUX_): \register[13]_gold [30] -> \register[13] [30]
Changing input A of cell $abc$15166$auto$blifparse.cc:397:parse_blif$17219_gold ($_MUX_): \register[1]_gold [30] -> \register[1] [30]
Changing input B of cell $abc$15166$auto$blifparse.cc:397:parse_blif$17219_gold ($_MUX_): \register[5]_gold [30] -> \register[5] [30]
Changing input B of cell $abc$15166$auto$blifparse.cc:397:parse_blif$17220_gold ($_MUX_): \register[4]_gold [30] -> \register[4] [30]
Changing input A of cell $abc$15166$auto$blifparse.cc:397:parse_blif$17225_gold ($_MUX_): \register[8]_gold [29] -> \register[8] [29]
Changing input B of cell $abc$15166$auto$blifparse.cc:397:parse_blif$17225_gold ($_MUX_): \register[9]_gold [29] -> \register[9] [29]
Changing input A of cell $abc$15166$auto$blifparse.cc:397:parse_blif$17227_gold ($_MUX_): \register[12]_gold [29] -> \register[12] [29]
Changing input B of cell $abc$15166$auto$blifparse.cc:397:parse_blif$17227_gold ($_MUX_): \register[13]_gold [29] -> \register[13] [29]
Changing input A of cell $abc$15166$auto$blifparse.cc:397:parse_blif$17231_gold ($_MUX_): \register[10]_gold [29] -> \register[10] [29]
Changing input B of cell $abc$15166$auto$blifparse.cc:397:parse_blif$17231_gold ($_MUX_): \register[11]_gold [29] -> \register[11] [29]
Changing input A of cell $abc$15166$auto$blifparse.cc:397:parse_blif$17233_gold ($_MUX_): \register[14]_gold [29] -> \register[14] [29]
Changing input B of cell $abc$15166$auto$blifparse.cc:397:parse_blif$17233_gold ($_MUX_): \register[15]_gold [29] -> \register[15] [29]
Changing input A of cell $abc$15166$auto$blifparse.cc:397:parse_blif$17238_gold ($_MUX_): \register[2]_gold [29] -> \register[2] [29]
Changing input B of cell $abc$15166$auto$blifparse.cc:397:parse_blif$17238_gold ($_MUX_): \register[6]_gold [29] -> \register[6] [29]
Changing input A of cell $abc$15166$auto$blifparse.cc:397:parse_blif$17240_gold ($_ORNOT_): \register[7]_gold [29] -> \register[7] [29]
Changing input B of cell $abc$15166$auto$blifparse.cc:397:parse_blif$17241_gold ($_OR_): \register[3]_gold [29] -> \register[3] [29]
Changing input B of cell $abc$15166$auto$blifparse.cc:397:parse_blif$17244_gold ($_MUX_): \register[4]_gold [29] -> \register[4] [29]
Changing input A of cell $abc$15166$auto$blifparse.cc:397:parse_blif$17246_gold ($_ORNOT_): \register[5]_gold [29] -> \register[5] [29]
Changing input B of cell $abc$15166$auto$blifparse.cc:397:parse_blif$17247_gold ($_OR_): \register[1]_gold [29] -> \register[1] [29]
Changing input A of cell $abc$15166$auto$blifparse.cc:397:parse_blif$17251_gold ($_MUX_): \register[24]_gold [29] -> \register[24] [29]
Changing input B of cell $abc$15166$auto$blifparse.cc:397:parse_blif$17251_gold ($_MUX_): \register[28]_gold [29] -> \register[28] [29]
Changing input A of cell $abc$15166$auto$blifparse.cc:397:parse_blif$17253_gold ($_ORNOT_): \register[29]_gold [29] -> \register[29] [29]
Changing input B of cell $abc$15166$auto$blifparse.cc:397:parse_blif$17254_gold ($_OR_): \register[25]_gold [29] -> \register[25] [29]
Changing input A of cell $abc$15166$auto$blifparse.cc:397:parse_blif$17259_gold ($_ORNOT_): \register[31]_gold [29] -> \register[31] [29]
Changing input B of cell $abc$15166$auto$blifparse.cc:397:parse_blif$17260_gold ($_OR_): \register[27]_gold [29] -> \register[27] [29]
Changing input A of cell $abc$15166$auto$blifparse.cc:397:parse_blif$17263_gold ($_MUX_): \register[26]_gold [29] -> \register[26] [29]
Changing input B of cell $abc$15166$auto$blifparse.cc:397:parse_blif$17263_gold ($_MUX_): \register[30]_gold [29] -> \register[30] [29]
Changing input A of cell $abc$15166$auto$blifparse.cc:397:parse_blif$17276_gold ($_ORNOT_): \register[21]_gold [29] -> \register[21] [29]
Changing input B of cell $abc$15166$auto$blifparse.cc:397:parse_blif$17277_gold ($_OR_): \register[17]_gold [29] -> \register[17] [29]
Changing input A of cell $abc$15166$auto$blifparse.cc:397:parse_blif$17280_gold ($_MUX_): \register[16]_gold [29] -> \register[16] [29]
Changing input B of cell $abc$15166$auto$blifparse.cc:397:parse_blif$17280_gold ($_MUX_): \register[20]_gold [29] -> \register[20] [29]
Changing input A of cell $abc$15166$auto$blifparse.cc:397:parse_blif$17284_gold ($_ORNOT_): \register[23]_gold [29] -> \register[23] [29]
Changing input B of cell $abc$15166$auto$blifparse.cc:397:parse_blif$17285_gold ($_OR_): \register[19]_gold [29] -> \register[19] [29]
Changing input A of cell $abc$15166$auto$blifparse.cc:397:parse_blif$17288_gold ($_MUX_): \register[18]_gold [29] -> \register[18] [29]
Changing input B of cell $abc$15166$auto$blifparse.cc:397:parse_blif$17288_gold ($_MUX_): \register[22]_gold [29] -> \register[22] [29]
Changing input A of cell $abc$15166$auto$blifparse.cc:397:parse_blif$17296_gold ($_MUX_): \register[30]_gold [28] -> \register[30] [28]
Changing input B of cell $abc$15166$auto$blifparse.cc:397:parse_blif$17296_gold ($_MUX_): \register[31]_gold [28] -> \register[31] [28]
Changing input A of cell $abc$15166$auto$blifparse.cc:397:parse_blif$17297_gold ($_MUX_): \register[26]_gold [28] -> \register[26] [28]
Changing input B of cell $abc$15166$auto$blifparse.cc:397:parse_blif$17297_gold ($_MUX_): \register[27]_gold [28] -> \register[27] [28]
Changing input A of cell $abc$15166$auto$blifparse.cc:397:parse_blif$17299_gold ($_MUX_): \register[28]_gold [28] -> \register[28] [28]
Changing input B of cell $abc$15166$auto$blifparse.cc:397:parse_blif$17299_gold ($_MUX_): \register[29]_gold [28] -> \register[29] [28]
Changing input A of cell $abc$15166$auto$blifparse.cc:397:parse_blif$17300_gold ($_MUX_): \register[24]_gold [28] -> \register[24] [28]
Changing input B of cell $abc$15166$auto$blifparse.cc:397:parse_blif$17300_gold ($_MUX_): \register[25]_gold [28] -> \register[25] [28]
Changing input A of cell $abc$15166$auto$blifparse.cc:397:parse_blif$17303_gold ($_MUX_): \register[10]_gold [28] -> \register[10] [28]
Changing input B of cell $abc$15166$auto$blifparse.cc:397:parse_blif$17303_gold ($_MUX_): \register[14]_gold [28] -> \register[14] [28]
Changing input A of cell $abc$15166$auto$blifparse.cc:397:parse_blif$17305_gold ($_ORNOT_): \register[15]_gold [28] -> \register[15] [28]
Changing input B of cell $abc$15166$auto$blifparse.cc:397:parse_blif$17306_gold ($_OR_): \register[11]_gold [28] -> \register[11] [28]
Changing input A of cell $abc$15166$auto$blifparse.cc:397:parse_blif$17310_gold ($_ORNOT_): \register[13]_gold [28] -> \register[13] [28]
Changing input B of cell $abc$15166$auto$blifparse.cc:397:parse_blif$17311_gold ($_OR_): \register[9]_gold [28] -> \register[9] [28]
Changing input A of cell $abc$15166$auto$blifparse.cc:397:parse_blif$17314_gold ($_MUX_): \register[8]_gold [28] -> \register[8] [28]
Changing input B of cell $abc$15166$auto$blifparse.cc:397:parse_blif$17314_gold ($_MUX_): \register[12]_gold [28] -> \register[12] [28]
Changing input A of cell $abc$15166$auto$blifparse.cc:397:parse_blif$17319_gold ($_ORNOT_): \register[21]_gold [28] -> \register[21] [28]
Changing input B of cell $abc$15166$auto$blifparse.cc:397:parse_blif$17320_gold ($_OR_): \register[17]_gold [28] -> \register[17] [28]
Changing input A of cell $abc$15166$auto$blifparse.cc:397:parse_blif$17323_gold ($_MUX_): \register[16]_gold [28] -> \register[16] [28]
Changing input B of cell $abc$15166$auto$blifparse.cc:397:parse_blif$17323_gold ($_MUX_): \register[20]_gold [28] -> \register[20] [28]
Changing input A of cell $abc$15166$auto$blifparse.cc:397:parse_blif$17327_gold ($_ORNOT_): \register[23]_gold [28] -> \register[23] [28]
Changing input B of cell $abc$15166$auto$blifparse.cc:397:parse_blif$17328_gold ($_OR_): \register[19]_gold [28] -> \register[19] [28]
Changing input A of cell $abc$15166$auto$blifparse.cc:397:parse_blif$17331_gold ($_MUX_): \register[18]_gold [28] -> \register[18] [28]
Changing input B of cell $abc$15166$auto$blifparse.cc:397:parse_blif$17331_gold ($_MUX_): \register[22]_gold [28] -> \register[22] [28]
Changing input A of cell $abc$15166$auto$blifparse.cc:397:parse_blif$17337_gold ($_MUX_): \register[2]_gold [28] -> \register[2] [28]
Changing input B of cell $abc$15166$auto$blifparse.cc:397:parse_blif$17337_gold ($_MUX_): \register[6]_gold [28] -> \register[6] [28]
Changing input A of cell $abc$15166$auto$blifparse.cc:397:parse_blif$17339_gold ($_ORNOT_): \register[7]_gold [28] -> \register[7] [28]
Changing input B of cell $abc$15166$auto$blifparse.cc:397:parse_blif$17340_gold ($_OR_): \register[3]_gold [28] -> \register[3] [28]
Changing input B of cell $abc$15166$auto$blifparse.cc:397:parse_blif$17344_gold ($_MUX_): \register[4]_gold [28] -> \register[4] [28]
Changing input A of cell $abc$15166$auto$blifparse.cc:397:parse_blif$17346_gold ($_ORNOT_): \register[5]_gold [28] -> \register[5] [28]
Changing input B of cell $abc$15166$auto$blifparse.cc:397:parse_blif$17347_gold ($_OR_): \register[1]_gold [28] -> \register[1] [28]
Changing input A of cell $abc$15166$auto$blifparse.cc:397:parse_blif$17355_gold ($_MUX_): \register[30]_gold [27] -> \register[30] [27]
Changing input B of cell $abc$15166$auto$blifparse.cc:397:parse_blif$17355_gold ($_MUX_): \register[31]_gold [27] -> \register[31] [27]
Changing input A of cell $abc$15166$auto$blifparse.cc:397:parse_blif$17356_gold ($_MUX_): \register[26]_gold [27] -> \register[26] [27]
Changing input B of cell $abc$15166$auto$blifparse.cc:397:parse_blif$17356_gold ($_MUX_): \register[27]_gold [27] -> \register[27] [27]
Changing input A of cell $abc$15166$auto$blifparse.cc:397:parse_blif$17358_gold ($_MUX_): \register[28]_gold [27] -> \register[28] [27]
Changing input B of cell $abc$15166$auto$blifparse.cc:397:parse_blif$17358_gold ($_MUX_): \register[29]_gold [27] -> \register[29] [27]
Changing input A of cell $abc$15166$auto$blifparse.cc:397:parse_blif$17359_gold ($_MUX_): \register[24]_gold [27] -> \register[24] [27]
Changing input B of cell $abc$15166$auto$blifparse.cc:397:parse_blif$17359_gold ($_MUX_): \register[25]_gold [27] -> \register[25] [27]
Changing input A of cell $abc$15166$auto$blifparse.cc:397:parse_blif$17362_gold ($_MUX_): \register[10]_gold [27] -> \register[10] [27]
Changing input B of cell $abc$15166$auto$blifparse.cc:397:parse_blif$17362_gold ($_MUX_): \register[14]_gold [27] -> \register[14] [27]
Changing input A of cell $abc$15166$auto$blifparse.cc:397:parse_blif$17364_gold ($_ORNOT_): \register[15]_gold [27] -> \register[15] [27]
Changing input B of cell $abc$15166$auto$blifparse.cc:397:parse_blif$17365_gold ($_OR_): \register[11]_gold [27] -> \register[11] [27]
Changing input A of cell $abc$15166$auto$blifparse.cc:397:parse_blif$17369_gold ($_ORNOT_): \register[13]_gold [27] -> \register[13] [27]
Changing input B of cell $abc$15166$auto$blifparse.cc:397:parse_blif$17370_gold ($_OR_): \register[9]_gold [27] -> \register[9] [27]
Changing input A of cell $abc$15166$auto$blifparse.cc:397:parse_blif$17373_gold ($_MUX_): \register[8]_gold [27] -> \register[8] [27]
Changing input B of cell $abc$15166$auto$blifparse.cc:397:parse_blif$17373_gold ($_MUX_): \register[12]_gold [27] -> \register[12] [27]
Changing input A of cell $abc$15166$auto$blifparse.cc:397:parse_blif$17378_gold ($_ORNOT_): \register[7]_gold [27] -> \register[7] [27]
Changing input B of cell $abc$15166$auto$blifparse.cc:397:parse_blif$17379_gold ($_OR_): \register[3]_gold [27] -> \register[3] [27]
Changing input A of cell $abc$15166$auto$blifparse.cc:397:parse_blif$17382_gold ($_MUX_): \register[2]_gold [27] -> \register[2] [27]
Changing input B of cell $abc$15166$auto$blifparse.cc:397:parse_blif$17382_gold ($_MUX_): \register[6]_gold [27] -> \register[6] [27]
Changing input A of cell $abc$15166$auto$blifparse.cc:397:parse_blif$17386_gold ($_ORNOT_): \register[5]_gold [27] -> \register[5] [27]
Changing input B of cell $abc$15166$auto$blifparse.cc:397:parse_blif$17387_gold ($_OR_): \register[1]_gold [27] -> \register[1] [27]
Changing input B of cell $abc$15166$auto$blifparse.cc:397:parse_blif$17390_gold ($_MUX_): \register[4]_gold [27] -> \register[4] [27]
Changing input A of cell $abc$15166$auto$blifparse.cc:397:parse_blif$17396_gold ($_MUX_): \register[22]_gold [27] -> \register[22] [27]
Changing input B of cell $abc$15166$auto$blifparse.cc:397:parse_blif$17396_gold ($_MUX_): \register[23]_gold [27] -> \register[23] [27]
Changing input A of cell $abc$15166$auto$blifparse.cc:397:parse_blif$17397_gold ($_MUX_): \register[18]_gold [27] -> \register[18] [27]
Changing input B of cell $abc$15166$auto$blifparse.cc:397:parse_blif$17397_gold ($_MUX_): \register[19]_gold [27] -> \register[19] [27]
Changing input A of cell $abc$15166$auto$blifparse.cc:397:parse_blif$17399_gold ($_MUX_): \register[20]_gold [27] -> \register[20] [27]
Changing input B of cell $abc$15166$auto$blifparse.cc:397:parse_blif$17399_gold ($_MUX_): \register[21]_gold [27] -> \register[21] [27]
Changing input A of cell $abc$15166$auto$blifparse.cc:397:parse_blif$17400_gold ($_MUX_): \register[16]_gold [27] -> \register[16] [27]
Changing input B of cell $abc$15166$auto$blifparse.cc:397:parse_blif$17400_gold ($_MUX_): \register[17]_gold [27] -> \register[17] [27]
Changing input A of cell $abc$15166$auto$blifparse.cc:397:parse_blif$17406_gold ($_MUX_): \register[30]_gold [26] -> \register[30] [26]
Changing input B of cell $abc$15166$auto$blifparse.cc:397:parse_blif$17406_gold ($_MUX_): \register[31]_gold [26] -> \register[31] [26]
Changing input A of cell $abc$15166$auto$blifparse.cc:397:parse_blif$17407_gold ($_MUX_): \register[26]_gold [26] -> \register[26] [26]
Changing input B of cell $abc$15166$auto$blifparse.cc:397:parse_blif$17407_gold ($_MUX_): \register[27]_gold [26] -> \register[27] [26]
Changing input A of cell $abc$15166$auto$blifparse.cc:397:parse_blif$17409_gold ($_MUX_): \register[28]_gold [26] -> \register[28] [26]
Changing input B of cell $abc$15166$auto$blifparse.cc:397:parse_blif$17409_gold ($_MUX_): \register[29]_gold [26] -> \register[29] [26]
Changing input A of cell $abc$15166$auto$blifparse.cc:397:parse_blif$17410_gold ($_MUX_): \register[24]_gold [26] -> \register[24] [26]
Changing input B of cell $abc$15166$auto$blifparse.cc:397:parse_blif$17410_gold ($_MUX_): \register[25]_gold [26] -> \register[25] [26]
Changing input A of cell $abc$15166$auto$blifparse.cc:397:parse_blif$17413_gold ($_MUX_): \register[10]_gold [26] -> \register[10] [26]
Changing input B of cell $abc$15166$auto$blifparse.cc:397:parse_blif$17413_gold ($_MUX_): \register[14]_gold [26] -> \register[14] [26]
Changing input A of cell $abc$15166$auto$blifparse.cc:397:parse_blif$17415_gold ($_ORNOT_): \register[15]_gold [26] -> \register[15] [26]
Changing input B of cell $abc$15166$auto$blifparse.cc:397:parse_blif$17416_gold ($_OR_): \register[11]_gold [26] -> \register[11] [26]
Changing input A of cell $abc$15166$auto$blifparse.cc:397:parse_blif$17420_gold ($_ORNOT_): \register[13]_gold [26] -> \register[13] [26]
Changing input B of cell $abc$15166$auto$blifparse.cc:397:parse_blif$17421_gold ($_OR_): \register[9]_gold [26] -> \register[9] [26]
Changing input A of cell $abc$15166$auto$blifparse.cc:397:parse_blif$17424_gold ($_MUX_): \register[8]_gold [26] -> \register[8] [26]
Changing input B of cell $abc$15166$auto$blifparse.cc:397:parse_blif$17424_gold ($_MUX_): \register[12]_gold [26] -> \register[12] [26]
Changing input A of cell $abc$15166$auto$blifparse.cc:397:parse_blif$17429_gold ($_ORNOT_): \register[21]_gold [26] -> \register[21] [26]
Changing input B of cell $abc$15166$auto$blifparse.cc:397:parse_blif$17430_gold ($_OR_): \register[17]_gold [26] -> \register[17] [26]
Changing input A of cell $abc$15166$auto$blifparse.cc:397:parse_blif$17433_gold ($_MUX_): \register[16]_gold [26] -> \register[16] [26]
Changing input B of cell $abc$15166$auto$blifparse.cc:397:parse_blif$17433_gold ($_MUX_): \register[20]_gold [26] -> \register[20] [26]
Changing input A of cell $abc$15166$auto$blifparse.cc:397:parse_blif$17437_gold ($_ORNOT_): \register[23]_gold [26] -> \register[23] [26]
Changing input B of cell $abc$15166$auto$blifparse.cc:397:parse_blif$17438_gold ($_OR_): \register[19]_gold [26] -> \register[19] [26]
Changing input A of cell $abc$15166$auto$blifparse.cc:397:parse_blif$17441_gold ($_MUX_): \register[18]_gold [26] -> \register[18] [26]
Changing input B of cell $abc$15166$auto$blifparse.cc:397:parse_blif$17441_gold ($_MUX_): \register[22]_gold [26] -> \register[22] [26]
Changing input A of cell $abc$15166$auto$blifparse.cc:397:parse_blif$17447_gold ($_MUX_): \register[2]_gold [26] -> \register[2] [26]
Changing input B of cell $abc$15166$auto$blifparse.cc:397:parse_blif$17447_gold ($_MUX_): \register[6]_gold [26] -> \register[6] [26]
Changing input A of cell $abc$15166$auto$blifparse.cc:397:parse_blif$17449_gold ($_ORNOT_): \register[7]_gold [26] -> \register[7] [26]
Changing input B of cell $abc$15166$auto$blifparse.cc:397:parse_blif$17450_gold ($_OR_): \register[3]_gold [26] -> \register[3] [26]
Changing input B of cell $abc$15166$auto$blifparse.cc:397:parse_blif$17454_gold ($_MUX_): \register[4]_gold [26] -> \register[4] [26]
Changing input A of cell $abc$15166$auto$blifparse.cc:397:parse_blif$17456_gold ($_ORNOT_): \register[5]_gold [26] -> \register[5] [26]
Changing input B of cell $abc$15166$auto$blifparse.cc:397:parse_blif$17457_gold ($_OR_): \register[1]_gold [26] -> \register[1] [26]
Changing input A of cell $abc$15166$auto$blifparse.cc:397:parse_blif$17465_gold ($_MUX_): \register[8]_gold [25] -> \register[8] [25]
Changing input B of cell $abc$15166$auto$blifparse.cc:397:parse_blif$17465_gold ($_MUX_): \register[9]_gold [25] -> \register[9] [25]
Changing input A of cell $abc$15166$auto$blifparse.cc:397:parse_blif$17467_gold ($_MUX_): \register[12]_gold [25] -> \register[12] [25]
Changing input B of cell $abc$15166$auto$blifparse.cc:397:parse_blif$17467_gold ($_MUX_): \register[13]_gold [25] -> \register[13] [25]
Changing input A of cell $abc$15166$auto$blifparse.cc:397:parse_blif$17471_gold ($_MUX_): \register[10]_gold [25] -> \register[10] [25]
Changing input B of cell $abc$15166$auto$blifparse.cc:397:parse_blif$17471_gold ($_MUX_): \register[11]_gold [25] -> \register[11] [25]
Changing input A of cell $abc$15166$auto$blifparse.cc:397:parse_blif$17473_gold ($_MUX_): \register[14]_gold [25] -> \register[14] [25]
Changing input B of cell $abc$15166$auto$blifparse.cc:397:parse_blif$17473_gold ($_MUX_): \register[15]_gold [25] -> \register[15] [25]
Changing input A of cell $abc$15166$auto$blifparse.cc:397:parse_blif$17478_gold ($_MUX_): \register[2]_gold [25] -> \register[2] [25]
Changing input B of cell $abc$15166$auto$blifparse.cc:397:parse_blif$17478_gold ($_MUX_): \register[6]_gold [25] -> \register[6] [25]
Changing input A of cell $abc$15166$auto$blifparse.cc:397:parse_blif$17480_gold ($_ORNOT_): \register[7]_gold [25] -> \register[7] [25]
Changing input B of cell $abc$15166$auto$blifparse.cc:397:parse_blif$17481_gold ($_OR_): \register[3]_gold [25] -> \register[3] [25]
Changing input B of cell $abc$15166$auto$blifparse.cc:397:parse_blif$17485_gold ($_MUX_): \register[4]_gold [25] -> \register[4] [25]
Changing input A of cell $abc$15166$auto$blifparse.cc:397:parse_blif$17487_gold ($_ORNOT_): \register[5]_gold [25] -> \register[5] [25]
Changing input B of cell $abc$15166$auto$blifparse.cc:397:parse_blif$17488_gold ($_OR_): \register[1]_gold [25] -> \register[1] [25]
Changing input A of cell $abc$15166$auto$blifparse.cc:397:parse_blif$17494_gold ($_MUX_): \register[24]_gold [25] -> \register[24] [25]
Changing input B of cell $abc$15166$auto$blifparse.cc:397:parse_blif$17494_gold ($_MUX_): \register[28]_gold [25] -> \register[28] [25]
Changing input A of cell $abc$15166$auto$blifparse.cc:397:parse_blif$17496_gold ($_ORNOT_): \register[29]_gold [25] -> \register[29] [25]
Changing input B of cell $abc$15166$auto$blifparse.cc:397:parse_blif$17497_gold ($_OR_): \register[25]_gold [25] -> \register[25] [25]
Changing input A of cell $abc$15166$auto$blifparse.cc:397:parse_blif$17502_gold ($_ORNOT_): \register[31]_gold [25] -> \register[31] [25]
Changing input B of cell $abc$15166$auto$blifparse.cc:397:parse_blif$17503_gold ($_OR_): \register[27]_gold [25] -> \register[27] [25]
Changing input A of cell $abc$15166$auto$blifparse.cc:397:parse_blif$17506_gold ($_MUX_): \register[26]_gold [25] -> \register[26] [25]
Changing input B of cell $abc$15166$auto$blifparse.cc:397:parse_blif$17506_gold ($_MUX_): \register[30]_gold [25] -> \register[30] [25]
Changing input A of cell $abc$15166$auto$blifparse.cc:397:parse_blif$17514_gold ($_ORNOT_): \register[21]_gold [25] -> \register[21] [25]
Changing input B of cell $abc$15166$auto$blifparse.cc:397:parse_blif$17515_gold ($_OR_): \register[17]_gold [25] -> \register[17] [25]
Changing input A of cell $abc$15166$auto$blifparse.cc:397:parse_blif$17518_gold ($_MUX_): \register[16]_gold [25] -> \register[16] [25]
Changing input B of cell $abc$15166$auto$blifparse.cc:397:parse_blif$17518_gold ($_MUX_): \register[20]_gold [25] -> \register[20] [25]
Changing input A of cell $abc$15166$auto$blifparse.cc:397:parse_blif$17522_gold ($_ORNOT_): \register[23]_gold [25] -> \register[23] [25]
Changing input B of cell $abc$15166$auto$blifparse.cc:397:parse_blif$17523_gold ($_OR_): \register[19]_gold [25] -> \register[19] [25]
Changing input A of cell $abc$15166$auto$blifparse.cc:397:parse_blif$17526_gold ($_MUX_): \register[18]_gold [25] -> \register[18] [25]
Changing input B of cell $abc$15166$auto$blifparse.cc:397:parse_blif$17526_gold ($_MUX_): \register[22]_gold [25] -> \register[22] [25]
Changing input A of cell $abc$15166$auto$blifparse.cc:397:parse_blif$17534_gold ($_MUX_): \register[30]_gold [24] -> \register[30] [24]
Changing input B of cell $abc$15166$auto$blifparse.cc:397:parse_blif$17534_gold ($_MUX_): \register[31]_gold [24] -> \register[31] [24]
Changing input A of cell $abc$15166$auto$blifparse.cc:397:parse_blif$17535_gold ($_MUX_): \register[26]_gold [24] -> \register[26] [24]
Changing input B of cell $abc$15166$auto$blifparse.cc:397:parse_blif$17535_gold ($_MUX_): \register[27]_gold [24] -> \register[27] [24]
Changing input A of cell $abc$15166$auto$blifparse.cc:397:parse_blif$17537_gold ($_MUX_): \register[28]_gold [24] -> \register[28] [24]
Changing input B of cell $abc$15166$auto$blifparse.cc:397:parse_blif$17537_gold ($_MUX_): \register[29]_gold [24] -> \register[29] [24]
Changing input A of cell $abc$15166$auto$blifparse.cc:397:parse_blif$17538_gold ($_MUX_): \register[24]_gold [24] -> \register[24] [24]
Changing input B of cell $abc$15166$auto$blifparse.cc:397:parse_blif$17538_gold ($_MUX_): \register[25]_gold [24] -> \register[25] [24]
Changing input A of cell $abc$15166$auto$blifparse.cc:397:parse_blif$17542_gold ($_MUX_): \register[10]_gold [24] -> \register[10] [24]
Changing input B of cell $abc$15166$auto$blifparse.cc:397:parse_blif$17542_gold ($_MUX_): \register[14]_gold [24] -> \register[14] [24]
Changing input A of cell $abc$15166$auto$blifparse.cc:397:parse_blif$17544_gold ($_ORNOT_): \register[15]_gold [24] -> \register[15] [24]
Changing input B of cell $abc$15166$auto$blifparse.cc:397:parse_blif$17545_gold ($_OR_): \register[11]_gold [24] -> \register[11] [24]
Changing input A of cell $abc$15166$auto$blifparse.cc:397:parse_blif$17550_gold ($_ORNOT_): \register[13]_gold [24] -> \register[13] [24]
Changing input B of cell $abc$15166$auto$blifparse.cc:397:parse_blif$17551_gold ($_OR_): \register[9]_gold [24] -> \register[9] [24]
Changing input A of cell $abc$15166$auto$blifparse.cc:397:parse_blif$17554_gold ($_MUX_): \register[8]_gold [24] -> \register[8] [24]
Changing input B of cell $abc$15166$auto$blifparse.cc:397:parse_blif$17554_gold ($_MUX_): \register[12]_gold [24] -> \register[12] [24]
Changing input A of cell $abc$15166$auto$blifparse.cc:397:parse_blif$17561_gold ($_ORNOT_): \register[7]_gold [24] -> \register[7] [24]
Changing input B of cell $abc$15166$auto$blifparse.cc:397:parse_blif$17562_gold ($_OR_): \register[3]_gold [24] -> \register[3] [24]
Changing input A of cell $abc$15166$auto$blifparse.cc:397:parse_blif$17565_gold ($_MUX_): \register[2]_gold [24] -> \register[2] [24]
Changing input B of cell $abc$15166$auto$blifparse.cc:397:parse_blif$17565_gold ($_MUX_): \register[6]_gold [24] -> \register[6] [24]
Changing input A of cell $abc$15166$auto$blifparse.cc:397:parse_blif$17569_gold ($_ORNOT_): \register[5]_gold [24] -> \register[5] [24]
Changing input B of cell $abc$15166$auto$blifparse.cc:397:parse_blif$17570_gold ($_OR_): \register[1]_gold [24] -> \register[1] [24]
Changing input B of cell $abc$15166$auto$blifparse.cc:397:parse_blif$17573_gold ($_MUX_): \register[4]_gold [24] -> \register[4] [24]
Changing input A of cell $abc$15166$auto$blifparse.cc:397:parse_blif$17579_gold ($_MUX_): \register[22]_gold [24] -> \register[22] [24]
Changing input B of cell $abc$15166$auto$blifparse.cc:397:parse_blif$17579_gold ($_MUX_): \register[23]_gold [24] -> \register[23] [24]
Changing input A of cell $abc$15166$auto$blifparse.cc:397:parse_blif$17580_gold ($_MUX_): \register[18]_gold [24] -> \register[18] [24]
Changing input B of cell $abc$15166$auto$blifparse.cc:397:parse_blif$17580_gold ($_MUX_): \register[19]_gold [24] -> \register[19] [24]
Changing input A of cell $abc$15166$auto$blifparse.cc:397:parse_blif$17582_gold ($_MUX_): \register[20]_gold [24] -> \register[20] [24]
Changing input B of cell $abc$15166$auto$blifparse.cc:397:parse_blif$17582_gold ($_MUX_): \register[21]_gold [24] -> \register[21] [24]
Changing input A of cell $abc$15166$auto$blifparse.cc:397:parse_blif$17583_gold ($_MUX_): \register[16]_gold [24] -> \register[16] [24]
Changing input B of cell $abc$15166$auto$blifparse.cc:397:parse_blif$17583_gold ($_MUX_): \register[17]_gold [24] -> \register[17] [24]
Changing input A of cell $abc$15166$auto$blifparse.cc:397:parse_blif$17589_gold ($_MUX_): \register[30]_gold [23] -> \register[30] [23]
Changing input B of cell $abc$15166$auto$blifparse.cc:397:parse_blif$17589_gold ($_MUX_): \register[31]_gold [23] -> \register[31] [23]
Changing input A of cell $abc$15166$auto$blifparse.cc:397:parse_blif$17590_gold ($_MUX_): \register[26]_gold [23] -> \register[26] [23]
Changing input B of cell $abc$15166$auto$blifparse.cc:397:parse_blif$17590_gold ($_MUX_): \register[27]_gold [23] -> \register[27] [23]
Changing input A of cell $abc$15166$auto$blifparse.cc:397:parse_blif$17592_gold ($_MUX_): \register[28]_gold [23] -> \register[28] [23]
Changing input B of cell $abc$15166$auto$blifparse.cc:397:parse_blif$17592_gold ($_MUX_): \register[29]_gold [23] -> \register[29] [23]
Changing input A of cell $abc$15166$auto$blifparse.cc:397:parse_blif$17593_gold ($_MUX_): \register[24]_gold [23] -> \register[24] [23]
Changing input B of cell $abc$15166$auto$blifparse.cc:397:parse_blif$17593_gold ($_MUX_): \register[25]_gold [23] -> \register[25] [23]
Changing input A of cell $abc$15166$auto$blifparse.cc:397:parse_blif$17597_gold ($_MUX_): \register[10]_gold [23] -> \register[10] [23]
Changing input B of cell $abc$15166$auto$blifparse.cc:397:parse_blif$17597_gold ($_MUX_): \register[14]_gold [23] -> \register[14] [23]
Changing input A of cell $abc$15166$auto$blifparse.cc:397:parse_blif$17599_gold ($_ORNOT_): \register[15]_gold [23] -> \register[15] [23]
Changing input B of cell $abc$15166$auto$blifparse.cc:397:parse_blif$17600_gold ($_OR_): \register[11]_gold [23] -> \register[11] [23]
Changing input A of cell $abc$15166$auto$blifparse.cc:397:parse_blif$17605_gold ($_ORNOT_): \register[13]_gold [23] -> \register[13] [23]
Changing input B of cell $abc$15166$auto$blifparse.cc:397:parse_blif$17606_gold ($_OR_): \register[9]_gold [23] -> \register[9] [23]
Changing input A of cell $abc$15166$auto$blifparse.cc:397:parse_blif$17609_gold ($_MUX_): \register[8]_gold [23] -> \register[8] [23]
Changing input B of cell $abc$15166$auto$blifparse.cc:397:parse_blif$17609_gold ($_MUX_): \register[12]_gold [23] -> \register[12] [23]
Changing input A of cell $abc$15166$auto$blifparse.cc:397:parse_blif$17616_gold ($_ORNOT_): \register[21]_gold [23] -> \register[21] [23]
Changing input B of cell $abc$15166$auto$blifparse.cc:397:parse_blif$17617_gold ($_OR_): \register[17]_gold [23] -> \register[17] [23]
Changing input A of cell $abc$15166$auto$blifparse.cc:397:parse_blif$17620_gold ($_MUX_): \register[16]_gold [23] -> \register[16] [23]
Changing input B of cell $abc$15166$auto$blifparse.cc:397:parse_blif$17620_gold ($_MUX_): \register[20]_gold [23] -> \register[20] [23]
Changing input A of cell $abc$15166$auto$blifparse.cc:397:parse_blif$17624_gold ($_ORNOT_): \register[23]_gold [23] -> \register[23] [23]
Changing input B of cell $abc$15166$auto$blifparse.cc:397:parse_blif$17625_gold ($_OR_): \register[19]_gold [23] -> \register[19] [23]
Changing input A of cell $abc$15166$auto$blifparse.cc:397:parse_blif$17628_gold ($_MUX_): \register[18]_gold [23] -> \register[18] [23]
Changing input B of cell $abc$15166$auto$blifparse.cc:397:parse_blif$17628_gold ($_MUX_): \register[22]_gold [23] -> \register[22] [23]
Changing input A of cell $abc$15166$auto$blifparse.cc:397:parse_blif$17634_gold ($_MUX_): \register[2]_gold [23] -> \register[2] [23]
Changing input B of cell $abc$15166$auto$blifparse.cc:397:parse_blif$17634_gold ($_MUX_): \register[6]_gold [23] -> \register[6] [23]
Changing input A of cell $abc$15166$auto$blifparse.cc:397:parse_blif$17636_gold ($_ORNOT_): \register[7]_gold [23] -> \register[7] [23]
Changing input B of cell $abc$15166$auto$blifparse.cc:397:parse_blif$17637_gold ($_OR_): \register[3]_gold [23] -> \register[3] [23]
Changing input B of cell $abc$15166$auto$blifparse.cc:397:parse_blif$17641_gold ($_MUX_): \register[4]_gold [23] -> \register[4] [23]
Changing input A of cell $abc$15166$auto$blifparse.cc:397:parse_blif$17643_gold ($_ORNOT_): \register[5]_gold [23] -> \register[5] [23]
Changing input B of cell $abc$15166$auto$blifparse.cc:397:parse_blif$17644_gold ($_OR_): \register[1]_gold [23] -> \register[1] [23]
Changing input A of cell $abc$15166$auto$blifparse.cc:397:parse_blif$17652_gold ($_MUX_): \register[30]_gold [22] -> \register[30] [22]
Changing input B of cell $abc$15166$auto$blifparse.cc:397:parse_blif$17652_gold ($_MUX_): \register[31]_gold [22] -> \register[31] [22]
Changing input A of cell $abc$15166$auto$blifparse.cc:397:parse_blif$17653_gold ($_MUX_): \register[26]_gold [22] -> \register[26] [22]
Changing input B of cell $abc$15166$auto$blifparse.cc:397:parse_blif$17653_gold ($_MUX_): \register[27]_gold [22] -> \register[27] [22]
Changing input A of cell $abc$15166$auto$blifparse.cc:397:parse_blif$17655_gold ($_MUX_): \register[28]_gold [22] -> \register[28] [22]
Changing input B of cell $abc$15166$auto$blifparse.cc:397:parse_blif$17655_gold ($_MUX_): \register[29]_gold [22] -> \register[29] [22]
Changing input A of cell $abc$15166$auto$blifparse.cc:397:parse_blif$17656_gold ($_MUX_): \register[24]_gold [22] -> \register[24] [22]
Changing input B of cell $abc$15166$auto$blifparse.cc:397:parse_blif$17656_gold ($_MUX_): \register[25]_gold [22] -> \register[25] [22]
Changing input A of cell $abc$15166$auto$blifparse.cc:397:parse_blif$17659_gold ($_MUX_): \register[10]_gold [22] -> \register[10] [22]
Changing input B of cell $abc$15166$auto$blifparse.cc:397:parse_blif$17659_gold ($_MUX_): \register[14]_gold [22] -> \register[14] [22]
Changing input A of cell $abc$15166$auto$blifparse.cc:397:parse_blif$17661_gold ($_ORNOT_): \register[15]_gold [22] -> \register[15] [22]
Changing input B of cell $abc$15166$auto$blifparse.cc:397:parse_blif$17662_gold ($_OR_): \register[11]_gold [22] -> \register[11] [22]
Changing input A of cell $abc$15166$auto$blifparse.cc:397:parse_blif$17666_gold ($_ORNOT_): \register[13]_gold [22] -> \register[13] [22]
Changing input B of cell $abc$15166$auto$blifparse.cc:397:parse_blif$17667_gold ($_OR_): \register[9]_gold [22] -> \register[9] [22]
Changing input A of cell $abc$15166$auto$blifparse.cc:397:parse_blif$17670_gold ($_MUX_): \register[8]_gold [22] -> \register[8] [22]
Changing input B of cell $abc$15166$auto$blifparse.cc:397:parse_blif$17670_gold ($_MUX_): \register[12]_gold [22] -> \register[12] [22]
Changing input B of cell $abc$15166$auto$blifparse.cc:397:parse_blif$17675_gold ($_NAND_): \register[21]_gold [22] -> \register[21] [22]
Changing input B of cell $abc$15166$auto$blifparse.cc:397:parse_blif$17676_gold ($_ORNOT_): \register[20]_gold [22] -> \register[20] [22]
Changing input B of cell $abc$15166$auto$blifparse.cc:397:parse_blif$17679_gold ($_NAND_): \register[17]_gold [22] -> \register[17] [22]
Changing input A of cell $abc$15166$auto$blifparse.cc:397:parse_blif$17680_gold ($_ANDNOT_): \register[16]_gold [22] -> \register[16] [22]
Changing input B of cell $abc$15166$auto$blifparse.cc:397:parse_blif$17685_gold ($_NAND_): \register[23]_gold [22] -> \register[23] [22]
Changing input B of cell $abc$15166$auto$blifparse.cc:397:parse_blif$17686_gold ($_ORNOT_): \register[22]_gold [22] -> \register[22] [22]
Changing input B of cell $abc$15166$auto$blifparse.cc:397:parse_blif$17689_gold ($_NAND_): \register[19]_gold [22] -> \register[19] [22]
Changing input A of cell $abc$15166$auto$blifparse.cc:397:parse_blif$17690_gold ($_ANDNOT_): \register[18]_gold [22] -> \register[18] [22]
Changing input A of cell $abc$15166$auto$blifparse.cc:397:parse_blif$17696_gold ($_ORNOT_): \register[7]_gold [22] -> \register[7] [22]
Changing input B of cell $abc$15166$auto$blifparse.cc:397:parse_blif$17697_gold ($_OR_): \register[3]_gold [22] -> \register[3] [22]
Changing input A of cell $abc$15166$auto$blifparse.cc:397:parse_blif$17700_gold ($_MUX_): \register[2]_gold [22] -> \register[2] [22]
Changing input B of cell $abc$15166$auto$blifparse.cc:397:parse_blif$17700_gold ($_MUX_): \register[6]_gold [22] -> \register[6] [22]
Changing input A of cell $abc$15166$auto$blifparse.cc:397:parse_blif$17703_gold ($_ORNOT_): \register[5]_gold [22] -> \register[5] [22]
Changing input B of cell $abc$15166$auto$blifparse.cc:397:parse_blif$17704_gold ($_OR_): \register[1]_gold [22] -> \register[1] [22]
Changing input B of cell $abc$15166$auto$blifparse.cc:397:parse_blif$17707_gold ($_MUX_): \register[4]_gold [22] -> \register[4] [22]
Changing input A of cell $abc$15166$auto$blifparse.cc:397:parse_blif$17713_gold ($_MUX_): \register[30]_gold [21] -> \register[30] [21]
Changing input B of cell $abc$15166$auto$blifparse.cc:397:parse_blif$17713_gold ($_MUX_): \register[31]_gold [21] -> \register[31] [21]
Changing input A of cell $abc$15166$auto$blifparse.cc:397:parse_blif$17714_gold ($_MUX_): \register[26]_gold [21] -> \register[26] [21]
Changing input B of cell $abc$15166$auto$blifparse.cc:397:parse_blif$17714_gold ($_MUX_): \register[27]_gold [21] -> \register[27] [21]
Changing input A of cell $abc$15166$auto$blifparse.cc:397:parse_blif$17716_gold ($_MUX_): \register[28]_gold [21] -> \register[28] [21]
Changing input B of cell $abc$15166$auto$blifparse.cc:397:parse_blif$17716_gold ($_MUX_): \register[29]_gold [21] -> \register[29] [21]
Changing input A of cell $abc$15166$auto$blifparse.cc:397:parse_blif$17717_gold ($_MUX_): \register[24]_gold [21] -> \register[24] [21]
Changing input B of cell $abc$15166$auto$blifparse.cc:397:parse_blif$17717_gold ($_MUX_): \register[25]_gold [21] -> \register[25] [21]
Changing input A of cell $abc$15166$auto$blifparse.cc:397:parse_blif$17720_gold ($_MUX_): \register[10]_gold [21] -> \register[10] [21]
Changing input B of cell $abc$15166$auto$blifparse.cc:397:parse_blif$17720_gold ($_MUX_): \register[14]_gold [21] -> \register[14] [21]
Changing input A of cell $abc$15166$auto$blifparse.cc:397:parse_blif$17722_gold ($_ORNOT_): \register[15]_gold [21] -> \register[15] [21]
Changing input B of cell $abc$15166$auto$blifparse.cc:397:parse_blif$17723_gold ($_OR_): \register[11]_gold [21] -> \register[11] [21]
Changing input A of cell $abc$15166$auto$blifparse.cc:397:parse_blif$17727_gold ($_ORNOT_): \register[13]_gold [21] -> \register[13] [21]
Changing input B of cell $abc$15166$auto$blifparse.cc:397:parse_blif$17728_gold ($_OR_): \register[9]_gold [21] -> \register[9] [21]
Changing input A of cell $abc$15166$auto$blifparse.cc:397:parse_blif$17731_gold ($_MUX_): \register[8]_gold [21] -> \register[8] [21]
Changing input B of cell $abc$15166$auto$blifparse.cc:397:parse_blif$17731_gold ($_MUX_): \register[12]_gold [21] -> \register[12] [21]
Changing input A of cell $abc$15166$auto$blifparse.cc:397:parse_blif$17736_gold ($_ORNOT_): \register[21]_gold [21] -> \register[21] [21]
Changing input B of cell $abc$15166$auto$blifparse.cc:397:parse_blif$17737_gold ($_OR_): \register[17]_gold [21] -> \register[17] [21]
Changing input A of cell $abc$15166$auto$blifparse.cc:397:parse_blif$17740_gold ($_MUX_): \register[16]_gold [21] -> \register[16] [21]
Changing input B of cell $abc$15166$auto$blifparse.cc:397:parse_blif$17740_gold ($_MUX_): \register[20]_gold [21] -> \register[20] [21]
Changing input A of cell $abc$15166$auto$blifparse.cc:397:parse_blif$17744_gold ($_ORNOT_): \register[23]_gold [21] -> \register[23] [21]
Changing input B of cell $abc$15166$auto$blifparse.cc:397:parse_blif$17745_gold ($_OR_): \register[19]_gold [21] -> \register[19] [21]
Changing input A of cell $abc$15166$auto$blifparse.cc:397:parse_blif$17748_gold ($_MUX_): \register[18]_gold [21] -> \register[18] [21]
Changing input B of cell $abc$15166$auto$blifparse.cc:397:parse_blif$17748_gold ($_MUX_): \register[22]_gold [21] -> \register[22] [21]
Changing input A of cell $abc$15166$auto$blifparse.cc:397:parse_blif$17754_gold ($_MUX_): \register[2]_gold [21] -> \register[2] [21]
Changing input B of cell $abc$15166$auto$blifparse.cc:397:parse_blif$17754_gold ($_MUX_): \register[6]_gold [21] -> \register[6] [21]
Changing input A of cell $abc$15166$auto$blifparse.cc:397:parse_blif$17756_gold ($_ORNOT_): \register[7]_gold [21] -> \register[7] [21]
Changing input B of cell $abc$15166$auto$blifparse.cc:397:parse_blif$17757_gold ($_OR_): \register[3]_gold [21] -> \register[3] [21]
Changing input B of cell $abc$15166$auto$blifparse.cc:397:parse_blif$17761_gold ($_MUX_): \register[4]_gold [21] -> \register[4] [21]
Changing input A of cell $abc$15166$auto$blifparse.cc:397:parse_blif$17763_gold ($_ORNOT_): \register[5]_gold [21] -> \register[5] [21]
Changing input B of cell $abc$15166$auto$blifparse.cc:397:parse_blif$17764_gold ($_OR_): \register[1]_gold [21] -> \register[1] [21]
Changing input B of cell $abc$15166$auto$blifparse.cc:397:parse_blif$17772_gold ($_NAND_): \register[23]_gold [20] -> \register[23] [20]
Changing input B of cell $abc$15166$auto$blifparse.cc:397:parse_blif$17773_gold ($_ORNOT_): \register[19]_gold [20] -> \register[19] [20]
Changing input B of cell $abc$15166$auto$blifparse.cc:397:parse_blif$17776_gold ($_NAND_): \register[22]_gold [20] -> \register[22] [20]
Changing input A of cell $abc$15166$auto$blifparse.cc:397:parse_blif$17777_gold ($_ANDNOT_): \register[18]_gold [20] -> \register[18] [20]
Changing input A of cell $abc$15166$auto$blifparse.cc:397:parse_blif$17782_gold ($_NAND_): \register[31]_gold [20] -> \register[31] [20]
Changing input B of cell $abc$15166$auto$blifparse.cc:397:parse_blif$17783_gold ($_ORNOT_): \register[27]_gold [20] -> \register[27] [20]
Changing input B of cell $abc$15166$auto$blifparse.cc:397:parse_blif$17786_gold ($_ORNOT_): \register[26]_gold [20] -> \register[26] [20]
Changing input A of cell $abc$15166$auto$blifparse.cc:397:parse_blif$17787_gold ($_AND_): \register[30]_gold [20] -> \register[30] [20]
Changing input A of cell $abc$15166$auto$blifparse.cc:397:parse_blif$17793_gold ($_MUX_): \register[25]_gold [20] -> \register[25] [20]
Changing input B of cell $abc$15166$auto$blifparse.cc:397:parse_blif$17793_gold ($_MUX_): \register[29]_gold [20] -> \register[29] [20]
Changing input A of cell $abc$15166$auto$blifparse.cc:397:parse_blif$17794_gold ($_MUX_): \register[24]_gold [20] -> \register[24] [20]
Changing input B of cell $abc$15166$auto$blifparse.cc:397:parse_blif$17794_gold ($_MUX_): \register[28]_gold [20] -> \register[28] [20]
Changing input A of cell $abc$15166$auto$blifparse.cc:397:parse_blif$17796_gold ($_MUX_): \register[17]_gold [20] -> \register[17] [20]
Changing input B of cell $abc$15166$auto$blifparse.cc:397:parse_blif$17796_gold ($_MUX_): \register[21]_gold [20] -> \register[21] [20]
Changing input A of cell $abc$15166$auto$blifparse.cc:397:parse_blif$17797_gold ($_MUX_): \register[16]_gold [20] -> \register[16] [20]
Changing input B of cell $abc$15166$auto$blifparse.cc:397:parse_blif$17797_gold ($_MUX_): \register[20]_gold [20] -> \register[20] [20]
Changing input A of cell $abc$15166$auto$blifparse.cc:397:parse_blif$17801_gold ($_MUX_): \register[2]_gold [20] -> \register[2] [20]
Changing input B of cell $abc$15166$auto$blifparse.cc:397:parse_blif$17801_gold ($_MUX_): \register[6]_gold [20] -> \register[6] [20]
Changing input A of cell $abc$15166$auto$blifparse.cc:397:parse_blif$17803_gold ($_MUX_): \register[3]_gold [20] -> \register[3] [20]
Changing input B of cell $abc$15166$auto$blifparse.cc:397:parse_blif$17803_gold ($_MUX_): \register[7]_gold [20] -> \register[7] [20]
Changing input A of cell $abc$15166$auto$blifparse.cc:397:parse_blif$17807_gold ($_MUX_): \register[10]_gold [20] -> \register[10] [20]
Changing input B of cell $abc$15166$auto$blifparse.cc:397:parse_blif$17807_gold ($_MUX_): \register[14]_gold [20] -> \register[14] [20]
Changing input A of cell $abc$15166$auto$blifparse.cc:397:parse_blif$17809_gold ($_MUX_): \register[11]_gold [20] -> \register[11] [20]
Changing input B of cell $abc$15166$auto$blifparse.cc:397:parse_blif$17809_gold ($_MUX_): \register[15]_gold [20] -> \register[15] [20]
Changing input A of cell $abc$15166$auto$blifparse.cc:397:parse_blif$17814_gold ($_MUX_): \register[8]_gold [20] -> \register[8] [20]
Changing input B of cell $abc$15166$auto$blifparse.cc:397:parse_blif$17814_gold ($_MUX_): \register[12]_gold [20] -> \register[12] [20]
Changing input A of cell $abc$15166$auto$blifparse.cc:397:parse_blif$17815_gold ($_MUX_): \register[9]_gold [20] -> \register[9] [20]
Changing input B of cell $abc$15166$auto$blifparse.cc:397:parse_blif$17815_gold ($_MUX_): \register[13]_gold [20] -> \register[13] [20]
Changing input A of cell $abc$15166$auto$blifparse.cc:397:parse_blif$17817_gold ($_MUX_): \register[1]_gold [20] -> \register[1] [20]
Changing input B of cell $abc$15166$auto$blifparse.cc:397:parse_blif$17817_gold ($_MUX_): \register[5]_gold [20] -> \register[5] [20]
Changing input B of cell $abc$15166$auto$blifparse.cc:397:parse_blif$17818_gold ($_MUX_): \register[4]_gold [20] -> \register[4] [20]
Changing input A of cell $abc$15166$auto$blifparse.cc:397:parse_blif$17823_gold ($_MUX_): \register[8]_gold [19] -> \register[8] [19]
Changing input B of cell $abc$15166$auto$blifparse.cc:397:parse_blif$17823_gold ($_MUX_): \register[9]_gold [19] -> \register[9] [19]
Changing input A of cell $abc$15166$auto$blifparse.cc:397:parse_blif$17825_gold ($_MUX_): \register[12]_gold [19] -> \register[12] [19]
Changing input B of cell $abc$15166$auto$blifparse.cc:397:parse_blif$17825_gold ($_MUX_): \register[13]_gold [19] -> \register[13] [19]
Changing input A of cell $abc$15166$auto$blifparse.cc:397:parse_blif$17829_gold ($_MUX_): \register[10]_gold [19] -> \register[10] [19]
Changing input B of cell $abc$15166$auto$blifparse.cc:397:parse_blif$17829_gold ($_MUX_): \register[11]_gold [19] -> \register[11] [19]
Changing input A of cell $abc$15166$auto$blifparse.cc:397:parse_blif$17831_gold ($_MUX_): \register[14]_gold [19] -> \register[14] [19]
Changing input B of cell $abc$15166$auto$blifparse.cc:397:parse_blif$17831_gold ($_MUX_): \register[15]_gold [19] -> \register[15] [19]
Changing input A of cell $abc$15166$auto$blifparse.cc:397:parse_blif$17836_gold ($_MUX_): \register[2]_gold [19] -> \register[2] [19]
Changing input B of cell $abc$15166$auto$blifparse.cc:397:parse_blif$17836_gold ($_MUX_): \register[6]_gold [19] -> \register[6] [19]
Changing input A of cell $abc$15166$auto$blifparse.cc:397:parse_blif$17838_gold ($_ORNOT_): \register[7]_gold [19] -> \register[7] [19]
Changing input B of cell $abc$15166$auto$blifparse.cc:397:parse_blif$17839_gold ($_OR_): \register[3]_gold [19] -> \register[3] [19]
Changing input B of cell $abc$15166$auto$blifparse.cc:397:parse_blif$17843_gold ($_MUX_): \register[4]_gold [19] -> \register[4] [19]
Changing input A of cell $abc$15166$auto$blifparse.cc:397:parse_blif$17845_gold ($_ORNOT_): \register[5]_gold [19] -> \register[5] [19]
Changing input B of cell $abc$15166$auto$blifparse.cc:397:parse_blif$17846_gold ($_OR_): \register[1]_gold [19] -> \register[1] [19]
Changing input A of cell $abc$15166$auto$blifparse.cc:397:parse_blif$17852_gold ($_MUX_): \register[24]_gold [19] -> \register[24] [19]
Changing input B of cell $abc$15166$auto$blifparse.cc:397:parse_blif$17852_gold ($_MUX_): \register[28]_gold [19] -> \register[28] [19]
Changing input A of cell $abc$15166$auto$blifparse.cc:397:parse_blif$17854_gold ($_ORNOT_): \register[29]_gold [19] -> \register[29] [19]
Changing input B of cell $abc$15166$auto$blifparse.cc:397:parse_blif$17855_gold ($_OR_): \register[25]_gold [19] -> \register[25] [19]
Changing input A of cell $abc$15166$auto$blifparse.cc:397:parse_blif$17860_gold ($_ORNOT_): \register[31]_gold [19] -> \register[31] [19]
Changing input B of cell $abc$15166$auto$blifparse.cc:397:parse_blif$17861_gold ($_OR_): \register[27]_gold [19] -> \register[27] [19]
Changing input A of cell $abc$15166$auto$blifparse.cc:397:parse_blif$17864_gold ($_MUX_): \register[26]_gold [19] -> \register[26] [19]
Changing input B of cell $abc$15166$auto$blifparse.cc:397:parse_blif$17864_gold ($_MUX_): \register[30]_gold [19] -> \register[30] [19]
Changing input A of cell $abc$15166$auto$blifparse.cc:397:parse_blif$17872_gold ($_ORNOT_): \register[21]_gold [19] -> \register[21] [19]
Changing input B of cell $abc$15166$auto$blifparse.cc:397:parse_blif$17873_gold ($_OR_): \register[17]_gold [19] -> \register[17] [19]
Changing input A of cell $abc$15166$auto$blifparse.cc:397:parse_blif$17876_gold ($_MUX_): \register[16]_gold [19] -> \register[16] [19]
Changing input B of cell $abc$15166$auto$blifparse.cc:397:parse_blif$17876_gold ($_MUX_): \register[20]_gold [19] -> \register[20] [19]
Changing input A of cell $abc$15166$auto$blifparse.cc:397:parse_blif$17880_gold ($_ORNOT_): \register[23]_gold [19] -> \register[23] [19]
Changing input B of cell $abc$15166$auto$blifparse.cc:397:parse_blif$17881_gold ($_OR_): \register[19]_gold [19] -> \register[19] [19]
Changing input A of cell $abc$15166$auto$blifparse.cc:397:parse_blif$17884_gold ($_MUX_): \register[18]_gold [19] -> \register[18] [19]
Changing input B of cell $abc$15166$auto$blifparse.cc:397:parse_blif$17884_gold ($_MUX_): \register[22]_gold [19] -> \register[22] [19]
Changing input B of cell $abc$15166$auto$blifparse.cc:397:parse_blif$17892_gold ($_NAND_): \register[23]_gold [18] -> \register[23] [18]
Changing input B of cell $abc$15166$auto$blifparse.cc:397:parse_blif$17893_gold ($_ORNOT_): \register[19]_gold [18] -> \register[19] [18]
Changing input B of cell $abc$15166$auto$blifparse.cc:397:parse_blif$17896_gold ($_NAND_): \register[22]_gold [18] -> \register[22] [18]
Changing input A of cell $abc$15166$auto$blifparse.cc:397:parse_blif$17897_gold ($_ANDNOT_): \register[18]_gold [18] -> \register[18] [18]
Changing input A of cell $abc$15166$auto$blifparse.cc:397:parse_blif$17902_gold ($_NAND_): \register[31]_gold [18] -> \register[31] [18]
Changing input B of cell $abc$15166$auto$blifparse.cc:397:parse_blif$17903_gold ($_ORNOT_): \register[27]_gold [18] -> \register[27] [18]
Changing input B of cell $abc$15166$auto$blifparse.cc:397:parse_blif$17906_gold ($_ORNOT_): \register[26]_gold [18] -> \register[26] [18]
Changing input A of cell $abc$15166$auto$blifparse.cc:397:parse_blif$17907_gold ($_AND_): \register[30]_gold [18] -> \register[30] [18]
Changing input A of cell $abc$15166$auto$blifparse.cc:397:parse_blif$17913_gold ($_MUX_): \register[25]_gold [18] -> \register[25] [18]
Changing input B of cell $abc$15166$auto$blifparse.cc:397:parse_blif$17913_gold ($_MUX_): \register[29]_gold [18] -> \register[29] [18]
Changing input A of cell $abc$15166$auto$blifparse.cc:397:parse_blif$17914_gold ($_MUX_): \register[24]_gold [18] -> \register[24] [18]
Changing input B of cell $abc$15166$auto$blifparse.cc:397:parse_blif$17914_gold ($_MUX_): \register[28]_gold [18] -> \register[28] [18]
Changing input A of cell $abc$15166$auto$blifparse.cc:397:parse_blif$17916_gold ($_MUX_): \register[17]_gold [18] -> \register[17] [18]
Changing input B of cell $abc$15166$auto$blifparse.cc:397:parse_blif$17916_gold ($_MUX_): \register[21]_gold [18] -> \register[21] [18]
Changing input A of cell $abc$15166$auto$blifparse.cc:397:parse_blif$17917_gold ($_MUX_): \register[16]_gold [18] -> \register[16] [18]
Changing input B of cell $abc$15166$auto$blifparse.cc:397:parse_blif$17917_gold ($_MUX_): \register[20]_gold [18] -> \register[20] [18]
Changing input A of cell $abc$15166$auto$blifparse.cc:397:parse_blif$17921_gold ($_MUX_): \register[2]_gold [18] -> \register[2] [18]
Changing input B of cell $abc$15166$auto$blifparse.cc:397:parse_blif$17921_gold ($_MUX_): \register[6]_gold [18] -> \register[6] [18]
Changing input A of cell $abc$15166$auto$blifparse.cc:397:parse_blif$17923_gold ($_MUX_): \register[3]_gold [18] -> \register[3] [18]
Changing input B of cell $abc$15166$auto$blifparse.cc:397:parse_blif$17923_gold ($_MUX_): \register[7]_gold [18] -> \register[7] [18]
Changing input A of cell $abc$15166$auto$blifparse.cc:397:parse_blif$17927_gold ($_MUX_): \register[10]_gold [18] -> \register[10] [18]
Changing input B of cell $abc$15166$auto$blifparse.cc:397:parse_blif$17927_gold ($_MUX_): \register[14]_gold [18] -> \register[14] [18]
Changing input A of cell $abc$15166$auto$blifparse.cc:397:parse_blif$17929_gold ($_MUX_): \register[11]_gold [18] -> \register[11] [18]
Changing input B of cell $abc$15166$auto$blifparse.cc:397:parse_blif$17929_gold ($_MUX_): \register[15]_gold [18] -> \register[15] [18]
Changing input A of cell $abc$15166$auto$blifparse.cc:397:parse_blif$17934_gold ($_MUX_): \register[8]_gold [18] -> \register[8] [18]
Changing input B of cell $abc$15166$auto$blifparse.cc:397:parse_blif$17934_gold ($_MUX_): \register[12]_gold [18] -> \register[12] [18]
Changing input A of cell $abc$15166$auto$blifparse.cc:397:parse_blif$17935_gold ($_MUX_): \register[9]_gold [18] -> \register[9] [18]
Changing input B of cell $abc$15166$auto$blifparse.cc:397:parse_blif$17935_gold ($_MUX_): \register[13]_gold [18] -> \register[13] [18]
Changing input A of cell $abc$15166$auto$blifparse.cc:397:parse_blif$17937_gold ($_MUX_): \register[1]_gold [18] -> \register[1] [18]
Changing input B of cell $abc$15166$auto$blifparse.cc:397:parse_blif$17937_gold ($_MUX_): \register[5]_gold [18] -> \register[5] [18]
Changing input B of cell $abc$15166$auto$blifparse.cc:397:parse_blif$17938_gold ($_MUX_): \register[4]_gold [18] -> \register[4] [18]
Changing input A of cell $abc$15166$auto$blifparse.cc:397:parse_blif$17943_gold ($_MUX_): \register[30]_gold [17] -> \register[30] [17]
Changing input B of cell $abc$15166$auto$blifparse.cc:397:parse_blif$17943_gold ($_MUX_): \register[31]_gold [17] -> \register[31] [17]
Changing input A of cell $abc$15166$auto$blifparse.cc:397:parse_blif$17944_gold ($_MUX_): \register[26]_gold [17] -> \register[26] [17]
Changing input B of cell $abc$15166$auto$blifparse.cc:397:parse_blif$17944_gold ($_MUX_): \register[27]_gold [17] -> \register[27] [17]
Changing input A of cell $abc$15166$auto$blifparse.cc:397:parse_blif$17946_gold ($_MUX_): \register[28]_gold [17] -> \register[28] [17]
Changing input B of cell $abc$15166$auto$blifparse.cc:397:parse_blif$17946_gold ($_MUX_): \register[29]_gold [17] -> \register[29] [17]
Changing input A of cell $abc$15166$auto$blifparse.cc:397:parse_blif$17947_gold ($_MUX_): \register[24]_gold [17] -> \register[24] [17]
Changing input B of cell $abc$15166$auto$blifparse.cc:397:parse_blif$17947_gold ($_MUX_): \register[25]_gold [17] -> \register[25] [17]
Changing input A of cell $abc$15166$auto$blifparse.cc:397:parse_blif$17950_gold ($_MUX_): \register[10]_gold [17] -> \register[10] [17]
Changing input B of cell $abc$15166$auto$blifparse.cc:397:parse_blif$17950_gold ($_MUX_): \register[14]_gold [17] -> \register[14] [17]
Changing input A of cell $abc$15166$auto$blifparse.cc:397:parse_blif$17952_gold ($_ORNOT_): \register[15]_gold [17] -> \register[15] [17]
Changing input B of cell $abc$15166$auto$blifparse.cc:397:parse_blif$17953_gold ($_OR_): \register[11]_gold [17] -> \register[11] [17]
Changing input A of cell $abc$15166$auto$blifparse.cc:397:parse_blif$17957_gold ($_ORNOT_): \register[13]_gold [17] -> \register[13] [17]
Changing input B of cell $abc$15166$auto$blifparse.cc:397:parse_blif$17958_gold ($_OR_): \register[9]_gold [17] -> \register[9] [17]
Changing input A of cell $abc$15166$auto$blifparse.cc:397:parse_blif$17961_gold ($_MUX_): \register[8]_gold [17] -> \register[8] [17]
Changing input B of cell $abc$15166$auto$blifparse.cc:397:parse_blif$17961_gold ($_MUX_): \register[12]_gold [17] -> \register[12] [17]
Changing input A of cell $abc$15166$auto$blifparse.cc:397:parse_blif$17966_gold ($_ORNOT_): \register[21]_gold [17] -> \register[21] [17]
Changing input B of cell $abc$15166$auto$blifparse.cc:397:parse_blif$17967_gold ($_OR_): \register[17]_gold [17] -> \register[17] [17]
Changing input A of cell $abc$15166$auto$blifparse.cc:397:parse_blif$17970_gold ($_MUX_): \register[16]_gold [17] -> \register[16] [17]
Changing input B of cell $abc$15166$auto$blifparse.cc:397:parse_blif$17970_gold ($_MUX_): \register[20]_gold [17] -> \register[20] [17]
Changing input A of cell $abc$15166$auto$blifparse.cc:397:parse_blif$17974_gold ($_ORNOT_): \register[23]_gold [17] -> \register[23] [17]
Changing input B of cell $abc$15166$auto$blifparse.cc:397:parse_blif$17975_gold ($_OR_): \register[19]_gold [17] -> \register[19] [17]
Changing input A of cell $abc$15166$auto$blifparse.cc:397:parse_blif$17978_gold ($_MUX_): \register[18]_gold [17] -> \register[18] [17]
Changing input B of cell $abc$15166$auto$blifparse.cc:397:parse_blif$17978_gold ($_MUX_): \register[22]_gold [17] -> \register[22] [17]
Changing input A of cell $abc$15166$auto$blifparse.cc:397:parse_blif$17984_gold ($_MUX_): \register[2]_gold [17] -> \register[2] [17]
Changing input B of cell $abc$15166$auto$blifparse.cc:397:parse_blif$17984_gold ($_MUX_): \register[6]_gold [17] -> \register[6] [17]
Changing input A of cell $abc$15166$auto$blifparse.cc:397:parse_blif$17986_gold ($_ORNOT_): \register[7]_gold [17] -> \register[7] [17]
Changing input B of cell $abc$15166$auto$blifparse.cc:397:parse_blif$17987_gold ($_OR_): \register[3]_gold [17] -> \register[3] [17]
Changing input B of cell $abc$15166$auto$blifparse.cc:397:parse_blif$17991_gold ($_MUX_): \register[4]_gold [17] -> \register[4] [17]
Changing input A of cell $abc$15166$auto$blifparse.cc:397:parse_blif$17993_gold ($_ORNOT_): \register[5]_gold [17] -> \register[5] [17]
Changing input B of cell $abc$15166$auto$blifparse.cc:397:parse_blif$17994_gold ($_OR_): \register[1]_gold [17] -> \register[1] [17]
Changing input A of cell $abc$15166$auto$blifparse.cc:397:parse_blif$18002_gold ($_ORNOT_): \register[31]_gold [16] -> \register[31] [16]
Changing input B of cell $abc$15166$auto$blifparse.cc:397:parse_blif$18003_gold ($_OR_): \register[27]_gold [16] -> \register[27] [16]
Changing input A of cell $abc$15166$auto$blifparse.cc:397:parse_blif$18006_gold ($_MUX_): \register[26]_gold [16] -> \register[26] [16]
Changing input B of cell $abc$15166$auto$blifparse.cc:397:parse_blif$18006_gold ($_MUX_): \register[30]_gold [16] -> \register[30] [16]
Changing input A of cell $abc$15166$auto$blifparse.cc:397:parse_blif$18008_gold ($_MUX_): \register[18]_gold [16] -> \register[18] [16]
Changing input B of cell $abc$15166$auto$blifparse.cc:397:parse_blif$18008_gold ($_MUX_): \register[22]_gold [16] -> \register[22] [16]
Changing input A of cell $abc$15166$auto$blifparse.cc:397:parse_blif$18010_gold ($_MUX_): \register[19]_gold [16] -> \register[19] [16]
Changing input B of cell $abc$15166$auto$blifparse.cc:397:parse_blif$18010_gold ($_MUX_): \register[23]_gold [16] -> \register[23] [16]
Changing input A of cell $abc$15166$auto$blifparse.cc:397:parse_blif$18017_gold ($_ORNOT_): \register[15]_gold [16] -> \register[15] [16]
Changing input B of cell $abc$15166$auto$blifparse.cc:397:parse_blif$18018_gold ($_OR_): \register[11]_gold [16] -> \register[11] [16]
Changing input A of cell $abc$15166$auto$blifparse.cc:397:parse_blif$18021_gold ($_MUX_): \register[10]_gold [16] -> \register[10] [16]
Changing input B of cell $abc$15166$auto$blifparse.cc:397:parse_blif$18021_gold ($_MUX_): \register[14]_gold [16] -> \register[14] [16]
Changing input A of cell $abc$15166$auto$blifparse.cc:397:parse_blif$18025_gold ($_MUX_): \register[2]_gold [16] -> \register[2] [16]
Changing input B of cell $abc$15166$auto$blifparse.cc:397:parse_blif$18025_gold ($_MUX_): \register[6]_gold [16] -> \register[6] [16]
Changing input A of cell $abc$15166$auto$blifparse.cc:397:parse_blif$18027_gold ($_MUX_): \register[3]_gold [16] -> \register[3] [16]
Changing input B of cell $abc$15166$auto$blifparse.cc:397:parse_blif$18027_gold ($_MUX_): \register[7]_gold [16] -> \register[7] [16]
Changing input A of cell $abc$15166$auto$blifparse.cc:397:parse_blif$18033_gold ($_MUX_): \register[16]_gold [16] -> \register[16] [16]
Changing input B of cell $abc$15166$auto$blifparse.cc:397:parse_blif$18033_gold ($_MUX_): \register[20]_gold [16] -> \register[20] [16]
Changing input A of cell $abc$15166$auto$blifparse.cc:397:parse_blif$18035_gold ($_MUX_): \register[17]_gold [16] -> \register[17] [16]
Changing input B of cell $abc$15166$auto$blifparse.cc:397:parse_blif$18035_gold ($_MUX_): \register[21]_gold [16] -> \register[21] [16]
Changing input B of cell $abc$15166$auto$blifparse.cc:397:parse_blif$18039_gold ($_OR_): \register[25]_gold [16] -> \register[25] [16]
Changing input A of cell $abc$15166$auto$blifparse.cc:397:parse_blif$18040_gold ($_ORNOT_): \register[29]_gold [16] -> \register[29] [16]
Changing input A of cell $abc$15166$auto$blifparse.cc:397:parse_blif$18043_gold ($_MUX_): \register[24]_gold [16] -> \register[24] [16]
Changing input B of cell $abc$15166$auto$blifparse.cc:397:parse_blif$18043_gold ($_MUX_): \register[28]_gold [16] -> \register[28] [16]
Changing input B of cell $abc$15166$auto$blifparse.cc:397:parse_blif$18048_gold ($_OR_): \register[9]_gold [16] -> \register[9] [16]
Changing input A of cell $abc$15166$auto$blifparse.cc:397:parse_blif$18049_gold ($_ORNOT_): \register[13]_gold [16] -> \register[13] [16]
Changing input A of cell $abc$15166$auto$blifparse.cc:397:parse_blif$18052_gold ($_MUX_): \register[8]_gold [16] -> \register[8] [16]
Changing input B of cell $abc$15166$auto$blifparse.cc:397:parse_blif$18052_gold ($_MUX_): \register[12]_gold [16] -> \register[12] [16]
Changing input B of cell $abc$15166$auto$blifparse.cc:397:parse_blif$18055_gold ($_MUX_): \register[4]_gold [16] -> \register[4] [16]
Changing input A of cell $abc$15166$auto$blifparse.cc:397:parse_blif$18056_gold ($_MUX_): \register[1]_gold [16] -> \register[1] [16]
Changing input B of cell $abc$15166$auto$blifparse.cc:397:parse_blif$18056_gold ($_MUX_): \register[5]_gold [16] -> \register[5] [16]
Changing input B of cell $abc$15166$auto$blifparse.cc:397:parse_blif$18061_gold ($_NAND_): \register[23]_gold [15] -> \register[23] [15]
Changing input B of cell $abc$15166$auto$blifparse.cc:397:parse_blif$18062_gold ($_ORNOT_): \register[19]_gold [15] -> \register[19] [15]
Changing input B of cell $abc$15166$auto$blifparse.cc:397:parse_blif$18065_gold ($_NAND_): \register[22]_gold [15] -> \register[22] [15]
Changing input A of cell $abc$15166$auto$blifparse.cc:397:parse_blif$18066_gold ($_ANDNOT_): \register[18]_gold [15] -> \register[18] [15]
Changing input A of cell $abc$15166$auto$blifparse.cc:397:parse_blif$18071_gold ($_NAND_): \register[31]_gold [15] -> \register[31] [15]
Changing input B of cell $abc$15166$auto$blifparse.cc:397:parse_blif$18072_gold ($_ORNOT_): \register[27]_gold [15] -> \register[27] [15]
Changing input B of cell $abc$15166$auto$blifparse.cc:397:parse_blif$18075_gold ($_ORNOT_): \register[26]_gold [15] -> \register[26] [15]
Changing input A of cell $abc$15166$auto$blifparse.cc:397:parse_blif$18076_gold ($_AND_): \register[30]_gold [15] -> \register[30] [15]
Changing input A of cell $abc$15166$auto$blifparse.cc:397:parse_blif$18082_gold ($_MUX_): \register[25]_gold [15] -> \register[25] [15]
Changing input B of cell $abc$15166$auto$blifparse.cc:397:parse_blif$18082_gold ($_MUX_): \register[29]_gold [15] -> \register[29] [15]
Changing input A of cell $abc$15166$auto$blifparse.cc:397:parse_blif$18083_gold ($_MUX_): \register[24]_gold [15] -> \register[24] [15]
Changing input B of cell $abc$15166$auto$blifparse.cc:397:parse_blif$18083_gold ($_MUX_): \register[28]_gold [15] -> \register[28] [15]
Changing input A of cell $abc$15166$auto$blifparse.cc:397:parse_blif$18085_gold ($_MUX_): \register[17]_gold [15] -> \register[17] [15]
Changing input B of cell $abc$15166$auto$blifparse.cc:397:parse_blif$18085_gold ($_MUX_): \register[21]_gold [15] -> \register[21] [15]
Changing input A of cell $abc$15166$auto$blifparse.cc:397:parse_blif$18086_gold ($_MUX_): \register[16]_gold [15] -> \register[16] [15]
Changing input B of cell $abc$15166$auto$blifparse.cc:397:parse_blif$18086_gold ($_MUX_): \register[20]_gold [15] -> \register[20] [15]
Changing input A of cell $abc$15166$auto$blifparse.cc:397:parse_blif$18090_gold ($_MUX_): \register[2]_gold [15] -> \register[2] [15]
Changing input B of cell $abc$15166$auto$blifparse.cc:397:parse_blif$18090_gold ($_MUX_): \register[6]_gold [15] -> \register[6] [15]
Changing input A of cell $abc$15166$auto$blifparse.cc:397:parse_blif$18092_gold ($_MUX_): \register[3]_gold [15] -> \register[3] [15]
Changing input B of cell $abc$15166$auto$blifparse.cc:397:parse_blif$18092_gold ($_MUX_): \register[7]_gold [15] -> \register[7] [15]
Changing input A of cell $abc$15166$auto$blifparse.cc:397:parse_blif$18096_gold ($_MUX_): \register[10]_gold [15] -> \register[10] [15]
Changing input B of cell $abc$15166$auto$blifparse.cc:397:parse_blif$18096_gold ($_MUX_): \register[14]_gold [15] -> \register[14] [15]
Changing input A of cell $abc$15166$auto$blifparse.cc:397:parse_blif$18098_gold ($_MUX_): \register[11]_gold [15] -> \register[11] [15]
Changing input B of cell $abc$15166$auto$blifparse.cc:397:parse_blif$18098_gold ($_MUX_): \register[15]_gold [15] -> \register[15] [15]
Changing input A of cell $abc$15166$auto$blifparse.cc:397:parse_blif$18103_gold ($_MUX_): \register[8]_gold [15] -> \register[8] [15]
Changing input B of cell $abc$15166$auto$blifparse.cc:397:parse_blif$18103_gold ($_MUX_): \register[12]_gold [15] -> \register[12] [15]
Changing input A of cell $abc$15166$auto$blifparse.cc:397:parse_blif$18104_gold ($_MUX_): \register[9]_gold [15] -> \register[9] [15]
Changing input B of cell $abc$15166$auto$blifparse.cc:397:parse_blif$18104_gold ($_MUX_): \register[13]_gold [15] -> \register[13] [15]
Changing input A of cell $abc$15166$auto$blifparse.cc:397:parse_blif$18106_gold ($_MUX_): \register[1]_gold [15] -> \register[1] [15]
Changing input B of cell $abc$15166$auto$blifparse.cc:397:parse_blif$18106_gold ($_MUX_): \register[5]_gold [15] -> \register[5] [15]
Changing input B of cell $abc$15166$auto$blifparse.cc:397:parse_blif$18107_gold ($_MUX_): \register[4]_gold [15] -> \register[4] [15]
Changing input A of cell $abc$15166$auto$blifparse.cc:397:parse_blif$18112_gold ($_MUX_): \register[30]_gold [14] -> \register[30] [14]
Changing input B of cell $abc$15166$auto$blifparse.cc:397:parse_blif$18112_gold ($_MUX_): \register[31]_gold [14] -> \register[31] [14]
Changing input A of cell $abc$15166$auto$blifparse.cc:397:parse_blif$18113_gold ($_MUX_): \register[26]_gold [14] -> \register[26] [14]
Changing input B of cell $abc$15166$auto$blifparse.cc:397:parse_blif$18113_gold ($_MUX_): \register[27]_gold [14] -> \register[27] [14]
Changing input A of cell $abc$15166$auto$blifparse.cc:397:parse_blif$18115_gold ($_MUX_): \register[28]_gold [14] -> \register[28] [14]
Changing input B of cell $abc$15166$auto$blifparse.cc:397:parse_blif$18115_gold ($_MUX_): \register[29]_gold [14] -> \register[29] [14]
Changing input A of cell $abc$15166$auto$blifparse.cc:397:parse_blif$18116_gold ($_MUX_): \register[24]_gold [14] -> \register[24] [14]
Changing input B of cell $abc$15166$auto$blifparse.cc:397:parse_blif$18116_gold ($_MUX_): \register[25]_gold [14] -> \register[25] [14]
Changing input A of cell $abc$15166$auto$blifparse.cc:397:parse_blif$18119_gold ($_MUX_): \register[10]_gold [14] -> \register[10] [14]
Changing input B of cell $abc$15166$auto$blifparse.cc:397:parse_blif$18119_gold ($_MUX_): \register[14]_gold [14] -> \register[14] [14]
Changing input A of cell $abc$15166$auto$blifparse.cc:397:parse_blif$18121_gold ($_ORNOT_): \register[15]_gold [14] -> \register[15] [14]
Changing input B of cell $abc$15166$auto$blifparse.cc:397:parse_blif$18122_gold ($_OR_): \register[11]_gold [14] -> \register[11] [14]
Changing input A of cell $abc$15166$auto$blifparse.cc:397:parse_blif$18126_gold ($_ORNOT_): \register[13]_gold [14] -> \register[13] [14]
Changing input B of cell $abc$15166$auto$blifparse.cc:397:parse_blif$18127_gold ($_OR_): \register[9]_gold [14] -> \register[9] [14]
Changing input A of cell $abc$15166$auto$blifparse.cc:397:parse_blif$18130_gold ($_MUX_): \register[8]_gold [14] -> \register[8] [14]
Changing input B of cell $abc$15166$auto$blifparse.cc:397:parse_blif$18130_gold ($_MUX_): \register[12]_gold [14] -> \register[12] [14]
Changing input A of cell $abc$15166$auto$blifparse.cc:397:parse_blif$18135_gold ($_ORNOT_): \register[21]_gold [14] -> \register[21] [14]
Changing input B of cell $abc$15166$auto$blifparse.cc:397:parse_blif$18136_gold ($_OR_): \register[17]_gold [14] -> \register[17] [14]
Changing input A of cell $abc$15166$auto$blifparse.cc:397:parse_blif$18139_gold ($_MUX_): \register[16]_gold [14] -> \register[16] [14]
Changing input B of cell $abc$15166$auto$blifparse.cc:397:parse_blif$18139_gold ($_MUX_): \register[20]_gold [14] -> \register[20] [14]
Changing input A of cell $abc$15166$auto$blifparse.cc:397:parse_blif$18143_gold ($_ORNOT_): \register[23]_gold [14] -> \register[23] [14]
Changing input B of cell $abc$15166$auto$blifparse.cc:397:parse_blif$18144_gold ($_OR_): \register[19]_gold [14] -> \register[19] [14]
Changing input A of cell $abc$15166$auto$blifparse.cc:397:parse_blif$18147_gold ($_MUX_): \register[18]_gold [14] -> \register[18] [14]
Changing input B of cell $abc$15166$auto$blifparse.cc:397:parse_blif$18147_gold ($_MUX_): \register[22]_gold [14] -> \register[22] [14]
Changing input A of cell $abc$15166$auto$blifparse.cc:397:parse_blif$18153_gold ($_MUX_): \register[2]_gold [14] -> \register[2] [14]
Changing input B of cell $abc$15166$auto$blifparse.cc:397:parse_blif$18153_gold ($_MUX_): \register[6]_gold [14] -> \register[6] [14]
Changing input A of cell $abc$15166$auto$blifparse.cc:397:parse_blif$18155_gold ($_ORNOT_): \register[7]_gold [14] -> \register[7] [14]
Changing input B of cell $abc$15166$auto$blifparse.cc:397:parse_blif$18156_gold ($_OR_): \register[3]_gold [14] -> \register[3] [14]
Changing input B of cell $abc$15166$auto$blifparse.cc:397:parse_blif$18160_gold ($_MUX_): \register[4]_gold [14] -> \register[4] [14]
Changing input A of cell $abc$15166$auto$blifparse.cc:397:parse_blif$18162_gold ($_ORNOT_): \register[5]_gold [14] -> \register[5] [14]
Changing input B of cell $abc$15166$auto$blifparse.cc:397:parse_blif$18163_gold ($_OR_): \register[1]_gold [14] -> \register[1] [14]
Changing input A of cell $abc$15166$auto$blifparse.cc:397:parse_blif$18171_gold ($_MUX_): \register[30]_gold [13] -> \register[30] [13]
Changing input B of cell $abc$15166$auto$blifparse.cc:397:parse_blif$18171_gold ($_MUX_): \register[31]_gold [13] -> \register[31] [13]
Changing input A of cell $abc$15166$auto$blifparse.cc:397:parse_blif$18172_gold ($_MUX_): \register[26]_gold [13] -> \register[26] [13]
Changing input B of cell $abc$15166$auto$blifparse.cc:397:parse_blif$18172_gold ($_MUX_): \register[27]_gold [13] -> \register[27] [13]
Changing input A of cell $abc$15166$auto$blifparse.cc:397:parse_blif$18174_gold ($_MUX_): \register[28]_gold [13] -> \register[28] [13]
Changing input B of cell $abc$15166$auto$blifparse.cc:397:parse_blif$18174_gold ($_MUX_): \register[29]_gold [13] -> \register[29] [13]
Changing input A of cell $abc$15166$auto$blifparse.cc:397:parse_blif$18175_gold ($_MUX_): \register[24]_gold [13] -> \register[24] [13]
Changing input B of cell $abc$15166$auto$blifparse.cc:397:parse_blif$18175_gold ($_MUX_): \register[25]_gold [13] -> \register[25] [13]
Changing input A of cell $abc$15166$auto$blifparse.cc:397:parse_blif$18178_gold ($_MUX_): \register[10]_gold [13] -> \register[10] [13]
Changing input B of cell $abc$15166$auto$blifparse.cc:397:parse_blif$18178_gold ($_MUX_): \register[14]_gold [13] -> \register[14] [13]
Changing input A of cell $abc$15166$auto$blifparse.cc:397:parse_blif$18180_gold ($_ORNOT_): \register[15]_gold [13] -> \register[15] [13]
Changing input B of cell $abc$15166$auto$blifparse.cc:397:parse_blif$18181_gold ($_OR_): \register[11]_gold [13] -> \register[11] [13]
Changing input A of cell $abc$15166$auto$blifparse.cc:397:parse_blif$18185_gold ($_ORNOT_): \register[13]_gold [13] -> \register[13] [13]
Changing input B of cell $abc$15166$auto$blifparse.cc:397:parse_blif$18186_gold ($_OR_): \register[9]_gold [13] -> \register[9] [13]
Changing input A of cell $abc$15166$auto$blifparse.cc:397:parse_blif$18189_gold ($_MUX_): \register[8]_gold [13] -> \register[8] [13]
Changing input B of cell $abc$15166$auto$blifparse.cc:397:parse_blif$18189_gold ($_MUX_): \register[12]_gold [13] -> \register[12] [13]
Changing input A of cell $abc$15166$auto$blifparse.cc:397:parse_blif$18194_gold ($_ORNOT_): \register[21]_gold [13] -> \register[21] [13]
Changing input B of cell $abc$15166$auto$blifparse.cc:397:parse_blif$18195_gold ($_OR_): \register[17]_gold [13] -> \register[17] [13]
Changing input A of cell $abc$15166$auto$blifparse.cc:397:parse_blif$18198_gold ($_MUX_): \register[16]_gold [13] -> \register[16] [13]
Changing input B of cell $abc$15166$auto$blifparse.cc:397:parse_blif$18198_gold ($_MUX_): \register[20]_gold [13] -> \register[20] [13]
Changing input A of cell $abc$15166$auto$blifparse.cc:397:parse_blif$18202_gold ($_ORNOT_): \register[23]_gold [13] -> \register[23] [13]
Changing input B of cell $abc$15166$auto$blifparse.cc:397:parse_blif$18203_gold ($_OR_): \register[19]_gold [13] -> \register[19] [13]
Changing input A of cell $abc$15166$auto$blifparse.cc:397:parse_blif$18206_gold ($_MUX_): \register[18]_gold [13] -> \register[18] [13]
Changing input B of cell $abc$15166$auto$blifparse.cc:397:parse_blif$18206_gold ($_MUX_): \register[22]_gold [13] -> \register[22] [13]
Changing input A of cell $abc$15166$auto$blifparse.cc:397:parse_blif$18212_gold ($_MUX_): \register[2]_gold [13] -> \register[2] [13]
Changing input B of cell $abc$15166$auto$blifparse.cc:397:parse_blif$18212_gold ($_MUX_): \register[6]_gold [13] -> \register[6] [13]
Changing input A of cell $abc$15166$auto$blifparse.cc:397:parse_blif$18214_gold ($_ORNOT_): \register[7]_gold [13] -> \register[7] [13]
Changing input B of cell $abc$15166$auto$blifparse.cc:397:parse_blif$18215_gold ($_OR_): \register[3]_gold [13] -> \register[3] [13]
Changing input B of cell $abc$15166$auto$blifparse.cc:397:parse_blif$18219_gold ($_MUX_): \register[4]_gold [13] -> \register[4] [13]
Changing input A of cell $abc$15166$auto$blifparse.cc:397:parse_blif$18221_gold ($_ORNOT_): \register[5]_gold [13] -> \register[5] [13]
Changing input B of cell $abc$15166$auto$blifparse.cc:397:parse_blif$18222_gold ($_OR_): \register[1]_gold [13] -> \register[1] [13]
Changing input A of cell $abc$15166$auto$blifparse.cc:397:parse_blif$18230_gold ($_MUX_): \register[30]_gold [12] -> \register[30] [12]
Changing input B of cell $abc$15166$auto$blifparse.cc:397:parse_blif$18230_gold ($_MUX_): \register[31]_gold [12] -> \register[31] [12]
Changing input A of cell $abc$15166$auto$blifparse.cc:397:parse_blif$18231_gold ($_MUX_): \register[26]_gold [12] -> \register[26] [12]
Changing input B of cell $abc$15166$auto$blifparse.cc:397:parse_blif$18231_gold ($_MUX_): \register[27]_gold [12] -> \register[27] [12]
Changing input A of cell $abc$15166$auto$blifparse.cc:397:parse_blif$18233_gold ($_MUX_): \register[28]_gold [12] -> \register[28] [12]
Changing input B of cell $abc$15166$auto$blifparse.cc:397:parse_blif$18233_gold ($_MUX_): \register[29]_gold [12] -> \register[29] [12]
Changing input A of cell $abc$15166$auto$blifparse.cc:397:parse_blif$18234_gold ($_MUX_): \register[24]_gold [12] -> \register[24] [12]
Changing input B of cell $abc$15166$auto$blifparse.cc:397:parse_blif$18234_gold ($_MUX_): \register[25]_gold [12] -> \register[25] [12]
Changing input A of cell $abc$15166$auto$blifparse.cc:397:parse_blif$18237_gold ($_MUX_): \register[10]_gold [12] -> \register[10] [12]
Changing input B of cell $abc$15166$auto$blifparse.cc:397:parse_blif$18237_gold ($_MUX_): \register[14]_gold [12] -> \register[14] [12]
Changing input A of cell $abc$15166$auto$blifparse.cc:397:parse_blif$18239_gold ($_ORNOT_): \register[15]_gold [12] -> \register[15] [12]
Changing input B of cell $abc$15166$auto$blifparse.cc:397:parse_blif$18240_gold ($_OR_): \register[11]_gold [12] -> \register[11] [12]
Changing input A of cell $abc$15166$auto$blifparse.cc:397:parse_blif$18244_gold ($_ORNOT_): \register[13]_gold [12] -> \register[13] [12]
Changing input B of cell $abc$15166$auto$blifparse.cc:397:parse_blif$18245_gold ($_OR_): \register[9]_gold [12] -> \register[9] [12]
Changing input A of cell $abc$15166$auto$blifparse.cc:397:parse_blif$18248_gold ($_MUX_): \register[8]_gold [12] -> \register[8] [12]
Changing input B of cell $abc$15166$auto$blifparse.cc:397:parse_blif$18248_gold ($_MUX_): \register[12]_gold [12] -> \register[12] [12]
Changing input B of cell $abc$15166$auto$blifparse.cc:397:parse_blif$18253_gold ($_NAND_): \register[21]_gold [12] -> \register[21] [12]
Changing input B of cell $abc$15166$auto$blifparse.cc:397:parse_blif$18254_gold ($_ORNOT_): \register[20]_gold [12] -> \register[20] [12]
Changing input B of cell $abc$15166$auto$blifparse.cc:397:parse_blif$18257_gold ($_NAND_): \register[17]_gold [12] -> \register[17] [12]
Changing input A of cell $abc$15166$auto$blifparse.cc:397:parse_blif$18258_gold ($_ANDNOT_): \register[16]_gold [12] -> \register[16] [12]
Changing input B of cell $abc$15166$auto$blifparse.cc:397:parse_blif$18263_gold ($_NAND_): \register[23]_gold [12] -> \register[23] [12]
Changing input B of cell $abc$15166$auto$blifparse.cc:397:parse_blif$18264_gold ($_ORNOT_): \register[22]_gold [12] -> \register[22] [12]
Changing input B of cell $abc$15166$auto$blifparse.cc:397:parse_blif$18267_gold ($_NAND_): \register[19]_gold [12] -> \register[19] [12]
Changing input A of cell $abc$15166$auto$blifparse.cc:397:parse_blif$18268_gold ($_ANDNOT_): \register[18]_gold [12] -> \register[18] [12]
Changing input A of cell $abc$15166$auto$blifparse.cc:397:parse_blif$18274_gold ($_ORNOT_): \register[7]_gold [12] -> \register[7] [12]
Changing input B of cell $abc$15166$auto$blifparse.cc:397:parse_blif$18275_gold ($_OR_): \register[3]_gold [12] -> \register[3] [12]
Changing input A of cell $abc$15166$auto$blifparse.cc:397:parse_blif$18278_gold ($_MUX_): \register[2]_gold [12] -> \register[2] [12]
Changing input B of cell $abc$15166$auto$blifparse.cc:397:parse_blif$18278_gold ($_MUX_): \register[6]_gold [12] -> \register[6] [12]
Changing input A of cell $abc$15166$auto$blifparse.cc:397:parse_blif$18281_gold ($_ORNOT_): \register[5]_gold [12] -> \register[5] [12]
Changing input B of cell $abc$15166$auto$blifparse.cc:397:parse_blif$18282_gold ($_OR_): \register[1]_gold [12] -> \register[1] [12]
Changing input B of cell $abc$15166$auto$blifparse.cc:397:parse_blif$18285_gold ($_MUX_): \register[4]_gold [12] -> \register[4] [12]
Changing input A of cell $abc$15166$auto$blifparse.cc:397:parse_blif$18291_gold ($_MUX_): \register[16]_gold [11] -> \register[16] [11]
Changing input B of cell $abc$15166$auto$blifparse.cc:397:parse_blif$18291_gold ($_MUX_): \register[20]_gold [11] -> \register[20] [11]
Changing input A of cell $abc$15166$auto$blifparse.cc:397:parse_blif$18292_gold ($_MUX_): \register[17]_gold [11] -> \register[17] [11]
Changing input B of cell $abc$15166$auto$blifparse.cc:397:parse_blif$18292_gold ($_MUX_): \register[21]_gold [11] -> \register[21] [11]
Changing input A of cell $abc$15166$auto$blifparse.cc:397:parse_blif$18295_gold ($_MUX_): \register[19]_gold [11] -> \register[19] [11]
Changing input B of cell $abc$15166$auto$blifparse.cc:397:parse_blif$18295_gold ($_MUX_): \register[23]_gold [11] -> \register[23] [11]
Changing input A of cell $abc$15166$auto$blifparse.cc:397:parse_blif$18297_gold ($_MUX_): \register[18]_gold [11] -> \register[18] [11]
Changing input B of cell $abc$15166$auto$blifparse.cc:397:parse_blif$18297_gold ($_MUX_): \register[22]_gold [11] -> \register[22] [11]
Changing input A of cell $abc$15166$auto$blifparse.cc:397:parse_blif$18302_gold ($_MUX_): \register[8]_gold [11] -> \register[8] [11]
Changing input B of cell $abc$15166$auto$blifparse.cc:397:parse_blif$18302_gold ($_MUX_): \register[12]_gold [11] -> \register[12] [11]
Changing input A of cell $abc$15166$auto$blifparse.cc:397:parse_blif$18304_gold ($_MUX_): \register[9]_gold [11] -> \register[9] [11]
Changing input B of cell $abc$15166$auto$blifparse.cc:397:parse_blif$18304_gold ($_MUX_): \register[13]_gold [11] -> \register[13] [11]
Changing input A of cell $abc$15166$auto$blifparse.cc:397:parse_blif$18308_gold ($_MUX_): \register[10]_gold [11] -> \register[10] [11]
Changing input B of cell $abc$15166$auto$blifparse.cc:397:parse_blif$18308_gold ($_MUX_): \register[14]_gold [11] -> \register[14] [11]
Changing input A of cell $abc$15166$auto$blifparse.cc:397:parse_blif$18310_gold ($_MUX_): \register[11]_gold [11] -> \register[11] [11]
Changing input B of cell $abc$15166$auto$blifparse.cc:397:parse_blif$18310_gold ($_MUX_): \register[15]_gold [11] -> \register[15] [11]
Changing input B of cell $abc$15166$auto$blifparse.cc:397:parse_blif$18315_gold ($_MUX_): \register[1]_gold [11] -> \register[1] [11]
Changing input A of cell $abc$15166$auto$blifparse.cc:397:parse_blif$18317_gold ($_MUX_): \register[4]_gold [11] -> \register[4] [11]
Changing input B of cell $abc$15166$auto$blifparse.cc:397:parse_blif$18317_gold ($_MUX_): \register[5]_gold [11] -> \register[5] [11]
Changing input A of cell $abc$15166$auto$blifparse.cc:397:parse_blif$18321_gold ($_MUX_): \register[2]_gold [11] -> \register[2] [11]
Changing input B of cell $abc$15166$auto$blifparse.cc:397:parse_blif$18321_gold ($_MUX_): \register[3]_gold [11] -> \register[3] [11]
Changing input A of cell $abc$15166$auto$blifparse.cc:397:parse_blif$18323_gold ($_MUX_): \register[6]_gold [11] -> \register[6] [11]
Changing input B of cell $abc$15166$auto$blifparse.cc:397:parse_blif$18323_gold ($_MUX_): \register[7]_gold [11] -> \register[7] [11]
Changing input A of cell $abc$15166$auto$blifparse.cc:397:parse_blif$18330_gold ($_ORNOT_): \register[31]_gold [11] -> \register[31] [11]
Changing input B of cell $abc$15166$auto$blifparse.cc:397:parse_blif$18331_gold ($_OR_): \register[27]_gold [11] -> \register[27] [11]
Changing input A of cell $abc$15166$auto$blifparse.cc:397:parse_blif$18334_gold ($_MUX_): \register[26]_gold [11] -> \register[26] [11]
Changing input B of cell $abc$15166$auto$blifparse.cc:397:parse_blif$18334_gold ($_MUX_): \register[30]_gold [11] -> \register[30] [11]
Changing input A of cell $abc$15166$auto$blifparse.cc:397:parse_blif$18338_gold ($_MUX_): \register[24]_gold [11] -> \register[24] [11]
Changing input B of cell $abc$15166$auto$blifparse.cc:397:parse_blif$18338_gold ($_MUX_): \register[28]_gold [11] -> \register[28] [11]
Changing input A of cell $abc$15166$auto$blifparse.cc:397:parse_blif$18340_gold ($_ORNOT_): \register[29]_gold [11] -> \register[29] [11]
Changing input B of cell $abc$15166$auto$blifparse.cc:397:parse_blif$18341_gold ($_OR_): \register[25]_gold [11] -> \register[25] [11]
Changing input B of cell $abc$15166$auto$blifparse.cc:397:parse_blif$18350_gold ($_NAND_): \register[23]_gold [10] -> \register[23] [10]
Changing input B of cell $abc$15166$auto$blifparse.cc:397:parse_blif$18351_gold ($_ORNOT_): \register[19]_gold [10] -> \register[19] [10]
Changing input B of cell $abc$15166$auto$blifparse.cc:397:parse_blif$18354_gold ($_NAND_): \register[22]_gold [10] -> \register[22] [10]
Changing input A of cell $abc$15166$auto$blifparse.cc:397:parse_blif$18355_gold ($_ANDNOT_): \register[18]_gold [10] -> \register[18] [10]
Changing input A of cell $abc$15166$auto$blifparse.cc:397:parse_blif$18360_gold ($_NAND_): \register[31]_gold [10] -> \register[31] [10]
Changing input B of cell $abc$15166$auto$blifparse.cc:397:parse_blif$18361_gold ($_ORNOT_): \register[27]_gold [10] -> \register[27] [10]
Changing input B of cell $abc$15166$auto$blifparse.cc:397:parse_blif$18364_gold ($_ORNOT_): \register[26]_gold [10] -> \register[26] [10]
Changing input A of cell $abc$15166$auto$blifparse.cc:397:parse_blif$18365_gold ($_AND_): \register[30]_gold [10] -> \register[30] [10]
Changing input A of cell $abc$15166$auto$blifparse.cc:397:parse_blif$18371_gold ($_MUX_): \register[25]_gold [10] -> \register[25] [10]
Changing input B of cell $abc$15166$auto$blifparse.cc:397:parse_blif$18371_gold ($_MUX_): \register[29]_gold [10] -> \register[29] [10]
Changing input A of cell $abc$15166$auto$blifparse.cc:397:parse_blif$18372_gold ($_MUX_): \register[24]_gold [10] -> \register[24] [10]
Changing input B of cell $abc$15166$auto$blifparse.cc:397:parse_blif$18372_gold ($_MUX_): \register[28]_gold [10] -> \register[28] [10]
Changing input A of cell $abc$15166$auto$blifparse.cc:397:parse_blif$18374_gold ($_MUX_): \register[17]_gold [10] -> \register[17] [10]
Changing input B of cell $abc$15166$auto$blifparse.cc:397:parse_blif$18374_gold ($_MUX_): \register[21]_gold [10] -> \register[21] [10]
Changing input A of cell $abc$15166$auto$blifparse.cc:397:parse_blif$18375_gold ($_MUX_): \register[16]_gold [10] -> \register[16] [10]
Changing input B of cell $abc$15166$auto$blifparse.cc:397:parse_blif$18375_gold ($_MUX_): \register[20]_gold [10] -> \register[20] [10]
Changing input A of cell $abc$15166$auto$blifparse.cc:397:parse_blif$18379_gold ($_MUX_): \register[2]_gold [10] -> \register[2] [10]
Changing input B of cell $abc$15166$auto$blifparse.cc:397:parse_blif$18379_gold ($_MUX_): \register[6]_gold [10] -> \register[6] [10]
Changing input A of cell $abc$15166$auto$blifparse.cc:397:parse_blif$18381_gold ($_MUX_): \register[3]_gold [10] -> \register[3] [10]
Changing input B of cell $abc$15166$auto$blifparse.cc:397:parse_blif$18381_gold ($_MUX_): \register[7]_gold [10] -> \register[7] [10]
Changing input A of cell $abc$15166$auto$blifparse.cc:397:parse_blif$18385_gold ($_MUX_): \register[10]_gold [10] -> \register[10] [10]
Changing input B of cell $abc$15166$auto$blifparse.cc:397:parse_blif$18385_gold ($_MUX_): \register[14]_gold [10] -> \register[14] [10]
Changing input A of cell $abc$15166$auto$blifparse.cc:397:parse_blif$18387_gold ($_MUX_): \register[11]_gold [10] -> \register[11] [10]
Changing input B of cell $abc$15166$auto$blifparse.cc:397:parse_blif$18387_gold ($_MUX_): \register[15]_gold [10] -> \register[15] [10]
Changing input A of cell $abc$15166$auto$blifparse.cc:397:parse_blif$18392_gold ($_MUX_): \register[8]_gold [10] -> \register[8] [10]
Changing input B of cell $abc$15166$auto$blifparse.cc:397:parse_blif$18392_gold ($_MUX_): \register[12]_gold [10] -> \register[12] [10]
Changing input A of cell $abc$15166$auto$blifparse.cc:397:parse_blif$18393_gold ($_MUX_): \register[9]_gold [10] -> \register[9] [10]
Changing input B of cell $abc$15166$auto$blifparse.cc:397:parse_blif$18393_gold ($_MUX_): \register[13]_gold [10] -> \register[13] [10]
Changing input A of cell $abc$15166$auto$blifparse.cc:397:parse_blif$18395_gold ($_MUX_): \register[1]_gold [10] -> \register[1] [10]
Changing input B of cell $abc$15166$auto$blifparse.cc:397:parse_blif$18395_gold ($_MUX_): \register[5]_gold [10] -> \register[5] [10]
Changing input B of cell $abc$15166$auto$blifparse.cc:397:parse_blif$18396_gold ($_MUX_): \register[4]_gold [10] -> \register[4] [10]
Changing input A of cell $abc$15166$auto$blifparse.cc:397:parse_blif$18401_gold ($_MUX_): \register[30]_gold [9] -> \register[30] [9]
Changing input B of cell $abc$15166$auto$blifparse.cc:397:parse_blif$18401_gold ($_MUX_): \register[31]_gold [9] -> \register[31] [9]
Changing input A of cell $abc$15166$auto$blifparse.cc:397:parse_blif$18402_gold ($_MUX_): \register[26]_gold [9] -> \register[26] [9]
Changing input B of cell $abc$15166$auto$blifparse.cc:397:parse_blif$18402_gold ($_MUX_): \register[27]_gold [9] -> \register[27] [9]
Changing input A of cell $abc$15166$auto$blifparse.cc:397:parse_blif$18404_gold ($_MUX_): \register[28]_gold [9] -> \register[28] [9]
Changing input B of cell $abc$15166$auto$blifparse.cc:397:parse_blif$18404_gold ($_MUX_): \register[29]_gold [9] -> \register[29] [9]
Changing input A of cell $abc$15166$auto$blifparse.cc:397:parse_blif$18405_gold ($_MUX_): \register[24]_gold [9] -> \register[24] [9]
Changing input B of cell $abc$15166$auto$blifparse.cc:397:parse_blif$18405_gold ($_MUX_): \register[25]_gold [9] -> \register[25] [9]
Changing input A of cell $abc$15166$auto$blifparse.cc:397:parse_blif$18409_gold ($_MUX_): \register[10]_gold [9] -> \register[10] [9]
Changing input B of cell $abc$15166$auto$blifparse.cc:397:parse_blif$18409_gold ($_MUX_): \register[14]_gold [9] -> \register[14] [9]
Changing input A of cell $abc$15166$auto$blifparse.cc:397:parse_blif$18411_gold ($_ORNOT_): \register[15]_gold [9] -> \register[15] [9]
Changing input B of cell $abc$15166$auto$blifparse.cc:397:parse_blif$18412_gold ($_OR_): \register[11]_gold [9] -> \register[11] [9]
Changing input A of cell $abc$15166$auto$blifparse.cc:397:parse_blif$18417_gold ($_ORNOT_): \register[13]_gold [9] -> \register[13] [9]
Changing input B of cell $abc$15166$auto$blifparse.cc:397:parse_blif$18418_gold ($_OR_): \register[9]_gold [9] -> \register[9] [9]
Changing input A of cell $abc$15166$auto$blifparse.cc:397:parse_blif$18421_gold ($_MUX_): \register[8]_gold [9] -> \register[8] [9]
Changing input B of cell $abc$15166$auto$blifparse.cc:397:parse_blif$18421_gold ($_MUX_): \register[12]_gold [9] -> \register[12] [9]
Changing input B of cell $abc$15166$auto$blifparse.cc:397:parse_blif$18428_gold ($_NAND_): \register[21]_gold [9] -> \register[21] [9]
Changing input B of cell $abc$15166$auto$blifparse.cc:397:parse_blif$18429_gold ($_ORNOT_): \register[20]_gold [9] -> \register[20] [9]
Changing input B of cell $abc$15166$auto$blifparse.cc:397:parse_blif$18432_gold ($_NAND_): \register[17]_gold [9] -> \register[17] [9]
Changing input A of cell $abc$15166$auto$blifparse.cc:397:parse_blif$18433_gold ($_ANDNOT_): \register[16]_gold [9] -> \register[16] [9]
Changing input B of cell $abc$15166$auto$blifparse.cc:397:parse_blif$18438_gold ($_NAND_): \register[23]_gold [9] -> \register[23] [9]
Changing input B of cell $abc$15166$auto$blifparse.cc:397:parse_blif$18439_gold ($_ORNOT_): \register[22]_gold [9] -> \register[22] [9]
Changing input B of cell $abc$15166$auto$blifparse.cc:397:parse_blif$18442_gold ($_NAND_): \register[19]_gold [9] -> \register[19] [9]
Changing input A of cell $abc$15166$auto$blifparse.cc:397:parse_blif$18443_gold ($_ANDNOT_): \register[18]_gold [9] -> \register[18] [9]
Changing input A of cell $abc$15166$auto$blifparse.cc:397:parse_blif$18449_gold ($_ORNOT_): \register[7]_gold [9] -> \register[7] [9]
Changing input B of cell $abc$15166$auto$blifparse.cc:397:parse_blif$18450_gold ($_OR_): \register[3]_gold [9] -> \register[3] [9]
Changing input A of cell $abc$15166$auto$blifparse.cc:397:parse_blif$18453_gold ($_MUX_): \register[2]_gold [9] -> \register[2] [9]
Changing input B of cell $abc$15166$auto$blifparse.cc:397:parse_blif$18453_gold ($_MUX_): \register[6]_gold [9] -> \register[6] [9]
Changing input A of cell $abc$15166$auto$blifparse.cc:397:parse_blif$18456_gold ($_ORNOT_): \register[5]_gold [9] -> \register[5] [9]
Changing input B of cell $abc$15166$auto$blifparse.cc:397:parse_blif$18457_gold ($_OR_): \register[1]_gold [9] -> \register[1] [9]
Changing input B of cell $abc$15166$auto$blifparse.cc:397:parse_blif$18460_gold ($_MUX_): \register[4]_gold [9] -> \register[4] [9]
Changing input B of cell $abc$15166$auto$blifparse.cc:397:parse_blif$18466_gold ($_NAND_): \register[23]_gold [8] -> \register[23] [8]
Changing input B of cell $abc$15166$auto$blifparse.cc:397:parse_blif$18467_gold ($_ORNOT_): \register[19]_gold [8] -> \register[19] [8]
Changing input B of cell $abc$15166$auto$blifparse.cc:397:parse_blif$18470_gold ($_NAND_): \register[22]_gold [8] -> \register[22] [8]
Changing input A of cell $abc$15166$auto$blifparse.cc:397:parse_blif$18471_gold ($_ANDNOT_): \register[18]_gold [8] -> \register[18] [8]
Changing input A of cell $abc$15166$auto$blifparse.cc:397:parse_blif$18476_gold ($_NAND_): \register[31]_gold [8] -> \register[31] [8]
Changing input B of cell $abc$15166$auto$blifparse.cc:397:parse_blif$18477_gold ($_ORNOT_): \register[27]_gold [8] -> \register[27] [8]
Changing input B of cell $abc$15166$auto$blifparse.cc:397:parse_blif$18480_gold ($_ORNOT_): \register[26]_gold [8] -> \register[26] [8]
Changing input A of cell $abc$15166$auto$blifparse.cc:397:parse_blif$18481_gold ($_AND_): \register[30]_gold [8] -> \register[30] [8]
Changing input A of cell $abc$15166$auto$blifparse.cc:397:parse_blif$18487_gold ($_MUX_): \register[25]_gold [8] -> \register[25] [8]
Changing input B of cell $abc$15166$auto$blifparse.cc:397:parse_blif$18487_gold ($_MUX_): \register[29]_gold [8] -> \register[29] [8]
Changing input A of cell $abc$15166$auto$blifparse.cc:397:parse_blif$18488_gold ($_MUX_): \register[24]_gold [8] -> \register[24] [8]
Changing input B of cell $abc$15166$auto$blifparse.cc:397:parse_blif$18488_gold ($_MUX_): \register[28]_gold [8] -> \register[28] [8]
Changing input A of cell $abc$15166$auto$blifparse.cc:397:parse_blif$18490_gold ($_MUX_): \register[17]_gold [8] -> \register[17] [8]
Changing input B of cell $abc$15166$auto$blifparse.cc:397:parse_blif$18490_gold ($_MUX_): \register[21]_gold [8] -> \register[21] [8]
Changing input A of cell $abc$15166$auto$blifparse.cc:397:parse_blif$18491_gold ($_MUX_): \register[16]_gold [8] -> \register[16] [8]
Changing input B of cell $abc$15166$auto$blifparse.cc:397:parse_blif$18491_gold ($_MUX_): \register[20]_gold [8] -> \register[20] [8]
Changing input A of cell $abc$15166$auto$blifparse.cc:397:parse_blif$18495_gold ($_MUX_): \register[2]_gold [8] -> \register[2] [8]
Changing input B of cell $abc$15166$auto$blifparse.cc:397:parse_blif$18495_gold ($_MUX_): \register[6]_gold [8] -> \register[6] [8]
Changing input A of cell $abc$15166$auto$blifparse.cc:397:parse_blif$18497_gold ($_MUX_): \register[3]_gold [8] -> \register[3] [8]
Changing input B of cell $abc$15166$auto$blifparse.cc:397:parse_blif$18497_gold ($_MUX_): \register[7]_gold [8] -> \register[7] [8]
Changing input A of cell $abc$15166$auto$blifparse.cc:397:parse_blif$18501_gold ($_MUX_): \register[10]_gold [8] -> \register[10] [8]
Changing input B of cell $abc$15166$auto$blifparse.cc:397:parse_blif$18501_gold ($_MUX_): \register[14]_gold [8] -> \register[14] [8]
Changing input A of cell $abc$15166$auto$blifparse.cc:397:parse_blif$18503_gold ($_MUX_): \register[11]_gold [8] -> \register[11] [8]
Changing input B of cell $abc$15166$auto$blifparse.cc:397:parse_blif$18503_gold ($_MUX_): \register[15]_gold [8] -> \register[15] [8]
Changing input A of cell $abc$15166$auto$blifparse.cc:397:parse_blif$18508_gold ($_MUX_): \register[8]_gold [8] -> \register[8] [8]
Changing input B of cell $abc$15166$auto$blifparse.cc:397:parse_blif$18508_gold ($_MUX_): \register[12]_gold [8] -> \register[12] [8]
Changing input A of cell $abc$15166$auto$blifparse.cc:397:parse_blif$18509_gold ($_MUX_): \register[9]_gold [8] -> \register[9] [8]
Changing input B of cell $abc$15166$auto$blifparse.cc:397:parse_blif$18509_gold ($_MUX_): \register[13]_gold [8] -> \register[13] [8]
Changing input A of cell $abc$15166$auto$blifparse.cc:397:parse_blif$18511_gold ($_MUX_): \register[1]_gold [8] -> \register[1] [8]
Changing input B of cell $abc$15166$auto$blifparse.cc:397:parse_blif$18511_gold ($_MUX_): \register[5]_gold [8] -> \register[5] [8]
Changing input B of cell $abc$15166$auto$blifparse.cc:397:parse_blif$18512_gold ($_MUX_): \register[4]_gold [8] -> \register[4] [8]
Changing input A of cell $abc$15166$auto$blifparse.cc:397:parse_blif$18517_gold ($_MUX_): \register[30]_gold [7] -> \register[30] [7]
Changing input B of cell $abc$15166$auto$blifparse.cc:397:parse_blif$18517_gold ($_MUX_): \register[31]_gold [7] -> \register[31] [7]
Changing input A of cell $abc$15166$auto$blifparse.cc:397:parse_blif$18518_gold ($_MUX_): \register[26]_gold [7] -> \register[26] [7]
Changing input B of cell $abc$15166$auto$blifparse.cc:397:parse_blif$18518_gold ($_MUX_): \register[27]_gold [7] -> \register[27] [7]
Changing input A of cell $abc$15166$auto$blifparse.cc:397:parse_blif$18520_gold ($_MUX_): \register[28]_gold [7] -> \register[28] [7]
Changing input B of cell $abc$15166$auto$blifparse.cc:397:parse_blif$18520_gold ($_MUX_): \register[29]_gold [7] -> \register[29] [7]
Changing input A of cell $abc$15166$auto$blifparse.cc:397:parse_blif$18521_gold ($_MUX_): \register[24]_gold [7] -> \register[24] [7]
Changing input B of cell $abc$15166$auto$blifparse.cc:397:parse_blif$18521_gold ($_MUX_): \register[25]_gold [7] -> \register[25] [7]
Changing input A of cell $abc$15166$auto$blifparse.cc:397:parse_blif$18524_gold ($_MUX_): \register[10]_gold [7] -> \register[10] [7]
Changing input B of cell $abc$15166$auto$blifparse.cc:397:parse_blif$18524_gold ($_MUX_): \register[14]_gold [7] -> \register[14] [7]
Changing input A of cell $abc$15166$auto$blifparse.cc:397:parse_blif$18526_gold ($_ORNOT_): \register[15]_gold [7] -> \register[15] [7]
Changing input B of cell $abc$15166$auto$blifparse.cc:397:parse_blif$18527_gold ($_OR_): \register[11]_gold [7] -> \register[11] [7]
Changing input A of cell $abc$15166$auto$blifparse.cc:397:parse_blif$18531_gold ($_ORNOT_): \register[13]_gold [7] -> \register[13] [7]
Changing input B of cell $abc$15166$auto$blifparse.cc:397:parse_blif$18532_gold ($_OR_): \register[9]_gold [7] -> \register[9] [7]
Changing input A of cell $abc$15166$auto$blifparse.cc:397:parse_blif$18535_gold ($_MUX_): \register[8]_gold [7] -> \register[8] [7]
Changing input B of cell $abc$15166$auto$blifparse.cc:397:parse_blif$18535_gold ($_MUX_): \register[12]_gold [7] -> \register[12] [7]
Changing input A of cell $abc$15166$auto$blifparse.cc:397:parse_blif$18540_gold ($_ORNOT_): \register[21]_gold [7] -> \register[21] [7]
Changing input B of cell $abc$15166$auto$blifparse.cc:397:parse_blif$18541_gold ($_OR_): \register[17]_gold [7] -> \register[17] [7]
Changing input A of cell $abc$15166$auto$blifparse.cc:397:parse_blif$18544_gold ($_MUX_): \register[16]_gold [7] -> \register[16] [7]
Changing input B of cell $abc$15166$auto$blifparse.cc:397:parse_blif$18544_gold ($_MUX_): \register[20]_gold [7] -> \register[20] [7]
Changing input A of cell $abc$15166$auto$blifparse.cc:397:parse_blif$18548_gold ($_ORNOT_): \register[23]_gold [7] -> \register[23] [7]
Changing input B of cell $abc$15166$auto$blifparse.cc:397:parse_blif$18549_gold ($_OR_): \register[19]_gold [7] -> \register[19] [7]
Changing input A of cell $abc$15166$auto$blifparse.cc:397:parse_blif$18552_gold ($_MUX_): \register[18]_gold [7] -> \register[18] [7]
Changing input B of cell $abc$15166$auto$blifparse.cc:397:parse_blif$18552_gold ($_MUX_): \register[22]_gold [7] -> \register[22] [7]
Changing input A of cell $abc$15166$auto$blifparse.cc:397:parse_blif$18558_gold ($_MUX_): \register[2]_gold [7] -> \register[2] [7]
Changing input B of cell $abc$15166$auto$blifparse.cc:397:parse_blif$18558_gold ($_MUX_): \register[6]_gold [7] -> \register[6] [7]
Changing input A of cell $abc$15166$auto$blifparse.cc:397:parse_blif$18560_gold ($_ORNOT_): \register[7]_gold [7] -> \register[7] [7]
Changing input B of cell $abc$15166$auto$blifparse.cc:397:parse_blif$18561_gold ($_OR_): \register[3]_gold [7] -> \register[3] [7]
Changing input B of cell $abc$15166$auto$blifparse.cc:397:parse_blif$18565_gold ($_MUX_): \register[4]_gold [7] -> \register[4] [7]
Changing input A of cell $abc$15166$auto$blifparse.cc:397:parse_blif$18567_gold ($_ORNOT_): \register[5]_gold [7] -> \register[5] [7]
Changing input B of cell $abc$15166$auto$blifparse.cc:397:parse_blif$18568_gold ($_OR_): \register[1]_gold [7] -> \register[1] [7]
Changing input A of cell $abc$15166$auto$blifparse.cc:397:parse_blif$18576_gold ($_MUX_): \register[30]_gold [6] -> \register[30] [6]
Changing input B of cell $abc$15166$auto$blifparse.cc:397:parse_blif$18576_gold ($_MUX_): \register[31]_gold [6] -> \register[31] [6]
Changing input A of cell $abc$15166$auto$blifparse.cc:397:parse_blif$18577_gold ($_MUX_): \register[26]_gold [6] -> \register[26] [6]
Changing input B of cell $abc$15166$auto$blifparse.cc:397:parse_blif$18577_gold ($_MUX_): \register[27]_gold [6] -> \register[27] [6]
Changing input A of cell $abc$15166$auto$blifparse.cc:397:parse_blif$18579_gold ($_MUX_): \register[28]_gold [6] -> \register[28] [6]
Changing input B of cell $abc$15166$auto$blifparse.cc:397:parse_blif$18579_gold ($_MUX_): \register[29]_gold [6] -> \register[29] [6]
Changing input A of cell $abc$15166$auto$blifparse.cc:397:parse_blif$18580_gold ($_MUX_): \register[24]_gold [6] -> \register[24] [6]
Changing input B of cell $abc$15166$auto$blifparse.cc:397:parse_blif$18580_gold ($_MUX_): \register[25]_gold [6] -> \register[25] [6]
Changing input A of cell $abc$15166$auto$blifparse.cc:397:parse_blif$18583_gold ($_MUX_): \register[10]_gold [6] -> \register[10] [6]
Changing input B of cell $abc$15166$auto$blifparse.cc:397:parse_blif$18583_gold ($_MUX_): \register[14]_gold [6] -> \register[14] [6]
Changing input A of cell $abc$15166$auto$blifparse.cc:397:parse_blif$18585_gold ($_ORNOT_): \register[15]_gold [6] -> \register[15] [6]
Changing input B of cell $abc$15166$auto$blifparse.cc:397:parse_blif$18586_gold ($_OR_): \register[11]_gold [6] -> \register[11] [6]
Changing input A of cell $abc$15166$auto$blifparse.cc:397:parse_blif$18590_gold ($_ORNOT_): \register[13]_gold [6] -> \register[13] [6]
Changing input B of cell $abc$15166$auto$blifparse.cc:397:parse_blif$18591_gold ($_OR_): \register[9]_gold [6] -> \register[9] [6]
Changing input A of cell $abc$15166$auto$blifparse.cc:397:parse_blif$18594_gold ($_MUX_): \register[8]_gold [6] -> \register[8] [6]
Changing input B of cell $abc$15166$auto$blifparse.cc:397:parse_blif$18594_gold ($_MUX_): \register[12]_gold [6] -> \register[12] [6]
Changing input A of cell $abc$15166$auto$blifparse.cc:397:parse_blif$18599_gold ($_ORNOT_): \register[21]_gold [6] -> \register[21] [6]
Changing input B of cell $abc$15166$auto$blifparse.cc:397:parse_blif$18600_gold ($_OR_): \register[17]_gold [6] -> \register[17] [6]
Changing input A of cell $abc$15166$auto$blifparse.cc:397:parse_blif$18603_gold ($_MUX_): \register[16]_gold [6] -> \register[16] [6]
Changing input B of cell $abc$15166$auto$blifparse.cc:397:parse_blif$18603_gold ($_MUX_): \register[20]_gold [6] -> \register[20] [6]
Changing input A of cell $abc$15166$auto$blifparse.cc:397:parse_blif$18607_gold ($_ORNOT_): \register[23]_gold [6] -> \register[23] [6]
Changing input B of cell $abc$15166$auto$blifparse.cc:397:parse_blif$18608_gold ($_OR_): \register[19]_gold [6] -> \register[19] [6]
Changing input A of cell $abc$15166$auto$blifparse.cc:397:parse_blif$18611_gold ($_MUX_): \register[18]_gold [6] -> \register[18] [6]
Changing input B of cell $abc$15166$auto$blifparse.cc:397:parse_blif$18611_gold ($_MUX_): \register[22]_gold [6] -> \register[22] [6]
Changing input A of cell $abc$15166$auto$blifparse.cc:397:parse_blif$18617_gold ($_MUX_): \register[2]_gold [6] -> \register[2] [6]
Changing input B of cell $abc$15166$auto$blifparse.cc:397:parse_blif$18617_gold ($_MUX_): \register[6]_gold [6] -> \register[6] [6]
Changing input A of cell $abc$15166$auto$blifparse.cc:397:parse_blif$18619_gold ($_ORNOT_): \register[7]_gold [6] -> \register[7] [6]
Changing input B of cell $abc$15166$auto$blifparse.cc:397:parse_blif$18620_gold ($_OR_): \register[3]_gold [6] -> \register[3] [6]
Changing input B of cell $abc$15166$auto$blifparse.cc:397:parse_blif$18624_gold ($_MUX_): \register[4]_gold [6] -> \register[4] [6]
Changing input A of cell $abc$15166$auto$blifparse.cc:397:parse_blif$18626_gold ($_ORNOT_): \register[5]_gold [6] -> \register[5] [6]
Changing input B of cell $abc$15166$auto$blifparse.cc:397:parse_blif$18627_gold ($_OR_): \register[1]_gold [6] -> \register[1] [6]
Changing input A of cell $abc$15166$auto$blifparse.cc:397:parse_blif$18635_gold ($_MUX_): \register[30]_gold [5] -> \register[30] [5]
Changing input B of cell $abc$15166$auto$blifparse.cc:397:parse_blif$18635_gold ($_MUX_): \register[31]_gold [5] -> \register[31] [5]
Changing input A of cell $abc$15166$auto$blifparse.cc:397:parse_blif$18636_gold ($_MUX_): \register[26]_gold [5] -> \register[26] [5]
Changing input B of cell $abc$15166$auto$blifparse.cc:397:parse_blif$18636_gold ($_MUX_): \register[27]_gold [5] -> \register[27] [5]
Changing input A of cell $abc$15166$auto$blifparse.cc:397:parse_blif$18638_gold ($_MUX_): \register[28]_gold [5] -> \register[28] [5]
Changing input B of cell $abc$15166$auto$blifparse.cc:397:parse_blif$18638_gold ($_MUX_): \register[29]_gold [5] -> \register[29] [5]
Changing input A of cell $abc$15166$auto$blifparse.cc:397:parse_blif$18639_gold ($_MUX_): \register[24]_gold [5] -> \register[24] [5]
Changing input B of cell $abc$15166$auto$blifparse.cc:397:parse_blif$18639_gold ($_MUX_): \register[25]_gold [5] -> \register[25] [5]
Changing input A of cell $abc$15166$auto$blifparse.cc:397:parse_blif$18642_gold ($_MUX_): \register[10]_gold [5] -> \register[10] [5]
Changing input B of cell $abc$15166$auto$blifparse.cc:397:parse_blif$18642_gold ($_MUX_): \register[14]_gold [5] -> \register[14] [5]
Changing input A of cell $abc$15166$auto$blifparse.cc:397:parse_blif$18644_gold ($_ORNOT_): \register[15]_gold [5] -> \register[15] [5]
Changing input B of cell $abc$15166$auto$blifparse.cc:397:parse_blif$18645_gold ($_OR_): \register[11]_gold [5] -> \register[11] [5]
Changing input A of cell $abc$15166$auto$blifparse.cc:397:parse_blif$18649_gold ($_ORNOT_): \register[13]_gold [5] -> \register[13] [5]
Changing input B of cell $abc$15166$auto$blifparse.cc:397:parse_blif$18650_gold ($_OR_): \register[9]_gold [5] -> \register[9] [5]
Changing input A of cell $abc$15166$auto$blifparse.cc:397:parse_blif$18653_gold ($_MUX_): \register[8]_gold [5] -> \register[8] [5]
Changing input B of cell $abc$15166$auto$blifparse.cc:397:parse_blif$18653_gold ($_MUX_): \register[12]_gold [5] -> \register[12] [5]
Changing input B of cell $abc$15166$auto$blifparse.cc:397:parse_blif$18658_gold ($_NAND_): \register[21]_gold [5] -> \register[21] [5]
Changing input B of cell $abc$15166$auto$blifparse.cc:397:parse_blif$18659_gold ($_ORNOT_): \register[20]_gold [5] -> \register[20] [5]
Changing input B of cell $abc$15166$auto$blifparse.cc:397:parse_blif$18662_gold ($_NAND_): \register[17]_gold [5] -> \register[17] [5]
Changing input A of cell $abc$15166$auto$blifparse.cc:397:parse_blif$18663_gold ($_ANDNOT_): \register[16]_gold [5] -> \register[16] [5]
Changing input B of cell $abc$15166$auto$blifparse.cc:397:parse_blif$18668_gold ($_NAND_): \register[23]_gold [5] -> \register[23] [5]
Changing input B of cell $abc$15166$auto$blifparse.cc:397:parse_blif$18669_gold ($_ORNOT_): \register[22]_gold [5] -> \register[22] [5]
Changing input B of cell $abc$15166$auto$blifparse.cc:397:parse_blif$18672_gold ($_NAND_): \register[19]_gold [5] -> \register[19] [5]
Changing input A of cell $abc$15166$auto$blifparse.cc:397:parse_blif$18673_gold ($_ANDNOT_): \register[18]_gold [5] -> \register[18] [5]
Changing input A of cell $abc$15166$auto$blifparse.cc:397:parse_blif$18679_gold ($_ORNOT_): \register[7]_gold [5] -> \register[7] [5]
Changing input B of cell $abc$15166$auto$blifparse.cc:397:parse_blif$18680_gold ($_OR_): \register[3]_gold [5] -> \register[3] [5]
Changing input A of cell $abc$15166$auto$blifparse.cc:397:parse_blif$18683_gold ($_MUX_): \register[2]_gold [5] -> \register[2] [5]
Changing input B of cell $abc$15166$auto$blifparse.cc:397:parse_blif$18683_gold ($_MUX_): \register[6]_gold [5] -> \register[6] [5]
Changing input A of cell $abc$15166$auto$blifparse.cc:397:parse_blif$18686_gold ($_ORNOT_): \register[5]_gold [5] -> \register[5] [5]
Changing input B of cell $abc$15166$auto$blifparse.cc:397:parse_blif$18687_gold ($_OR_): \register[1]_gold [5] -> \register[1] [5]
Changing input B of cell $abc$15166$auto$blifparse.cc:397:parse_blif$18690_gold ($_MUX_): \register[4]_gold [5] -> \register[4] [5]
Changing input A of cell $abc$15166$auto$blifparse.cc:397:parse_blif$18696_gold ($_MUX_): \register[16]_gold [4] -> \register[16] [4]
Changing input B of cell $abc$15166$auto$blifparse.cc:397:parse_blif$18696_gold ($_MUX_): \register[20]_gold [4] -> \register[20] [4]
Changing input A of cell $abc$15166$auto$blifparse.cc:397:parse_blif$18697_gold ($_MUX_): \register[17]_gold [4] -> \register[17] [4]
Changing input B of cell $abc$15166$auto$blifparse.cc:397:parse_blif$18697_gold ($_MUX_): \register[21]_gold [4] -> \register[21] [4]
Changing input A of cell $abc$15166$auto$blifparse.cc:397:parse_blif$18700_gold ($_MUX_): \register[18]_gold [4] -> \register[18] [4]
Changing input B of cell $abc$15166$auto$blifparse.cc:397:parse_blif$18700_gold ($_MUX_): \register[22]_gold [4] -> \register[22] [4]
Changing input A of cell $abc$15166$auto$blifparse.cc:397:parse_blif$18702_gold ($_MUX_): \register[19]_gold [4] -> \register[19] [4]
Changing input B of cell $abc$15166$auto$blifparse.cc:397:parse_blif$18702_gold ($_MUX_): \register[23]_gold [4] -> \register[23] [4]
Changing input A of cell $abc$15166$auto$blifparse.cc:397:parse_blif$18707_gold ($_MUX_): \register[8]_gold [4] -> \register[8] [4]
Changing input B of cell $abc$15166$auto$blifparse.cc:397:parse_blif$18707_gold ($_MUX_): \register[12]_gold [4] -> \register[12] [4]
Changing input A of cell $abc$15166$auto$blifparse.cc:397:parse_blif$18709_gold ($_MUX_): \register[9]_gold [4] -> \register[9] [4]
Changing input B of cell $abc$15166$auto$blifparse.cc:397:parse_blif$18709_gold ($_MUX_): \register[13]_gold [4] -> \register[13] [4]
Changing input A of cell $abc$15166$auto$blifparse.cc:397:parse_blif$18713_gold ($_MUX_): \register[10]_gold [4] -> \register[10] [4]
Changing input B of cell $abc$15166$auto$blifparse.cc:397:parse_blif$18713_gold ($_MUX_): \register[14]_gold [4] -> \register[14] [4]
Changing input A of cell $abc$15166$auto$blifparse.cc:397:parse_blif$18715_gold ($_MUX_): \register[11]_gold [4] -> \register[11] [4]
Changing input B of cell $abc$15166$auto$blifparse.cc:397:parse_blif$18715_gold ($_MUX_): \register[15]_gold [4] -> \register[15] [4]
Changing input B of cell $abc$15166$auto$blifparse.cc:397:parse_blif$18720_gold ($_MUX_): \register[1]_gold [4] -> \register[1] [4]
Changing input A of cell $abc$15166$auto$blifparse.cc:397:parse_blif$18722_gold ($_MUX_): \register[4]_gold [4] -> \register[4] [4]
Changing input B of cell $abc$15166$auto$blifparse.cc:397:parse_blif$18722_gold ($_MUX_): \register[5]_gold [4] -> \register[5] [4]
Changing input A of cell $abc$15166$auto$blifparse.cc:397:parse_blif$18726_gold ($_MUX_): \register[2]_gold [4] -> \register[2] [4]
Changing input B of cell $abc$15166$auto$blifparse.cc:397:parse_blif$18726_gold ($_MUX_): \register[3]_gold [4] -> \register[3] [4]
Changing input A of cell $abc$15166$auto$blifparse.cc:397:parse_blif$18728_gold ($_MUX_): \register[6]_gold [4] -> \register[6] [4]
Changing input B of cell $abc$15166$auto$blifparse.cc:397:parse_blif$18728_gold ($_MUX_): \register[7]_gold [4] -> \register[7] [4]
Changing input A of cell $abc$15166$auto$blifparse.cc:397:parse_blif$18735_gold ($_ORNOT_): \register[31]_gold [4] -> \register[31] [4]
Changing input B of cell $abc$15166$auto$blifparse.cc:397:parse_blif$18736_gold ($_OR_): \register[27]_gold [4] -> \register[27] [4]
Changing input A of cell $abc$15166$auto$blifparse.cc:397:parse_blif$18739_gold ($_MUX_): \register[26]_gold [4] -> \register[26] [4]
Changing input B of cell $abc$15166$auto$blifparse.cc:397:parse_blif$18739_gold ($_MUX_): \register[30]_gold [4] -> \register[30] [4]
Changing input A of cell $abc$15166$auto$blifparse.cc:397:parse_blif$18743_gold ($_MUX_): \register[24]_gold [4] -> \register[24] [4]
Changing input B of cell $abc$15166$auto$blifparse.cc:397:parse_blif$18743_gold ($_MUX_): \register[28]_gold [4] -> \register[28] [4]
Changing input A of cell $abc$15166$auto$blifparse.cc:397:parse_blif$18745_gold ($_ORNOT_): \register[29]_gold [4] -> \register[29] [4]
Changing input B of cell $abc$15166$auto$blifparse.cc:397:parse_blif$18746_gold ($_OR_): \register[25]_gold [4] -> \register[25] [4]
Changing input A of cell $abc$15166$auto$blifparse.cc:397:parse_blif$18755_gold ($_MUX_): \register[8]_gold [3] -> \register[8] [3]
Changing input B of cell $abc$15166$auto$blifparse.cc:397:parse_blif$18755_gold ($_MUX_): \register[9]_gold [3] -> \register[9] [3]
Changing input A of cell $abc$15166$auto$blifparse.cc:397:parse_blif$18757_gold ($_MUX_): \register[12]_gold [3] -> \register[12] [3]
Changing input B of cell $abc$15166$auto$blifparse.cc:397:parse_blif$18757_gold ($_MUX_): \register[13]_gold [3] -> \register[13] [3]
Changing input A of cell $abc$15166$auto$blifparse.cc:397:parse_blif$18761_gold ($_MUX_): \register[10]_gold [3] -> \register[10] [3]
Changing input B of cell $abc$15166$auto$blifparse.cc:397:parse_blif$18761_gold ($_MUX_): \register[11]_gold [3] -> \register[11] [3]
Changing input A of cell $abc$15166$auto$blifparse.cc:397:parse_blif$18763_gold ($_MUX_): \register[14]_gold [3] -> \register[14] [3]
Changing input B of cell $abc$15166$auto$blifparse.cc:397:parse_blif$18763_gold ($_MUX_): \register[15]_gold [3] -> \register[15] [3]
Changing input A of cell $abc$15166$auto$blifparse.cc:397:parse_blif$18768_gold ($_MUX_): \register[2]_gold [3] -> \register[2] [3]
Changing input B of cell $abc$15166$auto$blifparse.cc:397:parse_blif$18768_gold ($_MUX_): \register[6]_gold [3] -> \register[6] [3]
Changing input A of cell $abc$15166$auto$blifparse.cc:397:parse_blif$18770_gold ($_ORNOT_): \register[7]_gold [3] -> \register[7] [3]
Changing input B of cell $abc$15166$auto$blifparse.cc:397:parse_blif$18771_gold ($_OR_): \register[3]_gold [3] -> \register[3] [3]
Changing input B of cell $abc$15166$auto$blifparse.cc:397:parse_blif$18775_gold ($_MUX_): \register[4]_gold [3] -> \register[4] [3]
Changing input A of cell $abc$15166$auto$blifparse.cc:397:parse_blif$18777_gold ($_ORNOT_): \register[5]_gold [3] -> \register[5] [3]
Changing input B of cell $abc$15166$auto$blifparse.cc:397:parse_blif$18778_gold ($_OR_): \register[1]_gold [3] -> \register[1] [3]
Changing input A of cell $abc$15166$auto$blifparse.cc:397:parse_blif$18784_gold ($_MUX_): \register[24]_gold [3] -> \register[24] [3]
Changing input B of cell $abc$15166$auto$blifparse.cc:397:parse_blif$18784_gold ($_MUX_): \register[28]_gold [3] -> \register[28] [3]
Changing input A of cell $abc$15166$auto$blifparse.cc:397:parse_blif$18786_gold ($_ORNOT_): \register[29]_gold [3] -> \register[29] [3]
Changing input B of cell $abc$15166$auto$blifparse.cc:397:parse_blif$18787_gold ($_OR_): \register[25]_gold [3] -> \register[25] [3]
Changing input A of cell $abc$15166$auto$blifparse.cc:397:parse_blif$18792_gold ($_ORNOT_): \register[31]_gold [3] -> \register[31] [3]
Changing input B of cell $abc$15166$auto$blifparse.cc:397:parse_blif$18793_gold ($_OR_): \register[27]_gold [3] -> \register[27] [3]
Changing input A of cell $abc$15166$auto$blifparse.cc:397:parse_blif$18796_gold ($_MUX_): \register[26]_gold [3] -> \register[26] [3]
Changing input B of cell $abc$15166$auto$blifparse.cc:397:parse_blif$18796_gold ($_MUX_): \register[30]_gold [3] -> \register[30] [3]
Changing input A of cell $abc$15166$auto$blifparse.cc:397:parse_blif$18804_gold ($_ORNOT_): \register[21]_gold [3] -> \register[21] [3]
Changing input B of cell $abc$15166$auto$blifparse.cc:397:parse_blif$18805_gold ($_OR_): \register[17]_gold [3] -> \register[17] [3]
Changing input A of cell $abc$15166$auto$blifparse.cc:397:parse_blif$18808_gold ($_MUX_): \register[16]_gold [3] -> \register[16] [3]
Changing input B of cell $abc$15166$auto$blifparse.cc:397:parse_blif$18808_gold ($_MUX_): \register[20]_gold [3] -> \register[20] [3]
Changing input A of cell $abc$15166$auto$blifparse.cc:397:parse_blif$18812_gold ($_ORNOT_): \register[23]_gold [3] -> \register[23] [3]
Changing input B of cell $abc$15166$auto$blifparse.cc:397:parse_blif$18813_gold ($_OR_): \register[19]_gold [3] -> \register[19] [3]
Changing input A of cell $abc$15166$auto$blifparse.cc:397:parse_blif$18816_gold ($_MUX_): \register[18]_gold [3] -> \register[18] [3]
Changing input B of cell $abc$15166$auto$blifparse.cc:397:parse_blif$18816_gold ($_MUX_): \register[22]_gold [3] -> \register[22] [3]
Changing input A of cell $abc$15166$auto$blifparse.cc:397:parse_blif$18824_gold ($_MUX_): \register[30]_gold [2] -> \register[30] [2]
Changing input B of cell $abc$15166$auto$blifparse.cc:397:parse_blif$18824_gold ($_MUX_): \register[31]_gold [2] -> \register[31] [2]
Changing input A of cell $abc$15166$auto$blifparse.cc:397:parse_blif$18825_gold ($_MUX_): \register[26]_gold [2] -> \register[26] [2]
Changing input B of cell $abc$15166$auto$blifparse.cc:397:parse_blif$18825_gold ($_MUX_): \register[27]_gold [2] -> \register[27] [2]
Changing input A of cell $abc$15166$auto$blifparse.cc:397:parse_blif$18827_gold ($_MUX_): \register[28]_gold [2] -> \register[28] [2]
Changing input B of cell $abc$15166$auto$blifparse.cc:397:parse_blif$18827_gold ($_MUX_): \register[29]_gold [2] -> \register[29] [2]
Changing input A of cell $abc$15166$auto$blifparse.cc:397:parse_blif$18828_gold ($_MUX_): \register[24]_gold [2] -> \register[24] [2]
Changing input B of cell $abc$15166$auto$blifparse.cc:397:parse_blif$18828_gold ($_MUX_): \register[25]_gold [2] -> \register[25] [2]
Changing input A of cell $abc$15166$auto$blifparse.cc:397:parse_blif$18831_gold ($_MUX_): \register[10]_gold [2] -> \register[10] [2]
Changing input B of cell $abc$15166$auto$blifparse.cc:397:parse_blif$18831_gold ($_MUX_): \register[14]_gold [2] -> \register[14] [2]
Changing input A of cell $abc$15166$auto$blifparse.cc:397:parse_blif$18833_gold ($_ORNOT_): \register[15]_gold [2] -> \register[15] [2]
Changing input B of cell $abc$15166$auto$blifparse.cc:397:parse_blif$18834_gold ($_OR_): \register[11]_gold [2] -> \register[11] [2]
Changing input A of cell $abc$15166$auto$blifparse.cc:397:parse_blif$18838_gold ($_ORNOT_): \register[13]_gold [2] -> \register[13] [2]
Changing input B of cell $abc$15166$auto$blifparse.cc:397:parse_blif$18839_gold ($_OR_): \register[9]_gold [2] -> \register[9] [2]
Changing input A of cell $abc$15166$auto$blifparse.cc:397:parse_blif$18842_gold ($_MUX_): \register[8]_gold [2] -> \register[8] [2]
Changing input B of cell $abc$15166$auto$blifparse.cc:397:parse_blif$18842_gold ($_MUX_): \register[12]_gold [2] -> \register[12] [2]
Changing input B of cell $abc$15166$auto$blifparse.cc:397:parse_blif$18847_gold ($_NAND_): \register[21]_gold [2] -> \register[21] [2]
Changing input B of cell $abc$15166$auto$blifparse.cc:397:parse_blif$18848_gold ($_ORNOT_): \register[20]_gold [2] -> \register[20] [2]
Changing input B of cell $abc$15166$auto$blifparse.cc:397:parse_blif$18851_gold ($_NAND_): \register[17]_gold [2] -> \register[17] [2]
Changing input A of cell $abc$15166$auto$blifparse.cc:397:parse_blif$18852_gold ($_ANDNOT_): \register[16]_gold [2] -> \register[16] [2]
Changing input B of cell $abc$15166$auto$blifparse.cc:397:parse_blif$18857_gold ($_NAND_): \register[23]_gold [2] -> \register[23] [2]
Changing input B of cell $abc$15166$auto$blifparse.cc:397:parse_blif$18858_gold ($_ORNOT_): \register[22]_gold [2] -> \register[22] [2]
Changing input B of cell $abc$15166$auto$blifparse.cc:397:parse_blif$18861_gold ($_NAND_): \register[19]_gold [2] -> \register[19] [2]
Changing input A of cell $abc$15166$auto$blifparse.cc:397:parse_blif$18862_gold ($_ANDNOT_): \register[18]_gold [2] -> \register[18] [2]
Changing input A of cell $abc$15166$auto$blifparse.cc:397:parse_blif$18868_gold ($_ORNOT_): \register[7]_gold [2] -> \register[7] [2]
Changing input B of cell $abc$15166$auto$blifparse.cc:397:parse_blif$18869_gold ($_OR_): \register[3]_gold [2] -> \register[3] [2]
Changing input A of cell $abc$15166$auto$blifparse.cc:397:parse_blif$18872_gold ($_MUX_): \register[2]_gold [2] -> \register[2] [2]
Changing input B of cell $abc$15166$auto$blifparse.cc:397:parse_blif$18872_gold ($_MUX_): \register[6]_gold [2] -> \register[6] [2]
Changing input A of cell $abc$15166$auto$blifparse.cc:397:parse_blif$18875_gold ($_ORNOT_): \register[5]_gold [2] -> \register[5] [2]
Changing input B of cell $abc$15166$auto$blifparse.cc:397:parse_blif$18876_gold ($_OR_): \register[1]_gold [2] -> \register[1] [2]
Changing input B of cell $abc$15166$auto$blifparse.cc:397:parse_blif$18879_gold ($_MUX_): \register[4]_gold [2] -> \register[4] [2]
Changing input A of cell $abc$15166$auto$blifparse.cc:397:parse_blif$18885_gold ($_MUX_): \register[8]_gold [1] -> \register[8] [1]
Changing input B of cell $abc$15166$auto$blifparse.cc:397:parse_blif$18885_gold ($_MUX_): \register[9]_gold [1] -> \register[9] [1]
Changing input A of cell $abc$15166$auto$blifparse.cc:397:parse_blif$18887_gold ($_MUX_): \register[12]_gold [1] -> \register[12] [1]
Changing input B of cell $abc$15166$auto$blifparse.cc:397:parse_blif$18887_gold ($_MUX_): \register[13]_gold [1] -> \register[13] [1]
Changing input A of cell $abc$15166$auto$blifparse.cc:397:parse_blif$18891_gold ($_MUX_): \register[10]_gold [1] -> \register[10] [1]
Changing input B of cell $abc$15166$auto$blifparse.cc:397:parse_blif$18891_gold ($_MUX_): \register[11]_gold [1] -> \register[11] [1]
Changing input A of cell $abc$15166$auto$blifparse.cc:397:parse_blif$18893_gold ($_MUX_): \register[14]_gold [1] -> \register[14] [1]
Changing input B of cell $abc$15166$auto$blifparse.cc:397:parse_blif$18893_gold ($_MUX_): \register[15]_gold [1] -> \register[15] [1]
Changing input A of cell $abc$15166$auto$blifparse.cc:397:parse_blif$18898_gold ($_MUX_): \register[2]_gold [1] -> \register[2] [1]
Changing input B of cell $abc$15166$auto$blifparse.cc:397:parse_blif$18898_gold ($_MUX_): \register[6]_gold [1] -> \register[6] [1]
Changing input A of cell $abc$15166$auto$blifparse.cc:397:parse_blif$18900_gold ($_ORNOT_): \register[7]_gold [1] -> \register[7] [1]
Changing input B of cell $abc$15166$auto$blifparse.cc:397:parse_blif$18901_gold ($_OR_): \register[3]_gold [1] -> \register[3] [1]
Changing input B of cell $abc$15166$auto$blifparse.cc:397:parse_blif$18905_gold ($_MUX_): \register[4]_gold [1] -> \register[4] [1]
Changing input A of cell $abc$15166$auto$blifparse.cc:397:parse_blif$18907_gold ($_ORNOT_): \register[5]_gold [1] -> \register[5] [1]
Changing input B of cell $abc$15166$auto$blifparse.cc:397:parse_blif$18908_gold ($_OR_): \register[1]_gold [1] -> \register[1] [1]
Changing input A of cell $abc$15166$auto$blifparse.cc:397:parse_blif$18914_gold ($_MUX_): \register[24]_gold [1] -> \register[24] [1]
Changing input B of cell $abc$15166$auto$blifparse.cc:397:parse_blif$18914_gold ($_MUX_): \register[28]_gold [1] -> \register[28] [1]
Changing input A of cell $abc$15166$auto$blifparse.cc:397:parse_blif$18916_gold ($_ORNOT_): \register[29]_gold [1] -> \register[29] [1]
Changing input B of cell $abc$15166$auto$blifparse.cc:397:parse_blif$18917_gold ($_OR_): \register[25]_gold [1] -> \register[25] [1]
Changing input A of cell $abc$15166$auto$blifparse.cc:397:parse_blif$18922_gold ($_ORNOT_): \register[31]_gold [1] -> \register[31] [1]
Changing input B of cell $abc$15166$auto$blifparse.cc:397:parse_blif$18923_gold ($_OR_): \register[27]_gold [1] -> \register[27] [1]
Changing input A of cell $abc$15166$auto$blifparse.cc:397:parse_blif$18926_gold ($_MUX_): \register[26]_gold [1] -> \register[26] [1]
Changing input B of cell $abc$15166$auto$blifparse.cc:397:parse_blif$18926_gold ($_MUX_): \register[30]_gold [1] -> \register[30] [1]
Changing input A of cell $abc$15166$auto$blifparse.cc:397:parse_blif$18934_gold ($_ORNOT_): \register[21]_gold [1] -> \register[21] [1]
Changing input B of cell $abc$15166$auto$blifparse.cc:397:parse_blif$18935_gold ($_OR_): \register[17]_gold [1] -> \register[17] [1]
Changing input A of cell $abc$15166$auto$blifparse.cc:397:parse_blif$18938_gold ($_MUX_): \register[16]_gold [1] -> \register[16] [1]
Changing input B of cell $abc$15166$auto$blifparse.cc:397:parse_blif$18938_gold ($_MUX_): \register[20]_gold [1] -> \register[20] [1]
Changing input A of cell $abc$15166$auto$blifparse.cc:397:parse_blif$18942_gold ($_ORNOT_): \register[23]_gold [1] -> \register[23] [1]
Changing input B of cell $abc$15166$auto$blifparse.cc:397:parse_blif$18943_gold ($_OR_): \register[19]_gold [1] -> \register[19] [1]
Changing input A of cell $abc$15166$auto$blifparse.cc:397:parse_blif$18946_gold ($_MUX_): \register[18]_gold [1] -> \register[18] [1]
Changing input B of cell $abc$15166$auto$blifparse.cc:397:parse_blif$18946_gold ($_MUX_): \register[22]_gold [1] -> \register[22] [1]
Changing input A of cell $abc$15166$auto$blifparse.cc:397:parse_blif$18954_gold ($_MUX_): \register[30]_gold [0] -> \register[30] [0]
Changing input B of cell $abc$15166$auto$blifparse.cc:397:parse_blif$18954_gold ($_MUX_): \register[31]_gold [0] -> \register[31] [0]
Changing input A of cell $abc$15166$auto$blifparse.cc:397:parse_blif$18955_gold ($_MUX_): \register[26]_gold [0] -> \register[26] [0]
Changing input B of cell $abc$15166$auto$blifparse.cc:397:parse_blif$18955_gold ($_MUX_): \register[27]_gold [0] -> \register[27] [0]
Changing input A of cell $abc$15166$auto$blifparse.cc:397:parse_blif$18957_gold ($_MUX_): \register[28]_gold [0] -> \register[28] [0]
Changing input B of cell $abc$15166$auto$blifparse.cc:397:parse_blif$18957_gold ($_MUX_): \register[29]_gold [0] -> \register[29] [0]
Changing input A of cell $abc$15166$auto$blifparse.cc:397:parse_blif$18958_gold ($_MUX_): \register[24]_gold [0] -> \register[24] [0]
Changing input B of cell $abc$15166$auto$blifparse.cc:397:parse_blif$18958_gold ($_MUX_): \register[25]_gold [0] -> \register[25] [0]
Changing input A of cell $abc$15166$auto$blifparse.cc:397:parse_blif$18961_gold ($_MUX_): \register[10]_gold [0] -> \register[10] [0]
Changing input B of cell $abc$15166$auto$blifparse.cc:397:parse_blif$18961_gold ($_MUX_): \register[14]_gold [0] -> \register[14] [0]
Changing input A of cell $abc$15166$auto$blifparse.cc:397:parse_blif$18963_gold ($_ORNOT_): \register[15]_gold [0] -> \register[15] [0]
Changing input B of cell $abc$15166$auto$blifparse.cc:397:parse_blif$18964_gold ($_OR_): \register[11]_gold [0] -> \register[11] [0]
Changing input A of cell $abc$15166$auto$blifparse.cc:397:parse_blif$18968_gold ($_ORNOT_): \register[13]_gold [0] -> \register[13] [0]
Changing input B of cell $abc$15166$auto$blifparse.cc:397:parse_blif$18969_gold ($_OR_): \register[9]_gold [0] -> \register[9] [0]
Changing input A of cell $abc$15166$auto$blifparse.cc:397:parse_blif$18972_gold ($_MUX_): \register[8]_gold [0] -> \register[8] [0]
Changing input B of cell $abc$15166$auto$blifparse.cc:397:parse_blif$18972_gold ($_MUX_): \register[12]_gold [0] -> \register[12] [0]
Changing input A of cell $abc$15166$auto$blifparse.cc:397:parse_blif$18977_gold ($_ORNOT_): \register[7]_gold [0] -> \register[7] [0]
Changing input B of cell $abc$15166$auto$blifparse.cc:397:parse_blif$18978_gold ($_OR_): \register[3]_gold [0] -> \register[3] [0]
Changing input A of cell $abc$15166$auto$blifparse.cc:397:parse_blif$18981_gold ($_MUX_): \register[2]_gold [0] -> \register[2] [0]
Changing input B of cell $abc$15166$auto$blifparse.cc:397:parse_blif$18981_gold ($_MUX_): \register[6]_gold [0] -> \register[6] [0]
Changing input A of cell $abc$15166$auto$blifparse.cc:397:parse_blif$18985_gold ($_ORNOT_): \register[5]_gold [0] -> \register[5] [0]
Changing input B of cell $abc$15166$auto$blifparse.cc:397:parse_blif$18986_gold ($_OR_): \register[1]_gold [0] -> \register[1] [0]
Changing input B of cell $abc$15166$auto$blifparse.cc:397:parse_blif$18989_gold ($_MUX_): \register[4]_gold [0] -> \register[4] [0]
Changing input A of cell $abc$15166$auto$blifparse.cc:397:parse_blif$18995_gold ($_MUX_): \register[22]_gold [0] -> \register[22] [0]
Changing input B of cell $abc$15166$auto$blifparse.cc:397:parse_blif$18995_gold ($_MUX_): \register[23]_gold [0] -> \register[23] [0]
Changing input A of cell $abc$15166$auto$blifparse.cc:397:parse_blif$18996_gold ($_MUX_): \register[18]_gold [0] -> \register[18] [0]
Changing input B of cell $abc$15166$auto$blifparse.cc:397:parse_blif$18996_gold ($_MUX_): \register[19]_gold [0] -> \register[19] [0]
Changing input A of cell $abc$15166$auto$blifparse.cc:397:parse_blif$18998_gold ($_MUX_): \register[20]_gold [0] -> \register[20] [0]
Changing input B of cell $abc$15166$auto$blifparse.cc:397:parse_blif$18998_gold ($_MUX_): \register[21]_gold [0] -> \register[21] [0]
Changing input A of cell $abc$15166$auto$blifparse.cc:397:parse_blif$18999_gold ($_MUX_): \register[16]_gold [0] -> \register[16] [0]
Changing input B of cell $abc$15166$auto$blifparse.cc:397:parse_blif$18999_gold ($_MUX_): \register[17]_gold [0] -> \register[17] [0]
Changing input A of cell $abc$15166$auto$blifparse.cc:397:parse_blif$19057_gold ($_ORNOT_): \register[31]_gold [31] -> \register[31] [31]
Changing input B of cell $abc$15166$auto$blifparse.cc:397:parse_blif$19058_gold ($_OR_): \register[27]_gold [31] -> \register[27] [31]
Changing input A of cell $abc$15166$auto$blifparse.cc:397:parse_blif$19061_gold ($_MUX_): \register[26]_gold [31] -> \register[26] [31]
Changing input B of cell $abc$15166$auto$blifparse.cc:397:parse_blif$19061_gold ($_MUX_): \register[30]_gold [31] -> \register[30] [31]
Changing input A of cell $abc$15166$auto$blifparse.cc:397:parse_blif$19065_gold ($_MUX_): \register[24]_gold [31] -> \register[24] [31]
Changing input B of cell $abc$15166$auto$blifparse.cc:397:parse_blif$19065_gold ($_MUX_): \register[28]_gold [31] -> \register[28] [31]
Changing input A of cell $abc$15166$auto$blifparse.cc:397:parse_blif$19067_gold ($_ORNOT_): \register[29]_gold [31] -> \register[29] [31]
Changing input B of cell $abc$15166$auto$blifparse.cc:397:parse_blif$19068_gold ($_OR_): \register[25]_gold [31] -> \register[25] [31]
Changing input A of cell $abc$15166$auto$blifparse.cc:397:parse_blif$19075_gold ($_MUX_): \register[8]_gold [31] -> \register[8] [31]
Changing input B of cell $abc$15166$auto$blifparse.cc:397:parse_blif$19075_gold ($_MUX_): \register[12]_gold [31] -> \register[12] [31]
Changing input A of cell $abc$15166$auto$blifparse.cc:397:parse_blif$19077_gold ($_MUX_): \register[9]_gold [31] -> \register[9] [31]
Changing input B of cell $abc$15166$auto$blifparse.cc:397:parse_blif$19077_gold ($_MUX_): \register[13]_gold [31] -> \register[13] [31]
Changing input A of cell $abc$15166$auto$blifparse.cc:397:parse_blif$19081_gold ($_MUX_): \register[10]_gold [31] -> \register[10] [31]
Changing input B of cell $abc$15166$auto$blifparse.cc:397:parse_blif$19081_gold ($_MUX_): \register[14]_gold [31] -> \register[14] [31]
Changing input A of cell $abc$15166$auto$blifparse.cc:397:parse_blif$19083_gold ($_MUX_): \register[11]_gold [31] -> \register[11] [31]
Changing input B of cell $abc$15166$auto$blifparse.cc:397:parse_blif$19083_gold ($_MUX_): \register[15]_gold [31] -> \register[15] [31]
Changing input A of cell $abc$15166$auto$blifparse.cc:397:parse_blif$19090_gold ($_MUX_): \register[18]_gold [31] -> \register[18] [31]
Changing input B of cell $abc$15166$auto$blifparse.cc:397:parse_blif$19090_gold ($_MUX_): \register[22]_gold [31] -> \register[22] [31]
Changing input A of cell $abc$15166$auto$blifparse.cc:397:parse_blif$19092_gold ($_MUX_): \register[19]_gold [31] -> \register[19] [31]
Changing input B of cell $abc$15166$auto$blifparse.cc:397:parse_blif$19092_gold ($_MUX_): \register[23]_gold [31] -> \register[23] [31]
Changing input A of cell $abc$15166$auto$blifparse.cc:397:parse_blif$19096_gold ($_MUX_): \register[16]_gold [31] -> \register[16] [31]
Changing input B of cell $abc$15166$auto$blifparse.cc:397:parse_blif$19096_gold ($_MUX_): \register[20]_gold [31] -> \register[20] [31]
Changing input A of cell $abc$15166$auto$blifparse.cc:397:parse_blif$19097_gold ($_MUX_): \register[17]_gold [31] -> \register[17] [31]
Changing input B of cell $abc$15166$auto$blifparse.cc:397:parse_blif$19097_gold ($_MUX_): \register[21]_gold [31] -> \register[21] [31]
Changing input B of cell $abc$15166$auto$blifparse.cc:397:parse_blif$19101_gold ($_MUX_): \register[4]_gold [31] -> \register[4] [31]
Changing input A of cell $abc$15166$auto$blifparse.cc:397:parse_blif$19103_gold ($_MUX_): \register[1]_gold [31] -> \register[1] [31]
Changing input B of cell $abc$15166$auto$blifparse.cc:397:parse_blif$19103_gold ($_MUX_): \register[5]_gold [31] -> \register[5] [31]
Changing input A of cell $abc$15166$auto$blifparse.cc:397:parse_blif$19107_gold ($_MUX_): \register[3]_gold [31] -> \register[3] [31]
Changing input B of cell $abc$15166$auto$blifparse.cc:397:parse_blif$19107_gold ($_MUX_): \register[7]_gold [31] -> \register[7] [31]
Changing input A of cell $abc$15166$auto$blifparse.cc:397:parse_blif$19109_gold ($_MUX_): \register[2]_gold [31] -> \register[2] [31]
Changing input B of cell $abc$15166$auto$blifparse.cc:397:parse_blif$19109_gold ($_MUX_): \register[6]_gold [31] -> \register[6] [31]
Changing input A of cell $abc$15166$auto$blifparse.cc:397:parse_blif$19116_gold ($_MUX_): \register[30]_gold [31] -> \register[30] [31]
Changing input B of cell $abc$15166$auto$blifparse.cc:397:parse_blif$19116_gold ($_MUX_): \register[31]_gold [31] -> \register[31] [31]
Changing input A of cell $abc$15166$auto$blifparse.cc:397:parse_blif$19117_gold ($_MUX_): \register[26]_gold [31] -> \register[26] [31]
Changing input B of cell $abc$15166$auto$blifparse.cc:397:parse_blif$19117_gold ($_MUX_): \register[27]_gold [31] -> \register[27] [31]
Changing input A of cell $abc$15166$auto$blifparse.cc:397:parse_blif$19119_gold ($_MUX_): \register[28]_gold [31] -> \register[28] [31]
Changing input B of cell $abc$15166$auto$blifparse.cc:397:parse_blif$19119_gold ($_MUX_): \register[29]_gold [31] -> \register[29] [31]
Changing input A of cell $abc$15166$auto$blifparse.cc:397:parse_blif$19120_gold ($_MUX_): \register[24]_gold [31] -> \register[24] [31]
Changing input B of cell $abc$15166$auto$blifparse.cc:397:parse_blif$19120_gold ($_MUX_): \register[25]_gold [31] -> \register[25] [31]
Changing input A of cell $abc$15166$auto$blifparse.cc:397:parse_blif$19123_gold ($_MUX_): \register[10]_gold [31] -> \register[10] [31]
Changing input B of cell $abc$15166$auto$blifparse.cc:397:parse_blif$19123_gold ($_MUX_): \register[14]_gold [31] -> \register[14] [31]
Changing input A of cell $abc$15166$auto$blifparse.cc:397:parse_blif$19125_gold ($_ORNOT_): \register[15]_gold [31] -> \register[15] [31]
Changing input B of cell $abc$15166$auto$blifparse.cc:397:parse_blif$19126_gold ($_OR_): \register[11]_gold [31] -> \register[11] [31]
Changing input A of cell $abc$15166$auto$blifparse.cc:397:parse_blif$19130_gold ($_ORNOT_): \register[13]_gold [31] -> \register[13] [31]
Changing input B of cell $abc$15166$auto$blifparse.cc:397:parse_blif$19131_gold ($_OR_): \register[9]_gold [31] -> \register[9] [31]
Changing input A of cell $abc$15166$auto$blifparse.cc:397:parse_blif$19134_gold ($_MUX_): \register[8]_gold [31] -> \register[8] [31]
Changing input B of cell $abc$15166$auto$blifparse.cc:397:parse_blif$19134_gold ($_MUX_): \register[12]_gold [31] -> \register[12] [31]
Changing input A of cell $abc$15166$auto$blifparse.cc:397:parse_blif$19139_gold ($_ORNOT_): \register[21]_gold [31] -> \register[21] [31]
Changing input B of cell $abc$15166$auto$blifparse.cc:397:parse_blif$19140_gold ($_OR_): \register[17]_gold [31] -> \register[17] [31]
Changing input A of cell $abc$15166$auto$blifparse.cc:397:parse_blif$19143_gold ($_MUX_): \register[16]_gold [31] -> \register[16] [31]
Changing input B of cell $abc$15166$auto$blifparse.cc:397:parse_blif$19143_gold ($_MUX_): \register[20]_gold [31] -> \register[20] [31]
Changing input A of cell $abc$15166$auto$blifparse.cc:397:parse_blif$19147_gold ($_ORNOT_): \register[23]_gold [31] -> \register[23] [31]
Changing input B of cell $abc$15166$auto$blifparse.cc:397:parse_blif$19148_gold ($_OR_): \register[19]_gold [31] -> \register[19] [31]
Changing input A of cell $abc$15166$auto$blifparse.cc:397:parse_blif$19151_gold ($_MUX_): \register[18]_gold [31] -> \register[18] [31]
Changing input B of cell $abc$15166$auto$blifparse.cc:397:parse_blif$19151_gold ($_MUX_): \register[22]_gold [31] -> \register[22] [31]
Changing input A of cell $abc$15166$auto$blifparse.cc:397:parse_blif$19157_gold ($_MUX_): \register[2]_gold [31] -> \register[2] [31]
Changing input B of cell $abc$15166$auto$blifparse.cc:397:parse_blif$19157_gold ($_MUX_): \register[6]_gold [31] -> \register[6] [31]
Changing input A of cell $abc$15166$auto$blifparse.cc:397:parse_blif$19159_gold ($_ORNOT_): \register[7]_gold [31] -> \register[7] [31]
Changing input B of cell $abc$15166$auto$blifparse.cc:397:parse_blif$19160_gold ($_OR_): \register[3]_gold [31] -> \register[3] [31]
Changing input B of cell $abc$15166$auto$blifparse.cc:397:parse_blif$19164_gold ($_MUX_): \register[4]_gold [31] -> \register[4] [31]
Changing input A of cell $abc$15166$auto$blifparse.cc:397:parse_blif$19166_gold ($_ORNOT_): \register[5]_gold [31] -> \register[5] [31]
Changing input B of cell $abc$15166$auto$blifparse.cc:397:parse_blif$19167_gold ($_OR_): \register[1]_gold [31] -> \register[1] [31]
Changing input A of cell $abc$15166$auto$blifparse.cc:397:parse_blif$15167_gold ($_ORNOT_): \register[7]_gold [30] -> \register[7] [30]

10. Executing HIERARCHY pass (managing design hierarchy).

10.1. Analyzing design hierarchy..
Top module:  \equiv

10.2. Analyzing design hierarchy..
Top module:  \equiv
Removing unused module `\gate'.
Removing unused module `\gold'.
Removed 2 unused modules.

11. Executing EQUIV_SIMPLE pass.
Found 1056 unproven $equiv cells (33 groups) in equiv:
 Grouping SAT models for \rs1_data:
  Trying to prove $equiv for \rs1_data [0]:ezsat
 success!
  Trying to prove $equiv for \rs1_data [1]:ezsat
 success!
  Trying to prove $equiv for \rs1_data [2]:ezsat
 success!
  Trying to prove $equiv for \rs1_data [3]:ezsat
 success!
  Trying to prove $equiv for \rs1_data [4]:ezsat
 success!
  Trying to prove $equiv for \rs1_data [5]:ezsat
 success!
  Trying to prove $equiv for \rs1_data [6]:ezsat
 success!
  Trying to prove $equiv for \rs1_data [7]:ezsat
 success!
  Trying to prove $equiv for \rs1_data [8]:ezsat
 success!
  Trying to prove $equiv for \rs1_data [9]:ezsat
 success!
  Trying to prove $equiv for \rs1_data [10]:ezsat
 success!
  Trying to prove $equiv for \rs1_data [11]:ezsat
 success!
  Trying to prove $equiv for \rs1_data [12]:ezsat
 success!
  Trying to prove $equiv for \rs1_data [13]:ezsat
 success!
  Trying to prove $equiv for \rs1_data [14]:ezsat
 success!
  Trying to prove $equiv for \rs1_data [15]:ezsat
 success!
  Trying to prove $equiv for \rs1_data [16]:ezsat
 success!
  Trying to prove $equiv for \rs1_data [17]:ezsat
 success!
  Trying to prove $equiv for \rs1_data [18]:ezsat
 success!
  Trying to prove $equiv for \rs1_data [19]:ezsat
 success!
  Trying to prove $equiv for \rs1_data [20]:ezsat
 success!
  Trying to prove $equiv for \rs1_data [21]:ezsat
 success!
  Trying to prove $equiv for \rs1_data [22]:ezsat
 success!
  Trying to prove $equiv for \rs1_data [23]:ezsat
 success!
  Trying to prove $equiv for \rs1_data [24]:ezsat
 success!
  Trying to prove $equiv for \rs1_data [25]:ezsat
 success!
  Trying to prove $equiv for \rs1_data [26]:ezsat
 success!
  Trying to prove $equiv for \rs1_data [27]:ezsat
 success!
  Trying to prove $equiv for \rs1_data [28]:ezsat
 success!
  Trying to prove $equiv for \rs1_data [29]:ezsat
 success!
  Trying to prove $equiv for \rs1_data [30]:ezsat
 success!
  Trying to prove $equiv for \rs1_data [31]:ezsat
 success!
 Grouping SAT models for \rs2_data:
  Trying to prove $equiv for \rs2_data [0]:ezsat
 success!
  Trying to prove $equiv for \rs2_data [1]:ezsat
 success!
  Trying to prove $equiv for \rs2_data [2]:ezsat
 success!
  Trying to prove $equiv for \rs2_data [3]:ezsat
 success!
  Trying to prove $equiv for \rs2_data [4]:ezsat
 success!
  Trying to prove $equiv for \rs2_data [5]:ezsat
 success!
  Trying to prove $equiv for \rs2_data [6]:ezsat
 success!
  Trying to prove $equiv for \rs2_data [7]:ezsat
 success!
  Trying to prove $equiv for \rs2_data [8]:ezsat
 success!
  Trying to prove $equiv for \rs2_data [9]:ezsat
 success!
  Trying to prove $equiv for \rs2_data [10]:ezsat
 success!
  Trying to prove $equiv for \rs2_data [11]:ezsat
 success!
  Trying to prove $equiv for \rs2_data [12]:ezsat
 success!
  Trying to prove $equiv for \rs2_data [13]:ezsat
 success!
  Trying to prove $equiv for \rs2_data [14]:ezsat
 success!
  Trying to prove $equiv for \rs2_data [15]:ezsat
 success!
  Trying to prove $equiv for \rs2_data [16]:ezsat
 success!
  Trying to prove $equiv for \rs2_data [17]:ezsat
 success!
  Trying to prove $equiv for \rs2_data [18]:ezsat
 success!
  Trying to prove $equiv for \rs2_data [19]:ezsat
 success!
  Trying to prove $equiv for \rs2_data [20]:ezsat
 success!
  Trying to prove $equiv for \rs2_data [21]:ezsat
 success!
  Trying to prove $equiv for \rs2_data [22]:ezsat
 success!
  Trying to prove $equiv for \rs2_data [23]:ezsat
 success!
  Trying to prove $equiv for \rs2_data [24]:ezsat
 success!
  Trying to prove $equiv for \rs2_data [25]:ezsat
 success!
  Trying to prove $equiv for \rs2_data [26]:ezsat
 success!
  Trying to prove $equiv for \rs2_data [27]:ezsat
 success!
  Trying to prove $equiv for \rs2_data [28]:ezsat
 success!
  Trying to prove $equiv for \rs2_data [29]:ezsat
 success!
  Trying to prove $equiv for \rs2_data [30]:ezsat
 success!
  Trying to prove $equiv for \rs2_data [31]:ezsat
 success!
 Grouping SAT models for \register[9]:
  Trying to prove $equiv for \register[9] [0]:ezsat
ezsat
 failed.
  Trying to prove $equiv for \register[9] [1]:ezsat
ezsat
 failed.
  Trying to prove $equiv for \register[9] [2]:ezsat
ezsat
 failed.
  Trying to prove $equiv for \register[9] [3]:ezsat
ezsat
 failed.
  Trying to prove $equiv for \register[9] [4]:ezsat
ezsat
 failed.
  Trying to prove $equiv for \register[9] [5]:ezsat
ezsat
 failed.
  Trying to prove $equiv for \register[9] [6]:ezsat
ezsat
 failed.
  Trying to prove $equiv for \register[9] [7]:ezsat
ezsat
 failed.
  Trying to prove $equiv for \register[9] [8]:ezsat
ezsat
 failed.
  Trying to prove $equiv for \register[9] [9]:ezsat
ezsat
 failed.
  Trying to prove $equiv for \register[9] [10]:ezsat
ezsat
 failed.
  Trying to prove $equiv for \register[9] [11]:ezsat
ezsat
 failed.
  Trying to prove $equiv for \register[9] [12]:ezsat
ezsat
 failed.
  Trying to prove $equiv for \register[9] [13]:ezsat
ezsat
 failed.
  Trying to prove $equiv for \register[9] [14]:ezsat
ezsat
 failed.
  Trying to prove $equiv for \register[9] [15]:ezsat
ezsat
 failed.
  Trying to prove $equiv for \register[9] [16]:ezsat
ezsat
 failed.
  Trying to prove $equiv for \register[9] [17]:ezsat
ezsat
 failed.
  Trying to prove $equiv for \register[9] [18]:ezsat
ezsat
 failed.
  Trying to prove $equiv for \register[9] [19]:ezsat
ezsat
 failed.
  Trying to prove $equiv for \register[9] [20]:ezsat
ezsat
 failed.
  Trying to prove $equiv for \register[9] [21]:ezsat
ezsat
 failed.
  Trying to prove $equiv for \register[9] [22]:ezsat
ezsat
 failed.
  Trying to prove $equiv for \register[9] [23]:ezsat
ezsat
 failed.
  Trying to prove $equiv for \register[9] [24]:ezsat
ezsat
 failed.
  Trying to prove $equiv for \register[9] [25]:ezsat
ezsat
 failed.
  Trying to prove $equiv for \register[9] [26]:ezsat
ezsat
 failed.
  Trying to prove $equiv for \register[9] [27]:ezsat
ezsat
 failed.
  Trying to prove $equiv for \register[9] [28]:ezsat
ezsat
 failed.
  Trying to prove $equiv for \register[9] [29]:ezsat
ezsat
 failed.
  Trying to prove $equiv for \register[9] [30]:ezsat
ezsat
 failed.
  Trying to prove $equiv for \register[9] [31]:ezsat
ezsat
 failed.
 Grouping SAT models for \register[8]:
  Trying to prove $equiv for \register[8] [0]:ezsat
ezsat
 failed.
  Trying to prove $equiv for \register[8] [1]:ezsat
ezsat
 failed.
  Trying to prove $equiv for \register[8] [2]:ezsat
ezsat
 failed.
  Trying to prove $equiv for \register[8] [3]:ezsat
ezsat
 failed.
  Trying to prove $equiv for \register[8] [4]:ezsat
ezsat
 failed.
  Trying to prove $equiv for \register[8] [5]:ezsat
ezsat
 failed.
  Trying to prove $equiv for \register[8] [6]:ezsat
ezsat
 failed.
  Trying to prove $equiv for \register[8] [7]:ezsat
ezsat
 failed.
  Trying to prove $equiv for \register[8] [8]:ezsat
ezsat
 failed.
  Trying to prove $equiv for \register[8] [9]:ezsat
ezsat
 failed.
  Trying to prove $equiv for \register[8] [10]:ezsat
ezsat
 failed.
  Trying to prove $equiv for \register[8] [11]:ezsat
ezsat
 failed.
  Trying to prove $equiv for \register[8] [12]:ezsat
ezsat
 failed.
  Trying to prove $equiv for \register[8] [13]:ezsat
ezsat
 failed.
  Trying to prove $equiv for \register[8] [14]:ezsat
ezsat
 failed.
  Trying to prove $equiv for \register[8] [15]:ezsat
ezsat
 failed.
  Trying to prove $equiv for \register[8] [16]:ezsat
ezsat
 failed.
  Trying to prove $equiv for \register[8] [17]:ezsat
ezsat
 failed.
  Trying to prove $equiv for \register[8] [18]:ezsat
ezsat
 failed.
  Trying to prove $equiv for \register[8] [19]:ezsat
ezsat
 failed.
  Trying to prove $equiv for \register[8] [20]:ezsat
ezsat
 failed.
  Trying to prove $equiv for \register[8] [21]:ezsat
ezsat
 failed.
  Trying to prove $equiv for \register[8] [22]:ezsat
ezsat
 failed.
  Trying to prove $equiv for \register[8] [23]:ezsat
ezsat
 failed.
  Trying to prove $equiv for \register[8] [24]:ezsat
ezsat
 failed.
  Trying to prove $equiv for \register[8] [25]:ezsat
ezsat
 failed.
  Trying to prove $equiv for \register[8] [26]:ezsat
ezsat
 failed.
  Trying to prove $equiv for \register[8] [27]:ezsat
ezsat
 failed.
  Trying to prove $equiv for \register[8] [28]:ezsat
ezsat
 failed.
  Trying to prove $equiv for \register[8] [29]:ezsat
ezsat
 failed.
  Trying to prove $equiv for \register[8] [30]:ezsat
ezsat
 failed.
  Trying to prove $equiv for \register[8] [31]:ezsat
ezsat
 failed.
 Grouping SAT models for \register[7]:
  Trying to prove $equiv for \register[7] [0]:ezsat
ezsat
 failed.
  Trying to prove $equiv for \register[7] [1]:ezsat
ezsat
 failed.
  Trying to prove $equiv for \register[7] [2]:ezsat
ezsat
 failed.
  Trying to prove $equiv for \register[7] [3]:ezsat
ezsat
 failed.
  Trying to prove $equiv for \register[7] [4]:ezsat
ezsat
 failed.
  Trying to prove $equiv for \register[7] [5]:ezsat
ezsat
 failed.
  Trying to prove $equiv for \register[7] [6]:ezsat
ezsat
 failed.
  Trying to prove $equiv for \register[7] [7]:ezsat
ezsat
 failed.
  Trying to prove $equiv for \register[7] [8]:ezsat
ezsat
 failed.
  Trying to prove $equiv for \register[7] [9]:ezsat
ezsat
 failed.
  Trying to prove $equiv for \register[7] [10]:ezsat
ezsat
 failed.
  Trying to prove $equiv for \register[7] [11]:ezsat
ezsat
 failed.
  Trying to prove $equiv for \register[7] [12]:ezsat
ezsat
 failed.
  Trying to prove $equiv for \register[7] [13]:ezsat
ezsat
 failed.
  Trying to prove $equiv for \register[7] [14]:ezsat
ezsat
 failed.
  Trying to prove $equiv for \register[7] [15]:ezsat
ezsat
 failed.
  Trying to prove $equiv for \register[7] [16]:ezsat
ezsat
 failed.
  Trying to prove $equiv for \register[7] [17]:ezsat
ezsat
 failed.
  Trying to prove $equiv for \register[7] [18]:ezsat
ezsat
 failed.
  Trying to prove $equiv for \register[7] [19]:ezsat
ezsat
 failed.
  Trying to prove $equiv for \register[7] [20]:ezsat
ezsat
 failed.
  Trying to prove $equiv for \register[7] [21]:ezsat
ezsat
 failed.
  Trying to prove $equiv for \register[7] [22]:ezsat
ezsat
 failed.
  Trying to prove $equiv for \register[7] [23]:ezsat
ezsat
 failed.
  Trying to prove $equiv for \register[7] [24]:ezsat
ezsat
 failed.
  Trying to prove $equiv for \register[7] [25]:ezsat
ezsat
 failed.
  Trying to prove $equiv for \register[7] [26]:ezsat
ezsat
 failed.
  Trying to prove $equiv for \register[7] [27]:ezsat
ezsat
 failed.
  Trying to prove $equiv for \register[7] [28]:ezsat
ezsat
 failed.
  Trying to prove $equiv for \register[7] [29]:ezsat
ezsat
 failed.
  Trying to prove $equiv for \register[7] [30]:ezsat
ezsat
 failed.
  Trying to prove $equiv for \register[7] [31]:ezsat
ezsat
 failed.
 Grouping SAT models for \register[6]:
  Trying to prove $equiv for \register[6] [0]:ezsat
ezsat
 failed.
  Trying to prove $equiv for \register[6] [1]:ezsat
ezsat
 failed.
  Trying to prove $equiv for \register[6] [2]:ezsat
ezsat
 failed.
  Trying to prove $equiv for \register[6] [3]:ezsat
ezsat
 failed.
  Trying to prove $equiv for \register[6] [4]:ezsat
ezsat
 failed.
  Trying to prove $equiv for \register[6] [5]:ezsat
ezsat
 failed.
  Trying to prove $equiv for \register[6] [6]:ezsat
ezsat
 failed.
  Trying to prove $equiv for \register[6] [7]:ezsat
ezsat
 failed.
  Trying to prove $equiv for \register[6] [8]:ezsat
ezsat
 failed.
  Trying to prove $equiv for \register[6] [9]:ezsat
ezsat
 failed.
  Trying to prove $equiv for \register[6] [10]:ezsat
ezsat
 failed.
  Trying to prove $equiv for \register[6] [11]:ezsat
ezsat
 failed.
  Trying to prove $equiv for \register[6] [12]:ezsat
ezsat
 failed.
  Trying to prove $equiv for \register[6] [13]:ezsat
ezsat
 failed.
  Trying to prove $equiv for \register[6] [14]:ezsat
ezsat
 failed.
  Trying to prove $equiv for \register[6] [15]:ezsat
ezsat
 failed.
  Trying to prove $equiv for \register[6] [16]:ezsat
ezsat
 failed.
  Trying to prove $equiv for \register[6] [17]:ezsat
ezsat
 failed.
  Trying to prove $equiv for \register[6] [18]:ezsat
ezsat
 failed.
  Trying to prove $equiv for \register[6] [19]:ezsat
ezsat
 failed.
  Trying to prove $equiv for \register[6] [20]:ezsat
ezsat
 failed.
  Trying to prove $equiv for \register[6] [21]:ezsat
ezsat
 failed.
  Trying to prove $equiv for \register[6] [22]:ezsat
ezsat
 failed.
  Trying to prove $equiv for \register[6] [23]:ezsat
ezsat
 failed.
  Trying to prove $equiv for \register[6] [24]:ezsat
ezsat
 failed.
  Trying to prove $equiv for \register[6] [25]:ezsat
ezsat
 failed.
  Trying to prove $equiv for \register[6] [26]:ezsat
ezsat
 failed.
  Trying to prove $equiv for \register[6] [27]:ezsat
ezsat
 failed.
  Trying to prove $equiv for \register[6] [28]:ezsat
ezsat
 failed.
  Trying to prove $equiv for \register[6] [29]:ezsat
ezsat
 failed.
  Trying to prove $equiv for \register[6] [30]:ezsat
ezsat
 failed.
  Trying to prove $equiv for \register[6] [31]:ezsat
ezsat
 failed.
 Grouping SAT models for \register[5]:
  Trying to prove $equiv for \register[5] [0]:ezsat
ezsat
 failed.
  Trying to prove $equiv for \register[5] [1]:ezsat
ezsat
 failed.
  Trying to prove $equiv for \register[5] [2]:ezsat
ezsat
 failed.
  Trying to prove $equiv for \register[5] [3]:ezsat
ezsat
 failed.
  Trying to prove $equiv for \register[5] [4]:ezsat
ezsat
 failed.
  Trying to prove $equiv for \register[5] [5]:ezsat
ezsat
 failed.
  Trying to prove $equiv for \register[5] [6]:ezsat
ezsat
 failed.
  Trying to prove $equiv for \register[5] [7]:ezsat
ezsat
 failed.
  Trying to prove $equiv for \register[5] [8]:ezsat
ezsat
 failed.
  Trying to prove $equiv for \register[5] [9]:ezsat
ezsat
 failed.
  Trying to prove $equiv for \register[5] [10]:ezsat
ezsat
 failed.
  Trying to prove $equiv for \register[5] [11]:ezsat
ezsat
 failed.
  Trying to prove $equiv for \register[5] [12]:ezsat
ezsat
 failed.
  Trying to prove $equiv for \register[5] [13]:ezsat
ezsat
 failed.
  Trying to prove $equiv for \register[5] [14]:ezsat
ezsat
 failed.
  Trying to prove $equiv for \register[5] [15]:ezsat
ezsat
 failed.
  Trying to prove $equiv for \register[5] [16]:ezsat
ezsat
 failed.
  Trying to prove $equiv for \register[5] [17]:ezsat
ezsat
 failed.
  Trying to prove $equiv for \register[5] [18]:ezsat
ezsat
 failed.
  Trying to prove $equiv for \register[5] [19]:ezsat
ezsat
 failed.
  Trying to prove $equiv for \register[5] [20]:ezsat
ezsat
 failed.
  Trying to prove $equiv for \register[5] [21]:ezsat
ezsat
 failed.
  Trying to prove $equiv for \register[5] [22]:ezsat
ezsat
 failed.
  Trying to prove $equiv for \register[5] [23]:ezsat
ezsat
 failed.
  Trying to prove $equiv for \register[5] [24]:ezsat
ezsat
 failed.
  Trying to prove $equiv for \register[5] [25]:ezsat
ezsat
 failed.
  Trying to prove $equiv for \register[5] [26]:ezsat
ezsat
 failed.
  Trying to prove $equiv for \register[5] [27]:ezsat
ezsat
 failed.
  Trying to prove $equiv for \register[5] [28]:ezsat
ezsat
 failed.
  Trying to prove $equiv for \register[5] [29]:ezsat
ezsat
 failed.
  Trying to prove $equiv for \register[5] [30]:ezsat
ezsat
 failed.
  Trying to prove $equiv for \register[5] [31]:ezsat
ezsat
 failed.
 Grouping SAT models for \register[4]:
  Trying to prove $equiv for \register[4] [0]:ezsat
ezsat
 failed.
  Trying to prove $equiv for \register[4] [1]:ezsat
ezsat
 failed.
  Trying to prove $equiv for \register[4] [2]:ezsat
ezsat
 failed.
  Trying to prove $equiv for \register[4] [3]:ezsat
ezsat
 failed.
  Trying to prove $equiv for \register[4] [4]:ezsat
ezsat
 failed.
  Trying to prove $equiv for \register[4] [5]:ezsat
ezsat
 failed.
  Trying to prove $equiv for \register[4] [6]:ezsat
ezsat
 failed.
  Trying to prove $equiv for \register[4] [7]:ezsat
ezsat
 failed.
  Trying to prove $equiv for \register[4] [8]:ezsat
ezsat
 failed.
  Trying to prove $equiv for \register[4] [9]:ezsat
ezsat
 failed.
  Trying to prove $equiv for \register[4] [10]:ezsat
ezsat
 failed.
  Trying to prove $equiv for \register[4] [11]:ezsat
ezsat
 failed.
  Trying to prove $equiv for \register[4] [12]:ezsat
ezsat
 failed.
  Trying to prove $equiv for \register[4] [13]:ezsat
ezsat
 failed.
  Trying to prove $equiv for \register[4] [14]:ezsat
ezsat
 failed.
  Trying to prove $equiv for \register[4] [15]:ezsat
ezsat
 failed.
  Trying to prove $equiv for \register[4] [16]:ezsat
ezsat
 failed.
  Trying to prove $equiv for \register[4] [17]:ezsat
ezsat
 failed.
  Trying to prove $equiv for \register[4] [18]:ezsat
ezsat
 failed.
  Trying to prove $equiv for \register[4] [19]:ezsat
ezsat
 failed.
  Trying to prove $equiv for \register[4] [20]:ezsat
ezsat
 failed.
  Trying to prove $equiv for \register[4] [21]:ezsat
ezsat
 failed.
  Trying to prove $equiv for \register[4] [22]:ezsat
ezsat
 failed.
  Trying to prove $equiv for \register[4] [23]:ezsat
ezsat
 failed.
  Trying to prove $equiv for \register[4] [24]:ezsat
ezsat
 failed.
  Trying to prove $equiv for \register[4] [25]:ezsat
ezsat
 failed.
  Trying to prove $equiv for \register[4] [26]:ezsat
ezsat
 failed.
  Trying to prove $equiv for \register[4] [27]:ezsat
ezsat
 failed.
  Trying to prove $equiv for \register[4] [28]:ezsat
ezsat
 failed.
  Trying to prove $equiv for \register[4] [29]:ezsat
ezsat
 failed.
  Trying to prove $equiv for \register[4] [30]:ezsat
ezsat
 failed.
  Trying to prove $equiv for \register[4] [31]:ezsat
ezsat
 failed.
 Grouping SAT models for \register[3]:
  Trying to prove $equiv for \register[3] [0]:ezsat
ezsat
 failed.
  Trying to prove $equiv for \register[3] [1]:ezsat
ezsat
 failed.
  Trying to prove $equiv for \register[3] [2]:ezsat
ezsat
 failed.
  Trying to prove $equiv for \register[3] [3]:ezsat
ezsat
 failed.
  Trying to prove $equiv for \register[3] [4]:ezsat
ezsat
 failed.
  Trying to prove $equiv for \register[3] [5]:ezsat
ezsat
 failed.
  Trying to prove $equiv for \register[3] [6]:ezsat
ezsat
 failed.
  Trying to prove $equiv for \register[3] [7]:ezsat
ezsat
 failed.
  Trying to prove $equiv for \register[3] [8]:ezsat
ezsat
 failed.
  Trying to prove $equiv for \register[3] [9]:ezsat
ezsat
 failed.
  Trying to prove $equiv for \register[3] [10]:ezsat
ezsat
 failed.
  Trying to prove $equiv for \register[3] [11]:ezsat
ezsat
 failed.
  Trying to prove $equiv for \register[3] [12]:ezsat
ezsat
 failed.
  Trying to prove $equiv for \register[3] [13]:ezsat
ezsat
 failed.
  Trying to prove $equiv for \register[3] [14]:ezsat
ezsat
 failed.
  Trying to prove $equiv for \register[3] [15]:ezsat
ezsat
 failed.
  Trying to prove $equiv for \register[3] [16]:ezsat
ezsat
 failed.
  Trying to prove $equiv for \register[3] [17]:ezsat
ezsat
 failed.
  Trying to prove $equiv for \register[3] [18]:ezsat
ezsat
 failed.
  Trying to prove $equiv for \register[3] [19]:ezsat
ezsat
 failed.
  Trying to prove $equiv for \register[3] [20]:ezsat
ezsat
 failed.
  Trying to prove $equiv for \register[3] [21]:ezsat
ezsat
 failed.
  Trying to prove $equiv for \register[3] [22]:ezsat
ezsat
 failed.
  Trying to prove $equiv for \register[3] [23]:ezsat
ezsat
 failed.
  Trying to prove $equiv for \register[3] [24]:ezsat
ezsat
 failed.
  Trying to prove $equiv for \register[3] [25]:ezsat
ezsat
 failed.
  Trying to prove $equiv for \register[3] [26]:ezsat
ezsat
 failed.
  Trying to prove $equiv for \register[3] [27]:ezsat
ezsat
 failed.
  Trying to prove $equiv for \register[3] [28]:ezsat
ezsat
 failed.
  Trying to prove $equiv for \register[3] [29]:ezsat
ezsat
 failed.
  Trying to prove $equiv for \register[3] [30]:ezsat
ezsat
 failed.
  Trying to prove $equiv for \register[3] [31]:ezsat
ezsat
 failed.
 Grouping SAT models for \register[31]:
  Trying to prove $equiv for \register[31] [0]:ezsat
ezsat
 failed.
  Trying to prove $equiv for \register[31] [1]:ezsat
ezsat
 failed.
  Trying to prove $equiv for \register[31] [2]:ezsat
ezsat
 failed.
  Trying to prove $equiv for \register[31] [3]:ezsat
ezsat
 failed.
  Trying to prove $equiv for \register[31] [4]:ezsat
ezsat
 failed.
  Trying to prove $equiv for \register[31] [5]:ezsat
ezsat
 failed.
  Trying to prove $equiv for \register[31] [6]:ezsat
ezsat
 failed.
  Trying to prove $equiv for \register[31] [7]:ezsat
ezsat
 failed.
  Trying to prove $equiv for \register[31] [8]:ezsat
ezsat
 failed.
  Trying to prove $equiv for \register[31] [9]:ezsat
ezsat
 failed.
  Trying to prove $equiv for \register[31] [10]:ezsat
ezsat
 failed.
  Trying to prove $equiv for \register[31] [11]:ezsat
ezsat
 failed.
  Trying to prove $equiv for \register[31] [12]:ezsat
ezsat
 failed.
  Trying to prove $equiv for \register[31] [13]:ezsat
ezsat
 failed.
  Trying to prove $equiv for \register[31] [14]:ezsat
ezsat
 failed.
  Trying to prove $equiv for \register[31] [15]:ezsat
ezsat
 failed.
  Trying to prove $equiv for \register[31] [16]:ezsat
ezsat
 failed.
  Trying to prove $equiv for \register[31] [17]:ezsat
ezsat
 failed.
  Trying to prove $equiv for \register[31] [18]:ezsat
ezsat
 failed.
  Trying to prove $equiv for \register[31] [19]:ezsat
ezsat
 failed.
  Trying to prove $equiv for \register[31] [20]:ezsat
ezsat
 failed.
  Trying to prove $equiv for \register[31] [21]:ezsat
ezsat
 failed.
  Trying to prove $equiv for \register[31] [22]:ezsat
ezsat
 failed.
  Trying to prove $equiv for \register[31] [23]:ezsat
ezsat
 failed.
  Trying to prove $equiv for \register[31] [24]:ezsat
ezsat
 failed.
  Trying to prove $equiv for \register[31] [25]:ezsat
ezsat
 failed.
  Trying to prove $equiv for \register[31] [26]:ezsat
ezsat
 failed.
  Trying to prove $equiv for \register[31] [27]:ezsat
ezsat
 failed.
  Trying to prove $equiv for \register[31] [28]:ezsat
ezsat
 failed.
  Trying to prove $equiv for \register[31] [29]:ezsat
ezsat
 failed.
  Trying to prove $equiv for \register[31] [30]:ezsat
ezsat
 failed.
  Trying to prove $equiv for \register[31] [31]:ezsat
ezsat
 failed.
 Grouping SAT models for \register[30]:
  Trying to prove $equiv for \register[30] [0]:ezsat
ezsat
 failed.
  Trying to prove $equiv for \register[30] [1]:ezsat
ezsat
 failed.
  Trying to prove $equiv for \register[30] [2]:ezsat
ezsat
 failed.
  Trying to prove $equiv for \register[30] [3]:ezsat
ezsat
 failed.
  Trying to prove $equiv for \register[30] [4]:ezsat
ezsat
 failed.
  Trying to prove $equiv for \register[30] [5]:ezsat
ezsat
 failed.
  Trying to prove $equiv for \register[30] [6]:ezsat
ezsat
 failed.
  Trying to prove $equiv for \register[30] [7]:ezsat
ezsat
 failed.
  Trying to prove $equiv for \register[30] [8]:ezsat
ezsat
 failed.
  Trying to prove $equiv for \register[30] [9]:ezsat
ezsat
 failed.
  Trying to prove $equiv for \register[30] [10]:ezsat
ezsat
 failed.
  Trying to prove $equiv for \register[30] [11]:ezsat
ezsat
 failed.
  Trying to prove $equiv for \register[30] [12]:ezsat
ezsat
 failed.
  Trying to prove $equiv for \register[30] [13]:ezsat
ezsat
 failed.
  Trying to prove $equiv for \register[30] [14]:ezsat
ezsat
 failed.
  Trying to prove $equiv for \register[30] [15]:ezsat
ezsat
 failed.
  Trying to prove $equiv for \register[30] [16]:ezsat
ezsat
 failed.
  Trying to prove $equiv for \register[30] [17]:ezsat
ezsat
 failed.
  Trying to prove $equiv for \register[30] [18]:ezsat
ezsat
 failed.
  Trying to prove $equiv for \register[30] [19]:ezsat
ezsat
 failed.
  Trying to prove $equiv for \register[30] [20]:ezsat
ezsat
 failed.
  Trying to prove $equiv for \register[30] [21]:ezsat
ezsat
 failed.
  Trying to prove $equiv for \register[30] [22]:ezsat
ezsat
 failed.
  Trying to prove $equiv for \register[30] [23]:ezsat
ezsat
 failed.
  Trying to prove $equiv for \register[30] [24]:ezsat
ezsat
 failed.
  Trying to prove $equiv for \register[30] [25]:ezsat
ezsat
 failed.
  Trying to prove $equiv for \register[30] [26]:ezsat
ezsat
 failed.
  Trying to prove $equiv for \register[30] [27]:ezsat
ezsat
 failed.
  Trying to prove $equiv for \register[30] [28]:ezsat
ezsat
 failed.
  Trying to prove $equiv for \register[30] [29]:ezsat
ezsat
 failed.
  Trying to prove $equiv for \register[30] [30]:ezsat
ezsat
 failed.
  Trying to prove $equiv for \register[30] [31]:ezsat
ezsat
 failed.
 Grouping SAT models for \register[2]:
  Trying to prove $equiv for \register[2] [0]:ezsat
ezsat
 failed.
  Trying to prove $equiv for \register[2] [1]:ezsat
ezsat
 failed.
  Trying to prove $equiv for \register[2] [2]:ezsat
ezsat
 failed.
  Trying to prove $equiv for \register[2] [3]:ezsat
ezsat
 failed.
  Trying to prove $equiv for \register[2] [4]:ezsat
ezsat
 failed.
  Trying to prove $equiv for \register[2] [5]:ezsat
ezsat
 failed.
  Trying to prove $equiv for \register[2] [6]:ezsat
ezsat
 failed.
  Trying to prove $equiv for \register[2] [7]:ezsat
ezsat
 failed.
  Trying to prove $equiv for \register[2] [8]:ezsat
ezsat
 failed.
  Trying to prove $equiv for \register[2] [9]:ezsat
ezsat
 failed.
  Trying to prove $equiv for \register[2] [10]:ezsat
ezsat
 failed.
  Trying to prove $equiv for \register[2] [11]:ezsat
ezsat
 failed.
  Trying to prove $equiv for \register[2] [12]:ezsat
ezsat
 failed.
  Trying to prove $equiv for \register[2] [13]:ezsat
ezsat
 failed.
  Trying to prove $equiv for \register[2] [14]:ezsat
ezsat
 failed.
  Trying to prove $equiv for \register[2] [15]:ezsat
ezsat
 failed.
  Trying to prove $equiv for \register[2] [16]:ezsat
ezsat
 failed.
  Trying to prove $equiv for \register[2] [17]:ezsat
ezsat
 failed.
  Trying to prove $equiv for \register[2] [18]:ezsat
ezsat
 failed.
  Trying to prove $equiv for \register[2] [19]:ezsat
ezsat
 failed.
  Trying to prove $equiv for \register[2] [20]:ezsat
ezsat
 failed.
  Trying to prove $equiv for \register[2] [21]:ezsat
ezsat
 failed.
  Trying to prove $equiv for \register[2] [22]:ezsat
ezsat
 failed.
  Trying to prove $equiv for \register[2] [23]:ezsat
ezsat
 failed.
  Trying to prove $equiv for \register[2] [24]:ezsat
ezsat
 failed.
  Trying to prove $equiv for \register[2] [25]:ezsat
ezsat
 failed.
  Trying to prove $equiv for \register[2] [26]:ezsat
ezsat
 failed.
  Trying to prove $equiv for \register[2] [27]:ezsat
ezsat
 failed.
  Trying to prove $equiv for \register[2] [28]:ezsat
ezsat
 failed.
  Trying to prove $equiv for \register[2] [29]:ezsat
ezsat
 failed.
  Trying to prove $equiv for \register[2] [30]:ezsat
ezsat
 failed.
  Trying to prove $equiv for \register[2] [31]:ezsat
ezsat
 failed.
 Grouping SAT models for \register[29]:
  Trying to prove $equiv for \register[29] [0]:ezsat
ezsat
 failed.
  Trying to prove $equiv for \register[29] [1]:ezsat
ezsat
 failed.
  Trying to prove $equiv for \register[29] [2]:ezsat
ezsat
 failed.
  Trying to prove $equiv for \register[29] [3]:ezsat
ezsat
 failed.
  Trying to prove $equiv for \register[29] [4]:ezsat
ezsat
 failed.
  Trying to prove $equiv for \register[29] [5]:ezsat
ezsat
 failed.
  Trying to prove $equiv for \register[29] [6]:ezsat
ezsat
 failed.
  Trying to prove $equiv for \register[29] [7]:ezsat
ezsat
 failed.
  Trying to prove $equiv for \register[29] [8]:ezsat
ezsat
 failed.
  Trying to prove $equiv for \register[29] [9]:ezsat
ezsat
 failed.
  Trying to prove $equiv for \register[29] [10]:ezsat
ezsat
 failed.
  Trying to prove $equiv for \register[29] [11]:ezsat
ezsat
 failed.
  Trying to prove $equiv for \register[29] [12]:ezsat
ezsat
 failed.
  Trying to prove $equiv for \register[29] [13]:ezsat
ezsat
 failed.
  Trying to prove $equiv for \register[29] [14]:ezsat
ezsat
 failed.
  Trying to prove $equiv for \register[29] [15]:ezsat
ezsat
 failed.
  Trying to prove $equiv for \register[29] [16]:ezsat
ezsat
 failed.
  Trying to prove $equiv for \register[29] [17]:ezsat
ezsat
 failed.
  Trying to prove $equiv for \register[29] [18]:ezsat
ezsat
 failed.
  Trying to prove $equiv for \register[29] [19]:ezsat
ezsat
 failed.
  Trying to prove $equiv for \register[29] [20]:ezsat
ezsat
 failed.
  Trying to prove $equiv for \register[29] [21]:ezsat
ezsat
 failed.
  Trying to prove $equiv for \register[29] [22]:ezsat
ezsat
 failed.
  Trying to prove $equiv for \register[29] [23]:ezsat
ezsat
 failed.
  Trying to prove $equiv for \register[29] [24]:ezsat
ezsat
 failed.
  Trying to prove $equiv for \register[29] [25]:ezsat
ezsat
 failed.
  Trying to prove $equiv for \register[29] [26]:ezsat
ezsat
 failed.
  Trying to prove $equiv for \register[29] [27]:ezsat
ezsat
 failed.
  Trying to prove $equiv for \register[29] [28]:ezsat
ezsat
 failed.
  Trying to prove $equiv for \register[29] [29]:ezsat
ezsat
 failed.
  Trying to prove $equiv for \register[29] [30]:ezsat
ezsat
 failed.
  Trying to prove $equiv for \register[29] [31]:ezsat
ezsat
 failed.
 Grouping SAT models for \register[28]:
  Trying to prove $equiv for \register[28] [0]:ezsat
ezsat
 failed.
  Trying to prove $equiv for \register[28] [1]:ezsat
ezsat
 failed.
  Trying to prove $equiv for \register[28] [2]:ezsat
ezsat
 failed.
  Trying to prove $equiv for \register[28] [3]:ezsat
ezsat
 failed.
  Trying to prove $equiv for \register[28] [4]:ezsat
ezsat
 failed.
  Trying to prove $equiv for \register[28] [5]:ezsat
ezsat
 failed.
  Trying to prove $equiv for \register[28] [6]:ezsat
ezsat
 failed.
  Trying to prove $equiv for \register[28] [7]:ezsat
ezsat
 failed.
  Trying to prove $equiv for \register[28] [8]:ezsat
ezsat
 failed.
  Trying to prove $equiv for \register[28] [9]:ezsat
ezsat
 failed.
  Trying to prove $equiv for \register[28] [10]:ezsat
ezsat
 failed.
  Trying to prove $equiv for \register[28] [11]:ezsat
ezsat
 failed.
  Trying to prove $equiv for \register[28] [12]:ezsat
ezsat
 failed.
  Trying to prove $equiv for \register[28] [13]:ezsat
ezsat
 failed.
  Trying to prove $equiv for \register[28] [14]:ezsat
ezsat
 failed.
  Trying to prove $equiv for \register[28] [15]:ezsat
ezsat
 failed.
  Trying to prove $equiv for \register[28] [16]:ezsat
ezsat
 failed.
  Trying to prove $equiv for \register[28] [17]:ezsat
ezsat
 failed.
  Trying to prove $equiv for \register[28] [18]:ezsat
ezsat
 failed.
  Trying to prove $equiv for \register[28] [19]:ezsat
ezsat
 failed.
  Trying to prove $equiv for \register[28] [20]:ezsat
ezsat
 failed.
  Trying to prove $equiv for \register[28] [21]:ezsat
ezsat
 failed.
  Trying to prove $equiv for \register[28] [22]:ezsat
ezsat
 failed.
  Trying to prove $equiv for \register[28] [23]:ezsat
ezsat
 failed.
  Trying to prove $equiv for \register[28] [24]:ezsat
ezsat
 failed.
  Trying to prove $equiv for \register[28] [25]:ezsat
ezsat
 failed.
  Trying to prove $equiv for \register[28] [26]:ezsat
ezsat
 failed.
  Trying to prove $equiv for \register[28] [27]:ezsat
ezsat
 failed.
  Trying to prove $equiv for \register[28] [28]:ezsat
ezsat
 failed.
  Trying to prove $equiv for \register[28] [29]:ezsat
ezsat
 failed.
  Trying to prove $equiv for \register[28] [30]:ezsat
ezsat
 failed.
  Trying to prove $equiv for \register[28] [31]:ezsat
ezsat
 failed.
 Grouping SAT models for \register[27]:
  Trying to prove $equiv for \register[27] [0]:ezsat
ezsat
 failed.
  Trying to prove $equiv for \register[27] [1]:ezsat
ezsat
 failed.
  Trying to prove $equiv for \register[27] [2]:ezsat
ezsat
 failed.
  Trying to prove $equiv for \register[27] [3]:ezsat
ezsat
 failed.
  Trying to prove $equiv for \register[27] [4]:ezsat
ezsat
 failed.
  Trying to prove $equiv for \register[27] [5]:ezsat
ezsat
 failed.
  Trying to prove $equiv for \register[27] [6]:ezsat
ezsat
 failed.
  Trying to prove $equiv for \register[27] [7]:ezsat
ezsat
 failed.
  Trying to prove $equiv for \register[27] [8]:ezsat
ezsat
 failed.
  Trying to prove $equiv for \register[27] [9]:ezsat
ezsat
 failed.
  Trying to prove $equiv for \register[27] [10]:ezsat
ezsat
 failed.
  Trying to prove $equiv for \register[27] [11]:ezsat
ezsat
 failed.
  Trying to prove $equiv for \register[27] [12]:ezsat
ezsat
 failed.
  Trying to prove $equiv for \register[27] [13]:ezsat
ezsat
 failed.
  Trying to prove $equiv for \register[27] [14]:ezsat
ezsat
 failed.
  Trying to prove $equiv for \register[27] [15]:ezsat
ezsat
 failed.
  Trying to prove $equiv for \register[27] [16]:ezsat
ezsat
 failed.
  Trying to prove $equiv for \register[27] [17]:ezsat
ezsat
 failed.
  Trying to prove $equiv for \register[27] [18]:ezsat
ezsat
 failed.
  Trying to prove $equiv for \register[27] [19]:ezsat
ezsat
 failed.
  Trying to prove $equiv for \register[27] [20]:ezsat
ezsat
 failed.
  Trying to prove $equiv for \register[27] [21]:ezsat
ezsat
 failed.
  Trying to prove $equiv for \register[27] [22]:ezsat
ezsat
 failed.
  Trying to prove $equiv for \register[27] [23]:ezsat
ezsat
 failed.
  Trying to prove $equiv for \register[27] [24]:ezsat
ezsat
 failed.
  Trying to prove $equiv for \register[27] [25]:ezsat
ezsat
 failed.
  Trying to prove $equiv for \register[27] [26]:ezsat
ezsat
 failed.
  Trying to prove $equiv for \register[27] [27]:ezsat
ezsat
 failed.
  Trying to prove $equiv for \register[27] [28]:ezsat
ezsat
 failed.
  Trying to prove $equiv for \register[27] [29]:ezsat
ezsat
 failed.
  Trying to prove $equiv for \register[27] [30]:ezsat
ezsat
 failed.
  Trying to prove $equiv for \register[27] [31]:ezsat
ezsat
 failed.
 Grouping SAT models for \register[26]:
  Trying to prove $equiv for \register[26] [0]:ezsat
ezsat
 failed.
  Trying to prove $equiv for \register[26] [1]:ezsat
ezsat
 failed.
  Trying to prove $equiv for \register[26] [2]:ezsat
ezsat
 failed.
  Trying to prove $equiv for \register[26] [3]:ezsat
ezsat
 failed.
  Trying to prove $equiv for \register[26] [4]:ezsat
ezsat
 failed.
  Trying to prove $equiv for \register[26] [5]:ezsat
ezsat
 failed.
  Trying to prove $equiv for \register[26] [6]:ezsat
ezsat
 failed.
  Trying to prove $equiv for \register[26] [7]:ezsat
ezsat
 failed.
  Trying to prove $equiv for \register[26] [8]:ezsat
ezsat
 failed.
  Trying to prove $equiv for \register[26] [9]:ezsat
ezsat
 failed.
  Trying to prove $equiv for \register[26] [10]:ezsat
ezsat
 failed.
  Trying to prove $equiv for \register[26] [11]:ezsat
ezsat
 failed.
  Trying to prove $equiv for \register[26] [12]:ezsat
ezsat
 failed.
  Trying to prove $equiv for \register[26] [13]:ezsat
ezsat
 failed.
  Trying to prove $equiv for \register[26] [14]:ezsat
ezsat
 failed.
  Trying to prove $equiv for \register[26] [15]:ezsat
ezsat
 failed.
  Trying to prove $equiv for \register[26] [16]:ezsat
ezsat
 failed.
  Trying to prove $equiv for \register[26] [17]:ezsat
ezsat
 failed.
  Trying to prove $equiv for \register[26] [18]:ezsat
ezsat
 failed.
  Trying to prove $equiv for \register[26] [19]:ezsat
ezsat
 failed.
  Trying to prove $equiv for \register[26] [20]:ezsat
ezsat
 failed.
  Trying to prove $equiv for \register[26] [21]:ezsat
ezsat
 failed.
  Trying to prove $equiv for \register[26] [22]:ezsat
ezsat
 failed.
  Trying to prove $equiv for \register[26] [23]:ezsat
ezsat
 failed.
  Trying to prove $equiv for \register[26] [24]:ezsat
ezsat
 failed.
  Trying to prove $equiv for \register[26] [25]:ezsat
ezsat
 failed.
  Trying to prove $equiv for \register[26] [26]:ezsat
ezsat
 failed.
  Trying to prove $equiv for \register[26] [27]:ezsat
ezsat
 failed.
  Trying to prove $equiv for \register[26] [28]:ezsat
ezsat
 failed.
  Trying to prove $equiv for \register[26] [29]:ezsat
ezsat
 failed.
  Trying to prove $equiv for \register[26] [30]:ezsat
ezsat
 failed.
  Trying to prove $equiv for \register[26] [31]:ezsat
ezsat
 failed.
 Grouping SAT models for \register[25]:
  Trying to prove $equiv for \register[25] [0]:ezsat
ezsat
 failed.
  Trying to prove $equiv for \register[25] [1]:ezsat
ezsat
 failed.
  Trying to prove $equiv for \register[25] [2]:ezsat
ezsat
 failed.
  Trying to prove $equiv for \register[25] [3]:ezsat
ezsat
 failed.
  Trying to prove $equiv for \register[25] [4]:ezsat
ezsat
 failed.
  Trying to prove $equiv for \register[25] [5]:ezsat
ezsat
 failed.
  Trying to prove $equiv for \register[25] [6]:ezsat
ezsat
 failed.
  Trying to prove $equiv for \register[25] [7]:ezsat
ezsat
 failed.
  Trying to prove $equiv for \register[25] [8]:ezsat
ezsat
 failed.
  Trying to prove $equiv for \register[25] [9]:ezsat
ezsat
 failed.
  Trying to prove $equiv for \register[25] [10]:ezsat
ezsat
 failed.
  Trying to prove $equiv for \register[25] [11]:ezsat
ezsat
 failed.
  Trying to prove $equiv for \register[25] [12]:ezsat
ezsat
 failed.
  Trying to prove $equiv for \register[25] [13]:ezsat
ezsat
 failed.
  Trying to prove $equiv for \register[25] [14]:ezsat
ezsat
 failed.
  Trying to prove $equiv for \register[25] [15]:ezsat
ezsat
 failed.
  Trying to prove $equiv for \register[25] [16]:ezsat
ezsat
 failed.
  Trying to prove $equiv for \register[25] [17]:ezsat
ezsat
 failed.
  Trying to prove $equiv for \register[25] [18]:ezsat
ezsat
 failed.
  Trying to prove $equiv for \register[25] [19]:ezsat
ezsat
 failed.
  Trying to prove $equiv for \register[25] [20]:ezsat
ezsat
 failed.
  Trying to prove $equiv for \register[25] [21]:ezsat
ezsat
 failed.
  Trying to prove $equiv for \register[25] [22]:ezsat
ezsat
 failed.
  Trying to prove $equiv for \register[25] [23]:ezsat
ezsat
 failed.
  Trying to prove $equiv for \register[25] [24]:ezsat
ezsat
 failed.
  Trying to prove $equiv for \register[25] [25]:ezsat
ezsat
 failed.
  Trying to prove $equiv for \register[25] [26]:ezsat
ezsat
 failed.
  Trying to prove $equiv for \register[25] [27]:ezsat
ezsat
 failed.
  Trying to prove $equiv for \register[25] [28]:ezsat
ezsat
 failed.
  Trying to prove $equiv for \register[25] [29]:ezsat
ezsat
 failed.
  Trying to prove $equiv for \register[25] [30]:ezsat
ezsat
 failed.
  Trying to prove $equiv for \register[25] [31]:ezsat
ezsat
 failed.
 Grouping SAT models for \register[24]:
  Trying to prove $equiv for \register[24] [0]:ezsat
ezsat
 failed.
  Trying to prove $equiv for \register[24] [1]:ezsat
ezsat
 failed.
  Trying to prove $equiv for \register[24] [2]:ezsat
ezsat
 failed.
  Trying to prove $equiv for \register[24] [3]:ezsat
ezsat
 failed.
  Trying to prove $equiv for \register[24] [4]:ezsat
ezsat
 failed.
  Trying to prove $equiv for \register[24] [5]:ezsat
ezsat
 failed.
  Trying to prove $equiv for \register[24] [6]:ezsat
ezsat
 failed.
  Trying to prove $equiv for \register[24] [7]:ezsat
ezsat
 failed.
  Trying to prove $equiv for \register[24] [8]:ezsat
ezsat
 failed.
  Trying to prove $equiv for \register[24] [9]:ezsat
ezsat
 failed.
  Trying to prove $equiv for \register[24] [10]:ezsat
ezsat
 failed.
  Trying to prove $equiv for \register[24] [11]:ezsat
ezsat
 failed.
  Trying to prove $equiv for \register[24] [12]:ezsat
ezsat
 failed.
  Trying to prove $equiv for \register[24] [13]:ezsat
ezsat
 failed.
  Trying to prove $equiv for \register[24] [14]:ezsat
ezsat
 failed.
  Trying to prove $equiv for \register[24] [15]:ezsat
ezsat
 failed.
  Trying to prove $equiv for \register[24] [16]:ezsat
ezsat
 failed.
  Trying to prove $equiv for \register[24] [17]:ezsat
ezsat
 failed.
  Trying to prove $equiv for \register[24] [18]:ezsat
ezsat
 failed.
  Trying to prove $equiv for \register[24] [19]:ezsat
ezsat
 failed.
  Trying to prove $equiv for \register[24] [20]:ezsat
ezsat
 failed.
  Trying to prove $equiv for \register[24] [21]:ezsat
ezsat
 failed.
  Trying to prove $equiv for \register[24] [22]:ezsat
ezsat
 failed.
  Trying to prove $equiv for \register[24] [23]:ezsat
ezsat
 failed.
  Trying to prove $equiv for \register[24] [24]:ezsat
ezsat
 failed.
  Trying to prove $equiv for \register[24] [25]:ezsat
ezsat
 failed.
  Trying to prove $equiv for \register[24] [26]:ezsat
ezsat
 failed.
  Trying to prove $equiv for \register[24] [27]:ezsat
ezsat
 failed.
  Trying to prove $equiv for \register[24] [28]:ezsat
ezsat
 failed.
  Trying to prove $equiv for \register[24] [29]:ezsat
ezsat
 failed.
  Trying to prove $equiv for \register[24] [30]:ezsat
ezsat
 failed.
  Trying to prove $equiv for \register[24] [31]:ezsat
ezsat
 failed.
 Grouping SAT models for \register[23]:
  Trying to prove $equiv for \register[23] [0]:ezsat
ezsat
 failed.
  Trying to prove $equiv for \register[23] [1]:ezsat
ezsat
 failed.
  Trying to prove $equiv for \register[23] [2]:ezsat
ezsat
 failed.
  Trying to prove $equiv for \register[23] [3]:ezsat
ezsat
 failed.
  Trying to prove $equiv for \register[23] [4]:ezsat
ezsat
 failed.
  Trying to prove $equiv for \register[23] [5]:ezsat
ezsat
 failed.
  Trying to prove $equiv for \register[23] [6]:ezsat
ezsat
 failed.
  Trying to prove $equiv for \register[23] [7]:ezsat
ezsat
 failed.
  Trying to prove $equiv for \register[23] [8]:ezsat
ezsat
 failed.
  Trying to prove $equiv for \register[23] [9]:ezsat
ezsat
 failed.
  Trying to prove $equiv for \register[23] [10]:ezsat
ezsat
 failed.
  Trying to prove $equiv for \register[23] [11]:ezsat
ezsat
 failed.
  Trying to prove $equiv for \register[23] [12]:ezsat
ezsat
 failed.
  Trying to prove $equiv for \register[23] [13]:ezsat
ezsat
 failed.
  Trying to prove $equiv for \register[23] [14]:ezsat
ezsat
 failed.
  Trying to prove $equiv for \register[23] [15]:ezsat
ezsat
 failed.
  Trying to prove $equiv for \register[23] [16]:ezsat
ezsat
 failed.
  Trying to prove $equiv for \register[23] [17]:ezsat
ezsat
 failed.
  Trying to prove $equiv for \register[23] [18]:ezsat
ezsat
 failed.
  Trying to prove $equiv for \register[23] [19]:ezsat
ezsat
 failed.
  Trying to prove $equiv for \register[23] [20]:ezsat
ezsat
 failed.
  Trying to prove $equiv for \register[23] [21]:ezsat
ezsat
 failed.
  Trying to prove $equiv for \register[23] [22]:ezsat
ezsat
 failed.
  Trying to prove $equiv for \register[23] [23]:ezsat
ezsat
 failed.
  Trying to prove $equiv for \register[23] [24]:ezsat
ezsat
 failed.
  Trying to prove $equiv for \register[23] [25]:ezsat
ezsat
 failed.
  Trying to prove $equiv for \register[23] [26]:ezsat
ezsat
 failed.
  Trying to prove $equiv for \register[23] [27]:ezsat
ezsat
 failed.
  Trying to prove $equiv for \register[23] [28]:ezsat
ezsat
 failed.
  Trying to prove $equiv for \register[23] [29]:ezsat
ezsat
 failed.
  Trying to prove $equiv for \register[23] [30]:ezsat
ezsat
 failed.
  Trying to prove $equiv for \register[23] [31]:ezsat
ezsat
 failed.
 Grouping SAT models for \register[22]:
  Trying to prove $equiv for \register[22] [0]:ezsat
ezsat
 failed.
  Trying to prove $equiv for \register[22] [1]:ezsat
ezsat
 failed.
  Trying to prove $equiv for \register[22] [2]:ezsat
ezsat
 failed.
  Trying to prove $equiv for \register[22] [3]:ezsat
ezsat
 failed.
  Trying to prove $equiv for \register[22] [4]:ezsat
ezsat
 failed.
  Trying to prove $equiv for \register[22] [5]:ezsat
ezsat
 failed.
  Trying to prove $equiv for \register[22] [6]:ezsat
ezsat
 failed.
  Trying to prove $equiv for \register[22] [7]:ezsat
ezsat
 failed.
  Trying to prove $equiv for \register[22] [8]:ezsat
ezsat
 failed.
  Trying to prove $equiv for \register[22] [9]:ezsat
ezsat
 failed.
  Trying to prove $equiv for \register[22] [10]:ezsat
ezsat
 failed.
  Trying to prove $equiv for \register[22] [11]:ezsat
ezsat
 failed.
  Trying to prove $equiv for \register[22] [12]:ezsat
ezsat
 failed.
  Trying to prove $equiv for \register[22] [13]:ezsat
ezsat
 failed.
  Trying to prove $equiv for \register[22] [14]:ezsat
ezsat
 failed.
  Trying to prove $equiv for \register[22] [15]:ezsat
ezsat
 failed.
  Trying to prove $equiv for \register[22] [16]:ezsat
ezsat
 failed.
  Trying to prove $equiv for \register[22] [17]:ezsat
ezsat
 failed.
  Trying to prove $equiv for \register[22] [18]:ezsat
ezsat
 failed.
  Trying to prove $equiv for \register[22] [19]:ezsat
ezsat
 failed.
  Trying to prove $equiv for \register[22] [20]:ezsat
ezsat
 failed.
  Trying to prove $equiv for \register[22] [21]:ezsat
ezsat
 failed.
  Trying to prove $equiv for \register[22] [22]:ezsat
ezsat
 failed.
  Trying to prove $equiv for \register[22] [23]:ezsat
ezsat
 failed.
  Trying to prove $equiv for \register[22] [24]:ezsat
ezsat
 failed.
  Trying to prove $equiv for \register[22] [25]:ezsat
ezsat
 failed.
  Trying to prove $equiv for \register[22] [26]:ezsat
ezsat
 failed.
  Trying to prove $equiv for \register[22] [27]:ezsat
ezsat
 failed.
  Trying to prove $equiv for \register[22] [28]:ezsat
ezsat
 failed.
  Trying to prove $equiv for \register[22] [29]:ezsat
ezsat
 failed.
  Trying to prove $equiv for \register[22] [30]:ezsat
ezsat
 failed.
  Trying to prove $equiv for \register[22] [31]:ezsat
ezsat
 failed.
 Grouping SAT models for \register[21]:
  Trying to prove $equiv for \register[21] [0]:ezsat
ezsat
 failed.
  Trying to prove $equiv for \register[21] [1]:ezsat
ezsat
 failed.
  Trying to prove $equiv for \register[21] [2]:ezsat
ezsat
 failed.
  Trying to prove $equiv for \register[21] [3]:ezsat
ezsat
 failed.
  Trying to prove $equiv for \register[21] [4]:ezsat
ezsat
 failed.
  Trying to prove $equiv for \register[21] [5]:ezsat
ezsat
 failed.
  Trying to prove $equiv for \register[21] [6]:ezsat
ezsat
 failed.
  Trying to prove $equiv for \register[21] [7]:ezsat
ezsat
 failed.
  Trying to prove $equiv for \register[21] [8]:ezsat
ezsat
 failed.
  Trying to prove $equiv for \register[21] [9]:ezsat
ezsat
 failed.
  Trying to prove $equiv for \register[21] [10]:ezsat
ezsat
 failed.
  Trying to prove $equiv for \register[21] [11]:ezsat
ezsat
 failed.
  Trying to prove $equiv for \register[21] [12]:ezsat
ezsat
 failed.
  Trying to prove $equiv for \register[21] [13]:ezsat
ezsat
 failed.
  Trying to prove $equiv for \register[21] [14]:ezsat
ezsat
 failed.
  Trying to prove $equiv for \register[21] [15]:ezsat
ezsat
 failed.
  Trying to prove $equiv for \register[21] [16]:ezsat
ezsat
 failed.
  Trying to prove $equiv for \register[21] [17]:ezsat
ezsat
 failed.
  Trying to prove $equiv for \register[21] [18]:ezsat
ezsat
 failed.
  Trying to prove $equiv for \register[21] [19]:ezsat
ezsat
 failed.
  Trying to prove $equiv for \register[21] [20]:ezsat
ezsat
 failed.
  Trying to prove $equiv for \register[21] [21]:ezsat
ezsat
 failed.
  Trying to prove $equiv for \register[21] [22]:ezsat
ezsat
 failed.
  Trying to prove $equiv for \register[21] [23]:ezsat
ezsat
 failed.
  Trying to prove $equiv for \register[21] [24]:ezsat
ezsat
 failed.
  Trying to prove $equiv for \register[21] [25]:ezsat
ezsat
 failed.
  Trying to prove $equiv for \register[21] [26]:ezsat
ezsat
 failed.
  Trying to prove $equiv for \register[21] [27]:ezsat
ezsat
 failed.
  Trying to prove $equiv for \register[21] [28]:ezsat
ezsat
 failed.
  Trying to prove $equiv for \register[21] [29]:ezsat
ezsat
 failed.
  Trying to prove $equiv for \register[21] [30]:ezsat
ezsat
 failed.
  Trying to prove $equiv for \register[21] [31]:ezsat
ezsat
 failed.
 Grouping SAT models for \register[20]:
  Trying to prove $equiv for \register[20] [0]:ezsat
ezsat
 failed.
  Trying to prove $equiv for \register[20] [1]:ezsat
ezsat
 failed.
  Trying to prove $equiv for \register[20] [2]:ezsat
ezsat
 failed.
  Trying to prove $equiv for \register[20] [3]:ezsat
ezsat
 failed.
  Trying to prove $equiv for \register[20] [4]:ezsat
ezsat
 failed.
  Trying to prove $equiv for \register[20] [5]:ezsat
ezsat
 failed.
  Trying to prove $equiv for \register[20] [6]:ezsat
ezsat
 failed.
  Trying to prove $equiv for \register[20] [7]:ezsat
ezsat
 failed.
  Trying to prove $equiv for \register[20] [8]:ezsat
ezsat
 failed.
  Trying to prove $equiv for \register[20] [9]:ezsat
ezsat
 failed.
  Trying to prove $equiv for \register[20] [10]:ezsat
ezsat
 failed.
  Trying to prove $equiv for \register[20] [11]:ezsat
ezsat
 failed.
  Trying to prove $equiv for \register[20] [12]:ezsat
ezsat
 failed.
  Trying to prove $equiv for \register[20] [13]:ezsat
ezsat
 failed.
  Trying to prove $equiv for \register[20] [14]:ezsat
ezsat
 failed.
  Trying to prove $equiv for \register[20] [15]:ezsat
ezsat
 failed.
  Trying to prove $equiv for \register[20] [16]:ezsat
ezsat
 failed.
  Trying to prove $equiv for \register[20] [17]:ezsat
ezsat
 failed.
  Trying to prove $equiv for \register[20] [18]:ezsat
ezsat
 failed.
  Trying to prove $equiv for \register[20] [19]:ezsat
ezsat
 failed.
  Trying to prove $equiv for \register[20] [20]:ezsat
ezsat
 failed.
  Trying to prove $equiv for \register[20] [21]:ezsat
ezsat
 failed.
  Trying to prove $equiv for \register[20] [22]:ezsat
ezsat
 failed.
  Trying to prove $equiv for \register[20] [23]:ezsat
ezsat
 failed.
  Trying to prove $equiv for \register[20] [24]:ezsat
ezsat
 failed.
  Trying to prove $equiv for \register[20] [25]:ezsat
ezsat
 failed.
  Trying to prove $equiv for \register[20] [26]:ezsat
ezsat
 failed.
  Trying to prove $equiv for \register[20] [27]:ezsat
ezsat
 failed.
  Trying to prove $equiv for \register[20] [28]:ezsat
ezsat
 failed.
  Trying to prove $equiv for \register[20] [29]:ezsat
ezsat
 failed.
  Trying to prove $equiv for \register[20] [30]:ezsat
ezsat
 failed.
  Trying to prove $equiv for \register[20] [31]:ezsat
ezsat
 failed.
 Grouping SAT models for \register[1]:
  Trying to prove $equiv for \register[1] [0]:ezsat
ezsat
 failed.
  Trying to prove $equiv for \register[1] [1]:ezsat
ezsat
 failed.
  Trying to prove $equiv for \register[1] [2]:ezsat
ezsat
 failed.
  Trying to prove $equiv for \register[1] [3]:ezsat
ezsat
 failed.
  Trying to prove $equiv for \register[1] [4]:ezsat
ezsat
 failed.
  Trying to prove $equiv for \register[1] [5]:ezsat
ezsat
 failed.
  Trying to prove $equiv for \register[1] [6]:ezsat
ezsat
 failed.
  Trying to prove $equiv for \register[1] [7]:ezsat
ezsat
 failed.
  Trying to prove $equiv for \register[1] [8]:ezsat
ezsat
 failed.
  Trying to prove $equiv for \register[1] [9]:ezsat
ezsat
 failed.
  Trying to prove $equiv for \register[1] [10]:ezsat
ezsat
 failed.
  Trying to prove $equiv for \register[1] [11]:ezsat
ezsat
 failed.
  Trying to prove $equiv for \register[1] [12]:ezsat
ezsat
 failed.
  Trying to prove $equiv for \register[1] [13]:ezsat
ezsat
 failed.
  Trying to prove $equiv for \register[1] [14]:ezsat
ezsat
 failed.
  Trying to prove $equiv for \register[1] [15]:ezsat
ezsat
 failed.
  Trying to prove $equiv for \register[1] [16]:ezsat
ezsat
 failed.
  Trying to prove $equiv for \register[1] [17]:ezsat
ezsat
 failed.
  Trying to prove $equiv for \register[1] [18]:ezsat
ezsat
 failed.
  Trying to prove $equiv for \register[1] [19]:ezsat
ezsat
 failed.
  Trying to prove $equiv for \register[1] [20]:ezsat
ezsat
 failed.
  Trying to prove $equiv for \register[1] [21]:ezsat
ezsat
 failed.
  Trying to prove $equiv for \register[1] [22]:ezsat
ezsat
 failed.
  Trying to prove $equiv for \register[1] [23]:ezsat
ezsat
 failed.
  Trying to prove $equiv for \register[1] [24]:ezsat
ezsat
 failed.
  Trying to prove $equiv for \register[1] [25]:ezsat
ezsat
 failed.
  Trying to prove $equiv for \register[1] [26]:ezsat
ezsat
 failed.
  Trying to prove $equiv for \register[1] [27]:ezsat
ezsat
 failed.
  Trying to prove $equiv for \register[1] [28]:ezsat
ezsat
 failed.
  Trying to prove $equiv for \register[1] [29]:ezsat
ezsat
 failed.
  Trying to prove $equiv for \register[1] [30]:ezsat
ezsat
 failed.
  Trying to prove $equiv for \register[1] [31]:ezsat
ezsat
 failed.
 Grouping SAT models for \register[19]:
  Trying to prove $equiv for \register[19] [0]:ezsat
ezsat
 failed.
  Trying to prove $equiv for \register[19] [1]:ezsat
ezsat
 failed.
  Trying to prove $equiv for \register[19] [2]:ezsat
ezsat
 failed.
  Trying to prove $equiv for \register[19] [3]:ezsat
ezsat
 failed.
  Trying to prove $equiv for \register[19] [4]:ezsat
ezsat
 failed.
  Trying to prove $equiv for \register[19] [5]:ezsat
ezsat
 failed.
  Trying to prove $equiv for \register[19] [6]:ezsat
ezsat
 failed.
  Trying to prove $equiv for \register[19] [7]:ezsat
ezsat
 failed.
  Trying to prove $equiv for \register[19] [8]:ezsat
ezsat
 failed.
  Trying to prove $equiv for \register[19] [9]:ezsat
ezsat
 failed.
  Trying to prove $equiv for \register[19] [10]:ezsat
ezsat
 failed.
  Trying to prove $equiv for \register[19] [11]:ezsat
ezsat
 failed.
  Trying to prove $equiv for \register[19] [12]:ezsat
ezsat
 failed.
  Trying to prove $equiv for \register[19] [13]:ezsat
ezsat
 failed.
  Trying to prove $equiv for \register[19] [14]:ezsat
ezsat
 failed.
  Trying to prove $equiv for \register[19] [15]:ezsat
ezsat
 failed.
  Trying to prove $equiv for \register[19] [16]:ezsat
ezsat
 failed.
  Trying to prove $equiv for \register[19] [17]:ezsat
ezsat
 failed.
  Trying to prove $equiv for \register[19] [18]:ezsat
ezsat
 failed.
  Trying to prove $equiv for \register[19] [19]:ezsat
ezsat
 failed.
  Trying to prove $equiv for \register[19] [20]:ezsat
ezsat
 failed.
  Trying to prove $equiv for \register[19] [21]:ezsat
ezsat
 failed.
  Trying to prove $equiv for \register[19] [22]:ezsat
ezsat
 failed.
  Trying to prove $equiv for \register[19] [23]:ezsat
ezsat
 failed.
  Trying to prove $equiv for \register[19] [24]:ezsat
ezsat
 failed.
  Trying to prove $equiv for \register[19] [25]:ezsat
ezsat
 failed.
  Trying to prove $equiv for \register[19] [26]:ezsat
ezsat
 failed.
  Trying to prove $equiv for \register[19] [27]:ezsat
ezsat
 failed.
  Trying to prove $equiv for \register[19] [28]:ezsat
ezsat
 failed.
  Trying to prove $equiv for \register[19] [29]:ezsat
ezsat
 failed.
  Trying to prove $equiv for \register[19] [30]:ezsat
ezsat
 failed.
  Trying to prove $equiv for \register[19] [31]:ezsat
ezsat
 failed.
 Grouping SAT models for \register[18]:
  Trying to prove $equiv for \register[18] [0]:ezsat
ezsat
 failed.
  Trying to prove $equiv for \register[18] [1]:ezsat
ezsat
 failed.
  Trying to prove $equiv for \register[18] [2]:ezsat
ezsat
 failed.
  Trying to prove $equiv for \register[18] [3]:ezsat
ezsat
 failed.
  Trying to prove $equiv for \register[18] [4]:ezsat
ezsat
 failed.
  Trying to prove $equiv for \register[18] [5]:ezsat
ezsat
 failed.
  Trying to prove $equiv for \register[18] [6]:ezsat
ezsat
 failed.
  Trying to prove $equiv for \register[18] [7]:ezsat
ezsat
 failed.
  Trying to prove $equiv for \register[18] [8]:ezsat
ezsat
 failed.
  Trying to prove $equiv for \register[18] [9]:ezsat
ezsat
 failed.
  Trying to prove $equiv for \register[18] [10]:ezsat
ezsat
 failed.
  Trying to prove $equiv for \register[18] [11]:ezsat
ezsat
 failed.
  Trying to prove $equiv for \register[18] [12]:ezsat
ezsat
 failed.
  Trying to prove $equiv for \register[18] [13]:ezsat
ezsat
 failed.
  Trying to prove $equiv for \register[18] [14]:ezsat
ezsat
 failed.
  Trying to prove $equiv for \register[18] [15]:ezsat
ezsat
 failed.
  Trying to prove $equiv for \register[18] [16]:ezsat
ezsat
 failed.
  Trying to prove $equiv for \register[18] [17]:ezsat
ezsat
 failed.
  Trying to prove $equiv for \register[18] [18]:ezsat
ezsat
 failed.
  Trying to prove $equiv for \register[18] [19]:ezsat
ezsat
 failed.
  Trying to prove $equiv for \register[18] [20]:ezsat
ezsat
 failed.
  Trying to prove $equiv for \register[18] [21]:ezsat
ezsat
 failed.
  Trying to prove $equiv for \register[18] [22]:ezsat
ezsat
 failed.
  Trying to prove $equiv for \register[18] [23]:ezsat
ezsat
 failed.
  Trying to prove $equiv for \register[18] [24]:ezsat
ezsat
 failed.
  Trying to prove $equiv for \register[18] [25]:ezsat
ezsat
 failed.
  Trying to prove $equiv for \register[18] [26]:ezsat
ezsat
 failed.
  Trying to prove $equiv for \register[18] [27]:ezsat
ezsat
 failed.
  Trying to prove $equiv for \register[18] [28]:ezsat
ezsat
 failed.
  Trying to prove $equiv for \register[18] [29]:ezsat
ezsat
 failed.
  Trying to prove $equiv for \register[18] [30]:ezsat
ezsat
 failed.
  Trying to prove $equiv for \register[18] [31]:ezsat
ezsat
 failed.
 Grouping SAT models for \register[17]:
  Trying to prove $equiv for \register[17] [0]:ezsat
ezsat
 failed.
  Trying to prove $equiv for \register[17] [1]:ezsat
ezsat
 failed.
  Trying to prove $equiv for \register[17] [2]:ezsat
ezsat
 failed.
  Trying to prove $equiv for \register[17] [3]:ezsat
ezsat
 failed.
  Trying to prove $equiv for \register[17] [4]:ezsat
ezsat
 failed.
  Trying to prove $equiv for \register[17] [5]:ezsat
ezsat
 failed.
  Trying to prove $equiv for \register[17] [6]:ezsat
ezsat
 failed.
  Trying to prove $equiv for \register[17] [7]:ezsat
ezsat
 failed.
  Trying to prove $equiv for \register[17] [8]:ezsat
ezsat
 failed.
  Trying to prove $equiv for \register[17] [9]:ezsat
ezsat
 failed.
  Trying to prove $equiv for \register[17] [10]:ezsat
ezsat
 failed.
  Trying to prove $equiv for \register[17] [11]:ezsat
ezsat
 failed.
  Trying to prove $equiv for \register[17] [12]:ezsat
ezsat
 failed.
  Trying to prove $equiv for \register[17] [13]:ezsat
ezsat
 failed.
  Trying to prove $equiv for \register[17] [14]:ezsat
ezsat
 failed.
  Trying to prove $equiv for \register[17] [15]:ezsat
ezsat
 failed.
  Trying to prove $equiv for \register[17] [16]:ezsat
ezsat
 failed.
  Trying to prove $equiv for \register[17] [17]:ezsat
ezsat
 failed.
  Trying to prove $equiv for \register[17] [18]:ezsat
ezsat
 failed.
  Trying to prove $equiv for \register[17] [19]:ezsat
ezsat
 failed.
  Trying to prove $equiv for \register[17] [20]:ezsat
ezsat
 failed.
  Trying to prove $equiv for \register[17] [21]:ezsat
ezsat
 failed.
  Trying to prove $equiv for \register[17] [22]:ezsat
ezsat
 failed.
  Trying to prove $equiv for \register[17] [23]:ezsat
ezsat
 failed.
  Trying to prove $equiv for \register[17] [24]:ezsat
ezsat
 failed.
  Trying to prove $equiv for \register[17] [25]:ezsat
ezsat
 failed.
  Trying to prove $equiv for \register[17] [26]:ezsat
ezsat
 failed.
  Trying to prove $equiv for \register[17] [27]:ezsat
ezsat
 failed.
  Trying to prove $equiv for \register[17] [28]:ezsat
ezsat
 failed.
  Trying to prove $equiv for \register[17] [29]:ezsat
ezsat
 failed.
  Trying to prove $equiv for \register[17] [30]:ezsat
ezsat
 failed.
  Trying to prove $equiv for \register[17] [31]:ezsat
ezsat
 failed.
 Grouping SAT models for \register[16]:
  Trying to prove $equiv for \register[16] [0]:ezsat
ezsat
 failed.
  Trying to prove $equiv for \register[16] [1]:ezsat
ezsat
 failed.
  Trying to prove $equiv for \register[16] [2]:ezsat
ezsat
 failed.
  Trying to prove $equiv for \register[16] [3]:ezsat
ezsat
 failed.
  Trying to prove $equiv for \register[16] [4]:ezsat
ezsat
 failed.
  Trying to prove $equiv for \register[16] [5]:ezsat
ezsat
 failed.
  Trying to prove $equiv for \register[16] [6]:ezsat
ezsat
 failed.
  Trying to prove $equiv for \register[16] [7]:ezsat
ezsat
 failed.
  Trying to prove $equiv for \register[16] [8]:ezsat
ezsat
 failed.
  Trying to prove $equiv for \register[16] [9]:ezsat
ezsat
 failed.
  Trying to prove $equiv for \register[16] [10]:ezsat
ezsat
 failed.
  Trying to prove $equiv for \register[16] [11]:ezsat
ezsat
 failed.
  Trying to prove $equiv for \register[16] [12]:ezsat
ezsat
 failed.
  Trying to prove $equiv for \register[16] [13]:ezsat
ezsat
 failed.
  Trying to prove $equiv for \register[16] [14]:ezsat
ezsat
 failed.
  Trying to prove $equiv for \register[16] [15]:ezsat
ezsat
 failed.
  Trying to prove $equiv for \register[16] [16]:ezsat
ezsat
 failed.
  Trying to prove $equiv for \register[16] [17]:ezsat
ezsat
 failed.
  Trying to prove $equiv for \register[16] [18]:ezsat
ezsat
 failed.
  Trying to prove $equiv for \register[16] [19]:ezsat
ezsat
 failed.
  Trying to prove $equiv for \register[16] [20]:ezsat
ezsat
 failed.
  Trying to prove $equiv for \register[16] [21]:ezsat
ezsat
 failed.
  Trying to prove $equiv for \register[16] [22]:ezsat
ezsat
 failed.
  Trying to prove $equiv for \register[16] [23]:ezsat
ezsat
 failed.
  Trying to prove $equiv for \register[16] [24]:ezsat
ezsat
 failed.
  Trying to prove $equiv for \register[16] [25]:ezsat
ezsat
 failed.
  Trying to prove $equiv for \register[16] [26]:ezsat
ezsat
 failed.
  Trying to prove $equiv for \register[16] [27]:ezsat
ezsat
 failed.
  Trying to prove $equiv for \register[16] [28]:ezsat
ezsat
 failed.
  Trying to prove $equiv for \register[16] [29]:ezsat
ezsat
 failed.
  Trying to prove $equiv for \register[16] [30]:ezsat
ezsat
 failed.
  Trying to prove $equiv for \register[16] [31]:ezsat
ezsat
 failed.
 Grouping SAT models for \register[15]:
  Trying to prove $equiv for \register[15] [0]:ezsat
ezsat
 failed.
  Trying to prove $equiv for \register[15] [1]:ezsat
ezsat
 failed.
  Trying to prove $equiv for \register[15] [2]:ezsat
ezsat
 failed.
  Trying to prove $equiv for \register[15] [3]:ezsat
ezsat
 failed.
  Trying to prove $equiv for \register[15] [4]:ezsat
ezsat
 failed.
  Trying to prove $equiv for \register[15] [5]:ezsat
ezsat
 failed.
  Trying to prove $equiv for \register[15] [6]:ezsat
ezsat
 failed.
  Trying to prove $equiv for \register[15] [7]:ezsat
ezsat
 failed.
  Trying to prove $equiv for \register[15] [8]:ezsat
ezsat
 failed.
  Trying to prove $equiv for \register[15] [9]:ezsat
ezsat
 failed.
  Trying to prove $equiv for \register[15] [10]:ezsat
ezsat
 failed.
  Trying to prove $equiv for \register[15] [11]:ezsat
ezsat
 failed.
  Trying to prove $equiv for \register[15] [12]:ezsat
ezsat
 failed.
  Trying to prove $equiv for \register[15] [13]:ezsat
ezsat
 failed.
  Trying to prove $equiv for \register[15] [14]:ezsat
ezsat
 failed.
  Trying to prove $equiv for \register[15] [15]:ezsat
ezsat
 failed.
  Trying to prove $equiv for \register[15] [16]:ezsat
ezsat
 failed.
  Trying to prove $equiv for \register[15] [17]:ezsat
ezsat
 failed.
  Trying to prove $equiv for \register[15] [18]:ezsat
ezsat
 failed.
  Trying to prove $equiv for \register[15] [19]:ezsat
ezsat
 failed.
  Trying to prove $equiv for \register[15] [20]:ezsat
ezsat
 failed.
  Trying to prove $equiv for \register[15] [21]:ezsat
ezsat
 failed.
  Trying to prove $equiv for \register[15] [22]:ezsat
ezsat
 failed.
  Trying to prove $equiv for \register[15] [23]:ezsat
ezsat
 failed.
  Trying to prove $equiv for \register[15] [24]:ezsat
ezsat
 failed.
  Trying to prove $equiv for \register[15] [25]:ezsat
ezsat
 failed.
  Trying to prove $equiv for \register[15] [26]:ezsat
ezsat
 failed.
  Trying to prove $equiv for \register[15] [27]:ezsat
ezsat
 failed.
  Trying to prove $equiv for \register[15] [28]:ezsat
ezsat
 failed.
  Trying to prove $equiv for \register[15] [29]:ezsat
ezsat
 failed.
  Trying to prove $equiv for \register[15] [30]:ezsat
ezsat
 failed.
  Trying to prove $equiv for \register[15] [31]:ezsat
ezsat
 failed.
 Grouping SAT models for \register[14]:
  Trying to prove $equiv for \register[14] [0]:ezsat
ezsat
 failed.
  Trying to prove $equiv for \register[14] [1]:ezsat
ezsat
 failed.
  Trying to prove $equiv for \register[14] [2]:ezsat
ezsat
 failed.
  Trying to prove $equiv for \register[14] [3]:ezsat
ezsat
 failed.
  Trying to prove $equiv for \register[14] [4]:ezsat
ezsat
 failed.
  Trying to prove $equiv for \register[14] [5]:ezsat
ezsat
 failed.
  Trying to prove $equiv for \register[14] [6]:ezsat
ezsat
 failed.
  Trying to prove $equiv for \register[14] [7]:ezsat
ezsat
 failed.
  Trying to prove $equiv for \register[14] [8]:ezsat
ezsat
 failed.
  Trying to prove $equiv for \register[14] [9]:ezsat
ezsat
 failed.
  Trying to prove $equiv for \register[14] [10]:ezsat
ezsat
 failed.
  Trying to prove $equiv for \register[14] [11]:ezsat
ezsat
 failed.
  Trying to prove $equiv for \register[14] [12]:ezsat
ezsat
 failed.
  Trying to prove $equiv for \register[14] [13]:ezsat
ezsat
 failed.
  Trying to prove $equiv for \register[14] [14]:ezsat
ezsat
 failed.
  Trying to prove $equiv for \register[14] [15]:ezsat
ezsat
 failed.
  Trying to prove $equiv for \register[14] [16]:ezsat
ezsat
 failed.
  Trying to prove $equiv for \register[14] [17]:ezsat
ezsat
 failed.
  Trying to prove $equiv for \register[14] [18]:ezsat
ezsat
 failed.
  Trying to prove $equiv for \register[14] [19]:ezsat
ezsat
 failed.
  Trying to prove $equiv for \register[14] [20]:ezsat
ezsat
 failed.
  Trying to prove $equiv for \register[14] [21]:ezsat
ezsat
 failed.
  Trying to prove $equiv for \register[14] [22]:ezsat
ezsat
 failed.
  Trying to prove $equiv for \register[14] [23]:ezsat
ezsat
 failed.
  Trying to prove $equiv for \register[14] [24]:ezsat
ezsat
 failed.
  Trying to prove $equiv for \register[14] [25]:ezsat
ezsat
 failed.
  Trying to prove $equiv for \register[14] [26]:ezsat
ezsat
 failed.
  Trying to prove $equiv for \register[14] [27]:ezsat
ezsat
 failed.
  Trying to prove $equiv for \register[14] [28]:ezsat
ezsat
 failed.
  Trying to prove $equiv for \register[14] [29]:ezsat
ezsat
 failed.
  Trying to prove $equiv for \register[14] [30]:ezsat
ezsat
 failed.
  Trying to prove $equiv for \register[14] [31]:ezsat
ezsat
 failed.
 Grouping SAT models for \register[13]:
  Trying to prove $equiv for \register[13] [0]:ezsat
ezsat
 failed.
  Trying to prove $equiv for \register[13] [1]:ezsat
ezsat
 failed.
  Trying to prove $equiv for \register[13] [2]:ezsat
ezsat
 failed.
  Trying to prove $equiv for \register[13] [3]:ezsat
ezsat
 failed.
  Trying to prove $equiv for \register[13] [4]:ezsat
ezsat
 failed.
  Trying to prove $equiv for \register[13] [5]:ezsat
ezsat
 failed.
  Trying to prove $equiv for \register[13] [6]:ezsat
ezsat
 failed.
  Trying to prove $equiv for \register[13] [7]:ezsat
ezsat
 failed.
  Trying to prove $equiv for \register[13] [8]:ezsat
ezsat
 failed.
  Trying to prove $equiv for \register[13] [9]:ezsat
ezsat
 failed.
  Trying to prove $equiv for \register[13] [10]:ezsat
ezsat
 failed.
  Trying to prove $equiv for \register[13] [11]:ezsat
ezsat
 failed.
  Trying to prove $equiv for \register[13] [12]:ezsat
ezsat
 failed.
  Trying to prove $equiv for \register[13] [13]:ezsat
ezsat
 failed.
  Trying to prove $equiv for \register[13] [14]:ezsat
ezsat
 failed.
  Trying to prove $equiv for \register[13] [15]:ezsat
ezsat
 failed.
  Trying to prove $equiv for \register[13] [16]:ezsat
ezsat
 failed.
  Trying to prove $equiv for \register[13] [17]:ezsat
ezsat
 failed.
  Trying to prove $equiv for \register[13] [18]:ezsat
ezsat
 failed.
  Trying to prove $equiv for \register[13] [19]:ezsat
ezsat
 failed.
  Trying to prove $equiv for \register[13] [20]:ezsat
ezsat
 failed.
  Trying to prove $equiv for \register[13] [21]:ezsat
ezsat
 failed.
  Trying to prove $equiv for \register[13] [22]:ezsat
ezsat
 failed.
  Trying to prove $equiv for \register[13] [23]:ezsat
ezsat
 failed.
  Trying to prove $equiv for \register[13] [24]:ezsat
ezsat
 failed.
  Trying to prove $equiv for \register[13] [25]:ezsat
ezsat
 failed.
  Trying to prove $equiv for \register[13] [26]:ezsat
ezsat
 failed.
  Trying to prove $equiv for \register[13] [27]:ezsat
ezsat
 failed.
  Trying to prove $equiv for \register[13] [28]:ezsat
ezsat
 failed.
  Trying to prove $equiv for \register[13] [29]:ezsat
ezsat
 failed.
  Trying to prove $equiv for \register[13] [30]:ezsat
ezsat
 failed.
  Trying to prove $equiv for \register[13] [31]:ezsat
ezsat
 failed.
 Grouping SAT models for \register[12]:
  Trying to prove $equiv for \register[12] [0]:ezsat
ezsat
 failed.
  Trying to prove $equiv for \register[12] [1]:ezsat
ezsat
 failed.
  Trying to prove $equiv for \register[12] [2]:ezsat
ezsat
 failed.
  Trying to prove $equiv for \register[12] [3]:ezsat
ezsat
 failed.
  Trying to prove $equiv for \register[12] [4]:ezsat
ezsat
 failed.
  Trying to prove $equiv for \register[12] [5]:ezsat
ezsat
 failed.
  Trying to prove $equiv for \register[12] [6]:ezsat
ezsat
 failed.
  Trying to prove $equiv for \register[12] [7]:ezsat
ezsat
 failed.
  Trying to prove $equiv for \register[12] [8]:ezsat
ezsat
 failed.
  Trying to prove $equiv for \register[12] [9]:ezsat
ezsat
 failed.
  Trying to prove $equiv for \register[12] [10]:ezsat
ezsat
 failed.
  Trying to prove $equiv for \register[12] [11]:ezsat
ezsat
 failed.
  Trying to prove $equiv for \register[12] [12]:ezsat
ezsat
 failed.
  Trying to prove $equiv for \register[12] [13]:ezsat
ezsat
 failed.
  Trying to prove $equiv for \register[12] [14]:ezsat
ezsat
 failed.
  Trying to prove $equiv for \register[12] [15]:ezsat
ezsat
 failed.
  Trying to prove $equiv for \register[12] [16]:ezsat
ezsat
 failed.
  Trying to prove $equiv for \register[12] [17]:ezsat
ezsat
 failed.
  Trying to prove $equiv for \register[12] [18]:ezsat
ezsat
 failed.
  Trying to prove $equiv for \register[12] [19]:ezsat
ezsat
 failed.
  Trying to prove $equiv for \register[12] [20]:ezsat
ezsat
 failed.
  Trying to prove $equiv for \register[12] [21]:ezsat
ezsat
 failed.
  Trying to prove $equiv for \register[12] [22]:ezsat
ezsat
 failed.
  Trying to prove $equiv for \register[12] [23]:ezsat
ezsat
 failed.
  Trying to prove $equiv for \register[12] [24]:ezsat
ezsat
 failed.
  Trying to prove $equiv for \register[12] [25]:ezsat
ezsat
 failed.
  Trying to prove $equiv for \register[12] [26]:ezsat
ezsat
 failed.
  Trying to prove $equiv for \register[12] [27]:ezsat
ezsat
 failed.
  Trying to prove $equiv for \register[12] [28]:ezsat
ezsat
 failed.
  Trying to prove $equiv for \register[12] [29]:ezsat
ezsat
 failed.
  Trying to prove $equiv for \register[12] [30]:ezsat
ezsat
 failed.
  Trying to prove $equiv for \register[12] [31]:ezsat
ezsat
 failed.
 Grouping SAT models for \register[11]:
  Trying to prove $equiv for \register[11] [0]:ezsat
ezsat
 failed.
  Trying to prove $equiv for \register[11] [1]:ezsat
ezsat
 failed.
  Trying to prove $equiv for \register[11] [2]:ezsat
ezsat
 failed.
  Trying to prove $equiv for \register[11] [3]:ezsat
ezsat
 failed.
  Trying to prove $equiv for \register[11] [4]:ezsat
ezsat
 failed.
  Trying to prove $equiv for \register[11] [5]:ezsat
ezsat
 failed.
  Trying to prove $equiv for \register[11] [6]:ezsat
ezsat
 failed.
  Trying to prove $equiv for \register[11] [7]:ezsat
ezsat
 failed.
  Trying to prove $equiv for \register[11] [8]:ezsat
ezsat
 failed.
  Trying to prove $equiv for \register[11] [9]:ezsat
ezsat
 failed.
  Trying to prove $equiv for \register[11] [10]:ezsat
ezsat
 failed.
  Trying to prove $equiv for \register[11] [11]:ezsat
ezsat
 failed.
  Trying to prove $equiv for \register[11] [12]:ezsat
ezsat
 failed.
  Trying to prove $equiv for \register[11] [13]:ezsat
ezsat
 failed.
  Trying to prove $equiv for \register[11] [14]:ezsat
ezsat
 failed.
  Trying to prove $equiv for \register[11] [15]:ezsat
ezsat
 failed.
  Trying to prove $equiv for \register[11] [16]:ezsat
ezsat
 failed.
  Trying to prove $equiv for \register[11] [17]:ezsat
ezsat
 failed.
  Trying to prove $equiv for \register[11] [18]:ezsat
ezsat
 failed.
  Trying to prove $equiv for \register[11] [19]:ezsat
ezsat
 failed.
  Trying to prove $equiv for \register[11] [20]:ezsat
ezsat
 failed.
  Trying to prove $equiv for \register[11] [21]:ezsat
ezsat
 failed.
  Trying to prove $equiv for \register[11] [22]:ezsat
ezsat
 failed.
  Trying to prove $equiv for \register[11] [23]:ezsat
ezsat
 failed.
  Trying to prove $equiv for \register[11] [24]:ezsat
ezsat
 failed.
  Trying to prove $equiv for \register[11] [25]:ezsat
ezsat
 failed.
  Trying to prove $equiv for \register[11] [26]:ezsat
ezsat
 failed.
  Trying to prove $equiv for \register[11] [27]:ezsat
ezsat
 failed.
  Trying to prove $equiv for \register[11] [28]:ezsat
ezsat
 failed.
  Trying to prove $equiv for \register[11] [29]:ezsat
ezsat
 failed.
  Trying to prove $equiv for \register[11] [30]:ezsat
ezsat
 failed.
  Trying to prove $equiv for \register[11] [31]:ezsat
ezsat
 failed.
 Grouping SAT models for \register[10]:
  Trying to prove $equiv for \register[10] [0]:ezsat
ezsat
 failed.
  Trying to prove $equiv for \register[10] [1]:ezsat
ezsat
 failed.
  Trying to prove $equiv for \register[10] [2]:ezsat
ezsat
 failed.
  Trying to prove $equiv for \register[10] [3]:ezsat
ezsat
 failed.
  Trying to prove $equiv for \register[10] [4]:ezsat
ezsat
 failed.
  Trying to prove $equiv for \register[10] [5]:ezsat
ezsat
 failed.
  Trying to prove $equiv for \register[10] [6]:ezsat
ezsat
 failed.
  Trying to prove $equiv for \register[10] [7]:ezsat
ezsat
 failed.
  Trying to prove $equiv for \register[10] [8]:ezsat
ezsat
 failed.
  Trying to prove $equiv for \register[10] [9]:ezsat
ezsat
 failed.
  Trying to prove $equiv for \register[10] [10]:ezsat
ezsat
 failed.
  Trying to prove $equiv for \register[10] [11]:ezsat
ezsat
 failed.
  Trying to prove $equiv for \register[10] [12]:ezsat
ezsat
 failed.
  Trying to prove $equiv for \register[10] [13]:ezsat
ezsat
 failed.
  Trying to prove $equiv for \register[10] [14]:ezsat
ezsat
 failed.
  Trying to prove $equiv for \register[10] [15]:ezsat
ezsat
 failed.
  Trying to prove $equiv for \register[10] [16]:ezsat
ezsat
 failed.
  Trying to prove $equiv for \register[10] [17]:ezsat
ezsat
 failed.
  Trying to prove $equiv for \register[10] [18]:ezsat
ezsat
 failed.
  Trying to prove $equiv for \register[10] [19]:ezsat
ezsat
 failed.
  Trying to prove $equiv for \register[10] [20]:ezsat
ezsat
 failed.
  Trying to prove $equiv for \register[10] [21]:ezsat
ezsat
 failed.
  Trying to prove $equiv for \register[10] [22]:ezsat
ezsat
 failed.
  Trying to prove $equiv for \register[10] [23]:ezsat
ezsat
 failed.
  Trying to prove $equiv for \register[10] [24]:ezsat
ezsat
 failed.
  Trying to prove $equiv for \register[10] [25]:ezsat
ezsat
 failed.
  Trying to prove $equiv for \register[10] [26]:ezsat
ezsat
 failed.
  Trying to prove $equiv for \register[10] [27]:ezsat
ezsat
 failed.
  Trying to prove $equiv for \register[10] [28]:ezsat
ezsat
 failed.
  Trying to prove $equiv for \register[10] [29]:ezsat
ezsat
 failed.
  Trying to prove $equiv for \register[10] [30]:ezsat
ezsat
 failed.
  Trying to prove $equiv for \register[10] [31]:ezsat
ezsat
 failed.
Proved 64 previously unproven $equiv cells.

12. Executing EQUIV_INDUCT pass.
Found 992 unproven $equiv cells in module equiv:
  Proving existence of base case for step 1. (131003 clauses over 51413 variables)
  Proving induction step 1. (299701 clauses over 114761 variables)
  Proof for induction step holds. Entire workset of 992 cells proven!
Proved 992 previously unproven $equiv cells.

13. Executing EQUIV_STATUS pass.
Found 1056 $equiv cells in equiv:
  Of those cells 1056 are proven and 0 are unproven.
  Equivalence successfully proven!

End of script. Logfile hash: 9150d7a544, time: 4.21s, user: 4.08s, system: 0.08s, MEM: 120.30 MB peak
Yosys 0.67+24 (git sha1 0e82bbefe, Release, Clang /usr/bin/clang++ 18.1.8)
Time spent: 73% 1x equiv_induct (2 sec), 17% 1x equiv_simple (0 sec), ...
