
 /----------------------------------------------------------------------------\
 |  yosys -- Yosys Open SYnthesis Suite                                       |
 |  Copyright (C) 2012 - 2026  Claire Xenia Wolf <claire@yosyshq.com>         |
 |  Distributed under an ISC-like license, type "license" to see terms        |
 \----------------------------------------------------------------------------/
 Yosys 0.67+24 (git sha1 0e82bbefe, Release, Clang /usr/bin/clang++ 18.1.8)

-- Executing script file `/workspace/incremental-synthesis/results/partition-incremental/__granularity_cv32e40p-eco-001/base/fine-cache/id_stage_i/regions/register_file_i/run_synth_partition.ys' --

1. Executing Verilog-2005 frontend: /workspace/incremental-synthesis/benchmarks/cv32e40p-eco-001-base/core/common/normalized_cv32e40p.v
Parsing SystemVerilog input from `/workspace/incremental-synthesis/benchmarks/cv32e40p-eco-001-base/core/common/normalized_cv32e40p.v' to AST representation.
Generating RTLIL representation for module `\cv32e40p_aligner$cv32e40p_core.if_stage_i.aligner_i'.
Generating RTLIL representation for module `\cv32e40p_alu$cv32e40p_core.ex_stage_i.alu_i'.
Generating RTLIL representation for module `\cv32e40p_alu_div$cv32e40p_core.ex_stage_i.alu_i.alu_div_i'.
Generating RTLIL representation for module `\cv32e40p_clock_gate$cv32e40p_core.sleep_unit_i.core_clock_gate_i'.
Generating RTLIL representation for module `\cv32e40p_compressed_decoder$cv32e40p_core.if_stage_i.compressed_decoder_i'.
Generating RTLIL representation for module `\cv32e40p_controller$cv32e40p_core.id_stage_i.controller_i'.
Generating RTLIL representation for module `\cv32e40p_core'.
Generating RTLIL representation for module `\cv32e40p_cs_registers$cv32e40p_core.cs_registers_i'.
Generating RTLIL representation for module `\cv32e40p_decoder$cv32e40p_core.id_stage_i.decoder_i'.
Generating RTLIL representation for module `\cv32e40p_ex_stage$cv32e40p_core.ex_stage_i'.
Generating RTLIL representation for module `\cv32e40p_ff_one$cv32e40p_core.ex_stage_i.alu_i.ff_one_i'.
Generating RTLIL representation for module `\cv32e40p_fifo$cv32e40p_core.if_stage_i.prefetch_buffer_i.fifo_i'.
Generating RTLIL representation for module `\cv32e40p_hwloop_regs$cv32e40p_core.id_stage_i.gen_hwloop_regs.hwloop_regs_i'.
Generating RTLIL representation for module `\cv32e40p_id_stage$cv32e40p_core.id_stage_i'.
Generating RTLIL representation for module `\cv32e40p_if_stage$cv32e40p_core.if_stage_i'.
Generating RTLIL representation for module `\cv32e40p_int_controller$cv32e40p_core.id_stage_i.int_controller_i'.
Generating RTLIL representation for module `\cv32e40p_load_store_unit$cv32e40p_core.load_store_unit_i'.
Generating RTLIL representation for module `\cv32e40p_mult$cv32e40p_core.ex_stage_i.mult_i'.
Generating RTLIL representation for module `\cv32e40p_obi_interface$cv32e40p_core.if_stage_i.prefetch_buffer_i.instruction_obi_i'.
Generating RTLIL representation for module `\cv32e40p_obi_interface$cv32e40p_core.load_store_unit_i.data_obi_i'.
Generating RTLIL representation for module `\cv32e40p_popcnt$cv32e40p_core.ex_stage_i.alu_i.popcnt_i'.
Generating RTLIL representation for module `\cv32e40p_prefetch_buffer$cv32e40p_core.if_stage_i.prefetch_buffer_i'.
Generating RTLIL representation for module `\cv32e40p_prefetch_controller$cv32e40p_core.if_stage_i.prefetch_buffer_i.prefetch_controller_i'.
Generating RTLIL representation for module `\cv32e40p_register_file$cv32e40p_core.id_stage_i.register_file_i'.
Generating RTLIL representation for module `\cv32e40p_sleep_unit$cv32e40p_core.sleep_unit_i'.
Successfully finished Verilog frontend.

2. Executing HIERARCHY pass (managing design hierarchy).

2.1. Analyzing design hierarchy..
Top module:  \cv32e40p_register_file$cv32e40p_core.id_stage_i.register_file_i

2.2. Analyzing design hierarchy..
Top module:  \cv32e40p_register_file$cv32e40p_core.id_stage_i.register_file_i
Removing unused module `\cv32e40p_sleep_unit$cv32e40p_core.sleep_unit_i'.
Removing unused module `\cv32e40p_prefetch_controller$cv32e40p_core.if_stage_i.prefetch_buffer_i.prefetch_controller_i'.
Removing unused module `\cv32e40p_prefetch_buffer$cv32e40p_core.if_stage_i.prefetch_buffer_i'.
Removing unused module `\cv32e40p_popcnt$cv32e40p_core.ex_stage_i.alu_i.popcnt_i'.
Removing unused module `\cv32e40p_obi_interface$cv32e40p_core.load_store_unit_i.data_obi_i'.
Removing unused module `\cv32e40p_obi_interface$cv32e40p_core.if_stage_i.prefetch_buffer_i.instruction_obi_i'.
Removing unused module `\cv32e40p_mult$cv32e40p_core.ex_stage_i.mult_i'.
Removing unused module `\cv32e40p_load_store_unit$cv32e40p_core.load_store_unit_i'.
Removing unused module `\cv32e40p_int_controller$cv32e40p_core.id_stage_i.int_controller_i'.
Removing unused module `\cv32e40p_if_stage$cv32e40p_core.if_stage_i'.
Removing unused module `\cv32e40p_id_stage$cv32e40p_core.id_stage_i'.
Removing unused module `\cv32e40p_hwloop_regs$cv32e40p_core.id_stage_i.gen_hwloop_regs.hwloop_regs_i'.
Removing unused module `\cv32e40p_fifo$cv32e40p_core.if_stage_i.prefetch_buffer_i.fifo_i'.
Removing unused module `\cv32e40p_ff_one$cv32e40p_core.ex_stage_i.alu_i.ff_one_i'.
Removing unused module `\cv32e40p_ex_stage$cv32e40p_core.ex_stage_i'.
Removing unused module `\cv32e40p_decoder$cv32e40p_core.id_stage_i.decoder_i'.
Removing unused module `\cv32e40p_cs_registers$cv32e40p_core.cs_registers_i'.
Removing unused module `\cv32e40p_core'.
Removing unused module `\cv32e40p_controller$cv32e40p_core.id_stage_i.controller_i'.
Removing unused module `\cv32e40p_compressed_decoder$cv32e40p_core.if_stage_i.compressed_decoder_i'.
Removing unused module `\cv32e40p_clock_gate$cv32e40p_core.sleep_unit_i.core_clock_gate_i'.
Removing unused module `\cv32e40p_alu_div$cv32e40p_core.ex_stage_i.alu_i.alu_div_i'.
Removing unused module `\cv32e40p_alu$cv32e40p_core.ex_stage_i.alu_i'.
Removing unused module `\cv32e40p_aligner$cv32e40p_core.if_stage_i.aligner_i'.
Removed 24 unused modules.

3. Executing PROC pass (convert processes to netlists).

3.1. Executing PROC_CLEAN pass (remove empty switches from decision trees).
Cleaned up 0 empty switches.

3.2. Executing PROC_RMDEAD pass (remove dead branches from decision trees).
Marked 1 switch rules as full_case in process $proc$/workspace/incremental-synthesis/benchmarks/cv32e40p-eco-001-base/core/common/normalized_cv32e40p.v:42001$14414 in module cv32e40p_register_file$cv32e40p_core.id_stage_i.register_file_i.
Marked 1 switch rules as full_case in process $proc$/workspace/incremental-synthesis/benchmarks/cv32e40p-eco-001-base/core/common/normalized_cv32e40p.v:41998$14412 in module cv32e40p_register_file$cv32e40p_core.id_stage_i.register_file_i.
Marked 1 switch rules as full_case in process $proc$/workspace/incremental-synthesis/benchmarks/cv32e40p-eco-001-base/core/common/normalized_cv32e40p.v:41995$14410 in module cv32e40p_register_file$cv32e40p_core.id_stage_i.register_file_i.
Marked 1 switch rules as full_case in process $proc$/workspace/incremental-synthesis/benchmarks/cv32e40p-eco-001-base/core/common/normalized_cv32e40p.v:41992$14408 in module cv32e40p_register_file$cv32e40p_core.id_stage_i.register_file_i.
Marked 1 switch rules as full_case in process $proc$/workspace/incremental-synthesis/benchmarks/cv32e40p-eco-001-base/core/common/normalized_cv32e40p.v:41989$14406 in module cv32e40p_register_file$cv32e40p_core.id_stage_i.register_file_i.
Marked 1 switch rules as full_case in process $proc$/workspace/incremental-synthesis/benchmarks/cv32e40p-eco-001-base/core/common/normalized_cv32e40p.v:41986$14404 in module cv32e40p_register_file$cv32e40p_core.id_stage_i.register_file_i.
Marked 1 switch rules as full_case in process $proc$/workspace/incremental-synthesis/benchmarks/cv32e40p-eco-001-base/core/common/normalized_cv32e40p.v:41983$14402 in module cv32e40p_register_file$cv32e40p_core.id_stage_i.register_file_i.
Marked 1 switch rules as full_case in process $proc$/workspace/incremental-synthesis/benchmarks/cv32e40p-eco-001-base/core/common/normalized_cv32e40p.v:41980$14400 in module cv32e40p_register_file$cv32e40p_core.id_stage_i.register_file_i.
Marked 1 switch rules as full_case in process $proc$/workspace/incremental-synthesis/benchmarks/cv32e40p-eco-001-base/core/common/normalized_cv32e40p.v:41977$14398 in module cv32e40p_register_file$cv32e40p_core.id_stage_i.register_file_i.
Marked 1 switch rules as full_case in process $proc$/workspace/incremental-synthesis/benchmarks/cv32e40p-eco-001-base/core/common/normalized_cv32e40p.v:41974$14396 in module cv32e40p_register_file$cv32e40p_core.id_stage_i.register_file_i.
Marked 1 switch rules as full_case in process $proc$/workspace/incremental-synthesis/benchmarks/cv32e40p-eco-001-base/core/common/normalized_cv32e40p.v:41971$14394 in module cv32e40p_register_file$cv32e40p_core.id_stage_i.register_file_i.
Marked 1 switch rules as full_case in process $proc$/workspace/incremental-synthesis/benchmarks/cv32e40p-eco-001-base/core/common/normalized_cv32e40p.v:41968$14392 in module cv32e40p_register_file$cv32e40p_core.id_stage_i.register_file_i.
Marked 1 switch rules as full_case in process $proc$/workspace/incremental-synthesis/benchmarks/cv32e40p-eco-001-base/core/common/normalized_cv32e40p.v:41965$14390 in module cv32e40p_register_file$cv32e40p_core.id_stage_i.register_file_i.
Marked 1 switch rules as full_case in process $proc$/workspace/incremental-synthesis/benchmarks/cv32e40p-eco-001-base/core/common/normalized_cv32e40p.v:41962$14388 in module cv32e40p_register_file$cv32e40p_core.id_stage_i.register_file_i.
Marked 1 switch rules as full_case in process $proc$/workspace/incremental-synthesis/benchmarks/cv32e40p-eco-001-base/core/common/normalized_cv32e40p.v:41959$14386 in module cv32e40p_register_file$cv32e40p_core.id_stage_i.register_file_i.
Marked 1 switch rules as full_case in process $proc$/workspace/incremental-synthesis/benchmarks/cv32e40p-eco-001-base/core/common/normalized_cv32e40p.v:41956$14384 in module cv32e40p_register_file$cv32e40p_core.id_stage_i.register_file_i.
Marked 1 switch rules as full_case in process $proc$/workspace/incremental-synthesis/benchmarks/cv32e40p-eco-001-base/core/common/normalized_cv32e40p.v:41953$14382 in module cv32e40p_register_file$cv32e40p_core.id_stage_i.register_file_i.
Marked 1 switch rules as full_case in process $proc$/workspace/incremental-synthesis/benchmarks/cv32e40p-eco-001-base/core/common/normalized_cv32e40p.v:41950$14380 in module cv32e40p_register_file$cv32e40p_core.id_stage_i.register_file_i.
Marked 1 switch rules as full_case in process $proc$/workspace/incremental-synthesis/benchmarks/cv32e40p-eco-001-base/core/common/normalized_cv32e40p.v:41947$14378 in module cv32e40p_register_file$cv32e40p_core.id_stage_i.register_file_i.
Marked 1 switch rules as full_case in process $proc$/workspace/incremental-synthesis/benchmarks/cv32e40p-eco-001-base/core/common/normalized_cv32e40p.v:41944$14376 in module cv32e40p_register_file$cv32e40p_core.id_stage_i.register_file_i.
Marked 1 switch rules as full_case in process $proc$/workspace/incremental-synthesis/benchmarks/cv32e40p-eco-001-base/core/common/normalized_cv32e40p.v:41941$14374 in module cv32e40p_register_file$cv32e40p_core.id_stage_i.register_file_i.
Marked 1 switch rules as full_case in process $proc$/workspace/incremental-synthesis/benchmarks/cv32e40p-eco-001-base/core/common/normalized_cv32e40p.v:41938$14372 in module cv32e40p_register_file$cv32e40p_core.id_stage_i.register_file_i.
Marked 1 switch rules as full_case in process $proc$/workspace/incremental-synthesis/benchmarks/cv32e40p-eco-001-base/core/common/normalized_cv32e40p.v:41935$14370 in module cv32e40p_register_file$cv32e40p_core.id_stage_i.register_file_i.
Marked 1 switch rules as full_case in process $proc$/workspace/incremental-synthesis/benchmarks/cv32e40p-eco-001-base/core/common/normalized_cv32e40p.v:41932$14368 in module cv32e40p_register_file$cv32e40p_core.id_stage_i.register_file_i.
Marked 1 switch rules as full_case in process $proc$/workspace/incremental-synthesis/benchmarks/cv32e40p-eco-001-base/core/common/normalized_cv32e40p.v:41929$14366 in module cv32e40p_register_file$cv32e40p_core.id_stage_i.register_file_i.
Marked 1 switch rules as full_case in process $proc$/workspace/incremental-synthesis/benchmarks/cv32e40p-eco-001-base/core/common/normalized_cv32e40p.v:41926$14364 in module cv32e40p_register_file$cv32e40p_core.id_stage_i.register_file_i.
Marked 1 switch rules as full_case in process $proc$/workspace/incremental-synthesis/benchmarks/cv32e40p-eco-001-base/core/common/normalized_cv32e40p.v:41923$14362 in module cv32e40p_register_file$cv32e40p_core.id_stage_i.register_file_i.
Marked 1 switch rules as full_case in process $proc$/workspace/incremental-synthesis/benchmarks/cv32e40p-eco-001-base/core/common/normalized_cv32e40p.v:41920$14360 in module cv32e40p_register_file$cv32e40p_core.id_stage_i.register_file_i.
Marked 1 switch rules as full_case in process $proc$/workspace/incremental-synthesis/benchmarks/cv32e40p-eco-001-base/core/common/normalized_cv32e40p.v:41917$14358 in module cv32e40p_register_file$cv32e40p_core.id_stage_i.register_file_i.
Marked 1 switch rules as full_case in process $proc$/workspace/incremental-synthesis/benchmarks/cv32e40p-eco-001-base/core/common/normalized_cv32e40p.v:41914$14356 in module cv32e40p_register_file$cv32e40p_core.id_stage_i.register_file_i.
Marked 1 switch rules as full_case in process $proc$/workspace/incremental-synthesis/benchmarks/cv32e40p-eco-001-base/core/common/normalized_cv32e40p.v:41911$14354 in module cv32e40p_register_file$cv32e40p_core.id_stage_i.register_file_i.
Marked 1 switch rules as full_case in process $proc$/workspace/incremental-synthesis/benchmarks/cv32e40p-eco-001-base/core/common/normalized_cv32e40p.v:41908$14352 in module cv32e40p_register_file$cv32e40p_core.id_stage_i.register_file_i.
Removed a total of 0 dead cases.

3.3. Executing PROC_PRUNE pass (remove redundant assignments in processes).
Removed 32 redundant assignments.
Promoted 0 assignments to connections.

3.4. Executing PROC_INIT pass (extract init attributes).

3.5. Executing PROC_ARST pass (detect async resets in processes).
Found async reset \rst_n in `\cv32e40p_register_file$cv32e40p_core.id_stage_i.register_file_i.$proc$/workspace/incremental-synthesis/benchmarks/cv32e40p-eco-001-base/core/common/normalized_cv32e40p.v:42001$14414'.
Found async reset \rst_n in `\cv32e40p_register_file$cv32e40p_core.id_stage_i.register_file_i.$proc$/workspace/incremental-synthesis/benchmarks/cv32e40p-eco-001-base/core/common/normalized_cv32e40p.v:41998$14412'.
Found async reset \rst_n in `\cv32e40p_register_file$cv32e40p_core.id_stage_i.register_file_i.$proc$/workspace/incremental-synthesis/benchmarks/cv32e40p-eco-001-base/core/common/normalized_cv32e40p.v:41995$14410'.
Found async reset \rst_n in `\cv32e40p_register_file$cv32e40p_core.id_stage_i.register_file_i.$proc$/workspace/incremental-synthesis/benchmarks/cv32e40p-eco-001-base/core/common/normalized_cv32e40p.v:41992$14408'.
Found async reset \rst_n in `\cv32e40p_register_file$cv32e40p_core.id_stage_i.register_file_i.$proc$/workspace/incremental-synthesis/benchmarks/cv32e40p-eco-001-base/core/common/normalized_cv32e40p.v:41989$14406'.
Found async reset \rst_n in `\cv32e40p_register_file$cv32e40p_core.id_stage_i.register_file_i.$proc$/workspace/incremental-synthesis/benchmarks/cv32e40p-eco-001-base/core/common/normalized_cv32e40p.v:41986$14404'.
Found async reset \rst_n in `\cv32e40p_register_file$cv32e40p_core.id_stage_i.register_file_i.$proc$/workspace/incremental-synthesis/benchmarks/cv32e40p-eco-001-base/core/common/normalized_cv32e40p.v:41983$14402'.
Found async reset \rst_n in `\cv32e40p_register_file$cv32e40p_core.id_stage_i.register_file_i.$proc$/workspace/incremental-synthesis/benchmarks/cv32e40p-eco-001-base/core/common/normalized_cv32e40p.v:41980$14400'.
Found async reset \rst_n in `\cv32e40p_register_file$cv32e40p_core.id_stage_i.register_file_i.$proc$/workspace/incremental-synthesis/benchmarks/cv32e40p-eco-001-base/core/common/normalized_cv32e40p.v:41977$14398'.
Found async reset \rst_n in `\cv32e40p_register_file$cv32e40p_core.id_stage_i.register_file_i.$proc$/workspace/incremental-synthesis/benchmarks/cv32e40p-eco-001-base/core/common/normalized_cv32e40p.v:41974$14396'.
Found async reset \rst_n in `\cv32e40p_register_file$cv32e40p_core.id_stage_i.register_file_i.$proc$/workspace/incremental-synthesis/benchmarks/cv32e40p-eco-001-base/core/common/normalized_cv32e40p.v:41971$14394'.
Found async reset \rst_n in `\cv32e40p_register_file$cv32e40p_core.id_stage_i.register_file_i.$proc$/workspace/incremental-synthesis/benchmarks/cv32e40p-eco-001-base/core/common/normalized_cv32e40p.v:41968$14392'.
Found async reset \rst_n in `\cv32e40p_register_file$cv32e40p_core.id_stage_i.register_file_i.$proc$/workspace/incremental-synthesis/benchmarks/cv32e40p-eco-001-base/core/common/normalized_cv32e40p.v:41965$14390'.
Found async reset \rst_n in `\cv32e40p_register_file$cv32e40p_core.id_stage_i.register_file_i.$proc$/workspace/incremental-synthesis/benchmarks/cv32e40p-eco-001-base/core/common/normalized_cv32e40p.v:41962$14388'.
Found async reset \rst_n in `\cv32e40p_register_file$cv32e40p_core.id_stage_i.register_file_i.$proc$/workspace/incremental-synthesis/benchmarks/cv32e40p-eco-001-base/core/common/normalized_cv32e40p.v:41959$14386'.
Found async reset \rst_n in `\cv32e40p_register_file$cv32e40p_core.id_stage_i.register_file_i.$proc$/workspace/incremental-synthesis/benchmarks/cv32e40p-eco-001-base/core/common/normalized_cv32e40p.v:41956$14384'.
Found async reset \rst_n in `\cv32e40p_register_file$cv32e40p_core.id_stage_i.register_file_i.$proc$/workspace/incremental-synthesis/benchmarks/cv32e40p-eco-001-base/core/common/normalized_cv32e40p.v:41953$14382'.
Found async reset \rst_n in `\cv32e40p_register_file$cv32e40p_core.id_stage_i.register_file_i.$proc$/workspace/incremental-synthesis/benchmarks/cv32e40p-eco-001-base/core/common/normalized_cv32e40p.v:41950$14380'.
Found async reset \rst_n in `\cv32e40p_register_file$cv32e40p_core.id_stage_i.register_file_i.$proc$/workspace/incremental-synthesis/benchmarks/cv32e40p-eco-001-base/core/common/normalized_cv32e40p.v:41947$14378'.
Found async reset \rst_n in `\cv32e40p_register_file$cv32e40p_core.id_stage_i.register_file_i.$proc$/workspace/incremental-synthesis/benchmarks/cv32e40p-eco-001-base/core/common/normalized_cv32e40p.v:41944$14376'.
Found async reset \rst_n in `\cv32e40p_register_file$cv32e40p_core.id_stage_i.register_file_i.$proc$/workspace/incremental-synthesis/benchmarks/cv32e40p-eco-001-base/core/common/normalized_cv32e40p.v:41941$14374'.
Found async reset \rst_n in `\cv32e40p_register_file$cv32e40p_core.id_stage_i.register_file_i.$proc$/workspace/incremental-synthesis/benchmarks/cv32e40p-eco-001-base/core/common/normalized_cv32e40p.v:41938$14372'.
Found async reset \rst_n in `\cv32e40p_register_file$cv32e40p_core.id_stage_i.register_file_i.$proc$/workspace/incremental-synthesis/benchmarks/cv32e40p-eco-001-base/core/common/normalized_cv32e40p.v:41935$14370'.
Found async reset \rst_n in `\cv32e40p_register_file$cv32e40p_core.id_stage_i.register_file_i.$proc$/workspace/incremental-synthesis/benchmarks/cv32e40p-eco-001-base/core/common/normalized_cv32e40p.v:41932$14368'.
Found async reset \rst_n in `\cv32e40p_register_file$cv32e40p_core.id_stage_i.register_file_i.$proc$/workspace/incremental-synthesis/benchmarks/cv32e40p-eco-001-base/core/common/normalized_cv32e40p.v:41929$14366'.
Found async reset \rst_n in `\cv32e40p_register_file$cv32e40p_core.id_stage_i.register_file_i.$proc$/workspace/incremental-synthesis/benchmarks/cv32e40p-eco-001-base/core/common/normalized_cv32e40p.v:41926$14364'.
Found async reset \rst_n in `\cv32e40p_register_file$cv32e40p_core.id_stage_i.register_file_i.$proc$/workspace/incremental-synthesis/benchmarks/cv32e40p-eco-001-base/core/common/normalized_cv32e40p.v:41923$14362'.
Found async reset \rst_n in `\cv32e40p_register_file$cv32e40p_core.id_stage_i.register_file_i.$proc$/workspace/incremental-synthesis/benchmarks/cv32e40p-eco-001-base/core/common/normalized_cv32e40p.v:41920$14360'.
Found async reset \rst_n in `\cv32e40p_register_file$cv32e40p_core.id_stage_i.register_file_i.$proc$/workspace/incremental-synthesis/benchmarks/cv32e40p-eco-001-base/core/common/normalized_cv32e40p.v:41917$14358'.
Found async reset \rst_n in `\cv32e40p_register_file$cv32e40p_core.id_stage_i.register_file_i.$proc$/workspace/incremental-synthesis/benchmarks/cv32e40p-eco-001-base/core/common/normalized_cv32e40p.v:41914$14356'.
Found async reset \rst_n in `\cv32e40p_register_file$cv32e40p_core.id_stage_i.register_file_i.$proc$/workspace/incremental-synthesis/benchmarks/cv32e40p-eco-001-base/core/common/normalized_cv32e40p.v:41911$14354'.
Found async reset \rst_n in `\cv32e40p_register_file$cv32e40p_core.id_stage_i.register_file_i.$proc$/workspace/incremental-synthesis/benchmarks/cv32e40p-eco-001-base/core/common/normalized_cv32e40p.v:41908$14352'.

3.6. Executing PROC_ROM pass (convert switches to ROMs).
Converted 0 switches.

3.7. Executing PROC_MUX pass (convert decision trees to multiplexers).
Creating decoders for process `\cv32e40p_register_file$cv32e40p_core.id_stage_i.register_file_i.$proc$/workspace/incremental-synthesis/benchmarks/cv32e40p-eco-001-base/core/common/normalized_cv32e40p.v:42001$14414'.
     1/1: $0\mem[319:288]
Creating decoders for process `\cv32e40p_register_file$cv32e40p_core.id_stage_i.register_file_i.$proc$/workspace/incremental-synthesis/benchmarks/cv32e40p-eco-001-base/core/common/normalized_cv32e40p.v:41998$14412'.
     1/1: $0\mem[287:256]
Creating decoders for process `\cv32e40p_register_file$cv32e40p_core.id_stage_i.register_file_i.$proc$/workspace/incremental-synthesis/benchmarks/cv32e40p-eco-001-base/core/common/normalized_cv32e40p.v:41995$14410'.
     1/1: $0\mem[255:224]
Creating decoders for process `\cv32e40p_register_file$cv32e40p_core.id_stage_i.register_file_i.$proc$/workspace/incremental-synthesis/benchmarks/cv32e40p-eco-001-base/core/common/normalized_cv32e40p.v:41992$14408'.
     1/1: $0\mem[223:192]
Creating decoders for process `\cv32e40p_register_file$cv32e40p_core.id_stage_i.register_file_i.$proc$/workspace/incremental-synthesis/benchmarks/cv32e40p-eco-001-base/core/common/normalized_cv32e40p.v:41989$14406'.
     1/1: $0\mem[191:160]
Creating decoders for process `\cv32e40p_register_file$cv32e40p_core.id_stage_i.register_file_i.$proc$/workspace/incremental-synthesis/benchmarks/cv32e40p-eco-001-base/core/common/normalized_cv32e40p.v:41986$14404'.
     1/1: $0\mem[159:128]
Creating decoders for process `\cv32e40p_register_file$cv32e40p_core.id_stage_i.register_file_i.$proc$/workspace/incremental-synthesis/benchmarks/cv32e40p-eco-001-base/core/common/normalized_cv32e40p.v:41983$14402'.
     1/1: $0\mem[127:96]
Creating decoders for process `\cv32e40p_register_file$cv32e40p_core.id_stage_i.register_file_i.$proc$/workspace/incremental-synthesis/benchmarks/cv32e40p-eco-001-base/core/common/normalized_cv32e40p.v:41980$14400'.
     1/1: $0\mem[1023:992]
Creating decoders for process `\cv32e40p_register_file$cv32e40p_core.id_stage_i.register_file_i.$proc$/workspace/incremental-synthesis/benchmarks/cv32e40p-eco-001-base/core/common/normalized_cv32e40p.v:41977$14398'.
     1/1: $0\mem[991:960]
Creating decoders for process `\cv32e40p_register_file$cv32e40p_core.id_stage_i.register_file_i.$proc$/workspace/incremental-synthesis/benchmarks/cv32e40p-eco-001-base/core/common/normalized_cv32e40p.v:41974$14396'.
     1/1: $0\mem[95:64]
Creating decoders for process `\cv32e40p_register_file$cv32e40p_core.id_stage_i.register_file_i.$proc$/workspace/incremental-synthesis/benchmarks/cv32e40p-eco-001-base/core/common/normalized_cv32e40p.v:41971$14394'.
     1/1: $0\mem[959:928]
Creating decoders for process `\cv32e40p_register_file$cv32e40p_core.id_stage_i.register_file_i.$proc$/workspace/incremental-synthesis/benchmarks/cv32e40p-eco-001-base/core/common/normalized_cv32e40p.v:41968$14392'.
     1/1: $0\mem[927:896]
Creating decoders for process `\cv32e40p_register_file$cv32e40p_core.id_stage_i.register_file_i.$proc$/workspace/incremental-synthesis/benchmarks/cv32e40p-eco-001-base/core/common/normalized_cv32e40p.v:41965$14390'.
     1/1: $0\mem[895:864]
Creating decoders for process `\cv32e40p_register_file$cv32e40p_core.id_stage_i.register_file_i.$proc$/workspace/incremental-synthesis/benchmarks/cv32e40p-eco-001-base/core/common/normalized_cv32e40p.v:41962$14388'.
     1/1: $0\mem[863:832]
Creating decoders for process `\cv32e40p_register_file$cv32e40p_core.id_stage_i.register_file_i.$proc$/workspace/incremental-synthesis/benchmarks/cv32e40p-eco-001-base/core/common/normalized_cv32e40p.v:41959$14386'.
     1/1: $0\mem[831:800]
Creating decoders for process `\cv32e40p_register_file$cv32e40p_core.id_stage_i.register_file_i.$proc$/workspace/incremental-synthesis/benchmarks/cv32e40p-eco-001-base/core/common/normalized_cv32e40p.v:41956$14384'.
     1/1: $0\mem[799:768]
Creating decoders for process `\cv32e40p_register_file$cv32e40p_core.id_stage_i.register_file_i.$proc$/workspace/incremental-synthesis/benchmarks/cv32e40p-eco-001-base/core/common/normalized_cv32e40p.v:41953$14382'.
     1/1: $0\mem[767:736]
Creating decoders for process `\cv32e40p_register_file$cv32e40p_core.id_stage_i.register_file_i.$proc$/workspace/incremental-synthesis/benchmarks/cv32e40p-eco-001-base/core/common/normalized_cv32e40p.v:41950$14380'.
     1/1: $0\mem[735:704]
Creating decoders for process `\cv32e40p_register_file$cv32e40p_core.id_stage_i.register_file_i.$proc$/workspace/incremental-synthesis/benchmarks/cv32e40p-eco-001-base/core/common/normalized_cv32e40p.v:41947$14378'.
     1/1: $0\mem[703:672]
Creating decoders for process `\cv32e40p_register_file$cv32e40p_core.id_stage_i.register_file_i.$proc$/workspace/incremental-synthesis/benchmarks/cv32e40p-eco-001-base/core/common/normalized_cv32e40p.v:41944$14376'.
     1/1: $0\mem[671:640]
Creating decoders for process `\cv32e40p_register_file$cv32e40p_core.id_stage_i.register_file_i.$proc$/workspace/incremental-synthesis/benchmarks/cv32e40p-eco-001-base/core/common/normalized_cv32e40p.v:41941$14374'.
     1/1: $0\mem[63:32]
Creating decoders for process `\cv32e40p_register_file$cv32e40p_core.id_stage_i.register_file_i.$proc$/workspace/incremental-synthesis/benchmarks/cv32e40p-eco-001-base/core/common/normalized_cv32e40p.v:41938$14372'.
     1/1: $0\mem[639:608]
Creating decoders for process `\cv32e40p_register_file$cv32e40p_core.id_stage_i.register_file_i.$proc$/workspace/incremental-synthesis/benchmarks/cv32e40p-eco-001-base/core/common/normalized_cv32e40p.v:41935$14370'.
     1/1: $0\mem[607:576]
Creating decoders for process `\cv32e40p_register_file$cv32e40p_core.id_stage_i.register_file_i.$proc$/workspace/incremental-synthesis/benchmarks/cv32e40p-eco-001-base/core/common/normalized_cv32e40p.v:41932$14368'.
     1/1: $0\mem[575:544]
Creating decoders for process `\cv32e40p_register_file$cv32e40p_core.id_stage_i.register_file_i.$proc$/workspace/incremental-synthesis/benchmarks/cv32e40p-eco-001-base/core/common/normalized_cv32e40p.v:41929$14366'.
     1/1: $0\mem[543:512]
Creating decoders for process `\cv32e40p_register_file$cv32e40p_core.id_stage_i.register_file_i.$proc$/workspace/incremental-synthesis/benchmarks/cv32e40p-eco-001-base/core/common/normalized_cv32e40p.v:41926$14364'.
     1/1: $0\mem[511:480]
Creating decoders for process `\cv32e40p_register_file$cv32e40p_core.id_stage_i.register_file_i.$proc$/workspace/incremental-synthesis/benchmarks/cv32e40p-eco-001-base/core/common/normalized_cv32e40p.v:41923$14362'.
     1/1: $0\mem[479:448]
Creating decoders for process `\cv32e40p_register_file$cv32e40p_core.id_stage_i.register_file_i.$proc$/workspace/incremental-synthesis/benchmarks/cv32e40p-eco-001-base/core/common/normalized_cv32e40p.v:41920$14360'.
     1/1: $0\mem[447:416]
Creating decoders for process `\cv32e40p_register_file$cv32e40p_core.id_stage_i.register_file_i.$proc$/workspace/incremental-synthesis/benchmarks/cv32e40p-eco-001-base/core/common/normalized_cv32e40p.v:41917$14358'.
     1/1: $0\mem[415:384]
Creating decoders for process `\cv32e40p_register_file$cv32e40p_core.id_stage_i.register_file_i.$proc$/workspace/incremental-synthesis/benchmarks/cv32e40p-eco-001-base/core/common/normalized_cv32e40p.v:41914$14356'.
     1/1: $0\mem[383:352]
Creating decoders for process `\cv32e40p_register_file$cv32e40p_core.id_stage_i.register_file_i.$proc$/workspace/incremental-synthesis/benchmarks/cv32e40p-eco-001-base/core/common/normalized_cv32e40p.v:41911$14354'.
     1/1: $0\mem[351:320]
Creating decoders for process `\cv32e40p_register_file$cv32e40p_core.id_stage_i.register_file_i.$proc$/workspace/incremental-synthesis/benchmarks/cv32e40p-eco-001-base/core/common/normalized_cv32e40p.v:41908$14352'.
     1/1: $0\mem[31:0]

3.8. Executing PROC_DLATCH pass (convert process syncs to latches).

3.9. Executing PROC_DFF pass (convert process syncs to FFs).
Creating register for signal `\cv32e40p_register_file$cv32e40p_core.id_stage_i.register_file_i.\mem [319:288]' using process `\cv32e40p_register_file$cv32e40p_core.id_stage_i.register_file_i.$proc$/workspace/incremental-synthesis/benchmarks/cv32e40p-eco-001-base/core/common/normalized_cv32e40p.v:42001$14414'.
  created $adff cell `$procdff$14528' with positive edge clock and positive level reset.
Creating register for signal `\cv32e40p_register_file$cv32e40p_core.id_stage_i.register_file_i.\mem [287:256]' using process `\cv32e40p_register_file$cv32e40p_core.id_stage_i.register_file_i.$proc$/workspace/incremental-synthesis/benchmarks/cv32e40p-eco-001-base/core/common/normalized_cv32e40p.v:41998$14412'.
  created $adff cell `$procdff$14533' with positive edge clock and positive level reset.
Creating register for signal `\cv32e40p_register_file$cv32e40p_core.id_stage_i.register_file_i.\mem [255:224]' using process `\cv32e40p_register_file$cv32e40p_core.id_stage_i.register_file_i.$proc$/workspace/incremental-synthesis/benchmarks/cv32e40p-eco-001-base/core/common/normalized_cv32e40p.v:41995$14410'.
  created $adff cell `$procdff$14538' with positive edge clock and positive level reset.
Creating register for signal `\cv32e40p_register_file$cv32e40p_core.id_stage_i.register_file_i.\mem [223:192]' using process `\cv32e40p_register_file$cv32e40p_core.id_stage_i.register_file_i.$proc$/workspace/incremental-synthesis/benchmarks/cv32e40p-eco-001-base/core/common/normalized_cv32e40p.v:41992$14408'.
  created $adff cell `$procdff$14543' with positive edge clock and positive level reset.
Creating register for signal `\cv32e40p_register_file$cv32e40p_core.id_stage_i.register_file_i.\mem [191:160]' using process `\cv32e40p_register_file$cv32e40p_core.id_stage_i.register_file_i.$proc$/workspace/incremental-synthesis/benchmarks/cv32e40p-eco-001-base/core/common/normalized_cv32e40p.v:41989$14406'.
  created $adff cell `$procdff$14548' with positive edge clock and positive level reset.
Creating register for signal `\cv32e40p_register_file$cv32e40p_core.id_stage_i.register_file_i.\mem [159:128]' using process `\cv32e40p_register_file$cv32e40p_core.id_stage_i.register_file_i.$proc$/workspace/incremental-synthesis/benchmarks/cv32e40p-eco-001-base/core/common/normalized_cv32e40p.v:41986$14404'.
  created $adff cell `$procdff$14553' with positive edge clock and positive level reset.
Creating register for signal `\cv32e40p_register_file$cv32e40p_core.id_stage_i.register_file_i.\mem [127:96]' using process `\cv32e40p_register_file$cv32e40p_core.id_stage_i.register_file_i.$proc$/workspace/incremental-synthesis/benchmarks/cv32e40p-eco-001-base/core/common/normalized_cv32e40p.v:41983$14402'.
  created $adff cell `$procdff$14558' with positive edge clock and positive level reset.
Creating register for signal `\cv32e40p_register_file$cv32e40p_core.id_stage_i.register_file_i.\mem [1023:992]' using process `\cv32e40p_register_file$cv32e40p_core.id_stage_i.register_file_i.$proc$/workspace/incremental-synthesis/benchmarks/cv32e40p-eco-001-base/core/common/normalized_cv32e40p.v:41980$14400'.
  created $adff cell `$procdff$14563' with positive edge clock and positive level reset.
Creating register for signal `\cv32e40p_register_file$cv32e40p_core.id_stage_i.register_file_i.\mem [991:960]' using process `\cv32e40p_register_file$cv32e40p_core.id_stage_i.register_file_i.$proc$/workspace/incremental-synthesis/benchmarks/cv32e40p-eco-001-base/core/common/normalized_cv32e40p.v:41977$14398'.
  created $adff cell `$procdff$14568' with positive edge clock and positive level reset.
Creating register for signal `\cv32e40p_register_file$cv32e40p_core.id_stage_i.register_file_i.\mem [95:64]' using process `\cv32e40p_register_file$cv32e40p_core.id_stage_i.register_file_i.$proc$/workspace/incremental-synthesis/benchmarks/cv32e40p-eco-001-base/core/common/normalized_cv32e40p.v:41974$14396'.
  created $adff cell `$procdff$14573' with positive edge clock and positive level reset.
Creating register for signal `\cv32e40p_register_file$cv32e40p_core.id_stage_i.register_file_i.\mem [959:928]' using process `\cv32e40p_register_file$cv32e40p_core.id_stage_i.register_file_i.$proc$/workspace/incremental-synthesis/benchmarks/cv32e40p-eco-001-base/core/common/normalized_cv32e40p.v:41971$14394'.
  created $adff cell `$procdff$14578' with positive edge clock and positive level reset.
Creating register for signal `\cv32e40p_register_file$cv32e40p_core.id_stage_i.register_file_i.\mem [927:896]' using process `\cv32e40p_register_file$cv32e40p_core.id_stage_i.register_file_i.$proc$/workspace/incremental-synthesis/benchmarks/cv32e40p-eco-001-base/core/common/normalized_cv32e40p.v:41968$14392'.
  created $adff cell `$procdff$14583' with positive edge clock and positive level reset.
Creating register for signal `\cv32e40p_register_file$cv32e40p_core.id_stage_i.register_file_i.\mem [895:864]' using process `\cv32e40p_register_file$cv32e40p_core.id_stage_i.register_file_i.$proc$/workspace/incremental-synthesis/benchmarks/cv32e40p-eco-001-base/core/common/normalized_cv32e40p.v:41965$14390'.
  created $adff cell `$procdff$14588' with positive edge clock and positive level reset.
Creating register for signal `\cv32e40p_register_file$cv32e40p_core.id_stage_i.register_file_i.\mem [863:832]' using process `\cv32e40p_register_file$cv32e40p_core.id_stage_i.register_file_i.$proc$/workspace/incremental-synthesis/benchmarks/cv32e40p-eco-001-base/core/common/normalized_cv32e40p.v:41962$14388'.
  created $adff cell `$procdff$14593' with positive edge clock and positive level reset.
Creating register for signal `\cv32e40p_register_file$cv32e40p_core.id_stage_i.register_file_i.\mem [831:800]' using process `\cv32e40p_register_file$cv32e40p_core.id_stage_i.register_file_i.$proc$/workspace/incremental-synthesis/benchmarks/cv32e40p-eco-001-base/core/common/normalized_cv32e40p.v:41959$14386'.
  created $adff cell `$procdff$14598' with positive edge clock and positive level reset.
Creating register for signal `\cv32e40p_register_file$cv32e40p_core.id_stage_i.register_file_i.\mem [799:768]' using process `\cv32e40p_register_file$cv32e40p_core.id_stage_i.register_file_i.$proc$/workspace/incremental-synthesis/benchmarks/cv32e40p-eco-001-base/core/common/normalized_cv32e40p.v:41956$14384'.
  created $adff cell `$procdff$14603' with positive edge clock and positive level reset.
Creating register for signal `\cv32e40p_register_file$cv32e40p_core.id_stage_i.register_file_i.\mem [767:736]' using process `\cv32e40p_register_file$cv32e40p_core.id_stage_i.register_file_i.$proc$/workspace/incremental-synthesis/benchmarks/cv32e40p-eco-001-base/core/common/normalized_cv32e40p.v:41953$14382'.
  created $adff cell `$procdff$14608' with positive edge clock and positive level reset.
Creating register for signal `\cv32e40p_register_file$cv32e40p_core.id_stage_i.register_file_i.\mem [735:704]' using process `\cv32e40p_register_file$cv32e40p_core.id_stage_i.register_file_i.$proc$/workspace/incremental-synthesis/benchmarks/cv32e40p-eco-001-base/core/common/normalized_cv32e40p.v:41950$14380'.
  created $adff cell `$procdff$14613' with positive edge clock and positive level reset.
Creating register for signal `\cv32e40p_register_file$cv32e40p_core.id_stage_i.register_file_i.\mem [703:672]' using process `\cv32e40p_register_file$cv32e40p_core.id_stage_i.register_file_i.$proc$/workspace/incremental-synthesis/benchmarks/cv32e40p-eco-001-base/core/common/normalized_cv32e40p.v:41947$14378'.
  created $adff cell `$procdff$14618' with positive edge clock and positive level reset.
Creating register for signal `\cv32e40p_register_file$cv32e40p_core.id_stage_i.register_file_i.\mem [671:640]' using process `\cv32e40p_register_file$cv32e40p_core.id_stage_i.register_file_i.$proc$/workspace/incremental-synthesis/benchmarks/cv32e40p-eco-001-base/core/common/normalized_cv32e40p.v:41944$14376'.
  created $adff cell `$procdff$14623' with positive edge clock and positive level reset.
Creating register for signal `\cv32e40p_register_file$cv32e40p_core.id_stage_i.register_file_i.\mem [63:32]' using process `\cv32e40p_register_file$cv32e40p_core.id_stage_i.register_file_i.$proc$/workspace/incremental-synthesis/benchmarks/cv32e40p-eco-001-base/core/common/normalized_cv32e40p.v:41941$14374'.
  created $adff cell `$procdff$14628' with positive edge clock and positive level reset.
Creating register for signal `\cv32e40p_register_file$cv32e40p_core.id_stage_i.register_file_i.\mem [639:608]' using process `\cv32e40p_register_file$cv32e40p_core.id_stage_i.register_file_i.$proc$/workspace/incremental-synthesis/benchmarks/cv32e40p-eco-001-base/core/common/normalized_cv32e40p.v:41938$14372'.
  created $adff cell `$procdff$14633' with positive edge clock and positive level reset.
Creating register for signal `\cv32e40p_register_file$cv32e40p_core.id_stage_i.register_file_i.\mem [607:576]' using process `\cv32e40p_register_file$cv32e40p_core.id_stage_i.register_file_i.$proc$/workspace/incremental-synthesis/benchmarks/cv32e40p-eco-001-base/core/common/normalized_cv32e40p.v:41935$14370'.
  created $adff cell `$procdff$14638' with positive edge clock and positive level reset.
Creating register for signal `\cv32e40p_register_file$cv32e40p_core.id_stage_i.register_file_i.\mem [575:544]' using process `\cv32e40p_register_file$cv32e40p_core.id_stage_i.register_file_i.$proc$/workspace/incremental-synthesis/benchmarks/cv32e40p-eco-001-base/core/common/normalized_cv32e40p.v:41932$14368'.
  created $adff cell `$procdff$14643' with positive edge clock and positive level reset.
Creating register for signal `\cv32e40p_register_file$cv32e40p_core.id_stage_i.register_file_i.\mem [543:512]' using process `\cv32e40p_register_file$cv32e40p_core.id_stage_i.register_file_i.$proc$/workspace/incremental-synthesis/benchmarks/cv32e40p-eco-001-base/core/common/normalized_cv32e40p.v:41929$14366'.
  created $adff cell `$procdff$14648' with positive edge clock and positive level reset.
Creating register for signal `\cv32e40p_register_file$cv32e40p_core.id_stage_i.register_file_i.\mem [511:480]' using process `\cv32e40p_register_file$cv32e40p_core.id_stage_i.register_file_i.$proc$/workspace/incremental-synthesis/benchmarks/cv32e40p-eco-001-base/core/common/normalized_cv32e40p.v:41926$14364'.
  created $adff cell `$procdff$14653' with positive edge clock and positive level reset.
Creating register for signal `\cv32e40p_register_file$cv32e40p_core.id_stage_i.register_file_i.\mem [479:448]' using process `\cv32e40p_register_file$cv32e40p_core.id_stage_i.register_file_i.$proc$/workspace/incremental-synthesis/benchmarks/cv32e40p-eco-001-base/core/common/normalized_cv32e40p.v:41923$14362'.
  created $adff cell `$procdff$14658' with positive edge clock and positive level reset.
Creating register for signal `\cv32e40p_register_file$cv32e40p_core.id_stage_i.register_file_i.\mem [447:416]' using process `\cv32e40p_register_file$cv32e40p_core.id_stage_i.register_file_i.$proc$/workspace/incremental-synthesis/benchmarks/cv32e40p-eco-001-base/core/common/normalized_cv32e40p.v:41920$14360'.
  created $adff cell `$procdff$14663' with positive edge clock and positive level reset.
Creating register for signal `\cv32e40p_register_file$cv32e40p_core.id_stage_i.register_file_i.\mem [415:384]' using process `\cv32e40p_register_file$cv32e40p_core.id_stage_i.register_file_i.$proc$/workspace/incremental-synthesis/benchmarks/cv32e40p-eco-001-base/core/common/normalized_cv32e40p.v:41917$14358'.
  created $adff cell `$procdff$14668' with positive edge clock and positive level reset.
Creating register for signal `\cv32e40p_register_file$cv32e40p_core.id_stage_i.register_file_i.\mem [383:352]' using process `\cv32e40p_register_file$cv32e40p_core.id_stage_i.register_file_i.$proc$/workspace/incremental-synthesis/benchmarks/cv32e40p-eco-001-base/core/common/normalized_cv32e40p.v:41914$14356'.
  created $adff cell `$procdff$14673' with positive edge clock and positive level reset.
Creating register for signal `\cv32e40p_register_file$cv32e40p_core.id_stage_i.register_file_i.\mem [351:320]' using process `\cv32e40p_register_file$cv32e40p_core.id_stage_i.register_file_i.$proc$/workspace/incremental-synthesis/benchmarks/cv32e40p-eco-001-base/core/common/normalized_cv32e40p.v:41911$14354'.
  created $adff cell `$procdff$14678' with positive edge clock and positive level reset.
Creating register for signal `\cv32e40p_register_file$cv32e40p_core.id_stage_i.register_file_i.\mem [31:0]' using process `\cv32e40p_register_file$cv32e40p_core.id_stage_i.register_file_i.$proc$/workspace/incremental-synthesis/benchmarks/cv32e40p-eco-001-base/core/common/normalized_cv32e40p.v:41908$14352'.
  created $adff cell `$procdff$14683' with positive edge clock and positive level reset.

3.10. Executing PROC_MEMWR pass (convert process memory writes to cells).

3.11. Executing PROC_CLEAN pass (remove empty switches from decision trees).
Removing empty process `cv32e40p_register_file$cv32e40p_core.id_stage_i.register_file_i.$proc$/workspace/incremental-synthesis/benchmarks/cv32e40p-eco-001-base/core/common/normalized_cv32e40p.v:42001$14414'.
Removing empty process `cv32e40p_register_file$cv32e40p_core.id_stage_i.register_file_i.$proc$/workspace/incremental-synthesis/benchmarks/cv32e40p-eco-001-base/core/common/normalized_cv32e40p.v:41998$14412'.
Removing empty process `cv32e40p_register_file$cv32e40p_core.id_stage_i.register_file_i.$proc$/workspace/incremental-synthesis/benchmarks/cv32e40p-eco-001-base/core/common/normalized_cv32e40p.v:41995$14410'.
Removing empty process `cv32e40p_register_file$cv32e40p_core.id_stage_i.register_file_i.$proc$/workspace/incremental-synthesis/benchmarks/cv32e40p-eco-001-base/core/common/normalized_cv32e40p.v:41992$14408'.
Removing empty process `cv32e40p_register_file$cv32e40p_core.id_stage_i.register_file_i.$proc$/workspace/incremental-synthesis/benchmarks/cv32e40p-eco-001-base/core/common/normalized_cv32e40p.v:41989$14406'.
Removing empty process `cv32e40p_register_file$cv32e40p_core.id_stage_i.register_file_i.$proc$/workspace/incremental-synthesis/benchmarks/cv32e40p-eco-001-base/core/common/normalized_cv32e40p.v:41986$14404'.
Removing empty process `cv32e40p_register_file$cv32e40p_core.id_stage_i.register_file_i.$proc$/workspace/incremental-synthesis/benchmarks/cv32e40p-eco-001-base/core/common/normalized_cv32e40p.v:41983$14402'.
Removing empty process `cv32e40p_register_file$cv32e40p_core.id_stage_i.register_file_i.$proc$/workspace/incremental-synthesis/benchmarks/cv32e40p-eco-001-base/core/common/normalized_cv32e40p.v:41980$14400'.
Removing empty process `cv32e40p_register_file$cv32e40p_core.id_stage_i.register_file_i.$proc$/workspace/incremental-synthesis/benchmarks/cv32e40p-eco-001-base/core/common/normalized_cv32e40p.v:41977$14398'.
Removing empty process `cv32e40p_register_file$cv32e40p_core.id_stage_i.register_file_i.$proc$/workspace/incremental-synthesis/benchmarks/cv32e40p-eco-001-base/core/common/normalized_cv32e40p.v:41974$14396'.
Removing empty process `cv32e40p_register_file$cv32e40p_core.id_stage_i.register_file_i.$proc$/workspace/incremental-synthesis/benchmarks/cv32e40p-eco-001-base/core/common/normalized_cv32e40p.v:41971$14394'.
Removing empty process `cv32e40p_register_file$cv32e40p_core.id_stage_i.register_file_i.$proc$/workspace/incremental-synthesis/benchmarks/cv32e40p-eco-001-base/core/common/normalized_cv32e40p.v:41968$14392'.
Removing empty process `cv32e40p_register_file$cv32e40p_core.id_stage_i.register_file_i.$proc$/workspace/incremental-synthesis/benchmarks/cv32e40p-eco-001-base/core/common/normalized_cv32e40p.v:41965$14390'.
Removing empty process `cv32e40p_register_file$cv32e40p_core.id_stage_i.register_file_i.$proc$/workspace/incremental-synthesis/benchmarks/cv32e40p-eco-001-base/core/common/normalized_cv32e40p.v:41962$14388'.
Removing empty process `cv32e40p_register_file$cv32e40p_core.id_stage_i.register_file_i.$proc$/workspace/incremental-synthesis/benchmarks/cv32e40p-eco-001-base/core/common/normalized_cv32e40p.v:41959$14386'.
Removing empty process `cv32e40p_register_file$cv32e40p_core.id_stage_i.register_file_i.$proc$/workspace/incremental-synthesis/benchmarks/cv32e40p-eco-001-base/core/common/normalized_cv32e40p.v:41956$14384'.
Removing empty process `cv32e40p_register_file$cv32e40p_core.id_stage_i.register_file_i.$proc$/workspace/incremental-synthesis/benchmarks/cv32e40p-eco-001-base/core/common/normalized_cv32e40p.v:41953$14382'.
Removing empty process `cv32e40p_register_file$cv32e40p_core.id_stage_i.register_file_i.$proc$/workspace/incremental-synthesis/benchmarks/cv32e40p-eco-001-base/core/common/normalized_cv32e40p.v:41950$14380'.
Removing empty process `cv32e40p_register_file$cv32e40p_core.id_stage_i.register_file_i.$proc$/workspace/incremental-synthesis/benchmarks/cv32e40p-eco-001-base/core/common/normalized_cv32e40p.v:41947$14378'.
Removing empty process `cv32e40p_register_file$cv32e40p_core.id_stage_i.register_file_i.$proc$/workspace/incremental-synthesis/benchmarks/cv32e40p-eco-001-base/core/common/normalized_cv32e40p.v:41944$14376'.
Removing empty process `cv32e40p_register_file$cv32e40p_core.id_stage_i.register_file_i.$proc$/workspace/incremental-synthesis/benchmarks/cv32e40p-eco-001-base/core/common/normalized_cv32e40p.v:41941$14374'.
Removing empty process `cv32e40p_register_file$cv32e40p_core.id_stage_i.register_file_i.$proc$/workspace/incremental-synthesis/benchmarks/cv32e40p-eco-001-base/core/common/normalized_cv32e40p.v:41938$14372'.
Removing empty process `cv32e40p_register_file$cv32e40p_core.id_stage_i.register_file_i.$proc$/workspace/incremental-synthesis/benchmarks/cv32e40p-eco-001-base/core/common/normalized_cv32e40p.v:41935$14370'.
Removing empty process `cv32e40p_register_file$cv32e40p_core.id_stage_i.register_file_i.$proc$/workspace/incremental-synthesis/benchmarks/cv32e40p-eco-001-base/core/common/normalized_cv32e40p.v:41932$14368'.
Removing empty process `cv32e40p_register_file$cv32e40p_core.id_stage_i.register_file_i.$proc$/workspace/incremental-synthesis/benchmarks/cv32e40p-eco-001-base/core/common/normalized_cv32e40p.v:41929$14366'.
Removing empty process `cv32e40p_register_file$cv32e40p_core.id_stage_i.register_file_i.$proc$/workspace/incremental-synthesis/benchmarks/cv32e40p-eco-001-base/core/common/normalized_cv32e40p.v:41926$14364'.
Removing empty process `cv32e40p_register_file$cv32e40p_core.id_stage_i.register_file_i.$proc$/workspace/incremental-synthesis/benchmarks/cv32e40p-eco-001-base/core/common/normalized_cv32e40p.v:41923$14362'.
Removing empty process `cv32e40p_register_file$cv32e40p_core.id_stage_i.register_file_i.$proc$/workspace/incremental-synthesis/benchmarks/cv32e40p-eco-001-base/core/common/normalized_cv32e40p.v:41920$14360'.
Removing empty process `cv32e40p_register_file$cv32e40p_core.id_stage_i.register_file_i.$proc$/workspace/incremental-synthesis/benchmarks/cv32e40p-eco-001-base/core/common/normalized_cv32e40p.v:41917$14358'.
Removing empty process `cv32e40p_register_file$cv32e40p_core.id_stage_i.register_file_i.$proc$/workspace/incremental-synthesis/benchmarks/cv32e40p-eco-001-base/core/common/normalized_cv32e40p.v:41914$14356'.
Removing empty process `cv32e40p_register_file$cv32e40p_core.id_stage_i.register_file_i.$proc$/workspace/incremental-synthesis/benchmarks/cv32e40p-eco-001-base/core/common/normalized_cv32e40p.v:41911$14354'.
Removing empty process `cv32e40p_register_file$cv32e40p_core.id_stage_i.register_file_i.$proc$/workspace/incremental-synthesis/benchmarks/cv32e40p-eco-001-base/core/common/normalized_cv32e40p.v:41908$14352'.
Cleaned up 0 empty switches.

3.12. Executing OPT_EXPR pass (perform const folding).
Optimizing module cv32e40p_register_file$cv32e40p_core.id_stage_i.register_file_i.
<suppressed ~157 debug messages>

4. Executing OPT_CLEAN pass (remove unused cells and wires).
Finding unused cells or wires in module \cv32e40p_register_file$cv32e40p_core.id_stage_i.register_file_i..
Removed 100 unused cells and 891 unused wires.
<suppressed ~101 debug messages>

5. Executing CHECK pass (checking for obvious problems).
Checking module cv32e40p_register_file$cv32e40p_core.id_stage_i.register_file_i...
Found and reported 0 problems.

6. Executing JSON backend.

7. Executing RTLIL backend.
Output filename: /workspace/incremental-synthesis/results/partition-incremental/__granularity_cv32e40p-eco-001/base/fine-cache/id_stage_i/regions/register_file_i/frontend.rtlil

8. Printing statistics.

=== cv32e40p_register_file$cv32e40p_core.id_stage_i.register_file_i ===

        +----------Local Count, excluding submodules.
        | 
      265 wires
     8593 wire bits
      265 public wires
     8593 public wire bits
       15 ports
      195 port bits
      357 cells
       32   $adff
       62   $eq
        6   $lt
      257   $mux


-- Executing script file `/workspace/incremental-synthesis/partition-incremental/yosys/synth_partition.ys' --

9. Executing FLATTEN pass (flatten design).

10. Executing OPT_CLEAN pass (remove unused cells and wires).
Finding unused cells or wires in module \cv32e40p_register_file$cv32e40p_core.id_stage_i.register_file_i..

11. Executing CHECK pass (checking for obvious problems).
Checking module cv32e40p_register_file$cv32e40p_core.id_stage_i.register_file_i...
Found and reported 0 problems.

12. Executing JSON backend.

13. Executing RTLIL backend.
Output filename: /workspace/incremental-synthesis/results/partition-incremental/__granularity_cv32e40p-eco-001/base/fine-cache/id_stage_i/regions/register_file_i/flattened.rtlil

14. Printing statistics.

=== cv32e40p_register_file$cv32e40p_core.id_stage_i.register_file_i ===

        +----------Local Count, excluding submodules.
        | 
      265 wires
     8593 wire bits
      265 public wires
     8593 public wire bits
       15 ports
      195 port bits
      357 cells
       32   $adff
       62   $eq
        6   $lt
      257   $mux

15. Executing SYNTH pass.

15.1. Executing HIERARCHY pass (managing design hierarchy).

15.1.1. Analyzing design hierarchy..
Top module:  \cv32e40p_register_file$cv32e40p_core.id_stage_i.register_file_i

15.1.2. Analyzing design hierarchy..
Top module:  \cv32e40p_register_file$cv32e40p_core.id_stage_i.register_file_i
Removed 0 unused modules.

15.2. Executing PROC pass (convert processes to netlists).

15.2.1. Executing PROC_CLEAN pass (remove empty switches from decision trees).
Cleaned up 0 empty switches.

15.2.2. Executing PROC_RMDEAD pass (remove dead branches from decision trees).
Removed a total of 0 dead cases.

15.2.3. Executing PROC_PRUNE pass (remove redundant assignments in processes).
Removed 0 redundant assignments.
Promoted 0 assignments to connections.

15.2.4. Executing PROC_INIT pass (extract init attributes).

15.2.5. Executing PROC_ARST pass (detect async resets in processes).

15.2.6. Executing PROC_ROM pass (convert switches to ROMs).
Converted 0 switches.

15.2.7. Executing PROC_MUX pass (convert decision trees to multiplexers).

15.2.8. Executing PROC_DLATCH pass (convert process syncs to latches).

15.2.9. Executing PROC_DFF pass (convert process syncs to FFs).

15.2.10. Executing PROC_MEMWR pass (convert process memory writes to cells).

15.2.11. Executing PROC_CLEAN pass (remove empty switches from decision trees).
Cleaned up 0 empty switches.

15.2.12. Executing OPT_EXPR pass (perform const folding).
Optimizing module cv32e40p_register_file$cv32e40p_core.id_stage_i.register_file_i.

15.3. Executing OPT_EXPR pass (perform const folding).
Optimizing module cv32e40p_register_file$cv32e40p_core.id_stage_i.register_file_i.

15.4. Executing OPT_CLEAN pass (remove unused cells and wires).
Finding unused cells or wires in module \cv32e40p_register_file$cv32e40p_core.id_stage_i.register_file_i..

15.5. Executing CHECK pass (checking for obvious problems).
Checking module cv32e40p_register_file$cv32e40p_core.id_stage_i.register_file_i...
Found and reported 0 problems.

15.6. Executing OPT pass (performing simple optimizations).

15.6.1. Executing OPT_EXPR pass (perform const folding).
Optimizing module cv32e40p_register_file$cv32e40p_core.id_stage_i.register_file_i.

15.6.2. Executing OPT_MERGE pass (detect identical cells).
Finding identical cells in module `\cv32e40p_register_file$cv32e40p_core.id_stage_i.register_file_i'.
Computing hashes of 357 cells of `\cv32e40p_register_file$cv32e40p_core.id_stage_i.register_file_i'.
Finding duplicate cells in `\cv32e40p_register_file$cv32e40p_core.id_stage_i.register_file_i'.
Computing hashes of 354 cells of `\cv32e40p_register_file$cv32e40p_core.id_stage_i.register_file_i'.
Finding duplicate cells in `\cv32e40p_register_file$cv32e40p_core.id_stage_i.register_file_i'.
<suppressed ~9 debug messages>
Removed a total of 3 cells.

15.6.3. Executing OPT_MUXTREE pass (detect dead branches in mux trees).
Running muxtree optimizer on module \cv32e40p_register_file$cv32e40p_core.id_stage_i.register_file_i..
  Creating internal representation of mux trees.
  Evaluating internal representation of mux trees.
  Analyzing evaluation results.
    dead port 1/2 on $mux $ternary$/workspace/incremental-synthesis/benchmarks/cv32e40p-eco-001-base/core/common/normalized_cv32e40p.v:42005$14417.
    dead port 1/2 on $mux $ternary$/workspace/incremental-synthesis/benchmarks/cv32e40p-eco-001-base/core/common/normalized_cv32e40p.v:42008$14420.
    dead port 1/2 on $mux $ternary$/workspace/incremental-synthesis/benchmarks/cv32e40p-eco-001-base/core/common/normalized_cv32e40p.v:42011$14423.
    dead port 1/2 on $mux $ternary$/workspace/incremental-synthesis/benchmarks/cv32e40p-eco-001-base/core/common/normalized_cv32e40p.v:42014$14426.
    dead port 1/2 on $mux $ternary$/workspace/incremental-synthesis/benchmarks/cv32e40p-eco-001-base/core/common/normalized_cv32e40p.v:42017$14429.
    dead port 1/2 on $mux $ternary$/workspace/incremental-synthesis/benchmarks/cv32e40p-eco-001-base/core/common/normalized_cv32e40p.v:42020$14432.
    dead port 1/2 on $mux $ternary$/workspace/incremental-synthesis/benchmarks/cv32e40p-eco-001-base/core/common/normalized_cv32e40p.v:42023$14435.
    dead port 1/2 on $mux $ternary$/workspace/incremental-synthesis/benchmarks/cv32e40p-eco-001-base/core/common/normalized_cv32e40p.v:42026$14438.
    dead port 1/2 on $mux $ternary$/workspace/incremental-synthesis/benchmarks/cv32e40p-eco-001-base/core/common/normalized_cv32e40p.v:42029$14441.
    dead port 1/2 on $mux $ternary$/workspace/incremental-synthesis/benchmarks/cv32e40p-eco-001-base/core/common/normalized_cv32e40p.v:42032$14444.
    dead port 1/2 on $mux $ternary$/workspace/incremental-synthesis/benchmarks/cv32e40p-eco-001-base/core/common/normalized_cv32e40p.v:42035$14447.
    dead port 1/2 on $mux $ternary$/workspace/incremental-synthesis/benchmarks/cv32e40p-eco-001-base/core/common/normalized_cv32e40p.v:42038$14450.
    dead port 1/2 on $mux $ternary$/workspace/incremental-synthesis/benchmarks/cv32e40p-eco-001-base/core/common/normalized_cv32e40p.v:42041$14453.
    dead port 1/2 on $mux $ternary$/workspace/incremental-synthesis/benchmarks/cv32e40p-eco-001-base/core/common/normalized_cv32e40p.v:42044$14456.
    dead port 1/2 on $mux $ternary$/workspace/incremental-synthesis/benchmarks/cv32e40p-eco-001-base/core/common/normalized_cv32e40p.v:42047$14459.
    dead port 1/2 on $mux $ternary$/workspace/incremental-synthesis/benchmarks/cv32e40p-eco-001-base/core/common/normalized_cv32e40p.v:42050$14462.
    dead port 1/2 on $mux $ternary$/workspace/incremental-synthesis/benchmarks/cv32e40p-eco-001-base/core/common/normalized_cv32e40p.v:42053$14465.
    dead port 1/2 on $mux $ternary$/workspace/incremental-synthesis/benchmarks/cv32e40p-eco-001-base/core/common/normalized_cv32e40p.v:42056$14468.
    dead port 1/2 on $mux $ternary$/workspace/incremental-synthesis/benchmarks/cv32e40p-eco-001-base/core/common/normalized_cv32e40p.v:42059$14471.
    dead port 1/2 on $mux $ternary$/workspace/incremental-synthesis/benchmarks/cv32e40p-eco-001-base/core/common/normalized_cv32e40p.v:42062$14474.
    dead port 1/2 on $mux $ternary$/workspace/incremental-synthesis/benchmarks/cv32e40p-eco-001-base/core/common/normalized_cv32e40p.v:42065$14477.
    dead port 1/2 on $mux $ternary$/workspace/incremental-synthesis/benchmarks/cv32e40p-eco-001-base/core/common/normalized_cv32e40p.v:42068$14480.
    dead port 1/2 on $mux $ternary$/workspace/incremental-synthesis/benchmarks/cv32e40p-eco-001-base/core/common/normalized_cv32e40p.v:42071$14483.
    dead port 1/2 on $mux $ternary$/workspace/incremental-synthesis/benchmarks/cv32e40p-eco-001-base/core/common/normalized_cv32e40p.v:42074$14486.
    dead port 1/2 on $mux $ternary$/workspace/incremental-synthesis/benchmarks/cv32e40p-eco-001-base/core/common/normalized_cv32e40p.v:42077$14489.
    dead port 1/2 on $mux $ternary$/workspace/incremental-synthesis/benchmarks/cv32e40p-eco-001-base/core/common/normalized_cv32e40p.v:42080$14492.
    dead port 1/2 on $mux $ternary$/workspace/incremental-synthesis/benchmarks/cv32e40p-eco-001-base/core/common/normalized_cv32e40p.v:42083$14495.
    dead port 1/2 on $mux $ternary$/workspace/incremental-synthesis/benchmarks/cv32e40p-eco-001-base/core/common/normalized_cv32e40p.v:42086$14498.
    dead port 1/2 on $mux $ternary$/workspace/incremental-synthesis/benchmarks/cv32e40p-eco-001-base/core/common/normalized_cv32e40p.v:42089$14501.
    dead port 1/2 on $mux $ternary$/workspace/incremental-synthesis/benchmarks/cv32e40p-eco-001-base/core/common/normalized_cv32e40p.v:42092$14504.
    dead port 1/2 on $mux $ternary$/workspace/incremental-synthesis/benchmarks/cv32e40p-eco-001-base/core/common/normalized_cv32e40p.v:42095$14507.
Removed 31 multiplexer ports.
<suppressed ~353 debug messages>

15.6.4. Executing OPT_REDUCE pass (consolidate $*mux and $reduce_* inputs).
  Optimizing cells in module \cv32e40p_register_file$cv32e40p_core.id_stage_i.register_file_i.
Performed a total of 0 changes.

15.6.5. Executing OPT_MERGE pass (detect identical cells).
Finding identical cells in module `\cv32e40p_register_file$cv32e40p_core.id_stage_i.register_file_i'.
Computing hashes of 323 cells of `\cv32e40p_register_file$cv32e40p_core.id_stage_i.register_file_i'.
Finding duplicate cells in `\cv32e40p_register_file$cv32e40p_core.id_stage_i.register_file_i'.
Removed a total of 0 cells.

15.6.6. Executing OPT_DFF pass (perform DFF optimizations).
Setting constant 0-bit at position 0 on $procdff$14683 ($adff) from module cv32e40p_register_file$cv32e40p_core.id_stage_i.register_file_i.
Setting constant 0-bit at position 1 on $procdff$14683 ($adff) from module cv32e40p_register_file$cv32e40p_core.id_stage_i.register_file_i.
Setting constant 0-bit at position 2 on $procdff$14683 ($adff) from module cv32e40p_register_file$cv32e40p_core.id_stage_i.register_file_i.
Setting constant 0-bit at position 3 on $procdff$14683 ($adff) from module cv32e40p_register_file$cv32e40p_core.id_stage_i.register_file_i.
Setting constant 0-bit at position 4 on $procdff$14683 ($adff) from module cv32e40p_register_file$cv32e40p_core.id_stage_i.register_file_i.
Setting constant 0-bit at position 5 on $procdff$14683 ($adff) from module cv32e40p_register_file$cv32e40p_core.id_stage_i.register_file_i.
Setting constant 0-bit at position 6 on $procdff$14683 ($adff) from module cv32e40p_register_file$cv32e40p_core.id_stage_i.register_file_i.
Setting constant 0-bit at position 7 on $procdff$14683 ($adff) from module cv32e40p_register_file$cv32e40p_core.id_stage_i.register_file_i.
Setting constant 0-bit at position 8 on $procdff$14683 ($adff) from module cv32e40p_register_file$cv32e40p_core.id_stage_i.register_file_i.
Setting constant 0-bit at position 9 on $procdff$14683 ($adff) from module cv32e40p_register_file$cv32e40p_core.id_stage_i.register_file_i.
Setting constant 0-bit at position 10 on $procdff$14683 ($adff) from module cv32e40p_register_file$cv32e40p_core.id_stage_i.register_file_i.
Setting constant 0-bit at position 11 on $procdff$14683 ($adff) from module cv32e40p_register_file$cv32e40p_core.id_stage_i.register_file_i.
Setting constant 0-bit at position 12 on $procdff$14683 ($adff) from module cv32e40p_register_file$cv32e40p_core.id_stage_i.register_file_i.
Setting constant 0-bit at position 13 on $procdff$14683 ($adff) from module cv32e40p_register_file$cv32e40p_core.id_stage_i.register_file_i.
Setting constant 0-bit at position 14 on $procdff$14683 ($adff) from module cv32e40p_register_file$cv32e40p_core.id_stage_i.register_file_i.
Setting constant 0-bit at position 15 on $procdff$14683 ($adff) from module cv32e40p_register_file$cv32e40p_core.id_stage_i.register_file_i.
Setting constant 0-bit at position 16 on $procdff$14683 ($adff) from module cv32e40p_register_file$cv32e40p_core.id_stage_i.register_file_i.
Setting constant 0-bit at position 17 on $procdff$14683 ($adff) from module cv32e40p_register_file$cv32e40p_core.id_stage_i.register_file_i.
Setting constant 0-bit at position 18 on $procdff$14683 ($adff) from module cv32e40p_register_file$cv32e40p_core.id_stage_i.register_file_i.
Setting constant 0-bit at position 19 on $procdff$14683 ($adff) from module cv32e40p_register_file$cv32e40p_core.id_stage_i.register_file_i.
Setting constant 0-bit at position 20 on $procdff$14683 ($adff) from module cv32e40p_register_file$cv32e40p_core.id_stage_i.register_file_i.
Setting constant 0-bit at position 21 on $procdff$14683 ($adff) from module cv32e40p_register_file$cv32e40p_core.id_stage_i.register_file_i.
Setting constant 0-bit at position 22 on $procdff$14683 ($adff) from module cv32e40p_register_file$cv32e40p_core.id_stage_i.register_file_i.
Setting constant 0-bit at position 23 on $procdff$14683 ($adff) from module cv32e40p_register_file$cv32e40p_core.id_stage_i.register_file_i.
Setting constant 0-bit at position 24 on $procdff$14683 ($adff) from module cv32e40p_register_file$cv32e40p_core.id_stage_i.register_file_i.
Setting constant 0-bit at position 25 on $procdff$14683 ($adff) from module cv32e40p_register_file$cv32e40p_core.id_stage_i.register_file_i.
Setting constant 0-bit at position 26 on $procdff$14683 ($adff) from module cv32e40p_register_file$cv32e40p_core.id_stage_i.register_file_i.
Setting constant 0-bit at position 27 on $procdff$14683 ($adff) from module cv32e40p_register_file$cv32e40p_core.id_stage_i.register_file_i.
Setting constant 0-bit at position 28 on $procdff$14683 ($adff) from module cv32e40p_register_file$cv32e40p_core.id_stage_i.register_file_i.
Setting constant 0-bit at position 29 on $procdff$14683 ($adff) from module cv32e40p_register_file$cv32e40p_core.id_stage_i.register_file_i.
Setting constant 0-bit at position 30 on $procdff$14683 ($adff) from module cv32e40p_register_file$cv32e40p_core.id_stage_i.register_file_i.
Setting constant 0-bit at position 31 on $procdff$14683 ($adff) from module cv32e40p_register_file$cv32e40p_core.id_stage_i.register_file_i.

15.6.7. Executing OPT_CLEAN pass (remove unused cells and wires).
Finding unused cells or wires in module \cv32e40p_register_file$cv32e40p_core.id_stage_i.register_file_i..
Removed 0 unused cells and 34 unused wires.
<suppressed ~1 debug messages>

15.6.8. Executing OPT_EXPR pass (perform const folding).
Optimizing module cv32e40p_register_file$cv32e40p_core.id_stage_i.register_file_i.

15.6.9. Rerunning OPT passes. (Maybe there is more to do..)

15.6.10. Executing OPT_MUXTREE pass (detect dead branches in mux trees).
Running muxtree optimizer on module \cv32e40p_register_file$cv32e40p_core.id_stage_i.register_file_i..
  Creating internal representation of mux trees.
  Evaluating internal representation of mux trees.
  Analyzing evaluation results.
Removed 0 multiplexer ports.
<suppressed ~322 debug messages>

15.6.11. Executing OPT_REDUCE pass (consolidate $*mux and $reduce_* inputs).
  Optimizing cells in module \cv32e40p_register_file$cv32e40p_core.id_stage_i.register_file_i.
Performed a total of 0 changes.

15.6.12. Executing OPT_MERGE pass (detect identical cells).
Finding identical cells in module `\cv32e40p_register_file$cv32e40p_core.id_stage_i.register_file_i'.
Computing hashes of 322 cells of `\cv32e40p_register_file$cv32e40p_core.id_stage_i.register_file_i'.
Finding duplicate cells in `\cv32e40p_register_file$cv32e40p_core.id_stage_i.register_file_i'.
Removed a total of 0 cells.

15.6.13. Executing OPT_DFF pass (perform DFF optimizations).

15.6.14. Executing OPT_CLEAN pass (remove unused cells and wires).
Finding unused cells or wires in module \cv32e40p_register_file$cv32e40p_core.id_stage_i.register_file_i..

15.6.15. Executing OPT_EXPR pass (perform const folding).
Optimizing module cv32e40p_register_file$cv32e40p_core.id_stage_i.register_file_i.

15.6.16. Finished fast OPT passes. (There is nothing left to do.)

15.7. Executing FSM pass (extract and optimize FSM).

15.7.1. Executing FSM_DETECT pass (finding FSMs in design).

15.7.2. Executing FSM_EXTRACT pass (extracting FSM from design).

15.7.3. Executing FSM_OPT pass (simple optimizations of FSMs).

15.7.4. Executing OPT_CLEAN pass (remove unused cells and wires).
Finding unused cells or wires in module \cv32e40p_register_file$cv32e40p_core.id_stage_i.register_file_i..

15.7.5. Executing FSM_OPT pass (simple optimizations of FSMs).

15.7.6. Executing FSM_RECODE pass (re-assigning FSM state encoding).

15.7.7. Executing FSM_INFO pass (dumping all available information on FSM cells).

15.7.8. Executing FSM_MAP pass (mapping FSMs to basic logic).

15.8. Executing OPT pass (performing simple optimizations).

15.8.1. Executing OPT_EXPR pass (perform const folding).
Optimizing module cv32e40p_register_file$cv32e40p_core.id_stage_i.register_file_i.

15.8.2. Executing OPT_MERGE pass (detect identical cells).
Finding identical cells in module `\cv32e40p_register_file$cv32e40p_core.id_stage_i.register_file_i'.
Computing hashes of 322 cells of `\cv32e40p_register_file$cv32e40p_core.id_stage_i.register_file_i'.
Finding duplicate cells in `\cv32e40p_register_file$cv32e40p_core.id_stage_i.register_file_i'.
Removed a total of 0 cells.

15.8.3. Executing OPT_MUXTREE pass (detect dead branches in mux trees).
Running muxtree optimizer on module \cv32e40p_register_file$cv32e40p_core.id_stage_i.register_file_i..
  Creating internal representation of mux trees.
  Evaluating internal representation of mux trees.
  Analyzing evaluation results.
Removed 0 multiplexer ports.
<suppressed ~322 debug messages>

15.8.4. Executing OPT_REDUCE pass (consolidate $*mux and $reduce_* inputs).
  Optimizing cells in module \cv32e40p_register_file$cv32e40p_core.id_stage_i.register_file_i.
Performed a total of 0 changes.

15.8.5. Executing OPT_MERGE pass (detect identical cells).
Finding identical cells in module `\cv32e40p_register_file$cv32e40p_core.id_stage_i.register_file_i'.
Computing hashes of 322 cells of `\cv32e40p_register_file$cv32e40p_core.id_stage_i.register_file_i'.
Finding duplicate cells in `\cv32e40p_register_file$cv32e40p_core.id_stage_i.register_file_i'.
Removed a total of 0 cells.

15.8.6. Executing OPT_DFF pass (perform DFF optimizations).
Adding EN signal on $procdff$14678 ($adff) from module cv32e40p_register_file$cv32e40p_core.id_stage_i.register_file_i (D = \_0322_, Q = \mem [351:320]).
Adding EN signal on $procdff$14673 ($adff) from module cv32e40p_register_file$cv32e40p_core.id_stage_i.register_file_i (D = \_0324_, Q = \mem [383:352]).
Adding EN signal on $procdff$14668 ($adff) from module cv32e40p_register_file$cv32e40p_core.id_stage_i.register_file_i (D = \_0326_, Q = \mem [415:384]).
Adding EN signal on $procdff$14663 ($adff) from module cv32e40p_register_file$cv32e40p_core.id_stage_i.register_file_i (D = \_0328_, Q = \mem [447:416]).
Adding EN signal on $procdff$14658 ($adff) from module cv32e40p_register_file$cv32e40p_core.id_stage_i.register_file_i (D = \_0330_, Q = \mem [479:448]).
Adding EN signal on $procdff$14653 ($adff) from module cv32e40p_register_file$cv32e40p_core.id_stage_i.register_file_i (D = \_0332_, Q = \mem [511:480]).
Adding EN signal on $procdff$14648 ($adff) from module cv32e40p_register_file$cv32e40p_core.id_stage_i.register_file_i (D = \_0334_, Q = \mem [543:512]).
Adding EN signal on $procdff$14643 ($adff) from module cv32e40p_register_file$cv32e40p_core.id_stage_i.register_file_i (D = \_0336_, Q = \mem [575:544]).
Adding EN signal on $procdff$14638 ($adff) from module cv32e40p_register_file$cv32e40p_core.id_stage_i.register_file_i (D = \_0338_, Q = \mem [607:576]).
Adding EN signal on $procdff$14633 ($adff) from module cv32e40p_register_file$cv32e40p_core.id_stage_i.register_file_i (D = \_0340_, Q = \mem [639:608]).
Adding EN signal on $procdff$14628 ($adff) from module cv32e40p_register_file$cv32e40p_core.id_stage_i.register_file_i (D = \_0342_, Q = \mem [63:32]).
Adding EN signal on $procdff$14623 ($adff) from module cv32e40p_register_file$cv32e40p_core.id_stage_i.register_file_i (D = \_0344_, Q = \mem [671:640]).
Adding EN signal on $procdff$14618 ($adff) from module cv32e40p_register_file$cv32e40p_core.id_stage_i.register_file_i (D = \_0346_, Q = \mem [703:672]).
Adding EN signal on $procdff$14613 ($adff) from module cv32e40p_register_file$cv32e40p_core.id_stage_i.register_file_i (D = \_0348_, Q = \mem [735:704]).
Adding EN signal on $procdff$14608 ($adff) from module cv32e40p_register_file$cv32e40p_core.id_stage_i.register_file_i (D = \_0350_, Q = \mem [767:736]).
Adding EN signal on $procdff$14603 ($adff) from module cv32e40p_register_file$cv32e40p_core.id_stage_i.register_file_i (D = \_0352_, Q = \mem [799:768]).
Adding EN signal on $procdff$14598 ($adff) from module cv32e40p_register_file$cv32e40p_core.id_stage_i.register_file_i (D = \_0354_, Q = \mem [831:800]).
Adding EN signal on $procdff$14593 ($adff) from module cv32e40p_register_file$cv32e40p_core.id_stage_i.register_file_i (D = \_0356_, Q = \mem [863:832]).
Adding EN signal on $procdff$14588 ($adff) from module cv32e40p_register_file$cv32e40p_core.id_stage_i.register_file_i (D = \_0358_, Q = \mem [895:864]).
Adding EN signal on $procdff$14583 ($adff) from module cv32e40p_register_file$cv32e40p_core.id_stage_i.register_file_i (D = \_0360_, Q = \mem [927:896]).
Adding EN signal on $procdff$14578 ($adff) from module cv32e40p_register_file$cv32e40p_core.id_stage_i.register_file_i (D = \_0362_, Q = \mem [959:928]).
Adding EN signal on $procdff$14573 ($adff) from module cv32e40p_register_file$cv32e40p_core.id_stage_i.register_file_i (D = \_0364_, Q = \mem [95:64]).
Adding EN signal on $procdff$14568 ($adff) from module cv32e40p_register_file$cv32e40p_core.id_stage_i.register_file_i (D = \_0366_, Q = \mem [991:960]).
Adding EN signal on $procdff$14563 ($adff) from module cv32e40p_register_file$cv32e40p_core.id_stage_i.register_file_i (D = \_0306_, Q = \mem [1023:992]).
Adding EN signal on $procdff$14558 ($adff) from module cv32e40p_register_file$cv32e40p_core.id_stage_i.register_file_i (D = \_0308_, Q = \mem [127:96]).
Adding EN signal on $procdff$14553 ($adff) from module cv32e40p_register_file$cv32e40p_core.id_stage_i.register_file_i (D = \_0310_, Q = \mem [159:128]).
Adding EN signal on $procdff$14548 ($adff) from module cv32e40p_register_file$cv32e40p_core.id_stage_i.register_file_i (D = \_0312_, Q = \mem [191:160]).
Adding EN signal on $procdff$14543 ($adff) from module cv32e40p_register_file$cv32e40p_core.id_stage_i.register_file_i (D = \_0314_, Q = \mem [223:192]).
Adding EN signal on $procdff$14538 ($adff) from module cv32e40p_register_file$cv32e40p_core.id_stage_i.register_file_i (D = \_0316_, Q = \mem [255:224]).
Adding EN signal on $procdff$14533 ($adff) from module cv32e40p_register_file$cv32e40p_core.id_stage_i.register_file_i (D = \_0318_, Q = \mem [287:256]).
Adding EN signal on $procdff$14528 ($adff) from module cv32e40p_register_file$cv32e40p_core.id_stage_i.register_file_i (D = \_0320_, Q = \mem [319:288]).

15.8.7. Executing OPT_CLEAN pass (remove unused cells and wires).
Finding unused cells or wires in module \cv32e40p_register_file$cv32e40p_core.id_stage_i.register_file_i..

15.8.8. Executing OPT_EXPR pass (perform const folding).
Optimizing module cv32e40p_register_file$cv32e40p_core.id_stage_i.register_file_i.
<suppressed ~31 debug messages>

15.8.9. Rerunning OPT passes. (Maybe there is more to do..)

15.8.10. Executing OPT_MUXTREE pass (detect dead branches in mux trees).
Running muxtree optimizer on module \cv32e40p_register_file$cv32e40p_core.id_stage_i.register_file_i..
  Creating internal representation of mux trees.
  Evaluating internal representation of mux trees.
  Analyzing evaluation results.
Removed 0 multiplexer ports.
<suppressed ~322 debug messages>

15.8.11. Executing OPT_REDUCE pass (consolidate $*mux and $reduce_* inputs).
  Optimizing cells in module \cv32e40p_register_file$cv32e40p_core.id_stage_i.register_file_i.
Performed a total of 0 changes.

15.8.12. Executing OPT_MERGE pass (detect identical cells).
Finding identical cells in module `\cv32e40p_register_file$cv32e40p_core.id_stage_i.register_file_i'.
Computing hashes of 353 cells of `\cv32e40p_register_file$cv32e40p_core.id_stage_i.register_file_i'.
Finding duplicate cells in `\cv32e40p_register_file$cv32e40p_core.id_stage_i.register_file_i'.
Removed a total of 0 cells.

15.8.13. Executing OPT_DFF pass (perform DFF optimizations).

15.8.14. Executing OPT_CLEAN pass (remove unused cells and wires).
Finding unused cells or wires in module \cv32e40p_register_file$cv32e40p_core.id_stage_i.register_file_i..

15.8.15. Executing OPT_EXPR pass (perform const folding).
Optimizing module cv32e40p_register_file$cv32e40p_core.id_stage_i.register_file_i.

15.8.16. Finished fast OPT passes. (There is nothing left to do.)

15.9. Executing WREDUCE pass (reducing word size of cells).
Removed top 1 bits (of 7) from port A of cell cv32e40p_register_file$cv32e40p_core.id_stage_i.register_file_i.$lt$/workspace/incremental-synthesis/benchmarks/cv32e40p-eco-001-base/core/common/normalized_cv32e40p.v:41477$13991 ($lt).
Converting cell cv32e40p_register_file$cv32e40p_core.id_stage_i.register_file_i.$lt$/workspace/incremental-synthesis/benchmarks/cv32e40p-eco-001-base/core/common/normalized_cv32e40p.v:41477$13991 ($lt) from signed to unsigned.
Removed top 1 bits (of 6) from port A of cell cv32e40p_register_file$cv32e40p_core.id_stage_i.register_file_i.$lt$/workspace/incremental-synthesis/benchmarks/cv32e40p-eco-001-base/core/common/normalized_cv32e40p.v:41477$13991 ($lt).
Removed top 1 bits (of 7) from port B of cell cv32e40p_register_file$cv32e40p_core.id_stage_i.register_file_i.$lt$/workspace/incremental-synthesis/benchmarks/cv32e40p-eco-001-base/core/common/normalized_cv32e40p.v:41477$13991 ($lt).
Removed top 2 bits (of 6) from port B of cell cv32e40p_register_file$cv32e40p_core.id_stage_i.register_file_i.$eq$/workspace/incremental-synthesis/benchmarks/cv32e40p-eco-001-base/core/common/normalized_cv32e40p.v:41480$13993 ($eq).
Removed top 2 bits (of 6) from port B of cell cv32e40p_register_file$cv32e40p_core.id_stage_i.register_file_i.$eq$/workspace/incremental-synthesis/benchmarks/cv32e40p-eco-001-base/core/common/normalized_cv32e40p.v:41483$13995 ($eq).
Removed top 2 bits (of 6) from port B of cell cv32e40p_register_file$cv32e40p_core.id_stage_i.register_file_i.$eq$/workspace/incremental-synthesis/benchmarks/cv32e40p-eco-001-base/core/common/normalized_cv32e40p.v:41486$13997 ($eq).
Removed top 1 bits (of 7) from port A of cell cv32e40p_register_file$cv32e40p_core.id_stage_i.register_file_i.$lt$/workspace/incremental-synthesis/benchmarks/cv32e40p-eco-001-base/core/common/normalized_cv32e40p.v:41489$13999 ($lt).
Converting cell cv32e40p_register_file$cv32e40p_core.id_stage_i.register_file_i.$lt$/workspace/incremental-synthesis/benchmarks/cv32e40p-eco-001-base/core/common/normalized_cv32e40p.v:41489$13999 ($lt) from signed to unsigned.
Removed top 1 bits (of 6) from port A of cell cv32e40p_register_file$cv32e40p_core.id_stage_i.register_file_i.$lt$/workspace/incremental-synthesis/benchmarks/cv32e40p-eco-001-base/core/common/normalized_cv32e40p.v:41489$13999 ($lt).
Removed top 1 bits (of 7) from port B of cell cv32e40p_register_file$cv32e40p_core.id_stage_i.register_file_i.$lt$/workspace/incremental-synthesis/benchmarks/cv32e40p-eco-001-base/core/common/normalized_cv32e40p.v:41489$13999 ($lt).
Removed top 2 bits (of 6) from port B of cell cv32e40p_register_file$cv32e40p_core.id_stage_i.register_file_i.$eq$/workspace/incremental-synthesis/benchmarks/cv32e40p-eco-001-base/core/common/normalized_cv32e40p.v:41490$14000 ($eq).
Removed top 2 bits (of 6) from port B of cell cv32e40p_register_file$cv32e40p_core.id_stage_i.register_file_i.$eq$/workspace/incremental-synthesis/benchmarks/cv32e40p-eco-001-base/core/common/normalized_cv32e40p.v:41493$14002 ($eq).
Removed top 2 bits (of 6) from port B of cell cv32e40p_register_file$cv32e40p_core.id_stage_i.register_file_i.$eq$/workspace/incremental-synthesis/benchmarks/cv32e40p-eco-001-base/core/common/normalized_cv32e40p.v:41496$14004 ($eq).
Removed top 2 bits (of 6) from port B of cell cv32e40p_register_file$cv32e40p_core.id_stage_i.register_file_i.$eq$/workspace/incremental-synthesis/benchmarks/cv32e40p-eco-001-base/core/common/normalized_cv32e40p.v:41499$14006 ($eq).
Removed top 1 bits (of 6) from port B of cell cv32e40p_register_file$cv32e40p_core.id_stage_i.register_file_i.$eq$/workspace/incremental-synthesis/benchmarks/cv32e40p-eco-001-base/core/common/normalized_cv32e40p.v:41502$14008 ($eq).
Removed top 1 bits (of 6) from port B of cell cv32e40p_register_file$cv32e40p_core.id_stage_i.register_file_i.$eq$/workspace/incremental-synthesis/benchmarks/cv32e40p-eco-001-base/core/common/normalized_cv32e40p.v:41505$14010 ($eq).
Removed top 1 bits (of 6) from port B of cell cv32e40p_register_file$cv32e40p_core.id_stage_i.register_file_i.$eq$/workspace/incremental-synthesis/benchmarks/cv32e40p-eco-001-base/core/common/normalized_cv32e40p.v:41508$14012 ($eq).
Removed top 1 bits (of 6) from port B of cell cv32e40p_register_file$cv32e40p_core.id_stage_i.register_file_i.$eq$/workspace/incremental-synthesis/benchmarks/cv32e40p-eco-001-base/core/common/normalized_cv32e40p.v:41512$14015 ($eq).
Removed top 1 bits (of 6) from port B of cell cv32e40p_register_file$cv32e40p_core.id_stage_i.register_file_i.$eq$/workspace/incremental-synthesis/benchmarks/cv32e40p-eco-001-base/core/common/normalized_cv32e40p.v:41515$14017 ($eq).
Removed top 1 bits (of 6) from port B of cell cv32e40p_register_file$cv32e40p_core.id_stage_i.register_file_i.$eq$/workspace/incremental-synthesis/benchmarks/cv32e40p-eco-001-base/core/common/normalized_cv32e40p.v:41518$14019 ($eq).
Removed top 1 bits (of 6) from port B of cell cv32e40p_register_file$cv32e40p_core.id_stage_i.register_file_i.$eq$/workspace/incremental-synthesis/benchmarks/cv32e40p-eco-001-base/core/common/normalized_cv32e40p.v:41522$14022 ($eq).
Removed top 1 bits (of 6) from port B of cell cv32e40p_register_file$cv32e40p_core.id_stage_i.register_file_i.$eq$/workspace/incremental-synthesis/benchmarks/cv32e40p-eco-001-base/core/common/normalized_cv32e40p.v:41525$14024 ($eq).
Removed top 1 bits (of 6) from port B of cell cv32e40p_register_file$cv32e40p_core.id_stage_i.register_file_i.$eq$/workspace/incremental-synthesis/benchmarks/cv32e40p-eco-001-base/core/common/normalized_cv32e40p.v:41528$14026 ($eq).
Removed top 1 bits (of 6) from port B of cell cv32e40p_register_file$cv32e40p_core.id_stage_i.register_file_i.$eq$/workspace/incremental-synthesis/benchmarks/cv32e40p-eco-001-base/core/common/normalized_cv32e40p.v:41531$14028 ($eq).
Removed top 1 bits (of 6) from port B of cell cv32e40p_register_file$cv32e40p_core.id_stage_i.register_file_i.$eq$/workspace/incremental-synthesis/benchmarks/cv32e40p-eco-001-base/core/common/normalized_cv32e40p.v:41535$14030 ($eq).
Removed top 1 bits (of 6) from port B of cell cv32e40p_register_file$cv32e40p_core.id_stage_i.register_file_i.$eq$/workspace/incremental-synthesis/benchmarks/cv32e40p-eco-001-base/core/common/normalized_cv32e40p.v:41538$14032 ($eq).
Removed top 1 bits (of 6) from port B of cell cv32e40p_register_file$cv32e40p_core.id_stage_i.register_file_i.$eq$/workspace/incremental-synthesis/benchmarks/cv32e40p-eco-001-base/core/common/normalized_cv32e40p.v:41541$14034 ($eq).
Removed top 1 bits (of 7) from port A of cell cv32e40p_register_file$cv32e40p_core.id_stage_i.register_file_i.$lt$/workspace/incremental-synthesis/benchmarks/cv32e40p-eco-001-base/core/common/normalized_cv32e40p.v:41543$14036 ($lt).
Converting cell cv32e40p_register_file$cv32e40p_core.id_stage_i.register_file_i.$lt$/workspace/incremental-synthesis/benchmarks/cv32e40p-eco-001-base/core/common/normalized_cv32e40p.v:41543$14036 ($lt) from signed to unsigned.
Removed top 1 bits (of 6) from port A of cell cv32e40p_register_file$cv32e40p_core.id_stage_i.register_file_i.$lt$/workspace/incremental-synthesis/benchmarks/cv32e40p-eco-001-base/core/common/normalized_cv32e40p.v:41543$14036 ($lt).
Removed top 1 bits (of 7) from port B of cell cv32e40p_register_file$cv32e40p_core.id_stage_i.register_file_i.$lt$/workspace/incremental-synthesis/benchmarks/cv32e40p-eco-001-base/core/common/normalized_cv32e40p.v:41543$14036 ($lt).
Removed top 1 bits (of 6) from port B of cell cv32e40p_register_file$cv32e40p_core.id_stage_i.register_file_i.$eq$/workspace/incremental-synthesis/benchmarks/cv32e40p-eco-001-base/core/common/normalized_cv32e40p.v:41545$14037 ($eq).
Removed top 1 bits (of 6) from port B of cell cv32e40p_register_file$cv32e40p_core.id_stage_i.register_file_i.$eq$/workspace/incremental-synthesis/benchmarks/cv32e40p-eco-001-base/core/common/normalized_cv32e40p.v:41548$14039 ($eq).
Removed top 1 bits (of 6) from port B of cell cv32e40p_register_file$cv32e40p_core.id_stage_i.register_file_i.$eq$/workspace/incremental-synthesis/benchmarks/cv32e40p-eco-001-base/core/common/normalized_cv32e40p.v:41551$14041 ($eq).
Removed top 1 bits (of 6) from port B of cell cv32e40p_register_file$cv32e40p_core.id_stage_i.register_file_i.$eq$/workspace/incremental-synthesis/benchmarks/cv32e40p-eco-001-base/core/common/normalized_cv32e40p.v:41554$14043 ($eq).
Removed top 1 bits (of 6) from port B of cell cv32e40p_register_file$cv32e40p_core.id_stage_i.register_file_i.$eq$/workspace/incremental-synthesis/benchmarks/cv32e40p-eco-001-base/core/common/normalized_cv32e40p.v:41557$14045 ($eq).
Removed top 1 bits (of 6) from port B of cell cv32e40p_register_file$cv32e40p_core.id_stage_i.register_file_i.$eq$/workspace/incremental-synthesis/benchmarks/cv32e40p-eco-001-base/core/common/normalized_cv32e40p.v:41560$14047 ($eq).
Removed top 1 bits (of 6) from port B of cell cv32e40p_register_file$cv32e40p_core.id_stage_i.register_file_i.$eq$/workspace/incremental-synthesis/benchmarks/cv32e40p-eco-001-base/core/common/normalized_cv32e40p.v:41563$14049 ($eq).
Removed top 1 bits (of 6) from port B of cell cv32e40p_register_file$cv32e40p_core.id_stage_i.register_file_i.$eq$/workspace/incremental-synthesis/benchmarks/cv32e40p-eco-001-base/core/common/normalized_cv32e40p.v:41567$14052 ($eq).
Removed top 1 bits (of 6) from port B of cell cv32e40p_register_file$cv32e40p_core.id_stage_i.register_file_i.$eq$/workspace/incremental-synthesis/benchmarks/cv32e40p-eco-001-base/core/common/normalized_cv32e40p.v:41570$14054 ($eq).
Removed top 1 bits (of 6) from port B of cell cv32e40p_register_file$cv32e40p_core.id_stage_i.register_file_i.$eq$/workspace/incremental-synthesis/benchmarks/cv32e40p-eco-001-base/core/common/normalized_cv32e40p.v:41573$14056 ($eq).
Removed top 1 bits (of 6) from port B of cell cv32e40p_register_file$cv32e40p_core.id_stage_i.register_file_i.$eq$/workspace/incremental-synthesis/benchmarks/cv32e40p-eco-001-base/core/common/normalized_cv32e40p.v:41577$14059 ($eq).
Removed top 1 bits (of 6) from port B of cell cv32e40p_register_file$cv32e40p_core.id_stage_i.register_file_i.$eq$/workspace/incremental-synthesis/benchmarks/cv32e40p-eco-001-base/core/common/normalized_cv32e40p.v:41580$14061 ($eq).
Removed top 1 bits (of 6) from port B of cell cv32e40p_register_file$cv32e40p_core.id_stage_i.register_file_i.$eq$/workspace/incremental-synthesis/benchmarks/cv32e40p-eco-001-base/core/common/normalized_cv32e40p.v:41583$14063 ($eq).
Removed top 1 bits (of 6) from port B of cell cv32e40p_register_file$cv32e40p_core.id_stage_i.register_file_i.$eq$/workspace/incremental-synthesis/benchmarks/cv32e40p-eco-001-base/core/common/normalized_cv32e40p.v:41587$14066 ($eq).
Removed top 1 bits (of 6) from port B of cell cv32e40p_register_file$cv32e40p_core.id_stage_i.register_file_i.$eq$/workspace/incremental-synthesis/benchmarks/cv32e40p-eco-001-base/core/common/normalized_cv32e40p.v:41590$14068 ($eq).
Removed top 1 bits (of 6) from port B of cell cv32e40p_register_file$cv32e40p_core.id_stage_i.register_file_i.$eq$/workspace/incremental-synthesis/benchmarks/cv32e40p-eco-001-base/core/common/normalized_cv32e40p.v:41593$14070 ($eq).
Removed top 1 bits (of 6) from port B of cell cv32e40p_register_file$cv32e40p_core.id_stage_i.register_file_i.$eq$/workspace/incremental-synthesis/benchmarks/cv32e40p-eco-001-base/core/common/normalized_cv32e40p.v:41596$14072 ($eq).
Removed top 1 bits (of 6) from port B of cell cv32e40p_register_file$cv32e40p_core.id_stage_i.register_file_i.$eq$/workspace/incremental-synthesis/benchmarks/cv32e40p-eco-001-base/core/common/normalized_cv32e40p.v:41600$14075 ($eq).
Removed top 1 bits (of 6) from port B of cell cv32e40p_register_file$cv32e40p_core.id_stage_i.register_file_i.$eq$/workspace/incremental-synthesis/benchmarks/cv32e40p-eco-001-base/core/common/normalized_cv32e40p.v:41603$14077 ($eq).
Removed top 5 bits (of 6) from port B of cell cv32e40p_register_file$cv32e40p_core.id_stage_i.register_file_i.$eq$/workspace/incremental-synthesis/benchmarks/cv32e40p-eco-001-base/core/common/normalized_cv32e40p.v:41632$14100 ($eq).
Removed top 5 bits (of 6) from port B of cell cv32e40p_register_file$cv32e40p_core.id_stage_i.register_file_i.$eq$/workspace/incremental-synthesis/benchmarks/cv32e40p-eco-001-base/core/common/normalized_cv32e40p.v:41640$14107 ($eq).
Removed top 4 bits (of 6) from port B of cell cv32e40p_register_file$cv32e40p_core.id_stage_i.register_file_i.$eq$/workspace/incremental-synthesis/benchmarks/cv32e40p-eco-001-base/core/common/normalized_cv32e40p.v:41647$14113 ($eq).
Removed top 4 bits (of 6) from port B of cell cv32e40p_register_file$cv32e40p_core.id_stage_i.register_file_i.$eq$/workspace/incremental-synthesis/benchmarks/cv32e40p-eco-001-base/core/common/normalized_cv32e40p.v:41654$14119 ($eq).
Removed top 4 bits (of 6) from port B of cell cv32e40p_register_file$cv32e40p_core.id_stage_i.register_file_i.$eq$/workspace/incremental-synthesis/benchmarks/cv32e40p-eco-001-base/core/common/normalized_cv32e40p.v:41662$14125 ($eq).
Removed top 4 bits (of 6) from port B of cell cv32e40p_register_file$cv32e40p_core.id_stage_i.register_file_i.$eq$/workspace/incremental-synthesis/benchmarks/cv32e40p-eco-001-base/core/common/normalized_cv32e40p.v:41665$14127 ($eq).
Removed top 3 bits (of 6) from port B of cell cv32e40p_register_file$cv32e40p_core.id_stage_i.register_file_i.$eq$/workspace/incremental-synthesis/benchmarks/cv32e40p-eco-001-base/core/common/normalized_cv32e40p.v:41669$14130 ($eq).
Removed top 3 bits (of 6) from port B of cell cv32e40p_register_file$cv32e40p_core.id_stage_i.register_file_i.$eq$/workspace/incremental-synthesis/benchmarks/cv32e40p-eco-001-base/core/common/normalized_cv32e40p.v:41672$14132 ($eq).
Removed top 3 bits (of 6) from port B of cell cv32e40p_register_file$cv32e40p_core.id_stage_i.register_file_i.$eq$/workspace/incremental-synthesis/benchmarks/cv32e40p-eco-001-base/core/common/normalized_cv32e40p.v:41675$14134 ($eq).
Removed top 3 bits (of 6) from port B of cell cv32e40p_register_file$cv32e40p_core.id_stage_i.register_file_i.$eq$/workspace/incremental-synthesis/benchmarks/cv32e40p-eco-001-base/core/common/normalized_cv32e40p.v:41678$14136 ($eq).
Removed top 3 bits (of 6) from port B of cell cv32e40p_register_file$cv32e40p_core.id_stage_i.register_file_i.$eq$/workspace/incremental-synthesis/benchmarks/cv32e40p-eco-001-base/core/common/normalized_cv32e40p.v:41682$14139 ($eq).
Removed top 3 bits (of 6) from port B of cell cv32e40p_register_file$cv32e40p_core.id_stage_i.register_file_i.$eq$/workspace/incremental-synthesis/benchmarks/cv32e40p-eco-001-base/core/common/normalized_cv32e40p.v:41685$14141 ($eq).
Removed top 3 bits (of 6) from port B of cell cv32e40p_register_file$cv32e40p_core.id_stage_i.register_file_i.$eq$/workspace/incremental-synthesis/benchmarks/cv32e40p-eco-001-base/core/common/normalized_cv32e40p.v:41688$14143 ($eq).
Removed top 3 bits (of 6) from port B of cell cv32e40p_register_file$cv32e40p_core.id_stage_i.register_file_i.$eq$/workspace/incremental-synthesis/benchmarks/cv32e40p-eco-001-base/core/common/normalized_cv32e40p.v:41692$14145 ($eq).
Removed top 2 bits (of 6) from port B of cell cv32e40p_register_file$cv32e40p_core.id_stage_i.register_file_i.$eq$/workspace/incremental-synthesis/benchmarks/cv32e40p-eco-001-base/core/common/normalized_cv32e40p.v:41695$14147 ($eq).
Removed top 2 bits (of 6) from port B of cell cv32e40p_register_file$cv32e40p_core.id_stage_i.register_file_i.$eq$/workspace/incremental-synthesis/benchmarks/cv32e40p-eco-001-base/core/common/normalized_cv32e40p.v:41698$14149 ($eq).
Removed top 2 bits (of 6) from port B of cell cv32e40p_register_file$cv32e40p_core.id_stage_i.register_file_i.$eq$/workspace/incremental-synthesis/benchmarks/cv32e40p-eco-001-base/core/common/normalized_cv32e40p.v:41702$14152 ($eq).
Removed top 2 bits (of 6) from port B of cell cv32e40p_register_file$cv32e40p_core.id_stage_i.register_file_i.$eq$/workspace/incremental-synthesis/benchmarks/cv32e40p-eco-001-base/core/common/normalized_cv32e40p.v:41705$14154 ($eq).
Removed top 2 bits (of 6) from port B of cell cv32e40p_register_file$cv32e40p_core.id_stage_i.register_file_i.$eq$/workspace/incremental-synthesis/benchmarks/cv32e40p-eco-001-base/core/common/normalized_cv32e40p.v:41708$14156 ($eq).
Removed top 2 bits (of 6) from port B of cell cv32e40p_register_file$cv32e40p_core.id_stage_i.register_file_i.$eq$/workspace/incremental-synthesis/benchmarks/cv32e40p-eco-001-base/core/common/normalized_cv32e40p.v:41711$14158 ($eq).
Removed top 2 bits (of 6) from port B of cell cv32e40p_register_file$cv32e40p_core.id_stage_i.register_file_i.$eq$/workspace/incremental-synthesis/benchmarks/cv32e40p-eco-001-base/core/common/normalized_cv32e40p.v:41714$14160 ($eq).
Removed top 2 bits (of 6) from port B of cell cv32e40p_register_file$cv32e40p_core.id_stage_i.register_file_i.$eq$/workspace/incremental-synthesis/benchmarks/cv32e40p-eco-001-base/core/common/normalized_cv32e40p.v:41717$14162 ($eq).
Removed top 2 bits (of 6) from port B of cell cv32e40p_register_file$cv32e40p_core.id_stage_i.register_file_i.$eq$/workspace/incremental-synthesis/benchmarks/cv32e40p-eco-001-base/core/common/normalized_cv32e40p.v:41720$14164 ($eq).

15.10. Executing PEEPOPT pass (run peephole optimizers).

15.11. Executing OPT_CLEAN pass (remove unused cells and wires).
Finding unused cells or wires in module \cv32e40p_register_file$cv32e40p_core.id_stage_i.register_file_i..

15.12. Executing ALUMACC pass (create $alu and $macc cells).
Extracting $alu and $macc cells in module cv32e40p_register_file$cv32e40p_core.id_stage_i.register_file_i:
  creating $alu model for $lt$/workspace/incremental-synthesis/benchmarks/cv32e40p-eco-001-base/core/common/normalized_cv32e40p.v:41477$13991 ($lt): new $alu
  creating $alu model for $lt$/workspace/incremental-synthesis/benchmarks/cv32e40p-eco-001-base/core/common/normalized_cv32e40p.v:41489$13999 ($lt): new $alu
  creating $alu model for $lt$/workspace/incremental-synthesis/benchmarks/cv32e40p-eco-001-base/core/common/normalized_cv32e40p.v:41543$14036 ($lt): new $alu
  creating $alu cell for $lt$/workspace/incremental-synthesis/benchmarks/cv32e40p-eco-001-base/core/common/normalized_cv32e40p.v:41543$14036: $auto$alumacc.cc:512:replace_alu$14780
  creating $alu cell for $lt$/workspace/incremental-synthesis/benchmarks/cv32e40p-eco-001-base/core/common/normalized_cv32e40p.v:41489$13999: $auto$alumacc.cc:512:replace_alu$14785
  creating $alu cell for $lt$/workspace/incremental-synthesis/benchmarks/cv32e40p-eco-001-base/core/common/normalized_cv32e40p.v:41477$13991: $auto$alumacc.cc:512:replace_alu$14790
  created 3 $alu and 0 $macc cells.

15.13. Executing SHARE pass (SAT-based resource sharing).

15.14. Executing OPT pass (performing simple optimizations).

15.14.1. Executing OPT_EXPR pass (perform const folding).
Optimizing module cv32e40p_register_file$cv32e40p_core.id_stage_i.register_file_i.
<suppressed ~6 debug messages>

15.14.2. Executing OPT_MERGE pass (detect identical cells).
Finding identical cells in module `\cv32e40p_register_file$cv32e40p_core.id_stage_i.register_file_i'.
Computing hashes of 356 cells of `\cv32e40p_register_file$cv32e40p_core.id_stage_i.register_file_i'.
Finding duplicate cells in `\cv32e40p_register_file$cv32e40p_core.id_stage_i.register_file_i'.
Removed a total of 0 cells.

15.14.3. Executing OPT_MUXTREE pass (detect dead branches in mux trees).
Running muxtree optimizer on module \cv32e40p_register_file$cv32e40p_core.id_stage_i.register_file_i..
  Creating internal representation of mux trees.
  Evaluating internal representation of mux trees.
  Analyzing evaluation results.
Removed 0 multiplexer ports.
<suppressed ~322 debug messages>

15.14.4. Executing OPT_REDUCE pass (consolidate $*mux and $reduce_* inputs).
  Optimizing cells in module \cv32e40p_register_file$cv32e40p_core.id_stage_i.register_file_i.
Performed a total of 0 changes.

15.14.5. Executing OPT_MERGE pass (detect identical cells).
Finding identical cells in module `\cv32e40p_register_file$cv32e40p_core.id_stage_i.register_file_i'.
Computing hashes of 356 cells of `\cv32e40p_register_file$cv32e40p_core.id_stage_i.register_file_i'.
Finding duplicate cells in `\cv32e40p_register_file$cv32e40p_core.id_stage_i.register_file_i'.
Removed a total of 0 cells.

15.14.6. Executing OPT_DFF pass (perform DFF optimizations).

15.14.7. Executing OPT_CLEAN pass (remove unused cells and wires).
Finding unused cells or wires in module \cv32e40p_register_file$cv32e40p_core.id_stage_i.register_file_i..
Removed 3 unused cells and 6 unused wires.
<suppressed ~4 debug messages>

15.14.8. Executing OPT_EXPR pass (perform const folding).
Optimizing module cv32e40p_register_file$cv32e40p_core.id_stage_i.register_file_i.

15.14.9. Rerunning OPT passes. (Maybe there is more to do..)

15.14.10. Executing OPT_MUXTREE pass (detect dead branches in mux trees).
Running muxtree optimizer on module \cv32e40p_register_file$cv32e40p_core.id_stage_i.register_file_i..
  Creating internal representation of mux trees.
  Evaluating internal representation of mux trees.
  Analyzing evaluation results.
Removed 0 multiplexer ports.
<suppressed ~322 debug messages>

15.14.11. Executing OPT_REDUCE pass (consolidate $*mux and $reduce_* inputs).
  Optimizing cells in module \cv32e40p_register_file$cv32e40p_core.id_stage_i.register_file_i.
Performed a total of 0 changes.

15.14.12. Executing OPT_MERGE pass (detect identical cells).
Finding identical cells in module `\cv32e40p_register_file$cv32e40p_core.id_stage_i.register_file_i'.
Computing hashes of 353 cells of `\cv32e40p_register_file$cv32e40p_core.id_stage_i.register_file_i'.
Finding duplicate cells in `\cv32e40p_register_file$cv32e40p_core.id_stage_i.register_file_i'.
Removed a total of 0 cells.

15.14.13. Executing OPT_DFF pass (perform DFF optimizations).

15.14.14. Executing OPT_CLEAN pass (remove unused cells and wires).
Finding unused cells or wires in module \cv32e40p_register_file$cv32e40p_core.id_stage_i.register_file_i..

15.14.15. Executing OPT_EXPR pass (perform const folding).
Optimizing module cv32e40p_register_file$cv32e40p_core.id_stage_i.register_file_i.

15.14.16. Finished fast OPT passes. (There is nothing left to do.)

15.15. Executing MEMORY pass.

15.15.1. Executing OPT_MEM pass (optimize memories).
Performed a total of 0 transformations.

15.15.2. Executing OPT_MEM_PRIORITY pass (removing unnecessary memory write priority relations).
Performed a total of 0 transformations.

15.15.3. Executing OPT_MEM_FEEDBACK pass (finding memory read-to-write feedback paths).

15.15.4. Executing MEMORY_BMUX2ROM pass (converting muxes to ROMs).

15.15.5. Executing MEMORY_DFF pass (merging $dff cells to $memrd).

15.15.6. Executing OPT_CLEAN pass (remove unused cells and wires).
Finding unused cells or wires in module \cv32e40p_register_file$cv32e40p_core.id_stage_i.register_file_i..

15.15.7. Executing MEMORY_SHARE pass (consolidating $memrd/$memwr cells).

15.15.8. Executing OPT_MEM_WIDEN pass (optimize memories where all ports are wide).
Performed a total of 0 transformations.

15.15.9. Executing OPT_CLEAN pass (remove unused cells and wires).
Finding unused cells or wires in module \cv32e40p_register_file$cv32e40p_core.id_stage_i.register_file_i..

15.15.10. Executing MEMORY_COLLECT pass (generating $mem cells).

15.16. Executing OPT_CLEAN pass (remove unused cells and wires).
Finding unused cells or wires in module \cv32e40p_register_file$cv32e40p_core.id_stage_i.register_file_i..

15.17. Executing OPT pass (performing simple optimizations).

15.17.1. Executing OPT_EXPR pass (perform const folding).
Optimizing module cv32e40p_register_file$cv32e40p_core.id_stage_i.register_file_i.
<suppressed ~104 debug messages>

15.17.2. Executing OPT_MERGE pass (detect identical cells).
Finding identical cells in module `\cv32e40p_register_file$cv32e40p_core.id_stage_i.register_file_i'.
Computing hashes of 331 cells of `\cv32e40p_register_file$cv32e40p_core.id_stage_i.register_file_i'.
Finding duplicate cells in `\cv32e40p_register_file$cv32e40p_core.id_stage_i.register_file_i'.
Computing hashes of 329 cells of `\cv32e40p_register_file$cv32e40p_core.id_stage_i.register_file_i'.
Finding duplicate cells in `\cv32e40p_register_file$cv32e40p_core.id_stage_i.register_file_i'.
<suppressed ~10 debug messages>
Removed a total of 2 cells.

15.17.3. Executing OPT_DFF pass (perform DFF optimizations).

15.17.4. Executing OPT_CLEAN pass (remove unused cells and wires).
Finding unused cells or wires in module \cv32e40p_register_file$cv32e40p_core.id_stage_i.register_file_i..
Removed 16 unused cells and 61 unused wires.
<suppressed ~17 debug messages>

15.17.5. Finished fast OPT passes.

15.18. Executing MEMORY_MAP pass (converting memories to logic and flip-flops).

15.19. Executing OPT pass (performing simple optimizations).

15.19.1. Executing OPT_EXPR pass (perform const folding).
Optimizing module cv32e40p_register_file$cv32e40p_core.id_stage_i.register_file_i.

15.19.2. Executing OPT_MERGE pass (detect identical cells).
Finding identical cells in module `\cv32e40p_register_file$cv32e40p_core.id_stage_i.register_file_i'.
Computing hashes of 313 cells of `\cv32e40p_register_file$cv32e40p_core.id_stage_i.register_file_i'.
Finding duplicate cells in `\cv32e40p_register_file$cv32e40p_core.id_stage_i.register_file_i'.
Removed a total of 0 cells.

15.19.3. Executing OPT_MUXTREE pass (detect dead branches in mux trees).
Running muxtree optimizer on module \cv32e40p_register_file$cv32e40p_core.id_stage_i.register_file_i..
  Creating internal representation of mux trees.
  Evaluating internal representation of mux trees.
  Analyzing evaluation results.
Removed 0 multiplexer ports.
<suppressed ~161 debug messages>

15.19.4. Executing OPT_REDUCE pass (consolidate $*mux and $reduce_* inputs).
  Optimizing cells in module \cv32e40p_register_file$cv32e40p_core.id_stage_i.register_file_i.
Performed a total of 0 changes.

15.19.5. Executing OPT_MERGE pass (detect identical cells).
Finding identical cells in module `\cv32e40p_register_file$cv32e40p_core.id_stage_i.register_file_i'.
Computing hashes of 313 cells of `\cv32e40p_register_file$cv32e40p_core.id_stage_i.register_file_i'.
Finding duplicate cells in `\cv32e40p_register_file$cv32e40p_core.id_stage_i.register_file_i'.
Removed a total of 0 cells.

15.19.6. Executing OPT_SHARE pass.

15.19.7. Executing OPT_DFF pass (perform DFF optimizations).

15.19.8. Executing OPT_CLEAN pass (remove unused cells and wires).
Finding unused cells or wires in module \cv32e40p_register_file$cv32e40p_core.id_stage_i.register_file_i..

15.19.9. Executing OPT_EXPR pass (perform const folding).
Optimizing module cv32e40p_register_file$cv32e40p_core.id_stage_i.register_file_i.

15.19.10. Finished fast OPT passes. (There is nothing left to do.)

15.20. Executing TECHMAP pass (map to technology primitives).

15.20.1. Executing Verilog-2005 frontend: /opt/oss-cad-suite/lib/../share/yosys/techmap.v
Parsing Verilog input from `/opt/oss-cad-suite/lib/../share/yosys/techmap.v' to AST representation.
Generating RTLIL representation for module `\_90_simplemap_bool_ops'.
Generating RTLIL representation for module `\_90_simplemap_reduce_ops'.
Generating RTLIL representation for module `\_90_simplemap_logic_ops'.
Generating RTLIL representation for module `\_90_simplemap_compare_ops'.
Generating RTLIL representation for module `\_90_simplemap_various'.
Generating RTLIL representation for module `\_90_simplemap_registers'.
Generating RTLIL representation for module `\_90_shift_ops_shr_shl_sshl_sshr'.
Generating RTLIL representation for module `\_90_shift_shiftx'.
Generating RTLIL representation for module `\_90_fa'.
Generating RTLIL representation for module `\_90_lcu_brent_kung'.
Generating RTLIL representation for module `\_90_alu'.
Generating RTLIL representation for module `\_90_macc'.
Generating RTLIL representation for module `\_90_alumacc'.
Generating RTLIL representation for module `$__div_mod_u'.
Generating RTLIL representation for module `$__div_mod_trunc'.
Generating RTLIL representation for module `\_90_div'.
Generating RTLIL representation for module `\_90_mod'.
Generating RTLIL representation for module `$__div_mod_floor'.
Generating RTLIL representation for module `\_90_divfloor'.
Generating RTLIL representation for module `\_90_modfloor'.
Generating RTLIL representation for module `\_90_pow'.
Generating RTLIL representation for module `\_90_demux'.
Generating RTLIL representation for module `\_90_lut'.
Generating RTLIL representation for module `$connect'.
Generating RTLIL representation for module `$input_port'.
Successfully finished Verilog frontend.

15.20.2. Continuing TECHMAP pass.
Using extmapper simplemap for cells of type $reduce_bool.
Using extmapper simplemap for cells of type $adffe.
Using extmapper simplemap for cells of type $eq.
Using extmapper simplemap for cells of type $and.
Using extmapper simplemap for cells of type $mux.
No more expansions possible.
<suppressed ~390 debug messages>

15.21. Executing OPT pass (performing simple optimizations).

15.21.1. Executing OPT_EXPR pass (perform const folding).
Optimizing module cv32e40p_register_file$cv32e40p_core.id_stage_i.register_file_i.
<suppressed ~372 debug messages>

15.21.2. Executing OPT_MERGE pass (detect identical cells).
Finding identical cells in module `\cv32e40p_register_file$cv32e40p_core.id_stage_i.register_file_i'.
Computing hashes of 5681 cells of `\cv32e40p_register_file$cv32e40p_core.id_stage_i.register_file_i'.
Finding duplicate cells in `\cv32e40p_register_file$cv32e40p_core.id_stage_i.register_file_i'.
Computing hashes of 5479 cells of `\cv32e40p_register_file$cv32e40p_core.id_stage_i.register_file_i'.
Finding duplicate cells in `\cv32e40p_register_file$cv32e40p_core.id_stage_i.register_file_i'.
Computing hashes of 5365 cells of `\cv32e40p_register_file$cv32e40p_core.id_stage_i.register_file_i'.
Finding duplicate cells in `\cv32e40p_register_file$cv32e40p_core.id_stage_i.register_file_i'.
Computing hashes of 5335 cells of `\cv32e40p_register_file$cv32e40p_core.id_stage_i.register_file_i'.
Finding duplicate cells in `\cv32e40p_register_file$cv32e40p_core.id_stage_i.register_file_i'.
<suppressed ~1038 debug messages>
Removed a total of 346 cells.

15.21.3. Executing OPT_DFF pass (perform DFF optimizations).

15.21.4. Executing OPT_CLEAN pass (remove unused cells and wires).
Finding unused cells or wires in module \cv32e40p_register_file$cv32e40p_core.id_stage_i.register_file_i..
Removed 0 unused cells and 384 unused wires.
<suppressed ~1 debug messages>

15.21.5. Finished fast OPT passes.

15.22. Executing ABC pass (technology mapping using ABC).

15.22.1. Extracting gate netlist of module `\cv32e40p_register_file$cv32e40p_core.id_stage_i.register_file_i' to `<abc-temp-dir>/input.blif'..

15.22.1.1. Executed ABC.
Extracted 4343 gates and 5432 wires to a netlist network with 1088 inputs and 1119 outputs.
Running ABC script: <abc-temp-dir>/abc.script
ABC: UC Berkeley, ABC 1.01 (compiled Jul 11 2026 03:57:20)
ABC: abc 01> empty
ABC: abc 01> source <abc-temp-dir>/abc.script
ABC: + read_blif <abc-temp-dir>/input.blif 
ABC: + read_library <abc-temp-dir>/stdcells.genlib 
ABC: + strash 
ABC: + &get -n 
ABC: + &fraig -x 
ABC: + &put 
ABC: + scorr 
ABC: Warning: The network is combinational (run "fraig" or "fraig_sweep").
ABC: + dc2 
ABC: + dretime 
ABC: + strash 
ABC: + &get -n 
ABC: + &dch -f 
ABC: + &nf 
ABC: + &put 
ABC: + write_blif <abc-temp-dir>/output.blif 
ABC: 
ABC: YOSYS_ABC_DONE 

15.22.1.2. Re-integrating ABC results.
ABC RESULTS:               AND cells:     1083
ABC RESULTS:            ANDNOT cells:      105
ABC RESULTS:               MUX cells:     2595
ABC RESULTS:              NAND cells:     1852
ABC RESULTS:               NOR cells:      145
ABC RESULTS:               NOT cells:        3
ABC RESULTS:                OR cells:      358
ABC RESULTS:             ORNOT cells:      256
ABC RESULTS:        internal signals:     3225
ABC RESULTS:           input signals:     1088
ABC RESULTS:          output signals:     1119
Removing temp directory.
Removing global temp directory.

15.23. Executing OPT pass (performing simple optimizations).

15.23.1. Executing OPT_EXPR pass (perform const folding).
Optimizing module cv32e40p_register_file$cv32e40p_core.id_stage_i.register_file_i.

15.23.2. Executing OPT_MERGE pass (detect identical cells).
Finding identical cells in module `\cv32e40p_register_file$cv32e40p_core.id_stage_i.register_file_i'.
Computing hashes of 7389 cells of `\cv32e40p_register_file$cv32e40p_core.id_stage_i.register_file_i'.
Finding duplicate cells in `\cv32e40p_register_file$cv32e40p_core.id_stage_i.register_file_i'.
Removed a total of 0 cells.

15.23.3. Executing OPT_DFF pass (perform DFF optimizations).

15.23.4. Executing OPT_CLEAN pass (remove unused cells and wires).
Finding unused cells or wires in module \cv32e40p_register_file$cv32e40p_core.id_stage_i.register_file_i..
Removed 0 unused cells and 2463 unused wires.
<suppressed ~1 debug messages>

15.23.5. Finished fast OPT passes.

15.24. Executing HIERARCHY pass (managing design hierarchy).
Attribute `top' found on module `cv32e40p_register_file$cv32e40p_core.id_stage_i.register_file_i'. Setting top module to cv32e40p_register_file$cv32e40p_core.id_stage_i.register_file_i.

15.24.1. Analyzing design hierarchy..
Top module:  \cv32e40p_register_file$cv32e40p_core.id_stage_i.register_file_i

15.24.2. Analyzing design hierarchy..
Top module:  \cv32e40p_register_file$cv32e40p_core.id_stage_i.register_file_i
Removed 0 unused modules.

15.25. Printing statistics.

=== cv32e40p_register_file$cv32e40p_core.id_stage_i.register_file_i ===

        +----------Local Count, excluding submodules.
        | 
     5361 wires
     8620 wire bits
       52 public wires
     3311 public wire bits
       15 ports
      195 port bits
     7389 cells
      105   $_ANDNOT_
     1083   $_AND_
      992   $_DFFE_PN0P_
     2595   $_MUX_
     1852   $_NAND_
      145   $_NOR_
        3   $_NOT_
      256   $_ORNOT_
      358   $_OR_

15.26. Executing CHECK pass (checking for obvious problems).
Checking module cv32e40p_register_file$cv32e40p_core.id_stage_i.register_file_i...
Found and reported 0 problems.

16. Executing OPT_CLEAN pass (remove unused cells and wires).
Finding unused cells or wires in module \cv32e40p_register_file$cv32e40p_core.id_stage_i.register_file_i..
Removed 0 unused cells and 5 unused wires.
<suppressed ~5 debug messages>

17. Executing CHECK pass (checking for obvious problems).
Checking module cv32e40p_register_file$cv32e40p_core.id_stage_i.register_file_i...
Found and reported 0 problems.

18. Printing statistics.

=== cv32e40p_register_file$cv32e40p_core.id_stage_i.register_file_i ===

        +----------Local Count, excluding submodules.
        | 
     5356 wires
     7520 wire bits
       47 public wires
     2211 public wire bits
       15 ports
      195 port bits
     7389 cells
      105   $_ANDNOT_
     1083   $_AND_
      992   $_DFFE_PN0P_
     2595   $_MUX_
     1852   $_NAND_
      145   $_NOR_
        3   $_NOT_
      256   $_ORNOT_
      358   $_OR_

19. Executing JSON backend.

20. Executing RTLIL backend.
Output filename: /workspace/incremental-synthesis/results/partition-incremental/__granularity_cv32e40p-eco-001/base/fine-cache/id_stage_i/regions/register_file_i/synth.rtlil

21. Executing Verilog backend.
Dumping module `\cv32e40p_register_file$cv32e40p_core.id_stage_i.register_file_i'.

End of script. Logfile hash: 976d3c9991, time: 2.70s, user: 2.05s, system: 0.08s, MEM: 175.91 MB peak
Yosys 0.67+24 (git sha1 0e82bbefe, Release, Clang /usr/bin/clang++ 18.1.8)
Time spent: 36% 3x read_verilog (1 sec), 31% 1x abc (0 sec), ...
