
 /----------------------------------------------------------------------------\
 |  yosys -- Yosys Open SYnthesis Suite                                       |
 |  Copyright (C) 2012 - 2026  Claire Xenia Wolf <claire@yosyshq.com>         |
 |  Distributed under an ISC-like license, type "license" to see terms        |
 \----------------------------------------------------------------------------/
 Yosys 0.67+24 (git sha1 0e82bbefe, Release, Clang /usr/bin/clang++ 18.1.8)

-- Executing script file `/workspace/incremental-synthesis/results/partition-incremental/__granularity_cv32e40p-eco-001/base/fine-cache/id_stage_i/root-shell/run_synth_top_shell.ys' --

1. Executing JSON frontend.
Importing module cv32e40p_sleep_unit$cv32e40p_core.sleep_unit_i from JSON tree.
Importing module cv32e40p_register_file$cv32e40p_core.id_stage_i.register_file_i from JSON tree.
Importing module cv32e40p_prefetch_controller$cv32e40p_core.if_stage_i.prefetch_buffer_i.prefetch_controller_i from JSON tree.
Importing module cv32e40p_prefetch_buffer$cv32e40p_core.if_stage_i.prefetch_buffer_i from JSON tree.
Importing module cv32e40p_popcnt$cv32e40p_core.ex_stage_i.alu_i.popcnt_i from JSON tree.
Importing module cv32e40p_obi_interface$cv32e40p_core.load_store_unit_i.data_obi_i from JSON tree.
Importing module cv32e40p_obi_interface$cv32e40p_core.if_stage_i.prefetch_buffer_i.instruction_obi_i from JSON tree.
Importing module cv32e40p_mult$cv32e40p_core.ex_stage_i.mult_i from JSON tree.
Importing module cv32e40p_load_store_unit$cv32e40p_core.load_store_unit_i from JSON tree.
Importing module cv32e40p_int_controller$cv32e40p_core.id_stage_i.int_controller_i from JSON tree.
Importing module cv32e40p_if_stage$cv32e40p_core.if_stage_i from JSON tree.
Importing module cv32e40p_id_stage$cv32e40p_core.id_stage_i from JSON tree.
Importing module cv32e40p_hwloop_regs$cv32e40p_core.id_stage_i.gen_hwloop_regs.hwloop_regs_i from JSON tree.
Importing module cv32e40p_fifo$cv32e40p_core.if_stage_i.prefetch_buffer_i.fifo_i from JSON tree.
Importing module cv32e40p_ff_one$cv32e40p_core.ex_stage_i.alu_i.ff_one_i from JSON tree.
Importing module cv32e40p_ex_stage$cv32e40p_core.ex_stage_i from JSON tree.
Importing module cv32e40p_decoder$cv32e40p_core.id_stage_i.decoder_i from JSON tree.
Importing module cv32e40p_cs_registers$cv32e40p_core.cs_registers_i from JSON tree.
Importing module cv32e40p_core from JSON tree.
Importing module cv32e40p_controller$cv32e40p_core.id_stage_i.controller_i from JSON tree.
Importing module cv32e40p_compressed_decoder$cv32e40p_core.if_stage_i.compressed_decoder_i from JSON tree.
Importing module cv32e40p_clock_gate$cv32e40p_core.sleep_unit_i.core_clock_gate_i from JSON tree.
Importing module cv32e40p_alu_div$cv32e40p_core.ex_stage_i.alu_i.alu_div_i from JSON tree.
Importing module cv32e40p_alu$cv32e40p_core.ex_stage_i.alu_i from JSON tree.
Importing module cv32e40p_aligner$cv32e40p_core.if_stage_i.aligner_i from JSON tree.

2. Executing HIERARCHY pass (managing design hierarchy).

2.1. Analyzing design hierarchy..
Top module:  \cv32e40p_id_stage$cv32e40p_core.id_stage_i

2.2. Analyzing design hierarchy..
Top module:  \cv32e40p_id_stage$cv32e40p_core.id_stage_i
Removing unused module `\cv32e40p_aligner$cv32e40p_core.if_stage_i.aligner_i'.
Removing unused module `\cv32e40p_alu$cv32e40p_core.ex_stage_i.alu_i'.
Removing unused module `\cv32e40p_alu_div$cv32e40p_core.ex_stage_i.alu_i.alu_div_i'.
Removing unused module `\cv32e40p_clock_gate$cv32e40p_core.sleep_unit_i.core_clock_gate_i'.
Removing unused module `\cv32e40p_compressed_decoder$cv32e40p_core.if_stage_i.compressed_decoder_i'.
Removing unused module `\cv32e40p_core'.
Removing unused module `\cv32e40p_cs_registers$cv32e40p_core.cs_registers_i'.
Removing unused module `\cv32e40p_ex_stage$cv32e40p_core.ex_stage_i'.
Removing unused module `\cv32e40p_ff_one$cv32e40p_core.ex_stage_i.alu_i.ff_one_i'.
Removing unused module `\cv32e40p_fifo$cv32e40p_core.if_stage_i.prefetch_buffer_i.fifo_i'.
Removing unused module `\cv32e40p_if_stage$cv32e40p_core.if_stage_i'.
Removing unused module `\cv32e40p_load_store_unit$cv32e40p_core.load_store_unit_i'.
Removing unused module `\cv32e40p_mult$cv32e40p_core.ex_stage_i.mult_i'.
Removing unused module `\cv32e40p_obi_interface$cv32e40p_core.if_stage_i.prefetch_buffer_i.instruction_obi_i'.
Removing unused module `\cv32e40p_obi_interface$cv32e40p_core.load_store_unit_i.data_obi_i'.
Removing unused module `\cv32e40p_popcnt$cv32e40p_core.ex_stage_i.alu_i.popcnt_i'.
Removing unused module `\cv32e40p_prefetch_buffer$cv32e40p_core.if_stage_i.prefetch_buffer_i'.
Removing unused module `\cv32e40p_prefetch_controller$cv32e40p_core.if_stage_i.prefetch_buffer_i.prefetch_controller_i'.
Removing unused module `\cv32e40p_sleep_unit$cv32e40p_core.sleep_unit_i'.
Removed 19 unused modules.

3. Executing CHECK pass (checking for obvious problems).
Checking module cv32e40p_id_stage$cv32e40p_core.id_stage_i...
Found and reported 0 problems.

4. Executing SYNTH pass.

4.1. Executing HIERARCHY pass (managing design hierarchy).

4.1.1. Analyzing design hierarchy..
Top module:  \cv32e40p_id_stage$cv32e40p_core.id_stage_i

4.1.2. Analyzing design hierarchy..
Top module:  \cv32e40p_id_stage$cv32e40p_core.id_stage_i
Removed 0 unused modules.

4.2. Executing PROC pass (convert processes to netlists).

4.2.1. Executing PROC_CLEAN pass (remove empty switches from decision trees).
Cleaned up 0 empty switches.

4.2.2. Executing PROC_RMDEAD pass (remove dead branches from decision trees).
Removed a total of 0 dead cases.

4.2.3. Executing PROC_PRUNE pass (remove redundant assignments in processes).
Removed 0 redundant assignments.
Promoted 0 assignments to connections.

4.2.4. Executing PROC_INIT pass (extract init attributes).

4.2.5. Executing PROC_ARST pass (detect async resets in processes).

4.2.6. Executing PROC_ROM pass (convert switches to ROMs).
Converted 0 switches.

4.2.7. Executing PROC_MUX pass (convert decision trees to multiplexers).

4.2.8. Executing PROC_DLATCH pass (convert process syncs to latches).

4.2.9. Executing PROC_DFF pass (convert process syncs to FFs).

4.2.10. Executing PROC_MEMWR pass (convert process memory writes to cells).

4.2.11. Executing PROC_CLEAN pass (remove empty switches from decision trees).
Cleaned up 0 empty switches.

4.2.12. Executing OPT_EXPR pass (perform const folding).
Optimizing module cv32e40p_id_stage$cv32e40p_core.id_stage_i.

4.3. Executing OPT_EXPR pass (perform const folding).
Optimizing module cv32e40p_id_stage$cv32e40p_core.id_stage_i.

4.4. Executing OPT_CLEAN pass (remove unused cells and wires).
Finding unused cells or wires in module \cv32e40p_id_stage$cv32e40p_core.id_stage_i..
Removed 0 unused cells and 17 unused wires.
<suppressed ~1 debug messages>

4.5. Executing CHECK pass (checking for obvious problems).
Checking module cv32e40p_id_stage$cv32e40p_core.id_stage_i...
Found and reported 0 problems.

4.6. Executing OPT pass (performing simple optimizations).

4.6.1. Executing OPT_EXPR pass (perform const folding).
Optimizing module cv32e40p_id_stage$cv32e40p_core.id_stage_i.

4.6.2. Executing OPT_MERGE pass (detect identical cells).
Finding identical cells in module `\cv32e40p_id_stage$cv32e40p_core.id_stage_i'.
Computing hashes of 798 cells of `\cv32e40p_id_stage$cv32e40p_core.id_stage_i'.
Finding duplicate cells in `\cv32e40p_id_stage$cv32e40p_core.id_stage_i'.
Computing hashes of 786 cells of `\cv32e40p_id_stage$cv32e40p_core.id_stage_i'.
Finding duplicate cells in `\cv32e40p_id_stage$cv32e40p_core.id_stage_i'.
<suppressed ~36 debug messages>
Removed a total of 12 cells.

4.6.3. Executing OPT_MUXTREE pass (detect dead branches in mux trees).
Running muxtree optimizer on module \cv32e40p_id_stage$cv32e40p_core.id_stage_i..
  Creating internal representation of mux trees.
  Evaluating internal representation of mux trees.
  Analyzing evaluation results.
    dead port 1/2 on $mux $ternary$/workspace/incremental-synthesis/benchmarks/cv32e40p-eco-001-base/core/common/normalized_cv32e40p.v:34353$12177.
    dead port 1/2 on $mux $ternary$/workspace/incremental-synthesis/benchmarks/cv32e40p-eco-001-base/core/common/normalized_cv32e40p.v:34354$12178.
    dead port 1/2 on $mux $ternary$/workspace/incremental-synthesis/benchmarks/cv32e40p-eco-001-base/core/common/normalized_cv32e40p.v:34355$12179.
    dead port 1/2 on $mux $ternary$/workspace/incremental-synthesis/benchmarks/cv32e40p-eco-001-base/core/common/normalized_cv32e40p.v:34356$12180.
    dead port 1/2 on $mux $ternary$/workspace/incremental-synthesis/benchmarks/cv32e40p-eco-001-base/core/common/normalized_cv32e40p.v:34358$12182.
    dead port 1/2 on $mux $ternary$/workspace/incremental-synthesis/benchmarks/cv32e40p-eco-001-base/core/common/normalized_cv32e40p.v:34359$12183.
    dead port 1/2 on $mux $ternary$/workspace/incremental-synthesis/benchmarks/cv32e40p-eco-001-base/core/common/normalized_cv32e40p.v:34360$12184.
    dead port 1/2 on $mux $ternary$/workspace/incremental-synthesis/benchmarks/cv32e40p-eco-001-base/core/common/normalized_cv32e40p.v:34362$12186.
    dead port 1/2 on $mux $ternary$/workspace/incremental-synthesis/benchmarks/cv32e40p-eco-001-base/core/common/normalized_cv32e40p.v:34363$12187.
    dead port 1/2 on $mux $ternary$/workspace/incremental-synthesis/benchmarks/cv32e40p-eco-001-base/core/common/normalized_cv32e40p.v:34364$12188.
    dead port 1/2 on $mux $ternary$/workspace/incremental-synthesis/benchmarks/cv32e40p-eco-001-base/core/common/normalized_cv32e40p.v:34366$12190.
    dead port 1/2 on $mux $ternary$/workspace/incremental-synthesis/benchmarks/cv32e40p-eco-001-base/core/common/normalized_cv32e40p.v:34367$12191.
    dead port 1/2 on $mux $ternary$/workspace/incremental-synthesis/benchmarks/cv32e40p-eco-001-base/core/common/normalized_cv32e40p.v:34368$12192.
    dead port 1/2 on $mux $ternary$/workspace/incremental-synthesis/benchmarks/cv32e40p-eco-001-base/core/common/normalized_cv32e40p.v:34370$12194.
    dead port 1/2 on $mux $ternary$/workspace/incremental-synthesis/benchmarks/cv32e40p-eco-001-base/core/common/normalized_cv32e40p.v:34371$12195.
    dead port 1/2 on $mux $ternary$/workspace/incremental-synthesis/benchmarks/cv32e40p-eco-001-base/core/common/normalized_cv32e40p.v:34372$12196.
    dead port 1/2 on $mux $ternary$/workspace/incremental-synthesis/benchmarks/cv32e40p-eco-001-base/core/common/normalized_cv32e40p.v:34374$12198.
    dead port 1/2 on $mux $ternary$/workspace/incremental-synthesis/benchmarks/cv32e40p-eco-001-base/core/common/normalized_cv32e40p.v:34375$12199.
    dead port 1/2 on $mux $ternary$/workspace/incremental-synthesis/benchmarks/cv32e40p-eco-001-base/core/common/normalized_cv32e40p.v:34376$12200.
    dead port 1/2 on $mux $ternary$/workspace/incremental-synthesis/benchmarks/cv32e40p-eco-001-base/core/common/normalized_cv32e40p.v:34378$12202.
    dead port 1/2 on $mux $ternary$/workspace/incremental-synthesis/benchmarks/cv32e40p-eco-001-base/core/common/normalized_cv32e40p.v:34379$12203.
    dead port 1/2 on $mux $ternary$/workspace/incremental-synthesis/benchmarks/cv32e40p-eco-001-base/core/common/normalized_cv32e40p.v:34380$12204.
    dead port 1/2 on $mux $ternary$/workspace/incremental-synthesis/benchmarks/cv32e40p-eco-001-base/core/common/normalized_cv32e40p.v:34382$12206.
    dead port 1/2 on $mux $ternary$/workspace/incremental-synthesis/benchmarks/cv32e40p-eco-001-base/core/common/normalized_cv32e40p.v:34383$12207.
    dead port 1/2 on $mux $ternary$/workspace/incremental-synthesis/benchmarks/cv32e40p-eco-001-base/core/common/normalized_cv32e40p.v:34384$12208.
    dead port 1/2 on $mux $ternary$/workspace/incremental-synthesis/benchmarks/cv32e40p-eco-001-base/core/common/normalized_cv32e40p.v:34386$12210.
    dead port 1/2 on $mux $ternary$/workspace/incremental-synthesis/benchmarks/cv32e40p-eco-001-base/core/common/normalized_cv32e40p.v:34387$12211.
    dead port 1/2 on $mux $ternary$/workspace/incremental-synthesis/benchmarks/cv32e40p-eco-001-base/core/common/normalized_cv32e40p.v:34388$12212.
    dead port 1/2 on $mux $ternary$/workspace/incremental-synthesis/benchmarks/cv32e40p-eco-001-base/core/common/normalized_cv32e40p.v:34390$12214.
    dead port 1/2 on $mux $ternary$/workspace/incremental-synthesis/benchmarks/cv32e40p-eco-001-base/core/common/normalized_cv32e40p.v:34391$12215.
    dead port 1/2 on $mux $ternary$/workspace/incremental-synthesis/benchmarks/cv32e40p-eco-001-base/core/common/normalized_cv32e40p.v:34392$12216.
    dead port 1/2 on $mux $ternary$/workspace/incremental-synthesis/benchmarks/cv32e40p-eco-001-base/core/common/normalized_cv32e40p.v:34394$12218.
    dead port 1/2 on $mux $ternary$/workspace/incremental-synthesis/benchmarks/cv32e40p-eco-001-base/core/common/normalized_cv32e40p.v:34395$12219.
    dead port 1/2 on $mux $ternary$/workspace/incremental-synthesis/benchmarks/cv32e40p-eco-001-base/core/common/normalized_cv32e40p.v:34396$12220.
    dead port 1/2 on $mux $ternary$/workspace/incremental-synthesis/benchmarks/cv32e40p-eco-001-base/core/common/normalized_cv32e40p.v:34398$12222.
    dead port 1/2 on $mux $ternary$/workspace/incremental-synthesis/benchmarks/cv32e40p-eco-001-base/core/common/normalized_cv32e40p.v:34399$12223.
    dead port 1/2 on $mux $ternary$/workspace/incremental-synthesis/benchmarks/cv32e40p-eco-001-base/core/common/normalized_cv32e40p.v:34400$12224.
    dead port 1/2 on $mux $ternary$/workspace/incremental-synthesis/benchmarks/cv32e40p-eco-001-base/core/common/normalized_cv32e40p.v:34402$12226.
    dead port 1/2 on $mux $ternary$/workspace/incremental-synthesis/benchmarks/cv32e40p-eco-001-base/core/common/normalized_cv32e40p.v:34403$12227.
    dead port 1/2 on $mux $ternary$/workspace/incremental-synthesis/benchmarks/cv32e40p-eco-001-base/core/common/normalized_cv32e40p.v:34405$12229.
    dead port 1/2 on $mux $ternary$/workspace/incremental-synthesis/benchmarks/cv32e40p-eco-001-base/core/common/normalized_cv32e40p.v:34406$12230.
    dead port 1/2 on $mux $ternary$/workspace/incremental-synthesis/benchmarks/cv32e40p-eco-001-base/core/common/normalized_cv32e40p.v:34408$12232.
    dead port 1/2 on $mux $ternary$/workspace/incremental-synthesis/benchmarks/cv32e40p-eco-001-base/core/common/normalized_cv32e40p.v:34409$12233.
    dead port 1/2 on $mux $ternary$/workspace/incremental-synthesis/benchmarks/cv32e40p-eco-001-base/core/common/normalized_cv32e40p.v:34411$12235.
    dead port 1/2 on $mux $ternary$/workspace/incremental-synthesis/benchmarks/cv32e40p-eco-001-base/core/common/normalized_cv32e40p.v:34412$12236.
    dead port 1/2 on $mux $ternary$/workspace/incremental-synthesis/benchmarks/cv32e40p-eco-001-base/core/common/normalized_cv32e40p.v:34414$12238.
    dead port 1/2 on $mux $ternary$/workspace/incremental-synthesis/benchmarks/cv32e40p-eco-001-base/core/common/normalized_cv32e40p.v:34415$12239.
    dead port 1/2 on $mux $ternary$/workspace/incremental-synthesis/benchmarks/cv32e40p-eco-001-base/core/common/normalized_cv32e40p.v:34417$12241.
    dead port 1/2 on $mux $ternary$/workspace/incremental-synthesis/benchmarks/cv32e40p-eco-001-base/core/common/normalized_cv32e40p.v:34418$12242.
    dead port 1/2 on $mux $ternary$/workspace/incremental-synthesis/benchmarks/cv32e40p-eco-001-base/core/common/normalized_cv32e40p.v:34420$12244.
    dead port 1/2 on $mux $ternary$/workspace/incremental-synthesis/benchmarks/cv32e40p-eco-001-base/core/common/normalized_cv32e40p.v:34421$12245.
    dead port 1/2 on $mux $ternary$/workspace/incremental-synthesis/benchmarks/cv32e40p-eco-001-base/core/common/normalized_cv32e40p.v:34423$12247.
    dead port 1/2 on $mux $ternary$/workspace/incremental-synthesis/benchmarks/cv32e40p-eco-001-base/core/common/normalized_cv32e40p.v:34424$12248.
    dead port 1/2 on $mux $ternary$/workspace/incremental-synthesis/benchmarks/cv32e40p-eco-001-base/core/common/normalized_cv32e40p.v:34426$12250.
    dead port 1/2 on $mux $ternary$/workspace/incremental-synthesis/benchmarks/cv32e40p-eco-001-base/core/common/normalized_cv32e40p.v:34427$12251.
    dead port 1/2 on $mux $ternary$/workspace/incremental-synthesis/benchmarks/cv32e40p-eco-001-base/core/common/normalized_cv32e40p.v:34429$12253.
    dead port 1/2 on $mux $ternary$/workspace/incremental-synthesis/benchmarks/cv32e40p-eco-001-base/core/common/normalized_cv32e40p.v:34430$12254.
    dead port 1/2 on $mux $ternary$/workspace/incremental-synthesis/benchmarks/cv32e40p-eco-001-base/core/common/normalized_cv32e40p.v:34432$12256.
    dead port 1/2 on $mux $ternary$/workspace/incremental-synthesis/benchmarks/cv32e40p-eco-001-base/core/common/normalized_cv32e40p.v:34433$12257.
    dead port 2/2 on $mux $ternary$/workspace/incremental-synthesis/benchmarks/cv32e40p-eco-001-base/core/common/normalized_cv32e40p.v:34435$12259.
    dead port 1/2 on $mux $ternary$/workspace/incremental-synthesis/benchmarks/cv32e40p-eco-001-base/core/common/normalized_cv32e40p.v:34436$12260.
    dead port 1/2 on $mux $ternary$/workspace/incremental-synthesis/benchmarks/cv32e40p-eco-001-base/core/common/normalized_cv32e40p.v:34437$12261.
    dead port 2/2 on $mux $ternary$/workspace/incremental-synthesis/benchmarks/cv32e40p-eco-001-base/core/common/normalized_cv32e40p.v:34439$12263.
    dead port 1/2 on $mux $ternary$/workspace/incremental-synthesis/benchmarks/cv32e40p-eco-001-base/core/common/normalized_cv32e40p.v:34440$12264.
    dead port 1/2 on $mux $ternary$/workspace/incremental-synthesis/benchmarks/cv32e40p-eco-001-base/core/common/normalized_cv32e40p.v:34441$12265.
    dead port 2/2 on $mux $ternary$/workspace/incremental-synthesis/benchmarks/cv32e40p-eco-001-base/core/common/normalized_cv32e40p.v:34443$12267.
    dead port 1/2 on $mux $ternary$/workspace/incremental-synthesis/benchmarks/cv32e40p-eco-001-base/core/common/normalized_cv32e40p.v:34444$12268.
    dead port 1/2 on $mux $ternary$/workspace/incremental-synthesis/benchmarks/cv32e40p-eco-001-base/core/common/normalized_cv32e40p.v:34445$12269.
    dead port 2/2 on $mux $ternary$/workspace/incremental-synthesis/benchmarks/cv32e40p-eco-001-base/core/common/normalized_cv32e40p.v:34447$12271.
    dead port 1/2 on $mux $ternary$/workspace/incremental-synthesis/benchmarks/cv32e40p-eco-001-base/core/common/normalized_cv32e40p.v:34448$12272.
    dead port 1/2 on $mux $ternary$/workspace/incremental-synthesis/benchmarks/cv32e40p-eco-001-base/core/common/normalized_cv32e40p.v:34449$12273.
    dead port 2/2 on $mux $ternary$/workspace/incremental-synthesis/benchmarks/cv32e40p-eco-001-base/core/common/normalized_cv32e40p.v:34451$12275.
    dead port 1/2 on $mux $ternary$/workspace/incremental-synthesis/benchmarks/cv32e40p-eco-001-base/core/common/normalized_cv32e40p.v:34452$12276.
    dead port 1/2 on $mux $ternary$/workspace/incremental-synthesis/benchmarks/cv32e40p-eco-001-base/core/common/normalized_cv32e40p.v:34453$12277.
    dead port 2/2 on $mux $ternary$/workspace/incremental-synthesis/benchmarks/cv32e40p-eco-001-base/core/common/normalized_cv32e40p.v:34455$12279.
    dead port 1/2 on $mux $ternary$/workspace/incremental-synthesis/benchmarks/cv32e40p-eco-001-base/core/common/normalized_cv32e40p.v:34456$12280.
    dead port 1/2 on $mux $ternary$/workspace/incremental-synthesis/benchmarks/cv32e40p-eco-001-base/core/common/normalized_cv32e40p.v:34457$12281.
    dead port 2/2 on $mux $ternary$/workspace/incremental-synthesis/benchmarks/cv32e40p-eco-001-base/core/common/normalized_cv32e40p.v:34459$12283.
    dead port 1/2 on $mux $ternary$/workspace/incremental-synthesis/benchmarks/cv32e40p-eco-001-base/core/common/normalized_cv32e40p.v:34460$12284.
    dead port 1/2 on $mux $ternary$/workspace/incremental-synthesis/benchmarks/cv32e40p-eco-001-base/core/common/normalized_cv32e40p.v:34461$12285.
    dead port 2/2 on $mux $ternary$/workspace/incremental-synthesis/benchmarks/cv32e40p-eco-001-base/core/common/normalized_cv32e40p.v:34463$12287.
    dead port 1/2 on $mux $ternary$/workspace/incremental-synthesis/benchmarks/cv32e40p-eco-001-base/core/common/normalized_cv32e40p.v:34464$12288.
    dead port 1/2 on $mux $ternary$/workspace/incremental-synthesis/benchmarks/cv32e40p-eco-001-base/core/common/normalized_cv32e40p.v:34465$12289.
    dead port 2/2 on $mux $ternary$/workspace/incremental-synthesis/benchmarks/cv32e40p-eco-001-base/core/common/normalized_cv32e40p.v:34467$12291.
    dead port 1/2 on $mux $ternary$/workspace/incremental-synthesis/benchmarks/cv32e40p-eco-001-base/core/common/normalized_cv32e40p.v:34468$12292.
    dead port 1/2 on $mux $ternary$/workspace/incremental-synthesis/benchmarks/cv32e40p-eco-001-base/core/common/normalized_cv32e40p.v:34469$12293.
    dead port 2/2 on $mux $ternary$/workspace/incremental-synthesis/benchmarks/cv32e40p-eco-001-base/core/common/normalized_cv32e40p.v:34471$12295.
    dead port 1/2 on $mux $ternary$/workspace/incremental-synthesis/benchmarks/cv32e40p-eco-001-base/core/common/normalized_cv32e40p.v:34472$12296.
    dead port 1/2 on $mux $ternary$/workspace/incremental-synthesis/benchmarks/cv32e40p-eco-001-base/core/common/normalized_cv32e40p.v:34473$12297.
    dead port 2/2 on $mux $ternary$/workspace/incremental-synthesis/benchmarks/cv32e40p-eco-001-base/core/common/normalized_cv32e40p.v:34475$12299.
    dead port 1/2 on $mux $ternary$/workspace/incremental-synthesis/benchmarks/cv32e40p-eco-001-base/core/common/normalized_cv32e40p.v:34476$12300.
    dead port 1/2 on $mux $ternary$/workspace/incremental-synthesis/benchmarks/cv32e40p-eco-001-base/core/common/normalized_cv32e40p.v:34477$12301.
    dead port 2/2 on $mux $ternary$/workspace/incremental-synthesis/benchmarks/cv32e40p-eco-001-base/core/common/normalized_cv32e40p.v:34479$12303.
    dead port 1/2 on $mux $ternary$/workspace/incremental-synthesis/benchmarks/cv32e40p-eco-001-base/core/common/normalized_cv32e40p.v:34480$12304.
    dead port 1/2 on $mux $ternary$/workspace/incremental-synthesis/benchmarks/cv32e40p-eco-001-base/core/common/normalized_cv32e40p.v:34481$12305.
    dead port 2/2 on $mux $ternary$/workspace/incremental-synthesis/benchmarks/cv32e40p-eco-001-base/core/common/normalized_cv32e40p.v:34483$12307.
    dead port 1/2 on $mux $ternary$/workspace/incremental-synthesis/benchmarks/cv32e40p-eco-001-base/core/common/normalized_cv32e40p.v:34484$12308.
    dead port 1/2 on $mux $ternary$/workspace/incremental-synthesis/benchmarks/cv32e40p-eco-001-base/core/common/normalized_cv32e40p.v:34485$12309.
    dead port 2/2 on $mux $ternary$/workspace/incremental-synthesis/benchmarks/cv32e40p-eco-001-base/core/common/normalized_cv32e40p.v:34487$12311.
    dead port 1/2 on $mux $ternary$/workspace/incremental-synthesis/benchmarks/cv32e40p-eco-001-base/core/common/normalized_cv32e40p.v:34488$12312.
    dead port 1/2 on $mux $ternary$/workspace/incremental-synthesis/benchmarks/cv32e40p-eco-001-base/core/common/normalized_cv32e40p.v:34489$12313.
    dead port 2/2 on $mux $ternary$/workspace/incremental-synthesis/benchmarks/cv32e40p-eco-001-base/core/common/normalized_cv32e40p.v:34491$12315.
    dead port 1/2 on $mux $ternary$/workspace/incremental-synthesis/benchmarks/cv32e40p-eco-001-base/core/common/normalized_cv32e40p.v:34492$12316.
    dead port 1/2 on $mux $ternary$/workspace/incremental-synthesis/benchmarks/cv32e40p-eco-001-base/core/common/normalized_cv32e40p.v:34493$12317.
    dead port 2/2 on $mux $ternary$/workspace/incremental-synthesis/benchmarks/cv32e40p-eco-001-base/core/common/normalized_cv32e40p.v:34495$12319.
    dead port 1/2 on $mux $ternary$/workspace/incremental-synthesis/benchmarks/cv32e40p-eco-001-base/core/common/normalized_cv32e40p.v:34496$12320.
    dead port 1/2 on $mux $ternary$/workspace/incremental-synthesis/benchmarks/cv32e40p-eco-001-base/core/common/normalized_cv32e40p.v:34497$12321.
    dead port 2/2 on $mux $ternary$/workspace/incremental-synthesis/benchmarks/cv32e40p-eco-001-base/core/common/normalized_cv32e40p.v:34499$12323.
    dead port 1/2 on $mux $ternary$/workspace/incremental-synthesis/benchmarks/cv32e40p-eco-001-base/core/common/normalized_cv32e40p.v:34500$12324.
    dead port 1/2 on $mux $ternary$/workspace/incremental-synthesis/benchmarks/cv32e40p-eco-001-base/core/common/normalized_cv32e40p.v:34501$12325.
    dead port 2/2 on $mux $ternary$/workspace/incremental-synthesis/benchmarks/cv32e40p-eco-001-base/core/common/normalized_cv32e40p.v:34503$12327.
    dead port 1/2 on $mux $ternary$/workspace/incremental-synthesis/benchmarks/cv32e40p-eco-001-base/core/common/normalized_cv32e40p.v:34504$12328.
    dead port 1/2 on $mux $ternary$/workspace/incremental-synthesis/benchmarks/cv32e40p-eco-001-base/core/common/normalized_cv32e40p.v:34505$12329.
    dead port 2/2 on $mux $ternary$/workspace/incremental-synthesis/benchmarks/cv32e40p-eco-001-base/core/common/normalized_cv32e40p.v:34507$12331.
    dead port 1/2 on $mux $ternary$/workspace/incremental-synthesis/benchmarks/cv32e40p-eco-001-base/core/common/normalized_cv32e40p.v:34508$12332.
    dead port 1/2 on $mux $ternary$/workspace/incremental-synthesis/benchmarks/cv32e40p-eco-001-base/core/common/normalized_cv32e40p.v:34509$12333.
    dead port 2/2 on $mux $ternary$/workspace/incremental-synthesis/benchmarks/cv32e40p-eco-001-base/core/common/normalized_cv32e40p.v:34511$12335.
    dead port 1/2 on $mux $ternary$/workspace/incremental-synthesis/benchmarks/cv32e40p-eco-001-base/core/common/normalized_cv32e40p.v:34512$12336.
    dead port 1/2 on $mux $ternary$/workspace/incremental-synthesis/benchmarks/cv32e40p-eco-001-base/core/common/normalized_cv32e40p.v:34513$12337.
    dead port 2/2 on $mux $ternary$/workspace/incremental-synthesis/benchmarks/cv32e40p-eco-001-base/core/common/normalized_cv32e40p.v:34515$12339.
    dead port 1/2 on $mux $ternary$/workspace/incremental-synthesis/benchmarks/cv32e40p-eco-001-base/core/common/normalized_cv32e40p.v:34516$12340.
    dead port 1/2 on $mux $ternary$/workspace/incremental-synthesis/benchmarks/cv32e40p-eco-001-base/core/common/normalized_cv32e40p.v:34517$12341.
    dead port 2/2 on $mux $ternary$/workspace/incremental-synthesis/benchmarks/cv32e40p-eco-001-base/core/common/normalized_cv32e40p.v:34519$12343.
    dead port 1/2 on $mux $ternary$/workspace/incremental-synthesis/benchmarks/cv32e40p-eco-001-base/core/common/normalized_cv32e40p.v:34520$12344.
    dead port 1/2 on $mux $ternary$/workspace/incremental-synthesis/benchmarks/cv32e40p-eco-001-base/core/common/normalized_cv32e40p.v:34521$12345.
    dead port 2/2 on $mux $ternary$/workspace/incremental-synthesis/benchmarks/cv32e40p-eco-001-base/core/common/normalized_cv32e40p.v:34523$12347.
    dead port 1/2 on $mux $ternary$/workspace/incremental-synthesis/benchmarks/cv32e40p-eco-001-base/core/common/normalized_cv32e40p.v:34524$12348.
    dead port 1/2 on $mux $ternary$/workspace/incremental-synthesis/benchmarks/cv32e40p-eco-001-base/core/common/normalized_cv32e40p.v:34525$12349.
    dead port 2/2 on $mux $ternary$/workspace/incremental-synthesis/benchmarks/cv32e40p-eco-001-base/core/common/normalized_cv32e40p.v:34527$12351.
    dead port 1/2 on $mux $ternary$/workspace/incremental-synthesis/benchmarks/cv32e40p-eco-001-base/core/common/normalized_cv32e40p.v:34528$12352.
    dead port 1/2 on $mux $ternary$/workspace/incremental-synthesis/benchmarks/cv32e40p-eco-001-base/core/common/normalized_cv32e40p.v:34529$12353.
    dead port 2/2 on $mux $ternary$/workspace/incremental-synthesis/benchmarks/cv32e40p-eco-001-base/core/common/normalized_cv32e40p.v:34531$12355.
    dead port 1/2 on $mux $ternary$/workspace/incremental-synthesis/benchmarks/cv32e40p-eco-001-base/core/common/normalized_cv32e40p.v:34532$12356.
    dead port 1/2 on $mux $ternary$/workspace/incremental-synthesis/benchmarks/cv32e40p-eco-001-base/core/common/normalized_cv32e40p.v:34533$12357.
    dead port 2/2 on $mux $ternary$/workspace/incremental-synthesis/benchmarks/cv32e40p-eco-001-base/core/common/normalized_cv32e40p.v:34535$12359.
    dead port 1/2 on $mux $ternary$/workspace/incremental-synthesis/benchmarks/cv32e40p-eco-001-base/core/common/normalized_cv32e40p.v:34536$12360.
    dead port 1/2 on $mux $ternary$/workspace/incremental-synthesis/benchmarks/cv32e40p-eco-001-base/core/common/normalized_cv32e40p.v:34537$12361.
    dead port 2/2 on $mux $ternary$/workspace/incremental-synthesis/benchmarks/cv32e40p-eco-001-base/core/common/normalized_cv32e40p.v:34539$12363.
    dead port 1/2 on $mux $ternary$/workspace/incremental-synthesis/benchmarks/cv32e40p-eco-001-base/core/common/normalized_cv32e40p.v:34540$12364.
    dead port 1/2 on $mux $ternary$/workspace/incremental-synthesis/benchmarks/cv32e40p-eco-001-base/core/common/normalized_cv32e40p.v:34541$12365.
    dead port 2/2 on $mux $ternary$/workspace/incremental-synthesis/benchmarks/cv32e40p-eco-001-base/core/common/normalized_cv32e40p.v:34543$12367.
    dead port 1/2 on $mux $ternary$/workspace/incremental-synthesis/benchmarks/cv32e40p-eco-001-base/core/common/normalized_cv32e40p.v:34544$12368.
    dead port 1/2 on $mux $ternary$/workspace/incremental-synthesis/benchmarks/cv32e40p-eco-001-base/core/common/normalized_cv32e40p.v:34545$12369.
    dead port 2/2 on $mux $ternary$/workspace/incremental-synthesis/benchmarks/cv32e40p-eco-001-base/core/common/normalized_cv32e40p.v:34547$12371.
    dead port 1/2 on $mux $ternary$/workspace/incremental-synthesis/benchmarks/cv32e40p-eco-001-base/core/common/normalized_cv32e40p.v:34548$12372.
    dead port 1/2 on $mux $ternary$/workspace/incremental-synthesis/benchmarks/cv32e40p-eco-001-base/core/common/normalized_cv32e40p.v:34549$12373.
    dead port 2/2 on $mux $ternary$/workspace/incremental-synthesis/benchmarks/cv32e40p-eco-001-base/core/common/normalized_cv32e40p.v:34551$12375.
    dead port 2/2 on $mux $ternary$/workspace/incremental-synthesis/benchmarks/cv32e40p-eco-001-base/core/common/normalized_cv32e40p.v:34552$12376.
    dead port 1/2 on $mux $ternary$/workspace/incremental-synthesis/benchmarks/cv32e40p-eco-001-base/core/common/normalized_cv32e40p.v:34553$12377.
    dead port 1/2 on $mux $ternary$/workspace/incremental-synthesis/benchmarks/cv32e40p-eco-001-base/core/common/normalized_cv32e40p.v:34554$12378.
    dead port 2/2 on $mux $ternary$/workspace/incremental-synthesis/benchmarks/cv32e40p-eco-001-base/core/common/normalized_cv32e40p.v:34556$12380.
    dead port 1/2 on $mux $ternary$/workspace/incremental-synthesis/benchmarks/cv32e40p-eco-001-base/core/common/normalized_cv32e40p.v:34557$12381.
    dead port 1/2 on $mux $ternary$/workspace/incremental-synthesis/benchmarks/cv32e40p-eco-001-base/core/common/normalized_cv32e40p.v:34558$12382.
    dead port 2/2 on $mux $ternary$/workspace/incremental-synthesis/benchmarks/cv32e40p-eco-001-base/core/common/normalized_cv32e40p.v:34560$12384.
    dead port 1/2 on $mux $ternary$/workspace/incremental-synthesis/benchmarks/cv32e40p-eco-001-base/core/common/normalized_cv32e40p.v:34561$12385.
    dead port 1/2 on $mux $ternary$/workspace/incremental-synthesis/benchmarks/cv32e40p-eco-001-base/core/common/normalized_cv32e40p.v:34562$12386.
    dead port 2/2 on $mux $ternary$/workspace/incremental-synthesis/benchmarks/cv32e40p-eco-001-base/core/common/normalized_cv32e40p.v:34564$12388.
    dead port 1/2 on $mux $ternary$/workspace/incremental-synthesis/benchmarks/cv32e40p-eco-001-base/core/common/normalized_cv32e40p.v:34565$12389.
    dead port 1/2 on $mux $ternary$/workspace/incremental-synthesis/benchmarks/cv32e40p-eco-001-base/core/common/normalized_cv32e40p.v:34566$12390.
    dead port 2/2 on $mux $ternary$/workspace/incremental-synthesis/benchmarks/cv32e40p-eco-001-base/core/common/normalized_cv32e40p.v:34568$12392.
    dead port 1/2 on $mux $ternary$/workspace/incremental-synthesis/benchmarks/cv32e40p-eco-001-base/core/common/normalized_cv32e40p.v:34569$12393.
    dead port 1/2 on $mux $ternary$/workspace/incremental-synthesis/benchmarks/cv32e40p-eco-001-base/core/common/normalized_cv32e40p.v:34570$12394.
    dead port 2/2 on $mux $ternary$/workspace/incremental-synthesis/benchmarks/cv32e40p-eco-001-base/core/common/normalized_cv32e40p.v:34572$12396.
    dead port 1/2 on $mux $ternary$/workspace/incremental-synthesis/benchmarks/cv32e40p-eco-001-base/core/common/normalized_cv32e40p.v:34573$12397.
    dead port 1/2 on $mux $ternary$/workspace/incremental-synthesis/benchmarks/cv32e40p-eco-001-base/core/common/normalized_cv32e40p.v:34574$12398.
    dead port 2/2 on $mux $ternary$/workspace/incremental-synthesis/benchmarks/cv32e40p-eco-001-base/core/common/normalized_cv32e40p.v:34576$12400.
    dead port 1/2 on $mux $ternary$/workspace/incremental-synthesis/benchmarks/cv32e40p-eco-001-base/core/common/normalized_cv32e40p.v:34577$12401.
    dead port 1/2 on $mux $ternary$/workspace/incremental-synthesis/benchmarks/cv32e40p-eco-001-base/core/common/normalized_cv32e40p.v:34578$12402.
    dead port 2/2 on $mux $ternary$/workspace/incremental-synthesis/benchmarks/cv32e40p-eco-001-base/core/common/normalized_cv32e40p.v:34580$12404.
    dead port 1/2 on $mux $ternary$/workspace/incremental-synthesis/benchmarks/cv32e40p-eco-001-base/core/common/normalized_cv32e40p.v:34581$12405.
    dead port 1/2 on $mux $ternary$/workspace/incremental-synthesis/benchmarks/cv32e40p-eco-001-base/core/common/normalized_cv32e40p.v:34582$12406.
    dead port 2/2 on $mux $ternary$/workspace/incremental-synthesis/benchmarks/cv32e40p-eco-001-base/core/common/normalized_cv32e40p.v:34584$12408.
    dead port 1/2 on $mux $ternary$/workspace/incremental-synthesis/benchmarks/cv32e40p-eco-001-base/core/common/normalized_cv32e40p.v:34585$12409.
    dead port 1/2 on $mux $ternary$/workspace/incremental-synthesis/benchmarks/cv32e40p-eco-001-base/core/common/normalized_cv32e40p.v:34586$12410.
    dead port 2/2 on $mux $ternary$/workspace/incremental-synthesis/benchmarks/cv32e40p-eco-001-base/core/common/normalized_cv32e40p.v:34588$12412.
    dead port 1/2 on $mux $ternary$/workspace/incremental-synthesis/benchmarks/cv32e40p-eco-001-base/core/common/normalized_cv32e40p.v:34589$12413.
    dead port 1/2 on $mux $ternary$/workspace/incremental-synthesis/benchmarks/cv32e40p-eco-001-base/core/common/normalized_cv32e40p.v:34590$12414.
    dead port 2/2 on $mux $ternary$/workspace/incremental-synthesis/benchmarks/cv32e40p-eco-001-base/core/common/normalized_cv32e40p.v:34592$12416.
    dead port 1/2 on $mux $ternary$/workspace/incremental-synthesis/benchmarks/cv32e40p-eco-001-base/core/common/normalized_cv32e40p.v:34593$12417.
    dead port 1/2 on $mux $ternary$/workspace/incremental-synthesis/benchmarks/cv32e40p-eco-001-base/core/common/normalized_cv32e40p.v:34594$12418.
    dead port 2/2 on $mux $ternary$/workspace/incremental-synthesis/benchmarks/cv32e40p-eco-001-base/core/common/normalized_cv32e40p.v:34596$12420.
    dead port 1/2 on $mux $ternary$/workspace/incremental-synthesis/benchmarks/cv32e40p-eco-001-base/core/common/normalized_cv32e40p.v:34597$12421.
    dead port 1/2 on $mux $ternary$/workspace/incremental-synthesis/benchmarks/cv32e40p-eco-001-base/core/common/normalized_cv32e40p.v:34598$12422.
    dead port 1/2 on $mux $ternary$/workspace/incremental-synthesis/benchmarks/cv32e40p-eco-001-base/core/common/normalized_cv32e40p.v:34600$12424.
    dead port 1/2 on $mux $ternary$/workspace/incremental-synthesis/benchmarks/cv32e40p-eco-001-base/core/common/normalized_cv32e40p.v:34601$12425.
    dead port 1/2 on $mux $ternary$/workspace/incremental-synthesis/benchmarks/cv32e40p-eco-001-base/core/common/normalized_cv32e40p.v:34603$12427.
    dead port 1/2 on $mux $ternary$/workspace/incremental-synthesis/benchmarks/cv32e40p-eco-001-base/core/common/normalized_cv32e40p.v:34604$12428.
    dead port 1/2 on $mux $ternary$/workspace/incremental-synthesis/benchmarks/cv32e40p-eco-001-base/core/common/normalized_cv32e40p.v:34606$12430.
    dead port 1/2 on $mux $ternary$/workspace/incremental-synthesis/benchmarks/cv32e40p-eco-001-base/core/common/normalized_cv32e40p.v:34607$12431.
    dead port 1/2 on $mux $ternary$/workspace/incremental-synthesis/benchmarks/cv32e40p-eco-001-base/core/common/normalized_cv32e40p.v:34609$12433.
    dead port 1/2 on $mux $ternary$/workspace/incremental-synthesis/benchmarks/cv32e40p-eco-001-base/core/common/normalized_cv32e40p.v:34610$12434.
    dead port 1/2 on $mux $ternary$/workspace/incremental-synthesis/benchmarks/cv32e40p-eco-001-base/core/common/normalized_cv32e40p.v:34612$12436.
    dead port 1/2 on $mux $ternary$/workspace/incremental-synthesis/benchmarks/cv32e40p-eco-001-base/core/common/normalized_cv32e40p.v:34613$12437.
    dead port 1/2 on $mux $ternary$/workspace/incremental-synthesis/benchmarks/cv32e40p-eco-001-base/core/common/normalized_cv32e40p.v:34615$12439.
    dead port 1/2 on $mux $ternary$/workspace/incremental-synthesis/benchmarks/cv32e40p-eco-001-base/core/common/normalized_cv32e40p.v:34616$12440.
    dead port 1/2 on $mux $ternary$/workspace/incremental-synthesis/benchmarks/cv32e40p-eco-001-base/core/common/normalized_cv32e40p.v:34618$12442.
    dead port 1/2 on $mux $ternary$/workspace/incremental-synthesis/benchmarks/cv32e40p-eco-001-base/core/common/normalized_cv32e40p.v:34619$12443.
    dead port 1/2 on $mux $ternary$/workspace/incremental-synthesis/benchmarks/cv32e40p-eco-001-base/core/common/normalized_cv32e40p.v:34621$12445.
    dead port 1/2 on $mux $ternary$/workspace/incremental-synthesis/benchmarks/cv32e40p-eco-001-base/core/common/normalized_cv32e40p.v:34622$12446.
    dead port 1/2 on $mux $ternary$/workspace/incremental-synthesis/benchmarks/cv32e40p-eco-001-base/core/common/normalized_cv32e40p.v:34624$12448.
    dead port 1/2 on $mux $ternary$/workspace/incremental-synthesis/benchmarks/cv32e40p-eco-001-base/core/common/normalized_cv32e40p.v:34625$12449.
    dead port 1/2 on $mux $ternary$/workspace/incremental-synthesis/benchmarks/cv32e40p-eco-001-base/core/common/normalized_cv32e40p.v:34627$12451.
    dead port 1/2 on $mux $ternary$/workspace/incremental-synthesis/benchmarks/cv32e40p-eco-001-base/core/common/normalized_cv32e40p.v:34628$12452.
    dead port 1/2 on $mux $ternary$/workspace/incremental-synthesis/benchmarks/cv32e40p-eco-001-base/core/common/normalized_cv32e40p.v:34630$12454.
    dead port 1/2 on $mux $ternary$/workspace/incremental-synthesis/benchmarks/cv32e40p-eco-001-base/core/common/normalized_cv32e40p.v:34631$12455.
    dead port 1/2 on $mux $ternary$/workspace/incremental-synthesis/benchmarks/cv32e40p-eco-001-base/core/common/normalized_cv32e40p.v:34633$12457.
    dead port 1/2 on $mux $ternary$/workspace/incremental-synthesis/benchmarks/cv32e40p-eco-001-base/core/common/normalized_cv32e40p.v:34634$12458.
    dead port 1/2 on $mux $ternary$/workspace/incremental-synthesis/benchmarks/cv32e40p-eco-001-base/core/common/normalized_cv32e40p.v:34636$12460.
    dead port 1/2 on $mux $ternary$/workspace/incremental-synthesis/benchmarks/cv32e40p-eco-001-base/core/common/normalized_cv32e40p.v:34637$12461.
    dead port 1/2 on $mux $ternary$/workspace/incremental-synthesis/benchmarks/cv32e40p-eco-001-base/core/common/normalized_cv32e40p.v:34639$12463.
    dead port 1/2 on $mux $ternary$/workspace/incremental-synthesis/benchmarks/cv32e40p-eco-001-base/core/common/normalized_cv32e40p.v:34640$12464.
    dead port 1/2 on $mux $ternary$/workspace/incremental-synthesis/benchmarks/cv32e40p-eco-001-base/core/common/normalized_cv32e40p.v:34642$12466.
    dead port 1/2 on $mux $ternary$/workspace/incremental-synthesis/benchmarks/cv32e40p-eco-001-base/core/common/normalized_cv32e40p.v:34643$12467.
    dead port 1/2 on $mux $ternary$/workspace/incremental-synthesis/benchmarks/cv32e40p-eco-001-base/core/common/normalized_cv32e40p.v:34645$12469.
    dead port 1/2 on $mux $ternary$/workspace/incremental-synthesis/benchmarks/cv32e40p-eco-001-base/core/common/normalized_cv32e40p.v:34646$12470.
    dead port 1/2 on $mux $ternary$/workspace/incremental-synthesis/benchmarks/cv32e40p-eco-001-base/core/common/normalized_cv32e40p.v:34648$12472.
    dead port 1/2 on $mux $ternary$/workspace/incremental-synthesis/benchmarks/cv32e40p-eco-001-base/core/common/normalized_cv32e40p.v:34649$12473.
    dead port 1/2 on $mux $ternary$/workspace/incremental-synthesis/benchmarks/cv32e40p-eco-001-base/core/common/normalized_cv32e40p.v:34651$12475.
    dead port 1/2 on $mux $ternary$/workspace/incremental-synthesis/benchmarks/cv32e40p-eco-001-base/core/common/normalized_cv32e40p.v:34652$12476.
    dead port 1/2 on $mux $ternary$/workspace/incremental-synthesis/benchmarks/cv32e40p-eco-001-base/core/common/normalized_cv32e40p.v:34654$12478.
    dead port 1/2 on $mux $ternary$/workspace/incremental-synthesis/benchmarks/cv32e40p-eco-001-base/core/common/normalized_cv32e40p.v:34655$12479.
    dead port 1/2 on $mux $ternary$/workspace/incremental-synthesis/benchmarks/cv32e40p-eco-001-base/core/common/normalized_cv32e40p.v:34657$12481.
    dead port 1/2 on $mux $ternary$/workspace/incremental-synthesis/benchmarks/cv32e40p-eco-001-base/core/common/normalized_cv32e40p.v:34658$12482.
    dead port 1/2 on $mux $ternary$/workspace/incremental-synthesis/benchmarks/cv32e40p-eco-001-base/core/common/normalized_cv32e40p.v:34660$12484.
    dead port 1/2 on $mux $ternary$/workspace/incremental-synthesis/benchmarks/cv32e40p-eco-001-base/core/common/normalized_cv32e40p.v:34661$12485.
    dead port 1/2 on $mux $ternary$/workspace/incremental-synthesis/benchmarks/cv32e40p-eco-001-base/core/common/normalized_cv32e40p.v:34663$12487.
    dead port 1/2 on $mux $ternary$/workspace/incremental-synthesis/benchmarks/cv32e40p-eco-001-base/core/common/normalized_cv32e40p.v:34664$12488.
    dead port 1/2 on $mux $ternary$/workspace/incremental-synthesis/benchmarks/cv32e40p-eco-001-base/core/common/normalized_cv32e40p.v:34666$12490.
    dead port 1/2 on $mux $ternary$/workspace/incremental-synthesis/benchmarks/cv32e40p-eco-001-base/core/common/normalized_cv32e40p.v:34667$12491.
    dead port 1/2 on $mux $ternary$/workspace/incremental-synthesis/benchmarks/cv32e40p-eco-001-base/core/common/normalized_cv32e40p.v:34669$12493.
    dead port 1/2 on $mux $ternary$/workspace/incremental-synthesis/benchmarks/cv32e40p-eco-001-base/core/common/normalized_cv32e40p.v:34670$12494.
    dead port 1/2 on $mux $ternary$/workspace/incremental-synthesis/benchmarks/cv32e40p-eco-001-base/core/common/normalized_cv32e40p.v:34672$12496.
    dead port 1/2 on $mux $ternary$/workspace/incremental-synthesis/benchmarks/cv32e40p-eco-001-base/core/common/normalized_cv32e40p.v:34673$12497.
    dead port 1/2 on $mux $ternary$/workspace/incremental-synthesis/benchmarks/cv32e40p-eco-001-base/core/common/normalized_cv32e40p.v:34675$12499.
    dead port 1/2 on $mux $ternary$/workspace/incremental-synthesis/benchmarks/cv32e40p-eco-001-base/core/common/normalized_cv32e40p.v:34676$12500.
    dead port 1/2 on $mux $ternary$/workspace/incremental-synthesis/benchmarks/cv32e40p-eco-001-base/core/common/normalized_cv32e40p.v:34678$12502.
    dead port 1/2 on $mux $ternary$/workspace/incremental-synthesis/benchmarks/cv32e40p-eco-001-base/core/common/normalized_cv32e40p.v:34679$12503.
    dead port 1/2 on $mux $ternary$/workspace/incremental-synthesis/benchmarks/cv32e40p-eco-001-base/core/common/normalized_cv32e40p.v:34681$12505.
    dead port 1/2 on $mux $ternary$/workspace/incremental-synthesis/benchmarks/cv32e40p-eco-001-base/core/common/normalized_cv32e40p.v:34682$12506.
    dead port 1/2 on $mux $ternary$/workspace/incremental-synthesis/benchmarks/cv32e40p-eco-001-base/core/common/normalized_cv32e40p.v:34684$12508.
    dead port 1/2 on $mux $ternary$/workspace/incremental-synthesis/benchmarks/cv32e40p-eco-001-base/core/common/normalized_cv32e40p.v:34685$12509.
    dead port 1/2 on $mux $ternary$/workspace/incremental-synthesis/benchmarks/cv32e40p-eco-001-base/core/common/normalized_cv32e40p.v:34687$12511.
    dead port 1/2 on $mux $ternary$/workspace/incremental-synthesis/benchmarks/cv32e40p-eco-001-base/core/common/normalized_cv32e40p.v:34688$12512.
    dead port 1/2 on $mux $ternary$/workspace/incremental-synthesis/benchmarks/cv32e40p-eco-001-base/core/common/normalized_cv32e40p.v:34690$12514.
    dead port 1/2 on $mux $ternary$/workspace/incremental-synthesis/benchmarks/cv32e40p-eco-001-base/core/common/normalized_cv32e40p.v:34691$12515.
    dead port 1/2 on $mux $ternary$/workspace/incremental-synthesis/benchmarks/cv32e40p-eco-001-base/core/common/normalized_cv32e40p.v:34693$12517.
    dead port 1/2 on $mux $ternary$/workspace/incremental-synthesis/benchmarks/cv32e40p-eco-001-base/core/common/normalized_cv32e40p.v:34694$12518.
    dead port 1/2 on $mux $ternary$/workspace/incremental-synthesis/benchmarks/cv32e40p-eco-001-base/core/common/normalized_cv32e40p.v:34696$12520.
    dead port 1/2 on $mux $ternary$/workspace/incremental-synthesis/benchmarks/cv32e40p-eco-001-base/core/common/normalized_cv32e40p.v:34697$12521.
    dead port 1/2 on $mux $ternary$/workspace/incremental-synthesis/benchmarks/cv32e40p-eco-001-base/core/common/normalized_cv32e40p.v:34699$12523.
    dead port 1/2 on $mux $ternary$/workspace/incremental-synthesis/benchmarks/cv32e40p-eco-001-base/core/common/normalized_cv32e40p.v:34700$12524.
    dead port 1/2 on $mux $ternary$/workspace/incremental-synthesis/benchmarks/cv32e40p-eco-001-base/core/common/normalized_cv32e40p.v:34702$12526.
    dead port 1/2 on $mux $ternary$/workspace/incremental-synthesis/benchmarks/cv32e40p-eco-001-base/core/common/normalized_cv32e40p.v:34703$12527.
    dead port 1/2 on $mux $ternary$/workspace/incremental-synthesis/benchmarks/cv32e40p-eco-001-base/core/common/normalized_cv32e40p.v:34705$12529.
    dead port 1/2 on $mux $ternary$/workspace/incremental-synthesis/benchmarks/cv32e40p-eco-001-base/core/common/normalized_cv32e40p.v:34706$12530.
    dead port 1/2 on $mux $ternary$/workspace/incremental-synthesis/benchmarks/cv32e40p-eco-001-base/core/common/normalized_cv32e40p.v:34708$12532.
    dead port 1/2 on $mux $ternary$/workspace/incremental-synthesis/benchmarks/cv32e40p-eco-001-base/core/common/normalized_cv32e40p.v:34709$12533.
    dead port 1/2 on $mux $ternary$/workspace/incremental-synthesis/benchmarks/cv32e40p-eco-001-base/core/common/normalized_cv32e40p.v:34711$12535.
    dead port 1/2 on $mux $ternary$/workspace/incremental-synthesis/benchmarks/cv32e40p-eco-001-base/core/common/normalized_cv32e40p.v:34712$12536.
    dead port 1/2 on $mux $ternary$/workspace/incremental-synthesis/benchmarks/cv32e40p-eco-001-base/core/common/normalized_cv32e40p.v:34714$12538.
    dead port 1/2 on $mux $ternary$/workspace/incremental-synthesis/benchmarks/cv32e40p-eco-001-base/core/common/normalized_cv32e40p.v:34715$12539.
    dead port 1/2 on $mux $ternary$/workspace/incremental-synthesis/benchmarks/cv32e40p-eco-001-base/core/common/normalized_cv32e40p.v:34717$12541.
    dead port 1/2 on $mux $ternary$/workspace/incremental-synthesis/benchmarks/cv32e40p-eco-001-base/core/common/normalized_cv32e40p.v:34719$12543.
    dead port 1/2 on $mux $ternary$/workspace/incremental-synthesis/benchmarks/cv32e40p-eco-001-base/core/common/normalized_cv32e40p.v:34721$12545.
    dead port 1/2 on $mux $ternary$/workspace/incremental-synthesis/benchmarks/cv32e40p-eco-001-base/core/common/normalized_cv32e40p.v:34723$12547.
    dead port 1/2 on $mux $ternary$/workspace/incremental-synthesis/benchmarks/cv32e40p-eco-001-base/core/common/normalized_cv32e40p.v:34725$12549.
    dead port 1/2 on $mux $ternary$/workspace/incremental-synthesis/benchmarks/cv32e40p-eco-001-base/core/common/normalized_cv32e40p.v:34727$12551.
    dead port 1/2 on $mux $ternary$/workspace/incremental-synthesis/benchmarks/cv32e40p-eco-001-base/core/common/normalized_cv32e40p.v:34729$12553.
    dead port 1/2 on $mux $ternary$/workspace/incremental-synthesis/benchmarks/cv32e40p-eco-001-base/core/common/normalized_cv32e40p.v:34731$12555.
    dead port 1/2 on $mux $ternary$/workspace/incremental-synthesis/benchmarks/cv32e40p-eco-001-base/core/common/normalized_cv32e40p.v:34733$12557.
    dead port 1/2 on $mux $ternary$/workspace/incremental-synthesis/benchmarks/cv32e40p-eco-001-base/core/common/normalized_cv32e40p.v:34735$12559.
    dead port 1/2 on $mux $ternary$/workspace/incremental-synthesis/benchmarks/cv32e40p-eco-001-base/core/common/normalized_cv32e40p.v:34737$12561.
    dead port 1/2 on $mux $ternary$/workspace/incremental-synthesis/benchmarks/cv32e40p-eco-001-base/core/common/normalized_cv32e40p.v:34739$12563.
    dead port 1/2 on $mux $ternary$/workspace/incremental-synthesis/benchmarks/cv32e40p-eco-001-base/core/common/normalized_cv32e40p.v:34741$12565.
    dead port 1/2 on $mux $ternary$/workspace/incremental-synthesis/benchmarks/cv32e40p-eco-001-base/core/common/normalized_cv32e40p.v:34743$12567.
    dead port 1/2 on $mux $ternary$/workspace/incremental-synthesis/benchmarks/cv32e40p-eco-001-base/core/common/normalized_cv32e40p.v:34745$12569.
    dead port 1/2 on $mux $ternary$/workspace/incremental-synthesis/benchmarks/cv32e40p-eco-001-base/core/common/normalized_cv32e40p.v:34747$12571.
    dead port 1/2 on $mux $ternary$/workspace/incremental-synthesis/benchmarks/cv32e40p-eco-001-base/core/common/normalized_cv32e40p.v:34749$12573.
    dead port 1/2 on $mux $ternary$/workspace/incremental-synthesis/benchmarks/cv32e40p-eco-001-base/core/common/normalized_cv32e40p.v:34751$12575.
    dead port 1/2 on $mux $ternary$/workspace/incremental-synthesis/benchmarks/cv32e40p-eco-001-base/core/common/normalized_cv32e40p.v:34753$12577.
    dead port 1/2 on $mux $ternary$/workspace/incremental-synthesis/benchmarks/cv32e40p-eco-001-base/core/common/normalized_cv32e40p.v:34755$12579.
    dead port 1/2 on $mux $ternary$/workspace/incremental-synthesis/benchmarks/cv32e40p-eco-001-base/core/common/normalized_cv32e40p.v:34757$12581.
    dead port 1/2 on $mux $ternary$/workspace/incremental-synthesis/benchmarks/cv32e40p-eco-001-base/core/common/normalized_cv32e40p.v:34759$12583.
    dead port 1/2 on $mux $ternary$/workspace/incremental-synthesis/benchmarks/cv32e40p-eco-001-base/core/common/normalized_cv32e40p.v:34761$12585.
    dead port 1/2 on $mux $ternary$/workspace/incremental-synthesis/benchmarks/cv32e40p-eco-001-base/core/common/normalized_cv32e40p.v:34763$12587.
    dead port 1/2 on $mux $ternary$/workspace/incremental-synthesis/benchmarks/cv32e40p-eco-001-base/core/common/normalized_cv32e40p.v:34765$12589.
    dead port 1/2 on $mux $ternary$/workspace/incremental-synthesis/benchmarks/cv32e40p-eco-001-base/core/common/normalized_cv32e40p.v:34767$12591.
    dead port 1/2 on $mux $ternary$/workspace/incremental-synthesis/benchmarks/cv32e40p-eco-001-base/core/common/normalized_cv32e40p.v:34769$12593.
    dead port 1/2 on $mux $ternary$/workspace/incremental-synthesis/benchmarks/cv32e40p-eco-001-base/core/common/normalized_cv32e40p.v:34771$12595.
    dead port 1/2 on $mux $ternary$/workspace/incremental-synthesis/benchmarks/cv32e40p-eco-001-base/core/common/normalized_cv32e40p.v:34773$12597.
    dead port 1/2 on $mux $ternary$/workspace/incremental-synthesis/benchmarks/cv32e40p-eco-001-base/core/common/normalized_cv32e40p.v:34775$12599.
    dead port 1/2 on $mux $ternary$/workspace/incremental-synthesis/benchmarks/cv32e40p-eco-001-base/core/common/normalized_cv32e40p.v:34777$12601.
    dead port 1/2 on $mux $ternary$/workspace/incremental-synthesis/benchmarks/cv32e40p-eco-001-base/core/common/normalized_cv32e40p.v:34779$12603.
    dead port 1/2 on $mux $ternary$/workspace/incremental-synthesis/benchmarks/cv32e40p-eco-001-base/core/common/normalized_cv32e40p.v:34781$12605.
    dead port 1/2 on $mux $ternary$/workspace/incremental-synthesis/benchmarks/cv32e40p-eco-001-base/core/common/normalized_cv32e40p.v:34783$12607.
    dead port 1/2 on $mux $ternary$/workspace/incremental-synthesis/benchmarks/cv32e40p-eco-001-base/core/common/normalized_cv32e40p.v:34785$12609.
    dead port 1/2 on $mux $ternary$/workspace/incremental-synthesis/benchmarks/cv32e40p-eco-001-base/core/common/normalized_cv32e40p.v:34787$12611.
    dead port 1/2 on $mux $ternary$/workspace/incremental-synthesis/benchmarks/cv32e40p-eco-001-base/core/common/normalized_cv32e40p.v:34789$12613.
    dead port 1/2 on $mux $ternary$/workspace/incremental-synthesis/benchmarks/cv32e40p-eco-001-base/core/common/normalized_cv32e40p.v:34791$12615.
    dead port 1/2 on $mux $ternary$/workspace/incremental-synthesis/benchmarks/cv32e40p-eco-001-base/core/common/normalized_cv32e40p.v:34793$12617.
    dead port 1/2 on $mux $ternary$/workspace/incremental-synthesis/benchmarks/cv32e40p-eco-001-base/core/common/normalized_cv32e40p.v:34795$12619.
    dead port 1/2 on $mux $ternary$/workspace/incremental-synthesis/benchmarks/cv32e40p-eco-001-base/core/common/normalized_cv32e40p.v:34797$12621.
    dead port 1/2 on $mux $ternary$/workspace/incremental-synthesis/benchmarks/cv32e40p-eco-001-base/core/common/normalized_cv32e40p.v:34799$12623.
    dead port 1/2 on $mux $ternary$/workspace/incremental-synthesis/benchmarks/cv32e40p-eco-001-base/core/common/normalized_cv32e40p.v:34801$12625.
    dead port 1/2 on $mux $ternary$/workspace/incremental-synthesis/benchmarks/cv32e40p-eco-001-base/core/common/normalized_cv32e40p.v:34803$12627.
    dead port 1/2 on $mux $ternary$/workspace/incremental-synthesis/benchmarks/cv32e40p-eco-001-base/core/common/normalized_cv32e40p.v:34805$12629.
    dead port 1/2 on $mux $ternary$/workspace/incremental-synthesis/benchmarks/cv32e40p-eco-001-base/core/common/normalized_cv32e40p.v:34807$12631.
    dead port 1/2 on $mux $ternary$/workspace/incremental-synthesis/benchmarks/cv32e40p-eco-001-base/core/common/normalized_cv32e40p.v:34809$12633.
    dead port 1/2 on $mux $ternary$/workspace/incremental-synthesis/benchmarks/cv32e40p-eco-001-base/core/common/normalized_cv32e40p.v:34811$12635.
    dead port 1/2 on $mux $ternary$/workspace/incremental-synthesis/benchmarks/cv32e40p-eco-001-base/core/common/normalized_cv32e40p.v:34813$12637.
    dead port 1/2 on $mux $ternary$/workspace/incremental-synthesis/benchmarks/cv32e40p-eco-001-base/core/common/normalized_cv32e40p.v:34815$12639.
    dead port 2/2 on $mux $ternary$/workspace/incremental-synthesis/benchmarks/cv32e40p-eco-001-base/core/common/normalized_cv32e40p.v:34822$12646.
    dead port 2/2 on $mux $ternary$/workspace/incremental-synthesis/benchmarks/cv32e40p-eco-001-base/core/common/normalized_cv32e40p.v:34823$12647.
    dead port 2/2 on $mux $ternary$/workspace/incremental-synthesis/benchmarks/cv32e40p-eco-001-base/core/common/normalized_cv32e40p.v:34825$12649.
    dead port 2/2 on $mux $ternary$/workspace/incremental-synthesis/benchmarks/cv32e40p-eco-001-base/core/common/normalized_cv32e40p.v:34827$12651.
    dead port 2/2 on $mux $ternary$/workspace/incremental-synthesis/benchmarks/cv32e40p-eco-001-base/core/common/normalized_cv32e40p.v:34829$12653.
    dead port 2/2 on $mux $ternary$/workspace/incremental-synthesis/benchmarks/cv32e40p-eco-001-base/core/common/normalized_cv32e40p.v:34831$12655.
    dead port 2/2 on $mux $ternary$/workspace/incremental-synthesis/benchmarks/cv32e40p-eco-001-base/core/common/normalized_cv32e40p.v:34833$12657.
Removed 318 multiplexer ports.
<suppressed ~1155 debug messages>

4.6.4. Executing OPT_REDUCE pass (consolidate $*mux and $reduce_* inputs).
  Optimizing cells in module \cv32e40p_id_stage$cv32e40p_core.id_stage_i.
Performed a total of 0 changes.

4.6.5. Executing OPT_MERGE pass (detect identical cells).
Finding identical cells in module `\cv32e40p_id_stage$cv32e40p_core.id_stage_i'.
Computing hashes of 468 cells of `\cv32e40p_id_stage$cv32e40p_core.id_stage_i'.
Finding duplicate cells in `\cv32e40p_id_stage$cv32e40p_core.id_stage_i'.
Removed a total of 0 cells.

4.6.6. Executing OPT_DFF pass (perform DFF optimizations).

4.6.7. Executing OPT_CLEAN pass (remove unused cells and wires).
Finding unused cells or wires in module \cv32e40p_id_stage$cv32e40p_core.id_stage_i..
Removed 0 unused cells and 330 unused wires.
<suppressed ~1 debug messages>

4.6.8. Executing OPT_EXPR pass (perform const folding).
Optimizing module cv32e40p_id_stage$cv32e40p_core.id_stage_i.

4.6.9. Rerunning OPT passes. (Maybe there is more to do..)

4.6.10. Executing OPT_MUXTREE pass (detect dead branches in mux trees).
Running muxtree optimizer on module \cv32e40p_id_stage$cv32e40p_core.id_stage_i..
  Creating internal representation of mux trees.
  Evaluating internal representation of mux trees.
  Analyzing evaluation results.
Removed 0 multiplexer ports.
<suppressed ~837 debug messages>

4.6.11. Executing OPT_REDUCE pass (consolidate $*mux and $reduce_* inputs).
  Optimizing cells in module \cv32e40p_id_stage$cv32e40p_core.id_stage_i.
Performed a total of 0 changes.

4.6.12. Executing OPT_MERGE pass (detect identical cells).
Finding identical cells in module `\cv32e40p_id_stage$cv32e40p_core.id_stage_i'.
Computing hashes of 468 cells of `\cv32e40p_id_stage$cv32e40p_core.id_stage_i'.
Finding duplicate cells in `\cv32e40p_id_stage$cv32e40p_core.id_stage_i'.
Removed a total of 0 cells.

4.6.13. Executing OPT_DFF pass (perform DFF optimizations).

4.6.14. Executing OPT_CLEAN pass (remove unused cells and wires).
Finding unused cells or wires in module \cv32e40p_id_stage$cv32e40p_core.id_stage_i..

4.6.15. Executing OPT_EXPR pass (perform const folding).
Optimizing module cv32e40p_id_stage$cv32e40p_core.id_stage_i.

4.6.16. Finished fast OPT passes. (There is nothing left to do.)

4.7. Executing FSM pass (extract and optimize FSM).

4.7.1. Executing FSM_DETECT pass (finding FSMs in design).
Not marking cv32e40p_id_stage$cv32e40p_core.id_stage_i.apu_waddr_ex_o as FSM state register:
    Register is connected to module port.
    Users of register don't seem to benefit from recoding.
Not marking cv32e40p_id_stage$cv32e40p_core.id_stage_i.apu_flags_ex_o as FSM state register:
    Register is connected to module port.
    Users of register don't seem to benefit from recoding.

4.7.2. Executing FSM_EXTRACT pass (extracting FSM from design).

4.7.3. Executing FSM_OPT pass (simple optimizations of FSMs).

4.7.4. Executing OPT_CLEAN pass (remove unused cells and wires).
Finding unused cells or wires in module \cv32e40p_id_stage$cv32e40p_core.id_stage_i..

4.7.5. Executing FSM_OPT pass (simple optimizations of FSMs).

4.7.6. Executing FSM_RECODE pass (re-assigning FSM state encoding).

4.7.7. Executing FSM_INFO pass (dumping all available information on FSM cells).

4.7.8. Executing FSM_MAP pass (mapping FSMs to basic logic).

4.8. Executing OPT pass (performing simple optimizations).

4.8.1. Executing OPT_EXPR pass (perform const folding).
Optimizing module cv32e40p_id_stage$cv32e40p_core.id_stage_i.

4.8.2. Executing OPT_MERGE pass (detect identical cells).
Finding identical cells in module `\cv32e40p_id_stage$cv32e40p_core.id_stage_i'.
Computing hashes of 468 cells of `\cv32e40p_id_stage$cv32e40p_core.id_stage_i'.
Finding duplicate cells in `\cv32e40p_id_stage$cv32e40p_core.id_stage_i'.
Removed a total of 0 cells.

4.8.3. Executing OPT_MUXTREE pass (detect dead branches in mux trees).
Running muxtree optimizer on module \cv32e40p_id_stage$cv32e40p_core.id_stage_i..
  Creating internal representation of mux trees.
  Evaluating internal representation of mux trees.
  Analyzing evaluation results.
Removed 0 multiplexer ports.
<suppressed ~837 debug messages>

4.8.4. Executing OPT_REDUCE pass (consolidate $*mux and $reduce_* inputs).
  Optimizing cells in module \cv32e40p_id_stage$cv32e40p_core.id_stage_i.
Performed a total of 0 changes.

4.8.5. Executing OPT_MERGE pass (detect identical cells).
Finding identical cells in module `\cv32e40p_id_stage$cv32e40p_core.id_stage_i'.
Computing hashes of 468 cells of `\cv32e40p_id_stage$cv32e40p_core.id_stage_i'.
Finding duplicate cells in `\cv32e40p_id_stage$cv32e40p_core.id_stage_i'.
Removed a total of 0 cells.

4.8.6. Executing OPT_DFF pass (perform DFF optimizations).
Adding EN signal on $procdff$15179 ($adff) from module cv32e40p_id_stage$cv32e40p_core.id_stage_i (D = \instr_rdata_i [14:13], Q = \alu_clpx_shift_ex_o).
Adding EN signal on $procdff$15174 ($adff) from module cv32e40p_id_stage$cv32e40p_core.id_stage_i (D = \_0129_, Q = \alu_en_ex_o).
Adding EN signal on $procdff$15169 ($adff) from module cv32e40p_id_stage$cv32e40p_core.id_stage_i (D = \is_clpx, Q = \alu_is_clpx_ex_o).
Adding EN signal on $procdff$15164 ($adff) from module cv32e40p_id_stage$cv32e40p_core.id_stage_i (D = \is_subrot, Q = \alu_is_subrot_ex_o).
Adding EN signal on $procdff$15159 ($adff) from module cv32e40p_id_stage$cv32e40p_core.id_stage_i (D = \_0146_, Q = \alu_operand_a_ex_o).
Adding EN signal on $procdff$15154 ($adff) from module cv32e40p_id_stage$cv32e40p_core.id_stage_i (D = \_0152_, Q = \alu_operand_b_ex_o).
Adding EN signal on $procdff$15149 ($adff) from module cv32e40p_id_stage$cv32e40p_core.id_stage_i (D = \alu_operand_c, Q = \alu_operand_c_ex_o).
Adding EN signal on $procdff$15144 ($adff) from module cv32e40p_id_stage$cv32e40p_core.id_stage_i (D = \_0159_, Q = \alu_operator_ex_o).
Adding EN signal on $procdff$15139 ($adff) from module cv32e40p_id_stage$cv32e40p_core.id_stage_i (D = \alu_vec_mode, Q = \alu_vec_mode_ex_o).
Adding EN signal on $procdff$15134 ($adff) from module cv32e40p_id_stage$cv32e40p_core.id_stage_i (D = \_0167_, Q = \apu_en_ex_o).
Adding EN signal on $procdff$15129 ($adff) from module cv32e40p_id_stage$cv32e40p_core.id_stage_i (D = 15'000000000000000, Q = \apu_flags_ex_o).
Adding EN signal on $procdff$15124 ($adff) from module cv32e40p_id_stage$cv32e40p_core.id_stage_i (D = \apu_lat, Q = \apu_lat_ex_o).
Adding EN signal on $procdff$15119 ($adff) from module cv32e40p_id_stage$cv32e40p_core.id_stage_i (D = \apu_op, Q = \apu_op_ex_o).
Adding EN signal on $procdff$15114 ($adff) from module cv32e40p_id_stage$cv32e40p_core.id_stage_i (D = 0, Q = \apu_operands_ex_o [31:0]).
Adding EN signal on $procdff$15109 ($adff) from module cv32e40p_id_stage$cv32e40p_core.id_stage_i (D = 0, Q = \apu_operands_ex_o [63:32]).
Adding EN signal on $procdff$15104 ($adff) from module cv32e40p_id_stage$cv32e40p_core.id_stage_i (D = 0, Q = \apu_operands_ex_o [95:64]).
Adding EN signal on $procdff$15099 ($adff) from module cv32e40p_id_stage$cv32e40p_core.id_stage_i (D = 6'000000, Q = \apu_waddr_ex_o).
Adding EN signal on $procdff$15094 ($adff) from module cv32e40p_id_stage$cv32e40p_core.id_stage_i (D = \atop_id, Q = \atop_ex_o).
Adding EN signal on $procdff$15089 ($adff) from module cv32e40p_id_stage$cv32e40p_core.id_stage_i (D = \bmask_a_id, Q = \bmask_a_ex_o).
Adding EN signal on $procdff$15084 ($adff) from module cv32e40p_id_stage$cv32e40p_core.id_stage_i (D = \bmask_b_id, Q = \bmask_b_ex_o).
Adding EN signal on $procdff$15079 ($adff) from module cv32e40p_id_stage$cv32e40p_core.id_stage_i (D = \_0280_, Q = \branch_in_ex_o).
Adding EN signal on $procdff$15074 ($adff) from module cv32e40p_id_stage$cv32e40p_core.id_stage_i (D = \csr_access, Q = \csr_access_ex_o).
Adding EN signal on $procdff$15069 ($adff) from module cv32e40p_id_stage$cv32e40p_core.id_stage_i (D = \_0287_, Q = \csr_op_ex_o).
Adding EN signal on $procdff$15064 ($adff) from module cv32e40p_id_stage$cv32e40p_core.id_stage_i (D = \_0292_, Q = \data_load_event_ex_o).
Adding EN signal on $procdff$15059 ($adff) from module cv32e40p_id_stage$cv32e40p_core.id_stage_i (D = \_0299_, Q = \data_misaligned_ex_o).
Adding EN signal on $procdff$15054 ($adff) from module cv32e40p_id_stage$cv32e40p_core.id_stage_i (D = \data_reg_offset_id, Q = \data_reg_offset_ex_o).
Adding EN signal on $procdff$15049 ($adff) from module cv32e40p_id_stage$cv32e40p_core.id_stage_i (D = \_0305_, Q = \data_req_ex_o).
Adding EN signal on $procdff$15044 ($adff) from module cv32e40p_id_stage$cv32e40p_core.id_stage_i (D = \data_sign_ext_id, Q = \data_sign_ext_ex_o).
Adding EN signal on $procdff$15039 ($adff) from module cv32e40p_id_stage$cv32e40p_core.id_stage_i (D = \data_type_id, Q = \data_type_ex_o).
Adding EN signal on $procdff$15034 ($adff) from module cv32e40p_id_stage$cv32e40p_core.id_stage_i (D = \data_we_id, Q = \data_we_ex_o).
Adding EN signal on $procdff$15024 ($adff) from module cv32e40p_id_stage$cv32e40p_core.id_stage_i (D = \imm_vec_ext_id, Q = \imm_vec_ext_ex_o).
Adding EN signal on $procdff$14964 ($adff) from module cv32e40p_id_stage$cv32e40p_core.id_stage_i (D = \instr_rdata_i [25], Q = \mult_clpx_img_ex_o).
Adding EN signal on $procdff$14959 ($adff) from module cv32e40p_id_stage$cv32e40p_core.id_stage_i (D = \instr_rdata_i [14:13], Q = \mult_clpx_shift_ex_o).
Adding EN signal on $procdff$14954 ($adff) from module cv32e40p_id_stage$cv32e40p_core.id_stage_i (D = \alu_operand_a, Q = \mult_dot_op_a_ex_o).
Adding EN signal on $procdff$14949 ($adff) from module cv32e40p_id_stage$cv32e40p_core.id_stage_i (D = \alu_operand_b, Q = \mult_dot_op_b_ex_o).
Adding EN signal on $procdff$14944 ($adff) from module cv32e40p_id_stage$cv32e40p_core.id_stage_i (D = \alu_operand_c, Q = \mult_dot_op_c_ex_o).
Adding EN signal on $procdff$14939 ($adff) from module cv32e40p_id_stage$cv32e40p_core.id_stage_i (D = \mult_dot_signed, Q = \mult_dot_signed_ex_o).
Adding EN signal on $procdff$14934 ($adff) from module cv32e40p_id_stage$cv32e40p_core.id_stage_i (D = \_0356_, Q = \mult_en_ex_o).
Adding EN signal on $procdff$14929 ($adff) from module cv32e40p_id_stage$cv32e40p_core.id_stage_i (D = \mult_imm_id, Q = \mult_imm_ex_o).
Adding EN signal on $procdff$14924 ($adff) from module cv32e40p_id_stage$cv32e40p_core.id_stage_i (D = \is_clpx, Q = \mult_is_clpx_ex_o).
Adding EN signal on $procdff$14919 ($adff) from module cv32e40p_id_stage$cv32e40p_core.id_stage_i (D = \alu_operand_a, Q = \mult_operand_a_ex_o).
Adding EN signal on $procdff$14914 ($adff) from module cv32e40p_id_stage$cv32e40p_core.id_stage_i (D = \alu_operand_b, Q = \mult_operand_b_ex_o).
Adding EN signal on $procdff$14909 ($adff) from module cv32e40p_id_stage$cv32e40p_core.id_stage_i (D = \_0378_, Q = \mult_operand_c_ex_o).
Adding EN signal on $procdff$14904 ($adff) from module cv32e40p_id_stage$cv32e40p_core.id_stage_i (D = \_0381_, Q = \mult_operator_ex_o).
Adding EN signal on $procdff$14899 ($adff) from module cv32e40p_id_stage$cv32e40p_core.id_stage_i (D = \mult_sel_subword, Q = \mult_sel_subword_ex_o).
Adding EN signal on $procdff$14894 ($adff) from module cv32e40p_id_stage$cv32e40p_core.id_stage_i (D = \mult_signed_mode, Q = \mult_signed_mode_ex_o).
Adding EN signal on $procdff$14889 ($adff) from module cv32e40p_id_stage$cv32e40p_core.id_stage_i (D = \pc_id_i, Q = \pc_ex_o).
Adding EN signal on $procdff$14884 ($adff) from module cv32e40p_id_stage$cv32e40p_core.id_stage_i (D = \_0407_, Q = \prepost_useincr_ex_o).
Adding EN signal on $procdff$14879 ($adff) from module cv32e40p_id_stage$cv32e40p_core.id_stage_i (D = \regfile_alu_waddr_id, Q = \regfile_alu_waddr_ex_o).
Adding EN signal on $procdff$14874 ($adff) from module cv32e40p_id_stage$cv32e40p_core.id_stage_i (D = \_1340_, Q = \regfile_alu_we_ex_o).
Adding EN signal on $procdff$14869 ($adff) from module cv32e40p_id_stage$cv32e40p_core.id_stage_i (D = { \regfile_fp_d \instr_rdata_i [11:7] }, Q = \regfile_waddr_ex_o).
Adding EN signal on $procdff$14864 ($adff) from module cv32e40p_id_stage$cv32e40p_core.id_stage_i (D = \_0560_, Q = \regfile_we_ex_o).
Setting constant 0-bit at position 0 on $auto$ff.cc:337:slice$14670 ($adffe) from module cv32e40p_id_stage$cv32e40p_core.id_stage_i.
Setting constant 0-bit at position 1 on $auto$ff.cc:337:slice$14670 ($adffe) from module cv32e40p_id_stage$cv32e40p_core.id_stage_i.
Setting constant 0-bit at position 2 on $auto$ff.cc:337:slice$14670 ($adffe) from module cv32e40p_id_stage$cv32e40p_core.id_stage_i.
Setting constant 0-bit at position 3 on $auto$ff.cc:337:slice$14670 ($adffe) from module cv32e40p_id_stage$cv32e40p_core.id_stage_i.
Setting constant 0-bit at position 4 on $auto$ff.cc:337:slice$14670 ($adffe) from module cv32e40p_id_stage$cv32e40p_core.id_stage_i.
Setting constant 0-bit at position 5 on $auto$ff.cc:337:slice$14670 ($adffe) from module cv32e40p_id_stage$cv32e40p_core.id_stage_i.
Setting constant 0-bit at position 0 on $auto$ff.cc:337:slice$14663 ($adffe) from module cv32e40p_id_stage$cv32e40p_core.id_stage_i.
Setting constant 0-bit at position 1 on $auto$ff.cc:337:slice$14663 ($adffe) from module cv32e40p_id_stage$cv32e40p_core.id_stage_i.
Setting constant 0-bit at position 2 on $auto$ff.cc:337:slice$14663 ($adffe) from module cv32e40p_id_stage$cv32e40p_core.id_stage_i.
Setting constant 0-bit at position 3 on $auto$ff.cc:337:slice$14663 ($adffe) from module cv32e40p_id_stage$cv32e40p_core.id_stage_i.
Setting constant 0-bit at position 4 on $auto$ff.cc:337:slice$14663 ($adffe) from module cv32e40p_id_stage$cv32e40p_core.id_stage_i.
Setting constant 0-bit at position 5 on $auto$ff.cc:337:slice$14663 ($adffe) from module cv32e40p_id_stage$cv32e40p_core.id_stage_i.
Setting constant 0-bit at position 6 on $auto$ff.cc:337:slice$14663 ($adffe) from module cv32e40p_id_stage$cv32e40p_core.id_stage_i.
Setting constant 0-bit at position 7 on $auto$ff.cc:337:slice$14663 ($adffe) from module cv32e40p_id_stage$cv32e40p_core.id_stage_i.
Setting constant 0-bit at position 8 on $auto$ff.cc:337:slice$14663 ($adffe) from module cv32e40p_id_stage$cv32e40p_core.id_stage_i.
Setting constant 0-bit at position 9 on $auto$ff.cc:337:slice$14663 ($adffe) from module cv32e40p_id_stage$cv32e40p_core.id_stage_i.
Setting constant 0-bit at position 10 on $auto$ff.cc:337:slice$14663 ($adffe) from module cv32e40p_id_stage$cv32e40p_core.id_stage_i.
Setting constant 0-bit at position 11 on $auto$ff.cc:337:slice$14663 ($adffe) from module cv32e40p_id_stage$cv32e40p_core.id_stage_i.
Setting constant 0-bit at position 12 on $auto$ff.cc:337:slice$14663 ($adffe) from module cv32e40p_id_stage$cv32e40p_core.id_stage_i.
Setting constant 0-bit at position 13 on $auto$ff.cc:337:slice$14663 ($adffe) from module cv32e40p_id_stage$cv32e40p_core.id_stage_i.
Setting constant 0-bit at position 14 on $auto$ff.cc:337:slice$14663 ($adffe) from module cv32e40p_id_stage$cv32e40p_core.id_stage_i.
Setting constant 0-bit at position 15 on $auto$ff.cc:337:slice$14663 ($adffe) from module cv32e40p_id_stage$cv32e40p_core.id_stage_i.
Setting constant 0-bit at position 16 on $auto$ff.cc:337:slice$14663 ($adffe) from module cv32e40p_id_stage$cv32e40p_core.id_stage_i.
Setting constant 0-bit at position 17 on $auto$ff.cc:337:slice$14663 ($adffe) from module cv32e40p_id_stage$cv32e40p_core.id_stage_i.
Setting constant 0-bit at position 18 on $auto$ff.cc:337:slice$14663 ($adffe) from module cv32e40p_id_stage$cv32e40p_core.id_stage_i.
Setting constant 0-bit at position 19 on $auto$ff.cc:337:slice$14663 ($adffe) from module cv32e40p_id_stage$cv32e40p_core.id_stage_i.
Setting constant 0-bit at position 20 on $auto$ff.cc:337:slice$14663 ($adffe) from module cv32e40p_id_stage$cv32e40p_core.id_stage_i.
Setting constant 0-bit at position 21 on $auto$ff.cc:337:slice$14663 ($adffe) from module cv32e40p_id_stage$cv32e40p_core.id_stage_i.
Setting constant 0-bit at position 22 on $auto$ff.cc:337:slice$14663 ($adffe) from module cv32e40p_id_stage$cv32e40p_core.id_stage_i.
Setting constant 0-bit at position 23 on $auto$ff.cc:337:slice$14663 ($adffe) from module cv32e40p_id_stage$cv32e40p_core.id_stage_i.
Setting constant 0-bit at position 24 on $auto$ff.cc:337:slice$14663 ($adffe) from module cv32e40p_id_stage$cv32e40p_core.id_stage_i.
Setting constant 0-bit at position 25 on $auto$ff.cc:337:slice$14663 ($adffe) from module cv32e40p_id_stage$cv32e40p_core.id_stage_i.
Setting constant 0-bit at position 26 on $auto$ff.cc:337:slice$14663 ($adffe) from module cv32e40p_id_stage$cv32e40p_core.id_stage_i.
Setting constant 0-bit at position 27 on $auto$ff.cc:337:slice$14663 ($adffe) from module cv32e40p_id_stage$cv32e40p_core.id_stage_i.
Setting constant 0-bit at position 28 on $auto$ff.cc:337:slice$14663 ($adffe) from module cv32e40p_id_stage$cv32e40p_core.id_stage_i.
Setting constant 0-bit at position 29 on $auto$ff.cc:337:slice$14663 ($adffe) from module cv32e40p_id_stage$cv32e40p_core.id_stage_i.
Setting constant 0-bit at position 30 on $auto$ff.cc:337:slice$14663 ($adffe) from module cv32e40p_id_stage$cv32e40p_core.id_stage_i.
Setting constant 0-bit at position 31 on $auto$ff.cc:337:slice$14663 ($adffe) from module cv32e40p_id_stage$cv32e40p_core.id_stage_i.
Setting constant 0-bit at position 0 on $auto$ff.cc:337:slice$14656 ($adffe) from module cv32e40p_id_stage$cv32e40p_core.id_stage_i.
Setting constant 0-bit at position 1 on $auto$ff.cc:337:slice$14656 ($adffe) from module cv32e40p_id_stage$cv32e40p_core.id_stage_i.
Setting constant 0-bit at position 2 on $auto$ff.cc:337:slice$14656 ($adffe) from module cv32e40p_id_stage$cv32e40p_core.id_stage_i.
Setting constant 0-bit at position 3 on $auto$ff.cc:337:slice$14656 ($adffe) from module cv32e40p_id_stage$cv32e40p_core.id_stage_i.
Setting constant 0-bit at position 4 on $auto$ff.cc:337:slice$14656 ($adffe) from module cv32e40p_id_stage$cv32e40p_core.id_stage_i.
Setting constant 0-bit at position 5 on $auto$ff.cc:337:slice$14656 ($adffe) from module cv32e40p_id_stage$cv32e40p_core.id_stage_i.
Setting constant 0-bit at position 6 on $auto$ff.cc:337:slice$14656 ($adffe) from module cv32e40p_id_stage$cv32e40p_core.id_stage_i.
Setting constant 0-bit at position 7 on $auto$ff.cc:337:slice$14656 ($adffe) from module cv32e40p_id_stage$cv32e40p_core.id_stage_i.
Setting constant 0-bit at position 8 on $auto$ff.cc:337:slice$14656 ($adffe) from module cv32e40p_id_stage$cv32e40p_core.id_stage_i.
Setting constant 0-bit at position 9 on $auto$ff.cc:337:slice$14656 ($adffe) from module cv32e40p_id_stage$cv32e40p_core.id_stage_i.
Setting constant 0-bit at position 10 on $auto$ff.cc:337:slice$14656 ($adffe) from module cv32e40p_id_stage$cv32e40p_core.id_stage_i.
Setting constant 0-bit at position 11 on $auto$ff.cc:337:slice$14656 ($adffe) from module cv32e40p_id_stage$cv32e40p_core.id_stage_i.
Setting constant 0-bit at position 12 on $auto$ff.cc:337:slice$14656 ($adffe) from module cv32e40p_id_stage$cv32e40p_core.id_stage_i.
Setting constant 0-bit at position 13 on $auto$ff.cc:337:slice$14656 ($adffe) from module cv32e40p_id_stage$cv32e40p_core.id_stage_i.
Setting constant 0-bit at position 14 on $auto$ff.cc:337:slice$14656 ($adffe) from module cv32e40p_id_stage$cv32e40p_core.id_stage_i.
Setting constant 0-bit at position 15 on $auto$ff.cc:337:slice$14656 ($adffe) from module cv32e40p_id_stage$cv32e40p_core.id_stage_i.
Setting constant 0-bit at position 16 on $auto$ff.cc:337:slice$14656 ($adffe) from module cv32e40p_id_stage$cv32e40p_core.id_stage_i.
Setting constant 0-bit at position 17 on $auto$ff.cc:337:slice$14656 ($adffe) from module cv32e40p_id_stage$cv32e40p_core.id_stage_i.
Setting constant 0-bit at position 18 on $auto$ff.cc:337:slice$14656 ($adffe) from module cv32e40p_id_stage$cv32e40p_core.id_stage_i.
Setting constant 0-bit at position 19 on $auto$ff.cc:337:slice$14656 ($adffe) from module cv32e40p_id_stage$cv32e40p_core.id_stage_i.
Setting constant 0-bit at position 20 on $auto$ff.cc:337:slice$14656 ($adffe) from module cv32e40p_id_stage$cv32e40p_core.id_stage_i.
Setting constant 0-bit at position 21 on $auto$ff.cc:337:slice$14656 ($adffe) from module cv32e40p_id_stage$cv32e40p_core.id_stage_i.
Setting constant 0-bit at position 22 on $auto$ff.cc:337:slice$14656 ($adffe) from module cv32e40p_id_stage$cv32e40p_core.id_stage_i.
Setting constant 0-bit at position 23 on $auto$ff.cc:337:slice$14656 ($adffe) from module cv32e40p_id_stage$cv32e40p_core.id_stage_i.
Setting constant 0-bit at position 24 on $auto$ff.cc:337:slice$14656 ($adffe) from module cv32e40p_id_stage$cv32e40p_core.id_stage_i.
Setting constant 0-bit at position 25 on $auto$ff.cc:337:slice$14656 ($adffe) from module cv32e40p_id_stage$cv32e40p_core.id_stage_i.
Setting constant 0-bit at position 26 on $auto$ff.cc:337:slice$14656 ($adffe) from module cv32e40p_id_stage$cv32e40p_core.id_stage_i.
Setting constant 0-bit at position 27 on $auto$ff.cc:337:slice$14656 ($adffe) from module cv32e40p_id_stage$cv32e40p_core.id_stage_i.
Setting constant 0-bit at position 28 on $auto$ff.cc:337:slice$14656 ($adffe) from module cv32e40p_id_stage$cv32e40p_core.id_stage_i.
Setting constant 0-bit at position 29 on $auto$ff.cc:337:slice$14656 ($adffe) from module cv32e40p_id_stage$cv32e40p_core.id_stage_i.
Setting constant 0-bit at position 30 on $auto$ff.cc:337:slice$14656 ($adffe) from module cv32e40p_id_stage$cv32e40p_core.id_stage_i.
Setting constant 0-bit at position 31 on $auto$ff.cc:337:slice$14656 ($adffe) from module cv32e40p_id_stage$cv32e40p_core.id_stage_i.
Setting constant 0-bit at position 0 on $auto$ff.cc:337:slice$14649 ($adffe) from module cv32e40p_id_stage$cv32e40p_core.id_stage_i.
Setting constant 0-bit at position 1 on $auto$ff.cc:337:slice$14649 ($adffe) from module cv32e40p_id_stage$cv32e40p_core.id_stage_i.
Setting constant 0-bit at position 2 on $auto$ff.cc:337:slice$14649 ($adffe) from module cv32e40p_id_stage$cv32e40p_core.id_stage_i.
Setting constant 0-bit at position 3 on $auto$ff.cc:337:slice$14649 ($adffe) from module cv32e40p_id_stage$cv32e40p_core.id_stage_i.
Setting constant 0-bit at position 4 on $auto$ff.cc:337:slice$14649 ($adffe) from module cv32e40p_id_stage$cv32e40p_core.id_stage_i.
Setting constant 0-bit at position 5 on $auto$ff.cc:337:slice$14649 ($adffe) from module cv32e40p_id_stage$cv32e40p_core.id_stage_i.
Setting constant 0-bit at position 6 on $auto$ff.cc:337:slice$14649 ($adffe) from module cv32e40p_id_stage$cv32e40p_core.id_stage_i.
Setting constant 0-bit at position 7 on $auto$ff.cc:337:slice$14649 ($adffe) from module cv32e40p_id_stage$cv32e40p_core.id_stage_i.
Setting constant 0-bit at position 8 on $auto$ff.cc:337:slice$14649 ($adffe) from module cv32e40p_id_stage$cv32e40p_core.id_stage_i.
Setting constant 0-bit at position 9 on $auto$ff.cc:337:slice$14649 ($adffe) from module cv32e40p_id_stage$cv32e40p_core.id_stage_i.
Setting constant 0-bit at position 10 on $auto$ff.cc:337:slice$14649 ($adffe) from module cv32e40p_id_stage$cv32e40p_core.id_stage_i.
Setting constant 0-bit at position 11 on $auto$ff.cc:337:slice$14649 ($adffe) from module cv32e40p_id_stage$cv32e40p_core.id_stage_i.
Setting constant 0-bit at position 12 on $auto$ff.cc:337:slice$14649 ($adffe) from module cv32e40p_id_stage$cv32e40p_core.id_stage_i.
Setting constant 0-bit at position 13 on $auto$ff.cc:337:slice$14649 ($adffe) from module cv32e40p_id_stage$cv32e40p_core.id_stage_i.
Setting constant 0-bit at position 14 on $auto$ff.cc:337:slice$14649 ($adffe) from module cv32e40p_id_stage$cv32e40p_core.id_stage_i.
Setting constant 0-bit at position 15 on $auto$ff.cc:337:slice$14649 ($adffe) from module cv32e40p_id_stage$cv32e40p_core.id_stage_i.
Setting constant 0-bit at position 16 on $auto$ff.cc:337:slice$14649 ($adffe) from module cv32e40p_id_stage$cv32e40p_core.id_stage_i.
Setting constant 0-bit at position 17 on $auto$ff.cc:337:slice$14649 ($adffe) from module cv32e40p_id_stage$cv32e40p_core.id_stage_i.
Setting constant 0-bit at position 18 on $auto$ff.cc:337:slice$14649 ($adffe) from module cv32e40p_id_stage$cv32e40p_core.id_stage_i.
Setting constant 0-bit at position 19 on $auto$ff.cc:337:slice$14649 ($adffe) from module cv32e40p_id_stage$cv32e40p_core.id_stage_i.
Setting constant 0-bit at position 20 on $auto$ff.cc:337:slice$14649 ($adffe) from module cv32e40p_id_stage$cv32e40p_core.id_stage_i.
Setting constant 0-bit at position 21 on $auto$ff.cc:337:slice$14649 ($adffe) from module cv32e40p_id_stage$cv32e40p_core.id_stage_i.
Setting constant 0-bit at position 22 on $auto$ff.cc:337:slice$14649 ($adffe) from module cv32e40p_id_stage$cv32e40p_core.id_stage_i.
Setting constant 0-bit at position 23 on $auto$ff.cc:337:slice$14649 ($adffe) from module cv32e40p_id_stage$cv32e40p_core.id_stage_i.
Setting constant 0-bit at position 24 on $auto$ff.cc:337:slice$14649 ($adffe) from module cv32e40p_id_stage$cv32e40p_core.id_stage_i.
Setting constant 0-bit at position 25 on $auto$ff.cc:337:slice$14649 ($adffe) from module cv32e40p_id_stage$cv32e40p_core.id_stage_i.
Setting constant 0-bit at position 26 on $auto$ff.cc:337:slice$14649 ($adffe) from module cv32e40p_id_stage$cv32e40p_core.id_stage_i.
Setting constant 0-bit at position 27 on $auto$ff.cc:337:slice$14649 ($adffe) from module cv32e40p_id_stage$cv32e40p_core.id_stage_i.
Setting constant 0-bit at position 28 on $auto$ff.cc:337:slice$14649 ($adffe) from module cv32e40p_id_stage$cv32e40p_core.id_stage_i.
Setting constant 0-bit at position 29 on $auto$ff.cc:337:slice$14649 ($adffe) from module cv32e40p_id_stage$cv32e40p_core.id_stage_i.
Setting constant 0-bit at position 30 on $auto$ff.cc:337:slice$14649 ($adffe) from module cv32e40p_id_stage$cv32e40p_core.id_stage_i.
Setting constant 0-bit at position 31 on $auto$ff.cc:337:slice$14649 ($adffe) from module cv32e40p_id_stage$cv32e40p_core.id_stage_i.
Setting constant 0-bit at position 0 on $auto$ff.cc:337:slice$14628 ($adffe) from module cv32e40p_id_stage$cv32e40p_core.id_stage_i.
Setting constant 0-bit at position 1 on $auto$ff.cc:337:slice$14628 ($adffe) from module cv32e40p_id_stage$cv32e40p_core.id_stage_i.
Setting constant 0-bit at position 2 on $auto$ff.cc:337:slice$14628 ($adffe) from module cv32e40p_id_stage$cv32e40p_core.id_stage_i.
Setting constant 0-bit at position 3 on $auto$ff.cc:337:slice$14628 ($adffe) from module cv32e40p_id_stage$cv32e40p_core.id_stage_i.
Setting constant 0-bit at position 4 on $auto$ff.cc:337:slice$14628 ($adffe) from module cv32e40p_id_stage$cv32e40p_core.id_stage_i.
Setting constant 0-bit at position 5 on $auto$ff.cc:337:slice$14628 ($adffe) from module cv32e40p_id_stage$cv32e40p_core.id_stage_i.
Setting constant 0-bit at position 6 on $auto$ff.cc:337:slice$14628 ($adffe) from module cv32e40p_id_stage$cv32e40p_core.id_stage_i.
Setting constant 0-bit at position 7 on $auto$ff.cc:337:slice$14628 ($adffe) from module cv32e40p_id_stage$cv32e40p_core.id_stage_i.
Setting constant 0-bit at position 8 on $auto$ff.cc:337:slice$14628 ($adffe) from module cv32e40p_id_stage$cv32e40p_core.id_stage_i.
Setting constant 0-bit at position 9 on $auto$ff.cc:337:slice$14628 ($adffe) from module cv32e40p_id_stage$cv32e40p_core.id_stage_i.
Setting constant 0-bit at position 10 on $auto$ff.cc:337:slice$14628 ($adffe) from module cv32e40p_id_stage$cv32e40p_core.id_stage_i.
Setting constant 0-bit at position 11 on $auto$ff.cc:337:slice$14628 ($adffe) from module cv32e40p_id_stage$cv32e40p_core.id_stage_i.
Setting constant 0-bit at position 12 on $auto$ff.cc:337:slice$14628 ($adffe) from module cv32e40p_id_stage$cv32e40p_core.id_stage_i.
Setting constant 0-bit at position 13 on $auto$ff.cc:337:slice$14628 ($adffe) from module cv32e40p_id_stage$cv32e40p_core.id_stage_i.
Setting constant 0-bit at position 14 on $auto$ff.cc:337:slice$14628 ($adffe) from module cv32e40p_id_stage$cv32e40p_core.id_stage_i.

4.8.7. Executing OPT_CLEAN pass (remove unused cells and wires).
Finding unused cells or wires in module \cv32e40p_id_stage$cv32e40p_core.id_stage_i..
Removed 172 unused cells and 172 unused wires.
<suppressed ~173 debug messages>

4.8.8. Executing OPT_EXPR pass (perform const folding).
Optimizing module cv32e40p_id_stage$cv32e40p_core.id_stage_i.
<suppressed ~19 debug messages>

4.8.9. Rerunning OPT passes. (Maybe there is more to do..)

4.8.10. Executing OPT_MUXTREE pass (detect dead branches in mux trees).
Running muxtree optimizer on module \cv32e40p_id_stage$cv32e40p_core.id_stage_i..
  Creating internal representation of mux trees.
  Evaluating internal representation of mux trees.
  Analyzing evaluation results.
Removed 0 multiplexer ports.
<suppressed ~261 debug messages>

4.8.11. Executing OPT_REDUCE pass (consolidate $*mux and $reduce_* inputs).
  Optimizing cells in module \cv32e40p_id_stage$cv32e40p_core.id_stage_i.
Performed a total of 0 changes.

4.8.12. Executing OPT_MERGE pass (detect identical cells).
Finding identical cells in module `\cv32e40p_id_stage$cv32e40p_core.id_stage_i'.
Computing hashes of 467 cells of `\cv32e40p_id_stage$cv32e40p_core.id_stage_i'.
Finding duplicate cells in `\cv32e40p_id_stage$cv32e40p_core.id_stage_i'.
Computing hashes of 358 cells of `\cv32e40p_id_stage$cv32e40p_core.id_stage_i'.
Finding duplicate cells in `\cv32e40p_id_stage$cv32e40p_core.id_stage_i'.
Computing hashes of 329 cells of `\cv32e40p_id_stage$cv32e40p_core.id_stage_i'.
Finding duplicate cells in `\cv32e40p_id_stage$cv32e40p_core.id_stage_i'.
<suppressed ~414 debug messages>
Removed a total of 138 cells.

4.8.13. Executing OPT_DFF pass (perform DFF optimizations).

4.8.14. Executing OPT_CLEAN pass (remove unused cells and wires).
Finding unused cells or wires in module \cv32e40p_id_stage$cv32e40p_core.id_stage_i..
Removed 0 unused cells and 138 unused wires.
<suppressed ~1 debug messages>

4.8.15. Executing OPT_EXPR pass (perform const folding).
Optimizing module cv32e40p_id_stage$cv32e40p_core.id_stage_i.

4.8.16. Rerunning OPT passes. (Maybe there is more to do..)

4.8.17. Executing OPT_MUXTREE pass (detect dead branches in mux trees).
Running muxtree optimizer on module \cv32e40p_id_stage$cv32e40p_core.id_stage_i..
  Creating internal representation of mux trees.
  Evaluating internal representation of mux trees.
  Analyzing evaluation results.
Removed 0 multiplexer ports.
<suppressed ~265 debug messages>

4.8.18. Executing OPT_REDUCE pass (consolidate $*mux and $reduce_* inputs).
  Optimizing cells in module \cv32e40p_id_stage$cv32e40p_core.id_stage_i.
Performed a total of 0 changes.

4.8.19. Executing OPT_MERGE pass (detect identical cells).
Finding identical cells in module `\cv32e40p_id_stage$cv32e40p_core.id_stage_i'.
Computing hashes of 329 cells of `\cv32e40p_id_stage$cv32e40p_core.id_stage_i'.
Finding duplicate cells in `\cv32e40p_id_stage$cv32e40p_core.id_stage_i'.
Removed a total of 0 cells.

4.8.20. Executing OPT_DFF pass (perform DFF optimizations).

4.8.21. Executing OPT_CLEAN pass (remove unused cells and wires).
Finding unused cells or wires in module \cv32e40p_id_stage$cv32e40p_core.id_stage_i..

4.8.22. Executing OPT_EXPR pass (perform const folding).
Optimizing module cv32e40p_id_stage$cv32e40p_core.id_stage_i.

4.8.23. Finished fast OPT passes. (There is nothing left to do.)

4.9. Executing WREDUCE pass (reducing word size of cells).
Removed top 1 bits (of 2) from port B of cell cv32e40p_id_stage$cv32e40p_core.id_stage_i.$auto$opt_dff.cc:320:make_patterns_logic$14605 ($ne).
Removed top 6 bits (of 32) from mux cell cv32e40p_id_stage$cv32e40p_core.id_stage_i.$ternary$/workspace/incremental-synthesis/benchmarks/cv32e40p-eco-001-base/core/common/normalized_cv32e40p.v:34900$12724 ($mux).
Removed top 1 bits (of 6) from mux cell cv32e40p_id_stage$cv32e40p_core.id_stage_i.$ternary$/workspace/incremental-synthesis/benchmarks/cv32e40p-eco-001-base/core/common/normalized_cv32e40p.v:34157$12045 ($mux).
Removed top 4 bits (of 5) from mux cell cv32e40p_id_stage$cv32e40p_core.id_stage_i.$ternary$/workspace/incremental-synthesis/benchmarks/cv32e40p-eco-001-base/core/common/normalized_cv32e40p.v:34140$12028 ($mux).
Removed top 27 bits (of 32) from mux cell cv32e40p_id_stage$cv32e40p_core.id_stage_i.$ternary$/workspace/incremental-synthesis/benchmarks/cv32e40p-eco-001-base/core/common/normalized_cv32e40p.v:34124$12012 ($mux).
Removed top 1 bits (of 32) from mux cell cv32e40p_id_stage$cv32e40p_core.id_stage_i.$ternary$/workspace/incremental-synthesis/benchmarks/cv32e40p-eco-001-base/core/common/normalized_cv32e40p.v:34118$12006 ($mux).
Removed top 27 bits (of 32) from mux cell cv32e40p_id_stage$cv32e40p_core.id_stage_i.$ternary$/workspace/incremental-synthesis/benchmarks/cv32e40p-eco-001-base/core/common/normalized_cv32e40p.v:34115$12003 ($mux).
Removed top 29 bits (of 32) from mux cell cv32e40p_id_stage$cv32e40p_core.id_stage_i.$ternary$/workspace/incremental-synthesis/benchmarks/cv32e40p-eco-001-base/core/common/normalized_cv32e40p.v:33904$11866 ($mux).
Removed top 31 bits (of 32) from port B of cell cv32e40p_id_stage$cv32e40p_core.id_stage_i.$sub$/workspace/incremental-synthesis/benchmarks/cv32e40p-eco-001-base/core/common/normalized_cv32e40p.v:33938$11873 ($sub).
Removed top 31 bits (of 32) from port A of cell cv32e40p_id_stage$cv32e40p_core.id_stage_i.$shl$/workspace/incremental-synthesis/benchmarks/cv32e40p-eco-001-base/core/common/normalized_cv32e40p.v:33928$11872 ($shl).
Removed top 1 bits (of 2) from port B of cell cv32e40p_id_stage$cv32e40p_core.id_stage_i.$eq$/workspace/incremental-synthesis/benchmarks/cv32e40p-eco-001-base/core/common/normalized_cv32e40p.v:34927$12751 ($eq).
Removed top 1 bits (of 2) from port B of cell cv32e40p_id_stage$cv32e40p_core.id_stage_i.$eq$/workspace/incremental-synthesis/benchmarks/cv32e40p-eco-001-base/core/common/normalized_cv32e40p.v:34924$12748 ($eq).
Removed top 1 bits (of 3) from port B of cell cv32e40p_id_stage$cv32e40p_core.id_stage_i.$eq$/workspace/incremental-synthesis/benchmarks/cv32e40p-eco-001-base/core/common/normalized_cv32e40p.v:34921$12745 ($eq).
Removed top 2 bits (of 3) from port B of cell cv32e40p_id_stage$cv32e40p_core.id_stage_i.$eq$/workspace/incremental-synthesis/benchmarks/cv32e40p-eco-001-base/core/common/normalized_cv32e40p.v:34919$12743 ($eq).
Removed top 1 bits (of 3) from port B of cell cv32e40p_id_stage$cv32e40p_core.id_stage_i.$eq$/workspace/incremental-synthesis/benchmarks/cv32e40p-eco-001-base/core/common/normalized_cv32e40p.v:34918$12742 ($eq).
Removed top 1 bits (of 2) from port B of cell cv32e40p_id_stage$cv32e40p_core.id_stage_i.$eq$/workspace/incremental-synthesis/benchmarks/cv32e40p-eco-001-base/core/common/normalized_cv32e40p.v:34916$12740 ($eq).
Removed top 3 bits (of 4) from port B of cell cv32e40p_id_stage$cv32e40p_core.id_stage_i.$eq$/workspace/incremental-synthesis/benchmarks/cv32e40p-eco-001-base/core/common/normalized_cv32e40p.v:34914$12738 ($eq).
Removed top 2 bits (of 4) from port B of cell cv32e40p_id_stage$cv32e40p_core.id_stage_i.$eq$/workspace/incremental-synthesis/benchmarks/cv32e40p-eco-001-base/core/common/normalized_cv32e40p.v:34913$12737 ($eq).
Removed top 2 bits (of 4) from port B of cell cv32e40p_id_stage$cv32e40p_core.id_stage_i.$eq$/workspace/incremental-synthesis/benchmarks/cv32e40p-eco-001-base/core/common/normalized_cv32e40p.v:34912$12736 ($eq).
Removed top 1 bits (of 4) from port B of cell cv32e40p_id_stage$cv32e40p_core.id_stage_i.$eq$/workspace/incremental-synthesis/benchmarks/cv32e40p-eco-001-base/core/common/normalized_cv32e40p.v:34911$12735 ($eq).
Removed top 1 bits (of 4) from port B of cell cv32e40p_id_stage$cv32e40p_core.id_stage_i.$eq$/workspace/incremental-synthesis/benchmarks/cv32e40p-eco-001-base/core/common/normalized_cv32e40p.v:34909$12733 ($eq).
Removed top 1 bits (of 4) from port B of cell cv32e40p_id_stage$cv32e40p_core.id_stage_i.$eq$/workspace/incremental-synthesis/benchmarks/cv32e40p-eco-001-base/core/common/normalized_cv32e40p.v:34908$12732 ($eq).
Removed top 1 bits (of 4) from port B of cell cv32e40p_id_stage$cv32e40p_core.id_stage_i.$eq$/workspace/incremental-synthesis/benchmarks/cv32e40p-eco-001-base/core/common/normalized_cv32e40p.v:34907$12731 ($eq).
Removed top 1 bits (of 3) from port B of cell cv32e40p_id_stage$cv32e40p_core.id_stage_i.$eq$/workspace/incremental-synthesis/benchmarks/cv32e40p-eco-001-base/core/common/normalized_cv32e40p.v:34904$12728 ($eq).
Removed top 2 bits (of 3) from port B of cell cv32e40p_id_stage$cv32e40p_core.id_stage_i.$eq$/workspace/incremental-synthesis/benchmarks/cv32e40p-eco-001-base/core/common/normalized_cv32e40p.v:34903$12727 ($eq).
Removed top 1 bits (of 3) from port B of cell cv32e40p_id_stage$cv32e40p_core.id_stage_i.$eq$/workspace/incremental-synthesis/benchmarks/cv32e40p-eco-001-base/core/common/normalized_cv32e40p.v:34902$12726 ($eq).
Removed top 1 bits (of 2) from port B of cell cv32e40p_id_stage$cv32e40p_core.id_stage_i.$eq$/workspace/incremental-synthesis/benchmarks/cv32e40p-eco-001-base/core/common/normalized_cv32e40p.v:34898$12722 ($eq).
Removed top 1 bits (of 2) from port B of cell cv32e40p_id_stage$cv32e40p_core.id_stage_i.$eq$/workspace/incremental-synthesis/benchmarks/cv32e40p-eco-001-base/core/common/normalized_cv32e40p.v:34896$12720 ($eq).
Removed top 1 bits (of 2) from port B of cell cv32e40p_id_stage$cv32e40p_core.id_stage_i.$eq$/workspace/incremental-synthesis/benchmarks/cv32e40p-eco-001-base/core/common/normalized_cv32e40p.v:34893$12717 ($eq).
Removed top 1 bits (of 2) from port B of cell cv32e40p_id_stage$cv32e40p_core.id_stage_i.$eq$/workspace/incremental-synthesis/benchmarks/cv32e40p-eco-001-base/core/common/normalized_cv32e40p.v:34887$12711 ($eq).
Removed top 1 bits (of 2) from port B of cell cv32e40p_id_stage$cv32e40p_core.id_stage_i.$eq$/workspace/incremental-synthesis/benchmarks/cv32e40p-eco-001-base/core/common/normalized_cv32e40p.v:34882$12706 ($eq).
Removed top 1 bits (of 2) from port B of cell cv32e40p_id_stage$cv32e40p_core.id_stage_i.$eq$/workspace/incremental-synthesis/benchmarks/cv32e40p-eco-001-base/core/common/normalized_cv32e40p.v:34880$12704 ($eq).
Removed top 1 bits (of 2) from port B of cell cv32e40p_id_stage$cv32e40p_core.id_stage_i.$eq$/workspace/incremental-synthesis/benchmarks/cv32e40p-eco-001-base/core/common/normalized_cv32e40p.v:34007$11917 ($eq).
Removed top 2 bits (of 7) from port B of cell cv32e40p_id_stage$cv32e40p_core.id_stage_i.$eq$/workspace/incremental-synthesis/benchmarks/cv32e40p-eco-001-base/core/common/normalized_cv32e40p.v:33969$11887 ($eq).
Removed top 2 bits (of 7) from port B of cell cv32e40p_id_stage$cv32e40p_core.id_stage_i.$eq$/workspace/incremental-synthesis/benchmarks/cv32e40p-eco-001-base/core/common/normalized_cv32e40p.v:33968$11886 ($eq).
Removed top 29 bits (of 32) from port B of cell cv32e40p_id_stage$cv32e40p_core.id_stage_i.$add$/workspace/incremental-synthesis/benchmarks/cv32e40p-eco-001-base/core/common/normalized_cv32e40p.v:33957$11880 ($add).
Removed top 25 bits (of 32) from port B of cell cv32e40p_id_stage$cv32e40p_core.id_stage_i.$add$/workspace/incremental-synthesis/benchmarks/cv32e40p-eco-001-base/core/common/normalized_cv32e40p.v:33954$11879 ($add).
Removed top 18 bits (of 32) from port B of cell cv32e40p_id_stage$cv32e40p_core.id_stage_i.$add$/workspace/incremental-synthesis/benchmarks/cv32e40p-eco-001-base/core/common/normalized_cv32e40p.v:33953$11878 ($add).
Removed top 1 bits (of 32) from mux cell cv32e40p_id_stage$cv32e40p_core.id_stage_i.$ternary$/workspace/incremental-synthesis/benchmarks/cv32e40p-eco-001-base/core/common/normalized_cv32e40p.v:34125$12013 ($mux).
Removed top 4 bits (of 5) from wire cv32e40p_id_stage$cv32e40p_core.id_stage_i._0247_.
Removed top 1 bits (of 32) from wire cv32e40p_id_stage$cv32e40p_core.id_stage_i._0225_.
Removed top 29 bits (of 32) from wire cv32e40p_id_stage$cv32e40p_core.id_stage_i._0000_.
Removed top 27 bits (of 32) from wire cv32e40p_id_stage$cv32e40p_core.id_stage_i.imm_a.
Removed top 20 bits (of 32) from wire cv32e40p_id_stage$cv32e40p_core.id_stage_i.imm_iz_type.
Removed top 27 bits (of 32) from wire cv32e40p_id_stage$cv32e40p_core.id_stage_i.imm_s2_type.
Removed top 27 bits (of 32) from wire cv32e40p_id_stage$cv32e40p_core.id_stage_i.imm_s3_type.
Removed top 6 bits (of 32) from wire cv32e40p_id_stage$cv32e40p_core.id_stage_i.imm_shuffle_type.
Removed top 6 bits (of 32) from wire cv32e40p_id_stage$cv32e40p_core.id_stage_i.imm_shuffleb_type.
Removed top 15 bits (of 32) from wire cv32e40p_id_stage$cv32e40p_core.id_stage_i.imm_shuffleh_type.
Removed top 26 bits (of 32) from wire cv32e40p_id_stage$cv32e40p_core.id_stage_i.imm_vu_type.
Removed top 27 bits (of 32) from wire cv32e40p_id_stage$cv32e40p_core.id_stage_i.imm_z_type.

4.10. Executing PEEPOPT pass (run peephole optimizers).

4.11. Executing OPT_CLEAN pass (remove unused cells and wires).
Finding unused cells or wires in module \cv32e40p_id_stage$cv32e40p_core.id_stage_i..
Removed 0 unused cells and 12 unused wires.
<suppressed ~1 debug messages>

4.12. Executing ALUMACC pass (create $alu and $macc cells).
Extracting $alu and $macc cells in module cv32e40p_id_stage$cv32e40p_core.id_stage_i:
  creating $macc model for $add$/workspace/incremental-synthesis/benchmarks/cv32e40p-eco-001-base/core/common/normalized_cv32e40p.v:33953$11878 ($add).
  creating $macc model for $sub$/workspace/incremental-synthesis/benchmarks/cv32e40p-eco-001-base/core/common/normalized_cv32e40p.v:33938$11873 ($sub).
  creating $macc model for $add$/workspace/incremental-synthesis/benchmarks/cv32e40p-eco-001-base/core/common/normalized_cv32e40p.v:34080$11972 ($add).
  creating $macc model for $add$/workspace/incremental-synthesis/benchmarks/cv32e40p-eco-001-base/core/common/normalized_cv32e40p.v:33954$11879 ($add).
  creating $macc model for $add$/workspace/incremental-synthesis/benchmarks/cv32e40p-eco-001-base/core/common/normalized_cv32e40p.v:33957$11880 ($add).
  creating $macc model for $add$/workspace/incremental-synthesis/benchmarks/cv32e40p-eco-001-base/core/common/normalized_cv32e40p.v:34079$11971 ($add).
  creating $macc model for $add$/workspace/incremental-synthesis/benchmarks/cv32e40p-eco-001-base/core/common/normalized_cv32e40p.v:34082$11973 ($add).
  creating $alu model for $macc $add$/workspace/incremental-synthesis/benchmarks/cv32e40p-eco-001-base/core/common/normalized_cv32e40p.v:34082$11973.
  creating $alu model for $macc $add$/workspace/incremental-synthesis/benchmarks/cv32e40p-eco-001-base/core/common/normalized_cv32e40p.v:34079$11971.
  creating $alu model for $macc $add$/workspace/incremental-synthesis/benchmarks/cv32e40p-eco-001-base/core/common/normalized_cv32e40p.v:33957$11880.
  creating $alu model for $macc $add$/workspace/incremental-synthesis/benchmarks/cv32e40p-eco-001-base/core/common/normalized_cv32e40p.v:33954$11879.
  creating $alu model for $macc $add$/workspace/incremental-synthesis/benchmarks/cv32e40p-eco-001-base/core/common/normalized_cv32e40p.v:34080$11972.
  creating $alu model for $macc $sub$/workspace/incremental-synthesis/benchmarks/cv32e40p-eco-001-base/core/common/normalized_cv32e40p.v:33938$11873.
  creating $alu model for $macc $add$/workspace/incremental-synthesis/benchmarks/cv32e40p-eco-001-base/core/common/normalized_cv32e40p.v:33953$11878.
  creating $alu cell for $add$/workspace/incremental-synthesis/benchmarks/cv32e40p-eco-001-base/core/common/normalized_cv32e40p.v:33953$11878: $auto$alumacc.cc:512:replace_alu$14956
  creating $alu cell for $sub$/workspace/incremental-synthesis/benchmarks/cv32e40p-eco-001-base/core/common/normalized_cv32e40p.v:33938$11873: $auto$alumacc.cc:512:replace_alu$14959
  creating $alu cell for $add$/workspace/incremental-synthesis/benchmarks/cv32e40p-eco-001-base/core/common/normalized_cv32e40p.v:34080$11972: $auto$alumacc.cc:512:replace_alu$14962
  creating $alu cell for $add$/workspace/incremental-synthesis/benchmarks/cv32e40p-eco-001-base/core/common/normalized_cv32e40p.v:33954$11879: $auto$alumacc.cc:512:replace_alu$14965
  creating $alu cell for $add$/workspace/incremental-synthesis/benchmarks/cv32e40p-eco-001-base/core/common/normalized_cv32e40p.v:33957$11880: $auto$alumacc.cc:512:replace_alu$14968
  creating $alu cell for $add$/workspace/incremental-synthesis/benchmarks/cv32e40p-eco-001-base/core/common/normalized_cv32e40p.v:34079$11971: $auto$alumacc.cc:512:replace_alu$14971
  creating $alu cell for $add$/workspace/incremental-synthesis/benchmarks/cv32e40p-eco-001-base/core/common/normalized_cv32e40p.v:34082$11973: $auto$alumacc.cc:512:replace_alu$14974
  created 7 $alu and 0 $macc cells.

4.13. Executing SHARE pass (SAT-based resource sharing).

4.14. Executing OPT pass (performing simple optimizations).

4.14.1. Executing OPT_EXPR pass (perform const folding).
Optimizing module cv32e40p_id_stage$cv32e40p_core.id_stage_i.

4.14.2. Executing OPT_MERGE pass (detect identical cells).
Finding identical cells in module `\cv32e40p_id_stage$cv32e40p_core.id_stage_i'.
Computing hashes of 329 cells of `\cv32e40p_id_stage$cv32e40p_core.id_stage_i'.
Finding duplicate cells in `\cv32e40p_id_stage$cv32e40p_core.id_stage_i'.
Removed a total of 0 cells.

4.14.3. Executing OPT_MUXTREE pass (detect dead branches in mux trees).
Running muxtree optimizer on module \cv32e40p_id_stage$cv32e40p_core.id_stage_i..
  Creating internal representation of mux trees.
  Evaluating internal representation of mux trees.
  Analyzing evaluation results.
Removed 0 multiplexer ports.
<suppressed ~265 debug messages>

4.14.4. Executing OPT_REDUCE pass (consolidate $*mux and $reduce_* inputs).
  Optimizing cells in module \cv32e40p_id_stage$cv32e40p_core.id_stage_i.
Performed a total of 0 changes.

4.14.5. Executing OPT_MERGE pass (detect identical cells).
Finding identical cells in module `\cv32e40p_id_stage$cv32e40p_core.id_stage_i'.
Computing hashes of 329 cells of `\cv32e40p_id_stage$cv32e40p_core.id_stage_i'.
Finding duplicate cells in `\cv32e40p_id_stage$cv32e40p_core.id_stage_i'.
Removed a total of 0 cells.

4.14.6. Executing OPT_DFF pass (perform DFF optimizations).

4.14.7. Executing OPT_CLEAN pass (remove unused cells and wires).
Finding unused cells or wires in module \cv32e40p_id_stage$cv32e40p_core.id_stage_i..

4.14.8. Executing OPT_EXPR pass (perform const folding).
Optimizing module cv32e40p_id_stage$cv32e40p_core.id_stage_i.

4.14.9. Finished fast OPT passes. (There is nothing left to do.)

4.15. Executing MEMORY pass.

4.15.1. Executing OPT_MEM pass (optimize memories).
Performed a total of 0 transformations.

4.15.2. Executing OPT_MEM_PRIORITY pass (removing unnecessary memory write priority relations).
Performed a total of 0 transformations.

4.15.3. Executing OPT_MEM_FEEDBACK pass (finding memory read-to-write feedback paths).

4.15.4. Executing MEMORY_BMUX2ROM pass (converting muxes to ROMs).

4.15.5. Executing MEMORY_DFF pass (merging $dff cells to $memrd).

4.15.6. Executing OPT_CLEAN pass (remove unused cells and wires).
Finding unused cells or wires in module \cv32e40p_id_stage$cv32e40p_core.id_stage_i..

4.15.7. Executing MEMORY_SHARE pass (consolidating $memrd/$memwr cells).

4.15.8. Executing OPT_MEM_WIDEN pass (optimize memories where all ports are wide).
Performed a total of 0 transformations.

4.15.9. Executing OPT_CLEAN pass (remove unused cells and wires).
Finding unused cells or wires in module \cv32e40p_id_stage$cv32e40p_core.id_stage_i..

4.15.10. Executing MEMORY_COLLECT pass (generating $mem cells).

4.16. Executing OPT_CLEAN pass (remove unused cells and wires).
Finding unused cells or wires in module \cv32e40p_id_stage$cv32e40p_core.id_stage_i..

4.17. Executing OPT pass (performing simple optimizations).

4.17.1. Executing OPT_EXPR pass (perform const folding).
Optimizing module cv32e40p_id_stage$cv32e40p_core.id_stage_i.
<suppressed ~35 debug messages>

4.17.2. Executing OPT_MERGE pass (detect identical cells).
Finding identical cells in module `\cv32e40p_id_stage$cv32e40p_core.id_stage_i'.
Computing hashes of 303 cells of `\cv32e40p_id_stage$cv32e40p_core.id_stage_i'.
Finding duplicate cells in `\cv32e40p_id_stage$cv32e40p_core.id_stage_i'.
Removed a total of 0 cells.

4.17.3. Executing OPT_DFF pass (perform DFF optimizations).

4.17.4. Executing OPT_CLEAN pass (remove unused cells and wires).
Finding unused cells or wires in module \cv32e40p_id_stage$cv32e40p_core.id_stage_i..
Removed 0 unused cells and 21 unused wires.
<suppressed ~1 debug messages>

4.17.5. Finished fast OPT passes.

4.18. Executing MEMORY_MAP pass (converting memories to logic and flip-flops).

4.19. Executing OPT pass (performing simple optimizations).

4.19.1. Executing OPT_EXPR pass (perform const folding).
Optimizing module cv32e40p_id_stage$cv32e40p_core.id_stage_i.
<suppressed ~9 debug messages>

4.19.2. Executing OPT_MERGE pass (detect identical cells).
Finding identical cells in module `\cv32e40p_id_stage$cv32e40p_core.id_stage_i'.
Computing hashes of 302 cells of `\cv32e40p_id_stage$cv32e40p_core.id_stage_i'.
Finding duplicate cells in `\cv32e40p_id_stage$cv32e40p_core.id_stage_i'.
Removed a total of 0 cells.

4.19.3. Executing OPT_MUXTREE pass (detect dead branches in mux trees).
Running muxtree optimizer on module \cv32e40p_id_stage$cv32e40p_core.id_stage_i..
  Creating internal representation of mux trees.
  Evaluating internal representation of mux trees.
  Analyzing evaluation results.
Removed 0 multiplexer ports.
<suppressed ~207 debug messages>

4.19.4. Executing OPT_REDUCE pass (consolidate $*mux and $reduce_* inputs).
  Optimizing cells in module \cv32e40p_id_stage$cv32e40p_core.id_stage_i.
    Consolidated identical input bits for $mux cell $ternary$/workspace/incremental-synthesis/benchmarks/cv32e40p-eco-001-base/core/common/normalized_cv32e40p.v:33904$11866:
      Old ports: A=3'100, B=3'010, Y=\_0000_
      New ports: A=2'10, B=2'01, Y=\_0000_ [2:1]
      New connections: \_0000_ [0] = 1'0
    Consolidated identical input bits for $mux cell $ternary$/workspace/incremental-synthesis/benchmarks/cv32e40p-eco-001-base/core/common/normalized_cv32e40p.v:34119$12007:
      Old ports: A={ 27'000000000000000000000000000 \instr_rdata_i [29:25] }, B={ \instr_rdata_i [24] \instr_rdata_i [24] \instr_rdata_i [24] \instr_rdata_i [24] \instr_rdata_i [24] \instr_rdata_i [24] \instr_rdata_i [24] \instr_rdata_i [24] \instr_rdata_i [24] \instr_rdata_i [24] \instr_rdata_i [24] \instr_rdata_i [24] \instr_rdata_i [24] \instr_rdata_i [24] \instr_rdata_i [24] \instr_rdata_i [24] \instr_rdata_i [24] \instr_rdata_i [24] \instr_rdata_i [24] \instr_rdata_i [24] \instr_rdata_i [24] \instr_rdata_i [24] \instr_rdata_i [24] \instr_rdata_i [24] \instr_rdata_i [24] \instr_rdata_i [24] \instr_rdata_i [24:20] \instr_rdata_i [25] }, Y=\_0226_
      New ports: A={ 1'0 \instr_rdata_i [29:26] }, B=\instr_rdata_i [24:20], Y=\_0226_ [5:1]
      New connections: { \_0226_ [31:6] \_0226_ [0] } = { \_0226_ [5] \_0226_ [5] \_0226_ [5] \_0226_ [5] \_0226_ [5] \_0226_ [5] \_0226_ [5] \_0226_ [5] \_0226_ [5] \_0226_ [5] \_0226_ [5] \_0226_ [5] \_0226_ [5] \_0226_ [5] \_0226_ [5] \_0226_ [5] \_0226_ [5] \_0226_ [5] \_0226_ [5] \_0226_ [5] \_0226_ [5] \_0226_ [5] \_0226_ [5] \_0226_ [5] \_0226_ [5] \_0226_ [5] \instr_rdata_i [25] }
    Consolidated identical input bits for $mux cell $ternary$/workspace/incremental-synthesis/benchmarks/cv32e40p-eco-001-base/core/common/normalized_cv32e40p.v:34122$12010:
      Old ports: A={ 29'00000000000000000000000000000 \_0000_ }, B={ 27'000000000000000000000000000 \instr_rdata_i [24:20] }, Y=\_0229_
      New ports: A={ 2'00 \_0000_ }, B=\instr_rdata_i [24:20], Y=\_0229_ [4:0]
      New connections: \_0229_ [31:5] = 27'000000000000000000000000000
    Consolidated identical input bits for $mux cell $ternary$/workspace/incremental-synthesis/benchmarks/cv32e40p-eco-001-base/core/common/normalized_cv32e40p.v:34550$12374:
      Old ports: A=\alu_operand_b, B={ 1'0 \alu_operand_b [30:0] }, Y=\_0148_
      New ports: A=\alu_operand_b [31], B=1'0, Y=\_0148_ [31]
      New connections: \_0148_ [30:0] = \alu_operand_b [30:0]
    Consolidated identical input bits for $mux cell $ternary$/workspace/incremental-synthesis/benchmarks/cv32e40p-eco-001-base/core/common/normalized_cv32e40p.v:34894$12718:
      Old ports: A={ \operand_c [15:0] \operand_c [15:0] }, B={ \operand_c [7:0] \operand_c [7:0] \operand_c [7:0] \operand_c [7:0] }, Y=\operand_c_vec
      New ports: A=\operand_c [15:8], B=\operand_c [7:0], Y=\operand_c_vec [15:8]
      New connections: { \operand_c_vec [31:16] \operand_c_vec [7:0] } = { \operand_c_vec [15:8] \operand_c [7:0] \operand_c [7:0] }
    Consolidated identical input bits for $mux cell $ternary$/workspace/incremental-synthesis/benchmarks/cv32e40p-eco-001-base/core/common/normalized_cv32e40p.v:34899$12723:
      Old ports: A={ \operand_b [15:0] \operand_b [15:0] }, B={ \operand_b [7:0] \operand_b [7:0] \operand_b [7:0] \operand_b [7:0] }, Y=\operand_b_vec
      New ports: A=\operand_b [15:8], B=\operand_b [7:0], Y=\operand_b_vec [15:8]
      New connections: { \operand_b_vec [31:16] \operand_b_vec [7:0] } = { \operand_b_vec [15:8] \operand_b [7:0] \operand_b [7:0] }
    Consolidated identical input bits for $mux cell $ternary$/workspace/incremental-synthesis/benchmarks/cv32e40p-eco-001-base/core/common/normalized_cv32e40p.v:34900$12724:
      Old ports: A={ 9'000000000 \instr_rdata_i [20] 15'000000000000000 \instr_rdata_i [25] }, B={ \instr_rdata_i [28:27] 6'000000 \instr_rdata_i [24:23] 6'000000 \instr_rdata_i [22:21] 6'000000 \instr_rdata_i [20] \instr_rdata_i [25] }, Y=\imm_shuffle_type
      New ports: A={ 3'000 \instr_rdata_i [20] 3'000 }, B={ \instr_rdata_i [28:27] \instr_rdata_i [24:20] }, Y={ \imm_shuffle_type [25:24] \imm_shuffle_type [17:16] \imm_shuffle_type [9:8] \imm_shuffle_type [1] }
      New connections: { \imm_shuffle_type [23:18] \imm_shuffle_type [15:10] \imm_shuffle_type [7:2] \imm_shuffle_type [0] } = { 18'000000000000000000 \instr_rdata_i [25] }
  Optimizing cells in module \cv32e40p_id_stage$cv32e40p_core.id_stage_i.
    Consolidated identical input bits for $mux cell $ternary$/workspace/incremental-synthesis/benchmarks/cv32e40p-eco-001-base/core/common/normalized_cv32e40p.v:33910$11868:
      Old ports: A=\operand_b, B=\operand_b_vec, Y=\alu_operand_b
      New ports: A=\operand_b [31:8], B={ \operand_b_vec [15:8] \operand_b [7:0] \operand_b_vec [15:8] }, Y=\alu_operand_b [31:8]
      New connections: \alu_operand_b [7:0] = \operand_b [7:0]
    Consolidated identical input bits for $mux cell $ternary$/workspace/incremental-synthesis/benchmarks/cv32e40p-eco-001-base/core/common/normalized_cv32e40p.v:33918$11870:
      Old ports: A=\operand_c, B=\operand_c_vec, Y=\_0377_
      New ports: A=\operand_c [31:8], B={ \operand_c_vec [15:8] \operand_c [7:0] \operand_c_vec [15:8] }, Y=\_0377_ [31:8]
      New connections: \_0377_ [7:0] = \operand_c [7:0]
    Consolidated identical input bits for $mux cell $ternary$/workspace/incremental-synthesis/benchmarks/cv32e40p-eco-001-base/core/common/normalized_cv32e40p.v:34120$12008:
      Old ports: A=\_0226_, B={ 26'00000000000000000000000000 \instr_rdata_i [24:20] \instr_rdata_i [25] }, Y=\_0227_
      New ports: A={ \_0226_ [5] \_0226_ [5:1] }, B={ 1'0 \instr_rdata_i [24:20] }, Y=\_0227_ [6:1]
      New connections: { \_0227_ [31:7] \_0227_ [0] } = { \_0227_ [6] \_0227_ [6] \_0227_ [6] \_0227_ [6] \_0227_ [6] \_0227_ [6] \_0227_ [6] \_0227_ [6] \_0227_ [6] \_0227_ [6] \_0227_ [6] \_0227_ [6] \_0227_ [6] \_0227_ [6] \_0227_ [6] \_0227_ [6] \_0227_ [6] \_0227_ [6] \_0227_ [6] \_0227_ [6] \_0227_ [6] \_0227_ [6] \_0227_ [6] \_0227_ [6] \_0227_ [6] \instr_rdata_i [25] }
    Consolidated identical input bits for $mux cell $ternary$/workspace/incremental-synthesis/benchmarks/cv32e40p-eco-001-base/core/common/normalized_cv32e40p.v:34123$12011:
      Old ports: A=\_0229_, B={ \instr_rdata_i [24] \instr_rdata_i [24] \instr_rdata_i [24] \instr_rdata_i [24] \instr_rdata_i [24] \instr_rdata_i [24] \instr_rdata_i [24] \instr_rdata_i [24] \instr_rdata_i [24] \instr_rdata_i [24] \instr_rdata_i [24] \instr_rdata_i [24] \instr_rdata_i [24] \instr_rdata_i [24] \instr_rdata_i [24] \instr_rdata_i [24] \instr_rdata_i [24] \instr_rdata_i [24] \instr_rdata_i [24] \instr_rdata_i [24] \instr_rdata_i [24] \instr_rdata_i [24] \instr_rdata_i [24] \instr_rdata_i [24] \instr_rdata_i [24] \instr_rdata_i [24] \instr_rdata_i [24] \instr_rdata_i [24:20] }, Y=\_0230_
      New ports: A={ 1'0 \_0229_ [4:0] }, B={ \instr_rdata_i [24] \instr_rdata_i [24:20] }, Y=\_0230_ [5:0]
      New connections: \_0230_ [31:6] = { \_0230_ [5] \_0230_ [5] \_0230_ [5] \_0230_ [5] \_0230_ [5] \_0230_ [5] \_0230_ [5] \_0230_ [5] \_0230_ [5] \_0230_ [5] \_0230_ [5] \_0230_ [5] \_0230_ [5] \_0230_ [5] \_0230_ [5] \_0230_ [5] \_0230_ [5] \_0230_ [5] \_0230_ [5] \_0230_ [5] \_0230_ [5] \_0230_ [5] \_0230_ [5] \_0230_ [5] \_0230_ [5] \_0230_ [5] }
  Optimizing cells in module \cv32e40p_id_stage$cv32e40p_core.id_stage_i.
Performed a total of 11 changes.

4.19.5. Executing OPT_MERGE pass (detect identical cells).
Finding identical cells in module `\cv32e40p_id_stage$cv32e40p_core.id_stage_i'.
Computing hashes of 302 cells of `\cv32e40p_id_stage$cv32e40p_core.id_stage_i'.
Finding duplicate cells in `\cv32e40p_id_stage$cv32e40p_core.id_stage_i'.
Removed a total of 0 cells.

4.19.6. Executing OPT_SHARE pass.

4.19.7. Executing OPT_DFF pass (perform DFF optimizations).

4.19.8. Executing OPT_CLEAN pass (remove unused cells and wires).
Finding unused cells or wires in module \cv32e40p_id_stage$cv32e40p_core.id_stage_i..
Removed 0 unused cells and 1 unused wires.
<suppressed ~1 debug messages>

4.19.9. Executing OPT_EXPR pass (perform const folding).
Optimizing module cv32e40p_id_stage$cv32e40p_core.id_stage_i.

4.19.10. Rerunning OPT passes. (Maybe there is more to do..)

4.19.11. Executing OPT_MUXTREE pass (detect dead branches in mux trees).
Running muxtree optimizer on module \cv32e40p_id_stage$cv32e40p_core.id_stage_i..
  Creating internal representation of mux trees.
  Evaluating internal representation of mux trees.
  Analyzing evaluation results.
Removed 0 multiplexer ports.
<suppressed ~117 debug messages>

4.19.12. Executing OPT_REDUCE pass (consolidate $*mux and $reduce_* inputs).
  Optimizing cells in module \cv32e40p_id_stage$cv32e40p_core.id_stage_i.
Performed a total of 0 changes.

4.19.13. Executing OPT_MERGE pass (detect identical cells).
Finding identical cells in module `\cv32e40p_id_stage$cv32e40p_core.id_stage_i'.
Computing hashes of 302 cells of `\cv32e40p_id_stage$cv32e40p_core.id_stage_i'.
Finding duplicate cells in `\cv32e40p_id_stage$cv32e40p_core.id_stage_i'.
Removed a total of 0 cells.

4.19.14. Executing OPT_SHARE pass.

4.19.15. Executing OPT_DFF pass (perform DFF optimizations).

4.19.16. Executing OPT_CLEAN pass (remove unused cells and wires).
Finding unused cells or wires in module \cv32e40p_id_stage$cv32e40p_core.id_stage_i..

4.19.17. Executing OPT_EXPR pass (perform const folding).
Optimizing module cv32e40p_id_stage$cv32e40p_core.id_stage_i.

4.19.18. Finished fast OPT passes. (There is nothing left to do.)

4.20. Executing TECHMAP pass (map to technology primitives).

4.20.1. Executing Verilog-2005 frontend: /opt/oss-cad-suite/lib/../share/yosys/techmap.v
Parsing Verilog input from `/opt/oss-cad-suite/lib/../share/yosys/techmap.v' to AST representation.
Generating RTLIL representation for module `\_90_simplemap_bool_ops'.
Generating RTLIL representation for module `\_90_simplemap_reduce_ops'.
Generating RTLIL representation for module `\_90_simplemap_logic_ops'.
Generating RTLIL representation for module `\_90_simplemap_compare_ops'.
Generating RTLIL representation for module `\_90_simplemap_various'.
Generating RTLIL representation for module `\_90_simplemap_registers'.
Generating RTLIL representation for module `\_90_shift_ops_shr_shl_sshl_sshr'.
Generating RTLIL representation for module `\_90_shift_shiftx'.
Generating RTLIL representation for module `\_90_fa'.
Generating RTLIL representation for module `\_90_lcu_brent_kung'.
Generating RTLIL representation for module `\_90_alu'.
Generating RTLIL representation for module `\_90_macc'.
Generating RTLIL representation for module `\_90_alumacc'.
Generating RTLIL representation for module `$__div_mod_u'.
Generating RTLIL representation for module `$__div_mod_trunc'.
Generating RTLIL representation for module `\_90_div'.
Generating RTLIL representation for module `\_90_mod'.
Generating RTLIL representation for module `$__div_mod_floor'.
Generating RTLIL representation for module `\_90_divfloor'.
Generating RTLIL representation for module `\_90_modfloor'.
Generating RTLIL representation for module `\_90_pow'.
Generating RTLIL representation for module `\_90_demux'.
Generating RTLIL representation for module `\_90_lut'.
Generating RTLIL representation for module `$connect'.
Generating RTLIL representation for module `$input_port'.
Successfully finished Verilog frontend.

4.20.2. Continuing TECHMAP pass.
Using extmapper simplemap for cells of type $not.
Using template $paramod$fbc7873bff55778c0b3173955b7e4bce1d9d6834\_90_alu for cells of type $alu.
Using template $paramod$ebf89ea36a793f0f77858f212141d47c833068ad\_90_alu for cells of type $alu.
Using template $paramod$44a13d10af618e7fbe7b9aad2f6151ffcee1e2fa\_90_alu for cells of type $alu.
Using template $paramod$3636e5d13d08d3cf711b7983cc61849c8abc3f53\_90_alu for cells of type $alu.
Using template $paramod$constmap:dbcddb7b4524c1c5fa25e15435f3b9049e3d7d7a$paramod$3bf4391c2edcd7fdc564361d03ba2cf3a33c67d4\_90_shift_ops_shr_shl_sshl_sshr for cells of type $shl.
Using template $paramod$c04af8dbf0e5d1d69bbccb2c7bd8a93fc9ef54dc\_90_alu for cells of type $alu.
Using template $paramod$91e5b74f11633b3386c40b03efcf15406a306835\_90_alu for cells of type $alu.
Using extmapper simplemap for cells of type $reduce_and.
Using extmapper simplemap for cells of type $adffe.
Using extmapper simplemap for cells of type $reduce_bool.
Using extmapper simplemap for cells of type $ne.
Using extmapper simplemap for cells of type $or.
Using extmapper simplemap for cells of type $and.
Using extmapper simplemap for cells of type $reduce_or.
Using extmapper simplemap for cells of type $adff.
Using extmapper simplemap for cells of type $logic_or.
Using extmapper simplemap for cells of type $logic_not.
Using extmapper simplemap for cells of type $logic_and.
Using extmapper simplemap for cells of type $eq.
Using extmapper simplemap for cells of type $pos.
Using template $paramod\_90_fa\WIDTH=32'00000000000000000000000000011111 for cells of type $fa.
Using template $paramod\_90_lcu_brent_kung\WIDTH=32'00000000000000000000000000011111 for cells of type $lcu.
Using extmapper simplemap for cells of type $xor.
Using template $paramod\_90_fa\WIDTH=32'00000000000000000000000000011110 for cells of type $fa.
Using template $paramod\_90_lcu_brent_kung\WIDTH=32'00000000000000000000000000011110 for cells of type $lcu.
Using template $paramod\_90_fa\WIDTH=32'00000000000000000000000000100000 for cells of type $fa.
Using template $paramod\_90_lcu_brent_kung\WIDTH=32'00000000000000000000000000100000 for cells of type $lcu.
No more expansions possible.
<suppressed ~2328 debug messages>

4.21. Executing OPT pass (performing simple optimizations).

4.21.1. Executing OPT_EXPR pass (perform const folding).
Optimizing module cv32e40p_id_stage$cv32e40p_core.id_stage_i.
<suppressed ~2213 debug messages>

4.21.2. Executing OPT_MERGE pass (detect identical cells).
Finding identical cells in module `\cv32e40p_id_stage$cv32e40p_core.id_stage_i'.
Computing hashes of 3520 cells of `\cv32e40p_id_stage$cv32e40p_core.id_stage_i'.
Finding duplicate cells in `\cv32e40p_id_stage$cv32e40p_core.id_stage_i'.
Computing hashes of 3288 cells of `\cv32e40p_id_stage$cv32e40p_core.id_stage_i'.
Finding duplicate cells in `\cv32e40p_id_stage$cv32e40p_core.id_stage_i'.
Computing hashes of 3251 cells of `\cv32e40p_id_stage$cv32e40p_core.id_stage_i'.
Finding duplicate cells in `\cv32e40p_id_stage$cv32e40p_core.id_stage_i'.
Computing hashes of 3236 cells of `\cv32e40p_id_stage$cv32e40p_core.id_stage_i'.
Finding duplicate cells in `\cv32e40p_id_stage$cv32e40p_core.id_stage_i'.
Computing hashes of 3233 cells of `\cv32e40p_id_stage$cv32e40p_core.id_stage_i'.
Finding duplicate cells in `\cv32e40p_id_stage$cv32e40p_core.id_stage_i'.
Computing hashes of 3230 cells of `\cv32e40p_id_stage$cv32e40p_core.id_stage_i'.
Finding duplicate cells in `\cv32e40p_id_stage$cv32e40p_core.id_stage_i'.
<suppressed ~870 debug messages>
Removed a total of 290 cells.

4.21.3. Executing OPT_DFF pass (perform DFF optimizations).

4.21.4. Executing OPT_CLEAN pass (remove unused cells and wires).
Finding unused cells or wires in module \cv32e40p_id_stage$cv32e40p_core.id_stage_i..
Removed 122 unused cells and 784 unused wires.
<suppressed ~123 debug messages>

4.21.5. Finished fast OPT passes.

4.22. Executing ABC pass (technology mapping using ABC).

4.22.1. Extracting gate netlist of module `\cv32e40p_id_stage$cv32e40p_core.id_stage_i' to `<abc-temp-dir>/input.blif'..

4.22.1.1. Executed ABC.
Extracted 2683 gates and 3016 wires to a netlist network with 331 inputs and 411 outputs.
Running ABC script: <abc-temp-dir>/abc.script
ABC: UC Berkeley, ABC 1.01 (compiled Jul 11 2026 03:57:20)
ABC: abc 01> empty
ABC: abc 01> source <abc-temp-dir>/abc.script
ABC: + read_blif <abc-temp-dir>/input.blif 
ABC: + read_library <abc-temp-dir>/stdcells.genlib 
ABC: + strash 
ABC: + &get -n 
ABC: + &fraig -x 
ABC: + &put 
ABC: + scorr 
ABC: Warning: The network is combinational (run "fraig" or "fraig_sweep").
ABC: + dc2 
ABC: + dretime 
ABC: + strash 
ABC: + &get -n 
ABC: + &dch -f 
ABC: + &nf 
ABC: + &put 
ABC: + write_blif <abc-temp-dir>/output.blif 
ABC: 
ABC: YOSYS_ABC_DONE 

4.22.1.2. Re-integrating ABC results.
ABC RESULTS:               AND cells:      736
ABC RESULTS:            ANDNOT cells:      141
ABC RESULTS:               MUX cells:      345
ABC RESULTS:              NAND cells:     1080
ABC RESULTS:               NOR cells:       48
ABC RESULTS:               NOT cells:       17
ABC RESULTS:                OR cells:      343
ABC RESULTS:             ORNOT cells:      165
ABC RESULTS:              XNOR cells:       81
ABC RESULTS:               XOR cells:      103
ABC RESULTS:        internal signals:     2274
ABC RESULTS:           input signals:      331
ABC RESULTS:          output signals:      411
Removing temp directory.
Removing global temp directory.

4.23. Executing OPT pass (performing simple optimizations).

4.23.1. Executing OPT_EXPR pass (perform const folding).
Optimizing module cv32e40p_id_stage$cv32e40p_core.id_stage_i.
<suppressed ~32 debug messages>

4.23.2. Executing OPT_MERGE pass (detect identical cells).
Finding identical cells in module `\cv32e40p_id_stage$cv32e40p_core.id_stage_i'.
Computing hashes of 3484 cells of `\cv32e40p_id_stage$cv32e40p_core.id_stage_i'.
Finding duplicate cells in `\cv32e40p_id_stage$cv32e40p_core.id_stage_i'.
Removed a total of 0 cells.

4.23.3. Executing OPT_DFF pass (perform DFF optimizations).

4.23.4. Executing OPT_CLEAN pass (remove unused cells and wires).
Finding unused cells or wires in module \cv32e40p_id_stage$cv32e40p_core.id_stage_i..
Removed 0 unused cells and 1481 unused wires.
<suppressed ~11 debug messages>

4.23.5. Finished fast OPT passes.

4.24. Executing HIERARCHY pass (managing design hierarchy).
Attribute `top' found on module `cv32e40p_id_stage$cv32e40p_core.id_stage_i'. Setting top module to cv32e40p_id_stage$cv32e40p_core.id_stage_i.

4.24.1. Analyzing design hierarchy..
Top module:  \cv32e40p_id_stage$cv32e40p_core.id_stage_i

4.24.2. Analyzing design hierarchy..
Top module:  \cv32e40p_id_stage$cv32e40p_core.id_stage_i
Removed 0 unused modules.

4.25. Printing statistics.

=== cv32e40p_id_stage$cv32e40p_core.id_stage_i ===

        +----------Local Count, excluding submodules.
        | 
     2996 wires
     5256 wire bits
      330 public wires
     2590 public wire bits
      151 ports
     1191 port bits
     3484 cells
      141   $_ANDNOT_
      736   $_AND_
      406   $_DFFE_PN0P_
        2   $_DFFE_PN1P_
       12   $_DFF_PN0_
      345   $_MUX_
     1080   $_NAND_
       48   $_NOR_
       17   $_NOT_
      165   $_ORNOT_
      343   $_OR_
       81   $_XNOR_
      103   $_XOR_
        1   cv32e40p_controller$cv32e40p_core.id_stage_i.controller_i
        1   cv32e40p_decoder$cv32e40p_core.id_stage_i.decoder_i
        1   cv32e40p_hwloop_regs$cv32e40p_core.id_stage_i.gen_hwloop_regs.hwloop_regs_i
        1   cv32e40p_int_controller$cv32e40p_core.id_stage_i.int_controller_i
        1   cv32e40p_register_file$cv32e40p_core.id_stage_i.register_file_i

4.26. Executing CHECK pass (checking for obvious problems).
Checking module cv32e40p_id_stage$cv32e40p_core.id_stage_i...
Found and reported 0 problems.

5. Executing OPT_CLEAN pass (remove unused cells and wires).
Finding unused cells or wires in module \cv32e40p_id_stage$cv32e40p_core.id_stage_i..
Removed 0 unused cells and 40 unused wires.
<suppressed ~40 debug messages>

6. Executing CHECK pass (checking for obvious problems).
Checking module cv32e40p_id_stage$cv32e40p_core.id_stage_i...
Found and reported 0 problems.

7. Printing statistics.

=== cv32e40p_id_stage$cv32e40p_core.id_stage_i ===

        +----------Local Count, excluding submodules.
        | 
     2956 wires
     4488 wire bits
      290 public wires
     1822 public wire bits
      151 ports
     1191 port bits
     3484 cells
      141   $_ANDNOT_
      736   $_AND_
      406   $_DFFE_PN0P_
        2   $_DFFE_PN1P_
       12   $_DFF_PN0_
      345   $_MUX_
     1080   $_NAND_
       48   $_NOR_
       17   $_NOT_
      165   $_ORNOT_
      343   $_OR_
       81   $_XNOR_
      103   $_XOR_
        1   cv32e40p_controller$cv32e40p_core.id_stage_i.controller_i
        1   cv32e40p_decoder$cv32e40p_core.id_stage_i.decoder_i
        1   cv32e40p_hwloop_regs$cv32e40p_core.id_stage_i.gen_hwloop_regs.hwloop_regs_i
        1   cv32e40p_int_controller$cv32e40p_core.id_stage_i.int_controller_i
        1   cv32e40p_register_file$cv32e40p_core.id_stage_i.register_file_i

8. Executing JSON backend.

9. Executing RTLIL backend.
Output filename: /workspace/incremental-synthesis/results/partition-incremental/__granularity_cv32e40p-eco-001/base/fine-cache/id_stage_i/root-shell/top_shell.rtlil

10. Executing Verilog backend.
Dumping module `\cv32e40p_id_stage$cv32e40p_core.id_stage_i'.

End of script. Logfile hash: ce4caab7c6, time: 1.61s, user: 1.17s, system: 0.12s, MEM: 199.25 MB peak
Yosys 0.67+24 (git sha1 0e82bbefe, Release, Clang /usr/bin/clang++ 18.1.8)
Time spent: 30% 1x abc (0 sec), 27% 2x read_json (0 sec), ...
