
 /----------------------------------------------------------------------------\
 |  yosys -- Yosys Open SYnthesis Suite                                       |
 |  Copyright (C) 2012 - 2026  Claire Xenia Wolf <claire@yosyshq.com>         |
 |  Distributed under an ISC-like license, type "license" to see terms        |
 \----------------------------------------------------------------------------/
 Yosys 0.67+24 (git sha1 0e82bbefe, Release, Clang /usr/bin/clang++ 18.1.8)

-- Executing script file `/workspace/incremental-synthesis/benchmarks/cv32e40p-eco-001-base/adapter/read_verilog_smoke.ys' --

1. Executing Verilog-2005 frontend: /workspace/incremental-synthesis/benchmarks/cv32e40p-eco-001-base/core/common/normalized_cv32e40p.v
Parsing SystemVerilog input from `/workspace/incremental-synthesis/benchmarks/cv32e40p-eco-001-base/core/common/normalized_cv32e40p.v' to AST representation.
Generating RTLIL representation for module `\cv32e40p_aligner$cv32e40p_core.if_stage_i.aligner_i'.
Generating RTLIL representation for module `\cv32e40p_alu$cv32e40p_core.ex_stage_i.alu_i'.
Generating RTLIL representation for module `\cv32e40p_alu_div$cv32e40p_core.ex_stage_i.alu_i.alu_div_i'.
Generating RTLIL representation for module `\cv32e40p_clock_gate$cv32e40p_core.sleep_unit_i.core_clock_gate_i'.
Generating RTLIL representation for module `\cv32e40p_compressed_decoder$cv32e40p_core.if_stage_i.compressed_decoder_i'.
Generating RTLIL representation for module `\cv32e40p_controller$cv32e40p_core.id_stage_i.controller_i'.
Generating RTLIL representation for module `\cv32e40p_core'.
Generating RTLIL representation for module `\cv32e40p_cs_registers$cv32e40p_core.cs_registers_i'.
Generating RTLIL representation for module `\cv32e40p_decoder$cv32e40p_core.id_stage_i.decoder_i'.
Generating RTLIL representation for module `\cv32e40p_ex_stage$cv32e40p_core.ex_stage_i'.
Generating RTLIL representation for module `\cv32e40p_ff_one$cv32e40p_core.ex_stage_i.alu_i.ff_one_i'.
Generating RTLIL representation for module `\cv32e40p_fifo$cv32e40p_core.if_stage_i.prefetch_buffer_i.fifo_i'.
Generating RTLIL representation for module `\cv32e40p_hwloop_regs$cv32e40p_core.id_stage_i.gen_hwloop_regs.hwloop_regs_i'.
Generating RTLIL representation for module `\cv32e40p_id_stage$cv32e40p_core.id_stage_i'.
Generating RTLIL representation for module `\cv32e40p_if_stage$cv32e40p_core.if_stage_i'.
Generating RTLIL representation for module `\cv32e40p_int_controller$cv32e40p_core.id_stage_i.int_controller_i'.
Generating RTLIL representation for module `\cv32e40p_load_store_unit$cv32e40p_core.load_store_unit_i'.
Generating RTLIL representation for module `\cv32e40p_mult$cv32e40p_core.ex_stage_i.mult_i'.
Generating RTLIL representation for module `\cv32e40p_obi_interface$cv32e40p_core.if_stage_i.prefetch_buffer_i.instruction_obi_i'.
Generating RTLIL representation for module `\cv32e40p_obi_interface$cv32e40p_core.load_store_unit_i.data_obi_i'.
Generating RTLIL representation for module `\cv32e40p_popcnt$cv32e40p_core.ex_stage_i.alu_i.popcnt_i'.
Generating RTLIL representation for module `\cv32e40p_prefetch_buffer$cv32e40p_core.if_stage_i.prefetch_buffer_i'.
Generating RTLIL representation for module `\cv32e40p_prefetch_controller$cv32e40p_core.if_stage_i.prefetch_buffer_i.prefetch_controller_i'.
Generating RTLIL representation for module `\cv32e40p_register_file$cv32e40p_core.id_stage_i.register_file_i'.
Generating RTLIL representation for module `\cv32e40p_sleep_unit$cv32e40p_core.sleep_unit_i'.
Successfully finished Verilog frontend.

2. Executing HIERARCHY pass (managing design hierarchy).

2.1. Analyzing design hierarchy..
Top module:  \cv32e40p_core
Used module:     \cv32e40p_sleep_unit$cv32e40p_core.sleep_unit_i
Used module:         \cv32e40p_clock_gate$cv32e40p_core.sleep_unit_i.core_clock_gate_i
Used module:     \cv32e40p_load_store_unit$cv32e40p_core.load_store_unit_i
Used module:         \cv32e40p_obi_interface$cv32e40p_core.load_store_unit_i.data_obi_i
Used module:     \cv32e40p_if_stage$cv32e40p_core.if_stage_i
Used module:         \cv32e40p_prefetch_buffer$cv32e40p_core.if_stage_i.prefetch_buffer_i
Used module:             \cv32e40p_prefetch_controller$cv32e40p_core.if_stage_i.prefetch_buffer_i.prefetch_controller_i
Used module:             \cv32e40p_obi_interface$cv32e40p_core.if_stage_i.prefetch_buffer_i.instruction_obi_i
Used module:             \cv32e40p_fifo$cv32e40p_core.if_stage_i.prefetch_buffer_i.fifo_i
Used module:         \cv32e40p_compressed_decoder$cv32e40p_core.if_stage_i.compressed_decoder_i
Used module:         \cv32e40p_aligner$cv32e40p_core.if_stage_i.aligner_i
Used module:     \cv32e40p_id_stage$cv32e40p_core.id_stage_i
Used module:         \cv32e40p_register_file$cv32e40p_core.id_stage_i.register_file_i
Used module:         \cv32e40p_int_controller$cv32e40p_core.id_stage_i.int_controller_i
Used module:         \cv32e40p_hwloop_regs$cv32e40p_core.id_stage_i.gen_hwloop_regs.hwloop_regs_i
Used module:         \cv32e40p_decoder$cv32e40p_core.id_stage_i.decoder_i
Used module:         \cv32e40p_controller$cv32e40p_core.id_stage_i.controller_i
Used module:     \cv32e40p_ex_stage$cv32e40p_core.ex_stage_i
Used module:         \cv32e40p_mult$cv32e40p_core.ex_stage_i.mult_i
Used module:         \cv32e40p_alu$cv32e40p_core.ex_stage_i.alu_i
Used module:             \cv32e40p_popcnt$cv32e40p_core.ex_stage_i.alu_i.popcnt_i
Used module:             \cv32e40p_ff_one$cv32e40p_core.ex_stage_i.alu_i.ff_one_i
Used module:             \cv32e40p_alu_div$cv32e40p_core.ex_stage_i.alu_i.alu_div_i
Used module:     \cv32e40p_cs_registers$cv32e40p_core.cs_registers_i

2.2. Analyzing design hierarchy..
Top module:  \cv32e40p_core
Used module:     \cv32e40p_sleep_unit$cv32e40p_core.sleep_unit_i
Used module:         \cv32e40p_clock_gate$cv32e40p_core.sleep_unit_i.core_clock_gate_i
Used module:     \cv32e40p_load_store_unit$cv32e40p_core.load_store_unit_i
Used module:         \cv32e40p_obi_interface$cv32e40p_core.load_store_unit_i.data_obi_i
Used module:     \cv32e40p_if_stage$cv32e40p_core.if_stage_i
Used module:         \cv32e40p_prefetch_buffer$cv32e40p_core.if_stage_i.prefetch_buffer_i
Used module:             \cv32e40p_prefetch_controller$cv32e40p_core.if_stage_i.prefetch_buffer_i.prefetch_controller_i
Used module:             \cv32e40p_obi_interface$cv32e40p_core.if_stage_i.prefetch_buffer_i.instruction_obi_i
Used module:             \cv32e40p_fifo$cv32e40p_core.if_stage_i.prefetch_buffer_i.fifo_i
Used module:         \cv32e40p_compressed_decoder$cv32e40p_core.if_stage_i.compressed_decoder_i
Used module:         \cv32e40p_aligner$cv32e40p_core.if_stage_i.aligner_i
Used module:     \cv32e40p_id_stage$cv32e40p_core.id_stage_i
Used module:         \cv32e40p_register_file$cv32e40p_core.id_stage_i.register_file_i
Used module:         \cv32e40p_int_controller$cv32e40p_core.id_stage_i.int_controller_i
Used module:         \cv32e40p_hwloop_regs$cv32e40p_core.id_stage_i.gen_hwloop_regs.hwloop_regs_i
Used module:         \cv32e40p_decoder$cv32e40p_core.id_stage_i.decoder_i
Used module:         \cv32e40p_controller$cv32e40p_core.id_stage_i.controller_i
Used module:     \cv32e40p_ex_stage$cv32e40p_core.ex_stage_i
Used module:         \cv32e40p_mult$cv32e40p_core.ex_stage_i.mult_i
Used module:         \cv32e40p_alu$cv32e40p_core.ex_stage_i.alu_i
Used module:             \cv32e40p_popcnt$cv32e40p_core.ex_stage_i.alu_i.popcnt_i
Used module:             \cv32e40p_ff_one$cv32e40p_core.ex_stage_i.alu_i.ff_one_i
Used module:             \cv32e40p_alu_div$cv32e40p_core.ex_stage_i.alu_i.alu_div_i
Used module:     \cv32e40p_cs_registers$cv32e40p_core.cs_registers_i
Removed 0 unused modules.

3. Executing PROC pass (convert processes to netlists).

3.1. Executing PROC_CLEAN pass (remove empty switches from decision trees).
Cleaned up 0 empty switches.

3.2. Executing PROC_RMDEAD pass (remove dead branches from decision trees).
Marked 1 switch rules as full_case in process $proc$/workspace/incremental-synthesis/benchmarks/cv32e40p-eco-001-base/core/common/normalized_cv32e40p.v:42425$14522 in module cv32e40p_sleep_unit$cv32e40p_core.sleep_unit_i.
Marked 1 switch rules as full_case in process $proc$/workspace/incremental-synthesis/benchmarks/cv32e40p-eco-001-base/core/common/normalized_cv32e40p.v:42422$14520 in module cv32e40p_sleep_unit$cv32e40p_core.sleep_unit_i.
Marked 1 switch rules as full_case in process $proc$/workspace/incremental-synthesis/benchmarks/cv32e40p-eco-001-base/core/common/normalized_cv32e40p.v:42419$14518 in module cv32e40p_sleep_unit$cv32e40p_core.sleep_unit_i.
Marked 1 switch rules as full_case in process $proc$/workspace/incremental-synthesis/benchmarks/cv32e40p-eco-001-base/core/common/normalized_cv32e40p.v:42001$14414 in module cv32e40p_register_file$cv32e40p_core.id_stage_i.register_file_i.
Marked 1 switch rules as full_case in process $proc$/workspace/incremental-synthesis/benchmarks/cv32e40p-eco-001-base/core/common/normalized_cv32e40p.v:41998$14412 in module cv32e40p_register_file$cv32e40p_core.id_stage_i.register_file_i.
Marked 1 switch rules as full_case in process $proc$/workspace/incremental-synthesis/benchmarks/cv32e40p-eco-001-base/core/common/normalized_cv32e40p.v:41995$14410 in module cv32e40p_register_file$cv32e40p_core.id_stage_i.register_file_i.
Marked 1 switch rules as full_case in process $proc$/workspace/incremental-synthesis/benchmarks/cv32e40p-eco-001-base/core/common/normalized_cv32e40p.v:41992$14408 in module cv32e40p_register_file$cv32e40p_core.id_stage_i.register_file_i.
Marked 1 switch rules as full_case in process $proc$/workspace/incremental-synthesis/benchmarks/cv32e40p-eco-001-base/core/common/normalized_cv32e40p.v:41989$14406 in module cv32e40p_register_file$cv32e40p_core.id_stage_i.register_file_i.
Marked 1 switch rules as full_case in process $proc$/workspace/incremental-synthesis/benchmarks/cv32e40p-eco-001-base/core/common/normalized_cv32e40p.v:41986$14404 in module cv32e40p_register_file$cv32e40p_core.id_stage_i.register_file_i.
Marked 1 switch rules as full_case in process $proc$/workspace/incremental-synthesis/benchmarks/cv32e40p-eco-001-base/core/common/normalized_cv32e40p.v:41983$14402 in module cv32e40p_register_file$cv32e40p_core.id_stage_i.register_file_i.
Marked 1 switch rules as full_case in process $proc$/workspace/incremental-synthesis/benchmarks/cv32e40p-eco-001-base/core/common/normalized_cv32e40p.v:41980$14400 in module cv32e40p_register_file$cv32e40p_core.id_stage_i.register_file_i.
Marked 1 switch rules as full_case in process $proc$/workspace/incremental-synthesis/benchmarks/cv32e40p-eco-001-base/core/common/normalized_cv32e40p.v:41977$14398 in module cv32e40p_register_file$cv32e40p_core.id_stage_i.register_file_i.
Marked 1 switch rules as full_case in process $proc$/workspace/incremental-synthesis/benchmarks/cv32e40p-eco-001-base/core/common/normalized_cv32e40p.v:41974$14396 in module cv32e40p_register_file$cv32e40p_core.id_stage_i.register_file_i.
Marked 1 switch rules as full_case in process $proc$/workspace/incremental-synthesis/benchmarks/cv32e40p-eco-001-base/core/common/normalized_cv32e40p.v:41971$14394 in module cv32e40p_register_file$cv32e40p_core.id_stage_i.register_file_i.
Marked 1 switch rules as full_case in process $proc$/workspace/incremental-synthesis/benchmarks/cv32e40p-eco-001-base/core/common/normalized_cv32e40p.v:41968$14392 in module cv32e40p_register_file$cv32e40p_core.id_stage_i.register_file_i.
Marked 1 switch rules as full_case in process $proc$/workspace/incremental-synthesis/benchmarks/cv32e40p-eco-001-base/core/common/normalized_cv32e40p.v:41965$14390 in module cv32e40p_register_file$cv32e40p_core.id_stage_i.register_file_i.
Marked 1 switch rules as full_case in process $proc$/workspace/incremental-synthesis/benchmarks/cv32e40p-eco-001-base/core/common/normalized_cv32e40p.v:41962$14388 in module cv32e40p_register_file$cv32e40p_core.id_stage_i.register_file_i.
Marked 1 switch rules as full_case in process $proc$/workspace/incremental-synthesis/benchmarks/cv32e40p-eco-001-base/core/common/normalized_cv32e40p.v:41959$14386 in module cv32e40p_register_file$cv32e40p_core.id_stage_i.register_file_i.
Marked 1 switch rules as full_case in process $proc$/workspace/incremental-synthesis/benchmarks/cv32e40p-eco-001-base/core/common/normalized_cv32e40p.v:41956$14384 in module cv32e40p_register_file$cv32e40p_core.id_stage_i.register_file_i.
Marked 1 switch rules as full_case in process $proc$/workspace/incremental-synthesis/benchmarks/cv32e40p-eco-001-base/core/common/normalized_cv32e40p.v:41953$14382 in module cv32e40p_register_file$cv32e40p_core.id_stage_i.register_file_i.
Marked 1 switch rules as full_case in process $proc$/workspace/incremental-synthesis/benchmarks/cv32e40p-eco-001-base/core/common/normalized_cv32e40p.v:41950$14380 in module cv32e40p_register_file$cv32e40p_core.id_stage_i.register_file_i.
Marked 1 switch rules as full_case in process $proc$/workspace/incremental-synthesis/benchmarks/cv32e40p-eco-001-base/core/common/normalized_cv32e40p.v:41947$14378 in module cv32e40p_register_file$cv32e40p_core.id_stage_i.register_file_i.
Marked 1 switch rules as full_case in process $proc$/workspace/incremental-synthesis/benchmarks/cv32e40p-eco-001-base/core/common/normalized_cv32e40p.v:41944$14376 in module cv32e40p_register_file$cv32e40p_core.id_stage_i.register_file_i.
Marked 1 switch rules as full_case in process $proc$/workspace/incremental-synthesis/benchmarks/cv32e40p-eco-001-base/core/common/normalized_cv32e40p.v:41941$14374 in module cv32e40p_register_file$cv32e40p_core.id_stage_i.register_file_i.
Marked 1 switch rules as full_case in process $proc$/workspace/incremental-synthesis/benchmarks/cv32e40p-eco-001-base/core/common/normalized_cv32e40p.v:41938$14372 in module cv32e40p_register_file$cv32e40p_core.id_stage_i.register_file_i.
Marked 1 switch rules as full_case in process $proc$/workspace/incremental-synthesis/benchmarks/cv32e40p-eco-001-base/core/common/normalized_cv32e40p.v:41935$14370 in module cv32e40p_register_file$cv32e40p_core.id_stage_i.register_file_i.
Marked 1 switch rules as full_case in process $proc$/workspace/incremental-synthesis/benchmarks/cv32e40p-eco-001-base/core/common/normalized_cv32e40p.v:41932$14368 in module cv32e40p_register_file$cv32e40p_core.id_stage_i.register_file_i.
Marked 1 switch rules as full_case in process $proc$/workspace/incremental-synthesis/benchmarks/cv32e40p-eco-001-base/core/common/normalized_cv32e40p.v:41929$14366 in module cv32e40p_register_file$cv32e40p_core.id_stage_i.register_file_i.
Marked 1 switch rules as full_case in process $proc$/workspace/incremental-synthesis/benchmarks/cv32e40p-eco-001-base/core/common/normalized_cv32e40p.v:41926$14364 in module cv32e40p_register_file$cv32e40p_core.id_stage_i.register_file_i.
Marked 1 switch rules as full_case in process $proc$/workspace/incremental-synthesis/benchmarks/cv32e40p-eco-001-base/core/common/normalized_cv32e40p.v:41923$14362 in module cv32e40p_register_file$cv32e40p_core.id_stage_i.register_file_i.
Marked 1 switch rules as full_case in process $proc$/workspace/incremental-synthesis/benchmarks/cv32e40p-eco-001-base/core/common/normalized_cv32e40p.v:41920$14360 in module cv32e40p_register_file$cv32e40p_core.id_stage_i.register_file_i.
Marked 1 switch rules as full_case in process $proc$/workspace/incremental-synthesis/benchmarks/cv32e40p-eco-001-base/core/common/normalized_cv32e40p.v:41917$14358 in module cv32e40p_register_file$cv32e40p_core.id_stage_i.register_file_i.
Marked 1 switch rules as full_case in process $proc$/workspace/incremental-synthesis/benchmarks/cv32e40p-eco-001-base/core/common/normalized_cv32e40p.v:41914$14356 in module cv32e40p_register_file$cv32e40p_core.id_stage_i.register_file_i.
Marked 1 switch rules as full_case in process $proc$/workspace/incremental-synthesis/benchmarks/cv32e40p-eco-001-base/core/common/normalized_cv32e40p.v:41911$14354 in module cv32e40p_register_file$cv32e40p_core.id_stage_i.register_file_i.
Marked 1 switch rules as full_case in process $proc$/workspace/incremental-synthesis/benchmarks/cv32e40p-eco-001-base/core/common/normalized_cv32e40p.v:41908$14352 in module cv32e40p_register_file$cv32e40p_core.id_stage_i.register_file_i.
Marked 1 switch rules as full_case in process $proc$/workspace/incremental-synthesis/benchmarks/cv32e40p-eco-001-base/core/common/normalized_cv32e40p.v:40791$13950 in module cv32e40p_prefetch_controller$cv32e40p_core.if_stage_i.prefetch_buffer_i.prefetch_controller_i.
Marked 1 switch rules as full_case in process $proc$/workspace/incremental-synthesis/benchmarks/cv32e40p-eco-001-base/core/common/normalized_cv32e40p.v:40788$13948 in module cv32e40p_prefetch_controller$cv32e40p_core.if_stage_i.prefetch_buffer_i.prefetch_controller_i.
Marked 1 switch rules as full_case in process $proc$/workspace/incremental-synthesis/benchmarks/cv32e40p-eco-001-base/core/common/normalized_cv32e40p.v:40785$13946 in module cv32e40p_prefetch_controller$cv32e40p_core.if_stage_i.prefetch_buffer_i.prefetch_controller_i.
Marked 1 switch rules as full_case in process $proc$/workspace/incremental-synthesis/benchmarks/cv32e40p-eco-001-base/core/common/normalized_cv32e40p.v:40782$13944 in module cv32e40p_prefetch_controller$cv32e40p_core.if_stage_i.prefetch_buffer_i.prefetch_controller_i.
Marked 1 switch rules as full_case in process $proc$/workspace/incremental-synthesis/benchmarks/cv32e40p-eco-001-base/core/common/normalized_cv32e40p.v:40779$13942 in module cv32e40p_prefetch_controller$cv32e40p_core.if_stage_i.prefetch_buffer_i.prefetch_controller_i.
Marked 1 switch rules as full_case in process $proc$/workspace/incremental-synthesis/benchmarks/cv32e40p-eco-001-base/core/common/normalized_cv32e40p.v:40776$13940 in module cv32e40p_prefetch_controller$cv32e40p_core.if_stage_i.prefetch_buffer_i.prefetch_controller_i.
Marked 1 switch rules as full_case in process $proc$/workspace/incremental-synthesis/benchmarks/cv32e40p-eco-001-base/core/common/normalized_cv32e40p.v:40145$13823 in module cv32e40p_obi_interface$cv32e40p_core.if_stage_i.prefetch_buffer_i.instruction_obi_i.
Marked 1 switch rules as full_case in process $proc$/workspace/incremental-synthesis/benchmarks/cv32e40p-eco-001-base/core/common/normalized_cv32e40p.v:40142$13821 in module cv32e40p_obi_interface$cv32e40p_core.if_stage_i.prefetch_buffer_i.instruction_obi_i.
Marked 1 switch rules as full_case in process $proc$/workspace/incremental-synthesis/benchmarks/cv32e40p-eco-001-base/core/common/normalized_cv32e40p.v:40139$13819 in module cv32e40p_obi_interface$cv32e40p_core.if_stage_i.prefetch_buffer_i.instruction_obi_i.
Marked 1 switch rules as full_case in process $proc$/workspace/incremental-synthesis/benchmarks/cv32e40p-eco-001-base/core/common/normalized_cv32e40p.v:40136$13817 in module cv32e40p_obi_interface$cv32e40p_core.if_stage_i.prefetch_buffer_i.instruction_obi_i.
Marked 1 switch rules as full_case in process $proc$/workspace/incremental-synthesis/benchmarks/cv32e40p-eco-001-base/core/common/normalized_cv32e40p.v:40133$13815 in module cv32e40p_obi_interface$cv32e40p_core.if_stage_i.prefetch_buffer_i.instruction_obi_i.
Marked 1 switch rules as full_case in process $proc$/workspace/incremental-synthesis/benchmarks/cv32e40p-eco-001-base/core/common/normalized_cv32e40p.v:40130$13813 in module cv32e40p_obi_interface$cv32e40p_core.if_stage_i.prefetch_buffer_i.instruction_obi_i.
Marked 1 switch rules as full_case in process $proc$/workspace/incremental-synthesis/benchmarks/cv32e40p-eco-001-base/core/common/normalized_cv32e40p.v:39910$13749 in module cv32e40p_mult$cv32e40p_core.ex_stage_i.mult_i.
Marked 1 switch rules as full_case in process $proc$/workspace/incremental-synthesis/benchmarks/cv32e40p-eco-001-base/core/common/normalized_cv32e40p.v:39907$13747 in module cv32e40p_mult$cv32e40p_core.ex_stage_i.mult_i.
Marked 1 switch rules as full_case in process $proc$/workspace/incremental-synthesis/benchmarks/cv32e40p-eco-001-base/core/common/normalized_cv32e40p.v:39184$13491 in module cv32e40p_load_store_unit$cv32e40p_core.load_store_unit_i.
Marked 1 switch rules as full_case in process $proc$/workspace/incremental-synthesis/benchmarks/cv32e40p-eco-001-base/core/common/normalized_cv32e40p.v:39181$13489 in module cv32e40p_load_store_unit$cv32e40p_core.load_store_unit_i.
Marked 1 switch rules as full_case in process $proc$/workspace/incremental-synthesis/benchmarks/cv32e40p-eco-001-base/core/common/normalized_cv32e40p.v:39178$13487 in module cv32e40p_load_store_unit$cv32e40p_core.load_store_unit_i.
Marked 1 switch rules as full_case in process $proc$/workspace/incremental-synthesis/benchmarks/cv32e40p-eco-001-base/core/common/normalized_cv32e40p.v:39175$13485 in module cv32e40p_load_store_unit$cv32e40p_core.load_store_unit_i.
Marked 1 switch rules as full_case in process $proc$/workspace/incremental-synthesis/benchmarks/cv32e40p-eco-001-base/core/common/normalized_cv32e40p.v:39172$13483 in module cv32e40p_load_store_unit$cv32e40p_core.load_store_unit_i.
Marked 1 switch rules as full_case in process $proc$/workspace/incremental-synthesis/benchmarks/cv32e40p-eco-001-base/core/common/normalized_cv32e40p.v:39169$13481 in module cv32e40p_load_store_unit$cv32e40p_core.load_store_unit_i.
Marked 1 switch rules as full_case in process $proc$/workspace/incremental-synthesis/benchmarks/cv32e40p-eco-001-base/core/common/normalized_cv32e40p.v:39166$13479 in module cv32e40p_load_store_unit$cv32e40p_core.load_store_unit_i.
Marked 1 switch rules as full_case in process $proc$/workspace/incremental-synthesis/benchmarks/cv32e40p-eco-001-base/core/common/normalized_cv32e40p.v:37482$12836 in module cv32e40p_int_controller$cv32e40p_core.id_stage_i.int_controller_i.
Marked 1 switch rules as full_case in process $proc$/workspace/incremental-synthesis/benchmarks/cv32e40p-eco-001-base/core/common/normalized_cv32e40p.v:37479$12834 in module cv32e40p_int_controller$cv32e40p_core.id_stage_i.int_controller_i.
Marked 1 switch rules as full_case in process $proc$/workspace/incremental-synthesis/benchmarks/cv32e40p-eco-001-base/core/common/normalized_cv32e40p.v:36225$12794 in module cv32e40p_if_stage$cv32e40p_core.if_stage_i.
Marked 1 switch rules as full_case in process $proc$/workspace/incremental-synthesis/benchmarks/cv32e40p-eco-001-base/core/common/normalized_cv32e40p.v:36222$12792 in module cv32e40p_if_stage$cv32e40p_core.if_stage_i.
Marked 1 switch rules as full_case in process $proc$/workspace/incremental-synthesis/benchmarks/cv32e40p-eco-001-base/core/common/normalized_cv32e40p.v:36219$12790 in module cv32e40p_if_stage$cv32e40p_core.if_stage_i.
Marked 1 switch rules as full_case in process $proc$/workspace/incremental-synthesis/benchmarks/cv32e40p-eco-001-base/core/common/normalized_cv32e40p.v:36216$12788 in module cv32e40p_if_stage$cv32e40p_core.if_stage_i.
Marked 1 switch rules as full_case in process $proc$/workspace/incremental-synthesis/benchmarks/cv32e40p-eco-001-base/core/common/normalized_cv32e40p.v:36213$12786 in module cv32e40p_if_stage$cv32e40p_core.if_stage_i.
Marked 1 switch rules as full_case in process $proc$/workspace/incremental-synthesis/benchmarks/cv32e40p-eco-001-base/core/common/normalized_cv32e40p.v:36210$12784 in module cv32e40p_if_stage$cv32e40p_core.if_stage_i.
Marked 1 switch rules as full_case in process $proc$/workspace/incremental-synthesis/benchmarks/cv32e40p-eco-001-base/core/common/normalized_cv32e40p.v:34349$12174 in module cv32e40p_id_stage$cv32e40p_core.id_stage_i.
Marked 1 switch rules as full_case in process $proc$/workspace/incremental-synthesis/benchmarks/cv32e40p-eco-001-base/core/common/normalized_cv32e40p.v:34346$12172 in module cv32e40p_id_stage$cv32e40p_core.id_stage_i.
Marked 1 switch rules as full_case in process $proc$/workspace/incremental-synthesis/benchmarks/cv32e40p-eco-001-base/core/common/normalized_cv32e40p.v:34343$12170 in module cv32e40p_id_stage$cv32e40p_core.id_stage_i.
Marked 1 switch rules as full_case in process $proc$/workspace/incremental-synthesis/benchmarks/cv32e40p-eco-001-base/core/common/normalized_cv32e40p.v:34340$12168 in module cv32e40p_id_stage$cv32e40p_core.id_stage_i.
Marked 1 switch rules as full_case in process $proc$/workspace/incremental-synthesis/benchmarks/cv32e40p-eco-001-base/core/common/normalized_cv32e40p.v:34337$12166 in module cv32e40p_id_stage$cv32e40p_core.id_stage_i.
Marked 1 switch rules as full_case in process $proc$/workspace/incremental-synthesis/benchmarks/cv32e40p-eco-001-base/core/common/normalized_cv32e40p.v:34334$12164 in module cv32e40p_id_stage$cv32e40p_core.id_stage_i.
Marked 1 switch rules as full_case in process $proc$/workspace/incremental-synthesis/benchmarks/cv32e40p-eco-001-base/core/common/normalized_cv32e40p.v:34331$12162 in module cv32e40p_id_stage$cv32e40p_core.id_stage_i.
Marked 1 switch rules as full_case in process $proc$/workspace/incremental-synthesis/benchmarks/cv32e40p-eco-001-base/core/common/normalized_cv32e40p.v:34328$12160 in module cv32e40p_id_stage$cv32e40p_core.id_stage_i.
Marked 1 switch rules as full_case in process $proc$/workspace/incremental-synthesis/benchmarks/cv32e40p-eco-001-base/core/common/normalized_cv32e40p.v:34325$12158 in module cv32e40p_id_stage$cv32e40p_core.id_stage_i.
Marked 1 switch rules as full_case in process $proc$/workspace/incremental-synthesis/benchmarks/cv32e40p-eco-001-base/core/common/normalized_cv32e40p.v:34322$12156 in module cv32e40p_id_stage$cv32e40p_core.id_stage_i.
Marked 1 switch rules as full_case in process $proc$/workspace/incremental-synthesis/benchmarks/cv32e40p-eco-001-base/core/common/normalized_cv32e40p.v:34319$12154 in module cv32e40p_id_stage$cv32e40p_core.id_stage_i.
Marked 1 switch rules as full_case in process $proc$/workspace/incremental-synthesis/benchmarks/cv32e40p-eco-001-base/core/common/normalized_cv32e40p.v:34316$12152 in module cv32e40p_id_stage$cv32e40p_core.id_stage_i.
Marked 1 switch rules as full_case in process $proc$/workspace/incremental-synthesis/benchmarks/cv32e40p-eco-001-base/core/common/normalized_cv32e40p.v:34313$12150 in module cv32e40p_id_stage$cv32e40p_core.id_stage_i.
Marked 1 switch rules as full_case in process $proc$/workspace/incremental-synthesis/benchmarks/cv32e40p-eco-001-base/core/common/normalized_cv32e40p.v:34310$12148 in module cv32e40p_id_stage$cv32e40p_core.id_stage_i.
Marked 1 switch rules as full_case in process $proc$/workspace/incremental-synthesis/benchmarks/cv32e40p-eco-001-base/core/common/normalized_cv32e40p.v:34307$12146 in module cv32e40p_id_stage$cv32e40p_core.id_stage_i.
Marked 1 switch rules as full_case in process $proc$/workspace/incremental-synthesis/benchmarks/cv32e40p-eco-001-base/core/common/normalized_cv32e40p.v:34304$12144 in module cv32e40p_id_stage$cv32e40p_core.id_stage_i.
Marked 1 switch rules as full_case in process $proc$/workspace/incremental-synthesis/benchmarks/cv32e40p-eco-001-base/core/common/normalized_cv32e40p.v:34301$12142 in module cv32e40p_id_stage$cv32e40p_core.id_stage_i.
Marked 1 switch rules as full_case in process $proc$/workspace/incremental-synthesis/benchmarks/cv32e40p-eco-001-base/core/common/normalized_cv32e40p.v:34298$12140 in module cv32e40p_id_stage$cv32e40p_core.id_stage_i.
Marked 1 switch rules as full_case in process $proc$/workspace/incremental-synthesis/benchmarks/cv32e40p-eco-001-base/core/common/normalized_cv32e40p.v:34295$12138 in module cv32e40p_id_stage$cv32e40p_core.id_stage_i.
Marked 1 switch rules as full_case in process $proc$/workspace/incremental-synthesis/benchmarks/cv32e40p-eco-001-base/core/common/normalized_cv32e40p.v:34292$12136 in module cv32e40p_id_stage$cv32e40p_core.id_stage_i.
Marked 1 switch rules as full_case in process $proc$/workspace/incremental-synthesis/benchmarks/cv32e40p-eco-001-base/core/common/normalized_cv32e40p.v:34289$12134 in module cv32e40p_id_stage$cv32e40p_core.id_stage_i.
Marked 1 switch rules as full_case in process $proc$/workspace/incremental-synthesis/benchmarks/cv32e40p-eco-001-base/core/common/normalized_cv32e40p.v:34286$12132 in module cv32e40p_id_stage$cv32e40p_core.id_stage_i.
Marked 1 switch rules as full_case in process $proc$/workspace/incremental-synthesis/benchmarks/cv32e40p-eco-001-base/core/common/normalized_cv32e40p.v:34283$12130 in module cv32e40p_id_stage$cv32e40p_core.id_stage_i.
Marked 1 switch rules as full_case in process $proc$/workspace/incremental-synthesis/benchmarks/cv32e40p-eco-001-base/core/common/normalized_cv32e40p.v:34280$12128 in module cv32e40p_id_stage$cv32e40p_core.id_stage_i.
Marked 1 switch rules as full_case in process $proc$/workspace/incremental-synthesis/benchmarks/cv32e40p-eco-001-base/core/common/normalized_cv32e40p.v:34277$12126 in module cv32e40p_id_stage$cv32e40p_core.id_stage_i.
Marked 1 switch rules as full_case in process $proc$/workspace/incremental-synthesis/benchmarks/cv32e40p-eco-001-base/core/common/normalized_cv32e40p.v:34274$12124 in module cv32e40p_id_stage$cv32e40p_core.id_stage_i.
Marked 1 switch rules as full_case in process $proc$/workspace/incremental-synthesis/benchmarks/cv32e40p-eco-001-base/core/common/normalized_cv32e40p.v:34271$12122 in module cv32e40p_id_stage$cv32e40p_core.id_stage_i.
Marked 1 switch rules as full_case in process $proc$/workspace/incremental-synthesis/benchmarks/cv32e40p-eco-001-base/core/common/normalized_cv32e40p.v:34268$12120 in module cv32e40p_id_stage$cv32e40p_core.id_stage_i.
Marked 1 switch rules as full_case in process $proc$/workspace/incremental-synthesis/benchmarks/cv32e40p-eco-001-base/core/common/normalized_cv32e40p.v:34265$12118 in module cv32e40p_id_stage$cv32e40p_core.id_stage_i.
Marked 1 switch rules as full_case in process $proc$/workspace/incremental-synthesis/benchmarks/cv32e40p-eco-001-base/core/common/normalized_cv32e40p.v:34262$12116 in module cv32e40p_id_stage$cv32e40p_core.id_stage_i.
Marked 1 switch rules as full_case in process $proc$/workspace/incremental-synthesis/benchmarks/cv32e40p-eco-001-base/core/common/normalized_cv32e40p.v:34259$12114 in module cv32e40p_id_stage$cv32e40p_core.id_stage_i.
Marked 1 switch rules as full_case in process $proc$/workspace/incremental-synthesis/benchmarks/cv32e40p-eco-001-base/core/common/normalized_cv32e40p.v:34256$12112 in module cv32e40p_id_stage$cv32e40p_core.id_stage_i.
Marked 1 switch rules as full_case in process $proc$/workspace/incremental-synthesis/benchmarks/cv32e40p-eco-001-base/core/common/normalized_cv32e40p.v:34253$12110 in module cv32e40p_id_stage$cv32e40p_core.id_stage_i.
Marked 1 switch rules as full_case in process $proc$/workspace/incremental-synthesis/benchmarks/cv32e40p-eco-001-base/core/common/normalized_cv32e40p.v:34250$12108 in module cv32e40p_id_stage$cv32e40p_core.id_stage_i.
Marked 1 switch rules as full_case in process $proc$/workspace/incremental-synthesis/benchmarks/cv32e40p-eco-001-base/core/common/normalized_cv32e40p.v:34247$12106 in module cv32e40p_id_stage$cv32e40p_core.id_stage_i.
Marked 1 switch rules as full_case in process $proc$/workspace/incremental-synthesis/benchmarks/cv32e40p-eco-001-base/core/common/normalized_cv32e40p.v:34244$12104 in module cv32e40p_id_stage$cv32e40p_core.id_stage_i.
Marked 1 switch rules as full_case in process $proc$/workspace/incremental-synthesis/benchmarks/cv32e40p-eco-001-base/core/common/normalized_cv32e40p.v:34241$12102 in module cv32e40p_id_stage$cv32e40p_core.id_stage_i.
Marked 1 switch rules as full_case in process $proc$/workspace/incremental-synthesis/benchmarks/cv32e40p-eco-001-base/core/common/normalized_cv32e40p.v:34238$12100 in module cv32e40p_id_stage$cv32e40p_core.id_stage_i.
Marked 1 switch rules as full_case in process $proc$/workspace/incremental-synthesis/benchmarks/cv32e40p-eco-001-base/core/common/normalized_cv32e40p.v:34235$12098 in module cv32e40p_id_stage$cv32e40p_core.id_stage_i.
Marked 1 switch rules as full_case in process $proc$/workspace/incremental-synthesis/benchmarks/cv32e40p-eco-001-base/core/common/normalized_cv32e40p.v:34232$12096 in module cv32e40p_id_stage$cv32e40p_core.id_stage_i.
Marked 1 switch rules as full_case in process $proc$/workspace/incremental-synthesis/benchmarks/cv32e40p-eco-001-base/core/common/normalized_cv32e40p.v:34229$12094 in module cv32e40p_id_stage$cv32e40p_core.id_stage_i.
Marked 1 switch rules as full_case in process $proc$/workspace/incremental-synthesis/benchmarks/cv32e40p-eco-001-base/core/common/normalized_cv32e40p.v:34226$12092 in module cv32e40p_id_stage$cv32e40p_core.id_stage_i.
Marked 1 switch rules as full_case in process $proc$/workspace/incremental-synthesis/benchmarks/cv32e40p-eco-001-base/core/common/normalized_cv32e40p.v:34223$12090 in module cv32e40p_id_stage$cv32e40p_core.id_stage_i.
Marked 1 switch rules as full_case in process $proc$/workspace/incremental-synthesis/benchmarks/cv32e40p-eco-001-base/core/common/normalized_cv32e40p.v:34220$12088 in module cv32e40p_id_stage$cv32e40p_core.id_stage_i.
Marked 1 switch rules as full_case in process $proc$/workspace/incremental-synthesis/benchmarks/cv32e40p-eco-001-base/core/common/normalized_cv32e40p.v:34217$12086 in module cv32e40p_id_stage$cv32e40p_core.id_stage_i.
Marked 1 switch rules as full_case in process $proc$/workspace/incremental-synthesis/benchmarks/cv32e40p-eco-001-base/core/common/normalized_cv32e40p.v:34214$12084 in module cv32e40p_id_stage$cv32e40p_core.id_stage_i.
Marked 1 switch rules as full_case in process $proc$/workspace/incremental-synthesis/benchmarks/cv32e40p-eco-001-base/core/common/normalized_cv32e40p.v:34211$12082 in module cv32e40p_id_stage$cv32e40p_core.id_stage_i.
Marked 1 switch rules as full_case in process $proc$/workspace/incremental-synthesis/benchmarks/cv32e40p-eco-001-base/core/common/normalized_cv32e40p.v:34208$12080 in module cv32e40p_id_stage$cv32e40p_core.id_stage_i.
Marked 1 switch rules as full_case in process $proc$/workspace/incremental-synthesis/benchmarks/cv32e40p-eco-001-base/core/common/normalized_cv32e40p.v:34205$12078 in module cv32e40p_id_stage$cv32e40p_core.id_stage_i.
Marked 1 switch rules as full_case in process $proc$/workspace/incremental-synthesis/benchmarks/cv32e40p-eco-001-base/core/common/normalized_cv32e40p.v:34202$12076 in module cv32e40p_id_stage$cv32e40p_core.id_stage_i.
Marked 1 switch rules as full_case in process $proc$/workspace/incremental-synthesis/benchmarks/cv32e40p-eco-001-base/core/common/normalized_cv32e40p.v:34199$12074 in module cv32e40p_id_stage$cv32e40p_core.id_stage_i.
Marked 1 switch rules as full_case in process $proc$/workspace/incremental-synthesis/benchmarks/cv32e40p-eco-001-base/core/common/normalized_cv32e40p.v:34196$12072 in module cv32e40p_id_stage$cv32e40p_core.id_stage_i.
Marked 1 switch rules as full_case in process $proc$/workspace/incremental-synthesis/benchmarks/cv32e40p-eco-001-base/core/common/normalized_cv32e40p.v:34193$12070 in module cv32e40p_id_stage$cv32e40p_core.id_stage_i.
Marked 1 switch rules as full_case in process $proc$/workspace/incremental-synthesis/benchmarks/cv32e40p-eco-001-base/core/common/normalized_cv32e40p.v:34190$12068 in module cv32e40p_id_stage$cv32e40p_core.id_stage_i.
Marked 1 switch rules as full_case in process $proc$/workspace/incremental-synthesis/benchmarks/cv32e40p-eco-001-base/core/common/normalized_cv32e40p.v:34187$12066 in module cv32e40p_id_stage$cv32e40p_core.id_stage_i.
Marked 1 switch rules as full_case in process $proc$/workspace/incremental-synthesis/benchmarks/cv32e40p-eco-001-base/core/common/normalized_cv32e40p.v:34184$12064 in module cv32e40p_id_stage$cv32e40p_core.id_stage_i.
Marked 1 switch rules as full_case in process $proc$/workspace/incremental-synthesis/benchmarks/cv32e40p-eco-001-base/core/common/normalized_cv32e40p.v:34181$12062 in module cv32e40p_id_stage$cv32e40p_core.id_stage_i.
Marked 1 switch rules as full_case in process $proc$/workspace/incremental-synthesis/benchmarks/cv32e40p-eco-001-base/core/common/normalized_cv32e40p.v:34178$12060 in module cv32e40p_id_stage$cv32e40p_core.id_stage_i.
Marked 1 switch rules as full_case in process $proc$/workspace/incremental-synthesis/benchmarks/cv32e40p-eco-001-base/core/common/normalized_cv32e40p.v:34175$12058 in module cv32e40p_id_stage$cv32e40p_core.id_stage_i.
Marked 1 switch rules as full_case in process $proc$/workspace/incremental-synthesis/benchmarks/cv32e40p-eco-001-base/core/common/normalized_cv32e40p.v:34172$12056 in module cv32e40p_id_stage$cv32e40p_core.id_stage_i.
Marked 1 switch rules as full_case in process $proc$/workspace/incremental-synthesis/benchmarks/cv32e40p-eco-001-base/core/common/normalized_cv32e40p.v:34169$12054 in module cv32e40p_id_stage$cv32e40p_core.id_stage_i.
Marked 1 switch rules as full_case in process $proc$/workspace/incremental-synthesis/benchmarks/cv32e40p-eco-001-base/core/common/normalized_cv32e40p.v:34166$12052 in module cv32e40p_id_stage$cv32e40p_core.id_stage_i.
Marked 1 switch rules as full_case in process $proc$/workspace/incremental-synthesis/benchmarks/cv32e40p-eco-001-base/core/common/normalized_cv32e40p.v:34163$12050 in module cv32e40p_id_stage$cv32e40p_core.id_stage_i.
Marked 1 switch rules as full_case in process $proc$/workspace/incremental-synthesis/benchmarks/cv32e40p-eco-001-base/core/common/normalized_cv32e40p.v:34160$12048 in module cv32e40p_id_stage$cv32e40p_core.id_stage_i.
Marked 1 switch rules as full_case in process $proc$/workspace/incremental-synthesis/benchmarks/cv32e40p-eco-001-base/core/common/normalized_cv32e40p.v:31833$11854 in module cv32e40p_hwloop_regs$cv32e40p_core.id_stage_i.gen_hwloop_regs.hwloop_regs_i.
Marked 1 switch rules as full_case in process $proc$/workspace/incremental-synthesis/benchmarks/cv32e40p-eco-001-base/core/common/normalized_cv32e40p.v:31830$11852 in module cv32e40p_hwloop_regs$cv32e40p_core.id_stage_i.gen_hwloop_regs.hwloop_regs_i.
Marked 1 switch rules as full_case in process $proc$/workspace/incremental-synthesis/benchmarks/cv32e40p-eco-001-base/core/common/normalized_cv32e40p.v:31827$11850 in module cv32e40p_hwloop_regs$cv32e40p_core.id_stage_i.gen_hwloop_regs.hwloop_regs_i.
Marked 1 switch rules as full_case in process $proc$/workspace/incremental-synthesis/benchmarks/cv32e40p-eco-001-base/core/common/normalized_cv32e40p.v:31824$11848 in module cv32e40p_hwloop_regs$cv32e40p_core.id_stage_i.gen_hwloop_regs.hwloop_regs_i.
Marked 1 switch rules as full_case in process $proc$/workspace/incremental-synthesis/benchmarks/cv32e40p-eco-001-base/core/common/normalized_cv32e40p.v:31821$11846 in module cv32e40p_hwloop_regs$cv32e40p_core.id_stage_i.gen_hwloop_regs.hwloop_regs_i.
Marked 1 switch rules as full_case in process $proc$/workspace/incremental-synthesis/benchmarks/cv32e40p-eco-001-base/core/common/normalized_cv32e40p.v:31818$11844 in module cv32e40p_hwloop_regs$cv32e40p_core.id_stage_i.gen_hwloop_regs.hwloop_regs_i.
Marked 1 switch rules as full_case in process $proc$/workspace/incremental-synthesis/benchmarks/cv32e40p-eco-001-base/core/common/normalized_cv32e40p.v:31628$11798 in module cv32e40p_fifo$cv32e40p_core.if_stage_i.prefetch_buffer_i.fifo_i.
Marked 1 switch rules as full_case in process $proc$/workspace/incremental-synthesis/benchmarks/cv32e40p-eco-001-base/core/common/normalized_cv32e40p.v:31625$11796 in module cv32e40p_fifo$cv32e40p_core.if_stage_i.prefetch_buffer_i.fifo_i.
Marked 1 switch rules as full_case in process $proc$/workspace/incremental-synthesis/benchmarks/cv32e40p-eco-001-base/core/common/normalized_cv32e40p.v:31622$11794 in module cv32e40p_fifo$cv32e40p_core.if_stage_i.prefetch_buffer_i.fifo_i.
Marked 1 switch rules as full_case in process $proc$/workspace/incremental-synthesis/benchmarks/cv32e40p-eco-001-base/core/common/normalized_cv32e40p.v:31619$11792 in module cv32e40p_fifo$cv32e40p_core.if_stage_i.prefetch_buffer_i.fifo_i.
Marked 1 switch rules as full_case in process $proc$/workspace/incremental-synthesis/benchmarks/cv32e40p-eco-001-base/core/common/normalized_cv32e40p.v:31616$11790 in module cv32e40p_fifo$cv32e40p_core.if_stage_i.prefetch_buffer_i.fifo_i.
Marked 1 switch rules as full_case in process $proc$/workspace/incremental-synthesis/benchmarks/cv32e40p-eco-001-base/core/common/normalized_cv32e40p.v:30982$11639 in module cv32e40p_ex_stage$cv32e40p_core.ex_stage_i.
Marked 1 switch rules as full_case in process $proc$/workspace/incremental-synthesis/benchmarks/cv32e40p-eco-001-base/core/common/normalized_cv32e40p.v:30979$11637 in module cv32e40p_ex_stage$cv32e40p_core.ex_stage_i.
Marked 1 switch rules as full_case in process $proc$/workspace/incremental-synthesis/benchmarks/cv32e40p-eco-001-base/core/common/normalized_cv32e40p.v:17751$5232 in module cv32e40p_cs_registers$cv32e40p_core.cs_registers_i.
Marked 1 switch rules as full_case in process $proc$/workspace/incremental-synthesis/benchmarks/cv32e40p-eco-001-base/core/common/normalized_cv32e40p.v:17748$5230 in module cv32e40p_cs_registers$cv32e40p_core.cs_registers_i.
Marked 1 switch rules as full_case in process $proc$/workspace/incremental-synthesis/benchmarks/cv32e40p-eco-001-base/core/common/normalized_cv32e40p.v:17745$5228 in module cv32e40p_cs_registers$cv32e40p_core.cs_registers_i.
Marked 1 switch rules as full_case in process $proc$/workspace/incremental-synthesis/benchmarks/cv32e40p-eco-001-base/core/common/normalized_cv32e40p.v:17742$5226 in module cv32e40p_cs_registers$cv32e40p_core.cs_registers_i.
Marked 1 switch rules as full_case in process $proc$/workspace/incremental-synthesis/benchmarks/cv32e40p-eco-001-base/core/common/normalized_cv32e40p.v:17739$5224 in module cv32e40p_cs_registers$cv32e40p_core.cs_registers_i.
Marked 1 switch rules as full_case in process $proc$/workspace/incremental-synthesis/benchmarks/cv32e40p-eco-001-base/core/common/normalized_cv32e40p.v:17736$5222 in module cv32e40p_cs_registers$cv32e40p_core.cs_registers_i.
Marked 1 switch rules as full_case in process $proc$/workspace/incremental-synthesis/benchmarks/cv32e40p-eco-001-base/core/common/normalized_cv32e40p.v:17733$5220 in module cv32e40p_cs_registers$cv32e40p_core.cs_registers_i.
Marked 1 switch rules as full_case in process $proc$/workspace/incremental-synthesis/benchmarks/cv32e40p-eco-001-base/core/common/normalized_cv32e40p.v:17730$5218 in module cv32e40p_cs_registers$cv32e40p_core.cs_registers_i.
Marked 1 switch rules as full_case in process $proc$/workspace/incremental-synthesis/benchmarks/cv32e40p-eco-001-base/core/common/normalized_cv32e40p.v:17727$5216 in module cv32e40p_cs_registers$cv32e40p_core.cs_registers_i.
Marked 1 switch rules as full_case in process $proc$/workspace/incremental-synthesis/benchmarks/cv32e40p-eco-001-base/core/common/normalized_cv32e40p.v:17724$5214 in module cv32e40p_cs_registers$cv32e40p_core.cs_registers_i.
Marked 1 switch rules as full_case in process $proc$/workspace/incremental-synthesis/benchmarks/cv32e40p-eco-001-base/core/common/normalized_cv32e40p.v:17720$5212 in module cv32e40p_cs_registers$cv32e40p_core.cs_registers_i.
Marked 1 switch rules as full_case in process $proc$/workspace/incremental-synthesis/benchmarks/cv32e40p-eco-001-base/core/common/normalized_cv32e40p.v:17715$5210 in module cv32e40p_cs_registers$cv32e40p_core.cs_registers_i.
Marked 1 switch rules as full_case in process $proc$/workspace/incremental-synthesis/benchmarks/cv32e40p-eco-001-base/core/common/normalized_cv32e40p.v:17710$5208 in module cv32e40p_cs_registers$cv32e40p_core.cs_registers_i.
Marked 1 switch rules as full_case in process $proc$/workspace/incremental-synthesis/benchmarks/cv32e40p-eco-001-base/core/common/normalized_cv32e40p.v:17705$5206 in module cv32e40p_cs_registers$cv32e40p_core.cs_registers_i.
Marked 1 switch rules as full_case in process $proc$/workspace/incremental-synthesis/benchmarks/cv32e40p-eco-001-base/core/common/normalized_cv32e40p.v:17701$5204 in module cv32e40p_cs_registers$cv32e40p_core.cs_registers_i.
Marked 1 switch rules as full_case in process $proc$/workspace/incremental-synthesis/benchmarks/cv32e40p-eco-001-base/core/common/normalized_cv32e40p.v:17697$5202 in module cv32e40p_cs_registers$cv32e40p_core.cs_registers_i.
Marked 1 switch rules as full_case in process $proc$/workspace/incremental-synthesis/benchmarks/cv32e40p-eco-001-base/core/common/normalized_cv32e40p.v:17692$5200 in module cv32e40p_cs_registers$cv32e40p_core.cs_registers_i.
Marked 1 switch rules as full_case in process $proc$/workspace/incremental-synthesis/benchmarks/cv32e40p-eco-001-base/core/common/normalized_cv32e40p.v:17687$5198 in module cv32e40p_cs_registers$cv32e40p_core.cs_registers_i.
Marked 1 switch rules as full_case in process $proc$/workspace/incremental-synthesis/benchmarks/cv32e40p-eco-001-base/core/common/normalized_cv32e40p.v:17683$5196 in module cv32e40p_cs_registers$cv32e40p_core.cs_registers_i.
Marked 1 switch rules as full_case in process $proc$/workspace/incremental-synthesis/benchmarks/cv32e40p-eco-001-base/core/common/normalized_cv32e40p.v:17680$5194 in module cv32e40p_cs_registers$cv32e40p_core.cs_registers_i.
Marked 1 switch rules as full_case in process $proc$/workspace/incremental-synthesis/benchmarks/cv32e40p-eco-001-base/core/common/normalized_cv32e40p.v:17677$5192 in module cv32e40p_cs_registers$cv32e40p_core.cs_registers_i.
Marked 1 switch rules as full_case in process $proc$/workspace/incremental-synthesis/benchmarks/cv32e40p-eco-001-base/core/common/normalized_cv32e40p.v:17674$5190 in module cv32e40p_cs_registers$cv32e40p_core.cs_registers_i.
Marked 1 switch rules as full_case in process $proc$/workspace/incremental-synthesis/benchmarks/cv32e40p-eco-001-base/core/common/normalized_cv32e40p.v:17671$5188 in module cv32e40p_cs_registers$cv32e40p_core.cs_registers_i.
Marked 1 switch rules as full_case in process $proc$/workspace/incremental-synthesis/benchmarks/cv32e40p-eco-001-base/core/common/normalized_cv32e40p.v:17668$5186 in module cv32e40p_cs_registers$cv32e40p_core.cs_registers_i.
Marked 1 switch rules as full_case in process $proc$/workspace/incremental-synthesis/benchmarks/cv32e40p-eco-001-base/core/common/normalized_cv32e40p.v:17665$5184 in module cv32e40p_cs_registers$cv32e40p_core.cs_registers_i.
Marked 1 switch rules as full_case in process $proc$/workspace/incremental-synthesis/benchmarks/cv32e40p-eco-001-base/core/common/normalized_cv32e40p.v:17662$5182 in module cv32e40p_cs_registers$cv32e40p_core.cs_registers_i.
Marked 1 switch rules as full_case in process $proc$/workspace/incremental-synthesis/benchmarks/cv32e40p-eco-001-base/core/common/normalized_cv32e40p.v:17659$5180 in module cv32e40p_cs_registers$cv32e40p_core.cs_registers_i.
Marked 1 switch rules as full_case in process $proc$/workspace/incremental-synthesis/benchmarks/cv32e40p-eco-001-base/core/common/normalized_cv32e40p.v:17656$5178 in module cv32e40p_cs_registers$cv32e40p_core.cs_registers_i.
Marked 1 switch rules as full_case in process $proc$/workspace/incremental-synthesis/benchmarks/cv32e40p-eco-001-base/core/common/normalized_cv32e40p.v:17653$5176 in module cv32e40p_cs_registers$cv32e40p_core.cs_registers_i.
Marked 1 switch rules as full_case in process $proc$/workspace/incremental-synthesis/benchmarks/cv32e40p-eco-001-base/core/common/normalized_cv32e40p.v:17650$5174 in module cv32e40p_cs_registers$cv32e40p_core.cs_registers_i.
Marked 1 switch rules as full_case in process $proc$/workspace/incremental-synthesis/benchmarks/cv32e40p-eco-001-base/core/common/normalized_cv32e40p.v:17647$5172 in module cv32e40p_cs_registers$cv32e40p_core.cs_registers_i.
Marked 1 switch rules as full_case in process $proc$/workspace/incremental-synthesis/benchmarks/cv32e40p-eco-001-base/core/common/normalized_cv32e40p.v:17644$5170 in module cv32e40p_cs_registers$cv32e40p_core.cs_registers_i.
Marked 1 switch rules as full_case in process $proc$/workspace/incremental-synthesis/benchmarks/cv32e40p-eco-001-base/core/common/normalized_cv32e40p.v:17641$5168 in module cv32e40p_cs_registers$cv32e40p_core.cs_registers_i.
Marked 1 switch rules as full_case in process $proc$/workspace/incremental-synthesis/benchmarks/cv32e40p-eco-001-base/core/common/normalized_cv32e40p.v:17638$5166 in module cv32e40p_cs_registers$cv32e40p_core.cs_registers_i.
Marked 1 switch rules as full_case in process $proc$/workspace/incremental-synthesis/benchmarks/cv32e40p-eco-001-base/core/common/normalized_cv32e40p.v:17635$5164 in module cv32e40p_cs_registers$cv32e40p_core.cs_registers_i.
Marked 1 switch rules as full_case in process $proc$/workspace/incremental-synthesis/benchmarks/cv32e40p-eco-001-base/core/common/normalized_cv32e40p.v:17632$5162 in module cv32e40p_cs_registers$cv32e40p_core.cs_registers_i.
Marked 1 switch rules as full_case in process $proc$/workspace/incremental-synthesis/benchmarks/cv32e40p-eco-001-base/core/common/normalized_cv32e40p.v:17629$5160 in module cv32e40p_cs_registers$cv32e40p_core.cs_registers_i.
Marked 1 switch rules as full_case in process $proc$/workspace/incremental-synthesis/benchmarks/cv32e40p-eco-001-base/core/common/normalized_cv32e40p.v:17626$5158 in module cv32e40p_cs_registers$cv32e40p_core.cs_registers_i.
Marked 1 switch rules as full_case in process $proc$/workspace/incremental-synthesis/benchmarks/cv32e40p-eco-001-base/core/common/normalized_cv32e40p.v:17623$5156 in module cv32e40p_cs_registers$cv32e40p_core.cs_registers_i.
Marked 1 switch rules as full_case in process $proc$/workspace/incremental-synthesis/benchmarks/cv32e40p-eco-001-base/core/common/normalized_cv32e40p.v:10360$2235 in module cv32e40p_controller$cv32e40p_core.id_stage_i.controller_i.
Marked 1 switch rules as full_case in process $proc$/workspace/incremental-synthesis/benchmarks/cv32e40p-eco-001-base/core/common/normalized_cv32e40p.v:10357$2233 in module cv32e40p_controller$cv32e40p_core.id_stage_i.controller_i.
Marked 1 switch rules as full_case in process $proc$/workspace/incremental-synthesis/benchmarks/cv32e40p-eco-001-base/core/common/normalized_cv32e40p.v:10354$2231 in module cv32e40p_controller$cv32e40p_core.id_stage_i.controller_i.
Marked 1 switch rules as full_case in process $proc$/workspace/incremental-synthesis/benchmarks/cv32e40p-eco-001-base/core/common/normalized_cv32e40p.v:10351$2229 in module cv32e40p_controller$cv32e40p_core.id_stage_i.controller_i.
Marked 1 switch rules as full_case in process $proc$/workspace/incremental-synthesis/benchmarks/cv32e40p-eco-001-base/core/common/normalized_cv32e40p.v:10348$2227 in module cv32e40p_controller$cv32e40p_core.id_stage_i.controller_i.
Marked 1 switch rules as full_case in process $proc$/workspace/incremental-synthesis/benchmarks/cv32e40p-eco-001-base/core/common/normalized_cv32e40p.v:10345$2225 in module cv32e40p_controller$cv32e40p_core.id_stage_i.controller_i.
Marked 1 switch rules as full_case in process $proc$/workspace/incremental-synthesis/benchmarks/cv32e40p-eco-001-base/core/common/normalized_cv32e40p.v:10342$2223 in module cv32e40p_controller$cv32e40p_core.id_stage_i.controller_i.
Marked 1 switch rules as full_case in process $proc$/workspace/incremental-synthesis/benchmarks/cv32e40p-eco-001-base/core/common/normalized_cv32e40p.v:10339$2221 in module cv32e40p_controller$cv32e40p_core.id_stage_i.controller_i.
Marked 1 switch rules as full_case in process $proc$/workspace/incremental-synthesis/benchmarks/cv32e40p-eco-001-base/core/common/normalized_cv32e40p.v:10336$2219 in module cv32e40p_controller$cv32e40p_core.id_stage_i.controller_i.
Marked 1 switch rules as full_case in process $proc$/workspace/incremental-synthesis/benchmarks/cv32e40p-eco-001-base/core/common/normalized_cv32e40p.v:10333$2217 in module cv32e40p_controller$cv32e40p_core.id_stage_i.controller_i.
Marked 1 switch rules as full_case in process $proc$/workspace/incremental-synthesis/benchmarks/cv32e40p-eco-001-base/core/common/normalized_cv32e40p.v:2708$934 in module cv32e40p_clock_gate$cv32e40p_core.sleep_unit_i.core_clock_gate_i.
Marked 1 switch rules as full_case in process $proc$/workspace/incremental-synthesis/benchmarks/cv32e40p-eco-001-base/core/common/normalized_cv32e40p.v:2620$896 in module cv32e40p_alu_div$cv32e40p_core.ex_stage_i.alu_i.alu_div_i.
Marked 1 switch rules as full_case in process $proc$/workspace/incremental-synthesis/benchmarks/cv32e40p-eco-001-base/core/common/normalized_cv32e40p.v:2617$894 in module cv32e40p_alu_div$cv32e40p_core.ex_stage_i.alu_i.alu_div_i.
Marked 1 switch rules as full_case in process $proc$/workspace/incremental-synthesis/benchmarks/cv32e40p-eco-001-base/core/common/normalized_cv32e40p.v:2614$892 in module cv32e40p_alu_div$cv32e40p_core.ex_stage_i.alu_i.alu_div_i.
Marked 1 switch rules as full_case in process $proc$/workspace/incremental-synthesis/benchmarks/cv32e40p-eco-001-base/core/common/normalized_cv32e40p.v:2611$890 in module cv32e40p_alu_div$cv32e40p_core.ex_stage_i.alu_i.alu_div_i.
Marked 1 switch rules as full_case in process $proc$/workspace/incremental-synthesis/benchmarks/cv32e40p-eco-001-base/core/common/normalized_cv32e40p.v:2608$888 in module cv32e40p_alu_div$cv32e40p_core.ex_stage_i.alu_i.alu_div_i.
Marked 1 switch rules as full_case in process $proc$/workspace/incremental-synthesis/benchmarks/cv32e40p-eco-001-base/core/common/normalized_cv32e40p.v:2605$886 in module cv32e40p_alu_div$cv32e40p_core.ex_stage_i.alu_i.alu_div_i.
Marked 1 switch rules as full_case in process $proc$/workspace/incremental-synthesis/benchmarks/cv32e40p-eco-001-base/core/common/normalized_cv32e40p.v:2602$884 in module cv32e40p_alu_div$cv32e40p_core.ex_stage_i.alu_i.alu_div_i.
Marked 1 switch rules as full_case in process $proc$/workspace/incremental-synthesis/benchmarks/cv32e40p-eco-001-base/core/common/normalized_cv32e40p.v:2599$882 in module cv32e40p_alu_div$cv32e40p_core.ex_stage_i.alu_i.alu_div_i.
Marked 1 switch rules as full_case in process $proc$/workspace/incremental-synthesis/benchmarks/cv32e40p-eco-001-base/core/common/normalized_cv32e40p.v:344$69 in module cv32e40p_aligner$cv32e40p_core.if_stage_i.aligner_i.
Marked 1 switch rules as full_case in process $proc$/workspace/incremental-synthesis/benchmarks/cv32e40p-eco-001-base/core/common/normalized_cv32e40p.v:341$67 in module cv32e40p_aligner$cv32e40p_core.if_stage_i.aligner_i.
Marked 1 switch rules as full_case in process $proc$/workspace/incremental-synthesis/benchmarks/cv32e40p-eco-001-base/core/common/normalized_cv32e40p.v:338$65 in module cv32e40p_aligner$cv32e40p_core.if_stage_i.aligner_i.
Marked 1 switch rules as full_case in process $proc$/workspace/incremental-synthesis/benchmarks/cv32e40p-eco-001-base/core/common/normalized_cv32e40p.v:335$63 in module cv32e40p_aligner$cv32e40p_core.if_stage_i.aligner_i.
Marked 1 switch rules as full_case in process $proc$/workspace/incremental-synthesis/benchmarks/cv32e40p-eco-001-base/core/common/normalized_cv32e40p.v:332$61 in module cv32e40p_aligner$cv32e40p_core.if_stage_i.aligner_i.
Marked 1 switch rules as full_case in process $proc$/workspace/incremental-synthesis/benchmarks/cv32e40p-eco-001-base/core/common/normalized_cv32e40p.v:329$59 in module cv32e40p_aligner$cv32e40p_core.if_stage_i.aligner_i.
Removed a total of 0 dead cases.

3.3. Executing PROC_PRUNE pass (remove redundant assignments in processes).
Removed 204 redundant assignments.
Promoted 2 assignments to connections.

3.4. Executing PROC_INIT pass (extract init attributes).
Found init rule in `\cv32e40p_hwloop_regs$cv32e40p_core.id_stage_i.gen_hwloop_regs.hwloop_regs_i.$proc$/workspace/incremental-synthesis/benchmarks/cv32e40p-eco-001-base/core/common/normalized_cv32e40p.v:31778$11865'.
  Set init value: \i = 0

3.5. Executing PROC_ARST pass (detect async resets in processes).
Found async reset \rst_n in `\cv32e40p_sleep_unit$cv32e40p_core.sleep_unit_i.$proc$/workspace/incremental-synthesis/benchmarks/cv32e40p-eco-001-base/core/common/normalized_cv32e40p.v:42425$14522'.
Found async reset \rst_n in `\cv32e40p_sleep_unit$cv32e40p_core.sleep_unit_i.$proc$/workspace/incremental-synthesis/benchmarks/cv32e40p-eco-001-base/core/common/normalized_cv32e40p.v:42422$14520'.
Found async reset \rst_n in `\cv32e40p_sleep_unit$cv32e40p_core.sleep_unit_i.$proc$/workspace/incremental-synthesis/benchmarks/cv32e40p-eco-001-base/core/common/normalized_cv32e40p.v:42419$14518'.
Found async reset \rst_n in `\cv32e40p_register_file$cv32e40p_core.id_stage_i.register_file_i.$proc$/workspace/incremental-synthesis/benchmarks/cv32e40p-eco-001-base/core/common/normalized_cv32e40p.v:42001$14414'.
Found async reset \rst_n in `\cv32e40p_register_file$cv32e40p_core.id_stage_i.register_file_i.$proc$/workspace/incremental-synthesis/benchmarks/cv32e40p-eco-001-base/core/common/normalized_cv32e40p.v:41998$14412'.
Found async reset \rst_n in `\cv32e40p_register_file$cv32e40p_core.id_stage_i.register_file_i.$proc$/workspace/incremental-synthesis/benchmarks/cv32e40p-eco-001-base/core/common/normalized_cv32e40p.v:41995$14410'.
Found async reset \rst_n in `\cv32e40p_register_file$cv32e40p_core.id_stage_i.register_file_i.$proc$/workspace/incremental-synthesis/benchmarks/cv32e40p-eco-001-base/core/common/normalized_cv32e40p.v:41992$14408'.
Found async reset \rst_n in `\cv32e40p_register_file$cv32e40p_core.id_stage_i.register_file_i.$proc$/workspace/incremental-synthesis/benchmarks/cv32e40p-eco-001-base/core/common/normalized_cv32e40p.v:41989$14406'.
Found async reset \rst_n in `\cv32e40p_register_file$cv32e40p_core.id_stage_i.register_file_i.$proc$/workspace/incremental-synthesis/benchmarks/cv32e40p-eco-001-base/core/common/normalized_cv32e40p.v:41986$14404'.
Found async reset \rst_n in `\cv32e40p_register_file$cv32e40p_core.id_stage_i.register_file_i.$proc$/workspace/incremental-synthesis/benchmarks/cv32e40p-eco-001-base/core/common/normalized_cv32e40p.v:41983$14402'.
Found async reset \rst_n in `\cv32e40p_register_file$cv32e40p_core.id_stage_i.register_file_i.$proc$/workspace/incremental-synthesis/benchmarks/cv32e40p-eco-001-base/core/common/normalized_cv32e40p.v:41980$14400'.
Found async reset \rst_n in `\cv32e40p_register_file$cv32e40p_core.id_stage_i.register_file_i.$proc$/workspace/incremental-synthesis/benchmarks/cv32e40p-eco-001-base/core/common/normalized_cv32e40p.v:41977$14398'.
Found async reset \rst_n in `\cv32e40p_register_file$cv32e40p_core.id_stage_i.register_file_i.$proc$/workspace/incremental-synthesis/benchmarks/cv32e40p-eco-001-base/core/common/normalized_cv32e40p.v:41974$14396'.
Found async reset \rst_n in `\cv32e40p_register_file$cv32e40p_core.id_stage_i.register_file_i.$proc$/workspace/incremental-synthesis/benchmarks/cv32e40p-eco-001-base/core/common/normalized_cv32e40p.v:41971$14394'.
Found async reset \rst_n in `\cv32e40p_register_file$cv32e40p_core.id_stage_i.register_file_i.$proc$/workspace/incremental-synthesis/benchmarks/cv32e40p-eco-001-base/core/common/normalized_cv32e40p.v:41968$14392'.
Found async reset \rst_n in `\cv32e40p_register_file$cv32e40p_core.id_stage_i.register_file_i.$proc$/workspace/incremental-synthesis/benchmarks/cv32e40p-eco-001-base/core/common/normalized_cv32e40p.v:41965$14390'.
Found async reset \rst_n in `\cv32e40p_register_file$cv32e40p_core.id_stage_i.register_file_i.$proc$/workspace/incremental-synthesis/benchmarks/cv32e40p-eco-001-base/core/common/normalized_cv32e40p.v:41962$14388'.
Found async reset \rst_n in `\cv32e40p_register_file$cv32e40p_core.id_stage_i.register_file_i.$proc$/workspace/incremental-synthesis/benchmarks/cv32e40p-eco-001-base/core/common/normalized_cv32e40p.v:41959$14386'.
Found async reset \rst_n in `\cv32e40p_register_file$cv32e40p_core.id_stage_i.register_file_i.$proc$/workspace/incremental-synthesis/benchmarks/cv32e40p-eco-001-base/core/common/normalized_cv32e40p.v:41956$14384'.
Found async reset \rst_n in `\cv32e40p_register_file$cv32e40p_core.id_stage_i.register_file_i.$proc$/workspace/incremental-synthesis/benchmarks/cv32e40p-eco-001-base/core/common/normalized_cv32e40p.v:41953$14382'.
Found async reset \rst_n in `\cv32e40p_register_file$cv32e40p_core.id_stage_i.register_file_i.$proc$/workspace/incremental-synthesis/benchmarks/cv32e40p-eco-001-base/core/common/normalized_cv32e40p.v:41950$14380'.
Found async reset \rst_n in `\cv32e40p_register_file$cv32e40p_core.id_stage_i.register_file_i.$proc$/workspace/incremental-synthesis/benchmarks/cv32e40p-eco-001-base/core/common/normalized_cv32e40p.v:41947$14378'.
Found async reset \rst_n in `\cv32e40p_register_file$cv32e40p_core.id_stage_i.register_file_i.$proc$/workspace/incremental-synthesis/benchmarks/cv32e40p-eco-001-base/core/common/normalized_cv32e40p.v:41944$14376'.
Found async reset \rst_n in `\cv32e40p_register_file$cv32e40p_core.id_stage_i.register_file_i.$proc$/workspace/incremental-synthesis/benchmarks/cv32e40p-eco-001-base/core/common/normalized_cv32e40p.v:41941$14374'.
Found async reset \rst_n in `\cv32e40p_register_file$cv32e40p_core.id_stage_i.register_file_i.$proc$/workspace/incremental-synthesis/benchmarks/cv32e40p-eco-001-base/core/common/normalized_cv32e40p.v:41938$14372'.
Found async reset \rst_n in `\cv32e40p_register_file$cv32e40p_core.id_stage_i.register_file_i.$proc$/workspace/incremental-synthesis/benchmarks/cv32e40p-eco-001-base/core/common/normalized_cv32e40p.v:41935$14370'.
Found async reset \rst_n in `\cv32e40p_register_file$cv32e40p_core.id_stage_i.register_file_i.$proc$/workspace/incremental-synthesis/benchmarks/cv32e40p-eco-001-base/core/common/normalized_cv32e40p.v:41932$14368'.
Found async reset \rst_n in `\cv32e40p_register_file$cv32e40p_core.id_stage_i.register_file_i.$proc$/workspace/incremental-synthesis/benchmarks/cv32e40p-eco-001-base/core/common/normalized_cv32e40p.v:41929$14366'.
Found async reset \rst_n in `\cv32e40p_register_file$cv32e40p_core.id_stage_i.register_file_i.$proc$/workspace/incremental-synthesis/benchmarks/cv32e40p-eco-001-base/core/common/normalized_cv32e40p.v:41926$14364'.
Found async reset \rst_n in `\cv32e40p_register_file$cv32e40p_core.id_stage_i.register_file_i.$proc$/workspace/incremental-synthesis/benchmarks/cv32e40p-eco-001-base/core/common/normalized_cv32e40p.v:41923$14362'.
Found async reset \rst_n in `\cv32e40p_register_file$cv32e40p_core.id_stage_i.register_file_i.$proc$/workspace/incremental-synthesis/benchmarks/cv32e40p-eco-001-base/core/common/normalized_cv32e40p.v:41920$14360'.
Found async reset \rst_n in `\cv32e40p_register_file$cv32e40p_core.id_stage_i.register_file_i.$proc$/workspace/incremental-synthesis/benchmarks/cv32e40p-eco-001-base/core/common/normalized_cv32e40p.v:41917$14358'.
Found async reset \rst_n in `\cv32e40p_register_file$cv32e40p_core.id_stage_i.register_file_i.$proc$/workspace/incremental-synthesis/benchmarks/cv32e40p-eco-001-base/core/common/normalized_cv32e40p.v:41914$14356'.
Found async reset \rst_n in `\cv32e40p_register_file$cv32e40p_core.id_stage_i.register_file_i.$proc$/workspace/incremental-synthesis/benchmarks/cv32e40p-eco-001-base/core/common/normalized_cv32e40p.v:41911$14354'.
Found async reset \rst_n in `\cv32e40p_register_file$cv32e40p_core.id_stage_i.register_file_i.$proc$/workspace/incremental-synthesis/benchmarks/cv32e40p-eco-001-base/core/common/normalized_cv32e40p.v:41908$14352'.
Found async reset \rst_n in `\cv32e40p_prefetch_controller$cv32e40p_core.if_stage_i.prefetch_buffer_i.prefetch_controller_i.$proc$/workspace/incremental-synthesis/benchmarks/cv32e40p-eco-001-base/core/common/normalized_cv32e40p.v:40791$13950'.
Found async reset \rst_n in `\cv32e40p_prefetch_controller$cv32e40p_core.if_stage_i.prefetch_buffer_i.prefetch_controller_i.$proc$/workspace/incremental-synthesis/benchmarks/cv32e40p-eco-001-base/core/common/normalized_cv32e40p.v:40788$13948'.
Found async reset \rst_n in `\cv32e40p_prefetch_controller$cv32e40p_core.if_stage_i.prefetch_buffer_i.prefetch_controller_i.$proc$/workspace/incremental-synthesis/benchmarks/cv32e40p-eco-001-base/core/common/normalized_cv32e40p.v:40785$13946'.
Found async reset \rst_n in `\cv32e40p_prefetch_controller$cv32e40p_core.if_stage_i.prefetch_buffer_i.prefetch_controller_i.$proc$/workspace/incremental-synthesis/benchmarks/cv32e40p-eco-001-base/core/common/normalized_cv32e40p.v:40782$13944'.
Found async reset \rst_n in `\cv32e40p_prefetch_controller$cv32e40p_core.if_stage_i.prefetch_buffer_i.prefetch_controller_i.$proc$/workspace/incremental-synthesis/benchmarks/cv32e40p-eco-001-base/core/common/normalized_cv32e40p.v:40779$13942'.
Found async reset \rst_n in `\cv32e40p_prefetch_controller$cv32e40p_core.if_stage_i.prefetch_buffer_i.prefetch_controller_i.$proc$/workspace/incremental-synthesis/benchmarks/cv32e40p-eco-001-base/core/common/normalized_cv32e40p.v:40776$13940'.
Found async reset \rst_n in `\cv32e40p_obi_interface$cv32e40p_core.if_stage_i.prefetch_buffer_i.instruction_obi_i.$proc$/workspace/incremental-synthesis/benchmarks/cv32e40p-eco-001-base/core/common/normalized_cv32e40p.v:40145$13823'.
Found async reset \rst_n in `\cv32e40p_obi_interface$cv32e40p_core.if_stage_i.prefetch_buffer_i.instruction_obi_i.$proc$/workspace/incremental-synthesis/benchmarks/cv32e40p-eco-001-base/core/common/normalized_cv32e40p.v:40142$13821'.
Found async reset \rst_n in `\cv32e40p_obi_interface$cv32e40p_core.if_stage_i.prefetch_buffer_i.instruction_obi_i.$proc$/workspace/incremental-synthesis/benchmarks/cv32e40p-eco-001-base/core/common/normalized_cv32e40p.v:40139$13819'.
Found async reset \rst_n in `\cv32e40p_obi_interface$cv32e40p_core.if_stage_i.prefetch_buffer_i.instruction_obi_i.$proc$/workspace/incremental-synthesis/benchmarks/cv32e40p-eco-001-base/core/common/normalized_cv32e40p.v:40136$13817'.
Found async reset \rst_n in `\cv32e40p_obi_interface$cv32e40p_core.if_stage_i.prefetch_buffer_i.instruction_obi_i.$proc$/workspace/incremental-synthesis/benchmarks/cv32e40p-eco-001-base/core/common/normalized_cv32e40p.v:40133$13815'.
Found async reset \rst_n in `\cv32e40p_obi_interface$cv32e40p_core.if_stage_i.prefetch_buffer_i.instruction_obi_i.$proc$/workspace/incremental-synthesis/benchmarks/cv32e40p-eco-001-base/core/common/normalized_cv32e40p.v:40130$13813'.
Found async reset \rst_n in `\cv32e40p_mult$cv32e40p_core.ex_stage_i.mult_i.$proc$/workspace/incremental-synthesis/benchmarks/cv32e40p-eco-001-base/core/common/normalized_cv32e40p.v:39910$13749'.
Found async reset \rst_n in `\cv32e40p_mult$cv32e40p_core.ex_stage_i.mult_i.$proc$/workspace/incremental-synthesis/benchmarks/cv32e40p-eco-001-base/core/common/normalized_cv32e40p.v:39907$13747'.
Found async reset \rst_n in `\cv32e40p_load_store_unit$cv32e40p_core.load_store_unit_i.$proc$/workspace/incremental-synthesis/benchmarks/cv32e40p-eco-001-base/core/common/normalized_cv32e40p.v:39184$13491'.
Found async reset \rst_n in `\cv32e40p_load_store_unit$cv32e40p_core.load_store_unit_i.$proc$/workspace/incremental-synthesis/benchmarks/cv32e40p-eco-001-base/core/common/normalized_cv32e40p.v:39181$13489'.
Found async reset \rst_n in `\cv32e40p_load_store_unit$cv32e40p_core.load_store_unit_i.$proc$/workspace/incremental-synthesis/benchmarks/cv32e40p-eco-001-base/core/common/normalized_cv32e40p.v:39178$13487'.
Found async reset \rst_n in `\cv32e40p_load_store_unit$cv32e40p_core.load_store_unit_i.$proc$/workspace/incremental-synthesis/benchmarks/cv32e40p-eco-001-base/core/common/normalized_cv32e40p.v:39175$13485'.
Found async reset \rst_n in `\cv32e40p_load_store_unit$cv32e40p_core.load_store_unit_i.$proc$/workspace/incremental-synthesis/benchmarks/cv32e40p-eco-001-base/core/common/normalized_cv32e40p.v:39172$13483'.
Found async reset \rst_n in `\cv32e40p_load_store_unit$cv32e40p_core.load_store_unit_i.$proc$/workspace/incremental-synthesis/benchmarks/cv32e40p-eco-001-base/core/common/normalized_cv32e40p.v:39169$13481'.
Found async reset \rst_n in `\cv32e40p_load_store_unit$cv32e40p_core.load_store_unit_i.$proc$/workspace/incremental-synthesis/benchmarks/cv32e40p-eco-001-base/core/common/normalized_cv32e40p.v:39166$13479'.
Found async reset \rst_n in `\cv32e40p_int_controller$cv32e40p_core.id_stage_i.int_controller_i.$proc$/workspace/incremental-synthesis/benchmarks/cv32e40p-eco-001-base/core/common/normalized_cv32e40p.v:37482$12836'.
Found async reset \rst_n in `\cv32e40p_int_controller$cv32e40p_core.id_stage_i.int_controller_i.$proc$/workspace/incremental-synthesis/benchmarks/cv32e40p-eco-001-base/core/common/normalized_cv32e40p.v:37479$12834'.
Found async reset \rst_n in `\cv32e40p_if_stage$cv32e40p_core.if_stage_i.$proc$/workspace/incremental-synthesis/benchmarks/cv32e40p-eco-001-base/core/common/normalized_cv32e40p.v:36225$12794'.
Found async reset \rst_n in `\cv32e40p_if_stage$cv32e40p_core.if_stage_i.$proc$/workspace/incremental-synthesis/benchmarks/cv32e40p-eco-001-base/core/common/normalized_cv32e40p.v:36222$12792'.
Found async reset \rst_n in `\cv32e40p_if_stage$cv32e40p_core.if_stage_i.$proc$/workspace/incremental-synthesis/benchmarks/cv32e40p-eco-001-base/core/common/normalized_cv32e40p.v:36219$12790'.
Found async reset \rst_n in `\cv32e40p_if_stage$cv32e40p_core.if_stage_i.$proc$/workspace/incremental-synthesis/benchmarks/cv32e40p-eco-001-base/core/common/normalized_cv32e40p.v:36216$12788'.
Found async reset \rst_n in `\cv32e40p_if_stage$cv32e40p_core.if_stage_i.$proc$/workspace/incremental-synthesis/benchmarks/cv32e40p-eco-001-base/core/common/normalized_cv32e40p.v:36213$12786'.
Found async reset \rst_n in `\cv32e40p_if_stage$cv32e40p_core.if_stage_i.$proc$/workspace/incremental-synthesis/benchmarks/cv32e40p-eco-001-base/core/common/normalized_cv32e40p.v:36210$12784'.
Found async reset \rst_n in `\cv32e40p_id_stage$cv32e40p_core.id_stage_i.$proc$/workspace/incremental-synthesis/benchmarks/cv32e40p-eco-001-base/core/common/normalized_cv32e40p.v:34349$12174'.
Found async reset \rst_n in `\cv32e40p_id_stage$cv32e40p_core.id_stage_i.$proc$/workspace/incremental-synthesis/benchmarks/cv32e40p-eco-001-base/core/common/normalized_cv32e40p.v:34346$12172'.
Found async reset \rst_n in `\cv32e40p_id_stage$cv32e40p_core.id_stage_i.$proc$/workspace/incremental-synthesis/benchmarks/cv32e40p-eco-001-base/core/common/normalized_cv32e40p.v:34343$12170'.
Found async reset \rst_n in `\cv32e40p_id_stage$cv32e40p_core.id_stage_i.$proc$/workspace/incremental-synthesis/benchmarks/cv32e40p-eco-001-base/core/common/normalized_cv32e40p.v:34340$12168'.
Found async reset \rst_n in `\cv32e40p_id_stage$cv32e40p_core.id_stage_i.$proc$/workspace/incremental-synthesis/benchmarks/cv32e40p-eco-001-base/core/common/normalized_cv32e40p.v:34337$12166'.
Found async reset \rst_n in `\cv32e40p_id_stage$cv32e40p_core.id_stage_i.$proc$/workspace/incremental-synthesis/benchmarks/cv32e40p-eco-001-base/core/common/normalized_cv32e40p.v:34334$12164'.
Found async reset \rst_n in `\cv32e40p_id_stage$cv32e40p_core.id_stage_i.$proc$/workspace/incremental-synthesis/benchmarks/cv32e40p-eco-001-base/core/common/normalized_cv32e40p.v:34331$12162'.
Found async reset \rst_n in `\cv32e40p_id_stage$cv32e40p_core.id_stage_i.$proc$/workspace/incremental-synthesis/benchmarks/cv32e40p-eco-001-base/core/common/normalized_cv32e40p.v:34328$12160'.
Found async reset \rst_n in `\cv32e40p_id_stage$cv32e40p_core.id_stage_i.$proc$/workspace/incremental-synthesis/benchmarks/cv32e40p-eco-001-base/core/common/normalized_cv32e40p.v:34325$12158'.
Found async reset \rst_n in `\cv32e40p_id_stage$cv32e40p_core.id_stage_i.$proc$/workspace/incremental-synthesis/benchmarks/cv32e40p-eco-001-base/core/common/normalized_cv32e40p.v:34322$12156'.
Found async reset \rst_n in `\cv32e40p_id_stage$cv32e40p_core.id_stage_i.$proc$/workspace/incremental-synthesis/benchmarks/cv32e40p-eco-001-base/core/common/normalized_cv32e40p.v:34319$12154'.
Found async reset \rst_n in `\cv32e40p_id_stage$cv32e40p_core.id_stage_i.$proc$/workspace/incremental-synthesis/benchmarks/cv32e40p-eco-001-base/core/common/normalized_cv32e40p.v:34316$12152'.
Found async reset \rst_n in `\cv32e40p_id_stage$cv32e40p_core.id_stage_i.$proc$/workspace/incremental-synthesis/benchmarks/cv32e40p-eco-001-base/core/common/normalized_cv32e40p.v:34313$12150'.
Found async reset \rst_n in `\cv32e40p_id_stage$cv32e40p_core.id_stage_i.$proc$/workspace/incremental-synthesis/benchmarks/cv32e40p-eco-001-base/core/common/normalized_cv32e40p.v:34310$12148'.
Found async reset \rst_n in `\cv32e40p_id_stage$cv32e40p_core.id_stage_i.$proc$/workspace/incremental-synthesis/benchmarks/cv32e40p-eco-001-base/core/common/normalized_cv32e40p.v:34307$12146'.
Found async reset \rst_n in `\cv32e40p_id_stage$cv32e40p_core.id_stage_i.$proc$/workspace/incremental-synthesis/benchmarks/cv32e40p-eco-001-base/core/common/normalized_cv32e40p.v:34304$12144'.
Found async reset \rst_n in `\cv32e40p_id_stage$cv32e40p_core.id_stage_i.$proc$/workspace/incremental-synthesis/benchmarks/cv32e40p-eco-001-base/core/common/normalized_cv32e40p.v:34301$12142'.
Found async reset \rst_n in `\cv32e40p_id_stage$cv32e40p_core.id_stage_i.$proc$/workspace/incremental-synthesis/benchmarks/cv32e40p-eco-001-base/core/common/normalized_cv32e40p.v:34298$12140'.
Found async reset \rst_n in `\cv32e40p_id_stage$cv32e40p_core.id_stage_i.$proc$/workspace/incremental-synthesis/benchmarks/cv32e40p-eco-001-base/core/common/normalized_cv32e40p.v:34295$12138'.
Found async reset \rst_n in `\cv32e40p_id_stage$cv32e40p_core.id_stage_i.$proc$/workspace/incremental-synthesis/benchmarks/cv32e40p-eco-001-base/core/common/normalized_cv32e40p.v:34292$12136'.
Found async reset \rst_n in `\cv32e40p_id_stage$cv32e40p_core.id_stage_i.$proc$/workspace/incremental-synthesis/benchmarks/cv32e40p-eco-001-base/core/common/normalized_cv32e40p.v:34289$12134'.
Found async reset \rst_n in `\cv32e40p_id_stage$cv32e40p_core.id_stage_i.$proc$/workspace/incremental-synthesis/benchmarks/cv32e40p-eco-001-base/core/common/normalized_cv32e40p.v:34286$12132'.
Found async reset \rst_n in `\cv32e40p_id_stage$cv32e40p_core.id_stage_i.$proc$/workspace/incremental-synthesis/benchmarks/cv32e40p-eco-001-base/core/common/normalized_cv32e40p.v:34283$12130'.
Found async reset \rst_n in `\cv32e40p_id_stage$cv32e40p_core.id_stage_i.$proc$/workspace/incremental-synthesis/benchmarks/cv32e40p-eco-001-base/core/common/normalized_cv32e40p.v:34280$12128'.
Found async reset \rst_n in `\cv32e40p_id_stage$cv32e40p_core.id_stage_i.$proc$/workspace/incremental-synthesis/benchmarks/cv32e40p-eco-001-base/core/common/normalized_cv32e40p.v:34277$12126'.
Found async reset \rst_n in `\cv32e40p_id_stage$cv32e40p_core.id_stage_i.$proc$/workspace/incremental-synthesis/benchmarks/cv32e40p-eco-001-base/core/common/normalized_cv32e40p.v:34274$12124'.
Found async reset \rst_n in `\cv32e40p_id_stage$cv32e40p_core.id_stage_i.$proc$/workspace/incremental-synthesis/benchmarks/cv32e40p-eco-001-base/core/common/normalized_cv32e40p.v:34271$12122'.
Found async reset \rst_n in `\cv32e40p_id_stage$cv32e40p_core.id_stage_i.$proc$/workspace/incremental-synthesis/benchmarks/cv32e40p-eco-001-base/core/common/normalized_cv32e40p.v:34268$12120'.
Found async reset \rst_n in `\cv32e40p_id_stage$cv32e40p_core.id_stage_i.$proc$/workspace/incremental-synthesis/benchmarks/cv32e40p-eco-001-base/core/common/normalized_cv32e40p.v:34265$12118'.
Found async reset \rst_n in `\cv32e40p_id_stage$cv32e40p_core.id_stage_i.$proc$/workspace/incremental-synthesis/benchmarks/cv32e40p-eco-001-base/core/common/normalized_cv32e40p.v:34262$12116'.
Found async reset \rst_n in `\cv32e40p_id_stage$cv32e40p_core.id_stage_i.$proc$/workspace/incremental-synthesis/benchmarks/cv32e40p-eco-001-base/core/common/normalized_cv32e40p.v:34259$12114'.
Found async reset \rst_n in `\cv32e40p_id_stage$cv32e40p_core.id_stage_i.$proc$/workspace/incremental-synthesis/benchmarks/cv32e40p-eco-001-base/core/common/normalized_cv32e40p.v:34256$12112'.
Found async reset \rst_n in `\cv32e40p_id_stage$cv32e40p_core.id_stage_i.$proc$/workspace/incremental-synthesis/benchmarks/cv32e40p-eco-001-base/core/common/normalized_cv32e40p.v:34253$12110'.
Found async reset \rst_n in `\cv32e40p_id_stage$cv32e40p_core.id_stage_i.$proc$/workspace/incremental-synthesis/benchmarks/cv32e40p-eco-001-base/core/common/normalized_cv32e40p.v:34250$12108'.
Found async reset \rst_n in `\cv32e40p_id_stage$cv32e40p_core.id_stage_i.$proc$/workspace/incremental-synthesis/benchmarks/cv32e40p-eco-001-base/core/common/normalized_cv32e40p.v:34247$12106'.
Found async reset \rst_n in `\cv32e40p_id_stage$cv32e40p_core.id_stage_i.$proc$/workspace/incremental-synthesis/benchmarks/cv32e40p-eco-001-base/core/common/normalized_cv32e40p.v:34244$12104'.
Found async reset \rst_n in `\cv32e40p_id_stage$cv32e40p_core.id_stage_i.$proc$/workspace/incremental-synthesis/benchmarks/cv32e40p-eco-001-base/core/common/normalized_cv32e40p.v:34241$12102'.
Found async reset \rst_n in `\cv32e40p_id_stage$cv32e40p_core.id_stage_i.$proc$/workspace/incremental-synthesis/benchmarks/cv32e40p-eco-001-base/core/common/normalized_cv32e40p.v:34238$12100'.
Found async reset \rst_n in `\cv32e40p_id_stage$cv32e40p_core.id_stage_i.$proc$/workspace/incremental-synthesis/benchmarks/cv32e40p-eco-001-base/core/common/normalized_cv32e40p.v:34235$12098'.
Found async reset \rst_n in `\cv32e40p_id_stage$cv32e40p_core.id_stage_i.$proc$/workspace/incremental-synthesis/benchmarks/cv32e40p-eco-001-base/core/common/normalized_cv32e40p.v:34232$12096'.
Found async reset \rst_n in `\cv32e40p_id_stage$cv32e40p_core.id_stage_i.$proc$/workspace/incremental-synthesis/benchmarks/cv32e40p-eco-001-base/core/common/normalized_cv32e40p.v:34229$12094'.
Found async reset \rst_n in `\cv32e40p_id_stage$cv32e40p_core.id_stage_i.$proc$/workspace/incremental-synthesis/benchmarks/cv32e40p-eco-001-base/core/common/normalized_cv32e40p.v:34226$12092'.
Found async reset \rst_n in `\cv32e40p_id_stage$cv32e40p_core.id_stage_i.$proc$/workspace/incremental-synthesis/benchmarks/cv32e40p-eco-001-base/core/common/normalized_cv32e40p.v:34223$12090'.
Found async reset \rst_n in `\cv32e40p_id_stage$cv32e40p_core.id_stage_i.$proc$/workspace/incremental-synthesis/benchmarks/cv32e40p-eco-001-base/core/common/normalized_cv32e40p.v:34220$12088'.
Found async reset \rst_n in `\cv32e40p_id_stage$cv32e40p_core.id_stage_i.$proc$/workspace/incremental-synthesis/benchmarks/cv32e40p-eco-001-base/core/common/normalized_cv32e40p.v:34217$12086'.
Found async reset \rst_n in `\cv32e40p_id_stage$cv32e40p_core.id_stage_i.$proc$/workspace/incremental-synthesis/benchmarks/cv32e40p-eco-001-base/core/common/normalized_cv32e40p.v:34214$12084'.
Found async reset \rst_n in `\cv32e40p_id_stage$cv32e40p_core.id_stage_i.$proc$/workspace/incremental-synthesis/benchmarks/cv32e40p-eco-001-base/core/common/normalized_cv32e40p.v:34211$12082'.
Found async reset \rst_n in `\cv32e40p_id_stage$cv32e40p_core.id_stage_i.$proc$/workspace/incremental-synthesis/benchmarks/cv32e40p-eco-001-base/core/common/normalized_cv32e40p.v:34208$12080'.
Found async reset \rst_n in `\cv32e40p_id_stage$cv32e40p_core.id_stage_i.$proc$/workspace/incremental-synthesis/benchmarks/cv32e40p-eco-001-base/core/common/normalized_cv32e40p.v:34205$12078'.
Found async reset \rst_n in `\cv32e40p_id_stage$cv32e40p_core.id_stage_i.$proc$/workspace/incremental-synthesis/benchmarks/cv32e40p-eco-001-base/core/common/normalized_cv32e40p.v:34202$12076'.
Found async reset \rst_n in `\cv32e40p_id_stage$cv32e40p_core.id_stage_i.$proc$/workspace/incremental-synthesis/benchmarks/cv32e40p-eco-001-base/core/common/normalized_cv32e40p.v:34199$12074'.
Found async reset \rst_n in `\cv32e40p_id_stage$cv32e40p_core.id_stage_i.$proc$/workspace/incremental-synthesis/benchmarks/cv32e40p-eco-001-base/core/common/normalized_cv32e40p.v:34196$12072'.
Found async reset \rst_n in `\cv32e40p_id_stage$cv32e40p_core.id_stage_i.$proc$/workspace/incremental-synthesis/benchmarks/cv32e40p-eco-001-base/core/common/normalized_cv32e40p.v:34193$12070'.
Found async reset \rst_n in `\cv32e40p_id_stage$cv32e40p_core.id_stage_i.$proc$/workspace/incremental-synthesis/benchmarks/cv32e40p-eco-001-base/core/common/normalized_cv32e40p.v:34190$12068'.
Found async reset \rst_n in `\cv32e40p_id_stage$cv32e40p_core.id_stage_i.$proc$/workspace/incremental-synthesis/benchmarks/cv32e40p-eco-001-base/core/common/normalized_cv32e40p.v:34187$12066'.
Found async reset \rst_n in `\cv32e40p_id_stage$cv32e40p_core.id_stage_i.$proc$/workspace/incremental-synthesis/benchmarks/cv32e40p-eco-001-base/core/common/normalized_cv32e40p.v:34184$12064'.
Found async reset \rst_n in `\cv32e40p_id_stage$cv32e40p_core.id_stage_i.$proc$/workspace/incremental-synthesis/benchmarks/cv32e40p-eco-001-base/core/common/normalized_cv32e40p.v:34181$12062'.
Found async reset \rst_n in `\cv32e40p_id_stage$cv32e40p_core.id_stage_i.$proc$/workspace/incremental-synthesis/benchmarks/cv32e40p-eco-001-base/core/common/normalized_cv32e40p.v:34178$12060'.
Found async reset \rst_n in `\cv32e40p_id_stage$cv32e40p_core.id_stage_i.$proc$/workspace/incremental-synthesis/benchmarks/cv32e40p-eco-001-base/core/common/normalized_cv32e40p.v:34175$12058'.
Found async reset \rst_n in `\cv32e40p_id_stage$cv32e40p_core.id_stage_i.$proc$/workspace/incremental-synthesis/benchmarks/cv32e40p-eco-001-base/core/common/normalized_cv32e40p.v:34172$12056'.
Found async reset \rst_n in `\cv32e40p_id_stage$cv32e40p_core.id_stage_i.$proc$/workspace/incremental-synthesis/benchmarks/cv32e40p-eco-001-base/core/common/normalized_cv32e40p.v:34169$12054'.
Found async reset \rst_n in `\cv32e40p_id_stage$cv32e40p_core.id_stage_i.$proc$/workspace/incremental-synthesis/benchmarks/cv32e40p-eco-001-base/core/common/normalized_cv32e40p.v:34166$12052'.
Found async reset \rst_n in `\cv32e40p_id_stage$cv32e40p_core.id_stage_i.$proc$/workspace/incremental-synthesis/benchmarks/cv32e40p-eco-001-base/core/common/normalized_cv32e40p.v:34163$12050'.
Found async reset \rst_n in `\cv32e40p_id_stage$cv32e40p_core.id_stage_i.$proc$/workspace/incremental-synthesis/benchmarks/cv32e40p-eco-001-base/core/common/normalized_cv32e40p.v:34160$12048'.
Found async reset \rst_n in `\cv32e40p_hwloop_regs$cv32e40p_core.id_stage_i.gen_hwloop_regs.hwloop_regs_i.$proc$/workspace/incremental-synthesis/benchmarks/cv32e40p-eco-001-base/core/common/normalized_cv32e40p.v:31833$11854'.
Found async reset \rst_n in `\cv32e40p_hwloop_regs$cv32e40p_core.id_stage_i.gen_hwloop_regs.hwloop_regs_i.$proc$/workspace/incremental-synthesis/benchmarks/cv32e40p-eco-001-base/core/common/normalized_cv32e40p.v:31830$11852'.
Found async reset \rst_n in `\cv32e40p_hwloop_regs$cv32e40p_core.id_stage_i.gen_hwloop_regs.hwloop_regs_i.$proc$/workspace/incremental-synthesis/benchmarks/cv32e40p-eco-001-base/core/common/normalized_cv32e40p.v:31827$11850'.
Found async reset \rst_n in `\cv32e40p_hwloop_regs$cv32e40p_core.id_stage_i.gen_hwloop_regs.hwloop_regs_i.$proc$/workspace/incremental-synthesis/benchmarks/cv32e40p-eco-001-base/core/common/normalized_cv32e40p.v:31824$11848'.
Found async reset \rst_n in `\cv32e40p_hwloop_regs$cv32e40p_core.id_stage_i.gen_hwloop_regs.hwloop_regs_i.$proc$/workspace/incremental-synthesis/benchmarks/cv32e40p-eco-001-base/core/common/normalized_cv32e40p.v:31821$11846'.
Found async reset \rst_n in `\cv32e40p_hwloop_regs$cv32e40p_core.id_stage_i.gen_hwloop_regs.hwloop_regs_i.$proc$/workspace/incremental-synthesis/benchmarks/cv32e40p-eco-001-base/core/common/normalized_cv32e40p.v:31818$11844'.
Found async reset \rst_ni in `\cv32e40p_fifo$cv32e40p_core.if_stage_i.prefetch_buffer_i.fifo_i.$proc$/workspace/incremental-synthesis/benchmarks/cv32e40p-eco-001-base/core/common/normalized_cv32e40p.v:31628$11798'.
Found async reset \rst_ni in `\cv32e40p_fifo$cv32e40p_core.if_stage_i.prefetch_buffer_i.fifo_i.$proc$/workspace/incremental-synthesis/benchmarks/cv32e40p-eco-001-base/core/common/normalized_cv32e40p.v:31625$11796'.
Found async reset \rst_ni in `\cv32e40p_fifo$cv32e40p_core.if_stage_i.prefetch_buffer_i.fifo_i.$proc$/workspace/incremental-synthesis/benchmarks/cv32e40p-eco-001-base/core/common/normalized_cv32e40p.v:31622$11794'.
Found async reset \rst_ni in `\cv32e40p_fifo$cv32e40p_core.if_stage_i.prefetch_buffer_i.fifo_i.$proc$/workspace/incremental-synthesis/benchmarks/cv32e40p-eco-001-base/core/common/normalized_cv32e40p.v:31619$11792'.
Found async reset \rst_ni in `\cv32e40p_fifo$cv32e40p_core.if_stage_i.prefetch_buffer_i.fifo_i.$proc$/workspace/incremental-synthesis/benchmarks/cv32e40p-eco-001-base/core/common/normalized_cv32e40p.v:31616$11790'.
Found async reset \rst_n in `\cv32e40p_ex_stage$cv32e40p_core.ex_stage_i.$proc$/workspace/incremental-synthesis/benchmarks/cv32e40p-eco-001-base/core/common/normalized_cv32e40p.v:30982$11639'.
Found async reset \rst_n in `\cv32e40p_ex_stage$cv32e40p_core.ex_stage_i.$proc$/workspace/incremental-synthesis/benchmarks/cv32e40p-eco-001-base/core/common/normalized_cv32e40p.v:30979$11637'.
Found async reset \rst_n in `\cv32e40p_cs_registers$cv32e40p_core.cs_registers_i.$proc$/workspace/incremental-synthesis/benchmarks/cv32e40p-eco-001-base/core/common/normalized_cv32e40p.v:17751$5232'.
Found async reset \rst_n in `\cv32e40p_cs_registers$cv32e40p_core.cs_registers_i.$proc$/workspace/incremental-synthesis/benchmarks/cv32e40p-eco-001-base/core/common/normalized_cv32e40p.v:17748$5230'.
Found async reset \rst_n in `\cv32e40p_cs_registers$cv32e40p_core.cs_registers_i.$proc$/workspace/incremental-synthesis/benchmarks/cv32e40p-eco-001-base/core/common/normalized_cv32e40p.v:17745$5228'.
Found async reset \rst_n in `\cv32e40p_cs_registers$cv32e40p_core.cs_registers_i.$proc$/workspace/incremental-synthesis/benchmarks/cv32e40p-eco-001-base/core/common/normalized_cv32e40p.v:17742$5226'.
Found async reset \rst_n in `\cv32e40p_cs_registers$cv32e40p_core.cs_registers_i.$proc$/workspace/incremental-synthesis/benchmarks/cv32e40p-eco-001-base/core/common/normalized_cv32e40p.v:17739$5224'.
Found async reset \rst_n in `\cv32e40p_cs_registers$cv32e40p_core.cs_registers_i.$proc$/workspace/incremental-synthesis/benchmarks/cv32e40p-eco-001-base/core/common/normalized_cv32e40p.v:17736$5222'.
Found async reset \rst_n in `\cv32e40p_cs_registers$cv32e40p_core.cs_registers_i.$proc$/workspace/incremental-synthesis/benchmarks/cv32e40p-eco-001-base/core/common/normalized_cv32e40p.v:17733$5220'.
Found async reset \rst_n in `\cv32e40p_cs_registers$cv32e40p_core.cs_registers_i.$proc$/workspace/incremental-synthesis/benchmarks/cv32e40p-eco-001-base/core/common/normalized_cv32e40p.v:17730$5218'.
Found async reset \rst_n in `\cv32e40p_cs_registers$cv32e40p_core.cs_registers_i.$proc$/workspace/incremental-synthesis/benchmarks/cv32e40p-eco-001-base/core/common/normalized_cv32e40p.v:17727$5216'.
Found async reset \rst_n in `\cv32e40p_cs_registers$cv32e40p_core.cs_registers_i.$proc$/workspace/incremental-synthesis/benchmarks/cv32e40p-eco-001-base/core/common/normalized_cv32e40p.v:17724$5214'.
Found async reset \rst_n in `\cv32e40p_cs_registers$cv32e40p_core.cs_registers_i.$proc$/workspace/incremental-synthesis/benchmarks/cv32e40p-eco-001-base/core/common/normalized_cv32e40p.v:17720$5212'.
Found async reset \rst_n in `\cv32e40p_cs_registers$cv32e40p_core.cs_registers_i.$proc$/workspace/incremental-synthesis/benchmarks/cv32e40p-eco-001-base/core/common/normalized_cv32e40p.v:17715$5210'.
Found async reset \rst_n in `\cv32e40p_cs_registers$cv32e40p_core.cs_registers_i.$proc$/workspace/incremental-synthesis/benchmarks/cv32e40p-eco-001-base/core/common/normalized_cv32e40p.v:17710$5208'.
Found async reset \rst_n in `\cv32e40p_cs_registers$cv32e40p_core.cs_registers_i.$proc$/workspace/incremental-synthesis/benchmarks/cv32e40p-eco-001-base/core/common/normalized_cv32e40p.v:17705$5206'.
Found async reset \rst_n in `\cv32e40p_cs_registers$cv32e40p_core.cs_registers_i.$proc$/workspace/incremental-synthesis/benchmarks/cv32e40p-eco-001-base/core/common/normalized_cv32e40p.v:17701$5204'.
Found async reset \rst_n in `\cv32e40p_cs_registers$cv32e40p_core.cs_registers_i.$proc$/workspace/incremental-synthesis/benchmarks/cv32e40p-eco-001-base/core/common/normalized_cv32e40p.v:17697$5202'.
Found async reset \rst_n in `\cv32e40p_cs_registers$cv32e40p_core.cs_registers_i.$proc$/workspace/incremental-synthesis/benchmarks/cv32e40p-eco-001-base/core/common/normalized_cv32e40p.v:17692$5200'.
Found async reset \rst_n in `\cv32e40p_cs_registers$cv32e40p_core.cs_registers_i.$proc$/workspace/incremental-synthesis/benchmarks/cv32e40p-eco-001-base/core/common/normalized_cv32e40p.v:17687$5198'.
Found async reset \rst_n in `\cv32e40p_cs_registers$cv32e40p_core.cs_registers_i.$proc$/workspace/incremental-synthesis/benchmarks/cv32e40p-eco-001-base/core/common/normalized_cv32e40p.v:17683$5196'.
Found async reset \rst_n in `\cv32e40p_cs_registers$cv32e40p_core.cs_registers_i.$proc$/workspace/incremental-synthesis/benchmarks/cv32e40p-eco-001-base/core/common/normalized_cv32e40p.v:17680$5194'.
Found async reset \rst_n in `\cv32e40p_cs_registers$cv32e40p_core.cs_registers_i.$proc$/workspace/incremental-synthesis/benchmarks/cv32e40p-eco-001-base/core/common/normalized_cv32e40p.v:17677$5192'.
Found async reset \rst_n in `\cv32e40p_cs_registers$cv32e40p_core.cs_registers_i.$proc$/workspace/incremental-synthesis/benchmarks/cv32e40p-eco-001-base/core/common/normalized_cv32e40p.v:17674$5190'.
Found async reset \rst_n in `\cv32e40p_cs_registers$cv32e40p_core.cs_registers_i.$proc$/workspace/incremental-synthesis/benchmarks/cv32e40p-eco-001-base/core/common/normalized_cv32e40p.v:17671$5188'.
Found async reset \rst_n in `\cv32e40p_cs_registers$cv32e40p_core.cs_registers_i.$proc$/workspace/incremental-synthesis/benchmarks/cv32e40p-eco-001-base/core/common/normalized_cv32e40p.v:17668$5186'.
Found async reset \rst_n in `\cv32e40p_cs_registers$cv32e40p_core.cs_registers_i.$proc$/workspace/incremental-synthesis/benchmarks/cv32e40p-eco-001-base/core/common/normalized_cv32e40p.v:17665$5184'.
Found async reset \rst_n in `\cv32e40p_cs_registers$cv32e40p_core.cs_registers_i.$proc$/workspace/incremental-synthesis/benchmarks/cv32e40p-eco-001-base/core/common/normalized_cv32e40p.v:17662$5182'.
Found async reset \rst_n in `\cv32e40p_cs_registers$cv32e40p_core.cs_registers_i.$proc$/workspace/incremental-synthesis/benchmarks/cv32e40p-eco-001-base/core/common/normalized_cv32e40p.v:17659$5180'.
Found async reset \rst_n in `\cv32e40p_cs_registers$cv32e40p_core.cs_registers_i.$proc$/workspace/incremental-synthesis/benchmarks/cv32e40p-eco-001-base/core/common/normalized_cv32e40p.v:17656$5178'.
Found async reset \rst_n in `\cv32e40p_cs_registers$cv32e40p_core.cs_registers_i.$proc$/workspace/incremental-synthesis/benchmarks/cv32e40p-eco-001-base/core/common/normalized_cv32e40p.v:17653$5176'.
Found async reset \rst_n in `\cv32e40p_cs_registers$cv32e40p_core.cs_registers_i.$proc$/workspace/incremental-synthesis/benchmarks/cv32e40p-eco-001-base/core/common/normalized_cv32e40p.v:17650$5174'.
Found async reset \rst_n in `\cv32e40p_cs_registers$cv32e40p_core.cs_registers_i.$proc$/workspace/incremental-synthesis/benchmarks/cv32e40p-eco-001-base/core/common/normalized_cv32e40p.v:17647$5172'.
Found async reset \rst_n in `\cv32e40p_cs_registers$cv32e40p_core.cs_registers_i.$proc$/workspace/incremental-synthesis/benchmarks/cv32e40p-eco-001-base/core/common/normalized_cv32e40p.v:17644$5170'.
Found async reset \rst_n in `\cv32e40p_cs_registers$cv32e40p_core.cs_registers_i.$proc$/workspace/incremental-synthesis/benchmarks/cv32e40p-eco-001-base/core/common/normalized_cv32e40p.v:17641$5168'.
Found async reset \rst_n in `\cv32e40p_cs_registers$cv32e40p_core.cs_registers_i.$proc$/workspace/incremental-synthesis/benchmarks/cv32e40p-eco-001-base/core/common/normalized_cv32e40p.v:17638$5166'.
Found async reset \rst_n in `\cv32e40p_cs_registers$cv32e40p_core.cs_registers_i.$proc$/workspace/incremental-synthesis/benchmarks/cv32e40p-eco-001-base/core/common/normalized_cv32e40p.v:17635$5164'.
Found async reset \rst_n in `\cv32e40p_cs_registers$cv32e40p_core.cs_registers_i.$proc$/workspace/incremental-synthesis/benchmarks/cv32e40p-eco-001-base/core/common/normalized_cv32e40p.v:17632$5162'.
Found async reset \rst_n in `\cv32e40p_cs_registers$cv32e40p_core.cs_registers_i.$proc$/workspace/incremental-synthesis/benchmarks/cv32e40p-eco-001-base/core/common/normalized_cv32e40p.v:17629$5160'.
Found async reset \rst_n in `\cv32e40p_cs_registers$cv32e40p_core.cs_registers_i.$proc$/workspace/incremental-synthesis/benchmarks/cv32e40p-eco-001-base/core/common/normalized_cv32e40p.v:17626$5158'.
Found async reset \rst_n in `\cv32e40p_cs_registers$cv32e40p_core.cs_registers_i.$proc$/workspace/incremental-synthesis/benchmarks/cv32e40p-eco-001-base/core/common/normalized_cv32e40p.v:17623$5156'.
Found async reset \rst_n in `\cv32e40p_controller$cv32e40p_core.id_stage_i.controller_i.$proc$/workspace/incremental-synthesis/benchmarks/cv32e40p-eco-001-base/core/common/normalized_cv32e40p.v:10360$2235'.
Found async reset \rst_n in `\cv32e40p_controller$cv32e40p_core.id_stage_i.controller_i.$proc$/workspace/incremental-synthesis/benchmarks/cv32e40p-eco-001-base/core/common/normalized_cv32e40p.v:10357$2233'.
Found async reset \rst_n in `\cv32e40p_controller$cv32e40p_core.id_stage_i.controller_i.$proc$/workspace/incremental-synthesis/benchmarks/cv32e40p-eco-001-base/core/common/normalized_cv32e40p.v:10354$2231'.
Found async reset \rst_n in `\cv32e40p_controller$cv32e40p_core.id_stage_i.controller_i.$proc$/workspace/incremental-synthesis/benchmarks/cv32e40p-eco-001-base/core/common/normalized_cv32e40p.v:10351$2229'.
Found async reset \rst_n in `\cv32e40p_controller$cv32e40p_core.id_stage_i.controller_i.$proc$/workspace/incremental-synthesis/benchmarks/cv32e40p-eco-001-base/core/common/normalized_cv32e40p.v:10348$2227'.
Found async reset \rst_n in `\cv32e40p_controller$cv32e40p_core.id_stage_i.controller_i.$proc$/workspace/incremental-synthesis/benchmarks/cv32e40p-eco-001-base/core/common/normalized_cv32e40p.v:10345$2225'.
Found async reset \rst_n in `\cv32e40p_controller$cv32e40p_core.id_stage_i.controller_i.$proc$/workspace/incremental-synthesis/benchmarks/cv32e40p-eco-001-base/core/common/normalized_cv32e40p.v:10342$2223'.
Found async reset \rst_n in `\cv32e40p_controller$cv32e40p_core.id_stage_i.controller_i.$proc$/workspace/incremental-synthesis/benchmarks/cv32e40p-eco-001-base/core/common/normalized_cv32e40p.v:10339$2221'.
Found async reset \rst_n in `\cv32e40p_controller$cv32e40p_core.id_stage_i.controller_i.$proc$/workspace/incremental-synthesis/benchmarks/cv32e40p-eco-001-base/core/common/normalized_cv32e40p.v:10336$2219'.
Found async reset \rst_n in `\cv32e40p_controller$cv32e40p_core.id_stage_i.controller_i.$proc$/workspace/incremental-synthesis/benchmarks/cv32e40p-eco-001-base/core/common/normalized_cv32e40p.v:10333$2217'.
Found async reset \Rst_RBI in `\cv32e40p_alu_div$cv32e40p_core.ex_stage_i.alu_i.alu_div_i.$proc$/workspace/incremental-synthesis/benchmarks/cv32e40p-eco-001-base/core/common/normalized_cv32e40p.v:2620$896'.
Found async reset \Rst_RBI in `\cv32e40p_alu_div$cv32e40p_core.ex_stage_i.alu_i.alu_div_i.$proc$/workspace/incremental-synthesis/benchmarks/cv32e40p-eco-001-base/core/common/normalized_cv32e40p.v:2617$894'.
Found async reset \Rst_RBI in `\cv32e40p_alu_div$cv32e40p_core.ex_stage_i.alu_i.alu_div_i.$proc$/workspace/incremental-synthesis/benchmarks/cv32e40p-eco-001-base/core/common/normalized_cv32e40p.v:2614$892'.
Found async reset \Rst_RBI in `\cv32e40p_alu_div$cv32e40p_core.ex_stage_i.alu_i.alu_div_i.$proc$/workspace/incremental-synthesis/benchmarks/cv32e40p-eco-001-base/core/common/normalized_cv32e40p.v:2611$890'.
Found async reset \Rst_RBI in `\cv32e40p_alu_div$cv32e40p_core.ex_stage_i.alu_i.alu_div_i.$proc$/workspace/incremental-synthesis/benchmarks/cv32e40p-eco-001-base/core/common/normalized_cv32e40p.v:2608$888'.
Found async reset \Rst_RBI in `\cv32e40p_alu_div$cv32e40p_core.ex_stage_i.alu_i.alu_div_i.$proc$/workspace/incremental-synthesis/benchmarks/cv32e40p-eco-001-base/core/common/normalized_cv32e40p.v:2605$886'.
Found async reset \Rst_RBI in `\cv32e40p_alu_div$cv32e40p_core.ex_stage_i.alu_i.alu_div_i.$proc$/workspace/incremental-synthesis/benchmarks/cv32e40p-eco-001-base/core/common/normalized_cv32e40p.v:2602$884'.
Found async reset \Rst_RBI in `\cv32e40p_alu_div$cv32e40p_core.ex_stage_i.alu_i.alu_div_i.$proc$/workspace/incremental-synthesis/benchmarks/cv32e40p-eco-001-base/core/common/normalized_cv32e40p.v:2599$882'.
Found async reset \rst_n in `\cv32e40p_aligner$cv32e40p_core.if_stage_i.aligner_i.$proc$/workspace/incremental-synthesis/benchmarks/cv32e40p-eco-001-base/core/common/normalized_cv32e40p.v:344$69'.
Found async reset \rst_n in `\cv32e40p_aligner$cv32e40p_core.if_stage_i.aligner_i.$proc$/workspace/incremental-synthesis/benchmarks/cv32e40p-eco-001-base/core/common/normalized_cv32e40p.v:341$67'.
Found async reset \rst_n in `\cv32e40p_aligner$cv32e40p_core.if_stage_i.aligner_i.$proc$/workspace/incremental-synthesis/benchmarks/cv32e40p-eco-001-base/core/common/normalized_cv32e40p.v:338$65'.
Found async reset \rst_n in `\cv32e40p_aligner$cv32e40p_core.if_stage_i.aligner_i.$proc$/workspace/incremental-synthesis/benchmarks/cv32e40p-eco-001-base/core/common/normalized_cv32e40p.v:335$63'.
Found async reset \rst_n in `\cv32e40p_aligner$cv32e40p_core.if_stage_i.aligner_i.$proc$/workspace/incremental-synthesis/benchmarks/cv32e40p-eco-001-base/core/common/normalized_cv32e40p.v:332$61'.
Found async reset \rst_n in `\cv32e40p_aligner$cv32e40p_core.if_stage_i.aligner_i.$proc$/workspace/incremental-synthesis/benchmarks/cv32e40p-eco-001-base/core/common/normalized_cv32e40p.v:329$59'.

3.6. Executing PROC_ROM pass (convert switches to ROMs).
Converted 0 switches.
<suppressed ~2 debug messages>

3.7. Executing PROC_MUX pass (convert decision trees to multiplexers).
Creating decoders for process `\cv32e40p_sleep_unit$cv32e40p_core.sleep_unit_i.$proc$/workspace/incremental-synthesis/benchmarks/cv32e40p-eco-001-base/core/common/normalized_cv32e40p.v:42425$14522'.
     1/1: $0\p_elw_busy_q[0:0]
Creating decoders for process `\cv32e40p_sleep_unit$cv32e40p_core.sleep_unit_i.$proc$/workspace/incremental-synthesis/benchmarks/cv32e40p-eco-001-base/core/common/normalized_cv32e40p.v:42422$14520'.
     1/1: $0\fetch_enable_q[0:0]
Creating decoders for process `\cv32e40p_sleep_unit$cv32e40p_core.sleep_unit_i.$proc$/workspace/incremental-synthesis/benchmarks/cv32e40p-eco-001-base/core/common/normalized_cv32e40p.v:42419$14518'.
     1/1: $0\core_busy_q[0:0]
Creating decoders for process `\cv32e40p_register_file$cv32e40p_core.id_stage_i.register_file_i.$proc$/workspace/incremental-synthesis/benchmarks/cv32e40p-eco-001-base/core/common/normalized_cv32e40p.v:42001$14414'.
     1/1: $0\mem[319:288]
Creating decoders for process `\cv32e40p_register_file$cv32e40p_core.id_stage_i.register_file_i.$proc$/workspace/incremental-synthesis/benchmarks/cv32e40p-eco-001-base/core/common/normalized_cv32e40p.v:41998$14412'.
     1/1: $0\mem[287:256]
Creating decoders for process `\cv32e40p_register_file$cv32e40p_core.id_stage_i.register_file_i.$proc$/workspace/incremental-synthesis/benchmarks/cv32e40p-eco-001-base/core/common/normalized_cv32e40p.v:41995$14410'.
     1/1: $0\mem[255:224]
Creating decoders for process `\cv32e40p_register_file$cv32e40p_core.id_stage_i.register_file_i.$proc$/workspace/incremental-synthesis/benchmarks/cv32e40p-eco-001-base/core/common/normalized_cv32e40p.v:41992$14408'.
     1/1: $0\mem[223:192]
Creating decoders for process `\cv32e40p_register_file$cv32e40p_core.id_stage_i.register_file_i.$proc$/workspace/incremental-synthesis/benchmarks/cv32e40p-eco-001-base/core/common/normalized_cv32e40p.v:41989$14406'.
     1/1: $0\mem[191:160]
Creating decoders for process `\cv32e40p_register_file$cv32e40p_core.id_stage_i.register_file_i.$proc$/workspace/incremental-synthesis/benchmarks/cv32e40p-eco-001-base/core/common/normalized_cv32e40p.v:41986$14404'.
     1/1: $0\mem[159:128]
Creating decoders for process `\cv32e40p_register_file$cv32e40p_core.id_stage_i.register_file_i.$proc$/workspace/incremental-synthesis/benchmarks/cv32e40p-eco-001-base/core/common/normalized_cv32e40p.v:41983$14402'.
     1/1: $0\mem[127:96]
Creating decoders for process `\cv32e40p_register_file$cv32e40p_core.id_stage_i.register_file_i.$proc$/workspace/incremental-synthesis/benchmarks/cv32e40p-eco-001-base/core/common/normalized_cv32e40p.v:41980$14400'.
     1/1: $0\mem[1023:992]
Creating decoders for process `\cv32e40p_register_file$cv32e40p_core.id_stage_i.register_file_i.$proc$/workspace/incremental-synthesis/benchmarks/cv32e40p-eco-001-base/core/common/normalized_cv32e40p.v:41977$14398'.
     1/1: $0\mem[991:960]
Creating decoders for process `\cv32e40p_register_file$cv32e40p_core.id_stage_i.register_file_i.$proc$/workspace/incremental-synthesis/benchmarks/cv32e40p-eco-001-base/core/common/normalized_cv32e40p.v:41974$14396'.
     1/1: $0\mem[95:64]
Creating decoders for process `\cv32e40p_register_file$cv32e40p_core.id_stage_i.register_file_i.$proc$/workspace/incremental-synthesis/benchmarks/cv32e40p-eco-001-base/core/common/normalized_cv32e40p.v:41971$14394'.
     1/1: $0\mem[959:928]
Creating decoders for process `\cv32e40p_register_file$cv32e40p_core.id_stage_i.register_file_i.$proc$/workspace/incremental-synthesis/benchmarks/cv32e40p-eco-001-base/core/common/normalized_cv32e40p.v:41968$14392'.
     1/1: $0\mem[927:896]
Creating decoders for process `\cv32e40p_register_file$cv32e40p_core.id_stage_i.register_file_i.$proc$/workspace/incremental-synthesis/benchmarks/cv32e40p-eco-001-base/core/common/normalized_cv32e40p.v:41965$14390'.
     1/1: $0\mem[895:864]
Creating decoders for process `\cv32e40p_register_file$cv32e40p_core.id_stage_i.register_file_i.$proc$/workspace/incremental-synthesis/benchmarks/cv32e40p-eco-001-base/core/common/normalized_cv32e40p.v:41962$14388'.
     1/1: $0\mem[863:832]
Creating decoders for process `\cv32e40p_register_file$cv32e40p_core.id_stage_i.register_file_i.$proc$/workspace/incremental-synthesis/benchmarks/cv32e40p-eco-001-base/core/common/normalized_cv32e40p.v:41959$14386'.
     1/1: $0\mem[831:800]
Creating decoders for process `\cv32e40p_register_file$cv32e40p_core.id_stage_i.register_file_i.$proc$/workspace/incremental-synthesis/benchmarks/cv32e40p-eco-001-base/core/common/normalized_cv32e40p.v:41956$14384'.
     1/1: $0\mem[799:768]
Creating decoders for process `\cv32e40p_register_file$cv32e40p_core.id_stage_i.register_file_i.$proc$/workspace/incremental-synthesis/benchmarks/cv32e40p-eco-001-base/core/common/normalized_cv32e40p.v:41953$14382'.
     1/1: $0\mem[767:736]
Creating decoders for process `\cv32e40p_register_file$cv32e40p_core.id_stage_i.register_file_i.$proc$/workspace/incremental-synthesis/benchmarks/cv32e40p-eco-001-base/core/common/normalized_cv32e40p.v:41950$14380'.
     1/1: $0\mem[735:704]
Creating decoders for process `\cv32e40p_register_file$cv32e40p_core.id_stage_i.register_file_i.$proc$/workspace/incremental-synthesis/benchmarks/cv32e40p-eco-001-base/core/common/normalized_cv32e40p.v:41947$14378'.
     1/1: $0\mem[703:672]
Creating decoders for process `\cv32e40p_register_file$cv32e40p_core.id_stage_i.register_file_i.$proc$/workspace/incremental-synthesis/benchmarks/cv32e40p-eco-001-base/core/common/normalized_cv32e40p.v:41944$14376'.
     1/1: $0\mem[671:640]
Creating decoders for process `\cv32e40p_register_file$cv32e40p_core.id_stage_i.register_file_i.$proc$/workspace/incremental-synthesis/benchmarks/cv32e40p-eco-001-base/core/common/normalized_cv32e40p.v:41941$14374'.
     1/1: $0\mem[63:32]
Creating decoders for process `\cv32e40p_register_file$cv32e40p_core.id_stage_i.register_file_i.$proc$/workspace/incremental-synthesis/benchmarks/cv32e40p-eco-001-base/core/common/normalized_cv32e40p.v:41938$14372'.
     1/1: $0\mem[639:608]
Creating decoders for process `\cv32e40p_register_file$cv32e40p_core.id_stage_i.register_file_i.$proc$/workspace/incremental-synthesis/benchmarks/cv32e40p-eco-001-base/core/common/normalized_cv32e40p.v:41935$14370'.
     1/1: $0\mem[607:576]
Creating decoders for process `\cv32e40p_register_file$cv32e40p_core.id_stage_i.register_file_i.$proc$/workspace/incremental-synthesis/benchmarks/cv32e40p-eco-001-base/core/common/normalized_cv32e40p.v:41932$14368'.
     1/1: $0\mem[575:544]
Creating decoders for process `\cv32e40p_register_file$cv32e40p_core.id_stage_i.register_file_i.$proc$/workspace/incremental-synthesis/benchmarks/cv32e40p-eco-001-base/core/common/normalized_cv32e40p.v:41929$14366'.
     1/1: $0\mem[543:512]
Creating decoders for process `\cv32e40p_register_file$cv32e40p_core.id_stage_i.register_file_i.$proc$/workspace/incremental-synthesis/benchmarks/cv32e40p-eco-001-base/core/common/normalized_cv32e40p.v:41926$14364'.
     1/1: $0\mem[511:480]
Creating decoders for process `\cv32e40p_register_file$cv32e40p_core.id_stage_i.register_file_i.$proc$/workspace/incremental-synthesis/benchmarks/cv32e40p-eco-001-base/core/common/normalized_cv32e40p.v:41923$14362'.
     1/1: $0\mem[479:448]
Creating decoders for process `\cv32e40p_register_file$cv32e40p_core.id_stage_i.register_file_i.$proc$/workspace/incremental-synthesis/benchmarks/cv32e40p-eco-001-base/core/common/normalized_cv32e40p.v:41920$14360'.
     1/1: $0\mem[447:416]
Creating decoders for process `\cv32e40p_register_file$cv32e40p_core.id_stage_i.register_file_i.$proc$/workspace/incremental-synthesis/benchmarks/cv32e40p-eco-001-base/core/common/normalized_cv32e40p.v:41917$14358'.
     1/1: $0\mem[415:384]
Creating decoders for process `\cv32e40p_register_file$cv32e40p_core.id_stage_i.register_file_i.$proc$/workspace/incremental-synthesis/benchmarks/cv32e40p-eco-001-base/core/common/normalized_cv32e40p.v:41914$14356'.
     1/1: $0\mem[383:352]
Creating decoders for process `\cv32e40p_register_file$cv32e40p_core.id_stage_i.register_file_i.$proc$/workspace/incremental-synthesis/benchmarks/cv32e40p-eco-001-base/core/common/normalized_cv32e40p.v:41911$14354'.
     1/1: $0\mem[351:320]
Creating decoders for process `\cv32e40p_register_file$cv32e40p_core.id_stage_i.register_file_i.$proc$/workspace/incremental-synthesis/benchmarks/cv32e40p-eco-001-base/core/common/normalized_cv32e40p.v:41908$14352'.
     1/1: $0\mem[31:0]
Creating decoders for process `\cv32e40p_prefetch_controller$cv32e40p_core.if_stage_i.prefetch_buffer_i.prefetch_controller_i.$proc$/workspace/incremental-synthesis/benchmarks/cv32e40p-eco-001-base/core/common/normalized_cv32e40p.v:40791$13950'.
     1/1: $0\trans_addr_q[31:0]
Creating decoders for process `\cv32e40p_prefetch_controller$cv32e40p_core.if_stage_i.prefetch_buffer_i.prefetch_controller_i.$proc$/workspace/incremental-synthesis/benchmarks/cv32e40p-eco-001-base/core/common/normalized_cv32e40p.v:40788$13948'.
     1/1: $0\state_q[0:0]
Creating decoders for process `\cv32e40p_prefetch_controller$cv32e40p_core.if_stage_i.prefetch_buffer_i.prefetch_controller_i.$proc$/workspace/incremental-synthesis/benchmarks/cv32e40p-eco-001-base/core/common/normalized_cv32e40p.v:40785$13946'.
     1/1: $0\hwlp_flush_cnt_delayed_q[1:0]
Creating decoders for process `\cv32e40p_prefetch_controller$cv32e40p_core.if_stage_i.prefetch_buffer_i.prefetch_controller_i.$proc$/workspace/incremental-synthesis/benchmarks/cv32e40p-eco-001-base/core/common/normalized_cv32e40p.v:40782$13944'.
     1/1: $0\hwlp_flush_after_resp[0:0]
Creating decoders for process `\cv32e40p_prefetch_controller$cv32e40p_core.if_stage_i.prefetch_buffer_i.prefetch_controller_i.$proc$/workspace/incremental-synthesis/benchmarks/cv32e40p-eco-001-base/core/common/normalized_cv32e40p.v:40779$13942'.
     1/1: $0\flush_cnt_q[1:0]
Creating decoders for process `\cv32e40p_prefetch_controller$cv32e40p_core.if_stage_i.prefetch_buffer_i.prefetch_controller_i.$proc$/workspace/incremental-synthesis/benchmarks/cv32e40p-eco-001-base/core/common/normalized_cv32e40p.v:40776$13940'.
     1/1: $0\cnt_q[1:0]
Creating decoders for process `\cv32e40p_obi_interface$cv32e40p_core.if_stage_i.prefetch_buffer_i.instruction_obi_i.$proc$/workspace/incremental-synthesis/benchmarks/cv32e40p-eco-001-base/core/common/normalized_cv32e40p.v:40145$13823'.
     1/1: $0\state_q[0:0]
Creating decoders for process `\cv32e40p_obi_interface$cv32e40p_core.if_stage_i.prefetch_buffer_i.instruction_obi_i.$proc$/workspace/incremental-synthesis/benchmarks/cv32e40p-eco-001-base/core/common/normalized_cv32e40p.v:40142$13821'.
     1/1: $0\gen_no_trans_stable.obi_we_q[0:0]
Creating decoders for process `\cv32e40p_obi_interface$cv32e40p_core.if_stage_i.prefetch_buffer_i.instruction_obi_i.$proc$/workspace/incremental-synthesis/benchmarks/cv32e40p-eco-001-base/core/common/normalized_cv32e40p.v:40139$13819'.
     1/1: $0\gen_no_trans_stable.obi_wdata_q[31:0]
Creating decoders for process `\cv32e40p_obi_interface$cv32e40p_core.if_stage_i.prefetch_buffer_i.instruction_obi_i.$proc$/workspace/incremental-synthesis/benchmarks/cv32e40p-eco-001-base/core/common/normalized_cv32e40p.v:40136$13817'.
     1/1: $0\gen_no_trans_stable.obi_be_q[3:0]
Creating decoders for process `\cv32e40p_obi_interface$cv32e40p_core.if_stage_i.prefetch_buffer_i.instruction_obi_i.$proc$/workspace/incremental-synthesis/benchmarks/cv32e40p-eco-001-base/core/common/normalized_cv32e40p.v:40133$13815'.
     1/1: $0\gen_no_trans_stable.obi_atop_q[5:0]
Creating decoders for process `\cv32e40p_obi_interface$cv32e40p_core.if_stage_i.prefetch_buffer_i.instruction_obi_i.$proc$/workspace/incremental-synthesis/benchmarks/cv32e40p-eco-001-base/core/common/normalized_cv32e40p.v:40130$13813'.
     1/1: $0\gen_no_trans_stable.obi_addr_q[31:0]
Creating decoders for process `\cv32e40p_mult$cv32e40p_core.ex_stage_i.mult_i.$proc$/workspace/incremental-synthesis/benchmarks/cv32e40p-eco-001-base/core/common/normalized_cv32e40p.v:39910$13749'.
     1/1: $0\mulh_carry_q[0:0]
Creating decoders for process `\cv32e40p_mult$cv32e40p_core.ex_stage_i.mult_i.$proc$/workspace/incremental-synthesis/benchmarks/cv32e40p-eco-001-base/core/common/normalized_cv32e40p.v:39907$13747'.
     1/1: $0\mulh_CS[2:0]
Creating decoders for process `\cv32e40p_load_store_unit$cv32e40p_core.load_store_unit_i.$proc$/workspace/incremental-synthesis/benchmarks/cv32e40p-eco-001-base/core/common/normalized_cv32e40p.v:39184$13491'.
     1/1: $0\rdata_q[31:0]
Creating decoders for process `\cv32e40p_load_store_unit$cv32e40p_core.load_store_unit_i.$proc$/workspace/incremental-synthesis/benchmarks/cv32e40p-eco-001-base/core/common/normalized_cv32e40p.v:39181$13489'.
     1/1: $0\rdata_offset_q[1:0]
Creating decoders for process `\cv32e40p_load_store_unit$cv32e40p_core.load_store_unit_i.$proc$/workspace/incremental-synthesis/benchmarks/cv32e40p-eco-001-base/core/common/normalized_cv32e40p.v:39178$13487'.
     1/1: $0\data_we_q[0:0]
Creating decoders for process `\cv32e40p_load_store_unit$cv32e40p_core.load_store_unit_i.$proc$/workspace/incremental-synthesis/benchmarks/cv32e40p-eco-001-base/core/common/normalized_cv32e40p.v:39175$13485'.
     1/1: $0\data_type_q[1:0]
Creating decoders for process `\cv32e40p_load_store_unit$cv32e40p_core.load_store_unit_i.$proc$/workspace/incremental-synthesis/benchmarks/cv32e40p-eco-001-base/core/common/normalized_cv32e40p.v:39172$13483'.
     1/1: $0\data_sign_ext_q[1:0]
Creating decoders for process `\cv32e40p_load_store_unit$cv32e40p_core.load_store_unit_i.$proc$/workspace/incremental-synthesis/benchmarks/cv32e40p-eco-001-base/core/common/normalized_cv32e40p.v:39169$13481'.
     1/1: $0\data_load_event_q[0:0]
Creating decoders for process `\cv32e40p_load_store_unit$cv32e40p_core.load_store_unit_i.$proc$/workspace/incremental-synthesis/benchmarks/cv32e40p-eco-001-base/core/common/normalized_cv32e40p.v:39166$13479'.
     1/1: $0\cnt_q[1:0]
Creating decoders for process `\cv32e40p_int_controller$cv32e40p_core.id_stage_i.int_controller_i.$proc$/workspace/incremental-synthesis/benchmarks/cv32e40p-eco-001-base/core/common/normalized_cv32e40p.v:37482$12836'.
     1/1: $0\irq_sec_q[0:0]
Creating decoders for process `\cv32e40p_int_controller$cv32e40p_core.id_stage_i.int_controller_i.$proc$/workspace/incremental-synthesis/benchmarks/cv32e40p-eco-001-base/core/common/normalized_cv32e40p.v:37479$12834'.
     1/1: $0\irq_q[31:0]
Creating decoders for process `\cv32e40p_if_stage$cv32e40p_core.if_stage_i.$proc$/workspace/incremental-synthesis/benchmarks/cv32e40p-eco-001-base/core/common/normalized_cv32e40p.v:36225$12794'.
     1/1: $0\pc_id_o[31:0]
Creating decoders for process `\cv32e40p_if_stage$cv32e40p_core.if_stage_i.$proc$/workspace/incremental-synthesis/benchmarks/cv32e40p-eco-001-base/core/common/normalized_cv32e40p.v:36222$12792'.
     1/1: $0\is_fetch_failed_o[0:0]
Creating decoders for process `\cv32e40p_if_stage$cv32e40p_core.if_stage_i.$proc$/workspace/incremental-synthesis/benchmarks/cv32e40p-eco-001-base/core/common/normalized_cv32e40p.v:36219$12790'.
     1/1: $0\is_compressed_id_o[0:0]
Creating decoders for process `\cv32e40p_if_stage$cv32e40p_core.if_stage_i.$proc$/workspace/incremental-synthesis/benchmarks/cv32e40p-eco-001-base/core/common/normalized_cv32e40p.v:36216$12788'.
     1/1: $0\instr_valid_id_o[0:0]
Creating decoders for process `\cv32e40p_if_stage$cv32e40p_core.if_stage_i.$proc$/workspace/incremental-synthesis/benchmarks/cv32e40p-eco-001-base/core/common/normalized_cv32e40p.v:36213$12786'.
     1/1: $0\instr_rdata_id_o[31:0]
Creating decoders for process `\cv32e40p_if_stage$cv32e40p_core.if_stage_i.$proc$/workspace/incremental-synthesis/benchmarks/cv32e40p-eco-001-base/core/common/normalized_cv32e40p.v:36210$12784'.
     1/1: $0\illegal_c_insn_id_o[0:0]
Creating decoders for process `\cv32e40p_id_stage$cv32e40p_core.id_stage_i.$proc$/workspace/incremental-synthesis/benchmarks/cv32e40p-eco-001-base/core/common/normalized_cv32e40p.v:34349$12174'.
     1/1: $0\regfile_we_ex_o[0:0]
Creating decoders for process `\cv32e40p_id_stage$cv32e40p_core.id_stage_i.$proc$/workspace/incremental-synthesis/benchmarks/cv32e40p-eco-001-base/core/common/normalized_cv32e40p.v:34346$12172'.
     1/1: $0\regfile_waddr_ex_o[5:0]
Creating decoders for process `\cv32e40p_id_stage$cv32e40p_core.id_stage_i.$proc$/workspace/incremental-synthesis/benchmarks/cv32e40p-eco-001-base/core/common/normalized_cv32e40p.v:34343$12170'.
     1/1: $0\regfile_alu_we_ex_o[0:0]
Creating decoders for process `\cv32e40p_id_stage$cv32e40p_core.id_stage_i.$proc$/workspace/incremental-synthesis/benchmarks/cv32e40p-eco-001-base/core/common/normalized_cv32e40p.v:34340$12168'.
     1/1: $0\regfile_alu_waddr_ex_o[5:0]
Creating decoders for process `\cv32e40p_id_stage$cv32e40p_core.id_stage_i.$proc$/workspace/incremental-synthesis/benchmarks/cv32e40p-eco-001-base/core/common/normalized_cv32e40p.v:34337$12166'.
     1/1: $0\prepost_useincr_ex_o[0:0]
Creating decoders for process `\cv32e40p_id_stage$cv32e40p_core.id_stage_i.$proc$/workspace/incremental-synthesis/benchmarks/cv32e40p-eco-001-base/core/common/normalized_cv32e40p.v:34334$12164'.
     1/1: $0\pc_ex_o[31:0]
Creating decoders for process `\cv32e40p_id_stage$cv32e40p_core.id_stage_i.$proc$/workspace/incremental-synthesis/benchmarks/cv32e40p-eco-001-base/core/common/normalized_cv32e40p.v:34331$12162'.
     1/1: $0\mult_signed_mode_ex_o[1:0]
Creating decoders for process `\cv32e40p_id_stage$cv32e40p_core.id_stage_i.$proc$/workspace/incremental-synthesis/benchmarks/cv32e40p-eco-001-base/core/common/normalized_cv32e40p.v:34328$12160'.
     1/1: $0\mult_sel_subword_ex_o[0:0]
Creating decoders for process `\cv32e40p_id_stage$cv32e40p_core.id_stage_i.$proc$/workspace/incremental-synthesis/benchmarks/cv32e40p-eco-001-base/core/common/normalized_cv32e40p.v:34325$12158'.
     1/1: $0\mult_operator_ex_o[2:0]
Creating decoders for process `\cv32e40p_id_stage$cv32e40p_core.id_stage_i.$proc$/workspace/incremental-synthesis/benchmarks/cv32e40p-eco-001-base/core/common/normalized_cv32e40p.v:34322$12156'.
     1/1: $0\mult_operand_c_ex_o[31:0]
Creating decoders for process `\cv32e40p_id_stage$cv32e40p_core.id_stage_i.$proc$/workspace/incremental-synthesis/benchmarks/cv32e40p-eco-001-base/core/common/normalized_cv32e40p.v:34319$12154'.
     1/1: $0\mult_operand_b_ex_o[31:0]
Creating decoders for process `\cv32e40p_id_stage$cv32e40p_core.id_stage_i.$proc$/workspace/incremental-synthesis/benchmarks/cv32e40p-eco-001-base/core/common/normalized_cv32e40p.v:34316$12152'.
     1/1: $0\mult_operand_a_ex_o[31:0]
Creating decoders for process `\cv32e40p_id_stage$cv32e40p_core.id_stage_i.$proc$/workspace/incremental-synthesis/benchmarks/cv32e40p-eco-001-base/core/common/normalized_cv32e40p.v:34313$12150'.
     1/1: $0\mult_is_clpx_ex_o[0:0]
Creating decoders for process `\cv32e40p_id_stage$cv32e40p_core.id_stage_i.$proc$/workspace/incremental-synthesis/benchmarks/cv32e40p-eco-001-base/core/common/normalized_cv32e40p.v:34310$12148'.
     1/1: $0\mult_imm_ex_o[4:0]
Creating decoders for process `\cv32e40p_id_stage$cv32e40p_core.id_stage_i.$proc$/workspace/incremental-synthesis/benchmarks/cv32e40p-eco-001-base/core/common/normalized_cv32e40p.v:34307$12146'.
     1/1: $0\mult_en_ex_o[0:0]
Creating decoders for process `\cv32e40p_id_stage$cv32e40p_core.id_stage_i.$proc$/workspace/incremental-synthesis/benchmarks/cv32e40p-eco-001-base/core/common/normalized_cv32e40p.v:34304$12144'.
     1/1: $0\mult_dot_signed_ex_o[1:0]
Creating decoders for process `\cv32e40p_id_stage$cv32e40p_core.id_stage_i.$proc$/workspace/incremental-synthesis/benchmarks/cv32e40p-eco-001-base/core/common/normalized_cv32e40p.v:34301$12142'.
     1/1: $0\mult_dot_op_c_ex_o[31:0]
Creating decoders for process `\cv32e40p_id_stage$cv32e40p_core.id_stage_i.$proc$/workspace/incremental-synthesis/benchmarks/cv32e40p-eco-001-base/core/common/normalized_cv32e40p.v:34298$12140'.
     1/1: $0\mult_dot_op_b_ex_o[31:0]
Creating decoders for process `\cv32e40p_id_stage$cv32e40p_core.id_stage_i.$proc$/workspace/incremental-synthesis/benchmarks/cv32e40p-eco-001-base/core/common/normalized_cv32e40p.v:34295$12138'.
     1/1: $0\mult_dot_op_a_ex_o[31:0]
Creating decoders for process `\cv32e40p_id_stage$cv32e40p_core.id_stage_i.$proc$/workspace/incremental-synthesis/benchmarks/cv32e40p-eco-001-base/core/common/normalized_cv32e40p.v:34292$12136'.
     1/1: $0\mult_clpx_shift_ex_o[1:0]
Creating decoders for process `\cv32e40p_id_stage$cv32e40p_core.id_stage_i.$proc$/workspace/incremental-synthesis/benchmarks/cv32e40p-eco-001-base/core/common/normalized_cv32e40p.v:34289$12134'.
     1/1: $0\mult_clpx_img_ex_o[0:0]
Creating decoders for process `\cv32e40p_id_stage$cv32e40p_core.id_stage_i.$proc$/workspace/incremental-synthesis/benchmarks/cv32e40p-eco-001-base/core/common/normalized_cv32e40p.v:34286$12132'.
     1/1: $0\mhpmevent_store_o[0:0]
Creating decoders for process `\cv32e40p_id_stage$cv32e40p_core.id_stage_i.$proc$/workspace/incremental-synthesis/benchmarks/cv32e40p-eco-001-base/core/common/normalized_cv32e40p.v:34283$12130'.
     1/1: $0\mhpmevent_pipe_stall_o[0:0]
Creating decoders for process `\cv32e40p_id_stage$cv32e40p_core.id_stage_i.$proc$/workspace/incremental-synthesis/benchmarks/cv32e40p-eco-001-base/core/common/normalized_cv32e40p.v:34280$12128'.
     1/1: $0\mhpmevent_minstret_o[0:0]
Creating decoders for process `\cv32e40p_id_stage$cv32e40p_core.id_stage_i.$proc$/workspace/incremental-synthesis/benchmarks/cv32e40p-eco-001-base/core/common/normalized_cv32e40p.v:34277$12126'.
     1/1: $0\mhpmevent_load_o[0:0]
Creating decoders for process `\cv32e40p_id_stage$cv32e40p_core.id_stage_i.$proc$/workspace/incremental-synthesis/benchmarks/cv32e40p-eco-001-base/core/common/normalized_cv32e40p.v:34274$12124'.
     1/1: $0\mhpmevent_ld_stall_o[0:0]
Creating decoders for process `\cv32e40p_id_stage$cv32e40p_core.id_stage_i.$proc$/workspace/incremental-synthesis/benchmarks/cv32e40p-eco-001-base/core/common/normalized_cv32e40p.v:34271$12122'.
     1/1: $0\mhpmevent_jump_o[0:0]
Creating decoders for process `\cv32e40p_id_stage$cv32e40p_core.id_stage_i.$proc$/workspace/incremental-synthesis/benchmarks/cv32e40p-eco-001-base/core/common/normalized_cv32e40p.v:34268$12120'.
     1/1: $0\mhpmevent_jr_stall_o[0:0]
Creating decoders for process `\cv32e40p_id_stage$cv32e40p_core.id_stage_i.$proc$/workspace/incremental-synthesis/benchmarks/cv32e40p-eco-001-base/core/common/normalized_cv32e40p.v:34265$12118'.
     1/1: $0\mhpmevent_imiss_o[0:0]
Creating decoders for process `\cv32e40p_id_stage$cv32e40p_core.id_stage_i.$proc$/workspace/incremental-synthesis/benchmarks/cv32e40p-eco-001-base/core/common/normalized_cv32e40p.v:34262$12116'.
     1/1: $0\mhpmevent_compressed_o[0:0]
Creating decoders for process `\cv32e40p_id_stage$cv32e40p_core.id_stage_i.$proc$/workspace/incremental-synthesis/benchmarks/cv32e40p-eco-001-base/core/common/normalized_cv32e40p.v:34259$12114'.
     1/1: $0\mhpmevent_branch_taken_o[0:0]
Creating decoders for process `\cv32e40p_id_stage$cv32e40p_core.id_stage_i.$proc$/workspace/incremental-synthesis/benchmarks/cv32e40p-eco-001-base/core/common/normalized_cv32e40p.v:34256$12112'.
     1/1: $0\mhpmevent_branch_o[0:0]
Creating decoders for process `\cv32e40p_id_stage$cv32e40p_core.id_stage_i.$proc$/workspace/incremental-synthesis/benchmarks/cv32e40p-eco-001-base/core/common/normalized_cv32e40p.v:34253$12110'.
     1/1: $0\imm_vec_ext_ex_o[1:0]
Creating decoders for process `\cv32e40p_id_stage$cv32e40p_core.id_stage_i.$proc$/workspace/incremental-synthesis/benchmarks/cv32e40p-eco-001-base/core/common/normalized_cv32e40p.v:34250$12108'.
     1/1: $0\id_valid_q[0:0]
Creating decoders for process `\cv32e40p_id_stage$cv32e40p_core.id_stage_i.$proc$/workspace/incremental-synthesis/benchmarks/cv32e40p-eco-001-base/core/common/normalized_cv32e40p.v:34247$12106'.
     1/1: $0\data_we_ex_o[0:0]
Creating decoders for process `\cv32e40p_id_stage$cv32e40p_core.id_stage_i.$proc$/workspace/incremental-synthesis/benchmarks/cv32e40p-eco-001-base/core/common/normalized_cv32e40p.v:34244$12104'.
     1/1: $0\data_type_ex_o[1:0]
Creating decoders for process `\cv32e40p_id_stage$cv32e40p_core.id_stage_i.$proc$/workspace/incremental-synthesis/benchmarks/cv32e40p-eco-001-base/core/common/normalized_cv32e40p.v:34241$12102'.
     1/1: $0\data_sign_ext_ex_o[1:0]
Creating decoders for process `\cv32e40p_id_stage$cv32e40p_core.id_stage_i.$proc$/workspace/incremental-synthesis/benchmarks/cv32e40p-eco-001-base/core/common/normalized_cv32e40p.v:34238$12100'.
     1/1: $0\data_req_ex_o[0:0]
Creating decoders for process `\cv32e40p_id_stage$cv32e40p_core.id_stage_i.$proc$/workspace/incremental-synthesis/benchmarks/cv32e40p-eco-001-base/core/common/normalized_cv32e40p.v:34235$12098'.
     1/1: $0\data_reg_offset_ex_o[1:0]
Creating decoders for process `\cv32e40p_id_stage$cv32e40p_core.id_stage_i.$proc$/workspace/incremental-synthesis/benchmarks/cv32e40p-eco-001-base/core/common/normalized_cv32e40p.v:34232$12096'.
     1/1: $0\data_misaligned_ex_o[0:0]
Creating decoders for process `\cv32e40p_id_stage$cv32e40p_core.id_stage_i.$proc$/workspace/incremental-synthesis/benchmarks/cv32e40p-eco-001-base/core/common/normalized_cv32e40p.v:34229$12094'.
     1/1: $0\data_load_event_ex_o[0:0]
Creating decoders for process `\cv32e40p_id_stage$cv32e40p_core.id_stage_i.$proc$/workspace/incremental-synthesis/benchmarks/cv32e40p-eco-001-base/core/common/normalized_cv32e40p.v:34226$12092'.
     1/1: $0\csr_op_ex_o[1:0]
Creating decoders for process `\cv32e40p_id_stage$cv32e40p_core.id_stage_i.$proc$/workspace/incremental-synthesis/benchmarks/cv32e40p-eco-001-base/core/common/normalized_cv32e40p.v:34223$12090'.
     1/1: $0\csr_access_ex_o[0:0]
Creating decoders for process `\cv32e40p_id_stage$cv32e40p_core.id_stage_i.$proc$/workspace/incremental-synthesis/benchmarks/cv32e40p-eco-001-base/core/common/normalized_cv32e40p.v:34220$12088'.
     1/1: $0\branch_in_ex_o[0:0]
Creating decoders for process `\cv32e40p_id_stage$cv32e40p_core.id_stage_i.$proc$/workspace/incremental-synthesis/benchmarks/cv32e40p-eco-001-base/core/common/normalized_cv32e40p.v:34217$12086'.
     1/1: $0\bmask_b_ex_o[4:0]
Creating decoders for process `\cv32e40p_id_stage$cv32e40p_core.id_stage_i.$proc$/workspace/incremental-synthesis/benchmarks/cv32e40p-eco-001-base/core/common/normalized_cv32e40p.v:34214$12084'.
     1/1: $0\bmask_a_ex_o[4:0]
Creating decoders for process `\cv32e40p_id_stage$cv32e40p_core.id_stage_i.$proc$/workspace/incremental-synthesis/benchmarks/cv32e40p-eco-001-base/core/common/normalized_cv32e40p.v:34211$12082'.
     1/1: $0\atop_ex_o[5:0]
Creating decoders for process `\cv32e40p_id_stage$cv32e40p_core.id_stage_i.$proc$/workspace/incremental-synthesis/benchmarks/cv32e40p-eco-001-base/core/common/normalized_cv32e40p.v:34208$12080'.
     1/1: $0\apu_waddr_ex_o[5:0]
Creating decoders for process `\cv32e40p_id_stage$cv32e40p_core.id_stage_i.$proc$/workspace/incremental-synthesis/benchmarks/cv32e40p-eco-001-base/core/common/normalized_cv32e40p.v:34205$12078'.
     1/1: $0\apu_operands_ex_o[95:64]
Creating decoders for process `\cv32e40p_id_stage$cv32e40p_core.id_stage_i.$proc$/workspace/incremental-synthesis/benchmarks/cv32e40p-eco-001-base/core/common/normalized_cv32e40p.v:34202$12076'.
     1/1: $0\apu_operands_ex_o[63:32]
Creating decoders for process `\cv32e40p_id_stage$cv32e40p_core.id_stage_i.$proc$/workspace/incremental-synthesis/benchmarks/cv32e40p-eco-001-base/core/common/normalized_cv32e40p.v:34199$12074'.
     1/1: $0\apu_operands_ex_o[31:0]
Creating decoders for process `\cv32e40p_id_stage$cv32e40p_core.id_stage_i.$proc$/workspace/incremental-synthesis/benchmarks/cv32e40p-eco-001-base/core/common/normalized_cv32e40p.v:34196$12072'.
     1/1: $0\apu_op_ex_o[5:0]
Creating decoders for process `\cv32e40p_id_stage$cv32e40p_core.id_stage_i.$proc$/workspace/incremental-synthesis/benchmarks/cv32e40p-eco-001-base/core/common/normalized_cv32e40p.v:34193$12070'.
     1/1: $0\apu_lat_ex_o[1:0]
Creating decoders for process `\cv32e40p_id_stage$cv32e40p_core.id_stage_i.$proc$/workspace/incremental-synthesis/benchmarks/cv32e40p-eco-001-base/core/common/normalized_cv32e40p.v:34190$12068'.
     1/1: $0\apu_flags_ex_o[14:0]
Creating decoders for process `\cv32e40p_id_stage$cv32e40p_core.id_stage_i.$proc$/workspace/incremental-synthesis/benchmarks/cv32e40p-eco-001-base/core/common/normalized_cv32e40p.v:34187$12066'.
     1/1: $0\apu_en_ex_o[0:0]
Creating decoders for process `\cv32e40p_id_stage$cv32e40p_core.id_stage_i.$proc$/workspace/incremental-synthesis/benchmarks/cv32e40p-eco-001-base/core/common/normalized_cv32e40p.v:34184$12064'.
     1/1: $0\alu_vec_mode_ex_o[1:0]
Creating decoders for process `\cv32e40p_id_stage$cv32e40p_core.id_stage_i.$proc$/workspace/incremental-synthesis/benchmarks/cv32e40p-eco-001-base/core/common/normalized_cv32e40p.v:34181$12062'.
     1/1: $0\alu_operator_ex_o[6:0]
Creating decoders for process `\cv32e40p_id_stage$cv32e40p_core.id_stage_i.$proc$/workspace/incremental-synthesis/benchmarks/cv32e40p-eco-001-base/core/common/normalized_cv32e40p.v:34178$12060'.
     1/1: $0\alu_operand_c_ex_o[31:0]
Creating decoders for process `\cv32e40p_id_stage$cv32e40p_core.id_stage_i.$proc$/workspace/incremental-synthesis/benchmarks/cv32e40p-eco-001-base/core/common/normalized_cv32e40p.v:34175$12058'.
     1/1: $0\alu_operand_b_ex_o[31:0]
Creating decoders for process `\cv32e40p_id_stage$cv32e40p_core.id_stage_i.$proc$/workspace/incremental-synthesis/benchmarks/cv32e40p-eco-001-base/core/common/normalized_cv32e40p.v:34172$12056'.
     1/1: $0\alu_operand_a_ex_o[31:0]
Creating decoders for process `\cv32e40p_id_stage$cv32e40p_core.id_stage_i.$proc$/workspace/incremental-synthesis/benchmarks/cv32e40p-eco-001-base/core/common/normalized_cv32e40p.v:34169$12054'.
     1/1: $0\alu_is_subrot_ex_o[0:0]
Creating decoders for process `\cv32e40p_id_stage$cv32e40p_core.id_stage_i.$proc$/workspace/incremental-synthesis/benchmarks/cv32e40p-eco-001-base/core/common/normalized_cv32e40p.v:34166$12052'.
     1/1: $0\alu_is_clpx_ex_o[0:0]
Creating decoders for process `\cv32e40p_id_stage$cv32e40p_core.id_stage_i.$proc$/workspace/incremental-synthesis/benchmarks/cv32e40p-eco-001-base/core/common/normalized_cv32e40p.v:34163$12050'.
     1/1: $0\alu_en_ex_o[0:0]
Creating decoders for process `\cv32e40p_id_stage$cv32e40p_core.id_stage_i.$proc$/workspace/incremental-synthesis/benchmarks/cv32e40p-eco-001-base/core/common/normalized_cv32e40p.v:34160$12048'.
     1/1: $0\alu_clpx_shift_ex_o[1:0]
Creating decoders for process `\cv32e40p_hwloop_regs$cv32e40p_core.id_stage_i.gen_hwloop_regs.hwloop_regs_i.$proc$/workspace/incremental-synthesis/benchmarks/cv32e40p-eco-001-base/core/common/normalized_cv32e40p.v:31778$11865'.
Creating decoders for process `\cv32e40p_hwloop_regs$cv32e40p_core.id_stage_i.gen_hwloop_regs.hwloop_regs_i.$proc$/workspace/incremental-synthesis/benchmarks/cv32e40p-eco-001-base/core/common/normalized_cv32e40p.v:31836$11856'.
     1/1: $0\i[31:0]
Creating decoders for process `\cv32e40p_hwloop_regs$cv32e40p_core.id_stage_i.gen_hwloop_regs.hwloop_regs_i.$proc$/workspace/incremental-synthesis/benchmarks/cv32e40p-eco-001-base/core/common/normalized_cv32e40p.v:31833$11854'.
     1/1: $0\hwlp_start_q[63:32]
Creating decoders for process `\cv32e40p_hwloop_regs$cv32e40p_core.id_stage_i.gen_hwloop_regs.hwloop_regs_i.$proc$/workspace/incremental-synthesis/benchmarks/cv32e40p-eco-001-base/core/common/normalized_cv32e40p.v:31830$11852'.
     1/1: $0\hwlp_start_q[31:0]
Creating decoders for process `\cv32e40p_hwloop_regs$cv32e40p_core.id_stage_i.gen_hwloop_regs.hwloop_regs_i.$proc$/workspace/incremental-synthesis/benchmarks/cv32e40p-eco-001-base/core/common/normalized_cv32e40p.v:31827$11850'.
     1/1: $0\hwlp_end_q[63:32]
Creating decoders for process `\cv32e40p_hwloop_regs$cv32e40p_core.id_stage_i.gen_hwloop_regs.hwloop_regs_i.$proc$/workspace/incremental-synthesis/benchmarks/cv32e40p-eco-001-base/core/common/normalized_cv32e40p.v:31824$11848'.
     1/1: $0\hwlp_end_q[31:0]
Creating decoders for process `\cv32e40p_hwloop_regs$cv32e40p_core.id_stage_i.gen_hwloop_regs.hwloop_regs_i.$proc$/workspace/incremental-synthesis/benchmarks/cv32e40p-eco-001-base/core/common/normalized_cv32e40p.v:31821$11846'.
     1/1: $0\hwlp_counter_q[63:32]
Creating decoders for process `\cv32e40p_hwloop_regs$cv32e40p_core.id_stage_i.gen_hwloop_regs.hwloop_regs_i.$proc$/workspace/incremental-synthesis/benchmarks/cv32e40p-eco-001-base/core/common/normalized_cv32e40p.v:31818$11844'.
     1/1: $0\hwlp_counter_q[31:0]
Creating decoders for process `\cv32e40p_fifo$cv32e40p_core.if_stage_i.prefetch_buffer_i.fifo_i.$proc$/workspace/incremental-synthesis/benchmarks/cv32e40p-eco-001-base/core/common/normalized_cv32e40p.v:31628$11798'.
     1/1: $0\write_pointer_q[0:0]
Creating decoders for process `\cv32e40p_fifo$cv32e40p_core.if_stage_i.prefetch_buffer_i.fifo_i.$proc$/workspace/incremental-synthesis/benchmarks/cv32e40p-eco-001-base/core/common/normalized_cv32e40p.v:31625$11796'.
     1/1: $0\status_cnt_q[1:0]
Creating decoders for process `\cv32e40p_fifo$cv32e40p_core.if_stage_i.prefetch_buffer_i.fifo_i.$proc$/workspace/incremental-synthesis/benchmarks/cv32e40p-eco-001-base/core/common/normalized_cv32e40p.v:31622$11794'.
     1/1: $0\read_pointer_q[0:0]
Creating decoders for process `\cv32e40p_fifo$cv32e40p_core.if_stage_i.prefetch_buffer_i.fifo_i.$proc$/workspace/incremental-synthesis/benchmarks/cv32e40p-eco-001-base/core/common/normalized_cv32e40p.v:31619$11792'.
     1/1: $0\mem_q[63:32]
Creating decoders for process `\cv32e40p_fifo$cv32e40p_core.if_stage_i.prefetch_buffer_i.fifo_i.$proc$/workspace/incremental-synthesis/benchmarks/cv32e40p-eco-001-base/core/common/normalized_cv32e40p.v:31616$11790'.
     1/1: $0\mem_q[31:0]
Creating decoders for process `\cv32e40p_ex_stage$cv32e40p_core.ex_stage_i.$proc$/workspace/incremental-synthesis/benchmarks/cv32e40p-eco-001-base/core/common/normalized_cv32e40p.v:30982$11639'.
     1/1: $0\regfile_we_lsu[0:0]
Creating decoders for process `\cv32e40p_ex_stage$cv32e40p_core.ex_stage_i.$proc$/workspace/incremental-synthesis/benchmarks/cv32e40p-eco-001-base/core/common/normalized_cv32e40p.v:30979$11637'.
     1/1: $0\regfile_waddr_lsu[5:0]
Creating decoders for process `\cv32e40p_cs_registers$cv32e40p_core.cs_registers_i.$proc$/workspace/incremental-synthesis/benchmarks/cv32e40p-eco-001-base/core/common/normalized_cv32e40p.v:17751$5232'.
     1/1: $0\mtvec_q[23:0]
Creating decoders for process `\cv32e40p_cs_registers$cv32e40p_core.cs_registers_i.$proc$/workspace/incremental-synthesis/benchmarks/cv32e40p-eco-001-base/core/common/normalized_cv32e40p.v:17748$5230'.
     1/1: $0\mtvec_mode_q[1:0]
Creating decoders for process `\cv32e40p_cs_registers$cv32e40p_core.cs_registers_i.$proc$/workspace/incremental-synthesis/benchmarks/cv32e40p-eco-001-base/core/common/normalized_cv32e40p.v:17745$5228'.
     1/1: $0\mstatus_q[4:4]
Creating decoders for process `\cv32e40p_cs_registers$cv32e40p_core.cs_registers_i.$proc$/workspace/incremental-synthesis/benchmarks/cv32e40p-eco-001-base/core/common/normalized_cv32e40p.v:17742$5226'.
     1/1: $0\mstatus_q[6:6]
Creating decoders for process `\cv32e40p_cs_registers$cv32e40p_core.cs_registers_i.$proc$/workspace/incremental-synthesis/benchmarks/cv32e40p-eco-001-base/core/common/normalized_cv32e40p.v:17739$5224'.
     1/1: $0\mstatus_q[0:0]
Creating decoders for process `\cv32e40p_cs_registers$cv32e40p_core.cs_registers_i.$proc$/workspace/incremental-synthesis/benchmarks/cv32e40p-eco-001-base/core/common/normalized_cv32e40p.v:17736$5222'.
     1/1: $0\mstatus_q[2:1]
Creating decoders for process `\cv32e40p_cs_registers$cv32e40p_core.cs_registers_i.$proc$/workspace/incremental-synthesis/benchmarks/cv32e40p-eco-001-base/core/common/normalized_cv32e40p.v:17733$5220'.
     1/1: $0\mstatus_q[3:3]
Creating decoders for process `\cv32e40p_cs_registers$cv32e40p_core.cs_registers_i.$proc$/workspace/incremental-synthesis/benchmarks/cv32e40p-eco-001-base/core/common/normalized_cv32e40p.v:17730$5218'.
     1/1: $0\mstatus_q[5:5]
Creating decoders for process `\cv32e40p_cs_registers$cv32e40p_core.cs_registers_i.$proc$/workspace/incremental-synthesis/benchmarks/cv32e40p-eco-001-base/core/common/normalized_cv32e40p.v:17727$5216'.
     1/1: $0\mscratch_q[31:0]
Creating decoders for process `\cv32e40p_cs_registers$cv32e40p_core.cs_registers_i.$proc$/workspace/incremental-synthesis/benchmarks/cv32e40p-eco-001-base/core/common/normalized_cv32e40p.v:17724$5214'.
     1/1: $0\mie_q[31:0]
Creating decoders for process `\cv32e40p_cs_registers$cv32e40p_core.cs_registers_i.$proc$/workspace/incremental-synthesis/benchmarks/cv32e40p-eco-001-base/core/common/normalized_cv32e40p.v:17720$5212'.
     1/1: $0\_1771_[15:0]
Creating decoders for process `\cv32e40p_cs_registers$cv32e40p_core.cs_registers_i.$proc$/workspace/incremental-synthesis/benchmarks/cv32e40p-eco-001-base/core/common/normalized_cv32e40p.v:17715$5210'.
     1/1: $0\_1770_[63:0]
Creating decoders for process `\cv32e40p_cs_registers$cv32e40p_core.cs_registers_i.$proc$/workspace/incremental-synthesis/benchmarks/cv32e40p-eco-001-base/core/common/normalized_cv32e40p.v:17710$5208'.
     1/1: $0\_1769_[63:0]
Creating decoders for process `\cv32e40p_cs_registers$cv32e40p_core.cs_registers_i.$proc$/workspace/incremental-synthesis/benchmarks/cv32e40p-eco-001-base/core/common/normalized_cv32e40p.v:17705$5206'.
     1/1: $0\_1768_[63:0]
Creating decoders for process `\cv32e40p_cs_registers$cv32e40p_core.cs_registers_i.$proc$/workspace/incremental-synthesis/benchmarks/cv32e40p-eco-001-base/core/common/normalized_cv32e40p.v:17701$5204'.
     1/1: $0\mepc_q[31:0]
Creating decoders for process `\cv32e40p_cs_registers$cv32e40p_core.cs_registers_i.$proc$/workspace/incremental-synthesis/benchmarks/cv32e40p-eco-001-base/core/common/normalized_cv32e40p.v:17697$5202'.
     1/1: $0\mcountinhibit_q_reg[3][0:0]
Creating decoders for process `\cv32e40p_cs_registers$cv32e40p_core.cs_registers_i.$proc$/workspace/incremental-synthesis/benchmarks/cv32e40p-eco-001-base/core/common/normalized_cv32e40p.v:17692$5200'.
     1/1: $0\mcountinhibit_q_reg[2][0:0]
Creating decoders for process `\cv32e40p_cs_registers$cv32e40p_core.cs_registers_i.$proc$/workspace/incremental-synthesis/benchmarks/cv32e40p-eco-001-base/core/common/normalized_cv32e40p.v:17687$5198'.
     1/1: $0\mcountinhibit_q_reg[0][0:0]
Creating decoders for process `\cv32e40p_cs_registers$cv32e40p_core.cs_registers_i.$proc$/workspace/incremental-synthesis/benchmarks/cv32e40p-eco-001-base/core/common/normalized_cv32e40p.v:17683$5196'.
     1/1: $0\mcause_q[5:0]
Creating decoders for process `\cv32e40p_cs_registers$cv32e40p_core.cs_registers_i.$proc$/workspace/incremental-synthesis/benchmarks/cv32e40p-eco-001-base/core/common/normalized_cv32e40p.v:17680$5194'.
     1/1: $0\gen_trigger_regs.tmatch_value_q[31:0]
Creating decoders for process `\cv32e40p_cs_registers$cv32e40p_core.cs_registers_i.$proc$/workspace/incremental-synthesis/benchmarks/cv32e40p-eco-001-base/core/common/normalized_cv32e40p.v:17677$5192'.
     1/1: $0\gen_trigger_regs.tmatch_control_exec_q[0:0]
Creating decoders for process `\cv32e40p_cs_registers$cv32e40p_core.cs_registers_i.$proc$/workspace/incremental-synthesis/benchmarks/cv32e40p-eco-001-base/core/common/normalized_cv32e40p.v:17674$5190'.
     1/1: $0\dscratch1_q[31:0]
Creating decoders for process `\cv32e40p_cs_registers$cv32e40p_core.cs_registers_i.$proc$/workspace/incremental-synthesis/benchmarks/cv32e40p-eco-001-base/core/common/normalized_cv32e40p.v:17671$5188'.
     1/1: $0\dscratch0_q[31:0]
Creating decoders for process `\cv32e40p_cs_registers$cv32e40p_core.cs_registers_i.$proc$/workspace/incremental-synthesis/benchmarks/cv32e40p-eco-001-base/core/common/normalized_cv32e40p.v:17668$5186'.
     1/1: $0\depc_q[31:0]
Creating decoders for process `\cv32e40p_cs_registers$cv32e40p_core.cs_registers_i.$proc$/workspace/incremental-synthesis/benchmarks/cv32e40p-eco-001-base/core/common/normalized_cv32e40p.v:17665$5184'.
     1/1: $0\dcsr_q[27:16]
Creating decoders for process `\cv32e40p_cs_registers$cv32e40p_core.cs_registers_i.$proc$/workspace/incremental-synthesis/benchmarks/cv32e40p-eco-001-base/core/common/normalized_cv32e40p.v:17662$5182'.
     1/1: $0\dcsr_q[14:14]
Creating decoders for process `\cv32e40p_cs_registers$cv32e40p_core.cs_registers_i.$proc$/workspace/incremental-synthesis/benchmarks/cv32e40p-eco-001-base/core/common/normalized_cv32e40p.v:17659$5180'.
     1/1: $0\dcsr_q[5:5]
Creating decoders for process `\cv32e40p_cs_registers$cv32e40p_core.cs_registers_i.$proc$/workspace/incremental-synthesis/benchmarks/cv32e40p-eco-001-base/core/common/normalized_cv32e40p.v:17656$5178'.
     1/1: $0\dcsr_q[31:28]
Creating decoders for process `\cv32e40p_cs_registers$cv32e40p_core.cs_registers_i.$proc$/workspace/incremental-synthesis/benchmarks/cv32e40p-eco-001-base/core/common/normalized_cv32e40p.v:17653$5176'.
     1/1: $0\dcsr_q[9:9]
Creating decoders for process `\cv32e40p_cs_registers$cv32e40p_core.cs_registers_i.$proc$/workspace/incremental-synthesis/benchmarks/cv32e40p-eco-001-base/core/common/normalized_cv32e40p.v:17650$5174'.
     1/1: $0\dcsr_q[10:10]
Creating decoders for process `\cv32e40p_cs_registers$cv32e40p_core.cs_registers_i.$proc$/workspace/incremental-synthesis/benchmarks/cv32e40p-eco-001-base/core/common/normalized_cv32e40p.v:17647$5172'.
     1/1: $0\dcsr_q[11:11]
Creating decoders for process `\cv32e40p_cs_registers$cv32e40p_core.cs_registers_i.$proc$/workspace/incremental-synthesis/benchmarks/cv32e40p-eco-001-base/core/common/normalized_cv32e40p.v:17644$5170'.
     1/1: $0\dcsr_q[2:2]
Creating decoders for process `\cv32e40p_cs_registers$cv32e40p_core.cs_registers_i.$proc$/workspace/incremental-synthesis/benchmarks/cv32e40p-eco-001-base/core/common/normalized_cv32e40p.v:17641$5168'.
     1/1: $0\dcsr_q[1:0]
Creating decoders for process `\cv32e40p_cs_registers$cv32e40p_core.cs_registers_i.$proc$/workspace/incremental-synthesis/benchmarks/cv32e40p-eco-001-base/core/common/normalized_cv32e40p.v:17638$5166'.
     1/1: $0\dcsr_q[3:3]
Creating decoders for process `\cv32e40p_cs_registers$cv32e40p_core.cs_registers_i.$proc$/workspace/incremental-synthesis/benchmarks/cv32e40p-eco-001-base/core/common/normalized_cv32e40p.v:17635$5164'.
     1/1: $0\dcsr_q[4:4]
Creating decoders for process `\cv32e40p_cs_registers$cv32e40p_core.cs_registers_i.$proc$/workspace/incremental-synthesis/benchmarks/cv32e40p-eco-001-base/core/common/normalized_cv32e40p.v:17632$5162'.
     1/1: $0\dcsr_q[12:12]
Creating decoders for process `\cv32e40p_cs_registers$cv32e40p_core.cs_registers_i.$proc$/workspace/incremental-synthesis/benchmarks/cv32e40p-eco-001-base/core/common/normalized_cv32e40p.v:17629$5160'.
     1/1: $0\dcsr_q[13:13]
Creating decoders for process `\cv32e40p_cs_registers$cv32e40p_core.cs_registers_i.$proc$/workspace/incremental-synthesis/benchmarks/cv32e40p-eco-001-base/core/common/normalized_cv32e40p.v:17626$5158'.
     1/1: $0\dcsr_q[15:15]
Creating decoders for process `\cv32e40p_cs_registers$cv32e40p_core.cs_registers_i.$proc$/workspace/incremental-synthesis/benchmarks/cv32e40p-eco-001-base/core/common/normalized_cv32e40p.v:17623$5156'.
     1/1: $0\dcsr_q[8:6]
Creating decoders for process `\cv32e40p_controller$cv32e40p_core.id_stage_i.controller_i.$proc$/workspace/incremental-synthesis/benchmarks/cv32e40p-eco-001-base/core/common/normalized_cv32e40p.v:10360$2235'.
     1/1: $0\jump_done_q[0:0]
Creating decoders for process `\cv32e40p_controller$cv32e40p_core.id_stage_i.controller_i.$proc$/workspace/incremental-synthesis/benchmarks/cv32e40p-eco-001-base/core/common/normalized_cv32e40p.v:10357$2233'.
     1/1: $0\illegal_insn_q[0:0]
Creating decoders for process `\cv32e40p_controller$cv32e40p_core.id_stage_i.controller_i.$proc$/workspace/incremental-synthesis/benchmarks/cv32e40p-eco-001-base/core/common/normalized_cv32e40p.v:10354$2231'.
     1/1: $0\hwlp_end_4_id_q[0:0]
Creating decoders for process `\cv32e40p_controller$cv32e40p_core.id_stage_i.controller_i.$proc$/workspace/incremental-synthesis/benchmarks/cv32e40p-eco-001-base/core/common/normalized_cv32e40p.v:10351$2229'.
     1/1: $0\debug_req_q[0:0]
Creating decoders for process `\cv32e40p_controller$cv32e40p_core.id_stage_i.controller_i.$proc$/workspace/incremental-synthesis/benchmarks/cv32e40p-eco-001-base/core/common/normalized_cv32e40p.v:10348$2227'.
     1/1: $0\debug_req_entry_q[0:0]
Creating decoders for process `\cv32e40p_controller$cv32e40p_core.id_stage_i.controller_i.$proc$/workspace/incremental-synthesis/benchmarks/cv32e40p-eco-001-base/core/common/normalized_cv32e40p.v:10345$2225'.
     1/1: $0\debug_mode_q[0:0]
Creating decoders for process `\cv32e40p_controller$cv32e40p_core.id_stage_i.controller_i.$proc$/workspace/incremental-synthesis/benchmarks/cv32e40p-eco-001-base/core/common/normalized_cv32e40p.v:10342$2223'.
     1/1: $0\debug_fsm_cs[2:0]
Creating decoders for process `\cv32e40p_controller$cv32e40p_core.id_stage_i.controller_i.$proc$/workspace/incremental-synthesis/benchmarks/cv32e40p-eco-001-base/core/common/normalized_cv32e40p.v:10339$2221'.
     1/1: $0\debug_force_wakeup_q[0:0]
Creating decoders for process `\cv32e40p_controller$cv32e40p_core.id_stage_i.controller_i.$proc$/workspace/incremental-synthesis/benchmarks/cv32e40p-eco-001-base/core/common/normalized_cv32e40p.v:10336$2219'.
     1/1: $0\data_err_q[0:0]
Creating decoders for process `\cv32e40p_controller$cv32e40p_core.id_stage_i.controller_i.$proc$/workspace/incremental-synthesis/benchmarks/cv32e40p-eco-001-base/core/common/normalized_cv32e40p.v:10333$2217'.
     1/1: $0\ctrl_fsm_cs[4:0]
Creating decoders for process `\cv32e40p_clock_gate$cv32e40p_core.sleep_unit_i.core_clock_gate_i.$proc$/workspace/incremental-synthesis/benchmarks/cv32e40p-eco-001-base/core/common/normalized_cv32e40p.v:2708$934'.
     1/1: $1\clk_en[0:0]
Creating decoders for process `\cv32e40p_alu_div$cv32e40p_core.ex_stage_i.alu_i.alu_div_i.$proc$/workspace/incremental-synthesis/benchmarks/cv32e40p-eco-001-base/core/common/normalized_cv32e40p.v:2620$896'.
     1/1: $0\State_SP[1:0]
Creating decoders for process `\cv32e40p_alu_div$cv32e40p_core.ex_stage_i.alu_i.alu_div_i.$proc$/workspace/incremental-synthesis/benchmarks/cv32e40p-eco-001-base/core/common/normalized_cv32e40p.v:2617$894'.
     1/1: $0\ResReg_DP[31:0]
Creating decoders for process `\cv32e40p_alu_div$cv32e40p_core.ex_stage_i.alu_i.alu_div_i.$proc$/workspace/incremental-synthesis/benchmarks/cv32e40p-eco-001-base/core/common/normalized_cv32e40p.v:2614$892'.
     1/1: $0\ResInv_SP[0:0]
Creating decoders for process `\cv32e40p_alu_div$cv32e40p_core.ex_stage_i.alu_i.alu_div_i.$proc$/workspace/incremental-synthesis/benchmarks/cv32e40p-eco-001-base/core/common/normalized_cv32e40p.v:2611$890'.
     1/1: $0\RemSel_SP[0:0]
Creating decoders for process `\cv32e40p_alu_div$cv32e40p_core.ex_stage_i.alu_i.alu_div_i.$proc$/workspace/incremental-synthesis/benchmarks/cv32e40p-eco-001-base/core/common/normalized_cv32e40p.v:2608$888'.
     1/1: $0\CompInv_SP[0:0]
Creating decoders for process `\cv32e40p_alu_div$cv32e40p_core.ex_stage_i.alu_i.alu_div_i.$proc$/workspace/incremental-synthesis/benchmarks/cv32e40p-eco-001-base/core/common/normalized_cv32e40p.v:2605$886'.
     1/1: $0\Cnt_DP[5:0]
Creating decoders for process `\cv32e40p_alu_div$cv32e40p_core.ex_stage_i.alu_i.alu_div_i.$proc$/workspace/incremental-synthesis/benchmarks/cv32e40p-eco-001-base/core/common/normalized_cv32e40p.v:2602$884'.
     1/1: $0\BReg_DP[31:0]
Creating decoders for process `\cv32e40p_alu_div$cv32e40p_core.ex_stage_i.alu_i.alu_div_i.$proc$/workspace/incremental-synthesis/benchmarks/cv32e40p-eco-001-base/core/common/normalized_cv32e40p.v:2599$882'.
     1/1: $0\AReg_DP[31:0]
Creating decoders for process `\cv32e40p_aligner$cv32e40p_core.if_stage_i.aligner_i.$proc$/workspace/incremental-synthesis/benchmarks/cv32e40p-eco-001-base/core/common/normalized_cv32e40p.v:344$69'.
     1/1: $0\state[2:0]
Creating decoders for process `\cv32e40p_aligner$cv32e40p_core.if_stage_i.aligner_i.$proc$/workspace/incremental-synthesis/benchmarks/cv32e40p-eco-001-base/core/common/normalized_cv32e40p.v:341$67'.
     1/1: $0\r_instr_h[15:0]
Creating decoders for process `\cv32e40p_aligner$cv32e40p_core.if_stage_i.aligner_i.$proc$/workspace/incremental-synthesis/benchmarks/cv32e40p-eco-001-base/core/common/normalized_cv32e40p.v:338$65'.
     1/1: $0\pc_q[31:0]
Creating decoders for process `\cv32e40p_aligner$cv32e40p_core.if_stage_i.aligner_i.$proc$/workspace/incremental-synthesis/benchmarks/cv32e40p-eco-001-base/core/common/normalized_cv32e40p.v:335$63'.
     1/1: $0\hwlp_update_pc_q[0:0]
Creating decoders for process `\cv32e40p_aligner$cv32e40p_core.if_stage_i.aligner_i.$proc$/workspace/incremental-synthesis/benchmarks/cv32e40p-eco-001-base/core/common/normalized_cv32e40p.v:332$61'.
     1/1: $0\hwlp_addr_q[31:0]
Creating decoders for process `\cv32e40p_aligner$cv32e40p_core.if_stage_i.aligner_i.$proc$/workspace/incremental-synthesis/benchmarks/cv32e40p-eco-001-base/core/common/normalized_cv32e40p.v:329$59'.
     1/1: $0\aligner_ready_q[0:0]

3.8. Executing PROC_DLATCH pass (convert process syncs to latches).
Warning: Latch inferred for signal `\cv32e40p_clock_gate$cv32e40p_core.sleep_unit_i.core_clock_gate_i.\clk_en' from process `\cv32e40p_clock_gate$cv32e40p_core.sleep_unit_i.core_clock_gate_i.$proc$/workspace/incremental-synthesis/benchmarks/cv32e40p-eco-001-base/core/common/normalized_cv32e40p.v:2708$934': $auto$proc_dlatch.cc:547:proc_dlatch$14539

3.9. Executing PROC_DFF pass (convert process syncs to FFs).
Creating register for signal `\cv32e40p_sleep_unit$cv32e40p_core.sleep_unit_i.\p_elw_busy_q' using process `\cv32e40p_sleep_unit$cv32e40p_core.sleep_unit_i.$proc$/workspace/incremental-synthesis/benchmarks/cv32e40p-eco-001-base/core/common/normalized_cv32e40p.v:42425$14522'.
  created $adff cell `$procdff$14544' with positive edge clock and positive level reset.
Creating register for signal `\cv32e40p_sleep_unit$cv32e40p_core.sleep_unit_i.\fetch_enable_q' using process `\cv32e40p_sleep_unit$cv32e40p_core.sleep_unit_i.$proc$/workspace/incremental-synthesis/benchmarks/cv32e40p-eco-001-base/core/common/normalized_cv32e40p.v:42422$14520'.
  created $adff cell `$procdff$14549' with positive edge clock and positive level reset.
Creating register for signal `\cv32e40p_sleep_unit$cv32e40p_core.sleep_unit_i.\core_busy_q' using process `\cv32e40p_sleep_unit$cv32e40p_core.sleep_unit_i.$proc$/workspace/incremental-synthesis/benchmarks/cv32e40p-eco-001-base/core/common/normalized_cv32e40p.v:42419$14518'.
  created $adff cell `$procdff$14554' with positive edge clock and positive level reset.
Creating register for signal `\cv32e40p_register_file$cv32e40p_core.id_stage_i.register_file_i.\mem [319:288]' using process `\cv32e40p_register_file$cv32e40p_core.id_stage_i.register_file_i.$proc$/workspace/incremental-synthesis/benchmarks/cv32e40p-eco-001-base/core/common/normalized_cv32e40p.v:42001$14414'.
  created $adff cell `$procdff$14559' with positive edge clock and positive level reset.
Creating register for signal `\cv32e40p_register_file$cv32e40p_core.id_stage_i.register_file_i.\mem [287:256]' using process `\cv32e40p_register_file$cv32e40p_core.id_stage_i.register_file_i.$proc$/workspace/incremental-synthesis/benchmarks/cv32e40p-eco-001-base/core/common/normalized_cv32e40p.v:41998$14412'.
  created $adff cell `$procdff$14564' with positive edge clock and positive level reset.
Creating register for signal `\cv32e40p_register_file$cv32e40p_core.id_stage_i.register_file_i.\mem [255:224]' using process `\cv32e40p_register_file$cv32e40p_core.id_stage_i.register_file_i.$proc$/workspace/incremental-synthesis/benchmarks/cv32e40p-eco-001-base/core/common/normalized_cv32e40p.v:41995$14410'.
  created $adff cell `$procdff$14569' with positive edge clock and positive level reset.
Creating register for signal `\cv32e40p_register_file$cv32e40p_core.id_stage_i.register_file_i.\mem [223:192]' using process `\cv32e40p_register_file$cv32e40p_core.id_stage_i.register_file_i.$proc$/workspace/incremental-synthesis/benchmarks/cv32e40p-eco-001-base/core/common/normalized_cv32e40p.v:41992$14408'.
  created $adff cell `$procdff$14574' with positive edge clock and positive level reset.
Creating register for signal `\cv32e40p_register_file$cv32e40p_core.id_stage_i.register_file_i.\mem [191:160]' using process `\cv32e40p_register_file$cv32e40p_core.id_stage_i.register_file_i.$proc$/workspace/incremental-synthesis/benchmarks/cv32e40p-eco-001-base/core/common/normalized_cv32e40p.v:41989$14406'.
  created $adff cell `$procdff$14579' with positive edge clock and positive level reset.
Creating register for signal `\cv32e40p_register_file$cv32e40p_core.id_stage_i.register_file_i.\mem [159:128]' using process `\cv32e40p_register_file$cv32e40p_core.id_stage_i.register_file_i.$proc$/workspace/incremental-synthesis/benchmarks/cv32e40p-eco-001-base/core/common/normalized_cv32e40p.v:41986$14404'.
  created $adff cell `$procdff$14584' with positive edge clock and positive level reset.
Creating register for signal `\cv32e40p_register_file$cv32e40p_core.id_stage_i.register_file_i.\mem [127:96]' using process `\cv32e40p_register_file$cv32e40p_core.id_stage_i.register_file_i.$proc$/workspace/incremental-synthesis/benchmarks/cv32e40p-eco-001-base/core/common/normalized_cv32e40p.v:41983$14402'.
  created $adff cell `$procdff$14589' with positive edge clock and positive level reset.
Creating register for signal `\cv32e40p_register_file$cv32e40p_core.id_stage_i.register_file_i.\mem [1023:992]' using process `\cv32e40p_register_file$cv32e40p_core.id_stage_i.register_file_i.$proc$/workspace/incremental-synthesis/benchmarks/cv32e40p-eco-001-base/core/common/normalized_cv32e40p.v:41980$14400'.
  created $adff cell `$procdff$14594' with positive edge clock and positive level reset.
Creating register for signal `\cv32e40p_register_file$cv32e40p_core.id_stage_i.register_file_i.\mem [991:960]' using process `\cv32e40p_register_file$cv32e40p_core.id_stage_i.register_file_i.$proc$/workspace/incremental-synthesis/benchmarks/cv32e40p-eco-001-base/core/common/normalized_cv32e40p.v:41977$14398'.
  created $adff cell `$procdff$14599' with positive edge clock and positive level reset.
Creating register for signal `\cv32e40p_register_file$cv32e40p_core.id_stage_i.register_file_i.\mem [95:64]' using process `\cv32e40p_register_file$cv32e40p_core.id_stage_i.register_file_i.$proc$/workspace/incremental-synthesis/benchmarks/cv32e40p-eco-001-base/core/common/normalized_cv32e40p.v:41974$14396'.
  created $adff cell `$procdff$14604' with positive edge clock and positive level reset.
Creating register for signal `\cv32e40p_register_file$cv32e40p_core.id_stage_i.register_file_i.\mem [959:928]' using process `\cv32e40p_register_file$cv32e40p_core.id_stage_i.register_file_i.$proc$/workspace/incremental-synthesis/benchmarks/cv32e40p-eco-001-base/core/common/normalized_cv32e40p.v:41971$14394'.
  created $adff cell `$procdff$14609' with positive edge clock and positive level reset.
Creating register for signal `\cv32e40p_register_file$cv32e40p_core.id_stage_i.register_file_i.\mem [927:896]' using process `\cv32e40p_register_file$cv32e40p_core.id_stage_i.register_file_i.$proc$/workspace/incremental-synthesis/benchmarks/cv32e40p-eco-001-base/core/common/normalized_cv32e40p.v:41968$14392'.
  created $adff cell `$procdff$14614' with positive edge clock and positive level reset.
Creating register for signal `\cv32e40p_register_file$cv32e40p_core.id_stage_i.register_file_i.\mem [895:864]' using process `\cv32e40p_register_file$cv32e40p_core.id_stage_i.register_file_i.$proc$/workspace/incremental-synthesis/benchmarks/cv32e40p-eco-001-base/core/common/normalized_cv32e40p.v:41965$14390'.
  created $adff cell `$procdff$14619' with positive edge clock and positive level reset.
Creating register for signal `\cv32e40p_register_file$cv32e40p_core.id_stage_i.register_file_i.\mem [863:832]' using process `\cv32e40p_register_file$cv32e40p_core.id_stage_i.register_file_i.$proc$/workspace/incremental-synthesis/benchmarks/cv32e40p-eco-001-base/core/common/normalized_cv32e40p.v:41962$14388'.
  created $adff cell `$procdff$14624' with positive edge clock and positive level reset.
Creating register for signal `\cv32e40p_register_file$cv32e40p_core.id_stage_i.register_file_i.\mem [831:800]' using process `\cv32e40p_register_file$cv32e40p_core.id_stage_i.register_file_i.$proc$/workspace/incremental-synthesis/benchmarks/cv32e40p-eco-001-base/core/common/normalized_cv32e40p.v:41959$14386'.
  created $adff cell `$procdff$14629' with positive edge clock and positive level reset.
Creating register for signal `\cv32e40p_register_file$cv32e40p_core.id_stage_i.register_file_i.\mem [799:768]' using process `\cv32e40p_register_file$cv32e40p_core.id_stage_i.register_file_i.$proc$/workspace/incremental-synthesis/benchmarks/cv32e40p-eco-001-base/core/common/normalized_cv32e40p.v:41956$14384'.
  created $adff cell `$procdff$14634' with positive edge clock and positive level reset.
Creating register for signal `\cv32e40p_register_file$cv32e40p_core.id_stage_i.register_file_i.\mem [767:736]' using process `\cv32e40p_register_file$cv32e40p_core.id_stage_i.register_file_i.$proc$/workspace/incremental-synthesis/benchmarks/cv32e40p-eco-001-base/core/common/normalized_cv32e40p.v:41953$14382'.
  created $adff cell `$procdff$14639' with positive edge clock and positive level reset.
Creating register for signal `\cv32e40p_register_file$cv32e40p_core.id_stage_i.register_file_i.\mem [735:704]' using process `\cv32e40p_register_file$cv32e40p_core.id_stage_i.register_file_i.$proc$/workspace/incremental-synthesis/benchmarks/cv32e40p-eco-001-base/core/common/normalized_cv32e40p.v:41950$14380'.
  created $adff cell `$procdff$14644' with positive edge clock and positive level reset.
Creating register for signal `\cv32e40p_register_file$cv32e40p_core.id_stage_i.register_file_i.\mem [703:672]' using process `\cv32e40p_register_file$cv32e40p_core.id_stage_i.register_file_i.$proc$/workspace/incremental-synthesis/benchmarks/cv32e40p-eco-001-base/core/common/normalized_cv32e40p.v:41947$14378'.
  created $adff cell `$procdff$14649' with positive edge clock and positive level reset.
Creating register for signal `\cv32e40p_register_file$cv32e40p_core.id_stage_i.register_file_i.\mem [671:640]' using process `\cv32e40p_register_file$cv32e40p_core.id_stage_i.register_file_i.$proc$/workspace/incremental-synthesis/benchmarks/cv32e40p-eco-001-base/core/common/normalized_cv32e40p.v:41944$14376'.
  created $adff cell `$procdff$14654' with positive edge clock and positive level reset.
Creating register for signal `\cv32e40p_register_file$cv32e40p_core.id_stage_i.register_file_i.\mem [63:32]' using process `\cv32e40p_register_file$cv32e40p_core.id_stage_i.register_file_i.$proc$/workspace/incremental-synthesis/benchmarks/cv32e40p-eco-001-base/core/common/normalized_cv32e40p.v:41941$14374'.
  created $adff cell `$procdff$14659' with positive edge clock and positive level reset.
Creating register for signal `\cv32e40p_register_file$cv32e40p_core.id_stage_i.register_file_i.\mem [639:608]' using process `\cv32e40p_register_file$cv32e40p_core.id_stage_i.register_file_i.$proc$/workspace/incremental-synthesis/benchmarks/cv32e40p-eco-001-base/core/common/normalized_cv32e40p.v:41938$14372'.
  created $adff cell `$procdff$14664' with positive edge clock and positive level reset.
Creating register for signal `\cv32e40p_register_file$cv32e40p_core.id_stage_i.register_file_i.\mem [607:576]' using process `\cv32e40p_register_file$cv32e40p_core.id_stage_i.register_file_i.$proc$/workspace/incremental-synthesis/benchmarks/cv32e40p-eco-001-base/core/common/normalized_cv32e40p.v:41935$14370'.
  created $adff cell `$procdff$14669' with positive edge clock and positive level reset.
Creating register for signal `\cv32e40p_register_file$cv32e40p_core.id_stage_i.register_file_i.\mem [575:544]' using process `\cv32e40p_register_file$cv32e40p_core.id_stage_i.register_file_i.$proc$/workspace/incremental-synthesis/benchmarks/cv32e40p-eco-001-base/core/common/normalized_cv32e40p.v:41932$14368'.
  created $adff cell `$procdff$14674' with positive edge clock and positive level reset.
Creating register for signal `\cv32e40p_register_file$cv32e40p_core.id_stage_i.register_file_i.\mem [543:512]' using process `\cv32e40p_register_file$cv32e40p_core.id_stage_i.register_file_i.$proc$/workspace/incremental-synthesis/benchmarks/cv32e40p-eco-001-base/core/common/normalized_cv32e40p.v:41929$14366'.
  created $adff cell `$procdff$14679' with positive edge clock and positive level reset.
Creating register for signal `\cv32e40p_register_file$cv32e40p_core.id_stage_i.register_file_i.\mem [511:480]' using process `\cv32e40p_register_file$cv32e40p_core.id_stage_i.register_file_i.$proc$/workspace/incremental-synthesis/benchmarks/cv32e40p-eco-001-base/core/common/normalized_cv32e40p.v:41926$14364'.
  created $adff cell `$procdff$14684' with positive edge clock and positive level reset.
Creating register for signal `\cv32e40p_register_file$cv32e40p_core.id_stage_i.register_file_i.\mem [479:448]' using process `\cv32e40p_register_file$cv32e40p_core.id_stage_i.register_file_i.$proc$/workspace/incremental-synthesis/benchmarks/cv32e40p-eco-001-base/core/common/normalized_cv32e40p.v:41923$14362'.
  created $adff cell `$procdff$14689' with positive edge clock and positive level reset.
Creating register for signal `\cv32e40p_register_file$cv32e40p_core.id_stage_i.register_file_i.\mem [447:416]' using process `\cv32e40p_register_file$cv32e40p_core.id_stage_i.register_file_i.$proc$/workspace/incremental-synthesis/benchmarks/cv32e40p-eco-001-base/core/common/normalized_cv32e40p.v:41920$14360'.
  created $adff cell `$procdff$14694' with positive edge clock and positive level reset.
Creating register for signal `\cv32e40p_register_file$cv32e40p_core.id_stage_i.register_file_i.\mem [415:384]' using process `\cv32e40p_register_file$cv32e40p_core.id_stage_i.register_file_i.$proc$/workspace/incremental-synthesis/benchmarks/cv32e40p-eco-001-base/core/common/normalized_cv32e40p.v:41917$14358'.
  created $adff cell `$procdff$14699' with positive edge clock and positive level reset.
Creating register for signal `\cv32e40p_register_file$cv32e40p_core.id_stage_i.register_file_i.\mem [383:352]' using process `\cv32e40p_register_file$cv32e40p_core.id_stage_i.register_file_i.$proc$/workspace/incremental-synthesis/benchmarks/cv32e40p-eco-001-base/core/common/normalized_cv32e40p.v:41914$14356'.
  created $adff cell `$procdff$14704' with positive edge clock and positive level reset.
Creating register for signal `\cv32e40p_register_file$cv32e40p_core.id_stage_i.register_file_i.\mem [351:320]' using process `\cv32e40p_register_file$cv32e40p_core.id_stage_i.register_file_i.$proc$/workspace/incremental-synthesis/benchmarks/cv32e40p-eco-001-base/core/common/normalized_cv32e40p.v:41911$14354'.
  created $adff cell `$procdff$14709' with positive edge clock and positive level reset.
Creating register for signal `\cv32e40p_register_file$cv32e40p_core.id_stage_i.register_file_i.\mem [31:0]' using process `\cv32e40p_register_file$cv32e40p_core.id_stage_i.register_file_i.$proc$/workspace/incremental-synthesis/benchmarks/cv32e40p-eco-001-base/core/common/normalized_cv32e40p.v:41908$14352'.
  created $adff cell `$procdff$14714' with positive edge clock and positive level reset.
Creating register for signal `\cv32e40p_prefetch_controller$cv32e40p_core.if_stage_i.prefetch_buffer_i.prefetch_controller_i.\trans_addr_q' using process `\cv32e40p_prefetch_controller$cv32e40p_core.if_stage_i.prefetch_buffer_i.prefetch_controller_i.$proc$/workspace/incremental-synthesis/benchmarks/cv32e40p-eco-001-base/core/common/normalized_cv32e40p.v:40791$13950'.
  created $adff cell `$procdff$14719' with positive edge clock and positive level reset.
Creating register for signal `\cv32e40p_prefetch_controller$cv32e40p_core.if_stage_i.prefetch_buffer_i.prefetch_controller_i.\state_q' using process `\cv32e40p_prefetch_controller$cv32e40p_core.if_stage_i.prefetch_buffer_i.prefetch_controller_i.$proc$/workspace/incremental-synthesis/benchmarks/cv32e40p-eco-001-base/core/common/normalized_cv32e40p.v:40788$13948'.
  created $adff cell `$procdff$14724' with positive edge clock and positive level reset.
Creating register for signal `\cv32e40p_prefetch_controller$cv32e40p_core.if_stage_i.prefetch_buffer_i.prefetch_controller_i.\hwlp_flush_cnt_delayed_q' using process `\cv32e40p_prefetch_controller$cv32e40p_core.if_stage_i.prefetch_buffer_i.prefetch_controller_i.$proc$/workspace/incremental-synthesis/benchmarks/cv32e40p-eco-001-base/core/common/normalized_cv32e40p.v:40785$13946'.
  created $adff cell `$procdff$14729' with positive edge clock and positive level reset.
Creating register for signal `\cv32e40p_prefetch_controller$cv32e40p_core.if_stage_i.prefetch_buffer_i.prefetch_controller_i.\hwlp_flush_after_resp' using process `\cv32e40p_prefetch_controller$cv32e40p_core.if_stage_i.prefetch_buffer_i.prefetch_controller_i.$proc$/workspace/incremental-synthesis/benchmarks/cv32e40p-eco-001-base/core/common/normalized_cv32e40p.v:40782$13944'.
  created $adff cell `$procdff$14734' with positive edge clock and positive level reset.
Creating register for signal `\cv32e40p_prefetch_controller$cv32e40p_core.if_stage_i.prefetch_buffer_i.prefetch_controller_i.\flush_cnt_q' using process `\cv32e40p_prefetch_controller$cv32e40p_core.if_stage_i.prefetch_buffer_i.prefetch_controller_i.$proc$/workspace/incremental-synthesis/benchmarks/cv32e40p-eco-001-base/core/common/normalized_cv32e40p.v:40779$13942'.
  created $adff cell `$procdff$14739' with positive edge clock and positive level reset.
Creating register for signal `\cv32e40p_prefetch_controller$cv32e40p_core.if_stage_i.prefetch_buffer_i.prefetch_controller_i.\cnt_q' using process `\cv32e40p_prefetch_controller$cv32e40p_core.if_stage_i.prefetch_buffer_i.prefetch_controller_i.$proc$/workspace/incremental-synthesis/benchmarks/cv32e40p-eco-001-base/core/common/normalized_cv32e40p.v:40776$13940'.
  created $adff cell `$procdff$14744' with positive edge clock and positive level reset.
Creating register for signal `\cv32e40p_obi_interface$cv32e40p_core.if_stage_i.prefetch_buffer_i.instruction_obi_i.\state_q' using process `\cv32e40p_obi_interface$cv32e40p_core.if_stage_i.prefetch_buffer_i.instruction_obi_i.$proc$/workspace/incremental-synthesis/benchmarks/cv32e40p-eco-001-base/core/common/normalized_cv32e40p.v:40145$13823'.
  created $adff cell `$procdff$14749' with positive edge clock and positive level reset.
Creating register for signal `\cv32e40p_obi_interface$cv32e40p_core.if_stage_i.prefetch_buffer_i.instruction_obi_i.\gen_no_trans_stable.obi_we_q' using process `\cv32e40p_obi_interface$cv32e40p_core.if_stage_i.prefetch_buffer_i.instruction_obi_i.$proc$/workspace/incremental-synthesis/benchmarks/cv32e40p-eco-001-base/core/common/normalized_cv32e40p.v:40142$13821'.
  created $adff cell `$procdff$14754' with positive edge clock and positive level reset.
Creating register for signal `\cv32e40p_obi_interface$cv32e40p_core.if_stage_i.prefetch_buffer_i.instruction_obi_i.\gen_no_trans_stable.obi_wdata_q' using process `\cv32e40p_obi_interface$cv32e40p_core.if_stage_i.prefetch_buffer_i.instruction_obi_i.$proc$/workspace/incremental-synthesis/benchmarks/cv32e40p-eco-001-base/core/common/normalized_cv32e40p.v:40139$13819'.
  created $adff cell `$procdff$14759' with positive edge clock and positive level reset.
Creating register for signal `\cv32e40p_obi_interface$cv32e40p_core.if_stage_i.prefetch_buffer_i.instruction_obi_i.\gen_no_trans_stable.obi_be_q' using process `\cv32e40p_obi_interface$cv32e40p_core.if_stage_i.prefetch_buffer_i.instruction_obi_i.$proc$/workspace/incremental-synthesis/benchmarks/cv32e40p-eco-001-base/core/common/normalized_cv32e40p.v:40136$13817'.
  created $adff cell `$procdff$14764' with positive edge clock and positive level reset.
Creating register for signal `\cv32e40p_obi_interface$cv32e40p_core.if_stage_i.prefetch_buffer_i.instruction_obi_i.\gen_no_trans_stable.obi_atop_q' using process `\cv32e40p_obi_interface$cv32e40p_core.if_stage_i.prefetch_buffer_i.instruction_obi_i.$proc$/workspace/incremental-synthesis/benchmarks/cv32e40p-eco-001-base/core/common/normalized_cv32e40p.v:40133$13815'.
  created $adff cell `$procdff$14769' with positive edge clock and positive level reset.
Creating register for signal `\cv32e40p_obi_interface$cv32e40p_core.if_stage_i.prefetch_buffer_i.instruction_obi_i.\gen_no_trans_stable.obi_addr_q' using process `\cv32e40p_obi_interface$cv32e40p_core.if_stage_i.prefetch_buffer_i.instruction_obi_i.$proc$/workspace/incremental-synthesis/benchmarks/cv32e40p-eco-001-base/core/common/normalized_cv32e40p.v:40130$13813'.
  created $adff cell `$procdff$14774' with positive edge clock and positive level reset.
Creating register for signal `\cv32e40p_mult$cv32e40p_core.ex_stage_i.mult_i.\mulh_carry_q' using process `\cv32e40p_mult$cv32e40p_core.ex_stage_i.mult_i.$proc$/workspace/incremental-synthesis/benchmarks/cv32e40p-eco-001-base/core/common/normalized_cv32e40p.v:39910$13749'.
  created $adff cell `$procdff$14779' with positive edge clock and positive level reset.
Creating register for signal `\cv32e40p_mult$cv32e40p_core.ex_stage_i.mult_i.\mulh_CS' using process `\cv32e40p_mult$cv32e40p_core.ex_stage_i.mult_i.$proc$/workspace/incremental-synthesis/benchmarks/cv32e40p-eco-001-base/core/common/normalized_cv32e40p.v:39907$13747'.
  created $adff cell `$procdff$14784' with positive edge clock and positive level reset.
Creating register for signal `\cv32e40p_load_store_unit$cv32e40p_core.load_store_unit_i.\rdata_q' using process `\cv32e40p_load_store_unit$cv32e40p_core.load_store_unit_i.$proc$/workspace/incremental-synthesis/benchmarks/cv32e40p-eco-001-base/core/common/normalized_cv32e40p.v:39184$13491'.
  created $adff cell `$procdff$14789' with positive edge clock and positive level reset.
Creating register for signal `\cv32e40p_load_store_unit$cv32e40p_core.load_store_unit_i.\rdata_offset_q' using process `\cv32e40p_load_store_unit$cv32e40p_core.load_store_unit_i.$proc$/workspace/incremental-synthesis/benchmarks/cv32e40p-eco-001-base/core/common/normalized_cv32e40p.v:39181$13489'.
  created $adff cell `$procdff$14794' with positive edge clock and positive level reset.
Creating register for signal `\cv32e40p_load_store_unit$cv32e40p_core.load_store_unit_i.\data_we_q' using process `\cv32e40p_load_store_unit$cv32e40p_core.load_store_unit_i.$proc$/workspace/incremental-synthesis/benchmarks/cv32e40p-eco-001-base/core/common/normalized_cv32e40p.v:39178$13487'.
  created $adff cell `$procdff$14799' with positive edge clock and positive level reset.
Creating register for signal `\cv32e40p_load_store_unit$cv32e40p_core.load_store_unit_i.\data_type_q' using process `\cv32e40p_load_store_unit$cv32e40p_core.load_store_unit_i.$proc$/workspace/incremental-synthesis/benchmarks/cv32e40p-eco-001-base/core/common/normalized_cv32e40p.v:39175$13485'.
  created $adff cell `$procdff$14804' with positive edge clock and positive level reset.
Creating register for signal `\cv32e40p_load_store_unit$cv32e40p_core.load_store_unit_i.\data_sign_ext_q' using process `\cv32e40p_load_store_unit$cv32e40p_core.load_store_unit_i.$proc$/workspace/incremental-synthesis/benchmarks/cv32e40p-eco-001-base/core/common/normalized_cv32e40p.v:39172$13483'.
  created $adff cell `$procdff$14809' with positive edge clock and positive level reset.
Creating register for signal `\cv32e40p_load_store_unit$cv32e40p_core.load_store_unit_i.\data_load_event_q' using process `\cv32e40p_load_store_unit$cv32e40p_core.load_store_unit_i.$proc$/workspace/incremental-synthesis/benchmarks/cv32e40p-eco-001-base/core/common/normalized_cv32e40p.v:39169$13481'.
  created $adff cell `$procdff$14814' with positive edge clock and positive level reset.
Creating register for signal `\cv32e40p_load_store_unit$cv32e40p_core.load_store_unit_i.\cnt_q' using process `\cv32e40p_load_store_unit$cv32e40p_core.load_store_unit_i.$proc$/workspace/incremental-synthesis/benchmarks/cv32e40p-eco-001-base/core/common/normalized_cv32e40p.v:39166$13479'.
  created $adff cell `$procdff$14819' with positive edge clock and positive level reset.
Creating register for signal `\cv32e40p_int_controller$cv32e40p_core.id_stage_i.int_controller_i.\irq_sec_q' using process `\cv32e40p_int_controller$cv32e40p_core.id_stage_i.int_controller_i.$proc$/workspace/incremental-synthesis/benchmarks/cv32e40p-eco-001-base/core/common/normalized_cv32e40p.v:37482$12836'.
  created $adff cell `$procdff$14824' with positive edge clock and positive level reset.
Creating register for signal `\cv32e40p_int_controller$cv32e40p_core.id_stage_i.int_controller_i.\irq_q' using process `\cv32e40p_int_controller$cv32e40p_core.id_stage_i.int_controller_i.$proc$/workspace/incremental-synthesis/benchmarks/cv32e40p-eco-001-base/core/common/normalized_cv32e40p.v:37479$12834'.
  created $adff cell `$procdff$14829' with positive edge clock and positive level reset.
Creating register for signal `\cv32e40p_if_stage$cv32e40p_core.if_stage_i.\pc_id_o' using process `\cv32e40p_if_stage$cv32e40p_core.if_stage_i.$proc$/workspace/incremental-synthesis/benchmarks/cv32e40p-eco-001-base/core/common/normalized_cv32e40p.v:36225$12794'.
  created $adff cell `$procdff$14834' with positive edge clock and positive level reset.
Creating register for signal `\cv32e40p_if_stage$cv32e40p_core.if_stage_i.\is_fetch_failed_o' using process `\cv32e40p_if_stage$cv32e40p_core.if_stage_i.$proc$/workspace/incremental-synthesis/benchmarks/cv32e40p-eco-001-base/core/common/normalized_cv32e40p.v:36222$12792'.
  created $adff cell `$procdff$14839' with positive edge clock and positive level reset.
Creating register for signal `\cv32e40p_if_stage$cv32e40p_core.if_stage_i.\is_compressed_id_o' using process `\cv32e40p_if_stage$cv32e40p_core.if_stage_i.$proc$/workspace/incremental-synthesis/benchmarks/cv32e40p-eco-001-base/core/common/normalized_cv32e40p.v:36219$12790'.
  created $adff cell `$procdff$14844' with positive edge clock and positive level reset.
Creating register for signal `\cv32e40p_if_stage$cv32e40p_core.if_stage_i.\instr_valid_id_o' using process `\cv32e40p_if_stage$cv32e40p_core.if_stage_i.$proc$/workspace/incremental-synthesis/benchmarks/cv32e40p-eco-001-base/core/common/normalized_cv32e40p.v:36216$12788'.
  created $adff cell `$procdff$14849' with positive edge clock and positive level reset.
Creating register for signal `\cv32e40p_if_stage$cv32e40p_core.if_stage_i.\instr_rdata_id_o' using process `\cv32e40p_if_stage$cv32e40p_core.if_stage_i.$proc$/workspace/incremental-synthesis/benchmarks/cv32e40p-eco-001-base/core/common/normalized_cv32e40p.v:36213$12786'.
  created $adff cell `$procdff$14854' with positive edge clock and positive level reset.
Creating register for signal `\cv32e40p_if_stage$cv32e40p_core.if_stage_i.\illegal_c_insn_id_o' using process `\cv32e40p_if_stage$cv32e40p_core.if_stage_i.$proc$/workspace/incremental-synthesis/benchmarks/cv32e40p-eco-001-base/core/common/normalized_cv32e40p.v:36210$12784'.
  created $adff cell `$procdff$14859' with positive edge clock and positive level reset.
Creating register for signal `\cv32e40p_id_stage$cv32e40p_core.id_stage_i.\regfile_we_ex_o' using process `\cv32e40p_id_stage$cv32e40p_core.id_stage_i.$proc$/workspace/incremental-synthesis/benchmarks/cv32e40p-eco-001-base/core/common/normalized_cv32e40p.v:34349$12174'.
  created $adff cell `$procdff$14864' with positive edge clock and positive level reset.
Creating register for signal `\cv32e40p_id_stage$cv32e40p_core.id_stage_i.\regfile_waddr_ex_o' using process `\cv32e40p_id_stage$cv32e40p_core.id_stage_i.$proc$/workspace/incremental-synthesis/benchmarks/cv32e40p-eco-001-base/core/common/normalized_cv32e40p.v:34346$12172'.
  created $adff cell `$procdff$14869' with positive edge clock and positive level reset.
Creating register for signal `\cv32e40p_id_stage$cv32e40p_core.id_stage_i.\regfile_alu_we_ex_o' using process `\cv32e40p_id_stage$cv32e40p_core.id_stage_i.$proc$/workspace/incremental-synthesis/benchmarks/cv32e40p-eco-001-base/core/common/normalized_cv32e40p.v:34343$12170'.
  created $adff cell `$procdff$14874' with positive edge clock and positive level reset.
Creating register for signal `\cv32e40p_id_stage$cv32e40p_core.id_stage_i.\regfile_alu_waddr_ex_o' using process `\cv32e40p_id_stage$cv32e40p_core.id_stage_i.$proc$/workspace/incremental-synthesis/benchmarks/cv32e40p-eco-001-base/core/common/normalized_cv32e40p.v:34340$12168'.
  created $adff cell `$procdff$14879' with positive edge clock and positive level reset.
Creating register for signal `\cv32e40p_id_stage$cv32e40p_core.id_stage_i.\prepost_useincr_ex_o' using process `\cv32e40p_id_stage$cv32e40p_core.id_stage_i.$proc$/workspace/incremental-synthesis/benchmarks/cv32e40p-eco-001-base/core/common/normalized_cv32e40p.v:34337$12166'.
  created $adff cell `$procdff$14884' with positive edge clock and positive level reset.
Creating register for signal `\cv32e40p_id_stage$cv32e40p_core.id_stage_i.\pc_ex_o' using process `\cv32e40p_id_stage$cv32e40p_core.id_stage_i.$proc$/workspace/incremental-synthesis/benchmarks/cv32e40p-eco-001-base/core/common/normalized_cv32e40p.v:34334$12164'.
  created $adff cell `$procdff$14889' with positive edge clock and positive level reset.
Creating register for signal `\cv32e40p_id_stage$cv32e40p_core.id_stage_i.\mult_signed_mode_ex_o' using process `\cv32e40p_id_stage$cv32e40p_core.id_stage_i.$proc$/workspace/incremental-synthesis/benchmarks/cv32e40p-eco-001-base/core/common/normalized_cv32e40p.v:34331$12162'.
  created $adff cell `$procdff$14894' with positive edge clock and positive level reset.
Creating register for signal `\cv32e40p_id_stage$cv32e40p_core.id_stage_i.\mult_sel_subword_ex_o' using process `\cv32e40p_id_stage$cv32e40p_core.id_stage_i.$proc$/workspace/incremental-synthesis/benchmarks/cv32e40p-eco-001-base/core/common/normalized_cv32e40p.v:34328$12160'.
  created $adff cell `$procdff$14899' with positive edge clock and positive level reset.
Creating register for signal `\cv32e40p_id_stage$cv32e40p_core.id_stage_i.\mult_operator_ex_o' using process `\cv32e40p_id_stage$cv32e40p_core.id_stage_i.$proc$/workspace/incremental-synthesis/benchmarks/cv32e40p-eco-001-base/core/common/normalized_cv32e40p.v:34325$12158'.
  created $adff cell `$procdff$14904' with positive edge clock and positive level reset.
Creating register for signal `\cv32e40p_id_stage$cv32e40p_core.id_stage_i.\mult_operand_c_ex_o' using process `\cv32e40p_id_stage$cv32e40p_core.id_stage_i.$proc$/workspace/incremental-synthesis/benchmarks/cv32e40p-eco-001-base/core/common/normalized_cv32e40p.v:34322$12156'.
  created $adff cell `$procdff$14909' with positive edge clock and positive level reset.
Creating register for signal `\cv32e40p_id_stage$cv32e40p_core.id_stage_i.\mult_operand_b_ex_o' using process `\cv32e40p_id_stage$cv32e40p_core.id_stage_i.$proc$/workspace/incremental-synthesis/benchmarks/cv32e40p-eco-001-base/core/common/normalized_cv32e40p.v:34319$12154'.
  created $adff cell `$procdff$14914' with positive edge clock and positive level reset.
Creating register for signal `\cv32e40p_id_stage$cv32e40p_core.id_stage_i.\mult_operand_a_ex_o' using process `\cv32e40p_id_stage$cv32e40p_core.id_stage_i.$proc$/workspace/incremental-synthesis/benchmarks/cv32e40p-eco-001-base/core/common/normalized_cv32e40p.v:34316$12152'.
  created $adff cell `$procdff$14919' with positive edge clock and positive level reset.
Creating register for signal `\cv32e40p_id_stage$cv32e40p_core.id_stage_i.\mult_is_clpx_ex_o' using process `\cv32e40p_id_stage$cv32e40p_core.id_stage_i.$proc$/workspace/incremental-synthesis/benchmarks/cv32e40p-eco-001-base/core/common/normalized_cv32e40p.v:34313$12150'.
  created $adff cell `$procdff$14924' with positive edge clock and positive level reset.
Creating register for signal `\cv32e40p_id_stage$cv32e40p_core.id_stage_i.\mult_imm_ex_o' using process `\cv32e40p_id_stage$cv32e40p_core.id_stage_i.$proc$/workspace/incremental-synthesis/benchmarks/cv32e40p-eco-001-base/core/common/normalized_cv32e40p.v:34310$12148'.
  created $adff cell `$procdff$14929' with positive edge clock and positive level reset.
Creating register for signal `\cv32e40p_id_stage$cv32e40p_core.id_stage_i.\mult_en_ex_o' using process `\cv32e40p_id_stage$cv32e40p_core.id_stage_i.$proc$/workspace/incremental-synthesis/benchmarks/cv32e40p-eco-001-base/core/common/normalized_cv32e40p.v:34307$12146'.
  created $adff cell `$procdff$14934' with positive edge clock and positive level reset.
Creating register for signal `\cv32e40p_id_stage$cv32e40p_core.id_stage_i.\mult_dot_signed_ex_o' using process `\cv32e40p_id_stage$cv32e40p_core.id_stage_i.$proc$/workspace/incremental-synthesis/benchmarks/cv32e40p-eco-001-base/core/common/normalized_cv32e40p.v:34304$12144'.
  created $adff cell `$procdff$14939' with positive edge clock and positive level reset.
Creating register for signal `\cv32e40p_id_stage$cv32e40p_core.id_stage_i.\mult_dot_op_c_ex_o' using process `\cv32e40p_id_stage$cv32e40p_core.id_stage_i.$proc$/workspace/incremental-synthesis/benchmarks/cv32e40p-eco-001-base/core/common/normalized_cv32e40p.v:34301$12142'.
  created $adff cell `$procdff$14944' with positive edge clock and positive level reset.
Creating register for signal `\cv32e40p_id_stage$cv32e40p_core.id_stage_i.\mult_dot_op_b_ex_o' using process `\cv32e40p_id_stage$cv32e40p_core.id_stage_i.$proc$/workspace/incremental-synthesis/benchmarks/cv32e40p-eco-001-base/core/common/normalized_cv32e40p.v:34298$12140'.
  created $adff cell `$procdff$14949' with positive edge clock and positive level reset.
Creating register for signal `\cv32e40p_id_stage$cv32e40p_core.id_stage_i.\mult_dot_op_a_ex_o' using process `\cv32e40p_id_stage$cv32e40p_core.id_stage_i.$proc$/workspace/incremental-synthesis/benchmarks/cv32e40p-eco-001-base/core/common/normalized_cv32e40p.v:34295$12138'.
  created $adff cell `$procdff$14954' with positive edge clock and positive level reset.
Creating register for signal `\cv32e40p_id_stage$cv32e40p_core.id_stage_i.\mult_clpx_shift_ex_o' using process `\cv32e40p_id_stage$cv32e40p_core.id_stage_i.$proc$/workspace/incremental-synthesis/benchmarks/cv32e40p-eco-001-base/core/common/normalized_cv32e40p.v:34292$12136'.
  created $adff cell `$procdff$14959' with positive edge clock and positive level reset.
Creating register for signal `\cv32e40p_id_stage$cv32e40p_core.id_stage_i.\mult_clpx_img_ex_o' using process `\cv32e40p_id_stage$cv32e40p_core.id_stage_i.$proc$/workspace/incremental-synthesis/benchmarks/cv32e40p-eco-001-base/core/common/normalized_cv32e40p.v:34289$12134'.
  created $adff cell `$procdff$14964' with positive edge clock and positive level reset.
Creating register for signal `\cv32e40p_id_stage$cv32e40p_core.id_stage_i.\mhpmevent_store_o' using process `\cv32e40p_id_stage$cv32e40p_core.id_stage_i.$proc$/workspace/incremental-synthesis/benchmarks/cv32e40p-eco-001-base/core/common/normalized_cv32e40p.v:34286$12132'.
  created $adff cell `$procdff$14969' with positive edge clock and positive level reset.
Creating register for signal `\cv32e40p_id_stage$cv32e40p_core.id_stage_i.\mhpmevent_pipe_stall_o' using process `\cv32e40p_id_stage$cv32e40p_core.id_stage_i.$proc$/workspace/incremental-synthesis/benchmarks/cv32e40p-eco-001-base/core/common/normalized_cv32e40p.v:34283$12130'.
  created $adff cell `$procdff$14974' with positive edge clock and positive level reset.
Creating register for signal `\cv32e40p_id_stage$cv32e40p_core.id_stage_i.\mhpmevent_minstret_o' using process `\cv32e40p_id_stage$cv32e40p_core.id_stage_i.$proc$/workspace/incremental-synthesis/benchmarks/cv32e40p-eco-001-base/core/common/normalized_cv32e40p.v:34280$12128'.
  created $adff cell `$procdff$14979' with positive edge clock and positive level reset.
Creating register for signal `\cv32e40p_id_stage$cv32e40p_core.id_stage_i.\mhpmevent_load_o' using process `\cv32e40p_id_stage$cv32e40p_core.id_stage_i.$proc$/workspace/incremental-synthesis/benchmarks/cv32e40p-eco-001-base/core/common/normalized_cv32e40p.v:34277$12126'.
  created $adff cell `$procdff$14984' with positive edge clock and positive level reset.
Creating register for signal `\cv32e40p_id_stage$cv32e40p_core.id_stage_i.\mhpmevent_ld_stall_o' using process `\cv32e40p_id_stage$cv32e40p_core.id_stage_i.$proc$/workspace/incremental-synthesis/benchmarks/cv32e40p-eco-001-base/core/common/normalized_cv32e40p.v:34274$12124'.
  created $adff cell `$procdff$14989' with positive edge clock and positive level reset.
Creating register for signal `\cv32e40p_id_stage$cv32e40p_core.id_stage_i.\mhpmevent_jump_o' using process `\cv32e40p_id_stage$cv32e40p_core.id_stage_i.$proc$/workspace/incremental-synthesis/benchmarks/cv32e40p-eco-001-base/core/common/normalized_cv32e40p.v:34271$12122'.
  created $adff cell `$procdff$14994' with positive edge clock and positive level reset.
Creating register for signal `\cv32e40p_id_stage$cv32e40p_core.id_stage_i.\mhpmevent_jr_stall_o' using process `\cv32e40p_id_stage$cv32e40p_core.id_stage_i.$proc$/workspace/incremental-synthesis/benchmarks/cv32e40p-eco-001-base/core/common/normalized_cv32e40p.v:34268$12120'.
  created $adff cell `$procdff$14999' with positive edge clock and positive level reset.
Creating register for signal `\cv32e40p_id_stage$cv32e40p_core.id_stage_i.\mhpmevent_imiss_o' using process `\cv32e40p_id_stage$cv32e40p_core.id_stage_i.$proc$/workspace/incremental-synthesis/benchmarks/cv32e40p-eco-001-base/core/common/normalized_cv32e40p.v:34265$12118'.
  created $adff cell `$procdff$15004' with positive edge clock and positive level reset.
Creating register for signal `\cv32e40p_id_stage$cv32e40p_core.id_stage_i.\mhpmevent_compressed_o' using process `\cv32e40p_id_stage$cv32e40p_core.id_stage_i.$proc$/workspace/incremental-synthesis/benchmarks/cv32e40p-eco-001-base/core/common/normalized_cv32e40p.v:34262$12116'.
  created $adff cell `$procdff$15009' with positive edge clock and positive level reset.
Creating register for signal `\cv32e40p_id_stage$cv32e40p_core.id_stage_i.\mhpmevent_branch_taken_o' using process `\cv32e40p_id_stage$cv32e40p_core.id_stage_i.$proc$/workspace/incremental-synthesis/benchmarks/cv32e40p-eco-001-base/core/common/normalized_cv32e40p.v:34259$12114'.
  created $adff cell `$procdff$15014' with positive edge clock and positive level reset.
Creating register for signal `\cv32e40p_id_stage$cv32e40p_core.id_stage_i.\mhpmevent_branch_o' using process `\cv32e40p_id_stage$cv32e40p_core.id_stage_i.$proc$/workspace/incremental-synthesis/benchmarks/cv32e40p-eco-001-base/core/common/normalized_cv32e40p.v:34256$12112'.
  created $adff cell `$procdff$15019' with positive edge clock and positive level reset.
Creating register for signal `\cv32e40p_id_stage$cv32e40p_core.id_stage_i.\imm_vec_ext_ex_o' using process `\cv32e40p_id_stage$cv32e40p_core.id_stage_i.$proc$/workspace/incremental-synthesis/benchmarks/cv32e40p-eco-001-base/core/common/normalized_cv32e40p.v:34253$12110'.
  created $adff cell `$procdff$15024' with positive edge clock and positive level reset.
Creating register for signal `\cv32e40p_id_stage$cv32e40p_core.id_stage_i.\id_valid_q' using process `\cv32e40p_id_stage$cv32e40p_core.id_stage_i.$proc$/workspace/incremental-synthesis/benchmarks/cv32e40p-eco-001-base/core/common/normalized_cv32e40p.v:34250$12108'.
  created $adff cell `$procdff$15029' with positive edge clock and positive level reset.
Creating register for signal `\cv32e40p_id_stage$cv32e40p_core.id_stage_i.\data_we_ex_o' using process `\cv32e40p_id_stage$cv32e40p_core.id_stage_i.$proc$/workspace/incremental-synthesis/benchmarks/cv32e40p-eco-001-base/core/common/normalized_cv32e40p.v:34247$12106'.
  created $adff cell `$procdff$15034' with positive edge clock and positive level reset.
Creating register for signal `\cv32e40p_id_stage$cv32e40p_core.id_stage_i.\data_type_ex_o' using process `\cv32e40p_id_stage$cv32e40p_core.id_stage_i.$proc$/workspace/incremental-synthesis/benchmarks/cv32e40p-eco-001-base/core/common/normalized_cv32e40p.v:34244$12104'.
  created $adff cell `$procdff$15039' with positive edge clock and positive level reset.
Creating register for signal `\cv32e40p_id_stage$cv32e40p_core.id_stage_i.\data_sign_ext_ex_o' using process `\cv32e40p_id_stage$cv32e40p_core.id_stage_i.$proc$/workspace/incremental-synthesis/benchmarks/cv32e40p-eco-001-base/core/common/normalized_cv32e40p.v:34241$12102'.
  created $adff cell `$procdff$15044' with positive edge clock and positive level reset.
Creating register for signal `\cv32e40p_id_stage$cv32e40p_core.id_stage_i.\data_req_ex_o' using process `\cv32e40p_id_stage$cv32e40p_core.id_stage_i.$proc$/workspace/incremental-synthesis/benchmarks/cv32e40p-eco-001-base/core/common/normalized_cv32e40p.v:34238$12100'.
  created $adff cell `$procdff$15049' with positive edge clock and positive level reset.
Creating register for signal `\cv32e40p_id_stage$cv32e40p_core.id_stage_i.\data_reg_offset_ex_o' using process `\cv32e40p_id_stage$cv32e40p_core.id_stage_i.$proc$/workspace/incremental-synthesis/benchmarks/cv32e40p-eco-001-base/core/common/normalized_cv32e40p.v:34235$12098'.
  created $adff cell `$procdff$15054' with positive edge clock and positive level reset.
Creating register for signal `\cv32e40p_id_stage$cv32e40p_core.id_stage_i.\data_misaligned_ex_o' using process `\cv32e40p_id_stage$cv32e40p_core.id_stage_i.$proc$/workspace/incremental-synthesis/benchmarks/cv32e40p-eco-001-base/core/common/normalized_cv32e40p.v:34232$12096'.
  created $adff cell `$procdff$15059' with positive edge clock and positive level reset.
Creating register for signal `\cv32e40p_id_stage$cv32e40p_core.id_stage_i.\data_load_event_ex_o' using process `\cv32e40p_id_stage$cv32e40p_core.id_stage_i.$proc$/workspace/incremental-synthesis/benchmarks/cv32e40p-eco-001-base/core/common/normalized_cv32e40p.v:34229$12094'.
  created $adff cell `$procdff$15064' with positive edge clock and positive level reset.
Creating register for signal `\cv32e40p_id_stage$cv32e40p_core.id_stage_i.\csr_op_ex_o' using process `\cv32e40p_id_stage$cv32e40p_core.id_stage_i.$proc$/workspace/incremental-synthesis/benchmarks/cv32e40p-eco-001-base/core/common/normalized_cv32e40p.v:34226$12092'.
  created $adff cell `$procdff$15069' with positive edge clock and positive level reset.
Creating register for signal `\cv32e40p_id_stage$cv32e40p_core.id_stage_i.\csr_access_ex_o' using process `\cv32e40p_id_stage$cv32e40p_core.id_stage_i.$proc$/workspace/incremental-synthesis/benchmarks/cv32e40p-eco-001-base/core/common/normalized_cv32e40p.v:34223$12090'.
  created $adff cell `$procdff$15074' with positive edge clock and positive level reset.
Creating register for signal `\cv32e40p_id_stage$cv32e40p_core.id_stage_i.\branch_in_ex_o' using process `\cv32e40p_id_stage$cv32e40p_core.id_stage_i.$proc$/workspace/incremental-synthesis/benchmarks/cv32e40p-eco-001-base/core/common/normalized_cv32e40p.v:34220$12088'.
  created $adff cell `$procdff$15079' with positive edge clock and positive level reset.
Creating register for signal `\cv32e40p_id_stage$cv32e40p_core.id_stage_i.\bmask_b_ex_o' using process `\cv32e40p_id_stage$cv32e40p_core.id_stage_i.$proc$/workspace/incremental-synthesis/benchmarks/cv32e40p-eco-001-base/core/common/normalized_cv32e40p.v:34217$12086'.
  created $adff cell `$procdff$15084' with positive edge clock and positive level reset.
Creating register for signal `\cv32e40p_id_stage$cv32e40p_core.id_stage_i.\bmask_a_ex_o' using process `\cv32e40p_id_stage$cv32e40p_core.id_stage_i.$proc$/workspace/incremental-synthesis/benchmarks/cv32e40p-eco-001-base/core/common/normalized_cv32e40p.v:34214$12084'.
  created $adff cell `$procdff$15089' with positive edge clock and positive level reset.
Creating register for signal `\cv32e40p_id_stage$cv32e40p_core.id_stage_i.\atop_ex_o' using process `\cv32e40p_id_stage$cv32e40p_core.id_stage_i.$proc$/workspace/incremental-synthesis/benchmarks/cv32e40p-eco-001-base/core/common/normalized_cv32e40p.v:34211$12082'.
  created $adff cell `$procdff$15094' with positive edge clock and positive level reset.
Creating register for signal `\cv32e40p_id_stage$cv32e40p_core.id_stage_i.\apu_waddr_ex_o' using process `\cv32e40p_id_stage$cv32e40p_core.id_stage_i.$proc$/workspace/incremental-synthesis/benchmarks/cv32e40p-eco-001-base/core/common/normalized_cv32e40p.v:34208$12080'.
  created $adff cell `$procdff$15099' with positive edge clock and positive level reset.
Creating register for signal `\cv32e40p_id_stage$cv32e40p_core.id_stage_i.\apu_operands_ex_o [95:64]' using process `\cv32e40p_id_stage$cv32e40p_core.id_stage_i.$proc$/workspace/incremental-synthesis/benchmarks/cv32e40p-eco-001-base/core/common/normalized_cv32e40p.v:34205$12078'.
  created $adff cell `$procdff$15104' with positive edge clock and positive level reset.
Creating register for signal `\cv32e40p_id_stage$cv32e40p_core.id_stage_i.\apu_operands_ex_o [63:32]' using process `\cv32e40p_id_stage$cv32e40p_core.id_stage_i.$proc$/workspace/incremental-synthesis/benchmarks/cv32e40p-eco-001-base/core/common/normalized_cv32e40p.v:34202$12076'.
  created $adff cell `$procdff$15109' with positive edge clock and positive level reset.
Creating register for signal `\cv32e40p_id_stage$cv32e40p_core.id_stage_i.\apu_operands_ex_o [31:0]' using process `\cv32e40p_id_stage$cv32e40p_core.id_stage_i.$proc$/workspace/incremental-synthesis/benchmarks/cv32e40p-eco-001-base/core/common/normalized_cv32e40p.v:34199$12074'.
  created $adff cell `$procdff$15114' with positive edge clock and positive level reset.
Creating register for signal `\cv32e40p_id_stage$cv32e40p_core.id_stage_i.\apu_op_ex_o' using process `\cv32e40p_id_stage$cv32e40p_core.id_stage_i.$proc$/workspace/incremental-synthesis/benchmarks/cv32e40p-eco-001-base/core/common/normalized_cv32e40p.v:34196$12072'.
  created $adff cell `$procdff$15119' with positive edge clock and positive level reset.
Creating register for signal `\cv32e40p_id_stage$cv32e40p_core.id_stage_i.\apu_lat_ex_o' using process `\cv32e40p_id_stage$cv32e40p_core.id_stage_i.$proc$/workspace/incremental-synthesis/benchmarks/cv32e40p-eco-001-base/core/common/normalized_cv32e40p.v:34193$12070'.
  created $adff cell `$procdff$15124' with positive edge clock and positive level reset.
Creating register for signal `\cv32e40p_id_stage$cv32e40p_core.id_stage_i.\apu_flags_ex_o' using process `\cv32e40p_id_stage$cv32e40p_core.id_stage_i.$proc$/workspace/incremental-synthesis/benchmarks/cv32e40p-eco-001-base/core/common/normalized_cv32e40p.v:34190$12068'.
  created $adff cell `$procdff$15129' with positive edge clock and positive level reset.
Creating register for signal `\cv32e40p_id_stage$cv32e40p_core.id_stage_i.\apu_en_ex_o' using process `\cv32e40p_id_stage$cv32e40p_core.id_stage_i.$proc$/workspace/incremental-synthesis/benchmarks/cv32e40p-eco-001-base/core/common/normalized_cv32e40p.v:34187$12066'.
  created $adff cell `$procdff$15134' with positive edge clock and positive level reset.
Creating register for signal `\cv32e40p_id_stage$cv32e40p_core.id_stage_i.\alu_vec_mode_ex_o' using process `\cv32e40p_id_stage$cv32e40p_core.id_stage_i.$proc$/workspace/incremental-synthesis/benchmarks/cv32e40p-eco-001-base/core/common/normalized_cv32e40p.v:34184$12064'.
  created $adff cell `$procdff$15139' with positive edge clock and positive level reset.
Creating register for signal `\cv32e40p_id_stage$cv32e40p_core.id_stage_i.\alu_operator_ex_o' using process `\cv32e40p_id_stage$cv32e40p_core.id_stage_i.$proc$/workspace/incremental-synthesis/benchmarks/cv32e40p-eco-001-base/core/common/normalized_cv32e40p.v:34181$12062'.
  created $adff cell `$procdff$15144' with positive edge clock and positive level reset.
Creating register for signal `\cv32e40p_id_stage$cv32e40p_core.id_stage_i.\alu_operand_c_ex_o' using process `\cv32e40p_id_stage$cv32e40p_core.id_stage_i.$proc$/workspace/incremental-synthesis/benchmarks/cv32e40p-eco-001-base/core/common/normalized_cv32e40p.v:34178$12060'.
  created $adff cell `$procdff$15149' with positive edge clock and positive level reset.
Creating register for signal `\cv32e40p_id_stage$cv32e40p_core.id_stage_i.\alu_operand_b_ex_o' using process `\cv32e40p_id_stage$cv32e40p_core.id_stage_i.$proc$/workspace/incremental-synthesis/benchmarks/cv32e40p-eco-001-base/core/common/normalized_cv32e40p.v:34175$12058'.
  created $adff cell `$procdff$15154' with positive edge clock and positive level reset.
Creating register for signal `\cv32e40p_id_stage$cv32e40p_core.id_stage_i.\alu_operand_a_ex_o' using process `\cv32e40p_id_stage$cv32e40p_core.id_stage_i.$proc$/workspace/incremental-synthesis/benchmarks/cv32e40p-eco-001-base/core/common/normalized_cv32e40p.v:34172$12056'.
  created $adff cell `$procdff$15159' with positive edge clock and positive level reset.
Creating register for signal `\cv32e40p_id_stage$cv32e40p_core.id_stage_i.\alu_is_subrot_ex_o' using process `\cv32e40p_id_stage$cv32e40p_core.id_stage_i.$proc$/workspace/incremental-synthesis/benchmarks/cv32e40p-eco-001-base/core/common/normalized_cv32e40p.v:34169$12054'.
  created $adff cell `$procdff$15164' with positive edge clock and positive level reset.
Creating register for signal `\cv32e40p_id_stage$cv32e40p_core.id_stage_i.\alu_is_clpx_ex_o' using process `\cv32e40p_id_stage$cv32e40p_core.id_stage_i.$proc$/workspace/incremental-synthesis/benchmarks/cv32e40p-eco-001-base/core/common/normalized_cv32e40p.v:34166$12052'.
  created $adff cell `$procdff$15169' with positive edge clock and positive level reset.
Creating register for signal `\cv32e40p_id_stage$cv32e40p_core.id_stage_i.\alu_en_ex_o' using process `\cv32e40p_id_stage$cv32e40p_core.id_stage_i.$proc$/workspace/incremental-synthesis/benchmarks/cv32e40p-eco-001-base/core/common/normalized_cv32e40p.v:34163$12050'.
  created $adff cell `$procdff$15174' with positive edge clock and positive level reset.
Creating register for signal `\cv32e40p_id_stage$cv32e40p_core.id_stage_i.\alu_clpx_shift_ex_o' using process `\cv32e40p_id_stage$cv32e40p_core.id_stage_i.$proc$/workspace/incremental-synthesis/benchmarks/cv32e40p-eco-001-base/core/common/normalized_cv32e40p.v:34160$12048'.
  created $adff cell `$procdff$15179' with positive edge clock and positive level reset.
Creating register for signal `\cv32e40p_hwloop_regs$cv32e40p_core.id_stage_i.gen_hwloop_regs.hwloop_regs_i.\i' using process `\cv32e40p_hwloop_regs$cv32e40p_core.id_stage_i.gen_hwloop_regs.hwloop_regs_i.$proc$/workspace/incremental-synthesis/benchmarks/cv32e40p-eco-001-base/core/common/normalized_cv32e40p.v:31836$11856'.
  created $dff cell `$procdff$15180' with positive edge clock.
Creating register for signal `\cv32e40p_hwloop_regs$cv32e40p_core.id_stage_i.gen_hwloop_regs.hwloop_regs_i.\hwlp_start_q [63:32]' using process `\cv32e40p_hwloop_regs$cv32e40p_core.id_stage_i.gen_hwloop_regs.hwloop_regs_i.$proc$/workspace/incremental-synthesis/benchmarks/cv32e40p-eco-001-base/core/common/normalized_cv32e40p.v:31833$11854'.
  created $adff cell `$procdff$15185' with positive edge clock and positive level reset.
Creating register for signal `\cv32e40p_hwloop_regs$cv32e40p_core.id_stage_i.gen_hwloop_regs.hwloop_regs_i.\hwlp_start_q [31:0]' using process `\cv32e40p_hwloop_regs$cv32e40p_core.id_stage_i.gen_hwloop_regs.hwloop_regs_i.$proc$/workspace/incremental-synthesis/benchmarks/cv32e40p-eco-001-base/core/common/normalized_cv32e40p.v:31830$11852'.
  created $adff cell `$procdff$15190' with positive edge clock and positive level reset.
Creating register for signal `\cv32e40p_hwloop_regs$cv32e40p_core.id_stage_i.gen_hwloop_regs.hwloop_regs_i.\hwlp_end_q [63:32]' using process `\cv32e40p_hwloop_regs$cv32e40p_core.id_stage_i.gen_hwloop_regs.hwloop_regs_i.$proc$/workspace/incremental-synthesis/benchmarks/cv32e40p-eco-001-base/core/common/normalized_cv32e40p.v:31827$11850'.
  created $adff cell `$procdff$15195' with positive edge clock and positive level reset.
Creating register for signal `\cv32e40p_hwloop_regs$cv32e40p_core.id_stage_i.gen_hwloop_regs.hwloop_regs_i.\hwlp_end_q [31:0]' using process `\cv32e40p_hwloop_regs$cv32e40p_core.id_stage_i.gen_hwloop_regs.hwloop_regs_i.$proc$/workspace/incremental-synthesis/benchmarks/cv32e40p-eco-001-base/core/common/normalized_cv32e40p.v:31824$11848'.
  created $adff cell `$procdff$15200' with positive edge clock and positive level reset.
Creating register for signal `\cv32e40p_hwloop_regs$cv32e40p_core.id_stage_i.gen_hwloop_regs.hwloop_regs_i.\hwlp_counter_q [63:32]' using process `\cv32e40p_hwloop_regs$cv32e40p_core.id_stage_i.gen_hwloop_regs.hwloop_regs_i.$proc$/workspace/incremental-synthesis/benchmarks/cv32e40p-eco-001-base/core/common/normalized_cv32e40p.v:31821$11846'.
  created $adff cell `$procdff$15205' with positive edge clock and positive level reset.
Creating register for signal `\cv32e40p_hwloop_regs$cv32e40p_core.id_stage_i.gen_hwloop_regs.hwloop_regs_i.\hwlp_counter_q [31:0]' using process `\cv32e40p_hwloop_regs$cv32e40p_core.id_stage_i.gen_hwloop_regs.hwloop_regs_i.$proc$/workspace/incremental-synthesis/benchmarks/cv32e40p-eco-001-base/core/common/normalized_cv32e40p.v:31818$11844'.
  created $adff cell `$procdff$15210' with positive edge clock and positive level reset.
Creating register for signal `\cv32e40p_fifo$cv32e40p_core.if_stage_i.prefetch_buffer_i.fifo_i.\write_pointer_q' using process `\cv32e40p_fifo$cv32e40p_core.if_stage_i.prefetch_buffer_i.fifo_i.$proc$/workspace/incremental-synthesis/benchmarks/cv32e40p-eco-001-base/core/common/normalized_cv32e40p.v:31628$11798'.
  created $adff cell `$procdff$15215' with positive edge clock and positive level reset.
Creating register for signal `\cv32e40p_fifo$cv32e40p_core.if_stage_i.prefetch_buffer_i.fifo_i.\status_cnt_q' using process `\cv32e40p_fifo$cv32e40p_core.if_stage_i.prefetch_buffer_i.fifo_i.$proc$/workspace/incremental-synthesis/benchmarks/cv32e40p-eco-001-base/core/common/normalized_cv32e40p.v:31625$11796'.
  created $adff cell `$procdff$15220' with positive edge clock and positive level reset.
Creating register for signal `\cv32e40p_fifo$cv32e40p_core.if_stage_i.prefetch_buffer_i.fifo_i.\read_pointer_q' using process `\cv32e40p_fifo$cv32e40p_core.if_stage_i.prefetch_buffer_i.fifo_i.$proc$/workspace/incremental-synthesis/benchmarks/cv32e40p-eco-001-base/core/common/normalized_cv32e40p.v:31622$11794'.
  created $adff cell `$procdff$15225' with positive edge clock and positive level reset.
Creating register for signal `\cv32e40p_fifo$cv32e40p_core.if_stage_i.prefetch_buffer_i.fifo_i.\mem_q [63:32]' using process `\cv32e40p_fifo$cv32e40p_core.if_stage_i.prefetch_buffer_i.fifo_i.$proc$/workspace/incremental-synthesis/benchmarks/cv32e40p-eco-001-base/core/common/normalized_cv32e40p.v:31619$11792'.
  created $adff cell `$procdff$15230' with positive edge clock and positive level reset.
Creating register for signal `\cv32e40p_fifo$cv32e40p_core.if_stage_i.prefetch_buffer_i.fifo_i.\mem_q [31:0]' using process `\cv32e40p_fifo$cv32e40p_core.if_stage_i.prefetch_buffer_i.fifo_i.$proc$/workspace/incremental-synthesis/benchmarks/cv32e40p-eco-001-base/core/common/normalized_cv32e40p.v:31616$11790'.
  created $adff cell `$procdff$15235' with positive edge clock and positive level reset.
Creating register for signal `\cv32e40p_ex_stage$cv32e40p_core.ex_stage_i.\regfile_we_lsu' using process `\cv32e40p_ex_stage$cv32e40p_core.ex_stage_i.$proc$/workspace/incremental-synthesis/benchmarks/cv32e40p-eco-001-base/core/common/normalized_cv32e40p.v:30982$11639'.
  created $adff cell `$procdff$15240' with positive edge clock and positive level reset.
Creating register for signal `\cv32e40p_ex_stage$cv32e40p_core.ex_stage_i.\regfile_waddr_lsu' using process `\cv32e40p_ex_stage$cv32e40p_core.ex_stage_i.$proc$/workspace/incremental-synthesis/benchmarks/cv32e40p-eco-001-base/core/common/normalized_cv32e40p.v:30979$11637'.
  created $adff cell `$procdff$15245' with positive edge clock and positive level reset.
Creating register for signal `\cv32e40p_cs_registers$cv32e40p_core.cs_registers_i.\mtvec_q' using process `\cv32e40p_cs_registers$cv32e40p_core.cs_registers_i.$proc$/workspace/incremental-synthesis/benchmarks/cv32e40p-eco-001-base/core/common/normalized_cv32e40p.v:17751$5232'.
  created $adff cell `$procdff$15250' with positive edge clock and positive level reset.
Creating register for signal `\cv32e40p_cs_registers$cv32e40p_core.cs_registers_i.\mtvec_mode_q' using process `\cv32e40p_cs_registers$cv32e40p_core.cs_registers_i.$proc$/workspace/incremental-synthesis/benchmarks/cv32e40p-eco-001-base/core/common/normalized_cv32e40p.v:17748$5230'.
  created $adff cell `$procdff$15255' with positive edge clock and positive level reset.
Creating register for signal `\cv32e40p_cs_registers$cv32e40p_core.cs_registers_i.\mstatus_q [4]' using process `\cv32e40p_cs_registers$cv32e40p_core.cs_registers_i.$proc$/workspace/incremental-synthesis/benchmarks/cv32e40p-eco-001-base/core/common/normalized_cv32e40p.v:17745$5228'.
  created $adff cell `$procdff$15260' with positive edge clock and positive level reset.
Creating register for signal `\cv32e40p_cs_registers$cv32e40p_core.cs_registers_i.\mstatus_q [6]' using process `\cv32e40p_cs_registers$cv32e40p_core.cs_registers_i.$proc$/workspace/incremental-synthesis/benchmarks/cv32e40p-eco-001-base/core/common/normalized_cv32e40p.v:17742$5226'.
  created $adff cell `$procdff$15265' with positive edge clock and positive level reset.
Creating register for signal `\cv32e40p_cs_registers$cv32e40p_core.cs_registers_i.\mstatus_q [0]' using process `\cv32e40p_cs_registers$cv32e40p_core.cs_registers_i.$proc$/workspace/incremental-synthesis/benchmarks/cv32e40p-eco-001-base/core/common/normalized_cv32e40p.v:17739$5224'.
  created $adff cell `$procdff$15270' with positive edge clock and positive level reset.
Creating register for signal `\cv32e40p_cs_registers$cv32e40p_core.cs_registers_i.\mstatus_q [2:1]' using process `\cv32e40p_cs_registers$cv32e40p_core.cs_registers_i.$proc$/workspace/incremental-synthesis/benchmarks/cv32e40p-eco-001-base/core/common/normalized_cv32e40p.v:17736$5222'.
  created $adff cell `$procdff$15275' with positive edge clock and positive level reset.
Creating register for signal `\cv32e40p_cs_registers$cv32e40p_core.cs_registers_i.\mstatus_q [3]' using process `\cv32e40p_cs_registers$cv32e40p_core.cs_registers_i.$proc$/workspace/incremental-synthesis/benchmarks/cv32e40p-eco-001-base/core/common/normalized_cv32e40p.v:17733$5220'.
  created $adff cell `$procdff$15280' with positive edge clock and positive level reset.
Creating register for signal `\cv32e40p_cs_registers$cv32e40p_core.cs_registers_i.\mstatus_q [5]' using process `\cv32e40p_cs_registers$cv32e40p_core.cs_registers_i.$proc$/workspace/incremental-synthesis/benchmarks/cv32e40p-eco-001-base/core/common/normalized_cv32e40p.v:17730$5218'.
  created $adff cell `$procdff$15285' with positive edge clock and positive level reset.
Creating register for signal `\cv32e40p_cs_registers$cv32e40p_core.cs_registers_i.\mscratch_q' using process `\cv32e40p_cs_registers$cv32e40p_core.cs_registers_i.$proc$/workspace/incremental-synthesis/benchmarks/cv32e40p-eco-001-base/core/common/normalized_cv32e40p.v:17727$5216'.
  created $adff cell `$procdff$15290' with positive edge clock and positive level reset.
Creating register for signal `\cv32e40p_cs_registers$cv32e40p_core.cs_registers_i.\mie_q' using process `\cv32e40p_cs_registers$cv32e40p_core.cs_registers_i.$proc$/workspace/incremental-synthesis/benchmarks/cv32e40p-eco-001-base/core/common/normalized_cv32e40p.v:17724$5214'.
  created $adff cell `$procdff$15295' with positive edge clock and positive level reset.
Creating register for signal `\cv32e40p_cs_registers$cv32e40p_core.cs_registers_i.\_1771_' using process `\cv32e40p_cs_registers$cv32e40p_core.cs_registers_i.$proc$/workspace/incremental-synthesis/benchmarks/cv32e40p-eco-001-base/core/common/normalized_cv32e40p.v:17720$5212'.
  created $adff cell `$procdff$15300' with positive edge clock and positive level reset.
Creating register for signal `\cv32e40p_cs_registers$cv32e40p_core.cs_registers_i.\_1770_' using process `\cv32e40p_cs_registers$cv32e40p_core.cs_registers_i.$proc$/workspace/incremental-synthesis/benchmarks/cv32e40p-eco-001-base/core/common/normalized_cv32e40p.v:17715$5210'.
  created $adff cell `$procdff$15305' with positive edge clock and positive level reset.
Creating register for signal `\cv32e40p_cs_registers$cv32e40p_core.cs_registers_i.\_1769_' using process `\cv32e40p_cs_registers$cv32e40p_core.cs_registers_i.$proc$/workspace/incremental-synthesis/benchmarks/cv32e40p-eco-001-base/core/common/normalized_cv32e40p.v:17710$5208'.
  created $adff cell `$procdff$15310' with positive edge clock and positive level reset.
Creating register for signal `\cv32e40p_cs_registers$cv32e40p_core.cs_registers_i.\_1768_' using process `\cv32e40p_cs_registers$cv32e40p_core.cs_registers_i.$proc$/workspace/incremental-synthesis/benchmarks/cv32e40p-eco-001-base/core/common/normalized_cv32e40p.v:17705$5206'.
  created $adff cell `$procdff$15315' with positive edge clock and positive level reset.
Creating register for signal `\cv32e40p_cs_registers$cv32e40p_core.cs_registers_i.\mepc_q' using process `\cv32e40p_cs_registers$cv32e40p_core.cs_registers_i.$proc$/workspace/incremental-synthesis/benchmarks/cv32e40p-eco-001-base/core/common/normalized_cv32e40p.v:17701$5204'.
  created $adff cell `$procdff$15320' with positive edge clock and positive level reset.
Creating register for signal `\cv32e40p_cs_registers$cv32e40p_core.cs_registers_i.\mcountinhibit_q_reg[3]' using process `\cv32e40p_cs_registers$cv32e40p_core.cs_registers_i.$proc$/workspace/incremental-synthesis/benchmarks/cv32e40p-eco-001-base/core/common/normalized_cv32e40p.v:17697$5202'.
  created $adff cell `$procdff$15325' with positive edge clock and positive level reset.
Creating register for signal `\cv32e40p_cs_registers$cv32e40p_core.cs_registers_i.\mcountinhibit_q_reg[2]' using process `\cv32e40p_cs_registers$cv32e40p_core.cs_registers_i.$proc$/workspace/incremental-synthesis/benchmarks/cv32e40p-eco-001-base/core/common/normalized_cv32e40p.v:17692$5200'.
  created $adff cell `$procdff$15330' with positive edge clock and positive level reset.
Creating register for signal `\cv32e40p_cs_registers$cv32e40p_core.cs_registers_i.\mcountinhibit_q_reg[0]' using process `\cv32e40p_cs_registers$cv32e40p_core.cs_registers_i.$proc$/workspace/incremental-synthesis/benchmarks/cv32e40p-eco-001-base/core/common/normalized_cv32e40p.v:17687$5198'.
  created $adff cell `$procdff$15335' with positive edge clock and positive level reset.
Creating register for signal `\cv32e40p_cs_registers$cv32e40p_core.cs_registers_i.\mcause_q' using process `\cv32e40p_cs_registers$cv32e40p_core.cs_registers_i.$proc$/workspace/incremental-synthesis/benchmarks/cv32e40p-eco-001-base/core/common/normalized_cv32e40p.v:17683$5196'.
  created $adff cell `$procdff$15340' with positive edge clock and positive level reset.
Creating register for signal `\cv32e40p_cs_registers$cv32e40p_core.cs_registers_i.\gen_trigger_regs.tmatch_value_q' using process `\cv32e40p_cs_registers$cv32e40p_core.cs_registers_i.$proc$/workspace/incremental-synthesis/benchmarks/cv32e40p-eco-001-base/core/common/normalized_cv32e40p.v:17680$5194'.
  created $adff cell `$procdff$15345' with positive edge clock and positive level reset.
Creating register for signal `\cv32e40p_cs_registers$cv32e40p_core.cs_registers_i.\gen_trigger_regs.tmatch_control_exec_q' using process `\cv32e40p_cs_registers$cv32e40p_core.cs_registers_i.$proc$/workspace/incremental-synthesis/benchmarks/cv32e40p-eco-001-base/core/common/normalized_cv32e40p.v:17677$5192'.
  created $adff cell `$procdff$15350' with positive edge clock and positive level reset.
Creating register for signal `\cv32e40p_cs_registers$cv32e40p_core.cs_registers_i.\dscratch1_q' using process `\cv32e40p_cs_registers$cv32e40p_core.cs_registers_i.$proc$/workspace/incremental-synthesis/benchmarks/cv32e40p-eco-001-base/core/common/normalized_cv32e40p.v:17674$5190'.
  created $adff cell `$procdff$15355' with positive edge clock and positive level reset.
Creating register for signal `\cv32e40p_cs_registers$cv32e40p_core.cs_registers_i.\dscratch0_q' using process `\cv32e40p_cs_registers$cv32e40p_core.cs_registers_i.$proc$/workspace/incremental-synthesis/benchmarks/cv32e40p-eco-001-base/core/common/normalized_cv32e40p.v:17671$5188'.
  created $adff cell `$procdff$15360' with positive edge clock and positive level reset.
Creating register for signal `\cv32e40p_cs_registers$cv32e40p_core.cs_registers_i.\depc_q' using process `\cv32e40p_cs_registers$cv32e40p_core.cs_registers_i.$proc$/workspace/incremental-synthesis/benchmarks/cv32e40p-eco-001-base/core/common/normalized_cv32e40p.v:17668$5186'.
  created $adff cell `$procdff$15365' with positive edge clock and positive level reset.
Creating register for signal `\cv32e40p_cs_registers$cv32e40p_core.cs_registers_i.\dcsr_q [27:16]' using process `\cv32e40p_cs_registers$cv32e40p_core.cs_registers_i.$proc$/workspace/incremental-synthesis/benchmarks/cv32e40p-eco-001-base/core/common/normalized_cv32e40p.v:17665$5184'.
  created $adff cell `$procdff$15370' with positive edge clock and positive level reset.
Creating register for signal `\cv32e40p_cs_registers$cv32e40p_core.cs_registers_i.\dcsr_q [14]' using process `\cv32e40p_cs_registers$cv32e40p_core.cs_registers_i.$proc$/workspace/incremental-synthesis/benchmarks/cv32e40p-eco-001-base/core/common/normalized_cv32e40p.v:17662$5182'.
  created $adff cell `$procdff$15375' with positive edge clock and positive level reset.
Creating register for signal `\cv32e40p_cs_registers$cv32e40p_core.cs_registers_i.\dcsr_q [5]' using process `\cv32e40p_cs_registers$cv32e40p_core.cs_registers_i.$proc$/workspace/incremental-synthesis/benchmarks/cv32e40p-eco-001-base/core/common/normalized_cv32e40p.v:17659$5180'.
  created $adff cell `$procdff$15380' with positive edge clock and positive level reset.
Creating register for signal `\cv32e40p_cs_registers$cv32e40p_core.cs_registers_i.\dcsr_q [31:28]' using process `\cv32e40p_cs_registers$cv32e40p_core.cs_registers_i.$proc$/workspace/incremental-synthesis/benchmarks/cv32e40p-eco-001-base/core/common/normalized_cv32e40p.v:17656$5178'.
  created $adff cell `$procdff$15385' with positive edge clock and positive level reset.
Creating register for signal `\cv32e40p_cs_registers$cv32e40p_core.cs_registers_i.\dcsr_q [9]' using process `\cv32e40p_cs_registers$cv32e40p_core.cs_registers_i.$proc$/workspace/incremental-synthesis/benchmarks/cv32e40p-eco-001-base/core/common/normalized_cv32e40p.v:17653$5176'.
  created $adff cell `$procdff$15390' with positive edge clock and positive level reset.
Creating register for signal `\cv32e40p_cs_registers$cv32e40p_core.cs_registers_i.\dcsr_q [10]' using process `\cv32e40p_cs_registers$cv32e40p_core.cs_registers_i.$proc$/workspace/incremental-synthesis/benchmarks/cv32e40p-eco-001-base/core/common/normalized_cv32e40p.v:17650$5174'.
  created $adff cell `$procdff$15395' with positive edge clock and positive level reset.
Creating register for signal `\cv32e40p_cs_registers$cv32e40p_core.cs_registers_i.\dcsr_q [11]' using process `\cv32e40p_cs_registers$cv32e40p_core.cs_registers_i.$proc$/workspace/incremental-synthesis/benchmarks/cv32e40p-eco-001-base/core/common/normalized_cv32e40p.v:17647$5172'.
  created $adff cell `$procdff$15400' with positive edge clock and positive level reset.
Creating register for signal `\cv32e40p_cs_registers$cv32e40p_core.cs_registers_i.\dcsr_q [2]' using process `\cv32e40p_cs_registers$cv32e40p_core.cs_registers_i.$proc$/workspace/incremental-synthesis/benchmarks/cv32e40p-eco-001-base/core/common/normalized_cv32e40p.v:17644$5170'.
  created $adff cell `$procdff$15405' with positive edge clock and positive level reset.
Creating register for signal `\cv32e40p_cs_registers$cv32e40p_core.cs_registers_i.\dcsr_q [1:0]' using process `\cv32e40p_cs_registers$cv32e40p_core.cs_registers_i.$proc$/workspace/incremental-synthesis/benchmarks/cv32e40p-eco-001-base/core/common/normalized_cv32e40p.v:17641$5168'.
  created $adff cell `$procdff$15410' with positive edge clock and positive level reset.
Creating register for signal `\cv32e40p_cs_registers$cv32e40p_core.cs_registers_i.\dcsr_q [3]' using process `\cv32e40p_cs_registers$cv32e40p_core.cs_registers_i.$proc$/workspace/incremental-synthesis/benchmarks/cv32e40p-eco-001-base/core/common/normalized_cv32e40p.v:17638$5166'.
  created $adff cell `$procdff$15415' with positive edge clock and positive level reset.
Creating register for signal `\cv32e40p_cs_registers$cv32e40p_core.cs_registers_i.\dcsr_q [4]' using process `\cv32e40p_cs_registers$cv32e40p_core.cs_registers_i.$proc$/workspace/incremental-synthesis/benchmarks/cv32e40p-eco-001-base/core/common/normalized_cv32e40p.v:17635$5164'.
  created $adff cell `$procdff$15420' with positive edge clock and positive level reset.
Creating register for signal `\cv32e40p_cs_registers$cv32e40p_core.cs_registers_i.\dcsr_q [12]' using process `\cv32e40p_cs_registers$cv32e40p_core.cs_registers_i.$proc$/workspace/incremental-synthesis/benchmarks/cv32e40p-eco-001-base/core/common/normalized_cv32e40p.v:17632$5162'.
  created $adff cell `$procdff$15425' with positive edge clock and positive level reset.
Creating register for signal `\cv32e40p_cs_registers$cv32e40p_core.cs_registers_i.\dcsr_q [13]' using process `\cv32e40p_cs_registers$cv32e40p_core.cs_registers_i.$proc$/workspace/incremental-synthesis/benchmarks/cv32e40p-eco-001-base/core/common/normalized_cv32e40p.v:17629$5160'.
  created $adff cell `$procdff$15430' with positive edge clock and positive level reset.
Creating register for signal `\cv32e40p_cs_registers$cv32e40p_core.cs_registers_i.\dcsr_q [15]' using process `\cv32e40p_cs_registers$cv32e40p_core.cs_registers_i.$proc$/workspace/incremental-synthesis/benchmarks/cv32e40p-eco-001-base/core/common/normalized_cv32e40p.v:17626$5158'.
  created $adff cell `$procdff$15435' with positive edge clock and positive level reset.
Creating register for signal `\cv32e40p_cs_registers$cv32e40p_core.cs_registers_i.\dcsr_q [8:6]' using process `\cv32e40p_cs_registers$cv32e40p_core.cs_registers_i.$proc$/workspace/incremental-synthesis/benchmarks/cv32e40p-eco-001-base/core/common/normalized_cv32e40p.v:17623$5156'.
  created $adff cell `$procdff$15440' with positive edge clock and positive level reset.
Creating register for signal `\cv32e40p_controller$cv32e40p_core.id_stage_i.controller_i.\jump_done_q' using process `\cv32e40p_controller$cv32e40p_core.id_stage_i.controller_i.$proc$/workspace/incremental-synthesis/benchmarks/cv32e40p-eco-001-base/core/common/normalized_cv32e40p.v:10360$2235'.
  created $adff cell `$procdff$15445' with positive edge clock and positive level reset.
Creating register for signal `\cv32e40p_controller$cv32e40p_core.id_stage_i.controller_i.\illegal_insn_q' using process `\cv32e40p_controller$cv32e40p_core.id_stage_i.controller_i.$proc$/workspace/incremental-synthesis/benchmarks/cv32e40p-eco-001-base/core/common/normalized_cv32e40p.v:10357$2233'.
  created $adff cell `$procdff$15450' with positive edge clock and positive level reset.
Creating register for signal `\cv32e40p_controller$cv32e40p_core.id_stage_i.controller_i.\hwlp_end_4_id_q' using process `\cv32e40p_controller$cv32e40p_core.id_stage_i.controller_i.$proc$/workspace/incremental-synthesis/benchmarks/cv32e40p-eco-001-base/core/common/normalized_cv32e40p.v:10354$2231'.
  created $adff cell `$procdff$15455' with positive edge clock and positive level reset.
Creating register for signal `\cv32e40p_controller$cv32e40p_core.id_stage_i.controller_i.\debug_req_q' using process `\cv32e40p_controller$cv32e40p_core.id_stage_i.controller_i.$proc$/workspace/incremental-synthesis/benchmarks/cv32e40p-eco-001-base/core/common/normalized_cv32e40p.v:10351$2229'.
  created $adff cell `$procdff$15460' with positive edge clock and positive level reset.
Creating register for signal `\cv32e40p_controller$cv32e40p_core.id_stage_i.controller_i.\debug_req_entry_q' using process `\cv32e40p_controller$cv32e40p_core.id_stage_i.controller_i.$proc$/workspace/incremental-synthesis/benchmarks/cv32e40p-eco-001-base/core/common/normalized_cv32e40p.v:10348$2227'.
  created $adff cell `$procdff$15465' with positive edge clock and positive level reset.
Creating register for signal `\cv32e40p_controller$cv32e40p_core.id_stage_i.controller_i.\debug_mode_q' using process `\cv32e40p_controller$cv32e40p_core.id_stage_i.controller_i.$proc$/workspace/incremental-synthesis/benchmarks/cv32e40p-eco-001-base/core/common/normalized_cv32e40p.v:10345$2225'.
  created $adff cell `$procdff$15470' with positive edge clock and positive level reset.
Creating register for signal `\cv32e40p_controller$cv32e40p_core.id_stage_i.controller_i.\debug_fsm_cs' using process `\cv32e40p_controller$cv32e40p_core.id_stage_i.controller_i.$proc$/workspace/incremental-synthesis/benchmarks/cv32e40p-eco-001-base/core/common/normalized_cv32e40p.v:10342$2223'.
  created $adff cell `$procdff$15475' with positive edge clock and positive level reset.
Creating register for signal `\cv32e40p_controller$cv32e40p_core.id_stage_i.controller_i.\debug_force_wakeup_q' using process `\cv32e40p_controller$cv32e40p_core.id_stage_i.controller_i.$proc$/workspace/incremental-synthesis/benchmarks/cv32e40p-eco-001-base/core/common/normalized_cv32e40p.v:10339$2221'.
  created $adff cell `$procdff$15480' with positive edge clock and positive level reset.
Creating register for signal `\cv32e40p_controller$cv32e40p_core.id_stage_i.controller_i.\data_err_q' using process `\cv32e40p_controller$cv32e40p_core.id_stage_i.controller_i.$proc$/workspace/incremental-synthesis/benchmarks/cv32e40p-eco-001-base/core/common/normalized_cv32e40p.v:10336$2219'.
  created $adff cell `$procdff$15485' with positive edge clock and positive level reset.
Creating register for signal `\cv32e40p_controller$cv32e40p_core.id_stage_i.controller_i.\ctrl_fsm_cs' using process `\cv32e40p_controller$cv32e40p_core.id_stage_i.controller_i.$proc$/workspace/incremental-synthesis/benchmarks/cv32e40p-eco-001-base/core/common/normalized_cv32e40p.v:10333$2217'.
  created $adff cell `$procdff$15490' with positive edge clock and positive level reset.
Creating register for signal `\cv32e40p_alu_div$cv32e40p_core.ex_stage_i.alu_i.alu_div_i.\State_SP' using process `\cv32e40p_alu_div$cv32e40p_core.ex_stage_i.alu_i.alu_div_i.$proc$/workspace/incremental-synthesis/benchmarks/cv32e40p-eco-001-base/core/common/normalized_cv32e40p.v:2620$896'.
  created $adff cell `$procdff$15495' with positive edge clock and positive level reset.
Creating register for signal `\cv32e40p_alu_div$cv32e40p_core.ex_stage_i.alu_i.alu_div_i.\ResReg_DP' using process `\cv32e40p_alu_div$cv32e40p_core.ex_stage_i.alu_i.alu_div_i.$proc$/workspace/incremental-synthesis/benchmarks/cv32e40p-eco-001-base/core/common/normalized_cv32e40p.v:2617$894'.
  created $adff cell `$procdff$15500' with positive edge clock and positive level reset.
Creating register for signal `\cv32e40p_alu_div$cv32e40p_core.ex_stage_i.alu_i.alu_div_i.\ResInv_SP' using process `\cv32e40p_alu_div$cv32e40p_core.ex_stage_i.alu_i.alu_div_i.$proc$/workspace/incremental-synthesis/benchmarks/cv32e40p-eco-001-base/core/common/normalized_cv32e40p.v:2614$892'.
  created $adff cell `$procdff$15505' with positive edge clock and positive level reset.
Creating register for signal `\cv32e40p_alu_div$cv32e40p_core.ex_stage_i.alu_i.alu_div_i.\RemSel_SP' using process `\cv32e40p_alu_div$cv32e40p_core.ex_stage_i.alu_i.alu_div_i.$proc$/workspace/incremental-synthesis/benchmarks/cv32e40p-eco-001-base/core/common/normalized_cv32e40p.v:2611$890'.
  created $adff cell `$procdff$15510' with positive edge clock and positive level reset.
Creating register for signal `\cv32e40p_alu_div$cv32e40p_core.ex_stage_i.alu_i.alu_div_i.\CompInv_SP' using process `\cv32e40p_alu_div$cv32e40p_core.ex_stage_i.alu_i.alu_div_i.$proc$/workspace/incremental-synthesis/benchmarks/cv32e40p-eco-001-base/core/common/normalized_cv32e40p.v:2608$888'.
  created $adff cell `$procdff$15515' with positive edge clock and positive level reset.
Creating register for signal `\cv32e40p_alu_div$cv32e40p_core.ex_stage_i.alu_i.alu_div_i.\Cnt_DP' using process `\cv32e40p_alu_div$cv32e40p_core.ex_stage_i.alu_i.alu_div_i.$proc$/workspace/incremental-synthesis/benchmarks/cv32e40p-eco-001-base/core/common/normalized_cv32e40p.v:2605$886'.
  created $adff cell `$procdff$15520' with positive edge clock and positive level reset.
Creating register for signal `\cv32e40p_alu_div$cv32e40p_core.ex_stage_i.alu_i.alu_div_i.\BReg_DP' using process `\cv32e40p_alu_div$cv32e40p_core.ex_stage_i.alu_i.alu_div_i.$proc$/workspace/incremental-synthesis/benchmarks/cv32e40p-eco-001-base/core/common/normalized_cv32e40p.v:2602$884'.
  created $adff cell `$procdff$15525' with positive edge clock and positive level reset.
Creating register for signal `\cv32e40p_alu_div$cv32e40p_core.ex_stage_i.alu_i.alu_div_i.\AReg_DP' using process `\cv32e40p_alu_div$cv32e40p_core.ex_stage_i.alu_i.alu_div_i.$proc$/workspace/incremental-synthesis/benchmarks/cv32e40p-eco-001-base/core/common/normalized_cv32e40p.v:2599$882'.
  created $adff cell `$procdff$15530' with positive edge clock and positive level reset.
Creating register for signal `\cv32e40p_aligner$cv32e40p_core.if_stage_i.aligner_i.\state' using process `\cv32e40p_aligner$cv32e40p_core.if_stage_i.aligner_i.$proc$/workspace/incremental-synthesis/benchmarks/cv32e40p-eco-001-base/core/common/normalized_cv32e40p.v:344$69'.
  created $adff cell `$procdff$15535' with positive edge clock and positive level reset.
Creating register for signal `\cv32e40p_aligner$cv32e40p_core.if_stage_i.aligner_i.\r_instr_h' using process `\cv32e40p_aligner$cv32e40p_core.if_stage_i.aligner_i.$proc$/workspace/incremental-synthesis/benchmarks/cv32e40p-eco-001-base/core/common/normalized_cv32e40p.v:341$67'.
  created $adff cell `$procdff$15540' with positive edge clock and positive level reset.
Creating register for signal `\cv32e40p_aligner$cv32e40p_core.if_stage_i.aligner_i.\pc_q' using process `\cv32e40p_aligner$cv32e40p_core.if_stage_i.aligner_i.$proc$/workspace/incremental-synthesis/benchmarks/cv32e40p-eco-001-base/core/common/normalized_cv32e40p.v:338$65'.
  created $adff cell `$procdff$15545' with positive edge clock and positive level reset.
Creating register for signal `\cv32e40p_aligner$cv32e40p_core.if_stage_i.aligner_i.\hwlp_update_pc_q' using process `\cv32e40p_aligner$cv32e40p_core.if_stage_i.aligner_i.$proc$/workspace/incremental-synthesis/benchmarks/cv32e40p-eco-001-base/core/common/normalized_cv32e40p.v:335$63'.
  created $adff cell `$procdff$15550' with positive edge clock and positive level reset.
Creating register for signal `\cv32e40p_aligner$cv32e40p_core.if_stage_i.aligner_i.\hwlp_addr_q' using process `\cv32e40p_aligner$cv32e40p_core.if_stage_i.aligner_i.$proc$/workspace/incremental-synthesis/benchmarks/cv32e40p-eco-001-base/core/common/normalized_cv32e40p.v:332$61'.
  created $adff cell `$procdff$15555' with positive edge clock and positive level reset.
Creating register for signal `\cv32e40p_aligner$cv32e40p_core.if_stage_i.aligner_i.\aligner_ready_q' using process `\cv32e40p_aligner$cv32e40p_core.if_stage_i.aligner_i.$proc$/workspace/incremental-synthesis/benchmarks/cv32e40p-eco-001-base/core/common/normalized_cv32e40p.v:329$59'.
  created $adff cell `$procdff$15560' with positive edge clock and positive level reset.

3.10. Executing PROC_MEMWR pass (convert process memory writes to cells).

3.11. Executing PROC_CLEAN pass (remove empty switches from decision trees).
Removing empty process `cv32e40p_sleep_unit$cv32e40p_core.sleep_unit_i.$proc$/workspace/incremental-synthesis/benchmarks/cv32e40p-eco-001-base/core/common/normalized_cv32e40p.v:42425$14522'.
Removing empty process `cv32e40p_sleep_unit$cv32e40p_core.sleep_unit_i.$proc$/workspace/incremental-synthesis/benchmarks/cv32e40p-eco-001-base/core/common/normalized_cv32e40p.v:42422$14520'.
Removing empty process `cv32e40p_sleep_unit$cv32e40p_core.sleep_unit_i.$proc$/workspace/incremental-synthesis/benchmarks/cv32e40p-eco-001-base/core/common/normalized_cv32e40p.v:42419$14518'.
Removing empty process `cv32e40p_register_file$cv32e40p_core.id_stage_i.register_file_i.$proc$/workspace/incremental-synthesis/benchmarks/cv32e40p-eco-001-base/core/common/normalized_cv32e40p.v:42001$14414'.
Removing empty process `cv32e40p_register_file$cv32e40p_core.id_stage_i.register_file_i.$proc$/workspace/incremental-synthesis/benchmarks/cv32e40p-eco-001-base/core/common/normalized_cv32e40p.v:41998$14412'.
Removing empty process `cv32e40p_register_file$cv32e40p_core.id_stage_i.register_file_i.$proc$/workspace/incremental-synthesis/benchmarks/cv32e40p-eco-001-base/core/common/normalized_cv32e40p.v:41995$14410'.
Removing empty process `cv32e40p_register_file$cv32e40p_core.id_stage_i.register_file_i.$proc$/workspace/incremental-synthesis/benchmarks/cv32e40p-eco-001-base/core/common/normalized_cv32e40p.v:41992$14408'.
Removing empty process `cv32e40p_register_file$cv32e40p_core.id_stage_i.register_file_i.$proc$/workspace/incremental-synthesis/benchmarks/cv32e40p-eco-001-base/core/common/normalized_cv32e40p.v:41989$14406'.
Removing empty process `cv32e40p_register_file$cv32e40p_core.id_stage_i.register_file_i.$proc$/workspace/incremental-synthesis/benchmarks/cv32e40p-eco-001-base/core/common/normalized_cv32e40p.v:41986$14404'.
Removing empty process `cv32e40p_register_file$cv32e40p_core.id_stage_i.register_file_i.$proc$/workspace/incremental-synthesis/benchmarks/cv32e40p-eco-001-base/core/common/normalized_cv32e40p.v:41983$14402'.
Removing empty process `cv32e40p_register_file$cv32e40p_core.id_stage_i.register_file_i.$proc$/workspace/incremental-synthesis/benchmarks/cv32e40p-eco-001-base/core/common/normalized_cv32e40p.v:41980$14400'.
Removing empty process `cv32e40p_register_file$cv32e40p_core.id_stage_i.register_file_i.$proc$/workspace/incremental-synthesis/benchmarks/cv32e40p-eco-001-base/core/common/normalized_cv32e40p.v:41977$14398'.
Removing empty process `cv32e40p_register_file$cv32e40p_core.id_stage_i.register_file_i.$proc$/workspace/incremental-synthesis/benchmarks/cv32e40p-eco-001-base/core/common/normalized_cv32e40p.v:41974$14396'.
Removing empty process `cv32e40p_register_file$cv32e40p_core.id_stage_i.register_file_i.$proc$/workspace/incremental-synthesis/benchmarks/cv32e40p-eco-001-base/core/common/normalized_cv32e40p.v:41971$14394'.
Removing empty process `cv32e40p_register_file$cv32e40p_core.id_stage_i.register_file_i.$proc$/workspace/incremental-synthesis/benchmarks/cv32e40p-eco-001-base/core/common/normalized_cv32e40p.v:41968$14392'.
Removing empty process `cv32e40p_register_file$cv32e40p_core.id_stage_i.register_file_i.$proc$/workspace/incremental-synthesis/benchmarks/cv32e40p-eco-001-base/core/common/normalized_cv32e40p.v:41965$14390'.
Removing empty process `cv32e40p_register_file$cv32e40p_core.id_stage_i.register_file_i.$proc$/workspace/incremental-synthesis/benchmarks/cv32e40p-eco-001-base/core/common/normalized_cv32e40p.v:41962$14388'.
Removing empty process `cv32e40p_register_file$cv32e40p_core.id_stage_i.register_file_i.$proc$/workspace/incremental-synthesis/benchmarks/cv32e40p-eco-001-base/core/common/normalized_cv32e40p.v:41959$14386'.
Removing empty process `cv32e40p_register_file$cv32e40p_core.id_stage_i.register_file_i.$proc$/workspace/incremental-synthesis/benchmarks/cv32e40p-eco-001-base/core/common/normalized_cv32e40p.v:41956$14384'.
Removing empty process `cv32e40p_register_file$cv32e40p_core.id_stage_i.register_file_i.$proc$/workspace/incremental-synthesis/benchmarks/cv32e40p-eco-001-base/core/common/normalized_cv32e40p.v:41953$14382'.
Removing empty process `cv32e40p_register_file$cv32e40p_core.id_stage_i.register_file_i.$proc$/workspace/incremental-synthesis/benchmarks/cv32e40p-eco-001-base/core/common/normalized_cv32e40p.v:41950$14380'.
Removing empty process `cv32e40p_register_file$cv32e40p_core.id_stage_i.register_file_i.$proc$/workspace/incremental-synthesis/benchmarks/cv32e40p-eco-001-base/core/common/normalized_cv32e40p.v:41947$14378'.
Removing empty process `cv32e40p_register_file$cv32e40p_core.id_stage_i.register_file_i.$proc$/workspace/incremental-synthesis/benchmarks/cv32e40p-eco-001-base/core/common/normalized_cv32e40p.v:41944$14376'.
Removing empty process `cv32e40p_register_file$cv32e40p_core.id_stage_i.register_file_i.$proc$/workspace/incremental-synthesis/benchmarks/cv32e40p-eco-001-base/core/common/normalized_cv32e40p.v:41941$14374'.
Removing empty process `cv32e40p_register_file$cv32e40p_core.id_stage_i.register_file_i.$proc$/workspace/incremental-synthesis/benchmarks/cv32e40p-eco-001-base/core/common/normalized_cv32e40p.v:41938$14372'.
Removing empty process `cv32e40p_register_file$cv32e40p_core.id_stage_i.register_file_i.$proc$/workspace/incremental-synthesis/benchmarks/cv32e40p-eco-001-base/core/common/normalized_cv32e40p.v:41935$14370'.
Removing empty process `cv32e40p_register_file$cv32e40p_core.id_stage_i.register_file_i.$proc$/workspace/incremental-synthesis/benchmarks/cv32e40p-eco-001-base/core/common/normalized_cv32e40p.v:41932$14368'.
Removing empty process `cv32e40p_register_file$cv32e40p_core.id_stage_i.register_file_i.$proc$/workspace/incremental-synthesis/benchmarks/cv32e40p-eco-001-base/core/common/normalized_cv32e40p.v:41929$14366'.
Removing empty process `cv32e40p_register_file$cv32e40p_core.id_stage_i.register_file_i.$proc$/workspace/incremental-synthesis/benchmarks/cv32e40p-eco-001-base/core/common/normalized_cv32e40p.v:41926$14364'.
Removing empty process `cv32e40p_register_file$cv32e40p_core.id_stage_i.register_file_i.$proc$/workspace/incremental-synthesis/benchmarks/cv32e40p-eco-001-base/core/common/normalized_cv32e40p.v:41923$14362'.
Removing empty process `cv32e40p_register_file$cv32e40p_core.id_stage_i.register_file_i.$proc$/workspace/incremental-synthesis/benchmarks/cv32e40p-eco-001-base/core/common/normalized_cv32e40p.v:41920$14360'.
Removing empty process `cv32e40p_register_file$cv32e40p_core.id_stage_i.register_file_i.$proc$/workspace/incremental-synthesis/benchmarks/cv32e40p-eco-001-base/core/common/normalized_cv32e40p.v:41917$14358'.
Removing empty process `cv32e40p_register_file$cv32e40p_core.id_stage_i.register_file_i.$proc$/workspace/incremental-synthesis/benchmarks/cv32e40p-eco-001-base/core/common/normalized_cv32e40p.v:41914$14356'.
Removing empty process `cv32e40p_register_file$cv32e40p_core.id_stage_i.register_file_i.$proc$/workspace/incremental-synthesis/benchmarks/cv32e40p-eco-001-base/core/common/normalized_cv32e40p.v:41911$14354'.
Removing empty process `cv32e40p_register_file$cv32e40p_core.id_stage_i.register_file_i.$proc$/workspace/incremental-synthesis/benchmarks/cv32e40p-eco-001-base/core/common/normalized_cv32e40p.v:41908$14352'.
Removing empty process `cv32e40p_prefetch_controller$cv32e40p_core.if_stage_i.prefetch_buffer_i.prefetch_controller_i.$proc$/workspace/incremental-synthesis/benchmarks/cv32e40p-eco-001-base/core/common/normalized_cv32e40p.v:40791$13950'.
Removing empty process `cv32e40p_prefetch_controller$cv32e40p_core.if_stage_i.prefetch_buffer_i.prefetch_controller_i.$proc$/workspace/incremental-synthesis/benchmarks/cv32e40p-eco-001-base/core/common/normalized_cv32e40p.v:40788$13948'.
Removing empty process `cv32e40p_prefetch_controller$cv32e40p_core.if_stage_i.prefetch_buffer_i.prefetch_controller_i.$proc$/workspace/incremental-synthesis/benchmarks/cv32e40p-eco-001-base/core/common/normalized_cv32e40p.v:40785$13946'.
Removing empty process `cv32e40p_prefetch_controller$cv32e40p_core.if_stage_i.prefetch_buffer_i.prefetch_controller_i.$proc$/workspace/incremental-synthesis/benchmarks/cv32e40p-eco-001-base/core/common/normalized_cv32e40p.v:40782$13944'.
Removing empty process `cv32e40p_prefetch_controller$cv32e40p_core.if_stage_i.prefetch_buffer_i.prefetch_controller_i.$proc$/workspace/incremental-synthesis/benchmarks/cv32e40p-eco-001-base/core/common/normalized_cv32e40p.v:40779$13942'.
Removing empty process `cv32e40p_prefetch_controller$cv32e40p_core.if_stage_i.prefetch_buffer_i.prefetch_controller_i.$proc$/workspace/incremental-synthesis/benchmarks/cv32e40p-eco-001-base/core/common/normalized_cv32e40p.v:40776$13940'.
Removing empty process `cv32e40p_obi_interface$cv32e40p_core.if_stage_i.prefetch_buffer_i.instruction_obi_i.$proc$/workspace/incremental-synthesis/benchmarks/cv32e40p-eco-001-base/core/common/normalized_cv32e40p.v:40145$13823'.
Removing empty process `cv32e40p_obi_interface$cv32e40p_core.if_stage_i.prefetch_buffer_i.instruction_obi_i.$proc$/workspace/incremental-synthesis/benchmarks/cv32e40p-eco-001-base/core/common/normalized_cv32e40p.v:40142$13821'.
Removing empty process `cv32e40p_obi_interface$cv32e40p_core.if_stage_i.prefetch_buffer_i.instruction_obi_i.$proc$/workspace/incremental-synthesis/benchmarks/cv32e40p-eco-001-base/core/common/normalized_cv32e40p.v:40139$13819'.
Removing empty process `cv32e40p_obi_interface$cv32e40p_core.if_stage_i.prefetch_buffer_i.instruction_obi_i.$proc$/workspace/incremental-synthesis/benchmarks/cv32e40p-eco-001-base/core/common/normalized_cv32e40p.v:40136$13817'.
Removing empty process `cv32e40p_obi_interface$cv32e40p_core.if_stage_i.prefetch_buffer_i.instruction_obi_i.$proc$/workspace/incremental-synthesis/benchmarks/cv32e40p-eco-001-base/core/common/normalized_cv32e40p.v:40133$13815'.
Removing empty process `cv32e40p_obi_interface$cv32e40p_core.if_stage_i.prefetch_buffer_i.instruction_obi_i.$proc$/workspace/incremental-synthesis/benchmarks/cv32e40p-eco-001-base/core/common/normalized_cv32e40p.v:40130$13813'.
Removing empty process `cv32e40p_mult$cv32e40p_core.ex_stage_i.mult_i.$proc$/workspace/incremental-synthesis/benchmarks/cv32e40p-eco-001-base/core/common/normalized_cv32e40p.v:39910$13749'.
Removing empty process `cv32e40p_mult$cv32e40p_core.ex_stage_i.mult_i.$proc$/workspace/incremental-synthesis/benchmarks/cv32e40p-eco-001-base/core/common/normalized_cv32e40p.v:39907$13747'.
Removing empty process `cv32e40p_load_store_unit$cv32e40p_core.load_store_unit_i.$proc$/workspace/incremental-synthesis/benchmarks/cv32e40p-eco-001-base/core/common/normalized_cv32e40p.v:39184$13491'.
Removing empty process `cv32e40p_load_store_unit$cv32e40p_core.load_store_unit_i.$proc$/workspace/incremental-synthesis/benchmarks/cv32e40p-eco-001-base/core/common/normalized_cv32e40p.v:39181$13489'.
Removing empty process `cv32e40p_load_store_unit$cv32e40p_core.load_store_unit_i.$proc$/workspace/incremental-synthesis/benchmarks/cv32e40p-eco-001-base/core/common/normalized_cv32e40p.v:39178$13487'.
Removing empty process `cv32e40p_load_store_unit$cv32e40p_core.load_store_unit_i.$proc$/workspace/incremental-synthesis/benchmarks/cv32e40p-eco-001-base/core/common/normalized_cv32e40p.v:39175$13485'.
Removing empty process `cv32e40p_load_store_unit$cv32e40p_core.load_store_unit_i.$proc$/workspace/incremental-synthesis/benchmarks/cv32e40p-eco-001-base/core/common/normalized_cv32e40p.v:39172$13483'.
Removing empty process `cv32e40p_load_store_unit$cv32e40p_core.load_store_unit_i.$proc$/workspace/incremental-synthesis/benchmarks/cv32e40p-eco-001-base/core/common/normalized_cv32e40p.v:39169$13481'.
Removing empty process `cv32e40p_load_store_unit$cv32e40p_core.load_store_unit_i.$proc$/workspace/incremental-synthesis/benchmarks/cv32e40p-eco-001-base/core/common/normalized_cv32e40p.v:39166$13479'.
Removing empty process `cv32e40p_int_controller$cv32e40p_core.id_stage_i.int_controller_i.$proc$/workspace/incremental-synthesis/benchmarks/cv32e40p-eco-001-base/core/common/normalized_cv32e40p.v:37482$12836'.
Removing empty process `cv32e40p_int_controller$cv32e40p_core.id_stage_i.int_controller_i.$proc$/workspace/incremental-synthesis/benchmarks/cv32e40p-eco-001-base/core/common/normalized_cv32e40p.v:37479$12834'.
Removing empty process `cv32e40p_if_stage$cv32e40p_core.if_stage_i.$proc$/workspace/incremental-synthesis/benchmarks/cv32e40p-eco-001-base/core/common/normalized_cv32e40p.v:36225$12794'.
Removing empty process `cv32e40p_if_stage$cv32e40p_core.if_stage_i.$proc$/workspace/incremental-synthesis/benchmarks/cv32e40p-eco-001-base/core/common/normalized_cv32e40p.v:36222$12792'.
Removing empty process `cv32e40p_if_stage$cv32e40p_core.if_stage_i.$proc$/workspace/incremental-synthesis/benchmarks/cv32e40p-eco-001-base/core/common/normalized_cv32e40p.v:36219$12790'.
Removing empty process `cv32e40p_if_stage$cv32e40p_core.if_stage_i.$proc$/workspace/incremental-synthesis/benchmarks/cv32e40p-eco-001-base/core/common/normalized_cv32e40p.v:36216$12788'.
Removing empty process `cv32e40p_if_stage$cv32e40p_core.if_stage_i.$proc$/workspace/incremental-synthesis/benchmarks/cv32e40p-eco-001-base/core/common/normalized_cv32e40p.v:36213$12786'.
Removing empty process `cv32e40p_if_stage$cv32e40p_core.if_stage_i.$proc$/workspace/incremental-synthesis/benchmarks/cv32e40p-eco-001-base/core/common/normalized_cv32e40p.v:36210$12784'.
Removing empty process `cv32e40p_id_stage$cv32e40p_core.id_stage_i.$proc$/workspace/incremental-synthesis/benchmarks/cv32e40p-eco-001-base/core/common/normalized_cv32e40p.v:34349$12174'.
Removing empty process `cv32e40p_id_stage$cv32e40p_core.id_stage_i.$proc$/workspace/incremental-synthesis/benchmarks/cv32e40p-eco-001-base/core/common/normalized_cv32e40p.v:34346$12172'.
Removing empty process `cv32e40p_id_stage$cv32e40p_core.id_stage_i.$proc$/workspace/incremental-synthesis/benchmarks/cv32e40p-eco-001-base/core/common/normalized_cv32e40p.v:34343$12170'.
Removing empty process `cv32e40p_id_stage$cv32e40p_core.id_stage_i.$proc$/workspace/incremental-synthesis/benchmarks/cv32e40p-eco-001-base/core/common/normalized_cv32e40p.v:34340$12168'.
Removing empty process `cv32e40p_id_stage$cv32e40p_core.id_stage_i.$proc$/workspace/incremental-synthesis/benchmarks/cv32e40p-eco-001-base/core/common/normalized_cv32e40p.v:34337$12166'.
Removing empty process `cv32e40p_id_stage$cv32e40p_core.id_stage_i.$proc$/workspace/incremental-synthesis/benchmarks/cv32e40p-eco-001-base/core/common/normalized_cv32e40p.v:34334$12164'.
Removing empty process `cv32e40p_id_stage$cv32e40p_core.id_stage_i.$proc$/workspace/incremental-synthesis/benchmarks/cv32e40p-eco-001-base/core/common/normalized_cv32e40p.v:34331$12162'.
Removing empty process `cv32e40p_id_stage$cv32e40p_core.id_stage_i.$proc$/workspace/incremental-synthesis/benchmarks/cv32e40p-eco-001-base/core/common/normalized_cv32e40p.v:34328$12160'.
Removing empty process `cv32e40p_id_stage$cv32e40p_core.id_stage_i.$proc$/workspace/incremental-synthesis/benchmarks/cv32e40p-eco-001-base/core/common/normalized_cv32e40p.v:34325$12158'.
Removing empty process `cv32e40p_id_stage$cv32e40p_core.id_stage_i.$proc$/workspace/incremental-synthesis/benchmarks/cv32e40p-eco-001-base/core/common/normalized_cv32e40p.v:34322$12156'.
Removing empty process `cv32e40p_id_stage$cv32e40p_core.id_stage_i.$proc$/workspace/incremental-synthesis/benchmarks/cv32e40p-eco-001-base/core/common/normalized_cv32e40p.v:34319$12154'.
Removing empty process `cv32e40p_id_stage$cv32e40p_core.id_stage_i.$proc$/workspace/incremental-synthesis/benchmarks/cv32e40p-eco-001-base/core/common/normalized_cv32e40p.v:34316$12152'.
Removing empty process `cv32e40p_id_stage$cv32e40p_core.id_stage_i.$proc$/workspace/incremental-synthesis/benchmarks/cv32e40p-eco-001-base/core/common/normalized_cv32e40p.v:34313$12150'.
Removing empty process `cv32e40p_id_stage$cv32e40p_core.id_stage_i.$proc$/workspace/incremental-synthesis/benchmarks/cv32e40p-eco-001-base/core/common/normalized_cv32e40p.v:34310$12148'.
Removing empty process `cv32e40p_id_stage$cv32e40p_core.id_stage_i.$proc$/workspace/incremental-synthesis/benchmarks/cv32e40p-eco-001-base/core/common/normalized_cv32e40p.v:34307$12146'.
Removing empty process `cv32e40p_id_stage$cv32e40p_core.id_stage_i.$proc$/workspace/incremental-synthesis/benchmarks/cv32e40p-eco-001-base/core/common/normalized_cv32e40p.v:34304$12144'.
Removing empty process `cv32e40p_id_stage$cv32e40p_core.id_stage_i.$proc$/workspace/incremental-synthesis/benchmarks/cv32e40p-eco-001-base/core/common/normalized_cv32e40p.v:34301$12142'.
Removing empty process `cv32e40p_id_stage$cv32e40p_core.id_stage_i.$proc$/workspace/incremental-synthesis/benchmarks/cv32e40p-eco-001-base/core/common/normalized_cv32e40p.v:34298$12140'.
Removing empty process `cv32e40p_id_stage$cv32e40p_core.id_stage_i.$proc$/workspace/incremental-synthesis/benchmarks/cv32e40p-eco-001-base/core/common/normalized_cv32e40p.v:34295$12138'.
Removing empty process `cv32e40p_id_stage$cv32e40p_core.id_stage_i.$proc$/workspace/incremental-synthesis/benchmarks/cv32e40p-eco-001-base/core/common/normalized_cv32e40p.v:34292$12136'.
Removing empty process `cv32e40p_id_stage$cv32e40p_core.id_stage_i.$proc$/workspace/incremental-synthesis/benchmarks/cv32e40p-eco-001-base/core/common/normalized_cv32e40p.v:34289$12134'.
Removing empty process `cv32e40p_id_stage$cv32e40p_core.id_stage_i.$proc$/workspace/incremental-synthesis/benchmarks/cv32e40p-eco-001-base/core/common/normalized_cv32e40p.v:34286$12132'.
Removing empty process `cv32e40p_id_stage$cv32e40p_core.id_stage_i.$proc$/workspace/incremental-synthesis/benchmarks/cv32e40p-eco-001-base/core/common/normalized_cv32e40p.v:34283$12130'.
Removing empty process `cv32e40p_id_stage$cv32e40p_core.id_stage_i.$proc$/workspace/incremental-synthesis/benchmarks/cv32e40p-eco-001-base/core/common/normalized_cv32e40p.v:34280$12128'.
Removing empty process `cv32e40p_id_stage$cv32e40p_core.id_stage_i.$proc$/workspace/incremental-synthesis/benchmarks/cv32e40p-eco-001-base/core/common/normalized_cv32e40p.v:34277$12126'.
Removing empty process `cv32e40p_id_stage$cv32e40p_core.id_stage_i.$proc$/workspace/incremental-synthesis/benchmarks/cv32e40p-eco-001-base/core/common/normalized_cv32e40p.v:34274$12124'.
Removing empty process `cv32e40p_id_stage$cv32e40p_core.id_stage_i.$proc$/workspace/incremental-synthesis/benchmarks/cv32e40p-eco-001-base/core/common/normalized_cv32e40p.v:34271$12122'.
Removing empty process `cv32e40p_id_stage$cv32e40p_core.id_stage_i.$proc$/workspace/incremental-synthesis/benchmarks/cv32e40p-eco-001-base/core/common/normalized_cv32e40p.v:34268$12120'.
Removing empty process `cv32e40p_id_stage$cv32e40p_core.id_stage_i.$proc$/workspace/incremental-synthesis/benchmarks/cv32e40p-eco-001-base/core/common/normalized_cv32e40p.v:34265$12118'.
Removing empty process `cv32e40p_id_stage$cv32e40p_core.id_stage_i.$proc$/workspace/incremental-synthesis/benchmarks/cv32e40p-eco-001-base/core/common/normalized_cv32e40p.v:34262$12116'.
Removing empty process `cv32e40p_id_stage$cv32e40p_core.id_stage_i.$proc$/workspace/incremental-synthesis/benchmarks/cv32e40p-eco-001-base/core/common/normalized_cv32e40p.v:34259$12114'.
Removing empty process `cv32e40p_id_stage$cv32e40p_core.id_stage_i.$proc$/workspace/incremental-synthesis/benchmarks/cv32e40p-eco-001-base/core/common/normalized_cv32e40p.v:34256$12112'.
Removing empty process `cv32e40p_id_stage$cv32e40p_core.id_stage_i.$proc$/workspace/incremental-synthesis/benchmarks/cv32e40p-eco-001-base/core/common/normalized_cv32e40p.v:34253$12110'.
Removing empty process `cv32e40p_id_stage$cv32e40p_core.id_stage_i.$proc$/workspace/incremental-synthesis/benchmarks/cv32e40p-eco-001-base/core/common/normalized_cv32e40p.v:34250$12108'.
Removing empty process `cv32e40p_id_stage$cv32e40p_core.id_stage_i.$proc$/workspace/incremental-synthesis/benchmarks/cv32e40p-eco-001-base/core/common/normalized_cv32e40p.v:34247$12106'.
Removing empty process `cv32e40p_id_stage$cv32e40p_core.id_stage_i.$proc$/workspace/incremental-synthesis/benchmarks/cv32e40p-eco-001-base/core/common/normalized_cv32e40p.v:34244$12104'.
Removing empty process `cv32e40p_id_stage$cv32e40p_core.id_stage_i.$proc$/workspace/incremental-synthesis/benchmarks/cv32e40p-eco-001-base/core/common/normalized_cv32e40p.v:34241$12102'.
Removing empty process `cv32e40p_id_stage$cv32e40p_core.id_stage_i.$proc$/workspace/incremental-synthesis/benchmarks/cv32e40p-eco-001-base/core/common/normalized_cv32e40p.v:34238$12100'.
Removing empty process `cv32e40p_id_stage$cv32e40p_core.id_stage_i.$proc$/workspace/incremental-synthesis/benchmarks/cv32e40p-eco-001-base/core/common/normalized_cv32e40p.v:34235$12098'.
Removing empty process `cv32e40p_id_stage$cv32e40p_core.id_stage_i.$proc$/workspace/incremental-synthesis/benchmarks/cv32e40p-eco-001-base/core/common/normalized_cv32e40p.v:34232$12096'.
Removing empty process `cv32e40p_id_stage$cv32e40p_core.id_stage_i.$proc$/workspace/incremental-synthesis/benchmarks/cv32e40p-eco-001-base/core/common/normalized_cv32e40p.v:34229$12094'.
Removing empty process `cv32e40p_id_stage$cv32e40p_core.id_stage_i.$proc$/workspace/incremental-synthesis/benchmarks/cv32e40p-eco-001-base/core/common/normalized_cv32e40p.v:34226$12092'.
Removing empty process `cv32e40p_id_stage$cv32e40p_core.id_stage_i.$proc$/workspace/incremental-synthesis/benchmarks/cv32e40p-eco-001-base/core/common/normalized_cv32e40p.v:34223$12090'.
Removing empty process `cv32e40p_id_stage$cv32e40p_core.id_stage_i.$proc$/workspace/incremental-synthesis/benchmarks/cv32e40p-eco-001-base/core/common/normalized_cv32e40p.v:34220$12088'.
Removing empty process `cv32e40p_id_stage$cv32e40p_core.id_stage_i.$proc$/workspace/incremental-synthesis/benchmarks/cv32e40p-eco-001-base/core/common/normalized_cv32e40p.v:34217$12086'.
Removing empty process `cv32e40p_id_stage$cv32e40p_core.id_stage_i.$proc$/workspace/incremental-synthesis/benchmarks/cv32e40p-eco-001-base/core/common/normalized_cv32e40p.v:34214$12084'.
Removing empty process `cv32e40p_id_stage$cv32e40p_core.id_stage_i.$proc$/workspace/incremental-synthesis/benchmarks/cv32e40p-eco-001-base/core/common/normalized_cv32e40p.v:34211$12082'.
Removing empty process `cv32e40p_id_stage$cv32e40p_core.id_stage_i.$proc$/workspace/incremental-synthesis/benchmarks/cv32e40p-eco-001-base/core/common/normalized_cv32e40p.v:34208$12080'.
Removing empty process `cv32e40p_id_stage$cv32e40p_core.id_stage_i.$proc$/workspace/incremental-synthesis/benchmarks/cv32e40p-eco-001-base/core/common/normalized_cv32e40p.v:34205$12078'.
Removing empty process `cv32e40p_id_stage$cv32e40p_core.id_stage_i.$proc$/workspace/incremental-synthesis/benchmarks/cv32e40p-eco-001-base/core/common/normalized_cv32e40p.v:34202$12076'.
Removing empty process `cv32e40p_id_stage$cv32e40p_core.id_stage_i.$proc$/workspace/incremental-synthesis/benchmarks/cv32e40p-eco-001-base/core/common/normalized_cv32e40p.v:34199$12074'.
Removing empty process `cv32e40p_id_stage$cv32e40p_core.id_stage_i.$proc$/workspace/incremental-synthesis/benchmarks/cv32e40p-eco-001-base/core/common/normalized_cv32e40p.v:34196$12072'.
Removing empty process `cv32e40p_id_stage$cv32e40p_core.id_stage_i.$proc$/workspace/incremental-synthesis/benchmarks/cv32e40p-eco-001-base/core/common/normalized_cv32e40p.v:34193$12070'.
Removing empty process `cv32e40p_id_stage$cv32e40p_core.id_stage_i.$proc$/workspace/incremental-synthesis/benchmarks/cv32e40p-eco-001-base/core/common/normalized_cv32e40p.v:34190$12068'.
Removing empty process `cv32e40p_id_stage$cv32e40p_core.id_stage_i.$proc$/workspace/incremental-synthesis/benchmarks/cv32e40p-eco-001-base/core/common/normalized_cv32e40p.v:34187$12066'.
Removing empty process `cv32e40p_id_stage$cv32e40p_core.id_stage_i.$proc$/workspace/incremental-synthesis/benchmarks/cv32e40p-eco-001-base/core/common/normalized_cv32e40p.v:34184$12064'.
Removing empty process `cv32e40p_id_stage$cv32e40p_core.id_stage_i.$proc$/workspace/incremental-synthesis/benchmarks/cv32e40p-eco-001-base/core/common/normalized_cv32e40p.v:34181$12062'.
Removing empty process `cv32e40p_id_stage$cv32e40p_core.id_stage_i.$proc$/workspace/incremental-synthesis/benchmarks/cv32e40p-eco-001-base/core/common/normalized_cv32e40p.v:34178$12060'.
Removing empty process `cv32e40p_id_stage$cv32e40p_core.id_stage_i.$proc$/workspace/incremental-synthesis/benchmarks/cv32e40p-eco-001-base/core/common/normalized_cv32e40p.v:34175$12058'.
Removing empty process `cv32e40p_id_stage$cv32e40p_core.id_stage_i.$proc$/workspace/incremental-synthesis/benchmarks/cv32e40p-eco-001-base/core/common/normalized_cv32e40p.v:34172$12056'.
Removing empty process `cv32e40p_id_stage$cv32e40p_core.id_stage_i.$proc$/workspace/incremental-synthesis/benchmarks/cv32e40p-eco-001-base/core/common/normalized_cv32e40p.v:34169$12054'.
Removing empty process `cv32e40p_id_stage$cv32e40p_core.id_stage_i.$proc$/workspace/incremental-synthesis/benchmarks/cv32e40p-eco-001-base/core/common/normalized_cv32e40p.v:34166$12052'.
Removing empty process `cv32e40p_id_stage$cv32e40p_core.id_stage_i.$proc$/workspace/incremental-synthesis/benchmarks/cv32e40p-eco-001-base/core/common/normalized_cv32e40p.v:34163$12050'.
Removing empty process `cv32e40p_id_stage$cv32e40p_core.id_stage_i.$proc$/workspace/incremental-synthesis/benchmarks/cv32e40p-eco-001-base/core/common/normalized_cv32e40p.v:34160$12048'.
Removing empty process `cv32e40p_hwloop_regs$cv32e40p_core.id_stage_i.gen_hwloop_regs.hwloop_regs_i.$proc$/workspace/incremental-synthesis/benchmarks/cv32e40p-eco-001-base/core/common/normalized_cv32e40p.v:31778$11865'.
Found and cleaned up 1 empty switch in `\cv32e40p_hwloop_regs$cv32e40p_core.id_stage_i.gen_hwloop_regs.hwloop_regs_i.$proc$/workspace/incremental-synthesis/benchmarks/cv32e40p-eco-001-base/core/common/normalized_cv32e40p.v:31836$11856'.
Removing empty process `cv32e40p_hwloop_regs$cv32e40p_core.id_stage_i.gen_hwloop_regs.hwloop_regs_i.$proc$/workspace/incremental-synthesis/benchmarks/cv32e40p-eco-001-base/core/common/normalized_cv32e40p.v:31836$11856'.
Removing empty process `cv32e40p_hwloop_regs$cv32e40p_core.id_stage_i.gen_hwloop_regs.hwloop_regs_i.$proc$/workspace/incremental-synthesis/benchmarks/cv32e40p-eco-001-base/core/common/normalized_cv32e40p.v:31833$11854'.
Removing empty process `cv32e40p_hwloop_regs$cv32e40p_core.id_stage_i.gen_hwloop_regs.hwloop_regs_i.$proc$/workspace/incremental-synthesis/benchmarks/cv32e40p-eco-001-base/core/common/normalized_cv32e40p.v:31830$11852'.
Removing empty process `cv32e40p_hwloop_regs$cv32e40p_core.id_stage_i.gen_hwloop_regs.hwloop_regs_i.$proc$/workspace/incremental-synthesis/benchmarks/cv32e40p-eco-001-base/core/common/normalized_cv32e40p.v:31827$11850'.
Removing empty process `cv32e40p_hwloop_regs$cv32e40p_core.id_stage_i.gen_hwloop_regs.hwloop_regs_i.$proc$/workspace/incremental-synthesis/benchmarks/cv32e40p-eco-001-base/core/common/normalized_cv32e40p.v:31824$11848'.
Removing empty process `cv32e40p_hwloop_regs$cv32e40p_core.id_stage_i.gen_hwloop_regs.hwloop_regs_i.$proc$/workspace/incremental-synthesis/benchmarks/cv32e40p-eco-001-base/core/common/normalized_cv32e40p.v:31821$11846'.
Removing empty process `cv32e40p_hwloop_regs$cv32e40p_core.id_stage_i.gen_hwloop_regs.hwloop_regs_i.$proc$/workspace/incremental-synthesis/benchmarks/cv32e40p-eco-001-base/core/common/normalized_cv32e40p.v:31818$11844'.
Removing empty process `cv32e40p_fifo$cv32e40p_core.if_stage_i.prefetch_buffer_i.fifo_i.$proc$/workspace/incremental-synthesis/benchmarks/cv32e40p-eco-001-base/core/common/normalized_cv32e40p.v:31628$11798'.
Removing empty process `cv32e40p_fifo$cv32e40p_core.if_stage_i.prefetch_buffer_i.fifo_i.$proc$/workspace/incremental-synthesis/benchmarks/cv32e40p-eco-001-base/core/common/normalized_cv32e40p.v:31625$11796'.
Removing empty process `cv32e40p_fifo$cv32e40p_core.if_stage_i.prefetch_buffer_i.fifo_i.$proc$/workspace/incremental-synthesis/benchmarks/cv32e40p-eco-001-base/core/common/normalized_cv32e40p.v:31622$11794'.
Removing empty process `cv32e40p_fifo$cv32e40p_core.if_stage_i.prefetch_buffer_i.fifo_i.$proc$/workspace/incremental-synthesis/benchmarks/cv32e40p-eco-001-base/core/common/normalized_cv32e40p.v:31619$11792'.
Removing empty process `cv32e40p_fifo$cv32e40p_core.if_stage_i.prefetch_buffer_i.fifo_i.$proc$/workspace/incremental-synthesis/benchmarks/cv32e40p-eco-001-base/core/common/normalized_cv32e40p.v:31616$11790'.
Removing empty process `cv32e40p_ex_stage$cv32e40p_core.ex_stage_i.$proc$/workspace/incremental-synthesis/benchmarks/cv32e40p-eco-001-base/core/common/normalized_cv32e40p.v:30982$11639'.
Removing empty process `cv32e40p_ex_stage$cv32e40p_core.ex_stage_i.$proc$/workspace/incremental-synthesis/benchmarks/cv32e40p-eco-001-base/core/common/normalized_cv32e40p.v:30979$11637'.
Removing empty process `cv32e40p_cs_registers$cv32e40p_core.cs_registers_i.$proc$/workspace/incremental-synthesis/benchmarks/cv32e40p-eco-001-base/core/common/normalized_cv32e40p.v:17751$5232'.
Removing empty process `cv32e40p_cs_registers$cv32e40p_core.cs_registers_i.$proc$/workspace/incremental-synthesis/benchmarks/cv32e40p-eco-001-base/core/common/normalized_cv32e40p.v:17748$5230'.
Removing empty process `cv32e40p_cs_registers$cv32e40p_core.cs_registers_i.$proc$/workspace/incremental-synthesis/benchmarks/cv32e40p-eco-001-base/core/common/normalized_cv32e40p.v:17745$5228'.
Removing empty process `cv32e40p_cs_registers$cv32e40p_core.cs_registers_i.$proc$/workspace/incremental-synthesis/benchmarks/cv32e40p-eco-001-base/core/common/normalized_cv32e40p.v:17742$5226'.
Removing empty process `cv32e40p_cs_registers$cv32e40p_core.cs_registers_i.$proc$/workspace/incremental-synthesis/benchmarks/cv32e40p-eco-001-base/core/common/normalized_cv32e40p.v:17739$5224'.
Removing empty process `cv32e40p_cs_registers$cv32e40p_core.cs_registers_i.$proc$/workspace/incremental-synthesis/benchmarks/cv32e40p-eco-001-base/core/common/normalized_cv32e40p.v:17736$5222'.
Removing empty process `cv32e40p_cs_registers$cv32e40p_core.cs_registers_i.$proc$/workspace/incremental-synthesis/benchmarks/cv32e40p-eco-001-base/core/common/normalized_cv32e40p.v:17733$5220'.
Removing empty process `cv32e40p_cs_registers$cv32e40p_core.cs_registers_i.$proc$/workspace/incremental-synthesis/benchmarks/cv32e40p-eco-001-base/core/common/normalized_cv32e40p.v:17730$5218'.
Removing empty process `cv32e40p_cs_registers$cv32e40p_core.cs_registers_i.$proc$/workspace/incremental-synthesis/benchmarks/cv32e40p-eco-001-base/core/common/normalized_cv32e40p.v:17727$5216'.
Removing empty process `cv32e40p_cs_registers$cv32e40p_core.cs_registers_i.$proc$/workspace/incremental-synthesis/benchmarks/cv32e40p-eco-001-base/core/common/normalized_cv32e40p.v:17724$5214'.
Removing empty process `cv32e40p_cs_registers$cv32e40p_core.cs_registers_i.$proc$/workspace/incremental-synthesis/benchmarks/cv32e40p-eco-001-base/core/common/normalized_cv32e40p.v:17720$5212'.
Removing empty process `cv32e40p_cs_registers$cv32e40p_core.cs_registers_i.$proc$/workspace/incremental-synthesis/benchmarks/cv32e40p-eco-001-base/core/common/normalized_cv32e40p.v:17715$5210'.
Removing empty process `cv32e40p_cs_registers$cv32e40p_core.cs_registers_i.$proc$/workspace/incremental-synthesis/benchmarks/cv32e40p-eco-001-base/core/common/normalized_cv32e40p.v:17710$5208'.
Removing empty process `cv32e40p_cs_registers$cv32e40p_core.cs_registers_i.$proc$/workspace/incremental-synthesis/benchmarks/cv32e40p-eco-001-base/core/common/normalized_cv32e40p.v:17705$5206'.
Removing empty process `cv32e40p_cs_registers$cv32e40p_core.cs_registers_i.$proc$/workspace/incremental-synthesis/benchmarks/cv32e40p-eco-001-base/core/common/normalized_cv32e40p.v:17701$5204'.
Removing empty process `cv32e40p_cs_registers$cv32e40p_core.cs_registers_i.$proc$/workspace/incremental-synthesis/benchmarks/cv32e40p-eco-001-base/core/common/normalized_cv32e40p.v:17697$5202'.
Removing empty process `cv32e40p_cs_registers$cv32e40p_core.cs_registers_i.$proc$/workspace/incremental-synthesis/benchmarks/cv32e40p-eco-001-base/core/common/normalized_cv32e40p.v:17692$5200'.
Removing empty process `cv32e40p_cs_registers$cv32e40p_core.cs_registers_i.$proc$/workspace/incremental-synthesis/benchmarks/cv32e40p-eco-001-base/core/common/normalized_cv32e40p.v:17687$5198'.
Removing empty process `cv32e40p_cs_registers$cv32e40p_core.cs_registers_i.$proc$/workspace/incremental-synthesis/benchmarks/cv32e40p-eco-001-base/core/common/normalized_cv32e40p.v:17683$5196'.
Removing empty process `cv32e40p_cs_registers$cv32e40p_core.cs_registers_i.$proc$/workspace/incremental-synthesis/benchmarks/cv32e40p-eco-001-base/core/common/normalized_cv32e40p.v:17680$5194'.
Removing empty process `cv32e40p_cs_registers$cv32e40p_core.cs_registers_i.$proc$/workspace/incremental-synthesis/benchmarks/cv32e40p-eco-001-base/core/common/normalized_cv32e40p.v:17677$5192'.
Removing empty process `cv32e40p_cs_registers$cv32e40p_core.cs_registers_i.$proc$/workspace/incremental-synthesis/benchmarks/cv32e40p-eco-001-base/core/common/normalized_cv32e40p.v:17674$5190'.
Removing empty process `cv32e40p_cs_registers$cv32e40p_core.cs_registers_i.$proc$/workspace/incremental-synthesis/benchmarks/cv32e40p-eco-001-base/core/common/normalized_cv32e40p.v:17671$5188'.
Removing empty process `cv32e40p_cs_registers$cv32e40p_core.cs_registers_i.$proc$/workspace/incremental-synthesis/benchmarks/cv32e40p-eco-001-base/core/common/normalized_cv32e40p.v:17668$5186'.
Removing empty process `cv32e40p_cs_registers$cv32e40p_core.cs_registers_i.$proc$/workspace/incremental-synthesis/benchmarks/cv32e40p-eco-001-base/core/common/normalized_cv32e40p.v:17665$5184'.
Removing empty process `cv32e40p_cs_registers$cv32e40p_core.cs_registers_i.$proc$/workspace/incremental-synthesis/benchmarks/cv32e40p-eco-001-base/core/common/normalized_cv32e40p.v:17662$5182'.
Removing empty process `cv32e40p_cs_registers$cv32e40p_core.cs_registers_i.$proc$/workspace/incremental-synthesis/benchmarks/cv32e40p-eco-001-base/core/common/normalized_cv32e40p.v:17659$5180'.
Removing empty process `cv32e40p_cs_registers$cv32e40p_core.cs_registers_i.$proc$/workspace/incremental-synthesis/benchmarks/cv32e40p-eco-001-base/core/common/normalized_cv32e40p.v:17656$5178'.
Removing empty process `cv32e40p_cs_registers$cv32e40p_core.cs_registers_i.$proc$/workspace/incremental-synthesis/benchmarks/cv32e40p-eco-001-base/core/common/normalized_cv32e40p.v:17653$5176'.
Removing empty process `cv32e40p_cs_registers$cv32e40p_core.cs_registers_i.$proc$/workspace/incremental-synthesis/benchmarks/cv32e40p-eco-001-base/core/common/normalized_cv32e40p.v:17650$5174'.
Removing empty process `cv32e40p_cs_registers$cv32e40p_core.cs_registers_i.$proc$/workspace/incremental-synthesis/benchmarks/cv32e40p-eco-001-base/core/common/normalized_cv32e40p.v:17647$5172'.
Removing empty process `cv32e40p_cs_registers$cv32e40p_core.cs_registers_i.$proc$/workspace/incremental-synthesis/benchmarks/cv32e40p-eco-001-base/core/common/normalized_cv32e40p.v:17644$5170'.
Removing empty process `cv32e40p_cs_registers$cv32e40p_core.cs_registers_i.$proc$/workspace/incremental-synthesis/benchmarks/cv32e40p-eco-001-base/core/common/normalized_cv32e40p.v:17641$5168'.
Removing empty process `cv32e40p_cs_registers$cv32e40p_core.cs_registers_i.$proc$/workspace/incremental-synthesis/benchmarks/cv32e40p-eco-001-base/core/common/normalized_cv32e40p.v:17638$5166'.
Removing empty process `cv32e40p_cs_registers$cv32e40p_core.cs_registers_i.$proc$/workspace/incremental-synthesis/benchmarks/cv32e40p-eco-001-base/core/common/normalized_cv32e40p.v:17635$5164'.
Removing empty process `cv32e40p_cs_registers$cv32e40p_core.cs_registers_i.$proc$/workspace/incremental-synthesis/benchmarks/cv32e40p-eco-001-base/core/common/normalized_cv32e40p.v:17632$5162'.
Removing empty process `cv32e40p_cs_registers$cv32e40p_core.cs_registers_i.$proc$/workspace/incremental-synthesis/benchmarks/cv32e40p-eco-001-base/core/common/normalized_cv32e40p.v:17629$5160'.
Removing empty process `cv32e40p_cs_registers$cv32e40p_core.cs_registers_i.$proc$/workspace/incremental-synthesis/benchmarks/cv32e40p-eco-001-base/core/common/normalized_cv32e40p.v:17626$5158'.
Removing empty process `cv32e40p_cs_registers$cv32e40p_core.cs_registers_i.$proc$/workspace/incremental-synthesis/benchmarks/cv32e40p-eco-001-base/core/common/normalized_cv32e40p.v:17623$5156'.
Removing empty process `cv32e40p_controller$cv32e40p_core.id_stage_i.controller_i.$proc$/workspace/incremental-synthesis/benchmarks/cv32e40p-eco-001-base/core/common/normalized_cv32e40p.v:10360$2235'.
Removing empty process `cv32e40p_controller$cv32e40p_core.id_stage_i.controller_i.$proc$/workspace/incremental-synthesis/benchmarks/cv32e40p-eco-001-base/core/common/normalized_cv32e40p.v:10357$2233'.
Removing empty process `cv32e40p_controller$cv32e40p_core.id_stage_i.controller_i.$proc$/workspace/incremental-synthesis/benchmarks/cv32e40p-eco-001-base/core/common/normalized_cv32e40p.v:10354$2231'.
Removing empty process `cv32e40p_controller$cv32e40p_core.id_stage_i.controller_i.$proc$/workspace/incremental-synthesis/benchmarks/cv32e40p-eco-001-base/core/common/normalized_cv32e40p.v:10351$2229'.
Removing empty process `cv32e40p_controller$cv32e40p_core.id_stage_i.controller_i.$proc$/workspace/incremental-synthesis/benchmarks/cv32e40p-eco-001-base/core/common/normalized_cv32e40p.v:10348$2227'.
Removing empty process `cv32e40p_controller$cv32e40p_core.id_stage_i.controller_i.$proc$/workspace/incremental-synthesis/benchmarks/cv32e40p-eco-001-base/core/common/normalized_cv32e40p.v:10345$2225'.
Removing empty process `cv32e40p_controller$cv32e40p_core.id_stage_i.controller_i.$proc$/workspace/incremental-synthesis/benchmarks/cv32e40p-eco-001-base/core/common/normalized_cv32e40p.v:10342$2223'.
Removing empty process `cv32e40p_controller$cv32e40p_core.id_stage_i.controller_i.$proc$/workspace/incremental-synthesis/benchmarks/cv32e40p-eco-001-base/core/common/normalized_cv32e40p.v:10339$2221'.
Removing empty process `cv32e40p_controller$cv32e40p_core.id_stage_i.controller_i.$proc$/workspace/incremental-synthesis/benchmarks/cv32e40p-eco-001-base/core/common/normalized_cv32e40p.v:10336$2219'.
Removing empty process `cv32e40p_controller$cv32e40p_core.id_stage_i.controller_i.$proc$/workspace/incremental-synthesis/benchmarks/cv32e40p-eco-001-base/core/common/normalized_cv32e40p.v:10333$2217'.
Found and cleaned up 1 empty switch in `\cv32e40p_clock_gate$cv32e40p_core.sleep_unit_i.core_clock_gate_i.$proc$/workspace/incremental-synthesis/benchmarks/cv32e40p-eco-001-base/core/common/normalized_cv32e40p.v:2708$934'.
Removing empty process `cv32e40p_clock_gate$cv32e40p_core.sleep_unit_i.core_clock_gate_i.$proc$/workspace/incremental-synthesis/benchmarks/cv32e40p-eco-001-base/core/common/normalized_cv32e40p.v:2708$934'.
Removing empty process `cv32e40p_alu_div$cv32e40p_core.ex_stage_i.alu_i.alu_div_i.$proc$/workspace/incremental-synthesis/benchmarks/cv32e40p-eco-001-base/core/common/normalized_cv32e40p.v:2620$896'.
Removing empty process `cv32e40p_alu_div$cv32e40p_core.ex_stage_i.alu_i.alu_div_i.$proc$/workspace/incremental-synthesis/benchmarks/cv32e40p-eco-001-base/core/common/normalized_cv32e40p.v:2617$894'.
Removing empty process `cv32e40p_alu_div$cv32e40p_core.ex_stage_i.alu_i.alu_div_i.$proc$/workspace/incremental-synthesis/benchmarks/cv32e40p-eco-001-base/core/common/normalized_cv32e40p.v:2614$892'.
Removing empty process `cv32e40p_alu_div$cv32e40p_core.ex_stage_i.alu_i.alu_div_i.$proc$/workspace/incremental-synthesis/benchmarks/cv32e40p-eco-001-base/core/common/normalized_cv32e40p.v:2611$890'.
Removing empty process `cv32e40p_alu_div$cv32e40p_core.ex_stage_i.alu_i.alu_div_i.$proc$/workspace/incremental-synthesis/benchmarks/cv32e40p-eco-001-base/core/common/normalized_cv32e40p.v:2608$888'.
Removing empty process `cv32e40p_alu_div$cv32e40p_core.ex_stage_i.alu_i.alu_div_i.$proc$/workspace/incremental-synthesis/benchmarks/cv32e40p-eco-001-base/core/common/normalized_cv32e40p.v:2605$886'.
Removing empty process `cv32e40p_alu_div$cv32e40p_core.ex_stage_i.alu_i.alu_div_i.$proc$/workspace/incremental-synthesis/benchmarks/cv32e40p-eco-001-base/core/common/normalized_cv32e40p.v:2602$884'.
Removing empty process `cv32e40p_alu_div$cv32e40p_core.ex_stage_i.alu_i.alu_div_i.$proc$/workspace/incremental-synthesis/benchmarks/cv32e40p-eco-001-base/core/common/normalized_cv32e40p.v:2599$882'.
Removing empty process `cv32e40p_aligner$cv32e40p_core.if_stage_i.aligner_i.$proc$/workspace/incremental-synthesis/benchmarks/cv32e40p-eco-001-base/core/common/normalized_cv32e40p.v:344$69'.
Removing empty process `cv32e40p_aligner$cv32e40p_core.if_stage_i.aligner_i.$proc$/workspace/incremental-synthesis/benchmarks/cv32e40p-eco-001-base/core/common/normalized_cv32e40p.v:341$67'.
Removing empty process `cv32e40p_aligner$cv32e40p_core.if_stage_i.aligner_i.$proc$/workspace/incremental-synthesis/benchmarks/cv32e40p-eco-001-base/core/common/normalized_cv32e40p.v:338$65'.
Removing empty process `cv32e40p_aligner$cv32e40p_core.if_stage_i.aligner_i.$proc$/workspace/incremental-synthesis/benchmarks/cv32e40p-eco-001-base/core/common/normalized_cv32e40p.v:335$63'.
Removing empty process `cv32e40p_aligner$cv32e40p_core.if_stage_i.aligner_i.$proc$/workspace/incremental-synthesis/benchmarks/cv32e40p-eco-001-base/core/common/normalized_cv32e40p.v:332$61'.
Removing empty process `cv32e40p_aligner$cv32e40p_core.if_stage_i.aligner_i.$proc$/workspace/incremental-synthesis/benchmarks/cv32e40p-eco-001-base/core/common/normalized_cv32e40p.v:329$59'.
Cleaned up 2 empty switches.

3.12. Executing OPT_EXPR pass (perform const folding).
Optimizing module cv32e40p_sleep_unit$cv32e40p_core.sleep_unit_i.
<suppressed ~6 debug messages>
Optimizing module cv32e40p_register_file$cv32e40p_core.id_stage_i.register_file_i.
<suppressed ~157 debug messages>
Optimizing module cv32e40p_prefetch_controller$cv32e40p_core.if_stage_i.prefetch_buffer_i.prefetch_controller_i.
<suppressed ~12 debug messages>
Optimizing module cv32e40p_prefetch_buffer$cv32e40p_core.if_stage_i.prefetch_buffer_i.
Optimizing module cv32e40p_popcnt$cv32e40p_core.ex_stage_i.alu_i.popcnt_i.
Optimizing module cv32e40p_obi_interface$cv32e40p_core.load_store_unit_i.data_obi_i.
Optimizing module cv32e40p_obi_interface$cv32e40p_core.if_stage_i.prefetch_buffer_i.instruction_obi_i.
<suppressed ~12 debug messages>
Optimizing module cv32e40p_mult$cv32e40p_core.ex_stage_i.mult_i.
<suppressed ~12 debug messages>
Optimizing module cv32e40p_load_store_unit$cv32e40p_core.load_store_unit_i.
<suppressed ~14 debug messages>
Optimizing module cv32e40p_int_controller$cv32e40p_core.id_stage_i.int_controller_i.
<suppressed ~4 debug messages>
Optimizing module cv32e40p_if_stage$cv32e40p_core.if_stage_i.
<suppressed ~12 debug messages>
Optimizing module cv32e40p_id_stage$cv32e40p_core.id_stage_i.
<suppressed ~130 debug messages>
Optimizing module cv32e40p_hwloop_regs$cv32e40p_core.id_stage_i.gen_hwloop_regs.hwloop_regs_i.
<suppressed ~18 debug messages>
Optimizing module cv32e40p_fifo$cv32e40p_core.if_stage_i.prefetch_buffer_i.fifo_i.
<suppressed ~15 debug messages>
Optimizing module cv32e40p_ff_one$cv32e40p_core.ex_stage_i.alu_i.ff_one_i.
Optimizing module cv32e40p_ex_stage$cv32e40p_core.ex_stage_i.
<suppressed ~33 debug messages>
Optimizing module cv32e40p_decoder$cv32e40p_core.id_stage_i.decoder_i.
<suppressed ~115 debug messages>
Optimizing module cv32e40p_cs_registers$cv32e40p_core.cs_registers_i.
<suppressed ~199 debug messages>
Optimizing module cv32e40p_core.
Optimizing module cv32e40p_controller$cv32e40p_core.id_stage_i.controller_i.
<suppressed ~155 debug messages>
Optimizing module cv32e40p_compressed_decoder$cv32e40p_core.if_stage_i.compressed_decoder_i.
<suppressed ~2 debug messages>
Optimizing module cv32e40p_clock_gate$cv32e40p_core.sleep_unit_i.core_clock_gate_i.
<suppressed ~8 debug messages>
Optimizing module cv32e40p_alu_div$cv32e40p_core.ex_stage_i.alu_i.alu_div_i.
<suppressed ~19 debug messages>
Optimizing module cv32e40p_alu$cv32e40p_core.ex_stage_i.alu_i.
<suppressed ~1 debug messages>
Optimizing module cv32e40p_aligner$cv32e40p_core.if_stage_i.aligner_i.
<suppressed ~12 debug messages>

4. Executing CHECK pass (checking for obvious problems).
Checking module cv32e40p_sleep_unit$cv32e40p_core.sleep_unit_i...
Checking module cv32e40p_register_file$cv32e40p_core.id_stage_i.register_file_i...
Checking module cv32e40p_prefetch_controller$cv32e40p_core.if_stage_i.prefetch_buffer_i.prefetch_controller_i...
Checking module cv32e40p_prefetch_buffer$cv32e40p_core.if_stage_i.prefetch_buffer_i...
Checking module cv32e40p_popcnt$cv32e40p_core.ex_stage_i.alu_i.popcnt_i...
Checking module cv32e40p_obi_interface$cv32e40p_core.load_store_unit_i.data_obi_i...
Checking module cv32e40p_obi_interface$cv32e40p_core.if_stage_i.prefetch_buffer_i.instruction_obi_i...
Checking module cv32e40p_mult$cv32e40p_core.ex_stage_i.mult_i...
Checking module cv32e40p_load_store_unit$cv32e40p_core.load_store_unit_i...
Checking module cv32e40p_int_controller$cv32e40p_core.id_stage_i.int_controller_i...
Checking module cv32e40p_if_stage$cv32e40p_core.if_stage_i...
Checking module cv32e40p_id_stage$cv32e40p_core.id_stage_i...
Checking module cv32e40p_hwloop_regs$cv32e40p_core.id_stage_i.gen_hwloop_regs.hwloop_regs_i...
Checking module cv32e40p_fifo$cv32e40p_core.if_stage_i.prefetch_buffer_i.fifo_i...
Checking module cv32e40p_ff_one$cv32e40p_core.ex_stage_i.alu_i.ff_one_i...
Checking module cv32e40p_ex_stage$cv32e40p_core.ex_stage_i...
Checking module cv32e40p_decoder$cv32e40p_core.id_stage_i.decoder_i...
Checking module cv32e40p_cs_registers$cv32e40p_core.cs_registers_i...
Checking module cv32e40p_core...
Checking module cv32e40p_controller$cv32e40p_core.id_stage_i.controller_i...
Checking module cv32e40p_compressed_decoder$cv32e40p_core.if_stage_i.compressed_decoder_i...
Checking module cv32e40p_clock_gate$cv32e40p_core.sleep_unit_i.core_clock_gate_i...
Checking module cv32e40p_alu_div$cv32e40p_core.ex_stage_i.alu_i.alu_div_i...
Checking module cv32e40p_alu$cv32e40p_core.ex_stage_i.alu_i...
Checking module cv32e40p_aligner$cv32e40p_core.if_stage_i.aligner_i...
Found and reported 0 problems.

5. Executing JSON backend.

6. Printing statistics.

=== cv32e40p_aligner$cv32e40p_core.if_stage_i.aligner_i ===

        +----------Local Count, excluding submodules.
        | 
      425 wires
     3527 wire bits
      250 public wires
     2205 public wire bits
       13 ports
      168 port bits
      169 cells
        2   $add
        6   $adff
        7   $and
       35   $eq
       20   $logic_not
        2   $logic_or
       74   $mux
       11   $not
        7   $or
        5   $reduce_or

=== cv32e40p_alu$cv32e40p_core.ex_stage_i.alu_i ===

        +----------Local Count, excluding submodules.
        | 
     1415 wires
     9618 wire bits
      754 public wires
     6037 public wire bits
       18 ports
      159 port bits
      660 cells
        3   $add
       32   $and
      235   $eq
        4   $gt
        6   $logic_not
       37   $logic_or
        1   $lt
      219   $mux
       39   $not
       18   $or
       53   $reduce_or
        2   $shl
        1   $shr
        6   $sshr
        2   $sub
        2   $xor
        3 submodules
        1   cv32e40p_alu_div$cv32e40p_core.ex_stage_i.alu_i.alu_div_i
        1   cv32e40p_ff_one$cv32e40p_core.ex_stage_i.alu_i.ff_one_i
        1   cv32e40p_popcnt$cv32e40p_core.ex_stage_i.alu_i.popcnt_i

=== cv32e40p_alu_div$cv32e40p_core.ex_stage_i.alu_i.alu_div_i ===

        +----------Local Count, excluding submodules.
        | 
      280 wires
     1877 wire bits
      157 public wires
     1150 public wire bits
       12 ports
      111 port bits
      114 cells
        1   $add
        8   $adff
        5   $and
        9   $eq
        1   $gt
       19   $logic_not
       40   $mux
        1   $neg
       15   $not
        4   $or
        6   $reduce_or
        2   $sub
        3   $xor

=== cv32e40p_clock_gate$cv32e40p_core.sleep_unit_i.core_clock_gate_i ===

        +----------Local Count, excluding submodules.
        | 
       33 wires
       33 wire bits
       17 public wires
       17 public wire bits
        4 ports
        4 port bits
        8 cells
        1   $and
        1   $dlatch
        1   $logic_not
        2   $mux
        2   $not
        1   $or

=== cv32e40p_compressed_decoder$cv32e40p_core.if_stage_i.compressed_decoder_i ===

        +----------Local Count, excluding submodules.
        | 
      679 wires
     6517 wire bits
      376 public wires
     3734 public wire bits
        4 ports
       66 port bits
      301 cells
       95   $eq
       34   $logic_not
        1   $logic_or
      132   $mux
        1   $ne
       11   $not
        8   $or
       19   $reduce_or

=== cv32e40p_controller$cv32e40p_core.id_stage_i.controller_i ===

        +----------Local Count, excluding submodules.
        | 
     9067 wires
    20709 wire bits
     5724 public wires
    12248 public wire bits
      108 ports
      401 port bits
     3198 cells
        6   $add
       10   $adff
       11   $and
      552   $eq
        2   $ge
        2   $gt
        2   $le
       36   $logic_and
       36   $logic_not
       25   $logic_or
     2146   $mux
      121   $not
      122   $or
      127   $reduce_or

=== cv32e40p_core ===

        +----------Local Count, excluding submodules.
        | 
      232 wires
     2808 wire bits
      227 public wires
     2784 public wire bits
       40 ports
      537 port bits
        5 cells
        2   $logic_not
        3   $mux
        6 submodules
        1   cv32e40p_cs_registers$cv32e40p_core.cs_registers_i
        1   cv32e40p_ex_stage$cv32e40p_core.ex_stage_i
        1   cv32e40p_id_stage$cv32e40p_core.id_stage_i
        1   cv32e40p_if_stage$cv32e40p_core.if_stage_i
        1   cv32e40p_load_store_unit$cv32e40p_core.load_store_unit_i
        1   cv32e40p_sleep_unit$cv32e40p_core.sleep_unit_i

=== cv32e40p_cs_registers$cv32e40p_core.cs_registers_i ===

        +----------Local Count, excluding submodules.
        | 
     2051 wires
    49530 wire bits
      990 public wires
    31206 public wire bits
       67 ports
     1371 port bits
      916 cells
        3   $add
       39   $adff
       13   $and
      345   $eq
        1   $ge
      110   $logic_and
       98   $logic_not
       28   $logic_or
        4   $lt
      198   $mux
       47   $not
       14   $or
       16   $reduce_or

=== cv32e40p_decoder$cv32e40p_core.id_stage_i.decoder_i ===

        +----------Local Count, excluding submodules.
        | 
    11229 wires
    17390 wire bits
     5190 public wires
     9527 public wire bits
       81 ports
      196 port bits
     5924 cells
     3296   $eq
        1   $gt
       65   $logic_and
      116   $logic_not
       39   $logic_or
     1652   $mux
       68   $ne
      158   $not
      113   $or
      416   $reduce_or

=== cv32e40p_ex_stage$cv32e40p_core.ex_stage_i ===

        +----------Local Count, excluding submodules.
        | 
      330 wires
     2131 wire bits
      244 public wires
     1695 public wire bits
       86 ports
      843 port bits
       55 cells
        2   $adff
       17   $and
        3   $logic_not
       20   $mux
        9   $not
        4   $or
        2 submodules
        1   cv32e40p_alu$cv32e40p_core.ex_stage_i.alu_i
        1   cv32e40p_mult$cv32e40p_core.ex_stage_i.mult_i

=== cv32e40p_ff_one$cv32e40p_core.ex_stage_i.alu_i.ff_one_i ===

        +----------Local Count, excluding submodules.
        | 
      163 wires
      795 wire bits
      100 public wires
      608 public wire bits
        3 ports
       38 port bits
       63 cells
       31   $mux
        1   $not
       31   $or

=== cv32e40p_fifo$cv32e40p_core.if_stage_i.prefetch_buffer_i.fifo_i ===

        +----------Local Count, excluding submodules.
        | 
      208 wires
     2075 wire bits
      126 public wires
     1205 public wire bits
       12 ports
       75 port bits
       75 cells
        4   $add
        5   $adff
        2   $and
        1   $eq
        1   $ge
        3   $gt
        6   $logic_and
        8   $logic_not
        2   $lt
       24   $mux
       14   $not
        1   $or
        3   $reduce_or
        1   $sub

=== cv32e40p_hwloop_regs$cv32e40p_core.id_stage_i.gen_hwloop_regs.hwloop_regs_i ===

        +----------Local Count, excluding submodules.
        | 
      149 wires
     3376 wire bits
       79 public wires
     1963 public wire bits
       12 ports
      297 port bits
       60 cells
        6   $adff
        4   $and
        1   $dff
        2   $ge
        6   $logic_and
        9   $logic_not
        2   $lt
       15   $mux
       11   $not
        2   $or
        2   $sub

=== cv32e40p_id_stage$cv32e40p_core.id_stage_i ===

        +----------Local Count, excluding submodules.
        | 
     2885 wires
    22202 wire bits
     1870 public wires
    13955 public wire bits
      151 ports
     1191 port bits
      951 cells
        7   $add
       64   $adff
       11   $and
       55   $eq
       34   $logic_and
       75   $logic_not
        5   $logic_or
      580   $mux
       87   $not
       10   $or
       21   $reduce_or
        1   $shl
        1   $sub
        5 submodules
        1   cv32e40p_controller$cv32e40p_core.id_stage_i.controller_i
        1   cv32e40p_decoder$cv32e40p_core.id_stage_i.decoder_i
        1   cv32e40p_hwloop_regs$cv32e40p_core.id_stage_i.gen_hwloop_regs.hwloop_regs_i
        1   cv32e40p_int_controller$cv32e40p_core.id_stage_i.int_controller_i
        1   cv32e40p_register_file$cv32e40p_core.id_stage_i.register_file_i

=== cv32e40p_if_stage$cv32e40p_core.if_stage_i ===

        +----------Local Count, excluding submodules.
        | 
      245 wires
     2118 wire bits
      158 public wires
     1508 public wire bits
       41 ports
      535 port bits
       81 cells
        1   $add
        6   $adff
        3   $and
       13   $eq
        3   $logic_and
       10   $logic_not
       30   $mux
        9   $not
        3   $or
        3   $reduce_or
        3 submodules
        1   cv32e40p_aligner$cv32e40p_core.if_stage_i.aligner_i
        1   cv32e40p_compressed_decoder$cv32e40p_core.if_stage_i.compressed_decoder_i
        1   cv32e40p_prefetch_buffer$cv32e40p_core.if_stage_i.prefetch_buffer_i

=== cv32e40p_int_controller$cv32e40p_core.id_stage_i.int_controller_i ===

        +----------Local Count, excluding submodules.
        | 
     1655 wires
     6353 wire bits
     1113 public wires
     3606 public wire bits
       13 ports
      111 port bits
      540 cells
        2   $adff
        2   $and
        1   $logic_and
        3   $logic_not
      528   $mux
        2   $not
        2   $reduce_or

=== cv32e40p_load_store_unit$cv32e40p_core.load_store_unit_i ===

        +----------Local Count, excluding submodules.
        | 
      691 wires
     6148 wire bits
      413 public wires
     3860 public wire bits
       32 ports
      265 port bits
      271 cells
        2   $add
        7   $adff
       58   $eq
       15   $logic_and
       40   $logic_not
        2   $logic_or
        1   $lt
      107   $mux
       18   $not
        9   $or
       10   $reduce_or
        2   $sub
        1 submodules
        1   cv32e40p_obi_interface$cv32e40p_core.load_store_unit_i.data_obi_i

=== cv32e40p_mult$cv32e40p_core.ex_stage_i.mult_i ===

        +----------Local Count, excluding submodules.
        | 
      446 wires
     3937 wire bits
      267 public wires
     2580 public wire bits
       22 ports
      248 port bits
      176 cells
       10   $add
        2   $adff
       24   $and
       33   $eq
        1   $logic_and
        9   $logic_not
        8   $mul
       54   $mux
       14   $not
        4   $or
       12   $reduce_or
        1   $shl
        2   $sshr
        2   $xor

=== cv32e40p_obi_interface$cv32e40p_core.if_stage_i.prefetch_buffer_i.instruction_obi_i ===

        +----------Local Count, excluding submodules.
        | 
      135 wires
      897 wire bits
       86 public wires
      638 public wire bits
       22 ports
      224 port bits
       43 cells
        6   $adff
        2   $logic_and
        8   $logic_not
       16   $mux
       11   $not

=== cv32e40p_obi_interface$cv32e40p_core.load_store_unit_i.data_obi_i ===

        +----------Local Count, excluding submodules.
        | 
       24 wires
      226 wire bits
       24 public wires
      226 public wire bits
       22 ports
      224 port bits

=== cv32e40p_popcnt$cv32e40p_core.ex_stage_i.alu_i.popcnt_i ===

        +----------Local Count, excluding submodules.
        | 
       68 wires
      296 wire bits
       37 public wires
      208 public wire bits
        2 ports
       38 port bits
       31 cells
       31   $add

=== cv32e40p_prefetch_buffer$cv32e40p_core.if_stage_i.prefetch_buffer_i ===

        +----------Local Count, excluding submodules.
        | 
       33 wires
      344 wire bits
       32 public wires
      312 public wire bits
       18 ports
      173 port bits
        1 cells
        1   $mux
        3 submodules
        1   cv32e40p_fifo$cv32e40p_core.if_stage_i.prefetch_buffer_i.fifo_i
        1   cv32e40p_obi_interface$cv32e40p_core.if_stage_i.prefetch_buffer_i.instruction_obi_i
        1   cv32e40p_prefetch_controller$cv32e40p_core.if_stage_i.prefetch_buffer_i.prefetch_controller_i

=== cv32e40p_prefetch_controller$cv32e40p_core.if_stage_i.prefetch_buffer_i.prefetch_controller_i ===

        +----------Local Count, excluding submodules.
        | 
      324 wires
     1381 wire bits
      195 public wires
      885 public wire bits
       20 ports
      114 port bits
      123 cells
        3   $add
        6   $adff
        3   $eq
        4   $gt
       21   $logic_and
       20   $logic_not
       11   $logic_or
        1   $lt
       37   $mux
       11   $not
        1   $or
        1   $reduce_or
        4   $sub

=== cv32e40p_register_file$cv32e40p_core.id_stage_i.register_file_i ===

        +----------Local Count, excluding submodules.
        | 
     1156 wires
    24566 wire bits
      574 public wires
    14064 public wire bits
       15 ports
      195 port bits
      457 cells
       32   $adff
       62   $eq
       66   $logic_not
        6   $lt
      259   $mux
       32   $not

=== cv32e40p_sleep_unit$cv32e40p_core.sleep_unit_i ===

        +----------Local Count, excluding submodules.
        | 
       54 wires
       54 wire bits
       33 public wires
       33 public wire bits
       16 ports
       16 port bits
       18 cells
        3   $adff
        2   $logic_and
        5   $logic_not
        4   $logic_or
        1   $mux
        3   $not
        1 submodules
        1   cv32e40p_clock_gate$cv32e40p_core.sleep_unit_i.core_clock_gate_i

=== design hierarchy ===

        +----------Count including submodules.
        | 
    14240 cv32e40p_core
      916 cv32e40p_cs_registers$cv32e40p_core.cs_registers_i
       55 cv32e40p_ex_stage$cv32e40p_core.ex_stage_i
      660   cv32e40p_alu$cv32e40p_core.ex_stage_i.alu_i
      114     cv32e40p_alu_div$cv32e40p_core.ex_stage_i.alu_i.alu_div_i
       63     cv32e40p_ff_one$cv32e40p_core.ex_stage_i.alu_i.ff_one_i
       31     cv32e40p_popcnt$cv32e40p_core.ex_stage_i.alu_i.popcnt_i
      176   cv32e40p_mult$cv32e40p_core.ex_stage_i.mult_i
      951 cv32e40p_id_stage$cv32e40p_core.id_stage_i
     3198   cv32e40p_controller$cv32e40p_core.id_stage_i.controller_i
     5924   cv32e40p_decoder$cv32e40p_core.id_stage_i.decoder_i
       60   cv32e40p_hwloop_regs$cv32e40p_core.id_stage_i.gen_hwloop_regs.hwloop_regs_i
      540   cv32e40p_int_controller$cv32e40p_core.id_stage_i.int_controller_i
      457   cv32e40p_register_file$cv32e40p_core.id_stage_i.register_file_i
       81 cv32e40p_if_stage$cv32e40p_core.if_stage_i
      169   cv32e40p_aligner$cv32e40p_core.if_stage_i.aligner_i
      301   cv32e40p_compressed_decoder$cv32e40p_core.if_stage_i.compressed_decoder_i
        1   cv32e40p_prefetch_buffer$cv32e40p_core.if_stage_i.prefetch_buffer_i
       75     cv32e40p_fifo$cv32e40p_core.if_stage_i.prefetch_buffer_i.fifo_i
       43     cv32e40p_obi_interface$cv32e40p_core.if_stage_i.prefetch_buffer_i.instruction_obi_i
      123     cv32e40p_prefetch_controller$cv32e40p_core.if_stage_i.prefetch_buffer_i.prefetch_controller_i
      271 cv32e40p_load_store_unit$cv32e40p_core.load_store_unit_i
       18 cv32e40p_sleep_unit$cv32e40p_core.sleep_unit_i
        8   cv32e40p_clock_gate$cv32e40p_core.sleep_unit_i.core_clock_gate_i

        +----------Count including submodules.
        | 
    33977 wires
   188908 wire bits
    19036 public wires
   116254 public wire bits
      834 ports
     7600 port bits
        - memories
        - memory bits
        - processes
    14240 cells
       73   $add
      204   $adff
      132   $and
        1   $dff
        1   $dlatch
     4792   $eq
        6   $ge
       15   $gt
        2   $le
      302   $logic_and
      588   $logic_not
      154   $logic_or
       17   $lt
        8   $mul
     6169   $mux
       69   $ne
        1   $neg
      626   $not
      352   $or
      694   $reduce_or
        4   $shl
        1   $shr
        8   $sshr
       14   $sub
        7   $xor
        6 submodules
        1   cv32e40p_cs_registers$cv32e40p_core.cs_registers_i
        1   cv32e40p_ex_stage$cv32e40p_core.ex_stage_i
        1   cv32e40p_id_stage$cv32e40p_core.id_stage_i
        1   cv32e40p_if_stage$cv32e40p_core.if_stage_i
        1   cv32e40p_load_store_unit$cv32e40p_core.load_store_unit_i
        1   cv32e40p_sleep_unit$cv32e40p_core.sleep_unit_i

Warnings: 1 unique messages, 1 total
End of script. Logfile hash: 34cdb5af56, time: 1.91s, user: 1.91s, system: 0.12s, MEM: 170.82 MB peak
Yosys 0.67+24 (git sha1 0e82bbefe, Release, Clang /usr/bin/clang++ 18.1.8)
Time spent: 59% 2x read_verilog (1 sec), 11% 1x check (0 sec), ...
