
 /----------------------------------------------------------------------------\
 |  yosys -- Yosys Open SYnthesis Suite                                       |
 |  Copyright (C) 2012 - 2026  Claire Xenia Wolf <claire@yosyshq.com>         |
 |  Distributed under an ISC-like license, type "license" to see terms        |
 \----------------------------------------------------------------------------/
 Yosys 0.67+24 (git sha1 0e82bbefe, Release, Clang /usr/bin/clang++ 18.1.8)

-- Executing script file `/workspace/incremental-synthesis/results/partition-incremental/eco-003/area-analysis/liberty-area/full-generic/run_full_reference.ys' --

1. Executing Verilog-2005 frontend: /workspace/incremental-synthesis/benchmarks/riscv-eco-003-new/core/common/adder.sv
Parsing SystemVerilog input from `/workspace/incremental-synthesis/benchmarks/riscv-eco-003-new/core/common/adder.sv' to AST representation.
Generating RTLIL representation for module `\adder'.
Successfully finished Verilog frontend.

2. Executing Verilog-2005 frontend: /workspace/incremental-synthesis/benchmarks/riscv-eco-003-new/core/common/alu.sv
Parsing SystemVerilog input from `/workspace/incremental-synthesis/benchmarks/riscv-eco-003-new/core/common/alu.sv' to AST representation.
Generating RTLIL representation for module `\alu'.
Successfully finished Verilog frontend.

3. Executing Verilog-2005 frontend: /workspace/incremental-synthesis/benchmarks/riscv-eco-003-new/core/common/alu_control.sv
Parsing SystemVerilog input from `/workspace/incremental-synthesis/benchmarks/riscv-eco-003-new/core/common/alu_control.sv' to AST representation.
Generating RTLIL representation for module `\alu_control'.
Successfully finished Verilog frontend.

4. Executing Verilog-2005 frontend: /workspace/incremental-synthesis/benchmarks/riscv-eco-003-new/core/common/config.sv
Parsing SystemVerilog input from `/workspace/incremental-synthesis/benchmarks/riscv-eco-003-new/core/common/config.sv' to AST representation.
Successfully finished Verilog frontend.

5. Executing Verilog-2005 frontend: /workspace/incremental-synthesis/benchmarks/riscv-eco-003-new/core/common/constants.sv
Parsing SystemVerilog input from `/workspace/incremental-synthesis/benchmarks/riscv-eco-003-new/core/common/constants.sv' to AST representation.
Successfully finished Verilog frontend.

6. Executing Verilog-2005 frontend: /workspace/incremental-synthesis/benchmarks/riscv-eco-003-new/core/common/control_transfer.sv
Parsing SystemVerilog input from `/workspace/incremental-synthesis/benchmarks/riscv-eco-003-new/core/common/control_transfer.sv' to AST representation.
Generating RTLIL representation for module `\control_transfer'.
Warning: wire '\take_branch' is assigned in a block at /workspace/incremental-synthesis/benchmarks/riscv-eco-003-new/core/common/control_transfer.sv:17.22-17.53.
Warning: wire '\take_branch' is assigned in a block at /workspace/incremental-synthesis/benchmarks/riscv-eco-003-new/core/common/control_transfer.sv:18.22-18.54.
Warning: wire '\take_branch' is assigned in a block at /workspace/incremental-synthesis/benchmarks/riscv-eco-003-new/core/common/control_transfer.sv:19.22-19.54.
Warning: wire '\take_branch' is assigned in a block at /workspace/incremental-synthesis/benchmarks/riscv-eco-003-new/core/common/control_transfer.sv:20.22-20.53.
Warning: wire '\take_branch' is assigned in a block at /workspace/incremental-synthesis/benchmarks/riscv-eco-003-new/core/common/control_transfer.sv:21.21-21.53.
Warning: wire '\take_branch' is assigned in a block at /workspace/incremental-synthesis/benchmarks/riscv-eco-003-new/core/common/control_transfer.sv:22.21-22.52.
Warning: wire '\take_branch' is assigned in a block at /workspace/incremental-synthesis/benchmarks/riscv-eco-003-new/core/common/control_transfer.sv:23.22-23.40.
Successfully finished Verilog frontend.

7. Executing Verilog-2005 frontend: /workspace/incremental-synthesis/benchmarks/riscv-eco-003-new/core/common/data_memory_interface.sv
Parsing SystemVerilog input from `/workspace/incremental-synthesis/benchmarks/riscv-eco-003-new/core/common/data_memory_interface.sv' to AST representation.
Generating RTLIL representation for module `\data_memory_interface'.
Successfully finished Verilog frontend.

8. Executing Verilog-2005 frontend: /workspace/incremental-synthesis/benchmarks/riscv-eco-003-new/core/common/example_data_memory_bus.sv
Parsing SystemVerilog input from `/workspace/incremental-synthesis/benchmarks/riscv-eco-003-new/core/common/example_data_memory_bus.sv' to AST representation.
Generating RTLIL representation for module `\example_data_memory_bus'.
Successfully finished Verilog frontend.

9. Executing Verilog-2005 frontend: /workspace/incremental-synthesis/benchmarks/riscv-eco-003-new/core/common/example_memory_bus.sv
Parsing SystemVerilog input from `/workspace/incremental-synthesis/benchmarks/riscv-eco-003-new/core/common/example_memory_bus.sv' to AST representation.
Generating RTLIL representation for module `\example_memory_bus'.
Successfully finished Verilog frontend.

10. Executing Verilog-2005 frontend: /workspace/incremental-synthesis/benchmarks/riscv-eco-003-new/core/common/example_text_memory_bus.sv
Parsing SystemVerilog input from `/workspace/incremental-synthesis/benchmarks/riscv-eco-003-new/core/common/example_text_memory_bus.sv' to AST representation.
Generating RTLIL representation for module `\example_text_memory_bus'.
Successfully finished Verilog frontend.

11. Executing Verilog-2005 frontend: /workspace/incremental-synthesis/benchmarks/riscv-eco-003-new/core/common/immediate_generator.sv
Parsing SystemVerilog input from `/workspace/incremental-synthesis/benchmarks/riscv-eco-003-new/core/common/immediate_generator.sv' to AST representation.
Generating RTLIL representation for module `\immediate_generator'.
Successfully finished Verilog frontend.

12. Executing Verilog-2005 frontend: /workspace/incremental-synthesis/benchmarks/riscv-eco-003-new/core/common/instruction_decoder.sv
Parsing SystemVerilog input from `/workspace/incremental-synthesis/benchmarks/riscv-eco-003-new/core/common/instruction_decoder.sv' to AST representation.
Generating RTLIL representation for module `\instruction_decoder'.
Successfully finished Verilog frontend.

13. Executing Verilog-2005 frontend: /workspace/incremental-synthesis/benchmarks/riscv-eco-003-new/core/common/multiplexer.sv
Parsing SystemVerilog input from `/workspace/incremental-synthesis/benchmarks/riscv-eco-003-new/core/common/multiplexer.sv' to AST representation.
Generating RTLIL representation for module `\multiplexer'.
Warning: Replacing memory \input_array with list of registers. See /workspace/incremental-synthesis/benchmarks/riscv-eco-003-new/core/common/multiplexer.sv:24
Successfully finished Verilog frontend.

14. Executing Verilog-2005 frontend: /workspace/incremental-synthesis/benchmarks/riscv-eco-003-new/core/common/multiplexer2.sv
Parsing SystemVerilog input from `/workspace/incremental-synthesis/benchmarks/riscv-eco-003-new/core/common/multiplexer2.sv' to AST representation.
Generating RTLIL representation for module `\multiplexer2'.
Successfully finished Verilog frontend.

15. Executing Verilog-2005 frontend: /workspace/incremental-synthesis/benchmarks/riscv-eco-003-new/core/common/multiplexer4.sv
Parsing SystemVerilog input from `/workspace/incremental-synthesis/benchmarks/riscv-eco-003-new/core/common/multiplexer4.sv' to AST representation.
Generating RTLIL representation for module `\multiplexer4'.
Successfully finished Verilog frontend.

16. Executing Verilog-2005 frontend: /workspace/incremental-synthesis/benchmarks/riscv-eco-003-new/core/common/multiplexer8.sv
Parsing SystemVerilog input from `/workspace/incremental-synthesis/benchmarks/riscv-eco-003-new/core/common/multiplexer8.sv' to AST representation.
Generating RTLIL representation for module `\multiplexer8'.
Successfully finished Verilog frontend.

17. Executing Verilog-2005 frontend: /workspace/incremental-synthesis/benchmarks/riscv-eco-003-new/core/common/regfile.sv
Parsing SystemVerilog input from `/workspace/incremental-synthesis/benchmarks/riscv-eco-003-new/core/common/regfile.sv' to AST representation.
Generating RTLIL representation for module `\regfile'.
Warning: Replacing memory \register with list of registers. See /workspace/incremental-synthesis/benchmarks/riscv-eco-003-new/core/common/regfile.sv:38, /workspace/incremental-synthesis/benchmarks/riscv-eco-003-new/core/common/regfile.sv:29
Successfully finished Verilog frontend.

18. Executing Verilog-2005 frontend: /workspace/incremental-synthesis/benchmarks/riscv-eco-003-new/core/common/register.sv
Parsing SystemVerilog input from `/workspace/incremental-synthesis/benchmarks/riscv-eco-003-new/core/common/register.sv' to AST representation.
Generating RTLIL representation for module `\register'.
Successfully finished Verilog frontend.

19. Executing Verilog-2005 frontend: /workspace/incremental-synthesis/benchmarks/riscv-eco-003-new/core/singlecycle/riscv_core.sv
Parsing SystemVerilog input from `/workspace/incremental-synthesis/benchmarks/riscv-eco-003-new/core/singlecycle/riscv_core.sv' to AST representation.
Generating RTLIL representation for module `\riscv_core'.
Successfully finished Verilog frontend.

20. Executing Verilog-2005 frontend: /workspace/incremental-synthesis/benchmarks/riscv-eco-003-new/core/singlecycle/singlecycle_control.sv
Parsing SystemVerilog input from `/workspace/incremental-synthesis/benchmarks/riscv-eco-003-new/core/singlecycle/singlecycle_control.sv' to AST representation.
Generating RTLIL representation for module `\singlecycle_control'.
Successfully finished Verilog frontend.

21. Executing Verilog-2005 frontend: /workspace/incremental-synthesis/benchmarks/riscv-eco-003-new/core/singlecycle/singlecycle_ctlpath.sv
Parsing SystemVerilog input from `/workspace/incremental-synthesis/benchmarks/riscv-eco-003-new/core/singlecycle/singlecycle_ctlpath.sv' to AST representation.
Generating RTLIL representation for module `\singlecycle_ctlpath'.
Successfully finished Verilog frontend.

22. Executing Verilog-2005 frontend: /workspace/incremental-synthesis/benchmarks/riscv-eco-003-new/core/singlecycle/singlecycle_datapath.sv
Parsing SystemVerilog input from `/workspace/incremental-synthesis/benchmarks/riscv-eco-003-new/core/singlecycle/singlecycle_datapath.sv' to AST representation.
Generating RTLIL representation for module `\singlecycle_datapath'.
Successfully finished Verilog frontend.

23. Executing HIERARCHY pass (managing design hierarchy).

23.1. Analyzing design hierarchy..
Top module:  \riscv_core
Used module:     \data_memory_interface
Used module:     \singlecycle_ctlpath
Used module:         \alu_control
Used module:         \control_transfer
Used module:         \singlecycle_control
Used module:     \immediate_generator
Used module:     \instruction_decoder
Used module:     \singlecycle_datapath
Used module:         \regfile
Used module:         \register
Used module:         \multiplexer8
Used module:             \multiplexer
Used module:         \multiplexer2
Used module:         \multiplexer4
Used module:         \alu
Used module:         \adder
Parameter \WIDTH = 32
Parameter \CHANNELS = 2

23.2. Executing AST frontend in derive mode using pre-parsed AST for module `\multiplexer'.
Parameter \WIDTH = 32
Parameter \CHANNELS = 2
Generating RTLIL representation for module `$paramod$6a3d32cf08b5e9a4d56891e3d8781ccd4215c4af\multiplexer'.
Warning: Replacing memory \input_array with list of registers. See /workspace/incremental-synthesis/benchmarks/riscv-eco-003-new/core/common/multiplexer.sv:24
Parameter \WIDTH = 32
Parameter \CHANNELS = 4

23.3. Executing AST frontend in derive mode using pre-parsed AST for module `\multiplexer'.
Parameter \WIDTH = 32
Parameter \CHANNELS = 4
Generating RTLIL representation for module `$paramod$99da07bf27abaac915a8c95d36d6f2808394e702\multiplexer'.
Warning: Replacing memory \input_array with list of registers. See /workspace/incremental-synthesis/benchmarks/riscv-eco-003-new/core/common/multiplexer.sv:24
Parameter \WIDTH = 32
Parameter \CHANNELS = 8

23.4. Executing AST frontend in derive mode using pre-parsed AST for module `\multiplexer'.
Parameter \WIDTH = 32
Parameter \CHANNELS = 8
Generating RTLIL representation for module `$paramod$5ef3be0bfad1454aaa6432c4ab405bbd7cbab26b\multiplexer'.
Warning: Replacing memory \input_array with list of registers. See /workspace/incremental-synthesis/benchmarks/riscv-eco-003-new/core/common/multiplexer.sv:24
Parameter \WIDTH = 32
Parameter \INITIAL = 4194304

23.5. Executing AST frontend in derive mode using pre-parsed AST for module `\register'.
Parameter \WIDTH = 32
Parameter \INITIAL = 4194304
Generating RTLIL representation for module `$paramod$e358a763f16798cd10903dfd37e7986c0fbbe40f\register'.
Parameter \WIDTH = 32

23.6. Executing AST frontend in derive mode using pre-parsed AST for module `\multiplexer8'.
Parameter \WIDTH = 32
Generating RTLIL representation for module `$paramod\multiplexer8\WIDTH=s32'00000000000000000000000000100000'.
Parameter \WIDTH = 32

23.7. Executing AST frontend in derive mode using pre-parsed AST for module `\multiplexer2'.
Parameter \WIDTH = 32
Generating RTLIL representation for module `$paramod\multiplexer2\WIDTH=s32'00000000000000000000000000100000'.
Parameter \WIDTH = 32
Found cached RTLIL representation for module `$paramod\multiplexer2\WIDTH=s32'00000000000000000000000000100000'.
Parameter \WIDTH = 32

23.8. Executing AST frontend in derive mode using pre-parsed AST for module `\multiplexer4'.
Parameter \WIDTH = 32
Generating RTLIL representation for module `$paramod\multiplexer4\WIDTH=s32'00000000000000000000000000100000'.
Parameter \WIDTH = 32

23.9. Executing AST frontend in derive mode using pre-parsed AST for module `\adder'.
Parameter \WIDTH = 32
Generating RTLIL representation for module `$paramod\adder\WIDTH=s32'00000000000000000000000000100000'.
Parameter \WIDTH = 32
Found cached RTLIL representation for module `$paramod\adder\WIDTH=s32'00000000000000000000000000100000'.

23.10. Analyzing design hierarchy..
Top module:  \riscv_core
Used module:     \data_memory_interface
Used module:     \singlecycle_ctlpath
Used module:         \alu_control
Used module:         \control_transfer
Used module:         \singlecycle_control
Used module:     \immediate_generator
Used module:     \instruction_decoder
Used module:     \singlecycle_datapath
Used module:         \regfile
Used module:         $paramod$e358a763f16798cd10903dfd37e7986c0fbbe40f\register
Used module:         $paramod\multiplexer8\WIDTH=s32'00000000000000000000000000100000
Used module:             \multiplexer
Used module:         $paramod\multiplexer2\WIDTH=s32'00000000000000000000000000100000
Used module:         $paramod\multiplexer4\WIDTH=s32'00000000000000000000000000100000
Used module:         \alu
Used module:         $paramod\adder\WIDTH=s32'00000000000000000000000000100000
Parameter \WIDTH = 32
Parameter \CHANNELS = 8
Found cached RTLIL representation for module `$paramod$5ef3be0bfad1454aaa6432c4ab405bbd7cbab26b\multiplexer'.
Parameter \WIDTH = 32
Parameter \CHANNELS = 2
Found cached RTLIL representation for module `$paramod$6a3d32cf08b5e9a4d56891e3d8781ccd4215c4af\multiplexer'.
Parameter \WIDTH = 32
Parameter \CHANNELS = 4
Found cached RTLIL representation for module `$paramod$99da07bf27abaac915a8c95d36d6f2808394e702\multiplexer'.

23.11. Analyzing design hierarchy..
Top module:  \riscv_core
Used module:     \data_memory_interface
Used module:     \singlecycle_ctlpath
Used module:         \alu_control
Used module:         \control_transfer
Used module:         \singlecycle_control
Used module:     \immediate_generator
Used module:     \instruction_decoder
Used module:     \singlecycle_datapath
Used module:         \regfile
Used module:         $paramod$e358a763f16798cd10903dfd37e7986c0fbbe40f\register
Used module:         $paramod\multiplexer8\WIDTH=s32'00000000000000000000000000100000
Used module:             $paramod$5ef3be0bfad1454aaa6432c4ab405bbd7cbab26b\multiplexer
Used module:         $paramod\multiplexer2\WIDTH=s32'00000000000000000000000000100000
Used module:             $paramod$6a3d32cf08b5e9a4d56891e3d8781ccd4215c4af\multiplexer
Used module:         $paramod\multiplexer4\WIDTH=s32'00000000000000000000000000100000
Used module:             $paramod$99da07bf27abaac915a8c95d36d6f2808394e702\multiplexer
Used module:         \alu
Used module:         $paramod\adder\WIDTH=s32'00000000000000000000000000100000

23.12. Analyzing design hierarchy..
Top module:  \riscv_core
Used module:     \data_memory_interface
Used module:     \singlecycle_ctlpath
Used module:         \alu_control
Used module:         \control_transfer
Used module:         \singlecycle_control
Used module:     \immediate_generator
Used module:     \instruction_decoder
Used module:     \singlecycle_datapath
Used module:         \regfile
Used module:         $paramod$e358a763f16798cd10903dfd37e7986c0fbbe40f\register
Used module:         $paramod\multiplexer8\WIDTH=s32'00000000000000000000000000100000
Used module:             $paramod$5ef3be0bfad1454aaa6432c4ab405bbd7cbab26b\multiplexer
Used module:         $paramod\multiplexer2\WIDTH=s32'00000000000000000000000000100000
Used module:             $paramod$6a3d32cf08b5e9a4d56891e3d8781ccd4215c4af\multiplexer
Used module:         $paramod\multiplexer4\WIDTH=s32'00000000000000000000000000100000
Used module:             $paramod$99da07bf27abaac915a8c95d36d6f2808394e702\multiplexer
Used module:         \alu
Used module:         $paramod\adder\WIDTH=s32'00000000000000000000000000100000
Removing unused module `\register'.
Removing unused module `\multiplexer8'.
Removing unused module `\multiplexer4'.
Removing unused module `\multiplexer2'.
Removing unused module `\multiplexer'.
Removing unused module `\example_text_memory_bus'.
Removing unused module `\example_memory_bus'.
Removing unused module `\example_data_memory_bus'.
Removing unused module `\adder'.
Removed 9 unused modules.

24. Executing PROC pass (convert processes to netlists).

24.1. Executing PROC_CLEAN pass (remove empty switches from decision trees).
Cleaned up 0 empty switches.

24.2. Executing PROC_RMDEAD pass (remove dead branches from decision trees).
Marked 1 switch rules as full_case in process $proc$/workspace/incremental-synthesis/benchmarks/riscv-eco-003-new/core/singlecycle/singlecycle_control.sv:31$122 in module singlecycle_control.
Marked 1 switch rules as full_case in process $proc$/workspace/incremental-synthesis/benchmarks/riscv-eco-003-new/core/singlecycle/singlecycle_control.sv:23$120 in module singlecycle_control.
Removed 1 dead cases from process $proc$/workspace/incremental-synthesis/benchmarks/riscv-eco-003-new/core/common/regfile.sv:33$114 in module regfile.
Marked 1 switch rules as full_case in process $proc$/workspace/incremental-synthesis/benchmarks/riscv-eco-003-new/core/common/regfile.sv:33$114 in module regfile.
Removed 1 dead cases from process $proc$/workspace/incremental-synthesis/benchmarks/riscv-eco-003-new/core/common/regfile.sv:32$111 in module regfile.
Marked 1 switch rules as full_case in process $proc$/workspace/incremental-synthesis/benchmarks/riscv-eco-003-new/core/common/regfile.sv:32$111 in module regfile.
Marked 5 switch rules as full_case in process $proc$/workspace/incremental-synthesis/benchmarks/riscv-eco-003-new/core/common/regfile.sv:35$93 in module regfile.
Marked 1 switch rules as full_case in process $proc$/workspace/incremental-synthesis/benchmarks/riscv-eco-003-new/core/common/register.sv:23$149 in module $paramod$e358a763f16798cd10903dfd37e7986c0fbbe40f\register.
Marked 1 switch rules as full_case in process $proc$/workspace/incremental-synthesis/benchmarks/riscv-eco-003-new/core/common/immediate_generator.sv:22$80 in module immediate_generator.
Removed 1 dead cases from process $proc$/workspace/incremental-synthesis/benchmarks/riscv-eco-003-new/core/common/multiplexer.sv:21$138 in module $paramod$5ef3be0bfad1454aaa6432c4ab405bbd7cbab26b\multiplexer.
Marked 1 switch rules as full_case in process $proc$/workspace/incremental-synthesis/benchmarks/riscv-eco-003-new/core/common/multiplexer.sv:21$138 in module $paramod$5ef3be0bfad1454aaa6432c4ab405bbd7cbab26b\multiplexer.
Removed 1 dead cases from process $proc$/workspace/incremental-synthesis/benchmarks/riscv-eco-003-new/core/common/multiplexer.sv:21$130 in module $paramod$99da07bf27abaac915a8c95d36d6f2808394e702\multiplexer.
Marked 1 switch rules as full_case in process $proc$/workspace/incremental-synthesis/benchmarks/riscv-eco-003-new/core/common/multiplexer.sv:21$130 in module $paramod$99da07bf27abaac915a8c95d36d6f2808394e702\multiplexer.
Removed 1 dead cases from process $proc$/workspace/incremental-synthesis/benchmarks/riscv-eco-003-new/core/common/multiplexer.sv:21$124 in module $paramod$6a3d32cf08b5e9a4d56891e3d8781ccd4215c4af\multiplexer.
Marked 1 switch rules as full_case in process $proc$/workspace/incremental-synthesis/benchmarks/riscv-eco-003-new/core/common/multiplexer.sv:21$124 in module $paramod$6a3d32cf08b5e9a4d56891e3d8781ccd4215c4af\multiplexer.
Marked 1 switch rules as full_case in process $proc$/workspace/incremental-synthesis/benchmarks/riscv-eco-003-new/core/common/data_memory_interface.sv:51$54 in module data_memory_interface.
Marked 1 switch rules as full_case in process $proc$/workspace/incremental-synthesis/benchmarks/riscv-eco-003-new/core/common/data_memory_interface.sv:35$47 in module data_memory_interface.
Marked 1 switch rules as full_case in process $proc$/workspace/incremental-synthesis/benchmarks/riscv-eco-003-new/core/common/control_transfer.sv:15$41 in module control_transfer.
Removed 1 dead cases from process $proc$/workspace/incremental-synthesis/benchmarks/riscv-eco-003-new/core/common/alu_control.sv:79$40 in module alu_control.
Marked 1 switch rules as full_case in process $proc$/workspace/incremental-synthesis/benchmarks/riscv-eco-003-new/core/common/alu_control.sv:79$40 in module alu_control.
Marked 1 switch rules as full_case in process $proc$/workspace/incremental-synthesis/benchmarks/riscv-eco-003-new/core/common/alu_control.sv:67$39 in module alu_control.
Marked 1 switch rules as full_case in process $proc$/workspace/incremental-synthesis/benchmarks/riscv-eco-003-new/core/common/alu_control.sv:60$38 in module alu_control.
Removed 1 dead cases from process $proc$/workspace/incremental-synthesis/benchmarks/riscv-eco-003-new/core/common/alu_control.sv:47$37 in module alu_control.
Marked 1 switch rules as full_case in process $proc$/workspace/incremental-synthesis/benchmarks/riscv-eco-003-new/core/common/alu_control.sv:47$37 in module alu_control.
Marked 1 switch rules as full_case in process $proc$/workspace/incremental-synthesis/benchmarks/riscv-eco-003-new/core/common/alu_control.sv:42$34 in module alu_control.
Marked 2 switch rules as full_case in process $proc$/workspace/incremental-synthesis/benchmarks/riscv-eco-003-new/core/common/alu_control.sv:35$33 in module alu_control.
Marked 1 switch rules as full_case in process $proc$/workspace/incremental-synthesis/benchmarks/riscv-eco-003-new/core/common/alu_control.sv:25$32 in module alu_control.
Marked 7 switch rules as full_case in process $proc$/workspace/incremental-synthesis/benchmarks/riscv-eco-003-new/core/common/alu.sv:25$3 in module alu.
Removed a total of 7 dead cases.

24.3. Executing PROC_PRUNE pass (remove redundant assignments in processes).
Removed 0 redundant assignments.
Promoted 83 assignments to connections.

24.4. Executing PROC_INIT pass (extract init attributes).
Found init rule in `\regfile.$proc$/workspace/incremental-synthesis/benchmarks/riscv-eco-003-new/core/common/regfile.sv:27$117'.
  Set init value: \i = 32
  Set init value: \register[0] = 0
  Set init value: \register[1] = 0
  Set init value: \register[2] = 0
  Set init value: \register[3] = 0
  Set init value: \register[4] = 0
  Set init value: \register[5] = 0
  Set init value: \register[6] = 0
  Set init value: \register[7] = 0
  Set init value: \register[8] = 0
  Set init value: \register[9] = 0
  Set init value: \register[10] = 0
  Set init value: \register[11] = 0
  Set init value: \register[12] = 0
  Set init value: \register[13] = 0
  Set init value: \register[14] = 0
  Set init value: \register[15] = 0
  Set init value: \register[16] = 0
  Set init value: \register[17] = 0
  Set init value: \register[18] = 0
  Set init value: \register[19] = 0
  Set init value: \register[20] = 0
  Set init value: \register[21] = 0
  Set init value: \register[22] = 0
  Set init value: \register[23] = 0
  Set init value: \register[24] = 0
  Set init value: \register[25] = 0
  Set init value: \register[26] = 0
  Set init value: \register[27] = 0
  Set init value: \register[28] = 0
  Set init value: \register[29] = 0
  Set init value: \register[30] = 0
  Set init value: \register[31] = 0
Found init rule in `$paramod$e358a763f16798cd10903dfd37e7986c0fbbe40f\register.$proc$/workspace/incremental-synthesis/benchmarks/riscv-eco-003-new/core/common/register.sv:21$150'.
  Set init value: \value = 4194304

24.5. Executing PROC_ARST pass (detect async resets in processes).
Found async reset \reset in `\regfile.$proc$/workspace/incremental-synthesis/benchmarks/riscv-eco-003-new/core/common/regfile.sv:35$93'.
Found async reset \reset in `$paramod$e358a763f16798cd10903dfd37e7986c0fbbe40f\register.$proc$/workspace/incremental-synthesis/benchmarks/riscv-eco-003-new/core/common/register.sv:23$149'.

24.6. Executing PROC_ROM pass (convert switches to ROMs).
Converted 2 switches.
<suppressed ~29 debug messages>

24.7. Executing PROC_MUX pass (convert decision trees to multiplexers).
Creating decoders for process `\singlecycle_control.$proc$/workspace/incremental-synthesis/benchmarks/riscv-eco-003-new/core/singlecycle/singlecycle_control.sv:31$122'.
     1/8: $1\reg_writeback_select[2:0]
     2/8: $1\data_mem_read_enable[0:0]
     3/8: $1\alu_op_type[2:0]
     4/8: $1\alu_operand_b_select[0:0]
     5/8: $1\alu_operand_a_select[0:0]
     6/8: $1\regfile_write_enable[0:0]
     7/8: $1\data_mem_write_enable[0:0]
     8/8: $1\pc_write_enable[0:0]
Creating decoders for process `\singlecycle_control.$proc$/workspace/incremental-synthesis/benchmarks/riscv-eco-003-new/core/singlecycle/singlecycle_control.sv:23$120'.
     1/1: $1\next_pc_select[1:0]
Creating decoders for process `\regfile.$proc$/workspace/incremental-synthesis/benchmarks/riscv-eco-003-new/core/common/regfile.sv:27$117'.
Creating decoders for process `\regfile.$proc$/workspace/incremental-synthesis/benchmarks/riscv-eco-003-new/core/common/regfile.sv:33$114'.
     1/1: $1$mem2reg_rd$\register$/workspace/incremental-synthesis/benchmarks/riscv-eco-003-new/core/common/regfile.sv:33$90_DATA[31:0]$116
Creating decoders for process `\regfile.$proc$/workspace/incremental-synthesis/benchmarks/riscv-eco-003-new/core/common/regfile.sv:32$111'.
     1/1: $1$mem2reg_rd$\register$/workspace/incremental-synthesis/benchmarks/riscv-eco-003-new/core/common/regfile.sv:32$89_DATA[31:0]$113
Creating decoders for process `\regfile.$proc$/workspace/incremental-synthesis/benchmarks/riscv-eco-003-new/core/common/regfile.sv:35$93'.
     1/45: $3$mem2reg_wr$\register$/workspace/incremental-synthesis/benchmarks/riscv-eco-003-new/core/common/regfile.sv:40$91_ADDR[4:0]$107
     2/45: $3$mem2reg_wr$\register$/workspace/incremental-synthesis/benchmarks/riscv-eco-003-new/core/common/regfile.sv:40$91_DATA[31:0]$108
     3/45: $3$mem2reg_wr$\register$/workspace/incremental-synthesis/benchmarks/riscv-eco-003-new/core/common/regfile.sv:41$92_DATA[31:0]$110
     4/45: $3$mem2reg_wr$\register$/workspace/incremental-synthesis/benchmarks/riscv-eco-003-new/core/common/regfile.sv:41$92_ADDR[4:0]$109
     5/45: $2$mem2reg_wr$\register$/workspace/incremental-synthesis/benchmarks/riscv-eco-003-new/core/common/regfile.sv:41$92_DATA[31:0]$105
     6/45: $2$mem2reg_wr$\register$/workspace/incremental-synthesis/benchmarks/riscv-eco-003-new/core/common/regfile.sv:41$92_ADDR[4:0]$104
     7/45: $2$mem2reg_wr$\register$/workspace/incremental-synthesis/benchmarks/riscv-eco-003-new/core/common/regfile.sv:40$91_DATA[31:0]$103
     8/45: $2$mem2reg_wr$\register$/workspace/incremental-synthesis/benchmarks/riscv-eco-003-new/core/common/regfile.sv:40$91_ADDR[4:0]$102
     9/45: $1$mem2reg_wr$\register$/workspace/incremental-synthesis/benchmarks/riscv-eco-003-new/core/common/regfile.sv:41$92_DATA[31:0]$101
    10/45: $1$mem2reg_wr$\register$/workspace/incremental-synthesis/benchmarks/riscv-eco-003-new/core/common/regfile.sv:41$92_ADDR[4:0]$100
    11/45: $1$mem2reg_wr$\register$/workspace/incremental-synthesis/benchmarks/riscv-eco-003-new/core/common/regfile.sv:40$91_DATA[31:0]$99
    12/45: $1$mem2reg_wr$\register$/workspace/incremental-synthesis/benchmarks/riscv-eco-003-new/core/common/regfile.sv:40$91_ADDR[4:0]$98
    13/45: $1\i[31:0]
    14/45: $0\register[31][31:0]
    15/45: $0\register[30][31:0]
    16/45: $0\register[29][31:0]
    17/45: $0\register[28][31:0]
    18/45: $0\register[27][31:0]
    19/45: $0\register[26][31:0]
    20/45: $0\register[25][31:0]
    21/45: $0\register[24][31:0]
    22/45: $0\register[23][31:0]
    23/45: $0\register[22][31:0]
    24/45: $0\register[21][31:0]
    25/45: $0\register[20][31:0]
    26/45: $0\register[19][31:0]
    27/45: $0\register[18][31:0]
    28/45: $0\register[17][31:0]
    29/45: $0\register[16][31:0]
    30/45: $0\register[15][31:0]
    31/45: $0\register[14][31:0]
    32/45: $0\register[13][31:0]
    33/45: $0\register[12][31:0]
    34/45: $0\register[11][31:0]
    35/45: $0\register[10][31:0]
    36/45: $0\register[9][31:0]
    37/45: $0\register[8][31:0]
    38/45: $0\register[7][31:0]
    39/45: $0\register[6][31:0]
    40/45: $0\register[5][31:0]
    41/45: $0\register[4][31:0]
    42/45: $0\register[3][31:0]
    43/45: $0\register[2][31:0]
    44/45: $0\register[1][31:0]
    45/45: $0\register[0][31:0]
Creating decoders for process `$paramod$e358a763f16798cd10903dfd37e7986c0fbbe40f\register.$proc$/workspace/incremental-synthesis/benchmarks/riscv-eco-003-new/core/common/register.sv:21$150'.
Creating decoders for process `$paramod$e358a763f16798cd10903dfd37e7986c0fbbe40f\register.$proc$/workspace/incremental-synthesis/benchmarks/riscv-eco-003-new/core/common/register.sv:23$149'.
     1/1: $0\value[31:0]
Creating decoders for process `\immediate_generator.$proc$/workspace/incremental-synthesis/benchmarks/riscv-eco-003-new/core/common/immediate_generator.sv:22$80'.
     1/1: $1\immediate[31:0]
Creating decoders for process `$paramod$5ef3be0bfad1454aaa6432c4ab405bbd7cbab26b\multiplexer.$proc$/workspace/incremental-synthesis/benchmarks/riscv-eco-003-new/core/common/multiplexer.sv:24$148'.
Creating decoders for process `$paramod$5ef3be0bfad1454aaa6432c4ab405bbd7cbab26b\multiplexer.$proc$/workspace/incremental-synthesis/benchmarks/riscv-eco-003-new/core/common/multiplexer.sv:24$147'.
Creating decoders for process `$paramod$5ef3be0bfad1454aaa6432c4ab405bbd7cbab26b\multiplexer.$proc$/workspace/incremental-synthesis/benchmarks/riscv-eco-003-new/core/common/multiplexer.sv:24$146'.
Creating decoders for process `$paramod$5ef3be0bfad1454aaa6432c4ab405bbd7cbab26b\multiplexer.$proc$/workspace/incremental-synthesis/benchmarks/riscv-eco-003-new/core/common/multiplexer.sv:24$145'.
Creating decoders for process `$paramod$5ef3be0bfad1454aaa6432c4ab405bbd7cbab26b\multiplexer.$proc$/workspace/incremental-synthesis/benchmarks/riscv-eco-003-new/core/common/multiplexer.sv:24$144'.
Creating decoders for process `$paramod$5ef3be0bfad1454aaa6432c4ab405bbd7cbab26b\multiplexer.$proc$/workspace/incremental-synthesis/benchmarks/riscv-eco-003-new/core/common/multiplexer.sv:24$143'.
Creating decoders for process `$paramod$5ef3be0bfad1454aaa6432c4ab405bbd7cbab26b\multiplexer.$proc$/workspace/incremental-synthesis/benchmarks/riscv-eco-003-new/core/common/multiplexer.sv:24$142'.
Creating decoders for process `$paramod$5ef3be0bfad1454aaa6432c4ab405bbd7cbab26b\multiplexer.$proc$/workspace/incremental-synthesis/benchmarks/riscv-eco-003-new/core/common/multiplexer.sv:24$141'.
Creating decoders for process `$paramod$5ef3be0bfad1454aaa6432c4ab405bbd7cbab26b\multiplexer.$proc$/workspace/incremental-synthesis/benchmarks/riscv-eco-003-new/core/common/multiplexer.sv:21$138'.
     1/1: $1$mem2reg_rd$\input_array$/workspace/incremental-synthesis/benchmarks/riscv-eco-003-new/core/common/multiplexer.sv:21$137_DATA[31:0]$140
Creating decoders for process `$paramod$99da07bf27abaac915a8c95d36d6f2808394e702\multiplexer.$proc$/workspace/incremental-synthesis/benchmarks/riscv-eco-003-new/core/common/multiplexer.sv:24$136'.
Creating decoders for process `$paramod$99da07bf27abaac915a8c95d36d6f2808394e702\multiplexer.$proc$/workspace/incremental-synthesis/benchmarks/riscv-eco-003-new/core/common/multiplexer.sv:24$135'.
Creating decoders for process `$paramod$99da07bf27abaac915a8c95d36d6f2808394e702\multiplexer.$proc$/workspace/incremental-synthesis/benchmarks/riscv-eco-003-new/core/common/multiplexer.sv:24$134'.
Creating decoders for process `$paramod$99da07bf27abaac915a8c95d36d6f2808394e702\multiplexer.$proc$/workspace/incremental-synthesis/benchmarks/riscv-eco-003-new/core/common/multiplexer.sv:24$133'.
Creating decoders for process `$paramod$99da07bf27abaac915a8c95d36d6f2808394e702\multiplexer.$proc$/workspace/incremental-synthesis/benchmarks/riscv-eco-003-new/core/common/multiplexer.sv:21$130'.
     1/1: $1$mem2reg_rd$\input_array$/workspace/incremental-synthesis/benchmarks/riscv-eco-003-new/core/common/multiplexer.sv:21$129_DATA[31:0]$132
Creating decoders for process `$paramod$6a3d32cf08b5e9a4d56891e3d8781ccd4215c4af\multiplexer.$proc$/workspace/incremental-synthesis/benchmarks/riscv-eco-003-new/core/common/multiplexer.sv:24$128'.
Creating decoders for process `$paramod$6a3d32cf08b5e9a4d56891e3d8781ccd4215c4af\multiplexer.$proc$/workspace/incremental-synthesis/benchmarks/riscv-eco-003-new/core/common/multiplexer.sv:24$127'.
Creating decoders for process `$paramod$6a3d32cf08b5e9a4d56891e3d8781ccd4215c4af\multiplexer.$proc$/workspace/incremental-synthesis/benchmarks/riscv-eco-003-new/core/common/multiplexer.sv:21$124'.
     1/1: $1$mem2reg_rd$\input_array$/workspace/incremental-synthesis/benchmarks/riscv-eco-003-new/core/common/multiplexer.sv:21$123_DATA[31:0]$126
Creating decoders for process `\data_memory_interface.$proc$/workspace/incremental-synthesis/benchmarks/riscv-eco-003-new/core/common/data_memory_interface.sv:51$54'.
     1/1: $1\sign_fix[31:0]
Creating decoders for process `\data_memory_interface.$proc$/workspace/incremental-synthesis/benchmarks/riscv-eco-003-new/core/common/data_memory_interface.sv:46$51'.
Creating decoders for process `\data_memory_interface.$proc$/workspace/incremental-synthesis/benchmarks/riscv-eco-003-new/core/common/data_memory_interface.sv:35$47'.
     1/1: $1\bus_byte_enable[3:0]
Creating decoders for process `\control_transfer.$proc$/workspace/incremental-synthesis/benchmarks/riscv-eco-003-new/core/common/control_transfer.sv:15$41'.
     1/1: $1\take_branch[0:0]
Creating decoders for process `\alu_control.$proc$/workspace/incremental-synthesis/benchmarks/riscv-eco-003-new/core/common/alu_control.sv:79$40'.
     1/1: $1\m_extension_funct[4:0]
Creating decoders for process `\alu_control.$proc$/workspace/incremental-synthesis/benchmarks/riscv-eco-003-new/core/common/alu_control.sv:67$39'.
     1/1: $1\branch_funct[4:0]
Creating decoders for process `\alu_control.$proc$/workspace/incremental-synthesis/benchmarks/riscv-eco-003-new/core/common/alu_control.sv:60$38'.
     1/1: $1\secondary_funct[4:0]
Creating decoders for process `\alu_control.$proc$/workspace/incremental-synthesis/benchmarks/riscv-eco-003-new/core/common/alu_control.sv:47$37'.
     1/1: $1\default_funct[4:0]
Creating decoders for process `\alu_control.$proc$/workspace/incremental-synthesis/benchmarks/riscv-eco-003-new/core/common/alu_control.sv:42$34'.
     1/1: $1\op_imm_funct[4:0]
Creating decoders for process `\alu_control.$proc$/workspace/incremental-synthesis/benchmarks/riscv-eco-003-new/core/common/alu_control.sv:35$33'.
     1/2: $2\op_funct[4:0]
     2/2: $1\op_funct[4:0]
Creating decoders for process `\alu_control.$proc$/workspace/incremental-synthesis/benchmarks/riscv-eco-003-new/core/common/alu_control.sv:25$32'.
     1/1: $1\alu_function[4:0]
Creating decoders for process `\alu.$proc$/workspace/incremental-synthesis/benchmarks/riscv-eco-003-new/core/common/alu.sv:75$28'.
Creating decoders for process `\alu.$proc$/workspace/incremental-synthesis/benchmarks/riscv-eco-003-new/core/common/alu.sv:25$3'.
     1/7: $7\result[31:0]
     2/7: $6\result[31:0]
     3/7: $5\result[31:0]
     4/7: $4\result[31:0]
     5/7: $3\result[31:0]
     6/7: $2\result[31:0]
     7/7: $1\result[31:0]

24.8. Executing PROC_DLATCH pass (convert process syncs to latches).
No latch inferred for signal `\singlecycle_control.\alu_op_type' from process `\singlecycle_control.$proc$/workspace/incremental-synthesis/benchmarks/riscv-eco-003-new/core/singlecycle/singlecycle_control.sv:31$122'.
No latch inferred for signal `\singlecycle_control.\pc_write_enable' from process `\singlecycle_control.$proc$/workspace/incremental-synthesis/benchmarks/riscv-eco-003-new/core/singlecycle/singlecycle_control.sv:31$122'.
No latch inferred for signal `\singlecycle_control.\regfile_write_enable' from process `\singlecycle_control.$proc$/workspace/incremental-synthesis/benchmarks/riscv-eco-003-new/core/singlecycle/singlecycle_control.sv:31$122'.
No latch inferred for signal `\singlecycle_control.\alu_operand_a_select' from process `\singlecycle_control.$proc$/workspace/incremental-synthesis/benchmarks/riscv-eco-003-new/core/singlecycle/singlecycle_control.sv:31$122'.
No latch inferred for signal `\singlecycle_control.\alu_operand_b_select' from process `\singlecycle_control.$proc$/workspace/incremental-synthesis/benchmarks/riscv-eco-003-new/core/singlecycle/singlecycle_control.sv:31$122'.
No latch inferred for signal `\singlecycle_control.\reg_writeback_select' from process `\singlecycle_control.$proc$/workspace/incremental-synthesis/benchmarks/riscv-eco-003-new/core/singlecycle/singlecycle_control.sv:31$122'.
No latch inferred for signal `\singlecycle_control.\data_mem_read_enable' from process `\singlecycle_control.$proc$/workspace/incremental-synthesis/benchmarks/riscv-eco-003-new/core/singlecycle/singlecycle_control.sv:31$122'.
No latch inferred for signal `\singlecycle_control.\data_mem_write_enable' from process `\singlecycle_control.$proc$/workspace/incremental-synthesis/benchmarks/riscv-eco-003-new/core/singlecycle/singlecycle_control.sv:31$122'.
No latch inferred for signal `\singlecycle_control.\next_pc_select' from process `\singlecycle_control.$proc$/workspace/incremental-synthesis/benchmarks/riscv-eco-003-new/core/singlecycle/singlecycle_control.sv:23$120'.
No latch inferred for signal `\regfile.$mem2reg_rd$\register$/workspace/incremental-synthesis/benchmarks/riscv-eco-003-new/core/common/regfile.sv:33$90_DATA' from process `\regfile.$proc$/workspace/incremental-synthesis/benchmarks/riscv-eco-003-new/core/common/regfile.sv:33$114'.
No latch inferred for signal `\regfile.$mem2reg_rd$\register$/workspace/incremental-synthesis/benchmarks/riscv-eco-003-new/core/common/regfile.sv:32$89_DATA' from process `\regfile.$proc$/workspace/incremental-synthesis/benchmarks/riscv-eco-003-new/core/common/regfile.sv:32$111'.
No latch inferred for signal `\immediate_generator.\immediate' from process `\immediate_generator.$proc$/workspace/incremental-synthesis/benchmarks/riscv-eco-003-new/core/common/immediate_generator.sv:22$80'.
No latch inferred for signal `$paramod$5ef3be0bfad1454aaa6432c4ab405bbd7cbab26b\multiplexer.\input_array[0]' from process `$paramod$5ef3be0bfad1454aaa6432c4ab405bbd7cbab26b\multiplexer.$proc$/workspace/incremental-synthesis/benchmarks/riscv-eco-003-new/core/common/multiplexer.sv:24$148'.
No latch inferred for signal `$paramod$5ef3be0bfad1454aaa6432c4ab405bbd7cbab26b\multiplexer.\input_array[1]' from process `$paramod$5ef3be0bfad1454aaa6432c4ab405bbd7cbab26b\multiplexer.$proc$/workspace/incremental-synthesis/benchmarks/riscv-eco-003-new/core/common/multiplexer.sv:24$147'.
No latch inferred for signal `$paramod$5ef3be0bfad1454aaa6432c4ab405bbd7cbab26b\multiplexer.\input_array[2]' from process `$paramod$5ef3be0bfad1454aaa6432c4ab405bbd7cbab26b\multiplexer.$proc$/workspace/incremental-synthesis/benchmarks/riscv-eco-003-new/core/common/multiplexer.sv:24$146'.
No latch inferred for signal `$paramod$5ef3be0bfad1454aaa6432c4ab405bbd7cbab26b\multiplexer.\input_array[3]' from process `$paramod$5ef3be0bfad1454aaa6432c4ab405bbd7cbab26b\multiplexer.$proc$/workspace/incremental-synthesis/benchmarks/riscv-eco-003-new/core/common/multiplexer.sv:24$145'.
No latch inferred for signal `$paramod$5ef3be0bfad1454aaa6432c4ab405bbd7cbab26b\multiplexer.\input_array[4]' from process `$paramod$5ef3be0bfad1454aaa6432c4ab405bbd7cbab26b\multiplexer.$proc$/workspace/incremental-synthesis/benchmarks/riscv-eco-003-new/core/common/multiplexer.sv:24$144'.
No latch inferred for signal `$paramod$5ef3be0bfad1454aaa6432c4ab405bbd7cbab26b\multiplexer.\input_array[5]' from process `$paramod$5ef3be0bfad1454aaa6432c4ab405bbd7cbab26b\multiplexer.$proc$/workspace/incremental-synthesis/benchmarks/riscv-eco-003-new/core/common/multiplexer.sv:24$143'.
No latch inferred for signal `$paramod$5ef3be0bfad1454aaa6432c4ab405bbd7cbab26b\multiplexer.\input_array[6]' from process `$paramod$5ef3be0bfad1454aaa6432c4ab405bbd7cbab26b\multiplexer.$proc$/workspace/incremental-synthesis/benchmarks/riscv-eco-003-new/core/common/multiplexer.sv:24$142'.
No latch inferred for signal `$paramod$5ef3be0bfad1454aaa6432c4ab405bbd7cbab26b\multiplexer.\input_array[7]' from process `$paramod$5ef3be0bfad1454aaa6432c4ab405bbd7cbab26b\multiplexer.$proc$/workspace/incremental-synthesis/benchmarks/riscv-eco-003-new/core/common/multiplexer.sv:24$141'.
No latch inferred for signal `$paramod$5ef3be0bfad1454aaa6432c4ab405bbd7cbab26b\multiplexer.$mem2reg_rd$\input_array$/workspace/incremental-synthesis/benchmarks/riscv-eco-003-new/core/common/multiplexer.sv:21$137_DATA' from process `$paramod$5ef3be0bfad1454aaa6432c4ab405bbd7cbab26b\multiplexer.$proc$/workspace/incremental-synthesis/benchmarks/riscv-eco-003-new/core/common/multiplexer.sv:21$138'.
No latch inferred for signal `$paramod$99da07bf27abaac915a8c95d36d6f2808394e702\multiplexer.\input_array[0]' from process `$paramod$99da07bf27abaac915a8c95d36d6f2808394e702\multiplexer.$proc$/workspace/incremental-synthesis/benchmarks/riscv-eco-003-new/core/common/multiplexer.sv:24$136'.
No latch inferred for signal `$paramod$99da07bf27abaac915a8c95d36d6f2808394e702\multiplexer.\input_array[1]' from process `$paramod$99da07bf27abaac915a8c95d36d6f2808394e702\multiplexer.$proc$/workspace/incremental-synthesis/benchmarks/riscv-eco-003-new/core/common/multiplexer.sv:24$135'.
No latch inferred for signal `$paramod$99da07bf27abaac915a8c95d36d6f2808394e702\multiplexer.\input_array[2]' from process `$paramod$99da07bf27abaac915a8c95d36d6f2808394e702\multiplexer.$proc$/workspace/incremental-synthesis/benchmarks/riscv-eco-003-new/core/common/multiplexer.sv:24$134'.
No latch inferred for signal `$paramod$99da07bf27abaac915a8c95d36d6f2808394e702\multiplexer.\input_array[3]' from process `$paramod$99da07bf27abaac915a8c95d36d6f2808394e702\multiplexer.$proc$/workspace/incremental-synthesis/benchmarks/riscv-eco-003-new/core/common/multiplexer.sv:24$133'.
No latch inferred for signal `$paramod$99da07bf27abaac915a8c95d36d6f2808394e702\multiplexer.$mem2reg_rd$\input_array$/workspace/incremental-synthesis/benchmarks/riscv-eco-003-new/core/common/multiplexer.sv:21$129_DATA' from process `$paramod$99da07bf27abaac915a8c95d36d6f2808394e702\multiplexer.$proc$/workspace/incremental-synthesis/benchmarks/riscv-eco-003-new/core/common/multiplexer.sv:21$130'.
No latch inferred for signal `$paramod$6a3d32cf08b5e9a4d56891e3d8781ccd4215c4af\multiplexer.\input_array[0]' from process `$paramod$6a3d32cf08b5e9a4d56891e3d8781ccd4215c4af\multiplexer.$proc$/workspace/incremental-synthesis/benchmarks/riscv-eco-003-new/core/common/multiplexer.sv:24$128'.
No latch inferred for signal `$paramod$6a3d32cf08b5e9a4d56891e3d8781ccd4215c4af\multiplexer.\input_array[1]' from process `$paramod$6a3d32cf08b5e9a4d56891e3d8781ccd4215c4af\multiplexer.$proc$/workspace/incremental-synthesis/benchmarks/riscv-eco-003-new/core/common/multiplexer.sv:24$127'.
No latch inferred for signal `$paramod$6a3d32cf08b5e9a4d56891e3d8781ccd4215c4af\multiplexer.$mem2reg_rd$\input_array$/workspace/incremental-synthesis/benchmarks/riscv-eco-003-new/core/common/multiplexer.sv:21$123_DATA' from process `$paramod$6a3d32cf08b5e9a4d56891e3d8781ccd4215c4af\multiplexer.$proc$/workspace/incremental-synthesis/benchmarks/riscv-eco-003-new/core/common/multiplexer.sv:21$124'.
No latch inferred for signal `\data_memory_interface.\sign_fix' from process `\data_memory_interface.$proc$/workspace/incremental-synthesis/benchmarks/riscv-eco-003-new/core/common/data_memory_interface.sv:51$54'.
No latch inferred for signal `\data_memory_interface.\position_fix' from process `\data_memory_interface.$proc$/workspace/incremental-synthesis/benchmarks/riscv-eco-003-new/core/common/data_memory_interface.sv:46$51'.
No latch inferred for signal `\data_memory_interface.\bus_byte_enable' from process `\data_memory_interface.$proc$/workspace/incremental-synthesis/benchmarks/riscv-eco-003-new/core/common/data_memory_interface.sv:35$47'.
No latch inferred for signal `\control_transfer.\take_branch' from process `\control_transfer.$proc$/workspace/incremental-synthesis/benchmarks/riscv-eco-003-new/core/common/control_transfer.sv:15$41'.
No latch inferred for signal `\alu_control.\m_extension_funct' from process `\alu_control.$proc$/workspace/incremental-synthesis/benchmarks/riscv-eco-003-new/core/common/alu_control.sv:79$40'.
No latch inferred for signal `\alu_control.\branch_funct' from process `\alu_control.$proc$/workspace/incremental-synthesis/benchmarks/riscv-eco-003-new/core/common/alu_control.sv:67$39'.
No latch inferred for signal `\alu_control.\secondary_funct' from process `\alu_control.$proc$/workspace/incremental-synthesis/benchmarks/riscv-eco-003-new/core/common/alu_control.sv:60$38'.
No latch inferred for signal `\alu_control.\default_funct' from process `\alu_control.$proc$/workspace/incremental-synthesis/benchmarks/riscv-eco-003-new/core/common/alu_control.sv:47$37'.
No latch inferred for signal `\alu_control.\op_imm_funct' from process `\alu_control.$proc$/workspace/incremental-synthesis/benchmarks/riscv-eco-003-new/core/common/alu_control.sv:42$34'.
No latch inferred for signal `\alu_control.\op_funct' from process `\alu_control.$proc$/workspace/incremental-synthesis/benchmarks/riscv-eco-003-new/core/common/alu_control.sv:35$33'.
No latch inferred for signal `\alu_control.\alu_function' from process `\alu_control.$proc$/workspace/incremental-synthesis/benchmarks/riscv-eco-003-new/core/common/alu_control.sv:25$32'.
No latch inferred for signal `\alu.\signed_multiplication' from process `\alu.$proc$/workspace/incremental-synthesis/benchmarks/riscv-eco-003-new/core/common/alu.sv:75$28'.
No latch inferred for signal `\alu.\unsigned_multiplication' from process `\alu.$proc$/workspace/incremental-synthesis/benchmarks/riscv-eco-003-new/core/common/alu.sv:75$28'.
No latch inferred for signal `\alu.\signed_unsigned_multiplication' from process `\alu.$proc$/workspace/incremental-synthesis/benchmarks/riscv-eco-003-new/core/common/alu.sv:75$28'.
No latch inferred for signal `\alu.\result' from process `\alu.$proc$/workspace/incremental-synthesis/benchmarks/riscv-eco-003-new/core/common/alu.sv:25$3'.

24.9. Executing PROC_DFF pass (convert process syncs to FFs).
Creating register for signal `\regfile.\i' using process `\regfile.$proc$/workspace/incremental-synthesis/benchmarks/riscv-eco-003-new/core/common/regfile.sv:35$93'.
  created $adff cell `$procdff$1826' with positive edge clock and positive level reset.
Creating register for signal `\regfile.\register[0]' using process `\regfile.$proc$/workspace/incremental-synthesis/benchmarks/riscv-eco-003-new/core/common/regfile.sv:35$93'.
  created $adff cell `$procdff$1829' with positive edge clock and positive level reset.
Creating register for signal `\regfile.\register[1]' using process `\regfile.$proc$/workspace/incremental-synthesis/benchmarks/riscv-eco-003-new/core/common/regfile.sv:35$93'.
  created $adff cell `$procdff$1832' with positive edge clock and positive level reset.
Creating register for signal `\regfile.\register[2]' using process `\regfile.$proc$/workspace/incremental-synthesis/benchmarks/riscv-eco-003-new/core/common/regfile.sv:35$93'.
  created $adff cell `$procdff$1835' with positive edge clock and positive level reset.
Creating register for signal `\regfile.\register[3]' using process `\regfile.$proc$/workspace/incremental-synthesis/benchmarks/riscv-eco-003-new/core/common/regfile.sv:35$93'.
  created $adff cell `$procdff$1838' with positive edge clock and positive level reset.
Creating register for signal `\regfile.\register[4]' using process `\regfile.$proc$/workspace/incremental-synthesis/benchmarks/riscv-eco-003-new/core/common/regfile.sv:35$93'.
  created $adff cell `$procdff$1841' with positive edge clock and positive level reset.
Creating register for signal `\regfile.\register[5]' using process `\regfile.$proc$/workspace/incremental-synthesis/benchmarks/riscv-eco-003-new/core/common/regfile.sv:35$93'.
  created $adff cell `$procdff$1844' with positive edge clock and positive level reset.
Creating register for signal `\regfile.\register[6]' using process `\regfile.$proc$/workspace/incremental-synthesis/benchmarks/riscv-eco-003-new/core/common/regfile.sv:35$93'.
  created $adff cell `$procdff$1847' with positive edge clock and positive level reset.
Creating register for signal `\regfile.\register[7]' using process `\regfile.$proc$/workspace/incremental-synthesis/benchmarks/riscv-eco-003-new/core/common/regfile.sv:35$93'.
  created $adff cell `$procdff$1850' with positive edge clock and positive level reset.
Creating register for signal `\regfile.\register[8]' using process `\regfile.$proc$/workspace/incremental-synthesis/benchmarks/riscv-eco-003-new/core/common/regfile.sv:35$93'.
  created $adff cell `$procdff$1853' with positive edge clock and positive level reset.
Creating register for signal `\regfile.\register[9]' using process `\regfile.$proc$/workspace/incremental-synthesis/benchmarks/riscv-eco-003-new/core/common/regfile.sv:35$93'.
  created $adff cell `$procdff$1856' with positive edge clock and positive level reset.
Creating register for signal `\regfile.\register[10]' using process `\regfile.$proc$/workspace/incremental-synthesis/benchmarks/riscv-eco-003-new/core/common/regfile.sv:35$93'.
  created $adff cell `$procdff$1859' with positive edge clock and positive level reset.
Creating register for signal `\regfile.\register[11]' using process `\regfile.$proc$/workspace/incremental-synthesis/benchmarks/riscv-eco-003-new/core/common/regfile.sv:35$93'.
  created $adff cell `$procdff$1862' with positive edge clock and positive level reset.
Creating register for signal `\regfile.\register[12]' using process `\regfile.$proc$/workspace/incremental-synthesis/benchmarks/riscv-eco-003-new/core/common/regfile.sv:35$93'.
  created $adff cell `$procdff$1865' with positive edge clock and positive level reset.
Creating register for signal `\regfile.\register[13]' using process `\regfile.$proc$/workspace/incremental-synthesis/benchmarks/riscv-eco-003-new/core/common/regfile.sv:35$93'.
  created $adff cell `$procdff$1868' with positive edge clock and positive level reset.
Creating register for signal `\regfile.\register[14]' using process `\regfile.$proc$/workspace/incremental-synthesis/benchmarks/riscv-eco-003-new/core/common/regfile.sv:35$93'.
  created $adff cell `$procdff$1871' with positive edge clock and positive level reset.
Creating register for signal `\regfile.\register[15]' using process `\regfile.$proc$/workspace/incremental-synthesis/benchmarks/riscv-eco-003-new/core/common/regfile.sv:35$93'.
  created $adff cell `$procdff$1874' with positive edge clock and positive level reset.
Creating register for signal `\regfile.\register[16]' using process `\regfile.$proc$/workspace/incremental-synthesis/benchmarks/riscv-eco-003-new/core/common/regfile.sv:35$93'.
  created $adff cell `$procdff$1877' with positive edge clock and positive level reset.
Creating register for signal `\regfile.\register[17]' using process `\regfile.$proc$/workspace/incremental-synthesis/benchmarks/riscv-eco-003-new/core/common/regfile.sv:35$93'.
  created $adff cell `$procdff$1880' with positive edge clock and positive level reset.
Creating register for signal `\regfile.\register[18]' using process `\regfile.$proc$/workspace/incremental-synthesis/benchmarks/riscv-eco-003-new/core/common/regfile.sv:35$93'.
  created $adff cell `$procdff$1883' with positive edge clock and positive level reset.
Creating register for signal `\regfile.\register[19]' using process `\regfile.$proc$/workspace/incremental-synthesis/benchmarks/riscv-eco-003-new/core/common/regfile.sv:35$93'.
  created $adff cell `$procdff$1886' with positive edge clock and positive level reset.
Creating register for signal `\regfile.\register[20]' using process `\regfile.$proc$/workspace/incremental-synthesis/benchmarks/riscv-eco-003-new/core/common/regfile.sv:35$93'.
  created $adff cell `$procdff$1889' with positive edge clock and positive level reset.
Creating register for signal `\regfile.\register[21]' using process `\regfile.$proc$/workspace/incremental-synthesis/benchmarks/riscv-eco-003-new/core/common/regfile.sv:35$93'.
  created $adff cell `$procdff$1892' with positive edge clock and positive level reset.
Creating register for signal `\regfile.\register[22]' using process `\regfile.$proc$/workspace/incremental-synthesis/benchmarks/riscv-eco-003-new/core/common/regfile.sv:35$93'.
  created $adff cell `$procdff$1895' with positive edge clock and positive level reset.
Creating register for signal `\regfile.\register[23]' using process `\regfile.$proc$/workspace/incremental-synthesis/benchmarks/riscv-eco-003-new/core/common/regfile.sv:35$93'.
  created $adff cell `$procdff$1898' with positive edge clock and positive level reset.
Creating register for signal `\regfile.\register[24]' using process `\regfile.$proc$/workspace/incremental-synthesis/benchmarks/riscv-eco-003-new/core/common/regfile.sv:35$93'.
  created $adff cell `$procdff$1901' with positive edge clock and positive level reset.
Creating register for signal `\regfile.\register[25]' using process `\regfile.$proc$/workspace/incremental-synthesis/benchmarks/riscv-eco-003-new/core/common/regfile.sv:35$93'.
  created $adff cell `$procdff$1904' with positive edge clock and positive level reset.
Creating register for signal `\regfile.\register[26]' using process `\regfile.$proc$/workspace/incremental-synthesis/benchmarks/riscv-eco-003-new/core/common/regfile.sv:35$93'.
  created $adff cell `$procdff$1907' with positive edge clock and positive level reset.
Creating register for signal `\regfile.\register[27]' using process `\regfile.$proc$/workspace/incremental-synthesis/benchmarks/riscv-eco-003-new/core/common/regfile.sv:35$93'.
  created $adff cell `$procdff$1910' with positive edge clock and positive level reset.
Creating register for signal `\regfile.\register[28]' using process `\regfile.$proc$/workspace/incremental-synthesis/benchmarks/riscv-eco-003-new/core/common/regfile.sv:35$93'.
  created $adff cell `$procdff$1913' with positive edge clock and positive level reset.
Creating register for signal `\regfile.\register[29]' using process `\regfile.$proc$/workspace/incremental-synthesis/benchmarks/riscv-eco-003-new/core/common/regfile.sv:35$93'.
  created $adff cell `$procdff$1916' with positive edge clock and positive level reset.
Creating register for signal `\regfile.\register[30]' using process `\regfile.$proc$/workspace/incremental-synthesis/benchmarks/riscv-eco-003-new/core/common/regfile.sv:35$93'.
  created $adff cell `$procdff$1919' with positive edge clock and positive level reset.
Creating register for signal `\regfile.\register[31]' using process `\regfile.$proc$/workspace/incremental-synthesis/benchmarks/riscv-eco-003-new/core/common/regfile.sv:35$93'.
  created $adff cell `$procdff$1922' with positive edge clock and positive level reset.
Creating register for signal `\regfile.$mem2reg_wr$\register$/workspace/incremental-synthesis/benchmarks/riscv-eco-003-new/core/common/regfile.sv:40$91_ADDR' using process `\regfile.$proc$/workspace/incremental-synthesis/benchmarks/riscv-eco-003-new/core/common/regfile.sv:35$93'.
  created $adff cell `$procdff$1925' with positive edge clock and positive level reset.
Creating register for signal `\regfile.$mem2reg_wr$\register$/workspace/incremental-synthesis/benchmarks/riscv-eco-003-new/core/common/regfile.sv:40$91_DATA' using process `\regfile.$proc$/workspace/incremental-synthesis/benchmarks/riscv-eco-003-new/core/common/regfile.sv:35$93'.
  created $adff cell `$procdff$1928' with positive edge clock and positive level reset.
Creating register for signal `\regfile.$mem2reg_wr$\register$/workspace/incremental-synthesis/benchmarks/riscv-eco-003-new/core/common/regfile.sv:41$92_ADDR' using process `\regfile.$proc$/workspace/incremental-synthesis/benchmarks/riscv-eco-003-new/core/common/regfile.sv:35$93'.
  created $adff cell `$procdff$1931' with positive edge clock and positive level reset.
Creating register for signal `\regfile.$mem2reg_wr$\register$/workspace/incremental-synthesis/benchmarks/riscv-eco-003-new/core/common/regfile.sv:41$92_DATA' using process `\regfile.$proc$/workspace/incremental-synthesis/benchmarks/riscv-eco-003-new/core/common/regfile.sv:35$93'.
  created $adff cell `$procdff$1934' with positive edge clock and positive level reset.
Creating register for signal `$paramod$e358a763f16798cd10903dfd37e7986c0fbbe40f\register.\value' using process `$paramod$e358a763f16798cd10903dfd37e7986c0fbbe40f\register.$proc$/workspace/incremental-synthesis/benchmarks/riscv-eco-003-new/core/common/register.sv:23$149'.
  created $adff cell `$procdff$1937' with positive edge clock and positive level reset.

24.10. Executing PROC_MEMWR pass (convert process memory writes to cells).

24.11. Executing PROC_CLEAN pass (remove empty switches from decision trees).
Found and cleaned up 1 empty switch in `\singlecycle_control.$proc$/workspace/incremental-synthesis/benchmarks/riscv-eco-003-new/core/singlecycle/singlecycle_control.sv:31$122'.
Removing empty process `singlecycle_control.$proc$/workspace/incremental-synthesis/benchmarks/riscv-eco-003-new/core/singlecycle/singlecycle_control.sv:31$122'.
Found and cleaned up 1 empty switch in `\singlecycle_control.$proc$/workspace/incremental-synthesis/benchmarks/riscv-eco-003-new/core/singlecycle/singlecycle_control.sv:23$120'.
Removing empty process `singlecycle_control.$proc$/workspace/incremental-synthesis/benchmarks/riscv-eco-003-new/core/singlecycle/singlecycle_control.sv:23$120'.
Removing empty process `regfile.$proc$/workspace/incremental-synthesis/benchmarks/riscv-eco-003-new/core/common/regfile.sv:27$117'.
Found and cleaned up 1 empty switch in `\regfile.$proc$/workspace/incremental-synthesis/benchmarks/riscv-eco-003-new/core/common/regfile.sv:33$114'.
Removing empty process `regfile.$proc$/workspace/incremental-synthesis/benchmarks/riscv-eco-003-new/core/common/regfile.sv:33$114'.
Found and cleaned up 1 empty switch in `\regfile.$proc$/workspace/incremental-synthesis/benchmarks/riscv-eco-003-new/core/common/regfile.sv:32$111'.
Removing empty process `regfile.$proc$/workspace/incremental-synthesis/benchmarks/riscv-eco-003-new/core/common/regfile.sv:32$111'.
Found and cleaned up 4 empty switches in `\regfile.$proc$/workspace/incremental-synthesis/benchmarks/riscv-eco-003-new/core/common/regfile.sv:35$93'.
Removing empty process `regfile.$proc$/workspace/incremental-synthesis/benchmarks/riscv-eco-003-new/core/common/regfile.sv:35$93'.
Removing empty process `$paramod$e358a763f16798cd10903dfd37e7986c0fbbe40f\register.$proc$/workspace/incremental-synthesis/benchmarks/riscv-eco-003-new/core/common/register.sv:21$150'.
Found and cleaned up 1 empty switch in `$paramod$e358a763f16798cd10903dfd37e7986c0fbbe40f\register.$proc$/workspace/incremental-synthesis/benchmarks/riscv-eco-003-new/core/common/register.sv:23$149'.
Removing empty process `$paramod$e358a763f16798cd10903dfd37e7986c0fbbe40f\register.$proc$/workspace/incremental-synthesis/benchmarks/riscv-eco-003-new/core/common/register.sv:23$149'.
Found and cleaned up 1 empty switch in `\immediate_generator.$proc$/workspace/incremental-synthesis/benchmarks/riscv-eco-003-new/core/common/immediate_generator.sv:22$80'.
Removing empty process `immediate_generator.$proc$/workspace/incremental-synthesis/benchmarks/riscv-eco-003-new/core/common/immediate_generator.sv:22$80'.
Removing empty process `$paramod$5ef3be0bfad1454aaa6432c4ab405bbd7cbab26b\multiplexer.$proc$/workspace/incremental-synthesis/benchmarks/riscv-eco-003-new/core/common/multiplexer.sv:24$148'.
Removing empty process `$paramod$5ef3be0bfad1454aaa6432c4ab405bbd7cbab26b\multiplexer.$proc$/workspace/incremental-synthesis/benchmarks/riscv-eco-003-new/core/common/multiplexer.sv:24$147'.
Removing empty process `$paramod$5ef3be0bfad1454aaa6432c4ab405bbd7cbab26b\multiplexer.$proc$/workspace/incremental-synthesis/benchmarks/riscv-eco-003-new/core/common/multiplexer.sv:24$146'.
Removing empty process `$paramod$5ef3be0bfad1454aaa6432c4ab405bbd7cbab26b\multiplexer.$proc$/workspace/incremental-synthesis/benchmarks/riscv-eco-003-new/core/common/multiplexer.sv:24$145'.
Removing empty process `$paramod$5ef3be0bfad1454aaa6432c4ab405bbd7cbab26b\multiplexer.$proc$/workspace/incremental-synthesis/benchmarks/riscv-eco-003-new/core/common/multiplexer.sv:24$144'.
Removing empty process `$paramod$5ef3be0bfad1454aaa6432c4ab405bbd7cbab26b\multiplexer.$proc$/workspace/incremental-synthesis/benchmarks/riscv-eco-003-new/core/common/multiplexer.sv:24$143'.
Removing empty process `$paramod$5ef3be0bfad1454aaa6432c4ab405bbd7cbab26b\multiplexer.$proc$/workspace/incremental-synthesis/benchmarks/riscv-eco-003-new/core/common/multiplexer.sv:24$142'.
Removing empty process `$paramod$5ef3be0bfad1454aaa6432c4ab405bbd7cbab26b\multiplexer.$proc$/workspace/incremental-synthesis/benchmarks/riscv-eco-003-new/core/common/multiplexer.sv:24$141'.
Found and cleaned up 1 empty switch in `$paramod$5ef3be0bfad1454aaa6432c4ab405bbd7cbab26b\multiplexer.$proc$/workspace/incremental-synthesis/benchmarks/riscv-eco-003-new/core/common/multiplexer.sv:21$138'.
Removing empty process `$paramod$5ef3be0bfad1454aaa6432c4ab405bbd7cbab26b\multiplexer.$proc$/workspace/incremental-synthesis/benchmarks/riscv-eco-003-new/core/common/multiplexer.sv:21$138'.
Removing empty process `$paramod$99da07bf27abaac915a8c95d36d6f2808394e702\multiplexer.$proc$/workspace/incremental-synthesis/benchmarks/riscv-eco-003-new/core/common/multiplexer.sv:24$136'.
Removing empty process `$paramod$99da07bf27abaac915a8c95d36d6f2808394e702\multiplexer.$proc$/workspace/incremental-synthesis/benchmarks/riscv-eco-003-new/core/common/multiplexer.sv:24$135'.
Removing empty process `$paramod$99da07bf27abaac915a8c95d36d6f2808394e702\multiplexer.$proc$/workspace/incremental-synthesis/benchmarks/riscv-eco-003-new/core/common/multiplexer.sv:24$134'.
Removing empty process `$paramod$99da07bf27abaac915a8c95d36d6f2808394e702\multiplexer.$proc$/workspace/incremental-synthesis/benchmarks/riscv-eco-003-new/core/common/multiplexer.sv:24$133'.
Found and cleaned up 1 empty switch in `$paramod$99da07bf27abaac915a8c95d36d6f2808394e702\multiplexer.$proc$/workspace/incremental-synthesis/benchmarks/riscv-eco-003-new/core/common/multiplexer.sv:21$130'.
Removing empty process `$paramod$99da07bf27abaac915a8c95d36d6f2808394e702\multiplexer.$proc$/workspace/incremental-synthesis/benchmarks/riscv-eco-003-new/core/common/multiplexer.sv:21$130'.
Removing empty process `$paramod$6a3d32cf08b5e9a4d56891e3d8781ccd4215c4af\multiplexer.$proc$/workspace/incremental-synthesis/benchmarks/riscv-eco-003-new/core/common/multiplexer.sv:24$128'.
Removing empty process `$paramod$6a3d32cf08b5e9a4d56891e3d8781ccd4215c4af\multiplexer.$proc$/workspace/incremental-synthesis/benchmarks/riscv-eco-003-new/core/common/multiplexer.sv:24$127'.
Found and cleaned up 1 empty switch in `$paramod$6a3d32cf08b5e9a4d56891e3d8781ccd4215c4af\multiplexer.$proc$/workspace/incremental-synthesis/benchmarks/riscv-eco-003-new/core/common/multiplexer.sv:21$124'.
Removing empty process `$paramod$6a3d32cf08b5e9a4d56891e3d8781ccd4215c4af\multiplexer.$proc$/workspace/incremental-synthesis/benchmarks/riscv-eco-003-new/core/common/multiplexer.sv:21$124'.
Found and cleaned up 1 empty switch in `\data_memory_interface.$proc$/workspace/incremental-synthesis/benchmarks/riscv-eco-003-new/core/common/data_memory_interface.sv:51$54'.
Removing empty process `data_memory_interface.$proc$/workspace/incremental-synthesis/benchmarks/riscv-eco-003-new/core/common/data_memory_interface.sv:51$54'.
Removing empty process `data_memory_interface.$proc$/workspace/incremental-synthesis/benchmarks/riscv-eco-003-new/core/common/data_memory_interface.sv:46$51'.
Found and cleaned up 1 empty switch in `\data_memory_interface.$proc$/workspace/incremental-synthesis/benchmarks/riscv-eco-003-new/core/common/data_memory_interface.sv:35$47'.
Removing empty process `data_memory_interface.$proc$/workspace/incremental-synthesis/benchmarks/riscv-eco-003-new/core/common/data_memory_interface.sv:35$47'.
Found and cleaned up 1 empty switch in `\control_transfer.$proc$/workspace/incremental-synthesis/benchmarks/riscv-eco-003-new/core/common/control_transfer.sv:15$41'.
Removing empty process `control_transfer.$proc$/workspace/incremental-synthesis/benchmarks/riscv-eco-003-new/core/common/control_transfer.sv:15$41'.
Found and cleaned up 1 empty switch in `\alu_control.$proc$/workspace/incremental-synthesis/benchmarks/riscv-eco-003-new/core/common/alu_control.sv:79$40'.
Removing empty process `alu_control.$proc$/workspace/incremental-synthesis/benchmarks/riscv-eco-003-new/core/common/alu_control.sv:79$40'.
Found and cleaned up 1 empty switch in `\alu_control.$proc$/workspace/incremental-synthesis/benchmarks/riscv-eco-003-new/core/common/alu_control.sv:67$39'.
Removing empty process `alu_control.$proc$/workspace/incremental-synthesis/benchmarks/riscv-eco-003-new/core/common/alu_control.sv:67$39'.
Found and cleaned up 1 empty switch in `\alu_control.$proc$/workspace/incremental-synthesis/benchmarks/riscv-eco-003-new/core/common/alu_control.sv:60$38'.
Removing empty process `alu_control.$proc$/workspace/incremental-synthesis/benchmarks/riscv-eco-003-new/core/common/alu_control.sv:60$38'.
Found and cleaned up 1 empty switch in `\alu_control.$proc$/workspace/incremental-synthesis/benchmarks/riscv-eco-003-new/core/common/alu_control.sv:47$37'.
Removing empty process `alu_control.$proc$/workspace/incremental-synthesis/benchmarks/riscv-eco-003-new/core/common/alu_control.sv:47$37'.
Found and cleaned up 1 empty switch in `\alu_control.$proc$/workspace/incremental-synthesis/benchmarks/riscv-eco-003-new/core/common/alu_control.sv:42$34'.
Removing empty process `alu_control.$proc$/workspace/incremental-synthesis/benchmarks/riscv-eco-003-new/core/common/alu_control.sv:42$34'.
Found and cleaned up 2 empty switches in `\alu_control.$proc$/workspace/incremental-synthesis/benchmarks/riscv-eco-003-new/core/common/alu_control.sv:35$33'.
Removing empty process `alu_control.$proc$/workspace/incremental-synthesis/benchmarks/riscv-eco-003-new/core/common/alu_control.sv:35$33'.
Found and cleaned up 1 empty switch in `\alu_control.$proc$/workspace/incremental-synthesis/benchmarks/riscv-eco-003-new/core/common/alu_control.sv:25$32'.
Removing empty process `alu_control.$proc$/workspace/incremental-synthesis/benchmarks/riscv-eco-003-new/core/common/alu_control.sv:25$32'.
Removing empty process `alu.$proc$/workspace/incremental-synthesis/benchmarks/riscv-eco-003-new/core/common/alu.sv:75$28'.
Found and cleaned up 7 empty switches in `\alu.$proc$/workspace/incremental-synthesis/benchmarks/riscv-eco-003-new/core/common/alu.sv:25$3'.
Removing empty process `alu.$proc$/workspace/incremental-synthesis/benchmarks/riscv-eco-003-new/core/common/alu.sv:25$3'.
Cleaned up 31 empty switches.

24.12. Executing OPT_EXPR pass (perform const folding).
Optimizing module singlecycle_ctlpath.
Optimizing module singlecycle_control.
Optimizing module riscv_core.
Optimizing module $paramod\adder\WIDTH=s32'00000000000000000000000000100000.
Optimizing module regfile.
<suppressed ~42 debug messages>
Optimizing module $paramod\multiplexer4\WIDTH=s32'00000000000000000000000000100000.
Optimizing module $paramod\multiplexer2\WIDTH=s32'00000000000000000000000000100000.
Optimizing module $paramod\multiplexer8\WIDTH=s32'00000000000000000000000000100000.
Optimizing module $paramod$e358a763f16798cd10903dfd37e7986c0fbbe40f\register.
<suppressed ~1 debug messages>
Optimizing module instruction_decoder.
Optimizing module immediate_generator.
Optimizing module $paramod$5ef3be0bfad1454aaa6432c4ab405bbd7cbab26b\multiplexer.
<suppressed ~1 debug messages>
Optimizing module $paramod$99da07bf27abaac915a8c95d36d6f2808394e702\multiplexer.
<suppressed ~1 debug messages>
Optimizing module $paramod$6a3d32cf08b5e9a4d56891e3d8781ccd4215c4af\multiplexer.
<suppressed ~1 debug messages>
Optimizing module data_memory_interface.
<suppressed ~2 debug messages>
Optimizing module control_transfer.
<suppressed ~1 debug messages>
Optimizing module alu_control.
<suppressed ~3 debug messages>
Optimizing module alu.
<suppressed ~5 debug messages>
Optimizing module singlecycle_datapath.

25. Executing OPT_CLEAN pass (remove unused cells and wires).
Finding unused cells or wires in module \singlecycle_ctlpath..
Finding unused cells or wires in module \singlecycle_control..
Finding unused cells or wires in module \riscv_core..
Finding unused cells or wires in module $paramod\adder\WIDTH=s32'00000000000000000000000000100000..
Finding unused cells or wires in module \regfile..
Finding unused cells or wires in module $paramod\multiplexer4\WIDTH=s32'00000000000000000000000000100000..
Finding unused cells or wires in module $paramod\multiplexer2\WIDTH=s32'00000000000000000000000000100000..
Finding unused cells or wires in module $paramod\multiplexer8\WIDTH=s32'00000000000000000000000000100000..
Finding unused cells or wires in module $paramod$e358a763f16798cd10903dfd37e7986c0fbbe40f\register..
Finding unused cells or wires in module \instruction_decoder..
Finding unused cells or wires in module \immediate_generator..
Finding unused cells or wires in module $paramod$5ef3be0bfad1454aaa6432c4ab405bbd7cbab26b\multiplexer..
Finding unused cells or wires in module $paramod$99da07bf27abaac915a8c95d36d6f2808394e702\multiplexer..
Finding unused cells or wires in module $paramod$6a3d32cf08b5e9a4d56891e3d8781ccd4215c4af\multiplexer..
Finding unused cells or wires in module \data_memory_interface..
Finding unused cells or wires in module \control_transfer..
Finding unused cells or wires in module \alu_control..
Finding unused cells or wires in module \alu..
Finding unused cells or wires in module \singlecycle_datapath..
Removed 17 unused cells and 350 unused wires.
<suppressed ~30 debug messages>

26. Executing CHECK pass (checking for obvious problems).
Checking module singlecycle_ctlpath...
Checking module singlecycle_control...
Checking module riscv_core...
Checking module $paramod\adder\WIDTH=s32'00000000000000000000000000100000...
Checking module regfile...
Checking module $paramod\multiplexer4\WIDTH=s32'00000000000000000000000000100000...
Checking module $paramod\multiplexer2\WIDTH=s32'00000000000000000000000000100000...
Checking module $paramod\multiplexer8\WIDTH=s32'00000000000000000000000000100000...
Checking module $paramod$e358a763f16798cd10903dfd37e7986c0fbbe40f\register...
Checking module instruction_decoder...
Checking module immediate_generator...
Checking module $paramod$5ef3be0bfad1454aaa6432c4ab405bbd7cbab26b\multiplexer...
Checking module $paramod$99da07bf27abaac915a8c95d36d6f2808394e702\multiplexer...
Checking module $paramod$6a3d32cf08b5e9a4d56891e3d8781ccd4215c4af\multiplexer...
Checking module data_memory_interface...
Checking module control_transfer...
Checking module alu_control...
Checking module alu...
Checking module singlecycle_datapath...
Found and reported 0 problems.

27. Executing JSON backend.

28. Executing RTLIL backend.
Output filename: /workspace/incremental-synthesis/results/partition-incremental/eco-003/area-analysis/liberty-area/full-generic/frontend.rtlil

29. Executing FLATTEN pass (flatten design).
Deleting now unused module $paramod$5ef3be0bfad1454aaa6432c4ab405bbd7cbab26b\multiplexer.
Deleting now unused module $paramod$6a3d32cf08b5e9a4d56891e3d8781ccd4215c4af\multiplexer.
Deleting now unused module $paramod$99da07bf27abaac915a8c95d36d6f2808394e702\multiplexer.
Deleting now unused module $paramod$e358a763f16798cd10903dfd37e7986c0fbbe40f\register.
Deleting now unused module $paramod\adder\WIDTH=s32'00000000000000000000000000100000.
Deleting now unused module $paramod\multiplexer2\WIDTH=s32'00000000000000000000000000100000.
Deleting now unused module $paramod\multiplexer4\WIDTH=s32'00000000000000000000000000100000.
Deleting now unused module $paramod\multiplexer8\WIDTH=s32'00000000000000000000000000100000.
Deleting now unused module alu.
Deleting now unused module alu_control.
Deleting now unused module control_transfer.
Deleting now unused module data_memory_interface.
Deleting now unused module immediate_generator.
Deleting now unused module instruction_decoder.
Deleting now unused module regfile.
Deleting now unused module singlecycle_control.
Deleting now unused module singlecycle_ctlpath.
Deleting now unused module singlecycle_datapath.
<suppressed ~20 debug messages>

30. Executing OPT_CLEAN pass (remove unused cells and wires).
Finding unused cells or wires in module \riscv_core..

31. Executing CHECK pass (checking for obvious problems).
Checking module riscv_core...
Found and reported 0 problems.

32. Executing JSON backend.

33. Executing RTLIL backend.
Output filename: /workspace/incremental-synthesis/results/partition-incremental/eco-003/area-analysis/liberty-area/full-generic/flattened.rtlil

34. Executing SYNTH pass.

34.1. Executing HIERARCHY pass (managing design hierarchy).

34.1.1. Analyzing design hierarchy..
Top module:  \riscv_core

34.1.2. Analyzing design hierarchy..
Top module:  \riscv_core
Removed 0 unused modules.

34.2. Executing PROC pass (convert processes to netlists).

34.2.1. Executing PROC_CLEAN pass (remove empty switches from decision trees).
Cleaned up 0 empty switches.

34.2.2. Executing PROC_RMDEAD pass (remove dead branches from decision trees).
Removed a total of 0 dead cases.

34.2.3. Executing PROC_PRUNE pass (remove redundant assignments in processes).
Removed 0 redundant assignments.
Promoted 0 assignments to connections.

34.2.4. Executing PROC_INIT pass (extract init attributes).

34.2.5. Executing PROC_ARST pass (detect async resets in processes).

34.2.6. Executing PROC_ROM pass (convert switches to ROMs).
Converted 0 switches.

34.2.7. Executing PROC_MUX pass (convert decision trees to multiplexers).

34.2.8. Executing PROC_DLATCH pass (convert process syncs to latches).

34.2.9. Executing PROC_DFF pass (convert process syncs to FFs).

34.2.10. Executing PROC_MEMWR pass (convert process memory writes to cells).

34.2.11. Executing PROC_CLEAN pass (remove empty switches from decision trees).
Cleaned up 0 empty switches.

34.2.12. Executing OPT_EXPR pass (perform const folding).
Optimizing module riscv_core.

34.3. Executing OPT_EXPR pass (perform const folding).
Optimizing module riscv_core.
<suppressed ~4 debug messages>

34.4. Executing OPT_CLEAN pass (remove unused cells and wires).
Finding unused cells or wires in module \riscv_core..
Removed 0 unused cells and 2 unused wires.
<suppressed ~1 debug messages>

34.5. Executing CHECK pass (checking for obvious problems).
Checking module riscv_core...
Found and reported 0 problems.

34.6. Executing OPT pass (performing simple optimizations).

34.6.1. Executing OPT_EXPR pass (perform const folding).
Optimizing module riscv_core.

34.6.2. Executing OPT_MERGE pass (detect identical cells).
Finding identical cells in module `\riscv_core'.
Computing hashes of 540 cells of `\riscv_core'.
Finding duplicate cells in `\riscv_core'.
Computing hashes of 400 cells of `\riscv_core'.
Finding duplicate cells in `\riscv_core'.
Computing hashes of 399 cells of `\riscv_core'.
Finding duplicate cells in `\riscv_core'.
<suppressed ~423 debug messages>
Removed a total of 141 cells.

34.6.3. Executing OPT_MUXTREE pass (detect dead branches in mux trees).
Running muxtree optimizer on module \riscv_core..
  Creating internal representation of mux trees.
  Evaluating internal representation of mux trees.
  Analyzing evaluation results.
    dead port 2/2 on $mux $flatten\singlecycle_datapath.\alu.$procmux$1756.
    dead port 1/2 on $mux $flatten\singlecycle_datapath.\alu.$procmux$1764.
    dead port 2/2 on $mux $flatten\singlecycle_datapath.\alu.$procmux$1766.
    dead port 2/2 on $mux $flatten\singlecycle_datapath.\alu.$procmux$1773.
    dead port 2/2 on $mux $flatten\singlecycle_datapath.\alu.$procmux$1781.
    dead port 1/2 on $mux $flatten\singlecycle_datapath.\alu.$procmux$1791.
    dead port 2/2 on $mux $flatten\singlecycle_datapath.\alu.$procmux$1793.
    dead port 2/2 on $mux $flatten\singlecycle_datapath.\alu.$procmux$1802.
    dead port 1/2 on $mux $flatten\singlecycle_ctlpath.\alu_control.$procmux$1740.
Removed 9 multiplexer ports.
<suppressed ~289 debug messages>

34.6.4. Executing OPT_REDUCE pass (consolidate $*mux and $reduce_* inputs).
  Optimizing cells in module \riscv_core.
    New ctrl vector for $pmux cell $flatten\singlecycle_ctlpath.\singlecycle_control.$procmux$185: { $auto$opt_reduce.cc:137:opt_pmux$1941 $flatten\immediate_generator.$procmux$1681_CMP $auto$opt_reduce.cc:137:opt_pmux$1939 $flatten\singlecycle_ctlpath.\singlecycle_control.$procmux$166_CMP $flatten\immediate_generator.$procmux$1683_CMP [2] }
    New ctrl vector for $pmux cell $flatten\singlecycle_ctlpath.\alu_control.$procmux$1721: { $auto$opt_reduce.cc:137:opt_pmux$1947 $auto$opt_reduce.cc:137:opt_pmux$1945 $auto$opt_reduce.cc:137:opt_pmux$1943 }
    New ctrl vector for $pmux cell $flatten\singlecycle_ctlpath.\singlecycle_control.$procmux$197: { $auto$opt_reduce.cc:137:opt_pmux$1951 $auto$opt_reduce.cc:137:opt_pmux$1949 }
    New ctrl vector for $pmux cell $flatten\singlecycle_ctlpath.\singlecycle_control.$procmux$245: $auto$opt_reduce.cc:137:opt_pmux$1953
    New ctrl vector for $pmux cell $flatten\singlecycle_datapath.\alu.$procmux$1805: { $flatten\singlecycle_datapath.\alu.$procmux$1757_CMP $flatten\singlecycle_datapath.\alu.$procmux$1767_CMP $flatten\singlecycle_datapath.\alu.$procmux$1782_CMP $flatten\singlecycle_datapath.\alu.$procmux$1794_CMP $auto$opt_reduce.cc:137:opt_pmux$1955 $flatten\singlecycle_datapath.\alu.$procmux$1812_CMP $flatten\singlecycle_datapath.\alu.$procmux$1813_CMP $flatten\singlecycle_datapath.\alu.$procmux$1814_CMP $flatten\singlecycle_datapath.\alu.$procmux$1815_CMP $flatten\singlecycle_datapath.\alu.$procmux$1816_CMP $flatten\singlecycle_datapath.\alu.$procmux$1817_CMP $flatten\singlecycle_datapath.\alu.$procmux$1818_CMP $flatten\singlecycle_datapath.\alu.$procmux$1819_CMP $flatten\singlecycle_datapath.\alu.$procmux$1820_CMP $flatten\singlecycle_datapath.\alu.$procmux$1821_CMP $flatten\singlecycle_datapath.\alu.$procmux$1822_CMP $flatten\singlecycle_datapath.\alu.$procmux$1823_CMP }
    New ctrl vector for $pmux cell $flatten\singlecycle_datapath.\mux_reg_writeback.\multiplexer.$procmux$1684: { $auto$opt_reduce.cc:137:opt_pmux$1957 $flatten\singlecycle_datapath.\mux_reg_writeback.\multiplexer.$procmux$1689_CMP $flatten\singlecycle_datapath.\mux_reg_writeback.\multiplexer.$procmux$1690_CMP $flatten\singlecycle_datapath.\mux_reg_writeback.\multiplexer.$procmux$1691_CMP $flatten\singlecycle_datapath.\mux_reg_writeback.\multiplexer.$procmux$1692_CMP }
    New ctrl vector for $pmux cell $flatten\singlecycle_ctlpath.\singlecycle_control.$procmux$209: { $auto$opt_reduce.cc:137:opt_pmux$1961 $auto$opt_reduce.cc:137:opt_pmux$1959 }
    New ctrl vector for $pmux cell $flatten\singlecycle_ctlpath.\control_transfer.$procmux$1712: { $auto$opt_reduce.cc:137:opt_pmux$1965 $auto$opt_reduce.cc:137:opt_pmux$1963 }
    New ctrl vector for $pmux cell $flatten\singlecycle_ctlpath.\singlecycle_control.$procmux$221: { $auto$opt_reduce.cc:137:opt_pmux$1969 $auto$opt_reduce.cc:137:opt_pmux$1967 }
    New ctrl vector for $pmux cell $flatten\singlecycle_ctlpath.\singlecycle_control.$procmux$161: { $auto$opt_reduce.cc:137:opt_pmux$1973 $auto$opt_reduce.cc:137:opt_pmux$1971 $flatten\immediate_generator.$procmux$1680_CMP [1] $flatten\immediate_generator.$procmux$1683_CMP [0] }
    New ctrl vector for $pmux cell $flatten\singlecycle_ctlpath.\singlecycle_control.$procmux$233: { $auto$opt_reduce.cc:137:opt_pmux$1975 $flatten\immediate_generator.$procmux$1682_CMP [1] }
    New ctrl vector for $pmux cell $flatten\singlecycle_ctlpath.\singlecycle_control.$procmux$173: { $auto$opt_reduce.cc:137:opt_pmux$1977 $flatten\immediate_generator.$procmux$1683_CMP [0] }
  Optimizing cells in module \riscv_core.
Performed a total of 12 changes.

34.6.5. Executing OPT_MERGE pass (detect identical cells).
Finding identical cells in module `\riscv_core'.
Computing hashes of 410 cells of `\riscv_core'.
Finding duplicate cells in `\riscv_core'.
Removed a total of 0 cells.

34.6.6. Executing OPT_DFF pass (perform DFF optimizations).

34.6.7. Executing OPT_CLEAN pass (remove unused cells and wires).
Finding unused cells or wires in module \riscv_core..
Removed 0 unused cells and 149 unused wires.
<suppressed ~1 debug messages>

34.6.8. Executing OPT_EXPR pass (perform const folding).
Optimizing module riscv_core.

34.6.9. Rerunning OPT passes. (Maybe there is more to do..)

34.6.10. Executing OPT_MUXTREE pass (detect dead branches in mux trees).
Running muxtree optimizer on module \riscv_core..
  Creating internal representation of mux trees.
  Evaluating internal representation of mux trees.
  Analyzing evaluation results.
Removed 0 multiplexer ports.
<suppressed ~280 debug messages>

34.6.11. Executing OPT_REDUCE pass (consolidate $*mux and $reduce_* inputs).
  Optimizing cells in module \riscv_core.
Performed a total of 0 changes.

34.6.12. Executing OPT_MERGE pass (detect identical cells).
Finding identical cells in module `\riscv_core'.
Computing hashes of 410 cells of `\riscv_core'.
Finding duplicate cells in `\riscv_core'.
Removed a total of 0 cells.

34.6.13. Executing OPT_DFF pass (perform DFF optimizations).

34.6.14. Executing OPT_CLEAN pass (remove unused cells and wires).
Finding unused cells or wires in module \riscv_core..

34.6.15. Executing OPT_EXPR pass (perform const folding).
Optimizing module riscv_core.

34.6.16. Finished fast OPT passes. (There is nothing left to do.)

34.7. Executing FSM pass (extract and optimize FSM).

34.7.1. Executing FSM_DETECT pass (finding FSMs in design).

34.7.2. Executing FSM_EXTRACT pass (extracting FSM from design).

34.7.3. Executing FSM_OPT pass (simple optimizations of FSMs).

34.7.4. Executing OPT_CLEAN pass (remove unused cells and wires).
Finding unused cells or wires in module \riscv_core..

34.7.5. Executing FSM_OPT pass (simple optimizations of FSMs).

34.7.6. Executing FSM_RECODE pass (re-assigning FSM state encoding).

34.7.7. Executing FSM_INFO pass (dumping all available information on FSM cells).

34.7.8. Executing FSM_MAP pass (mapping FSMs to basic logic).

34.8. Executing OPT pass (performing simple optimizations).

34.8.1. Executing OPT_EXPR pass (perform const folding).
Optimizing module riscv_core.

34.8.2. Executing OPT_MERGE pass (detect identical cells).
Finding identical cells in module `\riscv_core'.
Computing hashes of 410 cells of `\riscv_core'.
Finding duplicate cells in `\riscv_core'.
Removed a total of 0 cells.

34.8.3. Executing OPT_MUXTREE pass (detect dead branches in mux trees).
Running muxtree optimizer on module \riscv_core..
  Creating internal representation of mux trees.
  Evaluating internal representation of mux trees.
  Analyzing evaluation results.
Removed 0 multiplexer ports.
<suppressed ~280 debug messages>

34.8.4. Executing OPT_REDUCE pass (consolidate $*mux and $reduce_* inputs).
  Optimizing cells in module \riscv_core.
Performed a total of 0 changes.

34.8.5. Executing OPT_MERGE pass (detect identical cells).
Finding identical cells in module `\riscv_core'.
Computing hashes of 410 cells of `\riscv_core'.
Finding duplicate cells in `\riscv_core'.
Removed a total of 0 cells.

34.8.6. Executing OPT_DFF pass (perform DFF optimizations).
Adding EN signal on $flatten\singlecycle_datapath.\regfile.$procdff$1922 ($adff) from module riscv_core (D = $flatten\singlecycle_datapath.\regfile.$procmux$369_Y, Q = \singlecycle_datapath.regfile.register[31]).
Adding EN signal on $flatten\singlecycle_datapath.\regfile.$procdff$1919 ($adff) from module riscv_core (D = $flatten\singlecycle_datapath.\regfile.$procmux$381_Y, Q = \singlecycle_datapath.regfile.register[30]).
Adding EN signal on $flatten\singlecycle_datapath.\regfile.$procdff$1916 ($adff) from module riscv_core (D = $flatten\singlecycle_datapath.\regfile.$procmux$395_Y, Q = \singlecycle_datapath.regfile.register[29]).
Adding EN signal on $flatten\singlecycle_datapath.\regfile.$procdff$1913 ($adff) from module riscv_core (D = $flatten\singlecycle_datapath.\regfile.$procmux$411_Y, Q = \singlecycle_datapath.regfile.register[28]).
Adding EN signal on $flatten\singlecycle_datapath.\regfile.$procdff$1910 ($adff) from module riscv_core (D = $flatten\singlecycle_datapath.\regfile.$procmux$429_Y, Q = \singlecycle_datapath.regfile.register[27]).
Adding EN signal on $flatten\singlecycle_datapath.\regfile.$procdff$1907 ($adff) from module riscv_core (D = $flatten\singlecycle_datapath.\regfile.$procmux$449_Y, Q = \singlecycle_datapath.regfile.register[26]).
Adding EN signal on $flatten\singlecycle_datapath.\regfile.$procdff$1904 ($adff) from module riscv_core (D = $flatten\singlecycle_datapath.\regfile.$procmux$471_Y, Q = \singlecycle_datapath.regfile.register[25]).
Adding EN signal on $flatten\singlecycle_datapath.\regfile.$procdff$1901 ($adff) from module riscv_core (D = $flatten\singlecycle_datapath.\regfile.$procmux$495_Y, Q = \singlecycle_datapath.regfile.register[24]).
Adding EN signal on $flatten\singlecycle_datapath.\regfile.$procdff$1898 ($adff) from module riscv_core (D = $flatten\singlecycle_datapath.\regfile.$procmux$521_Y, Q = \singlecycle_datapath.regfile.register[23]).
Adding EN signal on $flatten\singlecycle_datapath.\regfile.$procdff$1895 ($adff) from module riscv_core (D = $flatten\singlecycle_datapath.\regfile.$procmux$549_Y, Q = \singlecycle_datapath.regfile.register[22]).
Adding EN signal on $flatten\singlecycle_datapath.\regfile.$procdff$1892 ($adff) from module riscv_core (D = $flatten\singlecycle_datapath.\regfile.$procmux$579_Y, Q = \singlecycle_datapath.regfile.register[21]).
Adding EN signal on $flatten\singlecycle_datapath.\regfile.$procdff$1889 ($adff) from module riscv_core (D = $flatten\singlecycle_datapath.\regfile.$procmux$611_Y, Q = \singlecycle_datapath.regfile.register[20]).
Adding EN signal on $flatten\singlecycle_datapath.\regfile.$procdff$1886 ($adff) from module riscv_core (D = $flatten\singlecycle_datapath.\regfile.$procmux$645_Y, Q = \singlecycle_datapath.regfile.register[19]).
Adding EN signal on $flatten\singlecycle_datapath.\regfile.$procdff$1883 ($adff) from module riscv_core (D = $flatten\singlecycle_datapath.\regfile.$procmux$681_Y, Q = \singlecycle_datapath.regfile.register[18]).
Adding EN signal on $flatten\singlecycle_datapath.\regfile.$procdff$1880 ($adff) from module riscv_core (D = $flatten\singlecycle_datapath.\regfile.$procmux$719_Y, Q = \singlecycle_datapath.regfile.register[17]).
Adding EN signal on $flatten\singlecycle_datapath.\regfile.$procdff$1877 ($adff) from module riscv_core (D = $flatten\singlecycle_datapath.\regfile.$procmux$759_Y, Q = \singlecycle_datapath.regfile.register[16]).
Adding EN signal on $flatten\singlecycle_datapath.\regfile.$procdff$1874 ($adff) from module riscv_core (D = $flatten\singlecycle_datapath.\regfile.$procmux$801_Y, Q = \singlecycle_datapath.regfile.register[15]).
Adding EN signal on $flatten\singlecycle_datapath.\regfile.$procdff$1871 ($adff) from module riscv_core (D = $flatten\singlecycle_datapath.\regfile.$procmux$845_Y, Q = \singlecycle_datapath.regfile.register[14]).
Adding EN signal on $flatten\singlecycle_datapath.\regfile.$procdff$1868 ($adff) from module riscv_core (D = $flatten\singlecycle_datapath.\regfile.$procmux$891_Y, Q = \singlecycle_datapath.regfile.register[13]).
Adding EN signal on $flatten\singlecycle_datapath.\regfile.$procdff$1865 ($adff) from module riscv_core (D = $flatten\singlecycle_datapath.\regfile.$procmux$939_Y, Q = \singlecycle_datapath.regfile.register[12]).
Adding EN signal on $flatten\singlecycle_datapath.\regfile.$procdff$1862 ($adff) from module riscv_core (D = $flatten\singlecycle_datapath.\regfile.$procmux$989_Y, Q = \singlecycle_datapath.regfile.register[11]).
Adding EN signal on $flatten\singlecycle_datapath.\regfile.$procdff$1859 ($adff) from module riscv_core (D = $flatten\singlecycle_datapath.\regfile.$procmux$1041_Y, Q = \singlecycle_datapath.regfile.register[10]).
Adding EN signal on $flatten\singlecycle_datapath.\regfile.$procdff$1856 ($adff) from module riscv_core (D = $flatten\singlecycle_datapath.\regfile.$procmux$1095_Y, Q = \singlecycle_datapath.regfile.register[9]).
Adding EN signal on $flatten\singlecycle_datapath.\regfile.$procdff$1853 ($adff) from module riscv_core (D = $flatten\singlecycle_datapath.\regfile.$procmux$1151_Y, Q = \singlecycle_datapath.regfile.register[8]).
Adding EN signal on $flatten\singlecycle_datapath.\regfile.$procdff$1850 ($adff) from module riscv_core (D = $flatten\singlecycle_datapath.\regfile.$procmux$1209_Y, Q = \singlecycle_datapath.regfile.register[7]).
Adding EN signal on $flatten\singlecycle_datapath.\regfile.$procdff$1847 ($adff) from module riscv_core (D = $flatten\singlecycle_datapath.\regfile.$procmux$1269_Y, Q = \singlecycle_datapath.regfile.register[6]).
Adding EN signal on $flatten\singlecycle_datapath.\regfile.$procdff$1844 ($adff) from module riscv_core (D = $flatten\singlecycle_datapath.\regfile.$procmux$1331_Y, Q = \singlecycle_datapath.regfile.register[5]).
Adding EN signal on $flatten\singlecycle_datapath.\regfile.$procdff$1841 ($adff) from module riscv_core (D = $flatten\singlecycle_datapath.\regfile.$procmux$1395_Y, Q = \singlecycle_datapath.regfile.register[4]).
Adding EN signal on $flatten\singlecycle_datapath.\regfile.$procdff$1838 ($adff) from module riscv_core (D = $flatten\singlecycle_datapath.\regfile.$procmux$1461_Y, Q = \singlecycle_datapath.regfile.register[3]).
Adding EN signal on $flatten\singlecycle_datapath.\regfile.$procdff$1835 ($adff) from module riscv_core (D = $flatten\singlecycle_datapath.\regfile.$procmux$1529_Y, Q = \singlecycle_datapath.regfile.register[2]).
Adding EN signal on $flatten\singlecycle_datapath.\regfile.$procdff$1832 ($adff) from module riscv_core (D = $flatten\singlecycle_datapath.\regfile.$procmux$1599_Y, Q = \singlecycle_datapath.regfile.register[1]).
Adding EN signal on $flatten\singlecycle_datapath.\regfile.$procdff$1829 ($adff) from module riscv_core (D = $flatten\singlecycle_datapath.\regfile.$procmux$1671_Y, Q = \singlecycle_datapath.regfile.register[0]).
Adding EN signal on $flatten\singlecycle_datapath.\program_counter.$procdff$1937 ($adff) from module riscv_core (D = \singlecycle_datapath.mux_next_pc_select.multiplexer.out, Q = \singlecycle_datapath.program_counter.value).

34.8.7. Executing OPT_CLEAN pass (remove unused cells and wires).
Finding unused cells or wires in module \riscv_core..
Removed 33 unused cells and 33 unused wires.
<suppressed ~34 debug messages>

34.8.8. Executing OPT_EXPR pass (perform const folding).
Optimizing module riscv_core.
<suppressed ~32 debug messages>

34.8.9. Rerunning OPT passes. (Maybe there is more to do..)

34.8.10. Executing OPT_MUXTREE pass (detect dead branches in mux trees).
Running muxtree optimizer on module \riscv_core..
  Creating internal representation of mux trees.
  Evaluating internal representation of mux trees.
  Analyzing evaluation results.
Removed 0 multiplexer ports.
<suppressed ~247 debug messages>

34.8.11. Executing OPT_REDUCE pass (consolidate $*mux and $reduce_* inputs).
  Optimizing cells in module \riscv_core.
Performed a total of 0 changes.

34.8.12. Executing OPT_MERGE pass (detect identical cells).
Finding identical cells in module `\riscv_core'.
Computing hashes of 409 cells of `\riscv_core'.
Finding duplicate cells in `\riscv_core'.
Removed a total of 0 cells.

34.8.13. Executing OPT_DFF pass (perform DFF optimizations).

34.8.14. Executing OPT_CLEAN pass (remove unused cells and wires).
Finding unused cells or wires in module \riscv_core..
Removed 0 unused cells and 32 unused wires.
<suppressed ~1 debug messages>

34.8.15. Executing OPT_EXPR pass (perform const folding).
Optimizing module riscv_core.

34.8.16. Rerunning OPT passes. (Maybe there is more to do..)

34.8.17. Executing OPT_MUXTREE pass (detect dead branches in mux trees).
Running muxtree optimizer on module \riscv_core..
  Creating internal representation of mux trees.
  Evaluating internal representation of mux trees.
  Analyzing evaluation results.
Removed 0 multiplexer ports.
<suppressed ~247 debug messages>

34.8.18. Executing OPT_REDUCE pass (consolidate $*mux and $reduce_* inputs).
  Optimizing cells in module \riscv_core.
Performed a total of 0 changes.

34.8.19. Executing OPT_MERGE pass (detect identical cells).
Finding identical cells in module `\riscv_core'.
Computing hashes of 409 cells of `\riscv_core'.
Finding duplicate cells in `\riscv_core'.
Removed a total of 0 cells.

34.8.20. Executing OPT_DFF pass (perform DFF optimizations).

34.8.21. Executing OPT_CLEAN pass (remove unused cells and wires).
Finding unused cells or wires in module \riscv_core..

34.8.22. Executing OPT_EXPR pass (perform const folding).
Optimizing module riscv_core.

34.8.23. Finished fast OPT passes. (There is nothing left to do.)

34.9. Executing WREDUCE pass (reducing word size of cells).
Removed top 29 address bits (of 32) from memory init port riscv_core.$flatten\singlecycle_ctlpath.\alu_control.$auto$mem.cc:351:emit$155 ($flatten\singlecycle_ctlpath.\alu_control.$auto$proc_rom.cc:155:do_switch$153).
Removed top 29 address bits (of 32) from memory init port riscv_core.$flatten\singlecycle_ctlpath.\alu_control.$auto$mem.cc:351:emit$159 ($flatten\singlecycle_ctlpath.\alu_control.$auto$proc_rom.cc:155:do_switch$157).
Removed top 4 bits (of 5) from port B of cell riscv_core.$flatten\singlecycle_datapath.\alu.$procmux$1823_CMP0 ($eq).
Removed top 3 bits (of 5) from port B of cell riscv_core.$flatten\singlecycle_datapath.\alu.$procmux$1822_CMP0 ($eq).
Removed top 3 bits (of 5) from port B of cell riscv_core.$flatten\singlecycle_datapath.\alu.$procmux$1821_CMP0 ($eq).
Removed top 2 bits (of 5) from port B of cell riscv_core.$flatten\singlecycle_datapath.\alu.$procmux$1820_CMP0 ($eq).
Removed top 2 bits (of 5) from port B of cell riscv_core.$flatten\singlecycle_datapath.\alu.$procmux$1819_CMP0 ($eq).
Removed top 2 bits (of 5) from port B of cell riscv_core.$flatten\singlecycle_datapath.\alu.$procmux$1818_CMP0 ($eq).
Removed top 2 bits (of 5) from port B of cell riscv_core.$flatten\singlecycle_datapath.\alu.$procmux$1817_CMP0 ($eq).
Removed top 1 bits (of 5) from port B of cell riscv_core.$flatten\singlecycle_datapath.\alu.$procmux$1816_CMP0 ($eq).
Removed top 1 bits (of 5) from port B of cell riscv_core.$flatten\singlecycle_datapath.\alu.$procmux$1815_CMP0 ($eq).
Removed top 1 bits (of 5) from port B of cell riscv_core.$flatten\singlecycle_datapath.\alu.$procmux$1814_CMP0 ($eq).
Removed top 1 bits (of 5) from port B of cell riscv_core.$flatten\singlecycle_datapath.\alu.$procmux$1813_CMP0 ($eq).
Removed top 1 bits (of 5) from port B of cell riscv_core.$flatten\singlecycle_datapath.\alu.$procmux$1812_CMP0 ($eq).
Removed top 1 bits (of 5) from port B of cell riscv_core.$flatten\singlecycle_datapath.\alu.$procmux$1811_CMP0 ($eq).
Removed top 1 bits (of 5) from port B of cell riscv_core.$flatten\singlecycle_datapath.\alu.$procmux$1810_CMP0 ($eq).
Removed top 1 bits (of 5) from port B of cell riscv_core.$flatten\singlecycle_datapath.\alu.$procmux$1794_CMP0 ($eq).
Removed top 32 bits (of 64) from port A of cell riscv_core.$flatten\singlecycle_datapath.\alu.$mul$/workspace/incremental-synthesis/benchmarks/riscv-eco-003-new/core/common/alu.sv:77$30 ($mul).
Removed top 32 bits (of 64) from port B of cell riscv_core.$flatten\singlecycle_datapath.\alu.$mul$/workspace/incremental-synthesis/benchmarks/riscv-eco-003-new/core/common/alu.sv:77$30 ($mul).
Removed top 31 bits (of 32) from port B of cell riscv_core.$flatten\singlecycle_datapath.\alu.$eq$/workspace/incremental-synthesis/benchmarks/riscv-eco-003-new/core/common/alu.sv:47$16 ($eq).
Removed top 1 bits (of 2) from port B of cell riscv_core.$flatten\singlecycle_datapath.\mux_next_pc_select.\multiplexer.$procmux$1696_CMP0 ($eq).
Removed top 1 bits (of 3) from port B of cell riscv_core.$flatten\singlecycle_datapath.\mux_reg_writeback.\multiplexer.$procmux$1689_CMP0 ($eq).
Removed top 1 bits (of 3) from port B of cell riscv_core.$flatten\singlecycle_datapath.\mux_reg_writeback.\multiplexer.$procmux$1690_CMP0 ($eq).
Removed top 2 bits (of 3) from port B of cell riscv_core.$flatten\singlecycle_datapath.\mux_reg_writeback.\multiplexer.$procmux$1691_CMP0 ($eq).
Removed top 1 bits (of 5) from port B of cell riscv_core.$flatten\singlecycle_datapath.\regfile.$procmux$965_CMP0 ($eq).
Removed top 1 bits (of 5) from port B of cell riscv_core.$flatten\singlecycle_datapath.\regfile.$procmux$916_CMP0 ($eq).
Removed top 1 bits (of 5) from port B of cell riscv_core.$flatten\singlecycle_datapath.\regfile.$procmux$869_CMP0 ($eq).
Removed top 1 bits (of 5) from port B of cell riscv_core.$flatten\singlecycle_datapath.\regfile.$procmux$824_CMP0 ($eq).
Removed top 1 bits (of 5) from port B of cell riscv_core.$flatten\singlecycle_datapath.\regfile.$procmux$781_CMP0 ($eq).
Removed top 4 bits (of 5) from port B of cell riscv_core.$flatten\singlecycle_datapath.\regfile.$procmux$325_CMP0 ($eq).
Removed top 3 bits (of 5) from port B of cell riscv_core.$flatten\singlecycle_datapath.\regfile.$procmux$324_CMP0 ($eq).
Removed top 3 bits (of 5) from port B of cell riscv_core.$flatten\singlecycle_datapath.\regfile.$procmux$323_CMP0 ($eq).
Removed top 2 bits (of 5) from port B of cell riscv_core.$flatten\singlecycle_datapath.\regfile.$procmux$322_CMP0 ($eq).
Removed top 2 bits (of 5) from port B of cell riscv_core.$flatten\singlecycle_datapath.\regfile.$procmux$321_CMP0 ($eq).
Removed top 2 bits (of 5) from port B of cell riscv_core.$flatten\singlecycle_datapath.\regfile.$procmux$320_CMP0 ($eq).
Removed top 2 bits (of 5) from port B of cell riscv_core.$flatten\singlecycle_datapath.\regfile.$procmux$319_CMP0 ($eq).
Removed top 1 bits (of 5) from port B of cell riscv_core.$flatten\singlecycle_datapath.\regfile.$procmux$318_CMP0 ($eq).
Removed top 1 bits (of 5) from port B of cell riscv_core.$flatten\singlecycle_datapath.\regfile.$procmux$317_CMP0 ($eq).
Removed top 1 bits (of 5) from port B of cell riscv_core.$flatten\singlecycle_datapath.\regfile.$procmux$316_CMP0 ($eq).
Removed top 1 bits (of 5) from port B of cell riscv_core.$flatten\singlecycle_datapath.\regfile.$procmux$315_CMP0 ($eq).
Removed top 1 bits (of 5) from port B of cell riscv_core.$flatten\singlecycle_datapath.\regfile.$procmux$314_CMP0 ($eq).
Removed top 1 bits (of 5) from port B of cell riscv_core.$flatten\singlecycle_datapath.\regfile.$procmux$313_CMP0 ($eq).
Removed top 1 bits (of 5) from port B of cell riscv_core.$flatten\singlecycle_datapath.\regfile.$procmux$312_CMP0 ($eq).
Removed top 1 bits (of 5) from port B of cell riscv_core.$flatten\singlecycle_datapath.\regfile.$procmux$311_CMP0 ($eq).
Removed top 4 bits (of 5) from port B of cell riscv_core.$flatten\singlecycle_datapath.\regfile.$procmux$292_CMP0 ($eq).
Removed top 3 bits (of 5) from port B of cell riscv_core.$flatten\singlecycle_datapath.\regfile.$procmux$291_CMP0 ($eq).
Removed top 3 bits (of 5) from port B of cell riscv_core.$flatten\singlecycle_datapath.\regfile.$procmux$290_CMP0 ($eq).
Removed top 2 bits (of 5) from port B of cell riscv_core.$flatten\singlecycle_datapath.\regfile.$procmux$289_CMP0 ($eq).
Removed top 2 bits (of 5) from port B of cell riscv_core.$flatten\singlecycle_datapath.\regfile.$procmux$288_CMP0 ($eq).
Removed top 2 bits (of 5) from port B of cell riscv_core.$flatten\singlecycle_datapath.\regfile.$procmux$287_CMP0 ($eq).
Removed top 2 bits (of 5) from port B of cell riscv_core.$flatten\singlecycle_datapath.\regfile.$procmux$286_CMP0 ($eq).
Removed top 1 bits (of 5) from port B of cell riscv_core.$flatten\singlecycle_datapath.\regfile.$procmux$285_CMP0 ($eq).
Removed top 1 bits (of 5) from port B of cell riscv_core.$flatten\singlecycle_datapath.\regfile.$procmux$284_CMP0 ($eq).
Removed top 1 bits (of 5) from port B of cell riscv_core.$flatten\singlecycle_datapath.\regfile.$procmux$283_CMP0 ($eq).
Removed top 1 bits (of 5) from port B of cell riscv_core.$flatten\singlecycle_datapath.\regfile.$procmux$282_CMP0 ($eq).
Removed top 1 bits (of 5) from port B of cell riscv_core.$flatten\singlecycle_datapath.\regfile.$procmux$281_CMP0 ($eq).
Removed top 1 bits (of 5) from port B of cell riscv_core.$flatten\singlecycle_datapath.\regfile.$procmux$280_CMP0 ($eq).
Removed top 1 bits (of 5) from port B of cell riscv_core.$flatten\singlecycle_datapath.\regfile.$procmux$279_CMP0 ($eq).
Removed top 1 bits (of 5) from port B of cell riscv_core.$flatten\singlecycle_datapath.\regfile.$procmux$278_CMP0 ($eq).
Removed top 4 bits (of 5) from port B of cell riscv_core.$flatten\singlecycle_datapath.\regfile.$procmux$1565_CMP0 ($eq).
Removed top 3 bits (of 5) from port B of cell riscv_core.$flatten\singlecycle_datapath.\regfile.$procmux$1496_CMP0 ($eq).
Removed top 3 bits (of 5) from port B of cell riscv_core.$flatten\singlecycle_datapath.\regfile.$procmux$1429_CMP0 ($eq).
Removed top 2 bits (of 5) from port B of cell riscv_core.$flatten\singlecycle_datapath.\regfile.$procmux$1364_CMP0 ($eq).
Removed top 2 bits (of 5) from port B of cell riscv_core.$flatten\singlecycle_datapath.\regfile.$procmux$1301_CMP0 ($eq).
Removed top 2 bits (of 5) from port B of cell riscv_core.$flatten\singlecycle_datapath.\regfile.$procmux$1240_CMP0 ($eq).
Removed top 2 bits (of 5) from port B of cell riscv_core.$flatten\singlecycle_datapath.\regfile.$procmux$1181_CMP0 ($eq).
Removed top 1 bits (of 5) from port B of cell riscv_core.$flatten\singlecycle_datapath.\regfile.$procmux$1124_CMP0 ($eq).
Removed top 1 bits (of 5) from port B of cell riscv_core.$flatten\singlecycle_datapath.\regfile.$procmux$1069_CMP0 ($eq).
Removed top 1 bits (of 5) from port B of cell riscv_core.$flatten\singlecycle_datapath.\regfile.$procmux$1016_CMP0 ($eq).
Removed top 29 bits (of 32) from port A of cell riscv_core.$flatten\singlecycle_datapath.\adder_pc_plus_4.$add$/workspace/incremental-synthesis/benchmarks/riscv-eco-003-new/core/common/adder.sv:17$151 ($add).
Removed top 2 bits (of 3) from port B of cell riscv_core.$flatten\singlecycle_ctlpath.\alu_control.$procmux$1750_CMP0 ($eq).
Removed top 1 bits (of 3) from port B of cell riscv_core.$flatten\singlecycle_ctlpath.\alu_control.$procmux$1749_CMP0 ($eq).
Removed top 1 bits (of 3) from port B of cell riscv_core.$flatten\singlecycle_ctlpath.\alu_control.$procmux$1748_CMP0 ($eq).
Removed top 2 bits (of 3) from port B of cell riscv_core.$flatten\singlecycle_ctlpath.\alu_control.$procmux$1726_CMP0 ($eq).
Removed top 3 bits (of 7) from port B of cell riscv_core.$flatten\singlecycle_ctlpath.\singlecycle_control.$procmux$170_CMP0 ($eq).
Removed top 1 bits (of 7) from port B of cell riscv_core.$flatten\singlecycle_ctlpath.\singlecycle_control.$procmux$166_CMP0 ($eq).
Removed top 1 bits (of 2) from mux cell riscv_core.$flatten\singlecycle_ctlpath.\singlecycle_control.$ternary$/workspace/incremental-synthesis/benchmarks/riscv-eco-003-new/core/singlecycle/singlecycle_control.sv:25$121 ($mux).
Removed top 2 bits (of 7) from port B of cell riscv_core.$flatten\immediate_generator.$procmux$1680_CMP0 ($eq).
Removed top 1 bits (of 7) from port B of cell riscv_core.$flatten\immediate_generator.$procmux$1680_CMP1 ($eq).
Removed top 1 bits (of 7) from port B of cell riscv_core.$flatten\immediate_generator.$procmux$1682_CMP0 ($eq).
Removed top 1 bits (of 7) from port B of cell riscv_core.$flatten\immediate_generator.$procmux$1682_CMP1 ($eq).
Removed top 5 bits (of 7) from port B of cell riscv_core.$flatten\immediate_generator.$procmux$1683_CMP0 ($eq).
Removed top 4 bits (of 7) from port B of cell riscv_core.$flatten\immediate_generator.$procmux$1683_CMP1 ($eq).
Removed top 2 bits (of 7) from port B of cell riscv_core.$flatten\immediate_generator.$procmux$1683_CMP2 ($eq).
Removed top 1 bits (of 2) from port B of cell riscv_core.$flatten\data_memory_interface.$procmux$1704_CMP0 ($eq).
Removed top 27 bits (of 32) from port B of cell riscv_core.$flatten\data_memory_interface.$shl$/workspace/incremental-synthesis/benchmarks/riscv-eco-003-new/core/common/data_memory_interface.sv:32$46 ($shl).
Removed top 3 bits (of 4) from port A of cell riscv_core.$flatten\data_memory_interface.$shl$/workspace/incremental-synthesis/benchmarks/riscv-eco-003-new/core/common/data_memory_interface.sv:38$48 ($shl).
Removed top 2 bits (of 4) from port A of cell riscv_core.$flatten\data_memory_interface.$shl$/workspace/incremental-synthesis/benchmarks/riscv-eco-003-new/core/common/data_memory_interface.sv:39$49 ($shl).
Removed top 27 bits (of 32) from port B of cell riscv_core.$flatten\data_memory_interface.$shr$/workspace/incremental-synthesis/benchmarks/riscv-eco-003-new/core/common/data_memory_interface.sv:47$53 ($shr).
Removed top 1 bits (of 2) from wire riscv_core.$flatten\singlecycle_ctlpath.\singlecycle_control.$ternary$/workspace/incremental-synthesis/benchmarks/riscv-eco-003-new/core/singlecycle/singlecycle_control.sv:25$121_Y.

34.10. Executing PEEPOPT pass (run peephole optimizers).

34.11. Executing OPT_CLEAN pass (remove unused cells and wires).
Finding unused cells or wires in module \riscv_core..
Removed 0 unused cells and 1 unused wires.
<suppressed ~1 debug messages>

34.12. Executing ALUMACC pass (create $alu and $macc cells).
Extracting $alu and $macc cells in module riscv_core:
  creating $macc model for $flatten\singlecycle_datapath.\adder_pc_plus_4.$add$/workspace/incremental-synthesis/benchmarks/riscv-eco-003-new/core/common/adder.sv:17$151 ($add).
  creating $macc model for $flatten\singlecycle_datapath.\adder_pc_plus_immediate.$add$/workspace/incremental-synthesis/benchmarks/riscv-eco-003-new/core/common/adder.sv:17$151 ($add).
  creating $macc model for $flatten\singlecycle_datapath.\alu.$add$/workspace/incremental-synthesis/benchmarks/riscv-eco-003-new/core/common/alu.sv:29$4 ($add).
  creating $macc model for $flatten\singlecycle_datapath.\alu.$mul$/workspace/incremental-synthesis/benchmarks/riscv-eco-003-new/core/common/alu.sv:76$29 ($mul).
  creating $macc model for $flatten\singlecycle_datapath.\alu.$mul$/workspace/incremental-synthesis/benchmarks/riscv-eco-003-new/core/common/alu.sv:77$30 ($mul).
  creating $macc model for $flatten\singlecycle_datapath.\alu.$sub$/workspace/incremental-synthesis/benchmarks/riscv-eco-003-new/core/common/alu.sv:30$5 ($sub).
  creating $alu model for $macc $flatten\singlecycle_datapath.\alu.$sub$/workspace/incremental-synthesis/benchmarks/riscv-eco-003-new/core/common/alu.sv:30$5.
  creating $alu model for $macc $flatten\singlecycle_datapath.\alu.$add$/workspace/incremental-synthesis/benchmarks/riscv-eco-003-new/core/common/alu.sv:29$4.
  creating $alu model for $macc $flatten\singlecycle_datapath.\adder_pc_plus_immediate.$add$/workspace/incremental-synthesis/benchmarks/riscv-eco-003-new/core/common/adder.sv:17$151.
  creating $alu model for $macc $flatten\singlecycle_datapath.\adder_pc_plus_4.$add$/workspace/incremental-synthesis/benchmarks/riscv-eco-003-new/core/common/adder.sv:17$151.
  creating $macc cell for $flatten\singlecycle_datapath.\alu.$mul$/workspace/incremental-synthesis/benchmarks/riscv-eco-003-new/core/common/alu.sv:77$30: $auto$alumacc.cc:382:replace_macc$2140
  creating $macc cell for $flatten\singlecycle_datapath.\alu.$mul$/workspace/incremental-synthesis/benchmarks/riscv-eco-003-new/core/common/alu.sv:76$29: $auto$alumacc.cc:382:replace_macc$2141
  creating $alu model for $flatten\singlecycle_datapath.\alu.$lt$/workspace/incremental-synthesis/benchmarks/riscv-eco-003-new/core/common/alu.sv:34$9 ($lt): merged with $flatten\singlecycle_datapath.\alu.$sub$/workspace/incremental-synthesis/benchmarks/riscv-eco-003-new/core/common/alu.sv:30$5.
  creating $alu model for $flatten\singlecycle_datapath.\alu.$lt$/workspace/incremental-synthesis/benchmarks/riscv-eco-003-new/core/common/alu.sv:35$10 ($lt): merged with $flatten\singlecycle_datapath.\alu.$sub$/workspace/incremental-synthesis/benchmarks/riscv-eco-003-new/core/common/alu.sv:30$5.
  creating $alu cell for $flatten\singlecycle_datapath.\adder_pc_plus_4.$add$/workspace/incremental-synthesis/benchmarks/riscv-eco-003-new/core/common/adder.sv:17$151: $auto$alumacc.cc:512:replace_alu$2142
  creating $alu cell for $flatten\singlecycle_datapath.\adder_pc_plus_immediate.$add$/workspace/incremental-synthesis/benchmarks/riscv-eco-003-new/core/common/adder.sv:17$151: $auto$alumacc.cc:512:replace_alu$2145
  creating $alu cell for $flatten\singlecycle_datapath.\alu.$add$/workspace/incremental-synthesis/benchmarks/riscv-eco-003-new/core/common/alu.sv:29$4: $auto$alumacc.cc:512:replace_alu$2148
  creating $alu cell for $flatten\singlecycle_datapath.\alu.$sub$/workspace/incremental-synthesis/benchmarks/riscv-eco-003-new/core/common/alu.sv:30$5, $flatten\singlecycle_datapath.\alu.$lt$/workspace/incremental-synthesis/benchmarks/riscv-eco-003-new/core/common/alu.sv:34$9, $flatten\singlecycle_datapath.\alu.$lt$/workspace/incremental-synthesis/benchmarks/riscv-eco-003-new/core/common/alu.sv:35$10: $auto$alumacc.cc:512:replace_alu$2151
  created 4 $alu and 2 $macc cells.

34.13. Executing SHARE pass (SAT-based resource sharing).
Found 10 cells in module riscv_core that may be considered for resource sharing.
  Analyzing resource sharing options for $flatten\data_memory_interface.$shr$/workspace/incremental-synthesis/benchmarks/riscv-eco-003-new/core/common/data_memory_interface.sv:47$53 ($shr):
    Found 96 activation_patterns using ctrl signal { $flatten\data_memory_interface.$procmux$1705_CMP $flatten\data_memory_interface.$procmux$1704_CMP $flatten\data_memory_interface.$procmux$1703_CMP $flatten\singlecycle_datapath.\regfile.$ne$/workspace/incremental-synthesis/benchmarks/riscv-eco-003-new/core/common/regfile.sv:40$106_Y $flatten\singlecycle_datapath.\mux_reg_writeback.\multiplexer.$procmux$1691_CMP $auto$opt_dff.cc:319:make_patterns_logic$1979 $auto$opt_dff.cc:319:make_patterns_logic$1984 $auto$opt_dff.cc:319:make_patterns_logic$1989 $auto$opt_dff.cc:319:make_patterns_logic$1994 $auto$opt_dff.cc:319:make_patterns_logic$1999 $auto$opt_dff.cc:319:make_patterns_logic$2004 $auto$opt_dff.cc:319:make_patterns_logic$2009 $auto$opt_dff.cc:319:make_patterns_logic$2014 $auto$opt_dff.cc:319:make_patterns_logic$2019 $auto$opt_dff.cc:319:make_patterns_logic$2024 $auto$opt_dff.cc:319:make_patterns_logic$2029 $auto$opt_dff.cc:319:make_patterns_logic$2034 $auto$opt_dff.cc:319:make_patterns_logic$2039 $auto$opt_dff.cc:319:make_patterns_logic$2044 $auto$opt_dff.cc:319:make_patterns_logic$2049 $auto$opt_dff.cc:319:make_patterns_logic$2054 $auto$opt_dff.cc:319:make_patterns_logic$2059 $auto$opt_dff.cc:319:make_patterns_logic$2064 $auto$opt_dff.cc:319:make_patterns_logic$2069 $auto$opt_dff.cc:319:make_patterns_logic$2074 $auto$opt_dff.cc:319:make_patterns_logic$2079 $auto$opt_dff.cc:319:make_patterns_logic$2084 $auto$opt_dff.cc:319:make_patterns_logic$2089 $auto$opt_dff.cc:319:make_patterns_logic$2094 $auto$opt_dff.cc:319:make_patterns_logic$2099 $auto$opt_dff.cc:319:make_patterns_logic$2104 $auto$opt_dff.cc:319:make_patterns_logic$2109 $auto$opt_dff.cc:319:make_patterns_logic$2114 $auto$opt_dff.cc:319:make_patterns_logic$2119 $auto$opt_dff.cc:319:make_patterns_logic$2124 $auto$opt_dff.cc:319:make_patterns_logic$2129 $auto$opt_dff.cc:319:make_patterns_logic$2134 }.
    Found 1 candidates: $flatten\singlecycle_datapath.\alu.$shr$/workspace/incremental-synthesis/benchmarks/riscv-eco-003-new/core/common/alu.sv:32$7
    Analyzing resource sharing with $flatten\singlecycle_datapath.\alu.$shr$/workspace/incremental-synthesis/benchmarks/riscv-eco-003-new/core/common/alu.sv:32$7 ($shr):
      Found 1 activation_patterns using ctrl signal $flatten\singlecycle_datapath.\alu.$procmux$1820_CMP.
      Forbidden control signals for this pair of cells: { \singlecycle_ctlpath.control_transfer.take_branch $flatten\singlecycle_datapath.\mux_next_pc_select.\multiplexer.$procmux$1697_CMP $flatten\singlecycle_datapath.\mux_next_pc_select.\multiplexer.$procmux$1696_CMP $flatten\singlecycle_datapath.\mux_next_pc_select.\multiplexer.$procmux$1695_CMP $flatten\singlecycle_datapath.\mux_next_pc_select.\multiplexer.$procmux$1694_CMP }
      Activation pattern for cell $flatten\data_memory_interface.$shr$/workspace/incremental-synthesis/benchmarks/riscv-eco-003-new/core/common/data_memory_interface.sv:47$53: { $flatten\data_memory_interface.$procmux$1703_CMP $flatten\singlecycle_datapath.\regfile.$ne$/workspace/incremental-synthesis/benchmarks/riscv-eco-003-new/core/common/regfile.sv:40$106_Y $flatten\singlecycle_datapath.\mux_reg_writeback.\multiplexer.$procmux$1691_CMP $auto$opt_dff.cc:319:make_patterns_logic$2084 } = 4'1111
      Activation pattern for cell $flatten\data_memory_interface.$shr$/workspace/incremental-synthesis/benchmarks/riscv-eco-003-new/core/common/data_memory_interface.sv:47$53: { $flatten\data_memory_interface.$procmux$1703_CMP $flatten\singlecycle_datapath.\regfile.$ne$/workspace/incremental-synthesis/benchmarks/riscv-eco-003-new/core/common/regfile.sv:40$106_Y $flatten\singlecycle_datapath.\mux_reg_writeback.\multiplexer.$procmux$1691_CMP $auto$opt_dff.cc:319:make_patterns_logic$2089 } = 4'1111
      Activation pattern for cell $flatten\data_memory_interface.$shr$/workspace/incremental-synthesis/benchmarks/riscv-eco-003-new/core/common/data_memory_interface.sv:47$53: { $flatten\data_memory_interface.$procmux$1703_CMP $flatten\singlecycle_datapath.\regfile.$ne$/workspace/incremental-synthesis/benchmarks/riscv-eco-003-new/core/common/regfile.sv:40$106_Y $flatten\singlecycle_datapath.\mux_reg_writeback.\multiplexer.$procmux$1691_CMP $auto$opt_dff.cc:319:make_patterns_logic$2094 } = 4'1111
      Activation pattern for cell $flatten\data_memory_interface.$shr$/workspace/incremental-synthesis/benchmarks/riscv-eco-003-new/core/common/data_memory_interface.sv:47$53: { $flatten\data_memory_interface.$procmux$1703_CMP $flatten\singlecycle_datapath.\regfile.$ne$/workspace/incremental-synthesis/benchmarks/riscv-eco-003-new/core/common/regfile.sv:40$106_Y $flatten\singlecycle_datapath.\mux_reg_writeback.\multiplexer.$procmux$1691_CMP $auto$opt_dff.cc:319:make_patterns_logic$2099 } = 4'1111
      Activation pattern for cell $flatten\data_memory_interface.$shr$/workspace/incremental-synthesis/benchmarks/riscv-eco-003-new/core/common/data_memory_interface.sv:47$53: { $flatten\data_memory_interface.$procmux$1703_CMP $flatten\singlecycle_datapath.\regfile.$ne$/workspace/incremental-synthesis/benchmarks/riscv-eco-003-new/core/common/regfile.sv:40$106_Y $flatten\singlecycle_datapath.\mux_reg_writeback.\multiplexer.$procmux$1691_CMP $auto$opt_dff.cc:319:make_patterns_logic$2104 } = 4'1111
      Activation pattern for cell $flatten\data_memory_interface.$shr$/workspace/incremental-synthesis/benchmarks/riscv-eco-003-new/core/common/data_memory_interface.sv:47$53: { $flatten\data_memory_interface.$procmux$1703_CMP $flatten\singlecycle_datapath.\regfile.$ne$/workspace/incremental-synthesis/benchmarks/riscv-eco-003-new/core/common/regfile.sv:40$106_Y $flatten\singlecycle_datapath.\mux_reg_writeback.\multiplexer.$procmux$1691_CMP $auto$opt_dff.cc:319:make_patterns_logic$2109 } = 4'1111
      Activation pattern for cell $flatten\data_memory_interface.$shr$/workspace/incremental-synthesis/benchmarks/riscv-eco-003-new/core/common/data_memory_interface.sv:47$53: { $flatten\data_memory_interface.$procmux$1703_CMP $flatten\singlecycle_datapath.\regfile.$ne$/workspace/incremental-synthesis/benchmarks/riscv-eco-003-new/core/common/regfile.sv:40$106_Y $flatten\singlecycle_datapath.\mux_reg_writeback.\multiplexer.$procmux$1691_CMP $auto$opt_dff.cc:319:make_patterns_logic$2114 } = 4'1111
      Activation pattern for cell $flatten\data_memory_interface.$shr$/workspace/incremental-synthesis/benchmarks/riscv-eco-003-new/core/common/data_memory_interface.sv:47$53: { $flatten\data_memory_interface.$procmux$1703_CMP $flatten\singlecycle_datapath.\regfile.$ne$/workspace/incremental-synthesis/benchmarks/riscv-eco-003-new/core/common/regfile.sv:40$106_Y $flatten\singlecycle_datapath.\mux_reg_writeback.\multiplexer.$procmux$1691_CMP $auto$opt_dff.cc:319:make_patterns_logic$2119 } = 4'1111
      Activation pattern for cell $flatten\data_memory_interface.$shr$/workspace/incremental-synthesis/benchmarks/riscv-eco-003-new/core/common/data_memory_interface.sv:47$53: { $flatten\data_memory_interface.$procmux$1703_CMP $flatten\singlecycle_datapath.\regfile.$ne$/workspace/incremental-synthesis/benchmarks/riscv-eco-003-new/core/common/regfile.sv:40$106_Y $flatten\singlecycle_datapath.\mux_reg_writeback.\multiplexer.$procmux$1691_CMP $auto$opt_dff.cc:319:make_patterns_logic$2124 } = 4'1111
      Activation pattern for cell $flatten\data_memory_interface.$shr$/workspace/incremental-synthesis/benchmarks/riscv-eco-003-new/core/common/data_memory_interface.sv:47$53: { $flatten\data_memory_interface.$procmux$1703_CMP $flatten\singlecycle_datapath.\regfile.$ne$/workspace/incremental-synthesis/benchmarks/riscv-eco-003-new/core/common/regfile.sv:40$106_Y $flatten\singlecycle_datapath.\mux_reg_writeback.\multiplexer.$procmux$1691_CMP $auto$opt_dff.cc:319:make_patterns_logic$2129 } = 4'1111
      Activation pattern for cell $flatten\data_memory_interface.$shr$/workspace/incremental-synthesis/benchmarks/riscv-eco-003-new/core/common/data_memory_interface.sv:47$53: { $flatten\data_memory_interface.$procmux$1703_CMP $flatten\singlecycle_datapath.\regfile.$ne$/workspace/incremental-synthesis/benchmarks/riscv-eco-003-new/core/common/regfile.sv:40$106_Y $flatten\singlecycle_datapath.\mux_reg_writeback.\multiplexer.$procmux$1691_CMP $auto$opt_dff.cc:319:make_patterns_logic$2134 } = 4'1111
      Activation pattern for cell $flatten\data_memory_interface.$shr$/workspace/incremental-synthesis/benchmarks/riscv-eco-003-new/core/common/data_memory_interface.sv:47$53: { $flatten\data_memory_interface.$procmux$1703_CMP $flatten\singlecycle_datapath.\regfile.$ne$/workspace/incremental-synthesis/benchmarks/riscv-eco-003-new/core/common/regfile.sv:40$106_Y $flatten\singlecycle_datapath.\mux_reg_writeback.\multiplexer.$procmux$1691_CMP $auto$opt_dff.cc:319:make_patterns_logic$1979 } = 4'1111
      Activation pattern for cell $flatten\data_memory_interface.$shr$/workspace/incremental-synthesis/benchmarks/riscv-eco-003-new/core/common/data_memory_interface.sv:47$53: { $flatten\data_memory_interface.$procmux$1703_CMP $flatten\singlecycle_datapath.\regfile.$ne$/workspace/incremental-synthesis/benchmarks/riscv-eco-003-new/core/common/regfile.sv:40$106_Y $flatten\singlecycle_datapath.\mux_reg_writeback.\multiplexer.$procmux$1691_CMP $auto$opt_dff.cc:319:make_patterns_logic$1984 } = 4'1111
      Activation pattern for cell $flatten\data_memory_interface.$shr$/workspace/incremental-synthesis/benchmarks/riscv-eco-003-new/core/common/data_memory_interface.sv:47$53: { $flatten\data_memory_interface.$procmux$1703_CMP $flatten\singlecycle_datapath.\regfile.$ne$/workspace/incremental-synthesis/benchmarks/riscv-eco-003-new/core/common/regfile.sv:40$106_Y $flatten\singlecycle_datapath.\mux_reg_writeback.\multiplexer.$procmux$1691_CMP $auto$opt_dff.cc:319:make_patterns_logic$1989 } = 4'1111
      Activation pattern for cell $flatten\data_memory_interface.$shr$/workspace/incremental-synthesis/benchmarks/riscv-eco-003-new/core/common/data_memory_interface.sv:47$53: { $flatten\data_memory_interface.$procmux$1703_CMP $flatten\singlecycle_datapath.\regfile.$ne$/workspace/incremental-synthesis/benchmarks/riscv-eco-003-new/core/common/regfile.sv:40$106_Y $flatten\singlecycle_datapath.\mux_reg_writeback.\multiplexer.$procmux$1691_CMP $auto$opt_dff.cc:319:make_patterns_logic$1994 } = 4'1111
      Activation pattern for cell $flatten\data_memory_interface.$shr$/workspace/incremental-synthesis/benchmarks/riscv-eco-003-new/core/common/data_memory_interface.sv:47$53: { $flatten\data_memory_interface.$procmux$1703_CMP $flatten\singlecycle_datapath.\regfile.$ne$/workspace/incremental-synthesis/benchmarks/riscv-eco-003-new/core/common/regfile.sv:40$106_Y $flatten\singlecycle_datapath.\mux_reg_writeback.\multiplexer.$procmux$1691_CMP $auto$opt_dff.cc:319:make_patterns_logic$1999 } = 4'1111
      Activation pattern for cell $flatten\data_memory_interface.$shr$/workspace/incremental-synthesis/benchmarks/riscv-eco-003-new/core/common/data_memory_interface.sv:47$53: { $flatten\data_memory_interface.$procmux$1703_CMP $flatten\singlecycle_datapath.\regfile.$ne$/workspace/incremental-synthesis/benchmarks/riscv-eco-003-new/core/common/regfile.sv:40$106_Y $flatten\singlecycle_datapath.\mux_reg_writeback.\multiplexer.$procmux$1691_CMP $auto$opt_dff.cc:319:make_patterns_logic$2004 } = 4'1111
      Activation pattern for cell $flatten\data_memory_interface.$shr$/workspace/incremental-synthesis/benchmarks/riscv-eco-003-new/core/common/data_memory_interface.sv:47$53: { $flatten\data_memory_interface.$procmux$1703_CMP $flatten\singlecycle_datapath.\regfile.$ne$/workspace/incremental-synthesis/benchmarks/riscv-eco-003-new/core/common/regfile.sv:40$106_Y $flatten\singlecycle_datapath.\mux_reg_writeback.\multiplexer.$procmux$1691_CMP $auto$opt_dff.cc:319:make_patterns_logic$2009 } = 4'1111
      Activation pattern for cell $flatten\data_memory_interface.$shr$/workspace/incremental-synthesis/benchmarks/riscv-eco-003-new/core/common/data_memory_interface.sv:47$53: { $flatten\data_memory_interface.$procmux$1703_CMP $flatten\singlecycle_datapath.\regfile.$ne$/workspace/incremental-synthesis/benchmarks/riscv-eco-003-new/core/common/regfile.sv:40$106_Y $flatten\singlecycle_datapath.\mux_reg_writeback.\multiplexer.$procmux$1691_CMP $auto$opt_dff.cc:319:make_patterns_logic$2014 } = 4'1111
      Activation pattern for cell $flatten\data_memory_interface.$shr$/workspace/incremental-synthesis/benchmarks/riscv-eco-003-new/core/common/data_memory_interface.sv:47$53: { $flatten\data_memory_interface.$procmux$1703_CMP $flatten\singlecycle_datapath.\regfile.$ne$/workspace/incremental-synthesis/benchmarks/riscv-eco-003-new/core/common/regfile.sv:40$106_Y $flatten\singlecycle_datapath.\mux_reg_writeback.\multiplexer.$procmux$1691_CMP $auto$opt_dff.cc:319:make_patterns_logic$2019 } = 4'1111
      Activation pattern for cell $flatten\data_memory_interface.$shr$/workspace/incremental-synthesis/benchmarks/riscv-eco-003-new/core/common/data_memory_interface.sv:47$53: { $flatten\data_memory_interface.$procmux$1703_CMP $flatten\singlecycle_datapath.\regfile.$ne$/workspace/incremental-synthesis/benchmarks/riscv-eco-003-new/core/common/regfile.sv:40$106_Y $flatten\singlecycle_datapath.\mux_reg_writeback.\multiplexer.$procmux$1691_CMP $auto$opt_dff.cc:319:make_patterns_logic$2024 } = 4'1111
      Activation pattern for cell $flatten\data_memory_interface.$shr$/workspace/incremental-synthesis/benchmarks/riscv-eco-003-new/core/common/data_memory_interface.sv:47$53: { $flatten\data_memory_interface.$procmux$1703_CMP $flatten\singlecycle_datapath.\regfile.$ne$/workspace/incremental-synthesis/benchmarks/riscv-eco-003-new/core/common/regfile.sv:40$106_Y $flatten\singlecycle_datapath.\mux_reg_writeback.\multiplexer.$procmux$1691_CMP $auto$opt_dff.cc:319:make_patterns_logic$2029 } = 4'1111
      Activation pattern for cell $flatten\data_memory_interface.$shr$/workspace/incremental-synthesis/benchmarks/riscv-eco-003-new/core/common/data_memory_interface.sv:47$53: { $flatten\data_memory_interface.$procmux$1703_CMP $flatten\singlecycle_datapath.\regfile.$ne$/workspace/incremental-synthesis/benchmarks/riscv-eco-003-new/core/common/regfile.sv:40$106_Y $flatten\singlecycle_datapath.\mux_reg_writeback.\multiplexer.$procmux$1691_CMP $auto$opt_dff.cc:319:make_patterns_logic$2034 } = 4'1111
      Activation pattern for cell $flatten\data_memory_interface.$shr$/workspace/incremental-synthesis/benchmarks/riscv-eco-003-new/core/common/data_memory_interface.sv:47$53: { $flatten\data_memory_interface.$procmux$1703_CMP $flatten\singlecycle_datapath.\regfile.$ne$/workspace/incremental-synthesis/benchmarks/riscv-eco-003-new/core/common/regfile.sv:40$106_Y $flatten\singlecycle_datapath.\mux_reg_writeback.\multiplexer.$procmux$1691_CMP $auto$opt_dff.cc:319:make_patterns_logic$2039 } = 4'1111
      Activation pattern for cell $flatten\data_memory_interface.$shr$/workspace/incremental-synthesis/benchmarks/riscv-eco-003-new/core/common/data_memory_interface.sv:47$53: { $flatten\data_memory_interface.$procmux$1703_CMP $flatten\singlecycle_datapath.\regfile.$ne$/workspace/incremental-synthesis/benchmarks/riscv-eco-003-new/core/common/regfile.sv:40$106_Y $flatten\singlecycle_datapath.\mux_reg_writeback.\multiplexer.$procmux$1691_CMP $auto$opt_dff.cc:319:make_patterns_logic$2044 } = 4'1111
      Activation pattern for cell $flatten\data_memory_interface.$shr$/workspace/incremental-synthesis/benchmarks/riscv-eco-003-new/core/common/data_memory_interface.sv:47$53: { $flatten\data_memory_interface.$procmux$1703_CMP $flatten\singlecycle_datapath.\regfile.$ne$/workspace/incremental-synthesis/benchmarks/riscv-eco-003-new/core/common/regfile.sv:40$106_Y $flatten\singlecycle_datapath.\mux_reg_writeback.\multiplexer.$procmux$1691_CMP $auto$opt_dff.cc:319:make_patterns_logic$2049 } = 4'1111
      Activation pattern for cell $flatten\data_memory_interface.$shr$/workspace/incremental-synthesis/benchmarks/riscv-eco-003-new/core/common/data_memory_interface.sv:47$53: { $flatten\data_memory_interface.$procmux$1703_CMP $flatten\singlecycle_datapath.\regfile.$ne$/workspace/incremental-synthesis/benchmarks/riscv-eco-003-new/core/common/regfile.sv:40$106_Y $flatten\singlecycle_datapath.\mux_reg_writeback.\multiplexer.$procmux$1691_CMP $auto$opt_dff.cc:319:make_patterns_logic$2054 } = 4'1111
      Activation pattern for cell $flatten\data_memory_interface.$shr$/workspace/incremental-synthesis/benchmarks/riscv-eco-003-new/core/common/data_memory_interface.sv:47$53: { $flatten\data_memory_interface.$procmux$1703_CMP $flatten\singlecycle_datapath.\regfile.$ne$/workspace/incremental-synthesis/benchmarks/riscv-eco-003-new/core/common/regfile.sv:40$106_Y $flatten\singlecycle_datapath.\mux_reg_writeback.\multiplexer.$procmux$1691_CMP $auto$opt_dff.cc:319:make_patterns_logic$2059 } = 4'1111
      Activation pattern for cell $flatten\data_memory_interface.$shr$/workspace/incremental-synthesis/benchmarks/riscv-eco-003-new/core/common/data_memory_interface.sv:47$53: { $flatten\data_memory_interface.$procmux$1703_CMP $flatten\singlecycle_datapath.\regfile.$ne$/workspace/incremental-synthesis/benchmarks/riscv-eco-003-new/core/common/regfile.sv:40$106_Y $flatten\singlecycle_datapath.\mux_reg_writeback.\multiplexer.$procmux$1691_CMP $auto$opt_dff.cc:319:make_patterns_logic$2064 } = 4'1111
      Activation pattern for cell $flatten\data_memory_interface.$shr$/workspace/incremental-synthesis/benchmarks/riscv-eco-003-new/core/common/data_memory_interface.sv:47$53: { $flatten\data_memory_interface.$procmux$1703_CMP $flatten\singlecycle_datapath.\regfile.$ne$/workspace/incremental-synthesis/benchmarks/riscv-eco-003-new/core/common/regfile.sv:40$106_Y $flatten\singlecycle_datapath.\mux_reg_writeback.\multiplexer.$procmux$1691_CMP $auto$opt_dff.cc:319:make_patterns_logic$2069 } = 4'1111
      Activation pattern for cell $flatten\data_memory_interface.$shr$/workspace/incremental-synthesis/benchmarks/riscv-eco-003-new/core/common/data_memory_interface.sv:47$53: { $flatten\data_memory_interface.$procmux$1703_CMP $flatten\singlecycle_datapath.\regfile.$ne$/workspace/incremental-synthesis/benchmarks/riscv-eco-003-new/core/common/regfile.sv:40$106_Y $flatten\singlecycle_datapath.\mux_reg_writeback.\multiplexer.$procmux$1691_CMP $auto$opt_dff.cc:319:make_patterns_logic$2074 } = 4'1111
      Activation pattern for cell $flatten\data_memory_interface.$shr$/workspace/incremental-synthesis/benchmarks/riscv-eco-003-new/core/common/data_memory_interface.sv:47$53: { $flatten\data_memory_interface.$procmux$1703_CMP $flatten\singlecycle_datapath.\regfile.$ne$/workspace/incremental-synthesis/benchmarks/riscv-eco-003-new/core/common/regfile.sv:40$106_Y $flatten\singlecycle_datapath.\mux_reg_writeback.\multiplexer.$procmux$1691_CMP $auto$opt_dff.cc:319:make_patterns_logic$2079 } = 4'1111
      Activation pattern for cell $flatten\data_memory_interface.$shr$/workspace/incremental-synthesis/benchmarks/riscv-eco-003-new/core/common/data_memory_interface.sv:47$53: { $flatten\data_memory_interface.$procmux$1704_CMP $flatten\singlecycle_datapath.\regfile.$ne$/workspace/incremental-synthesis/benchmarks/riscv-eco-003-new/core/common/regfile.sv:40$106_Y $flatten\singlecycle_datapath.\mux_reg_writeback.\multiplexer.$procmux$1691_CMP $auto$opt_dff.cc:319:make_patterns_logic$2084 } = 4'1111
      Activation pattern for cell $flatten\data_memory_interface.$shr$/workspace/incremental-synthesis/benchmarks/riscv-eco-003-new/core/common/data_memory_interface.sv:47$53: { $flatten\data_memory_interface.$procmux$1704_CMP $flatten\singlecycle_datapath.\regfile.$ne$/workspace/incremental-synthesis/benchmarks/riscv-eco-003-new/core/common/regfile.sv:40$106_Y $flatten\singlecycle_datapath.\mux_reg_writeback.\multiplexer.$procmux$1691_CMP $auto$opt_dff.cc:319:make_patterns_logic$2089 } = 4'1111
      Activation pattern for cell $flatten\data_memory_interface.$shr$/workspace/incremental-synthesis/benchmarks/riscv-eco-003-new/core/common/data_memory_interface.sv:47$53: { $flatten\data_memory_interface.$procmux$1704_CMP $flatten\singlecycle_datapath.\regfile.$ne$/workspace/incremental-synthesis/benchmarks/riscv-eco-003-new/core/common/regfile.sv:40$106_Y $flatten\singlecycle_datapath.\mux_reg_writeback.\multiplexer.$procmux$1691_CMP $auto$opt_dff.cc:319:make_patterns_logic$2094 } = 4'1111
      Activation pattern for cell $flatten\data_memory_interface.$shr$/workspace/incremental-synthesis/benchmarks/riscv-eco-003-new/core/common/data_memory_interface.sv:47$53: { $flatten\data_memory_interface.$procmux$1704_CMP $flatten\singlecycle_datapath.\regfile.$ne$/workspace/incremental-synthesis/benchmarks/riscv-eco-003-new/core/common/regfile.sv:40$106_Y $flatten\singlecycle_datapath.\mux_reg_writeback.\multiplexer.$procmux$1691_CMP $auto$opt_dff.cc:319:make_patterns_logic$2099 } = 4'1111
      Activation pattern for cell $flatten\data_memory_interface.$shr$/workspace/incremental-synthesis/benchmarks/riscv-eco-003-new/core/common/data_memory_interface.sv:47$53: { $flatten\data_memory_interface.$procmux$1704_CMP $flatten\singlecycle_datapath.\regfile.$ne$/workspace/incremental-synthesis/benchmarks/riscv-eco-003-new/core/common/regfile.sv:40$106_Y $flatten\singlecycle_datapath.\mux_reg_writeback.\multiplexer.$procmux$1691_CMP $auto$opt_dff.cc:319:make_patterns_logic$2104 } = 4'1111
      Activation pattern for cell $flatten\data_memory_interface.$shr$/workspace/incremental-synthesis/benchmarks/riscv-eco-003-new/core/common/data_memory_interface.sv:47$53: { $flatten\data_memory_interface.$procmux$1704_CMP $flatten\singlecycle_datapath.\regfile.$ne$/workspace/incremental-synthesis/benchmarks/riscv-eco-003-new/core/common/regfile.sv:40$106_Y $flatten\singlecycle_datapath.\mux_reg_writeback.\multiplexer.$procmux$1691_CMP $auto$opt_dff.cc:319:make_patterns_logic$2109 } = 4'1111
      Activation pattern for cell $flatten\data_memory_interface.$shr$/workspace/incremental-synthesis/benchmarks/riscv-eco-003-new/core/common/data_memory_interface.sv:47$53: { $flatten\data_memory_interface.$procmux$1704_CMP $flatten\singlecycle_datapath.\regfile.$ne$/workspace/incremental-synthesis/benchmarks/riscv-eco-003-new/core/common/regfile.sv:40$106_Y $flatten\singlecycle_datapath.\mux_reg_writeback.\multiplexer.$procmux$1691_CMP $auto$opt_dff.cc:319:make_patterns_logic$2114 } = 4'1111
      Activation pattern for cell $flatten\data_memory_interface.$shr$/workspace/incremental-synthesis/benchmarks/riscv-eco-003-new/core/common/data_memory_interface.sv:47$53: { $flatten\data_memory_interface.$procmux$1704_CMP $flatten\singlecycle_datapath.\regfile.$ne$/workspace/incremental-synthesis/benchmarks/riscv-eco-003-new/core/common/regfile.sv:40$106_Y $flatten\singlecycle_datapath.\mux_reg_writeback.\multiplexer.$procmux$1691_CMP $auto$opt_dff.cc:319:make_patterns_logic$2119 } = 4'1111
      Activation pattern for cell $flatten\data_memory_interface.$shr$/workspace/incremental-synthesis/benchmarks/riscv-eco-003-new/core/common/data_memory_interface.sv:47$53: { $flatten\data_memory_interface.$procmux$1704_CMP $flatten\singlecycle_datapath.\regfile.$ne$/workspace/incremental-synthesis/benchmarks/riscv-eco-003-new/core/common/regfile.sv:40$106_Y $flatten\singlecycle_datapath.\mux_reg_writeback.\multiplexer.$procmux$1691_CMP $auto$opt_dff.cc:319:make_patterns_logic$2124 } = 4'1111
      Activation pattern for cell $flatten\data_memory_interface.$shr$/workspace/incremental-synthesis/benchmarks/riscv-eco-003-new/core/common/data_memory_interface.sv:47$53: { $flatten\data_memory_interface.$procmux$1704_CMP $flatten\singlecycle_datapath.\regfile.$ne$/workspace/incremental-synthesis/benchmarks/riscv-eco-003-new/core/common/regfile.sv:40$106_Y $flatten\singlecycle_datapath.\mux_reg_writeback.\multiplexer.$procmux$1691_CMP $auto$opt_dff.cc:319:make_patterns_logic$2129 } = 4'1111
      Activation pattern for cell $flatten\data_memory_interface.$shr$/workspace/incremental-synthesis/benchmarks/riscv-eco-003-new/core/common/data_memory_interface.sv:47$53: { $flatten\data_memory_interface.$procmux$1704_CMP $flatten\singlecycle_datapath.\regfile.$ne$/workspace/incremental-synthesis/benchmarks/riscv-eco-003-new/core/common/regfile.sv:40$106_Y $flatten\singlecycle_datapath.\mux_reg_writeback.\multiplexer.$procmux$1691_CMP $auto$opt_dff.cc:319:make_patterns_logic$2134 } = 4'1111
      Activation pattern for cell $flatten\data_memory_interface.$shr$/workspace/incremental-synthesis/benchmarks/riscv-eco-003-new/core/common/data_memory_interface.sv:47$53: { $flatten\data_memory_interface.$procmux$1704_CMP $flatten\singlecycle_datapath.\regfile.$ne$/workspace/incremental-synthesis/benchmarks/riscv-eco-003-new/core/common/regfile.sv:40$106_Y $flatten\singlecycle_datapath.\mux_reg_writeback.\multiplexer.$procmux$1691_CMP $auto$opt_dff.cc:319:make_patterns_logic$1979 } = 4'1111
      Activation pattern for cell $flatten\data_memory_interface.$shr$/workspace/incremental-synthesis/benchmarks/riscv-eco-003-new/core/common/data_memory_interface.sv:47$53: { $flatten\data_memory_interface.$procmux$1704_CMP $flatten\singlecycle_datapath.\regfile.$ne$/workspace/incremental-synthesis/benchmarks/riscv-eco-003-new/core/common/regfile.sv:40$106_Y $flatten\singlecycle_datapath.\mux_reg_writeback.\multiplexer.$procmux$1691_CMP $auto$opt_dff.cc:319:make_patterns_logic$1984 } = 4'1111
      Activation pattern for cell $flatten\data_memory_interface.$shr$/workspace/incremental-synthesis/benchmarks/riscv-eco-003-new/core/common/data_memory_interface.sv:47$53: { $flatten\data_memory_interface.$procmux$1704_CMP $flatten\singlecycle_datapath.\regfile.$ne$/workspace/incremental-synthesis/benchmarks/riscv-eco-003-new/core/common/regfile.sv:40$106_Y $flatten\singlecycle_datapath.\mux_reg_writeback.\multiplexer.$procmux$1691_CMP $auto$opt_dff.cc:319:make_patterns_logic$1989 } = 4'1111
      Activation pattern for cell $flatten\data_memory_interface.$shr$/workspace/incremental-synthesis/benchmarks/riscv-eco-003-new/core/common/data_memory_interface.sv:47$53: { $flatten\data_memory_interface.$procmux$1704_CMP $flatten\singlecycle_datapath.\regfile.$ne$/workspace/incremental-synthesis/benchmarks/riscv-eco-003-new/core/common/regfile.sv:40$106_Y $flatten\singlecycle_datapath.\mux_reg_writeback.\multiplexer.$procmux$1691_CMP $auto$opt_dff.cc:319:make_patterns_logic$1994 } = 4'1111
      Activation pattern for cell $flatten\data_memory_interface.$shr$/workspace/incremental-synthesis/benchmarks/riscv-eco-003-new/core/common/data_memory_interface.sv:47$53: { $flatten\data_memory_interface.$procmux$1704_CMP $flatten\singlecycle_datapath.\regfile.$ne$/workspace/incremental-synthesis/benchmarks/riscv-eco-003-new/core/common/regfile.sv:40$106_Y $flatten\singlecycle_datapath.\mux_reg_writeback.\multiplexer.$procmux$1691_CMP $auto$opt_dff.cc:319:make_patterns_logic$1999 } = 4'1111
      Activation pattern for cell $flatten\data_memory_interface.$shr$/workspace/incremental-synthesis/benchmarks/riscv-eco-003-new/core/common/data_memory_interface.sv:47$53: { $flatten\data_memory_interface.$procmux$1704_CMP $flatten\singlecycle_datapath.\regfile.$ne$/workspace/incremental-synthesis/benchmarks/riscv-eco-003-new/core/common/regfile.sv:40$106_Y $flatten\singlecycle_datapath.\mux_reg_writeback.\multiplexer.$procmux$1691_CMP $auto$opt_dff.cc:319:make_patterns_logic$2004 } = 4'1111
      Activation pattern for cell $flatten\data_memory_interface.$shr$/workspace/incremental-synthesis/benchmarks/riscv-eco-003-new/core/common/data_memory_interface.sv:47$53: { $flatten\data_memory_interface.$procmux$1704_CMP $flatten\singlecycle_datapath.\regfile.$ne$/workspace/incremental-synthesis/benchmarks/riscv-eco-003-new/core/common/regfile.sv:40$106_Y $flatten\singlecycle_datapath.\mux_reg_writeback.\multiplexer.$procmux$1691_CMP $auto$opt_dff.cc:319:make_patterns_logic$2009 } = 4'1111
      Activation pattern for cell $flatten\data_memory_interface.$shr$/workspace/incremental-synthesis/benchmarks/riscv-eco-003-new/core/common/data_memory_interface.sv:47$53: { $flatten\data_memory_interface.$procmux$1704_CMP $flatten\singlecycle_datapath.\regfile.$ne$/workspace/incremental-synthesis/benchmarks/riscv-eco-003-new/core/common/regfile.sv:40$106_Y $flatten\singlecycle_datapath.\mux_reg_writeback.\multiplexer.$procmux$1691_CMP $auto$opt_dff.cc:319:make_patterns_logic$2014 } = 4'1111
      Activation pattern for cell $flatten\data_memory_interface.$shr$/workspace/incremental-synthesis/benchmarks/riscv-eco-003-new/core/common/data_memory_interface.sv:47$53: { $flatten\data_memory_interface.$procmux$1704_CMP $flatten\singlecycle_datapath.\regfile.$ne$/workspace/incremental-synthesis/benchmarks/riscv-eco-003-new/core/common/regfile.sv:40$106_Y $flatten\singlecycle_datapath.\mux_reg_writeback.\multiplexer.$procmux$1691_CMP $auto$opt_dff.cc:319:make_patterns_logic$2019 } = 4'1111
      Activation pattern for cell $flatten\data_memory_interface.$shr$/workspace/incremental-synthesis/benchmarks/riscv-eco-003-new/core/common/data_memory_interface.sv:47$53: { $flatten\data_memory_interface.$procmux$1704_CMP $flatten\singlecycle_datapath.\regfile.$ne$/workspace/incremental-synthesis/benchmarks/riscv-eco-003-new/core/common/regfile.sv:40$106_Y $flatten\singlecycle_datapath.\mux_reg_writeback.\multiplexer.$procmux$1691_CMP $auto$opt_dff.cc:319:make_patterns_logic$2024 } = 4'1111
      Activation pattern for cell $flatten\data_memory_interface.$shr$/workspace/incremental-synthesis/benchmarks/riscv-eco-003-new/core/common/data_memory_interface.sv:47$53: { $flatten\data_memory_interface.$procmux$1704_CMP $flatten\singlecycle_datapath.\regfile.$ne$/workspace/incremental-synthesis/benchmarks/riscv-eco-003-new/core/common/regfile.sv:40$106_Y $flatten\singlecycle_datapath.\mux_reg_writeback.\multiplexer.$procmux$1691_CMP $auto$opt_dff.cc:319:make_patterns_logic$2029 } = 4'1111
      Activation pattern for cell $flatten\data_memory_interface.$shr$/workspace/incremental-synthesis/benchmarks/riscv-eco-003-new/core/common/data_memory_interface.sv:47$53: { $flatten\data_memory_interface.$procmux$1704_CMP $flatten\singlecycle_datapath.\regfile.$ne$/workspace/incremental-synthesis/benchmarks/riscv-eco-003-new/core/common/regfile.sv:40$106_Y $flatten\singlecycle_datapath.\mux_reg_writeback.\multiplexer.$procmux$1691_CMP $auto$opt_dff.cc:319:make_patterns_logic$2034 } = 4'1111
      Activation pattern for cell $flatten\data_memory_interface.$shr$/workspace/incremental-synthesis/benchmarks/riscv-eco-003-new/core/common/data_memory_interface.sv:47$53: { $flatten\data_memory_interface.$procmux$1704_CMP $flatten\singlecycle_datapath.\regfile.$ne$/workspace/incremental-synthesis/benchmarks/riscv-eco-003-new/core/common/regfile.sv:40$106_Y $flatten\singlecycle_datapath.\mux_reg_writeback.\multiplexer.$procmux$1691_CMP $auto$opt_dff.cc:319:make_patterns_logic$2039 } = 4'1111
      Activation pattern for cell $flatten\data_memory_interface.$shr$/workspace/incremental-synthesis/benchmarks/riscv-eco-003-new/core/common/data_memory_interface.sv:47$53: { $flatten\data_memory_interface.$procmux$1704_CMP $flatten\singlecycle_datapath.\regfile.$ne$/workspace/incremental-synthesis/benchmarks/riscv-eco-003-new/core/common/regfile.sv:40$106_Y $flatten\singlecycle_datapath.\mux_reg_writeback.\multiplexer.$procmux$1691_CMP $auto$opt_dff.cc:319:make_patterns_logic$2044 } = 4'1111
      Activation pattern for cell $flatten\data_memory_interface.$shr$/workspace/incremental-synthesis/benchmarks/riscv-eco-003-new/core/common/data_memory_interface.sv:47$53: { $flatten\data_memory_interface.$procmux$1704_CMP $flatten\singlecycle_datapath.\regfile.$ne$/workspace/incremental-synthesis/benchmarks/riscv-eco-003-new/core/common/regfile.sv:40$106_Y $flatten\singlecycle_datapath.\mux_reg_writeback.\multiplexer.$procmux$1691_CMP $auto$opt_dff.cc:319:make_patterns_logic$2049 } = 4'1111
      Activation pattern for cell $flatten\data_memory_interface.$shr$/workspace/incremental-synthesis/benchmarks/riscv-eco-003-new/core/common/data_memory_interface.sv:47$53: { $flatten\data_memory_interface.$procmux$1704_CMP $flatten\singlecycle_datapath.\regfile.$ne$/workspace/incremental-synthesis/benchmarks/riscv-eco-003-new/core/common/regfile.sv:40$106_Y $flatten\singlecycle_datapath.\mux_reg_writeback.\multiplexer.$procmux$1691_CMP $auto$opt_dff.cc:319:make_patterns_logic$2054 } = 4'1111
      Activation pattern for cell $flatten\data_memory_interface.$shr$/workspace/incremental-synthesis/benchmarks/riscv-eco-003-new/core/common/data_memory_interface.sv:47$53: { $flatten\data_memory_interface.$procmux$1704_CMP $flatten\singlecycle_datapath.\regfile.$ne$/workspace/incremental-synthesis/benchmarks/riscv-eco-003-new/core/common/regfile.sv:40$106_Y $flatten\singlecycle_datapath.\mux_reg_writeback.\multiplexer.$procmux$1691_CMP $auto$opt_dff.cc:319:make_patterns_logic$2059 } = 4'1111
      Activation pattern for cell $flatten\data_memory_interface.$shr$/workspace/incremental-synthesis/benchmarks/riscv-eco-003-new/core/common/data_memory_interface.sv:47$53: { $flatten\data_memory_interface.$procmux$1704_CMP $flatten\singlecycle_datapath.\regfile.$ne$/workspace/incremental-synthesis/benchmarks/riscv-eco-003-new/core/common/regfile.sv:40$106_Y $flatten\singlecycle_datapath.\mux_reg_writeback.\multiplexer.$procmux$1691_CMP $auto$opt_dff.cc:319:make_patterns_logic$2064 } = 4'1111
      Activation pattern for cell $flatten\data_memory_interface.$shr$/workspace/incremental-synthesis/benchmarks/riscv-eco-003-new/core/common/data_memory_interface.sv:47$53: { $flatten\data_memory_interface.$procmux$1704_CMP $flatten\singlecycle_datapath.\regfile.$ne$/workspace/incremental-synthesis/benchmarks/riscv-eco-003-new/core/common/regfile.sv:40$106_Y $flatten\singlecycle_datapath.\mux_reg_writeback.\multiplexer.$procmux$1691_CMP $auto$opt_dff.cc:319:make_patterns_logic$2069 } = 4'1111
      Activation pattern for cell $flatten\data_memory_interface.$shr$/workspace/incremental-synthesis/benchmarks/riscv-eco-003-new/core/common/data_memory_interface.sv:47$53: { $flatten\data_memory_interface.$procmux$1704_CMP $flatten\singlecycle_datapath.\regfile.$ne$/workspace/incremental-synthesis/benchmarks/riscv-eco-003-new/core/common/regfile.sv:40$106_Y $flatten\singlecycle_datapath.\mux_reg_writeback.\multiplexer.$procmux$1691_CMP $auto$opt_dff.cc:319:make_patterns_logic$2074 } = 4'1111
      Activation pattern for cell $flatten\data_memory_interface.$shr$/workspace/incremental-synthesis/benchmarks/riscv-eco-003-new/core/common/data_memory_interface.sv:47$53: { $flatten\data_memory_interface.$procmux$1704_CMP $flatten\singlecycle_datapath.\regfile.$ne$/workspace/incremental-synthesis/benchmarks/riscv-eco-003-new/core/common/regfile.sv:40$106_Y $flatten\singlecycle_datapath.\mux_reg_writeback.\multiplexer.$procmux$1691_CMP $auto$opt_dff.cc:319:make_patterns_logic$2079 } = 4'1111
      Activation pattern for cell $flatten\data_memory_interface.$shr$/workspace/incremental-synthesis/benchmarks/riscv-eco-003-new/core/common/data_memory_interface.sv:47$53: { $flatten\data_memory_interface.$procmux$1705_CMP $flatten\singlecycle_datapath.\regfile.$ne$/workspace/incremental-synthesis/benchmarks/riscv-eco-003-new/core/common/regfile.sv:40$106_Y $flatten\singlecycle_datapath.\mux_reg_writeback.\multiplexer.$procmux$1691_CMP $auto$opt_dff.cc:319:make_patterns_logic$2084 } = 4'1111
      Activation pattern for cell $flatten\data_memory_interface.$shr$/workspace/incremental-synthesis/benchmarks/riscv-eco-003-new/core/common/data_memory_interface.sv:47$53: { $flatten\data_memory_interface.$procmux$1705_CMP $flatten\singlecycle_datapath.\regfile.$ne$/workspace/incremental-synthesis/benchmarks/riscv-eco-003-new/core/common/regfile.sv:40$106_Y $flatten\singlecycle_datapath.\mux_reg_writeback.\multiplexer.$procmux$1691_CMP $auto$opt_dff.cc:319:make_patterns_logic$2089 } = 4'1111
      Activation pattern for cell $flatten\data_memory_interface.$shr$/workspace/incremental-synthesis/benchmarks/riscv-eco-003-new/core/common/data_memory_interface.sv:47$53: { $flatten\data_memory_interface.$procmux$1705_CMP $flatten\singlecycle_datapath.\regfile.$ne$/workspace/incremental-synthesis/benchmarks/riscv-eco-003-new/core/common/regfile.sv:40$106_Y $flatten\singlecycle_datapath.\mux_reg_writeback.\multiplexer.$procmux$1691_CMP $auto$opt_dff.cc:319:make_patterns_logic$2094 } = 4'1111
      Activation pattern for cell $flatten\data_memory_interface.$shr$/workspace/incremental-synthesis/benchmarks/riscv-eco-003-new/core/common/data_memory_interface.sv:47$53: { $flatten\data_memory_interface.$procmux$1705_CMP $flatten\singlecycle_datapath.\regfile.$ne$/workspace/incremental-synthesis/benchmarks/riscv-eco-003-new/core/common/regfile.sv:40$106_Y $flatten\singlecycle_datapath.\mux_reg_writeback.\multiplexer.$procmux$1691_CMP $auto$opt_dff.cc:319:make_patterns_logic$2099 } = 4'1111
      Activation pattern for cell $flatten\data_memory_interface.$shr$/workspace/incremental-synthesis/benchmarks/riscv-eco-003-new/core/common/data_memory_interface.sv:47$53: { $flatten\data_memory_interface.$procmux$1705_CMP $flatten\singlecycle_datapath.\regfile.$ne$/workspace/incremental-synthesis/benchmarks/riscv-eco-003-new/core/common/regfile.sv:40$106_Y $flatten\singlecycle_datapath.\mux_reg_writeback.\multiplexer.$procmux$1691_CMP $auto$opt_dff.cc:319:make_patterns_logic$2104 } = 4'1111
      Activation pattern for cell $flatten\data_memory_interface.$shr$/workspace/incremental-synthesis/benchmarks/riscv-eco-003-new/core/common/data_memory_interface.sv:47$53: { $flatten\data_memory_interface.$procmux$1705_CMP $flatten\singlecycle_datapath.\regfile.$ne$/workspace/incremental-synthesis/benchmarks/riscv-eco-003-new/core/common/regfile.sv:40$106_Y $flatten\singlecycle_datapath.\mux_reg_writeback.\multiplexer.$procmux$1691_CMP $auto$opt_dff.cc:319:make_patterns_logic$2109 } = 4'1111
      Activation pattern for cell $flatten\data_memory_interface.$shr$/workspace/incremental-synthesis/benchmarks/riscv-eco-003-new/core/common/data_memory_interface.sv:47$53: { $flatten\data_memory_interface.$procmux$1705_CMP $flatten\singlecycle_datapath.\regfile.$ne$/workspace/incremental-synthesis/benchmarks/riscv-eco-003-new/core/common/regfile.sv:40$106_Y $flatten\singlecycle_datapath.\mux_reg_writeback.\multiplexer.$procmux$1691_CMP $auto$opt_dff.cc:319:make_patterns_logic$2114 } = 4'1111
      Activation pattern for cell $flatten\data_memory_interface.$shr$/workspace/incremental-synthesis/benchmarks/riscv-eco-003-new/core/common/data_memory_interface.sv:47$53: { $flatten\data_memory_interface.$procmux$1705_CMP $flatten\singlecycle_datapath.\regfile.$ne$/workspace/incremental-synthesis/benchmarks/riscv-eco-003-new/core/common/regfile.sv:40$106_Y $flatten\singlecycle_datapath.\mux_reg_writeback.\multiplexer.$procmux$1691_CMP $auto$opt_dff.cc:319:make_patterns_logic$2119 } = 4'1111
      Activation pattern for cell $flatten\data_memory_interface.$shr$/workspace/incremental-synthesis/benchmarks/riscv-eco-003-new/core/common/data_memory_interface.sv:47$53: { $flatten\data_memory_interface.$procmux$1705_CMP $flatten\singlecycle_datapath.\regfile.$ne$/workspace/incremental-synthesis/benchmarks/riscv-eco-003-new/core/common/regfile.sv:40$106_Y $flatten\singlecycle_datapath.\mux_reg_writeback.\multiplexer.$procmux$1691_CMP $auto$opt_dff.cc:319:make_patterns_logic$2124 } = 4'1111
      Activation pattern for cell $flatten\data_memory_interface.$shr$/workspace/incremental-synthesis/benchmarks/riscv-eco-003-new/core/common/data_memory_interface.sv:47$53: { $flatten\data_memory_interface.$procmux$1705_CMP $flatten\singlecycle_datapath.\regfile.$ne$/workspace/incremental-synthesis/benchmarks/riscv-eco-003-new/core/common/regfile.sv:40$106_Y $flatten\singlecycle_datapath.\mux_reg_writeback.\multiplexer.$procmux$1691_CMP $auto$opt_dff.cc:319:make_patterns_logic$2129 } = 4'1111
      Activation pattern for cell $flatten\data_memory_interface.$shr$/workspace/incremental-synthesis/benchmarks/riscv-eco-003-new/core/common/data_memory_interface.sv:47$53: { $flatten\data_memory_interface.$procmux$1705_CMP $flatten\singlecycle_datapath.\regfile.$ne$/workspace/incremental-synthesis/benchmarks/riscv-eco-003-new/core/common/regfile.sv:40$106_Y $flatten\singlecycle_datapath.\mux_reg_writeback.\multiplexer.$procmux$1691_CMP $auto$opt_dff.cc:319:make_patterns_logic$2134 } = 4'1111
      Activation pattern for cell $flatten\data_memory_interface.$shr$/workspace/incremental-synthesis/benchmarks/riscv-eco-003-new/core/common/data_memory_interface.sv:47$53: { $flatten\data_memory_interface.$procmux$1705_CMP $flatten\singlecycle_datapath.\regfile.$ne$/workspace/incremental-synthesis/benchmarks/riscv-eco-003-new/core/common/regfile.sv:40$106_Y $flatten\singlecycle_datapath.\mux_reg_writeback.\multiplexer.$procmux$1691_CMP $auto$opt_dff.cc:319:make_patterns_logic$1979 } = 4'1111
      Activation pattern for cell $flatten\data_memory_interface.$shr$/workspace/incremental-synthesis/benchmarks/riscv-eco-003-new/core/common/data_memory_interface.sv:47$53: { $flatten\data_memory_interface.$procmux$1705_CMP $flatten\singlecycle_datapath.\regfile.$ne$/workspace/incremental-synthesis/benchmarks/riscv-eco-003-new/core/common/regfile.sv:40$106_Y $flatten\singlecycle_datapath.\mux_reg_writeback.\multiplexer.$procmux$1691_CMP $auto$opt_dff.cc:319:make_patterns_logic$1984 } = 4'1111
      Activation pattern for cell $flatten\data_memory_interface.$shr$/workspace/incremental-synthesis/benchmarks/riscv-eco-003-new/core/common/data_memory_interface.sv:47$53: { $flatten\data_memory_interface.$procmux$1705_CMP $flatten\singlecycle_datapath.\regfile.$ne$/workspace/incremental-synthesis/benchmarks/riscv-eco-003-new/core/common/regfile.sv:40$106_Y $flatten\singlecycle_datapath.\mux_reg_writeback.\multiplexer.$procmux$1691_CMP $auto$opt_dff.cc:319:make_patterns_logic$1989 } = 4'1111
      Activation pattern for cell $flatten\data_memory_interface.$shr$/workspace/incremental-synthesis/benchmarks/riscv-eco-003-new/core/common/data_memory_interface.sv:47$53: { $flatten\data_memory_interface.$procmux$1705_CMP $flatten\singlecycle_datapath.\regfile.$ne$/workspace/incremental-synthesis/benchmarks/riscv-eco-003-new/core/common/regfile.sv:40$106_Y $flatten\singlecycle_datapath.\mux_reg_writeback.\multiplexer.$procmux$1691_CMP $auto$opt_dff.cc:319:make_patterns_logic$1994 } = 4'1111
      Activation pattern for cell $flatten\data_memory_interface.$shr$/workspace/incremental-synthesis/benchmarks/riscv-eco-003-new/core/common/data_memory_interface.sv:47$53: { $flatten\data_memory_interface.$procmux$1705_CMP $flatten\singlecycle_datapath.\regfile.$ne$/workspace/incremental-synthesis/benchmarks/riscv-eco-003-new/core/common/regfile.sv:40$106_Y $flatten\singlecycle_datapath.\mux_reg_writeback.\multiplexer.$procmux$1691_CMP $auto$opt_dff.cc:319:make_patterns_logic$1999 } = 4'1111
      Activation pattern for cell $flatten\data_memory_interface.$shr$/workspace/incremental-synthesis/benchmarks/riscv-eco-003-new/core/common/data_memory_interface.sv:47$53: { $flatten\data_memory_interface.$procmux$1705_CMP $flatten\singlecycle_datapath.\regfile.$ne$/workspace/incremental-synthesis/benchmarks/riscv-eco-003-new/core/common/regfile.sv:40$106_Y $flatten\singlecycle_datapath.\mux_reg_writeback.\multiplexer.$procmux$1691_CMP $auto$opt_dff.cc:319:make_patterns_logic$2004 } = 4'1111
      Activation pattern for cell $flatten\data_memory_interface.$shr$/workspace/incremental-synthesis/benchmarks/riscv-eco-003-new/core/common/data_memory_interface.sv:47$53: { $flatten\data_memory_interface.$procmux$1705_CMP $flatten\singlecycle_datapath.\regfile.$ne$/workspace/incremental-synthesis/benchmarks/riscv-eco-003-new/core/common/regfile.sv:40$106_Y $flatten\singlecycle_datapath.\mux_reg_writeback.\multiplexer.$procmux$1691_CMP $auto$opt_dff.cc:319:make_patterns_logic$2009 } = 4'1111
      Activation pattern for cell $flatten\data_memory_interface.$shr$/workspace/incremental-synthesis/benchmarks/riscv-eco-003-new/core/common/data_memory_interface.sv:47$53: { $flatten\data_memory_interface.$procmux$1705_CMP $flatten\singlecycle_datapath.\regfile.$ne$/workspace/incremental-synthesis/benchmarks/riscv-eco-003-new/core/common/regfile.sv:40$106_Y $flatten\singlecycle_datapath.\mux_reg_writeback.\multiplexer.$procmux$1691_CMP $auto$opt_dff.cc:319:make_patterns_logic$2014 } = 4'1111
      Activation pattern for cell $flatten\data_memory_interface.$shr$/workspace/incremental-synthesis/benchmarks/riscv-eco-003-new/core/common/data_memory_interface.sv:47$53: { $flatten\data_memory_interface.$procmux$1705_CMP $flatten\singlecycle_datapath.\regfile.$ne$/workspace/incremental-synthesis/benchmarks/riscv-eco-003-new/core/common/regfile.sv:40$106_Y $flatten\singlecycle_datapath.\mux_reg_writeback.\multiplexer.$procmux$1691_CMP $auto$opt_dff.cc:319:make_patterns_logic$2019 } = 4'1111
      Activation pattern for cell $flatten\data_memory_interface.$shr$/workspace/incremental-synthesis/benchmarks/riscv-eco-003-new/core/common/data_memory_interface.sv:47$53: { $flatten\data_memory_interface.$procmux$1705_CMP $flatten\singlecycle_datapath.\regfile.$ne$/workspace/incremental-synthesis/benchmarks/riscv-eco-003-new/core/common/regfile.sv:40$106_Y $flatten\singlecycle_datapath.\mux_reg_writeback.\multiplexer.$procmux$1691_CMP $auto$opt_dff.cc:319:make_patterns_logic$2024 } = 4'1111
      Activation pattern for cell $flatten\data_memory_interface.$shr$/workspace/incremental-synthesis/benchmarks/riscv-eco-003-new/core/common/data_memory_interface.sv:47$53: { $flatten\data_memory_interface.$procmux$1705_CMP $flatten\singlecycle_datapath.\regfile.$ne$/workspace/incremental-synthesis/benchmarks/riscv-eco-003-new/core/common/regfile.sv:40$106_Y $flatten\singlecycle_datapath.\mux_reg_writeback.\multiplexer.$procmux$1691_CMP $auto$opt_dff.cc:319:make_patterns_logic$2029 } = 4'1111
      Activation pattern for cell $flatten\data_memory_interface.$shr$/workspace/incremental-synthesis/benchmarks/riscv-eco-003-new/core/common/data_memory_interface.sv:47$53: { $flatten\data_memory_interface.$procmux$1705_CMP $flatten\singlecycle_datapath.\regfile.$ne$/workspace/incremental-synthesis/benchmarks/riscv-eco-003-new/core/common/regfile.sv:40$106_Y $flatten\singlecycle_datapath.\mux_reg_writeback.\multiplexer.$procmux$1691_CMP $auto$opt_dff.cc:319:make_patterns_logic$2034 } = 4'1111
      Activation pattern for cell $flatten\data_memory_interface.$shr$/workspace/incremental-synthesis/benchmarks/riscv-eco-003-new/core/common/data_memory_interface.sv:47$53: { $flatten\data_memory_interface.$procmux$1705_CMP $flatten\singlecycle_datapath.\regfile.$ne$/workspace/incremental-synthesis/benchmarks/riscv-eco-003-new/core/common/regfile.sv:40$106_Y $flatten\singlecycle_datapath.\mux_reg_writeback.\multiplexer.$procmux$1691_CMP $auto$opt_dff.cc:319:make_patterns_logic$2039 } = 4'1111
      Activation pattern for cell $flatten\data_memory_interface.$shr$/workspace/incremental-synthesis/benchmarks/riscv-eco-003-new/core/common/data_memory_interface.sv:47$53: { $flatten\data_memory_interface.$procmux$1705_CMP $flatten\singlecycle_datapath.\regfile.$ne$/workspace/incremental-synthesis/benchmarks/riscv-eco-003-new/core/common/regfile.sv:40$106_Y $flatten\singlecycle_datapath.\mux_reg_writeback.\multiplexer.$procmux$1691_CMP $auto$opt_dff.cc:319:make_patterns_logic$2044 } = 4'1111
      Activation pattern for cell $flatten\data_memory_interface.$shr$/workspace/incremental-synthesis/benchmarks/riscv-eco-003-new/core/common/data_memory_interface.sv:47$53: { $flatten\data_memory_interface.$procmux$1705_CMP $flatten\singlecycle_datapath.\regfile.$ne$/workspace/incremental-synthesis/benchmarks/riscv-eco-003-new/core/common/regfile.sv:40$106_Y $flatten\singlecycle_datapath.\mux_reg_writeback.\multiplexer.$procmux$1691_CMP $auto$opt_dff.cc:319:make_patterns_logic$2049 } = 4'1111
      Activation pattern for cell $flatten\data_memory_interface.$shr$/workspace/incremental-synthesis/benchmarks/riscv-eco-003-new/core/common/data_memory_interface.sv:47$53: { $flatten\data_memory_interface.$procmux$1705_CMP $flatten\singlecycle_datapath.\regfile.$ne$/workspace/incremental-synthesis/benchmarks/riscv-eco-003-new/core/common/regfile.sv:40$106_Y $flatten\singlecycle_datapath.\mux_reg_writeback.\multiplexer.$procmux$1691_CMP $auto$opt_dff.cc:319:make_patterns_logic$2054 } = 4'1111
      Activation pattern for cell $flatten\data_memory_interface.$shr$/workspace/incremental-synthesis/benchmarks/riscv-eco-003-new/core/common/data_memory_interface.sv:47$53: { $flatten\data_memory_interface.$procmux$1705_CMP $flatten\singlecycle_datapath.\regfile.$ne$/workspace/incremental-synthesis/benchmarks/riscv-eco-003-new/core/common/regfile.sv:40$106_Y $flatten\singlecycle_datapath.\mux_reg_writeback.\multiplexer.$procmux$1691_CMP $auto$opt_dff.cc:319:make_patterns_logic$2059 } = 4'1111
      Activation pattern for cell $flatten\data_memory_interface.$shr$/workspace/incremental-synthesis/benchmarks/riscv-eco-003-new/core/common/data_memory_interface.sv:47$53: { $flatten\data_memory_interface.$procmux$1705_CMP $flatten\singlecycle_datapath.\regfile.$ne$/workspace/incremental-synthesis/benchmarks/riscv-eco-003-new/core/common/regfile.sv:40$106_Y $flatten\singlecycle_datapath.\mux_reg_writeback.\multiplexer.$procmux$1691_CMP $auto$opt_dff.cc:319:make_patterns_logic$2064 } = 4'1111
      Activation pattern for cell $flatten\data_memory_interface.$shr$/workspace/incremental-synthesis/benchmarks/riscv-eco-003-new/core/common/data_memory_interface.sv:47$53: { $flatten\data_memory_interface.$procmux$1705_CMP $flatten\singlecycle_datapath.\regfile.$ne$/workspace/incremental-synthesis/benchmarks/riscv-eco-003-new/core/common/regfile.sv:40$106_Y $flatten\singlecycle_datapath.\mux_reg_writeback.\multiplexer.$procmux$1691_CMP $auto$opt_dff.cc:319:make_patterns_logic$2069 } = 4'1111
      Activation pattern for cell $flatten\data_memory_interface.$shr$/workspace/incremental-synthesis/benchmarks/riscv-eco-003-new/core/common/data_memory_interface.sv:47$53: { $flatten\data_memory_interface.$procmux$1705_CMP $flatten\singlecycle_datapath.\regfile.$ne$/workspace/incremental-synthesis/benchmarks/riscv-eco-003-new/core/common/regfile.sv:40$106_Y $flatten\singlecycle_datapath.\mux_reg_writeback.\multiplexer.$procmux$1691_CMP $auto$opt_dff.cc:319:make_patterns_logic$2074 } = 4'1111
      Activation pattern for cell $flatten\data_memory_interface.$shr$/workspace/incremental-synthesis/benchmarks/riscv-eco-003-new/core/common/data_memory_interface.sv:47$53: { $flatten\data_memory_interface.$procmux$1705_CMP $flatten\singlecycle_datapath.\regfile.$ne$/workspace/incremental-synthesis/benchmarks/riscv-eco-003-new/core/common/regfile.sv:40$106_Y $flatten\singlecycle_datapath.\mux_reg_writeback.\multiplexer.$procmux$1691_CMP $auto$opt_dff.cc:319:make_patterns_logic$2079 } = 4'1111
      Activation pattern for cell $flatten\singlecycle_datapath.\alu.$shr$/workspace/incremental-synthesis/benchmarks/riscv-eco-003-new/core/common/alu.sv:32$7: $flatten\singlecycle_datapath.\alu.$procmux$1820_CMP = 1'1
      Size of SAT problem: 75 cells, 1092 variables, 3726 clauses
      According to the SAT solver this pair of cells can be shared.
      Activation signal for $flatten\singlecycle_datapath.\alu.$shr$/workspace/incremental-synthesis/benchmarks/riscv-eco-003-new/core/common/alu.sv:32$7: $auto$share.cc:1062:make_cell_activation_logic$2160
      New cell: $auto$share.cc:663:make_supercell$2167 ($shr)
      New topology contains loops! Rolling back..
  Analyzing resource sharing options for $flatten\singlecycle_datapath.\alu.$shr$/workspace/incremental-synthesis/benchmarks/riscv-eco-003-new/core/common/alu.sv:32$7 ($shr):
    Found 1 activation_patterns using ctrl signal $flatten\singlecycle_datapath.\alu.$procmux$1820_CMP.
    No candidates found.
  Analyzing resource sharing options for $flatten\singlecycle_datapath.\alu.$sshr$/workspace/incremental-synthesis/benchmarks/riscv-eco-003-new/core/common/alu.sv:33$8 ($sshr):
    Found 1 activation_patterns using ctrl signal $flatten\singlecycle_datapath.\alu.$procmux$1819_CMP.
    No candidates found.
  Analyzing resource sharing options for $flatten\singlecycle_datapath.\alu.$shl$/workspace/incremental-synthesis/benchmarks/riscv-eco-003-new/core/common/alu.sv:31$6 ($shl):
    Found 1 activation_patterns using ctrl signal $flatten\singlecycle_datapath.\alu.$procmux$1821_CMP.
    No candidates found.
  Analyzing resource sharing options for $flatten\singlecycle_ctlpath.\alu_control.$auto$mem.cc:305:emit$154 ($memrd_v2):
    Found 1 activation_patterns using ctrl signal { $flatten\singlecycle_ctlpath.\alu_control.$procmux$1749_CMP \inst [30] \inst [25] }.
    No candidates found.
  Analyzing resource sharing options for $flatten\singlecycle_datapath.\alu.$mod$/workspace/incremental-synthesis/benchmarks/riscv-eco-003-new/core/common/alu.sv:67$27 ($mod):
    Found 1 activation_patterns using ctrl signal { $flatten\singlecycle_datapath.\alu.$eq$/workspace/incremental-synthesis/benchmarks/riscv-eco-003-new/core/common/alu.sv:45$14_Y $flatten\singlecycle_datapath.\alu.$procmux$1757_CMP }.
    Found 1 candidates: $flatten\singlecycle_datapath.\alu.$mod$/workspace/incremental-synthesis/benchmarks/riscv-eco-003-new/core/common/alu.sv:62$25
    Analyzing resource sharing with $flatten\singlecycle_datapath.\alu.$mod$/workspace/incremental-synthesis/benchmarks/riscv-eco-003-new/core/common/alu.sv:62$25 ($mod):
      Found 1 activation_patterns using ctrl signal { $flatten\singlecycle_datapath.\alu.$eq$/workspace/incremental-synthesis/benchmarks/riscv-eco-003-new/core/common/alu.sv:45$14_Y $flatten\singlecycle_datapath.\alu.$logic_and$/workspace/incremental-synthesis/benchmarks/riscv-eco-003-new/core/common/alu.sv:47$17_Y $flatten\singlecycle_datapath.\alu.$procmux$1767_CMP }.
      Forbidden control signals for this pair of cells: { \singlecycle_ctlpath.control_transfer.take_branch $flatten\singlecycle_datapath.\mux_next_pc_select.\multiplexer.$procmux$1697_CMP $flatten\singlecycle_datapath.\mux_next_pc_select.\multiplexer.$procmux$1696_CMP $flatten\singlecycle_datapath.\mux_next_pc_select.\multiplexer.$procmux$1695_CMP $flatten\singlecycle_datapath.\mux_next_pc_select.\multiplexer.$procmux$1694_CMP }
      Activation pattern for cell $flatten\singlecycle_datapath.\alu.$mod$/workspace/incremental-synthesis/benchmarks/riscv-eco-003-new/core/common/alu.sv:67$27: { $flatten\singlecycle_datapath.\alu.$eq$/workspace/incremental-synthesis/benchmarks/riscv-eco-003-new/core/common/alu.sv:45$14_Y $flatten\singlecycle_datapath.\alu.$procmux$1757_CMP } = 2'01
      Activation pattern for cell $flatten\singlecycle_datapath.\alu.$mod$/workspace/incremental-synthesis/benchmarks/riscv-eco-003-new/core/common/alu.sv:62$25: { $flatten\singlecycle_datapath.\alu.$eq$/workspace/incremental-synthesis/benchmarks/riscv-eco-003-new/core/common/alu.sv:45$14_Y $flatten\singlecycle_datapath.\alu.$logic_and$/workspace/incremental-synthesis/benchmarks/riscv-eco-003-new/core/common/alu.sv:47$17_Y $flatten\singlecycle_datapath.\alu.$procmux$1767_CMP } = 3'001
      Size of SAT problem: 123 cells, 9598 variables, 25267 clauses
      According to the SAT solver this pair of cells can be shared.
      Activation signal for $flatten\singlecycle_datapath.\alu.$mod$/workspace/incremental-synthesis/benchmarks/riscv-eco-003-new/core/common/alu.sv:67$27: $auto$share.cc:1062:make_cell_activation_logic$2170
      New cell: $auto$share.cc:663:make_supercell$2177 ($mod)
  Analyzing resource sharing options for $auto$share.cc:663:make_supercell$2177 ($mod):
    Found 2 activation_patterns using ctrl signal { $flatten\singlecycle_datapath.\alu.$eq$/workspace/incremental-synthesis/benchmarks/riscv-eco-003-new/core/common/alu.sv:45$14_Y $flatten\singlecycle_datapath.\alu.$logic_and$/workspace/incremental-synthesis/benchmarks/riscv-eco-003-new/core/common/alu.sv:47$17_Y $flatten\singlecycle_datapath.\alu.$procmux$1757_CMP $flatten\singlecycle_datapath.\alu.$procmux$1767_CMP }.
    No candidates found.
  Analyzing resource sharing options for $flatten\singlecycle_datapath.\alu.$div$/workspace/incremental-synthesis/benchmarks/riscv-eco-003-new/core/common/alu.sv:55$20 ($div):
    Found 1 activation_patterns using ctrl signal { $flatten\singlecycle_datapath.\alu.$eq$/workspace/incremental-synthesis/benchmarks/riscv-eco-003-new/core/common/alu.sv:45$14_Y $flatten\singlecycle_datapath.\alu.$procmux$1782_CMP }.
    Found 1 candidates: $flatten\singlecycle_datapath.\alu.$div$/workspace/incremental-synthesis/benchmarks/riscv-eco-003-new/core/common/alu.sv:50$18
    Analyzing resource sharing with $flatten\singlecycle_datapath.\alu.$div$/workspace/incremental-synthesis/benchmarks/riscv-eco-003-new/core/common/alu.sv:50$18 ($div):
      Found 1 activation_patterns using ctrl signal { $flatten\singlecycle_datapath.\alu.$eq$/workspace/incremental-synthesis/benchmarks/riscv-eco-003-new/core/common/alu.sv:45$14_Y $flatten\singlecycle_datapath.\alu.$logic_and$/workspace/incremental-synthesis/benchmarks/riscv-eco-003-new/core/common/alu.sv:47$17_Y $flatten\singlecycle_datapath.\alu.$procmux$1794_CMP }.
      Forbidden control signals for this pair of cells: { \singlecycle_ctlpath.control_transfer.take_branch $flatten\singlecycle_datapath.\mux_next_pc_select.\multiplexer.$procmux$1697_CMP $flatten\singlecycle_datapath.\mux_next_pc_select.\multiplexer.$procmux$1696_CMP $flatten\singlecycle_datapath.\mux_next_pc_select.\multiplexer.$procmux$1695_CMP $flatten\singlecycle_datapath.\mux_next_pc_select.\multiplexer.$procmux$1694_CMP }
      Activation pattern for cell $flatten\singlecycle_datapath.\alu.$div$/workspace/incremental-synthesis/benchmarks/riscv-eco-003-new/core/common/alu.sv:55$20: { $flatten\singlecycle_datapath.\alu.$eq$/workspace/incremental-synthesis/benchmarks/riscv-eco-003-new/core/common/alu.sv:45$14_Y $flatten\singlecycle_datapath.\alu.$procmux$1782_CMP } = 2'01
      Activation pattern for cell $flatten\singlecycle_datapath.\alu.$div$/workspace/incremental-synthesis/benchmarks/riscv-eco-003-new/core/common/alu.sv:50$18: { $flatten\singlecycle_datapath.\alu.$eq$/workspace/incremental-synthesis/benchmarks/riscv-eco-003-new/core/common/alu.sv:45$14_Y $flatten\singlecycle_datapath.\alu.$logic_and$/workspace/incremental-synthesis/benchmarks/riscv-eco-003-new/core/common/alu.sv:47$17_Y $flatten\singlecycle_datapath.\alu.$procmux$1794_CMP } = 3'001
      Size of SAT problem: 123 cells, 9604 variables, 25285 clauses
      According to the SAT solver this pair of cells can be shared.
      Activation signal for $flatten\singlecycle_datapath.\alu.$div$/workspace/incremental-synthesis/benchmarks/riscv-eco-003-new/core/common/alu.sv:55$20: $auto$share.cc:1062:make_cell_activation_logic$2180
      New cell: $auto$share.cc:663:make_supercell$2187 ($div)
  Analyzing resource sharing options for $auto$share.cc:663:make_supercell$2187 ($div):
    Found 2 activation_patterns using ctrl signal { $flatten\singlecycle_datapath.\alu.$eq$/workspace/incremental-synthesis/benchmarks/riscv-eco-003-new/core/common/alu.sv:45$14_Y $flatten\singlecycle_datapath.\alu.$logic_and$/workspace/incremental-synthesis/benchmarks/riscv-eco-003-new/core/common/alu.sv:47$17_Y $flatten\singlecycle_datapath.\alu.$procmux$1782_CMP $flatten\singlecycle_datapath.\alu.$procmux$1794_CMP }.
    No candidates found.
  Analyzing resource sharing options for $flatten\singlecycle_ctlpath.\alu_control.$auto$mem.cc:305:emit$158 ($memrd_v2):
    Found 2 activation_patterns using ctrl signal { $flatten\singlecycle_ctlpath.\alu_control.$logic_and$/workspace/incremental-synthesis/benchmarks/riscv-eco-003-new/core/common/alu_control.sv:43$36_Y $flatten\singlecycle_ctlpath.\alu_control.$procmux$1748_CMP $flatten\singlecycle_ctlpath.\alu_control.$procmux$1749_CMP \inst [30] \inst [25] }.
    No candidates found.
Removing 4 cells in module riscv_core:
  Removing cell $flatten\singlecycle_datapath.\alu.$div$/workspace/incremental-synthesis/benchmarks/riscv-eco-003-new/core/common/alu.sv:50$18 ($div).
  Removing cell $flatten\singlecycle_datapath.\alu.$div$/workspace/incremental-synthesis/benchmarks/riscv-eco-003-new/core/common/alu.sv:55$20 ($div).
  Removing cell $flatten\singlecycle_datapath.\alu.$mod$/workspace/incremental-synthesis/benchmarks/riscv-eco-003-new/core/common/alu.sv:62$25 ($mod).
  Removing cell $flatten\singlecycle_datapath.\alu.$mod$/workspace/incremental-synthesis/benchmarks/riscv-eco-003-new/core/common/alu.sv:67$27 ($mod).

34.14. Executing OPT pass (performing simple optimizations).

34.14.1. Executing OPT_EXPR pass (perform const folding).
Optimizing module riscv_core.

34.14.2. Executing OPT_MERGE pass (detect identical cells).
Finding identical cells in module `\riscv_core'.
Computing hashes of 418 cells of `\riscv_core'.
Finding duplicate cells in `\riscv_core'.
Computing hashes of 416 cells of `\riscv_core'.
Finding duplicate cells in `\riscv_core'.
<suppressed ~6 debug messages>
Removed a total of 2 cells.

34.14.3. Executing OPT_MUXTREE pass (detect dead branches in mux trees).
Running muxtree optimizer on module \riscv_core..
  Creating internal representation of mux trees.
  Evaluating internal representation of mux trees.
  Analyzing evaluation results.
Removed 0 multiplexer ports.
<suppressed ~255 debug messages>

34.14.4. Executing OPT_REDUCE pass (consolidate $*mux and $reduce_* inputs).
  Optimizing cells in module \riscv_core.
Performed a total of 0 changes.

34.14.5. Executing OPT_MERGE pass (detect identical cells).
Finding identical cells in module `\riscv_core'.
Computing hashes of 416 cells of `\riscv_core'.
Finding duplicate cells in `\riscv_core'.
Removed a total of 0 cells.

34.14.6. Executing OPT_DFF pass (perform DFF optimizations).

34.14.7. Executing OPT_CLEAN pass (remove unused cells and wires).
Finding unused cells or wires in module \riscv_core..
Removed 0 unused cells and 10 unused wires.
<suppressed ~3 debug messages>

34.14.8. Executing OPT_EXPR pass (perform const folding).
Optimizing module riscv_core.

34.14.9. Rerunning OPT passes. (Maybe there is more to do..)

34.14.10. Executing OPT_MUXTREE pass (detect dead branches in mux trees).
Running muxtree optimizer on module \riscv_core..
  Creating internal representation of mux trees.
  Evaluating internal representation of mux trees.
  Analyzing evaluation results.
Removed 0 multiplexer ports.
<suppressed ~255 debug messages>

34.14.11. Executing OPT_REDUCE pass (consolidate $*mux and $reduce_* inputs).
  Optimizing cells in module \riscv_core.
Performed a total of 0 changes.

34.14.12. Executing OPT_MERGE pass (detect identical cells).
Finding identical cells in module `\riscv_core'.
Computing hashes of 414 cells of `\riscv_core'.
Finding duplicate cells in `\riscv_core'.
Removed a total of 0 cells.

34.14.13. Executing OPT_DFF pass (perform DFF optimizations).

34.14.14. Executing OPT_CLEAN pass (remove unused cells and wires).
Finding unused cells or wires in module \riscv_core..

34.14.15. Executing OPT_EXPR pass (perform const folding).
Optimizing module riscv_core.

34.14.16. Finished fast OPT passes. (There is nothing left to do.)

34.15. Executing MEMORY pass.

34.15.1. Executing OPT_MEM pass (optimize memories).
riscv_core.$flatten\singlecycle_ctlpath.\alu_control.$auto$proc_rom.cc:155:do_switch$157: removing const-0 lane 4
Performed a total of 1 transformations.

34.15.2. Executing OPT_MEM_PRIORITY pass (removing unnecessary memory write priority relations).
Performed a total of 0 transformations.

34.15.3. Executing OPT_MEM_FEEDBACK pass (finding memory read-to-write feedback paths).

34.15.4. Executing MEMORY_BMUX2ROM pass (converting muxes to ROMs).

34.15.5. Executing MEMORY_DFF pass (merging $dff cells to $memrd).
Checking read port `$flatten\singlecycle_ctlpath.\alu_control.$auto$proc_rom.cc:155:do_switch$153'[0] in module `\riscv_core': no output FF found.
Checking read port `$flatten\singlecycle_ctlpath.\alu_control.$auto$proc_rom.cc:155:do_switch$157'[0] in module `\riscv_core': no output FF found.
Checking read port address `$flatten\singlecycle_ctlpath.\alu_control.$auto$proc_rom.cc:155:do_switch$153'[0] in module `\riscv_core': no address FF found.
Checking read port address `$flatten\singlecycle_ctlpath.\alu_control.$auto$proc_rom.cc:155:do_switch$157'[0] in module `\riscv_core': no address FF found.

34.15.6. Executing OPT_CLEAN pass (remove unused cells and wires).
Finding unused cells or wires in module \riscv_core..

34.15.7. Executing MEMORY_SHARE pass (consolidating $memrd/$memwr cells).

34.15.8. Executing OPT_MEM_WIDEN pass (optimize memories where all ports are wide).
Performed a total of 0 transformations.

34.15.9. Executing OPT_CLEAN pass (remove unused cells and wires).
Finding unused cells or wires in module \riscv_core..

34.15.10. Executing MEMORY_COLLECT pass (generating $mem cells).

34.16. Executing OPT_CLEAN pass (remove unused cells and wires).
Finding unused cells or wires in module \riscv_core..

34.17. Executing OPT pass (performing simple optimizations).

34.17.1. Executing OPT_EXPR pass (perform const folding).
Optimizing module riscv_core.
<suppressed ~92 debug messages>

34.17.2. Executing OPT_MERGE pass (detect identical cells).
Finding identical cells in module `\riscv_core'.
Computing hashes of 342 cells of `\riscv_core'.
Finding duplicate cells in `\riscv_core'.
Computing hashes of 311 cells of `\riscv_core'.
Finding duplicate cells in `\riscv_core'.
<suppressed ~93 debug messages>
Removed a total of 31 cells.

34.17.3. Executing OPT_DFF pass (perform DFF optimizations).
Removing always-active EN on $auto$ff.cc:337:slice$2138 ($adffe) from module riscv_core.
Adding EN signal on $auto$ff.cc:337:slice$2138 ($adffe) from module riscv_core (D = \singlecycle_datapath.mux_next_pc_select.multiplexer.out [1:0], Q = \singlecycle_datapath.program_counter.value [1:0]).

34.17.4. Executing OPT_CLEAN pass (remove unused cells and wires).
Finding unused cells or wires in module \riscv_core..
Removed 22 unused cells and 130 unused wires.
<suppressed ~35 debug messages>

34.17.5. Rerunning OPT passes. (Removed registers in this run.)

34.17.6. Executing OPT_EXPR pass (perform const folding).
Optimizing module riscv_core.
<suppressed ~1 debug messages>

34.17.7. Executing OPT_MERGE pass (detect identical cells).
Finding identical cells in module `\riscv_core'.
Computing hashes of 291 cells of `\riscv_core'.
Finding duplicate cells in `\riscv_core'.
Removed a total of 0 cells.

34.17.8. Executing OPT_DFF pass (perform DFF optimizations).

34.17.9. Executing OPT_CLEAN pass (remove unused cells and wires).
Finding unused cells or wires in module \riscv_core..

34.17.10. Finished fast OPT passes.

34.18. Executing MEMORY_MAP pass (converting memories to logic and flip-flops).
Mapping memory $flatten\singlecycle_ctlpath.\alu_control.$auto$proc_rom.cc:155:do_switch$153 in module \riscv_core:
  created 8 $dff cells and 0 static cells of width 5.
  read interface: 0 $dff and 7 $mux cells.
  write interface: 0 write mux blocks.
Mapping memory $flatten\singlecycle_ctlpath.\alu_control.$auto$proc_rom.cc:155:do_switch$157 in module \riscv_core:
  created 8 $dff cells and 0 static cells of width 4.
  read interface: 0 $dff and 7 $mux cells.
  write interface: 0 write mux blocks.

34.19. Executing OPT pass (performing simple optimizations).

34.19.1. Executing OPT_EXPR pass (perform const folding).
Optimizing module riscv_core.

34.19.2. Executing OPT_MERGE pass (detect identical cells).
Finding identical cells in module `\riscv_core'.
Computing hashes of 303 cells of `\riscv_core'.
Finding duplicate cells in `\riscv_core'.
Removed a total of 0 cells.

34.19.3. Executing OPT_MUXTREE pass (detect dead branches in mux trees).
Running muxtree optimizer on module \riscv_core..
  Creating internal representation of mux trees.
  Evaluating internal representation of mux trees.
  Analyzing evaluation results.
Removed 0 multiplexer ports.
<suppressed ~79 debug messages>

34.19.4. Executing OPT_REDUCE pass (consolidate $*mux and $reduce_* inputs).
  Optimizing cells in module \riscv_core.
    Consolidated identical input bits for $mux cell $memory$flatten\singlecycle_ctlpath.\alu_control.$auto$proc_rom.cc:155:do_switch$157$rdmux[0][2][2]$2234:
      Old ports: A=4'1000, B=4'0100, Y=$memory$flatten\singlecycle_ctlpath.\alu_control.$auto$proc_rom.cc:155:do_switch$157$rdmux[0][1][1]$a$2226
      New ports: A=2'10, B=2'01, Y=$memory$flatten\singlecycle_ctlpath.\alu_control.$auto$proc_rom.cc:155:do_switch$157$rdmux[0][1][1]$a$2226 [3:2]
      New connections: $memory$flatten\singlecycle_ctlpath.\alu_control.$auto$proc_rom.cc:155:do_switch$157$rdmux[0][1][1]$a$2226 [1:0] = 2'00
    Consolidated identical input bits for $mux cell $memory$flatten\singlecycle_ctlpath.\alu_control.$auto$proc_rom.cc:155:do_switch$157$rdmux[0][2][1]$2231:
      Old ports: A=4'0110, B=4'0111, Y=$memory$flatten\singlecycle_ctlpath.\alu_control.$auto$proc_rom.cc:155:do_switch$157$rdmux[0][1][0]$b$2224
      New ports: A=1'0, B=1'1, Y=$memory$flatten\singlecycle_ctlpath.\alu_control.$auto$proc_rom.cc:155:do_switch$157$rdmux[0][1][0]$b$2224 [0]
      New connections: $memory$flatten\singlecycle_ctlpath.\alu_control.$auto$proc_rom.cc:155:do_switch$157$rdmux[0][1][0]$b$2224 [3:1] = 3'011
    Consolidated identical input bits for $mux cell $memory$flatten\singlecycle_ctlpath.\alu_control.$auto$proc_rom.cc:155:do_switch$157$rdmux[0][2][0]$2228:
      Old ports: A=4'0001, B=4'0011, Y=$memory$flatten\singlecycle_ctlpath.\alu_control.$auto$proc_rom.cc:155:do_switch$157$rdmux[0][1][0]$a$2223
      New ports: A=1'0, B=1'1, Y=$memory$flatten\singlecycle_ctlpath.\alu_control.$auto$proc_rom.cc:155:do_switch$157$rdmux[0][1][0]$a$2223 [1]
      New connections: { $memory$flatten\singlecycle_ctlpath.\alu_control.$auto$proc_rom.cc:155:do_switch$157$rdmux[0][1][0]$a$2223 [3:2] $memory$flatten\singlecycle_ctlpath.\alu_control.$auto$proc_rom.cc:155:do_switch$157$rdmux[0][1][0]$a$2223 [0] } = 3'001
    Consolidated identical input bits for $mux cell $memory$flatten\singlecycle_ctlpath.\alu_control.$auto$proc_rom.cc:155:do_switch$153$rdmux[0][2][2]$2213:
      Old ports: A=5'01111, B=5'10000, Y=$memory$flatten\singlecycle_ctlpath.\alu_control.$auto$proc_rom.cc:155:do_switch$153$rdmux[0][1][1]$a$2205
      New ports: A=2'01, B=2'10, Y={ $memory$flatten\singlecycle_ctlpath.\alu_control.$auto$proc_rom.cc:155:do_switch$153$rdmux[0][1][1]$a$2205 [4] $memory$flatten\singlecycle_ctlpath.\alu_control.$auto$proc_rom.cc:155:do_switch$153$rdmux[0][1][1]$a$2205 [0] }
      New connections: $memory$flatten\singlecycle_ctlpath.\alu_control.$auto$proc_rom.cc:155:do_switch$153$rdmux[0][1][1]$a$2205 [3:1] = { $memory$flatten\singlecycle_ctlpath.\alu_control.$auto$proc_rom.cc:155:do_switch$153$rdmux[0][1][1]$a$2205 [0] $memory$flatten\singlecycle_ctlpath.\alu_control.$auto$proc_rom.cc:155:do_switch$153$rdmux[0][1][1]$a$2205 [0] $memory$flatten\singlecycle_ctlpath.\alu_control.$auto$proc_rom.cc:155:do_switch$153$rdmux[0][1][1]$a$2205 [0] }
    Consolidated identical input bits for $mux cell $memory$flatten\singlecycle_ctlpath.\alu_control.$auto$proc_rom.cc:155:do_switch$153$rdmux[0][2][1]$2210:
      Old ports: A=5'01101, B=5'01110, Y=$memory$flatten\singlecycle_ctlpath.\alu_control.$auto$proc_rom.cc:155:do_switch$153$rdmux[0][1][0]$b$2203
      New ports: A=2'01, B=2'10, Y=$memory$flatten\singlecycle_ctlpath.\alu_control.$auto$proc_rom.cc:155:do_switch$153$rdmux[0][1][0]$b$2203 [1:0]
      New connections: $memory$flatten\singlecycle_ctlpath.\alu_control.$auto$proc_rom.cc:155:do_switch$153$rdmux[0][1][0]$b$2203 [4:2] = 3'011
    Consolidated identical input bits for $mux cell $memory$flatten\singlecycle_ctlpath.\alu_control.$auto$proc_rom.cc:155:do_switch$153$rdmux[0][2][0]$2207:
      Old ports: A=5'01011, B=5'01100, Y=$memory$flatten\singlecycle_ctlpath.\alu_control.$auto$proc_rom.cc:155:do_switch$153$rdmux[0][1][0]$a$2202
      New ports: A=2'01, B=2'10, Y={ $memory$flatten\singlecycle_ctlpath.\alu_control.$auto$proc_rom.cc:155:do_switch$153$rdmux[0][1][0]$a$2202 [2] $memory$flatten\singlecycle_ctlpath.\alu_control.$auto$proc_rom.cc:155:do_switch$153$rdmux[0][1][0]$a$2202 [0] }
      New connections: { $memory$flatten\singlecycle_ctlpath.\alu_control.$auto$proc_rom.cc:155:do_switch$153$rdmux[0][1][0]$a$2202 [4:3] $memory$flatten\singlecycle_ctlpath.\alu_control.$auto$proc_rom.cc:155:do_switch$153$rdmux[0][1][0]$a$2202 [1] } = { 2'01 $memory$flatten\singlecycle_ctlpath.\alu_control.$auto$proc_rom.cc:155:do_switch$153$rdmux[0][1][0]$a$2202 [0] }
    Consolidated identical input bits for $mux cell $auto$share.cc:657:make_supercell$2185:
      Old ports: A={ \singlecycle_datapath.alu.operand_b [31] \singlecycle_datapath.alu.operand_b }, B={ 1'0 \singlecycle_datapath.alu.operand_b }, Y=$auto$share.cc:654:make_supercell$2183
      New ports: A=\singlecycle_datapath.alu.operand_b [31], B=1'0, Y=$auto$share.cc:654:make_supercell$2183 [32]
      New connections: $auto$share.cc:654:make_supercell$2183 [31:0] = \singlecycle_datapath.alu.operand_b
    Consolidated identical input bits for $mux cell $memory$flatten\singlecycle_ctlpath.\alu_control.$auto$proc_rom.cc:155:do_switch$153$rdmux[0][2][3]$2216:
      Old ports: A=5'10001, B=5'10010, Y=$memory$flatten\singlecycle_ctlpath.\alu_control.$auto$proc_rom.cc:155:do_switch$153$rdmux[0][1][1]$b$2206
      New ports: A=2'01, B=2'10, Y=$memory$flatten\singlecycle_ctlpath.\alu_control.$auto$proc_rom.cc:155:do_switch$153$rdmux[0][1][1]$b$2206 [1:0]
      New connections: $memory$flatten\singlecycle_ctlpath.\alu_control.$auto$proc_rom.cc:155:do_switch$153$rdmux[0][1][1]$b$2206 [4:2] = 3'100
    Consolidated identical input bits for $mux cell $auto$share.cc:656:make_supercell$2184:
      Old ports: A={ \singlecycle_datapath.alu.operand_a [31] \singlecycle_datapath.alu.operand_a }, B={ 1'0 \singlecycle_datapath.alu.operand_a }, Y=$auto$share.cc:653:make_supercell$2182
      New ports: A=\singlecycle_datapath.alu.operand_a [31], B=1'0, Y=$auto$share.cc:653:make_supercell$2182 [32]
      New connections: $auto$share.cc:653:make_supercell$2182 [31:0] = \singlecycle_datapath.alu.operand_a
    Consolidated identical input bits for $mux cell $auto$share.cc:656:make_supercell$2174:
      Old ports: A={ \singlecycle_datapath.alu.operand_a [31] \singlecycle_datapath.alu.operand_a }, B={ 1'0 \singlecycle_datapath.alu.operand_a }, Y=$auto$share.cc:653:make_supercell$2172
      New ports: A=\singlecycle_datapath.alu.operand_a [31], B=1'0, Y=$auto$share.cc:653:make_supercell$2172 [32]
      New connections: $auto$share.cc:653:make_supercell$2172 [31:0] = \singlecycle_datapath.alu.operand_a
    Consolidated identical input bits for $pmux cell $flatten\singlecycle_ctlpath.\alu_control.$procmux$1721:
      Old ports: A=5'00111, B=10'0011000010, Y=\singlecycle_ctlpath.alu_control.branch_funct
      New ports: A=2'11, B=4'1000, Y={ \singlecycle_ctlpath.alu_control.branch_funct [2] \singlecycle_ctlpath.alu_control.branch_funct [0] }
      New connections: { \singlecycle_ctlpath.alu_control.branch_funct [4:3] \singlecycle_ctlpath.alu_control.branch_funct [1] } = 3'001
    Consolidated identical input bits for $pmux cell $flatten\data_memory_interface.$procmux$1702:
      Old ports: A={ $flatten\data_memory_interface.$and$/workspace/incremental-synthesis/benchmarks/riscv-eco-003-new/core/common/data_memory_interface.sv:53$56_Y $flatten\data_memory_interface.$and$/workspace/incremental-synthesis/benchmarks/riscv-eco-003-new/core/common/data_memory_interface.sv:53$56_Y $flatten\data_memory_interface.$and$/workspace/incremental-synthesis/benchmarks/riscv-eco-003-new/core/common/data_memory_interface.sv:53$56_Y $flatten\data_memory_interface.$and$/workspace/incremental-synthesis/benchmarks/riscv-eco-003-new/core/common/data_memory_interface.sv:53$56_Y $flatten\data_memory_interface.$and$/workspace/incremental-synthesis/benchmarks/riscv-eco-003-new/core/common/data_memory_interface.sv:53$56_Y $flatten\data_memory_interface.$and$/workspace/incremental-synthesis/benchmarks/riscv-eco-003-new/core/common/data_memory_interface.sv:53$56_Y $flatten\data_memory_interface.$and$/workspace/incremental-synthesis/benchmarks/riscv-eco-003-new/core/common/data_memory_interface.sv:53$56_Y $flatten\data_memory_interface.$and$/workspace/incremental-synthesis/benchmarks/riscv-eco-003-new/core/common/data_memory_interface.sv:53$56_Y $flatten\data_memory_interface.$and$/workspace/incremental-synthesis/benchmarks/riscv-eco-003-new/core/common/data_memory_interface.sv:53$56_Y $flatten\data_memory_interface.$and$/workspace/incremental-synthesis/benchmarks/riscv-eco-003-new/core/common/data_memory_interface.sv:53$56_Y $flatten\data_memory_interface.$and$/workspace/incremental-synthesis/benchmarks/riscv-eco-003-new/core/common/data_memory_interface.sv:53$56_Y $flatten\data_memory_interface.$and$/workspace/incremental-synthesis/benchmarks/riscv-eco-003-new/core/common/data_memory_interface.sv:53$56_Y $flatten\data_memory_interface.$and$/workspace/incremental-synthesis/benchmarks/riscv-eco-003-new/core/common/data_memory_interface.sv:53$56_Y $flatten\data_memory_interface.$and$/workspace/incremental-synthesis/benchmarks/riscv-eco-003-new/core/common/data_memory_interface.sv:53$56_Y $flatten\data_memory_interface.$and$/workspace/incremental-synthesis/benchmarks/riscv-eco-003-new/core/common/data_memory_interface.sv:53$56_Y $flatten\data_memory_interface.$and$/workspace/incremental-synthesis/benchmarks/riscv-eco-003-new/core/common/data_memory_interface.sv:53$56_Y $flatten\data_memory_interface.$and$/workspace/incremental-synthesis/benchmarks/riscv-eco-003-new/core/common/data_memory_interface.sv:53$56_Y $flatten\data_memory_interface.$and$/workspace/incremental-synthesis/benchmarks/riscv-eco-003-new/core/common/data_memory_interface.sv:53$56_Y $flatten\data_memory_interface.$and$/workspace/incremental-synthesis/benchmarks/riscv-eco-003-new/core/common/data_memory_interface.sv:53$56_Y $flatten\data_memory_interface.$and$/workspace/incremental-synthesis/benchmarks/riscv-eco-003-new/core/common/data_memory_interface.sv:53$56_Y $flatten\data_memory_interface.$and$/workspace/incremental-synthesis/benchmarks/riscv-eco-003-new/core/common/data_memory_interface.sv:53$56_Y $flatten\data_memory_interface.$and$/workspace/incremental-synthesis/benchmarks/riscv-eco-003-new/core/common/data_memory_interface.sv:53$56_Y $flatten\data_memory_interface.$and$/workspace/incremental-synthesis/benchmarks/riscv-eco-003-new/core/common/data_memory_interface.sv:53$56_Y $flatten\data_memory_interface.$and$/workspace/incremental-synthesis/benchmarks/riscv-eco-003-new/core/common/data_memory_interface.sv:53$56_Y \data_memory_interface.position_fix [7:0] }, B={ $flatten\data_memory_interface.$and$/workspace/incremental-synthesis/benchmarks/riscv-eco-003-new/core/common/data_memory_interface.sv:54$58_Y $flatten\data_memory_interface.$and$/workspace/incremental-synthesis/benchmarks/riscv-eco-003-new/core/common/data_memory_interface.sv:54$58_Y $flatten\data_memory_interface.$and$/workspace/incremental-synthesis/benchmarks/riscv-eco-003-new/core/common/data_memory_interface.sv:54$58_Y $flatten\data_memory_interface.$and$/workspace/incremental-synthesis/benchmarks/riscv-eco-003-new/core/common/data_memory_interface.sv:54$58_Y $flatten\data_memory_interface.$and$/workspace/incremental-synthesis/benchmarks/riscv-eco-003-new/core/common/data_memory_interface.sv:54$58_Y $flatten\data_memory_interface.$and$/workspace/incremental-synthesis/benchmarks/riscv-eco-003-new/core/common/data_memory_interface.sv:54$58_Y $flatten\data_memory_interface.$and$/workspace/incremental-synthesis/benchmarks/riscv-eco-003-new/core/common/data_memory_interface.sv:54$58_Y $flatten\data_memory_interface.$and$/workspace/incremental-synthesis/benchmarks/riscv-eco-003-new/core/common/data_memory_interface.sv:54$58_Y $flatten\data_memory_interface.$and$/workspace/incremental-synthesis/benchmarks/riscv-eco-003-new/core/common/data_memory_interface.sv:54$58_Y $flatten\data_memory_interface.$and$/workspace/incremental-synthesis/benchmarks/riscv-eco-003-new/core/common/data_memory_interface.sv:54$58_Y $flatten\data_memory_interface.$and$/workspace/incremental-synthesis/benchmarks/riscv-eco-003-new/core/common/data_memory_interface.sv:54$58_Y $flatten\data_memory_interface.$and$/workspace/incremental-synthesis/benchmarks/riscv-eco-003-new/core/common/data_memory_interface.sv:54$58_Y $flatten\data_memory_interface.$and$/workspace/incremental-synthesis/benchmarks/riscv-eco-003-new/core/common/data_memory_interface.sv:54$58_Y $flatten\data_memory_interface.$and$/workspace/incremental-synthesis/benchmarks/riscv-eco-003-new/core/common/data_memory_interface.sv:54$58_Y $flatten\data_memory_interface.$and$/workspace/incremental-synthesis/benchmarks/riscv-eco-003-new/core/common/data_memory_interface.sv:54$58_Y $flatten\data_memory_interface.$and$/workspace/incremental-synthesis/benchmarks/riscv-eco-003-new/core/common/data_memory_interface.sv:54$58_Y \data_memory_interface.position_fix [15:0] \data_memory_interface.position_fix }, Y=\data_memory_interface.read_data
      New ports: A={ $flatten\data_memory_interface.$and$/workspace/incremental-synthesis/benchmarks/riscv-eco-003-new/core/common/data_memory_interface.sv:53$56_Y $flatten\data_memory_interface.$and$/workspace/incremental-synthesis/benchmarks/riscv-eco-003-new/core/common/data_memory_interface.sv:53$56_Y $flatten\data_memory_interface.$and$/workspace/incremental-synthesis/benchmarks/riscv-eco-003-new/core/common/data_memory_interface.sv:53$56_Y $flatten\data_memory_interface.$and$/workspace/incremental-synthesis/benchmarks/riscv-eco-003-new/core/common/data_memory_interface.sv:53$56_Y $flatten\data_memory_interface.$and$/workspace/incremental-synthesis/benchmarks/riscv-eco-003-new/core/common/data_memory_interface.sv:53$56_Y $flatten\data_memory_interface.$and$/workspace/incremental-synthesis/benchmarks/riscv-eco-003-new/core/common/data_memory_interface.sv:53$56_Y $flatten\data_memory_interface.$and$/workspace/incremental-synthesis/benchmarks/riscv-eco-003-new/core/common/data_memory_interface.sv:53$56_Y $flatten\data_memory_interface.$and$/workspace/incremental-synthesis/benchmarks/riscv-eco-003-new/core/common/data_memory_interface.sv:53$56_Y $flatten\data_memory_interface.$and$/workspace/incremental-synthesis/benchmarks/riscv-eco-003-new/core/common/data_memory_interface.sv:53$56_Y $flatten\data_memory_interface.$and$/workspace/incremental-synthesis/benchmarks/riscv-eco-003-new/core/common/data_memory_interface.sv:53$56_Y $flatten\data_memory_interface.$and$/workspace/incremental-synthesis/benchmarks/riscv-eco-003-new/core/common/data_memory_interface.sv:53$56_Y $flatten\data_memory_interface.$and$/workspace/incremental-synthesis/benchmarks/riscv-eco-003-new/core/common/data_memory_interface.sv:53$56_Y $flatten\data_memory_interface.$and$/workspace/incremental-synthesis/benchmarks/riscv-eco-003-new/core/common/data_memory_interface.sv:53$56_Y $flatten\data_memory_interface.$and$/workspace/incremental-synthesis/benchmarks/riscv-eco-003-new/core/common/data_memory_interface.sv:53$56_Y $flatten\data_memory_interface.$and$/workspace/incremental-synthesis/benchmarks/riscv-eco-003-new/core/common/data_memory_interface.sv:53$56_Y $flatten\data_memory_interface.$and$/workspace/incremental-synthesis/benchmarks/riscv-eco-003-new/core/common/data_memory_interface.sv:53$56_Y $flatten\data_memory_interface.$and$/workspace/incremental-synthesis/benchmarks/riscv-eco-003-new/core/common/data_memory_interface.sv:53$56_Y $flatten\data_memory_interface.$and$/workspace/incremental-synthesis/benchmarks/riscv-eco-003-new/core/common/data_memory_interface.sv:53$56_Y $flatten\data_memory_interface.$and$/workspace/incremental-synthesis/benchmarks/riscv-eco-003-new/core/common/data_memory_interface.sv:53$56_Y $flatten\data_memory_interface.$and$/workspace/incremental-synthesis/benchmarks/riscv-eco-003-new/core/common/data_memory_interface.sv:53$56_Y $flatten\data_memory_interface.$and$/workspace/incremental-synthesis/benchmarks/riscv-eco-003-new/core/common/data_memory_interface.sv:53$56_Y $flatten\data_memory_interface.$and$/workspace/incremental-synthesis/benchmarks/riscv-eco-003-new/core/common/data_memory_interface.sv:53$56_Y $flatten\data_memory_interface.$and$/workspace/incremental-synthesis/benchmarks/riscv-eco-003-new/core/common/data_memory_interface.sv:53$56_Y $flatten\data_memory_interface.$and$/workspace/incremental-synthesis/benchmarks/riscv-eco-003-new/core/common/data_memory_interface.sv:53$56_Y }, B={ $flatten\data_memory_interface.$and$/workspace/incremental-synthesis/benchmarks/riscv-eco-003-new/core/common/data_memory_interface.sv:54$58_Y $flatten\data_memory_interface.$and$/workspace/incremental-synthesis/benchmarks/riscv-eco-003-new/core/common/data_memory_interface.sv:54$58_Y $flatten\data_memory_interface.$and$/workspace/incremental-synthesis/benchmarks/riscv-eco-003-new/core/common/data_memory_interface.sv:54$58_Y $flatten\data_memory_interface.$and$/workspace/incremental-synthesis/benchmarks/riscv-eco-003-new/core/common/data_memory_interface.sv:54$58_Y $flatten\data_memory_interface.$and$/workspace/incremental-synthesis/benchmarks/riscv-eco-003-new/core/common/data_memory_interface.sv:54$58_Y $flatten\data_memory_interface.$and$/workspace/incremental-synthesis/benchmarks/riscv-eco-003-new/core/common/data_memory_interface.sv:54$58_Y $flatten\data_memory_interface.$and$/workspace/incremental-synthesis/benchmarks/riscv-eco-003-new/core/common/data_memory_interface.sv:54$58_Y $flatten\data_memory_interface.$and$/workspace/incremental-synthesis/benchmarks/riscv-eco-003-new/core/common/data_memory_interface.sv:54$58_Y $flatten\data_memory_interface.$and$/workspace/incremental-synthesis/benchmarks/riscv-eco-003-new/core/common/data_memory_interface.sv:54$58_Y $flatten\data_memory_interface.$and$/workspace/incremental-synthesis/benchmarks/riscv-eco-003-new/core/common/data_memory_interface.sv:54$58_Y $flatten\data_memory_interface.$and$/workspace/incremental-synthesis/benchmarks/riscv-eco-003-new/core/common/data_memory_interface.sv:54$58_Y $flatten\data_memory_interface.$and$/workspace/incremental-synthesis/benchmarks/riscv-eco-003-new/core/common/data_memory_interface.sv:54$58_Y $flatten\data_memory_interface.$and$/workspace/incremental-synthesis/benchmarks/riscv-eco-003-new/core/common/data_memory_interface.sv:54$58_Y $flatten\data_memory_interface.$and$/workspace/incremental-synthesis/benchmarks/riscv-eco-003-new/core/common/data_memory_interface.sv:54$58_Y $flatten\data_memory_interface.$and$/workspace/incremental-synthesis/benchmarks/riscv-eco-003-new/core/common/data_memory_interface.sv:54$58_Y $flatten\data_memory_interface.$and$/workspace/incremental-synthesis/benchmarks/riscv-eco-003-new/core/common/data_memory_interface.sv:54$58_Y \data_memory_interface.position_fix [15:8] \data_memory_interface.position_fix [31:8] }, Y=\data_memory_interface.read_data [31:8]
      New connections: \data_memory_interface.read_data [7:0] = \data_memory_interface.position_fix [7:0]
    Consolidated identical input bits for $mux cell $auto$share.cc:657:make_supercell$2175:
      Old ports: A={ \singlecycle_datapath.alu.operand_b [31] \singlecycle_datapath.alu.operand_b }, B={ 1'0 \singlecycle_datapath.alu.operand_b }, Y=$auto$share.cc:654:make_supercell$2173
      New ports: A=\singlecycle_datapath.alu.operand_b [31], B=1'0, Y=$auto$share.cc:654:make_supercell$2173 [32]
      New connections: $auto$share.cc:654:make_supercell$2173 [31:0] = \singlecycle_datapath.alu.operand_b
    Consolidated identical input bits for $pmux cell $flatten\singlecycle_ctlpath.\singlecycle_control.$procmux$161:
      Old ports: A=3'010, B=9'000011001, Y=\singlecycle_ctlpath.singlecycle_control.reg_writeback_select
      New ports: A=2'10, B=6'001101, Y=\singlecycle_ctlpath.singlecycle_control.reg_writeback_select [1:0]
      New connections: \singlecycle_ctlpath.singlecycle_control.reg_writeback_select [2] = 1'0
    Consolidated identical input bits for $mux cell $memory$flatten\singlecycle_ctlpath.\alu_control.$auto$proc_rom.cc:155:do_switch$157$rdmux[0][2][3]$2237:
      Old ports: A=4'1001, B=4'1010, Y=$memory$flatten\singlecycle_ctlpath.\alu_control.$auto$proc_rom.cc:155:do_switch$157$rdmux[0][1][1]$b$2227
      New ports: A=2'01, B=2'10, Y=$memory$flatten\singlecycle_ctlpath.\alu_control.$auto$proc_rom.cc:155:do_switch$157$rdmux[0][1][1]$b$2227 [1:0]
      New connections: $memory$flatten\singlecycle_ctlpath.\alu_control.$auto$proc_rom.cc:155:do_switch$157$rdmux[0][1][1]$b$2227 [3:2] = 2'10
    Consolidated identical input bits for $mux cell $flatten\singlecycle_ctlpath.\alu_control.$procmux$1729:
      Old ports: A=5'00010, B=5'00101, Y=\singlecycle_ctlpath.alu_control.secondary_funct
      New ports: A=2'10, B=2'01, Y=\singlecycle_ctlpath.alu_control.secondary_funct [1:0]
      New connections: \singlecycle_ctlpath.alu_control.secondary_funct [4:2] = { 2'00 \singlecycle_ctlpath.alu_control.secondary_funct [0] }
  Optimizing cells in module \riscv_core.
    Consolidated identical input bits for $mux cell $memory$flatten\singlecycle_ctlpath.\alu_control.$auto$proc_rom.cc:155:do_switch$157$rdmux[0][1][0]$2222:
      Old ports: A=$memory$flatten\singlecycle_ctlpath.\alu_control.$auto$proc_rom.cc:155:do_switch$157$rdmux[0][1][0]$a$2223, B=$memory$flatten\singlecycle_ctlpath.\alu_control.$auto$proc_rom.cc:155:do_switch$157$rdmux[0][1][0]$b$2224, Y=$memory$flatten\singlecycle_ctlpath.\alu_control.$auto$proc_rom.cc:155:do_switch$157$rdmux[0][0][0]$a$2220
      New ports: A={ 1'0 $memory$flatten\singlecycle_ctlpath.\alu_control.$auto$proc_rom.cc:155:do_switch$157$rdmux[0][1][0]$a$2223 [1] 1'1 }, B={ 2'11 $memory$flatten\singlecycle_ctlpath.\alu_control.$auto$proc_rom.cc:155:do_switch$157$rdmux[0][1][0]$b$2224 [0] }, Y=$memory$flatten\singlecycle_ctlpath.\alu_control.$auto$proc_rom.cc:155:do_switch$157$rdmux[0][0][0]$a$2220 [2:0]
      New connections: $memory$flatten\singlecycle_ctlpath.\alu_control.$auto$proc_rom.cc:155:do_switch$157$rdmux[0][0][0]$a$2220 [3] = 1'0
    Consolidated identical input bits for $mux cell $memory$flatten\singlecycle_ctlpath.\alu_control.$auto$proc_rom.cc:155:do_switch$153$rdmux[0][1][1]$2204:
      Old ports: A=$memory$flatten\singlecycle_ctlpath.\alu_control.$auto$proc_rom.cc:155:do_switch$153$rdmux[0][1][1]$a$2205, B=$memory$flatten\singlecycle_ctlpath.\alu_control.$auto$proc_rom.cc:155:do_switch$153$rdmux[0][1][1]$b$2206, Y=$memory$flatten\singlecycle_ctlpath.\alu_control.$auto$proc_rom.cc:155:do_switch$153$rdmux[0][0][0]$b$2200
      New ports: A={ $memory$flatten\singlecycle_ctlpath.\alu_control.$auto$proc_rom.cc:155:do_switch$153$rdmux[0][1][1]$a$2205 [4] $memory$flatten\singlecycle_ctlpath.\alu_control.$auto$proc_rom.cc:155:do_switch$153$rdmux[0][1][1]$a$2205 [0] $memory$flatten\singlecycle_ctlpath.\alu_control.$auto$proc_rom.cc:155:do_switch$153$rdmux[0][1][1]$a$2205 [0] $memory$flatten\singlecycle_ctlpath.\alu_control.$auto$proc_rom.cc:155:do_switch$153$rdmux[0][1][1]$a$2205 [0] }, B={ 2'10 $memory$flatten\singlecycle_ctlpath.\alu_control.$auto$proc_rom.cc:155:do_switch$153$rdmux[0][1][1]$b$2206 [1:0] }, Y={ $memory$flatten\singlecycle_ctlpath.\alu_control.$auto$proc_rom.cc:155:do_switch$153$rdmux[0][0][0]$b$2200 [4] $memory$flatten\singlecycle_ctlpath.\alu_control.$auto$proc_rom.cc:155:do_switch$153$rdmux[0][0][0]$b$2200 [2:0] }
      New connections: $memory$flatten\singlecycle_ctlpath.\alu_control.$auto$proc_rom.cc:155:do_switch$153$rdmux[0][0][0]$b$2200 [3] = $memory$flatten\singlecycle_ctlpath.\alu_control.$auto$proc_rom.cc:155:do_switch$153$rdmux[0][0][0]$b$2200 [2]
    Consolidated identical input bits for $mux cell $memory$flatten\singlecycle_ctlpath.\alu_control.$auto$proc_rom.cc:155:do_switch$153$rdmux[0][1][0]$2201:
      Old ports: A=$memory$flatten\singlecycle_ctlpath.\alu_control.$auto$proc_rom.cc:155:do_switch$153$rdmux[0][1][0]$a$2202, B=$memory$flatten\singlecycle_ctlpath.\alu_control.$auto$proc_rom.cc:155:do_switch$153$rdmux[0][1][0]$b$2203, Y=$memory$flatten\singlecycle_ctlpath.\alu_control.$auto$proc_rom.cc:155:do_switch$153$rdmux[0][0][0]$a$2199
      New ports: A={ $memory$flatten\singlecycle_ctlpath.\alu_control.$auto$proc_rom.cc:155:do_switch$153$rdmux[0][1][0]$a$2202 [2] $memory$flatten\singlecycle_ctlpath.\alu_control.$auto$proc_rom.cc:155:do_switch$153$rdmux[0][1][0]$a$2202 [0] $memory$flatten\singlecycle_ctlpath.\alu_control.$auto$proc_rom.cc:155:do_switch$153$rdmux[0][1][0]$a$2202 [0] }, B={ 1'1 $memory$flatten\singlecycle_ctlpath.\alu_control.$auto$proc_rom.cc:155:do_switch$153$rdmux[0][1][0]$b$2203 [1:0] }, Y=$memory$flatten\singlecycle_ctlpath.\alu_control.$auto$proc_rom.cc:155:do_switch$153$rdmux[0][0][0]$a$2199 [2:0]
      New connections: $memory$flatten\singlecycle_ctlpath.\alu_control.$auto$proc_rom.cc:155:do_switch$153$rdmux[0][0][0]$a$2199 [4:3] = 2'01
    Consolidated identical input bits for $mux cell $flatten\singlecycle_ctlpath.\alu_control.$procmux$1734:
      Old ports: A={ 1'0 \singlecycle_ctlpath.alu_control.default_funct [3:0] }, B=\singlecycle_ctlpath.alu_control.secondary_funct, Y=\singlecycle_ctlpath.alu_control.op_imm_funct
      New ports: A=\singlecycle_ctlpath.alu_control.default_funct [3:0], B={ 1'0 \singlecycle_ctlpath.alu_control.secondary_funct [0] \singlecycle_ctlpath.alu_control.secondary_funct [1:0] }, Y=\singlecycle_ctlpath.alu_control.op_imm_funct [3:0]
      New connections: \singlecycle_ctlpath.alu_control.op_imm_funct [4] = 1'0
  Optimizing cells in module \riscv_core.
Performed a total of 20 changes.

34.19.5. Executing OPT_MERGE pass (detect identical cells).
Finding identical cells in module `\riscv_core'.
Computing hashes of 303 cells of `\riscv_core'.
Finding duplicate cells in `\riscv_core'.
Computing hashes of 298 cells of `\riscv_core'.
Finding duplicate cells in `\riscv_core'.
<suppressed ~15 debug messages>
Removed a total of 5 cells.

34.19.6. Executing OPT_SHARE pass.
    Found cells that share an operand and can be merged by moving the $pmux $flatten\data_memory_interface.$procmux$1707 in front of them:
        $flatten\data_memory_interface.$shl$/workspace/incremental-synthesis/benchmarks/riscv-eco-003-new/core/common/data_memory_interface.sv:40$50
        $flatten\data_memory_interface.$shl$/workspace/incremental-synthesis/benchmarks/riscv-eco-003-new/core/common/data_memory_interface.sv:39$49
        $flatten\data_memory_interface.$shl$/workspace/incremental-synthesis/benchmarks/riscv-eco-003-new/core/common/data_memory_interface.sv:38$48

34.19.7. Executing OPT_DFF pass (perform DFF optimizations).

34.19.8. Executing OPT_CLEAN pass (remove unused cells and wires).
Finding unused cells or wires in module \riscv_core..
Removed 0 unused cells and 24 unused wires.
<suppressed ~1 debug messages>

34.19.9. Executing OPT_EXPR pass (perform const folding).
Optimizing module riscv_core.
<suppressed ~3 debug messages>

34.19.10. Rerunning OPT passes. (Maybe there is more to do..)

34.19.11. Executing OPT_MUXTREE pass (detect dead branches in mux trees).
Running muxtree optimizer on module \riscv_core..
  Creating internal representation of mux trees.
  Evaluating internal representation of mux trees.
  Analyzing evaluation results.
Removed 0 multiplexer ports.
<suppressed ~77 debug messages>

34.19.12. Executing OPT_REDUCE pass (consolidate $*mux and $reduce_* inputs).
  Optimizing cells in module \riscv_core.
    Consolidated identical input bits for $pmux cell $auto$opt_share.cc:246:merge_operators$2241:
      Old ports: A=4'0001, B=8'00111111, Y=$auto$rtlil.cc:3404:Pmux$2242
      New ports: A=2'00, B=4'0111, Y=$auto$rtlil.cc:3404:Pmux$2242 [2:1]
      New connections: { $auto$rtlil.cc:3404:Pmux$2242 [3] $auto$rtlil.cc:3404:Pmux$2242 [0] } = { $auto$rtlil.cc:3404:Pmux$2242 [2] 1'1 }
    Consolidated identical input bits for $mux cell $memory$flatten\singlecycle_ctlpath.\alu_control.$auto$proc_rom.cc:155:do_switch$153$rdmux[0][1][1]$2204:
      Old ports: A={ $memory$flatten\singlecycle_ctlpath.\alu_control.$auto$proc_rom.cc:155:do_switch$153$rdmux[0][1][0]$a$2202 [2] $memory$flatten\singlecycle_ctlpath.\alu_control.$auto$proc_rom.cc:155:do_switch$153$rdmux[0][1][0]$a$2202 [0] $memory$flatten\singlecycle_ctlpath.\alu_control.$auto$proc_rom.cc:155:do_switch$153$rdmux[0][1][0]$a$2202 [0] $memory$flatten\singlecycle_ctlpath.\alu_control.$auto$proc_rom.cc:155:do_switch$153$rdmux[0][1][0]$a$2202 [0] }, B={ 2'10 $memory$flatten\singlecycle_ctlpath.\alu_control.$auto$proc_rom.cc:155:do_switch$153$rdmux[0][1][0]$a$2202 [2] $memory$flatten\singlecycle_ctlpath.\alu_control.$auto$proc_rom.cc:155:do_switch$153$rdmux[0][1][0]$a$2202 [0] }, Y={ $memory$flatten\singlecycle_ctlpath.\alu_control.$auto$proc_rom.cc:155:do_switch$153$rdmux[0][0][0]$b$2200 [4] $memory$flatten\singlecycle_ctlpath.\alu_control.$auto$proc_rom.cc:155:do_switch$153$rdmux[0][0][0]$b$2200 [2:0] }
      New ports: A={ $memory$flatten\singlecycle_ctlpath.\alu_control.$auto$proc_rom.cc:155:do_switch$153$rdmux[0][1][0]$a$2202 [2] $memory$flatten\singlecycle_ctlpath.\alu_control.$auto$proc_rom.cc:155:do_switch$153$rdmux[0][1][0]$a$2202 [0] $memory$flatten\singlecycle_ctlpath.\alu_control.$auto$proc_rom.cc:155:do_switch$153$rdmux[0][1][0]$a$2202 [0] }, B={ 2'10 $memory$flatten\singlecycle_ctlpath.\alu_control.$auto$proc_rom.cc:155:do_switch$153$rdmux[0][1][0]$a$2202 [2] }, Y={ $memory$flatten\singlecycle_ctlpath.\alu_control.$auto$proc_rom.cc:155:do_switch$153$rdmux[0][0][0]$b$2200 [4] $memory$flatten\singlecycle_ctlpath.\alu_control.$auto$proc_rom.cc:155:do_switch$153$rdmux[0][0][0]$b$2200 [2:1] }
      New connections: $memory$flatten\singlecycle_ctlpath.\alu_control.$auto$proc_rom.cc:155:do_switch$153$rdmux[0][0][0]$b$2200 [0] = $memory$flatten\singlecycle_ctlpath.\alu_control.$auto$proc_rom.cc:155:do_switch$153$rdmux[0][1][0]$a$2202 [0]
    Consolidated identical input bits for $mux cell $memory$flatten\singlecycle_ctlpath.\alu_control.$auto$proc_rom.cc:155:do_switch$153$rdmux[0][1][0]$2201:
      Old ports: A={ $memory$flatten\singlecycle_ctlpath.\alu_control.$auto$proc_rom.cc:155:do_switch$153$rdmux[0][1][0]$a$2202 [2] $memory$flatten\singlecycle_ctlpath.\alu_control.$auto$proc_rom.cc:155:do_switch$153$rdmux[0][1][0]$a$2202 [0] $memory$flatten\singlecycle_ctlpath.\alu_control.$auto$proc_rom.cc:155:do_switch$153$rdmux[0][1][0]$a$2202 [0] }, B={ 1'1 $memory$flatten\singlecycle_ctlpath.\alu_control.$auto$proc_rom.cc:155:do_switch$153$rdmux[0][1][0]$a$2202 [2] $memory$flatten\singlecycle_ctlpath.\alu_control.$auto$proc_rom.cc:155:do_switch$153$rdmux[0][1][0]$a$2202 [0] }, Y=$memory$flatten\singlecycle_ctlpath.\alu_control.$auto$proc_rom.cc:155:do_switch$153$rdmux[0][0][0]$a$2199 [2:0]
      New ports: A={ $memory$flatten\singlecycle_ctlpath.\alu_control.$auto$proc_rom.cc:155:do_switch$153$rdmux[0][1][0]$a$2202 [2] $memory$flatten\singlecycle_ctlpath.\alu_control.$auto$proc_rom.cc:155:do_switch$153$rdmux[0][1][0]$a$2202 [0] }, B={ 1'1 $memory$flatten\singlecycle_ctlpath.\alu_control.$auto$proc_rom.cc:155:do_switch$153$rdmux[0][1][0]$a$2202 [2] }, Y=$memory$flatten\singlecycle_ctlpath.\alu_control.$auto$proc_rom.cc:155:do_switch$153$rdmux[0][0][0]$a$2199 [2:1]
      New connections: $memory$flatten\singlecycle_ctlpath.\alu_control.$auto$proc_rom.cc:155:do_switch$153$rdmux[0][0][0]$a$2199 [0] = $memory$flatten\singlecycle_ctlpath.\alu_control.$auto$proc_rom.cc:155:do_switch$153$rdmux[0][1][0]$a$2202 [0]
    New ctrl vector for $pmux cell $flatten\data_memory_interface.$procmux$1707: $auto$opt_reduce.cc:137:opt_pmux$2244
  Optimizing cells in module \riscv_core.
    Consolidated identical input bits for $mux cell $memory$flatten\singlecycle_ctlpath.\alu_control.$auto$proc_rom.cc:155:do_switch$153$rdmux[0][0][0]$2198:
      Old ports: A={ 2'01 $memory$flatten\singlecycle_ctlpath.\alu_control.$auto$proc_rom.cc:155:do_switch$153$rdmux[0][0][0]$a$2199 [2:0] }, B={ $memory$flatten\singlecycle_ctlpath.\alu_control.$auto$proc_rom.cc:155:do_switch$153$rdmux[0][0][0]$b$2200 [4] $memory$flatten\singlecycle_ctlpath.\alu_control.$auto$proc_rom.cc:155:do_switch$153$rdmux[0][0][0]$b$2200 [2] $memory$flatten\singlecycle_ctlpath.\alu_control.$auto$proc_rom.cc:155:do_switch$153$rdmux[0][0][0]$b$2200 [2:0] }, Y=\singlecycle_ctlpath.alu_control.m_extension_funct
      New ports: A={ 2'01 $memory$flatten\singlecycle_ctlpath.\alu_control.$auto$proc_rom.cc:155:do_switch$153$rdmux[0][0][0]$a$2199 [2:1] }, B={ $memory$flatten\singlecycle_ctlpath.\alu_control.$auto$proc_rom.cc:155:do_switch$153$rdmux[0][0][0]$b$2200 [4] $memory$flatten\singlecycle_ctlpath.\alu_control.$auto$proc_rom.cc:155:do_switch$153$rdmux[0][0][0]$b$2200 [2] $memory$flatten\singlecycle_ctlpath.\alu_control.$auto$proc_rom.cc:155:do_switch$153$rdmux[0][0][0]$b$2200 [2:1] }, Y=\singlecycle_ctlpath.alu_control.m_extension_funct [4:1]
      New connections: \singlecycle_ctlpath.alu_control.m_extension_funct [0] = $memory$flatten\singlecycle_ctlpath.\alu_control.$auto$proc_rom.cc:155:do_switch$153$rdmux[0][1][0]$a$2202 [0]
  Optimizing cells in module \riscv_core.
Performed a total of 5 changes.

34.19.13. Executing OPT_MERGE pass (detect identical cells).
Finding identical cells in module `\riscv_core'.
Computing hashes of 297 cells of `\riscv_core'.
Finding duplicate cells in `\riscv_core'.
Removed a total of 0 cells.

34.19.14. Executing OPT_SHARE pass.

34.19.15. Executing OPT_DFF pass (perform DFF optimizations).

34.19.16. Executing OPT_CLEAN pass (remove unused cells and wires).
Finding unused cells or wires in module \riscv_core..
Removed 0 unused cells and 1 unused wires.
<suppressed ~1 debug messages>

34.19.17. Executing OPT_EXPR pass (perform const folding).
Optimizing module riscv_core.

34.19.18. Rerunning OPT passes. (Maybe there is more to do..)

34.19.19. Executing OPT_MUXTREE pass (detect dead branches in mux trees).
Running muxtree optimizer on module \riscv_core..
  Creating internal representation of mux trees.
  Evaluating internal representation of mux trees.
  Analyzing evaluation results.
Removed 0 multiplexer ports.
<suppressed ~74 debug messages>

34.19.20. Executing OPT_REDUCE pass (consolidate $*mux and $reduce_* inputs).
  Optimizing cells in module \riscv_core.
Performed a total of 0 changes.

34.19.21. Executing OPT_MERGE pass (detect identical cells).
Finding identical cells in module `\riscv_core'.
Computing hashes of 297 cells of `\riscv_core'.
Finding duplicate cells in `\riscv_core'.
Removed a total of 0 cells.

34.19.22. Executing OPT_SHARE pass.

34.19.23. Executing OPT_DFF pass (perform DFF optimizations).

34.19.24. Executing OPT_CLEAN pass (remove unused cells and wires).
Finding unused cells or wires in module \riscv_core..

34.19.25. Executing OPT_EXPR pass (perform const folding).
Optimizing module riscv_core.

34.19.26. Finished fast OPT passes. (There is nothing left to do.)

34.20. Executing TECHMAP pass (map to technology primitives).

34.20.1. Executing Verilog-2005 frontend: /opt/oss-cad-suite/lib/../share/yosys/techmap.v
Parsing Verilog input from `/opt/oss-cad-suite/lib/../share/yosys/techmap.v' to AST representation.
Generating RTLIL representation for module `\_90_simplemap_bool_ops'.
Generating RTLIL representation for module `\_90_simplemap_reduce_ops'.
Generating RTLIL representation for module `\_90_simplemap_logic_ops'.
Generating RTLIL representation for module `\_90_simplemap_compare_ops'.
Generating RTLIL representation for module `\_90_simplemap_various'.
Generating RTLIL representation for module `\_90_simplemap_registers'.
Generating RTLIL representation for module `\_90_shift_ops_shr_shl_sshl_sshr'.
Generating RTLIL representation for module `\_90_shift_shiftx'.
Generating RTLIL representation for module `\_90_fa'.
Generating RTLIL representation for module `\_90_lcu_brent_kung'.
Generating RTLIL representation for module `\_90_alu'.
Generating RTLIL representation for module `\_90_macc'.
Generating RTLIL representation for module `\_90_alumacc'.
Generating RTLIL representation for module `$__div_mod_u'.
Generating RTLIL representation for module `$__div_mod_trunc'.
Generating RTLIL representation for module `\_90_div'.
Generating RTLIL representation for module `\_90_mod'.
Generating RTLIL representation for module `$__div_mod_floor'.
Generating RTLIL representation for module `\_90_divfloor'.
Generating RTLIL representation for module `\_90_modfloor'.
Generating RTLIL representation for module `\_90_pow'.
Generating RTLIL representation for module `\_90_demux'.
Generating RTLIL representation for module `\_90_lut'.
Generating RTLIL representation for module `$connect'.
Generating RTLIL representation for module `$input_port'.
Successfully finished Verilog frontend.

34.20.2. Continuing TECHMAP pass.
Using extmapper simplemap for cells of type $reduce_or.
Using extmapper simplemap for cells of type $pmux.
Using extmapper simplemap for cells of type $adff.
Using extmapper simplemap for cells of type $reduce_bool.
Using extmapper simplemap for cells of type $adffe.
Using template $paramod$9a99f3bc4ce1ca3c44f8bdb25c4000634acbeb47\_90_div for cells of type $div.
Using extmapper simplemap for cells of type $mux.
Using extmapper simplemap for cells of type $eq.
Using template $paramod$9a99f3bc4ce1ca3c44f8bdb25c4000634acbeb47\_90_mod for cells of type $mod.
Using extmapper simplemap for cells of type $not.
Using extmapper simplemap for cells of type $xor.
Using template $paramod$2653f68ddb8eab7b1907b4a20767b72a824a7a36\_90_alu for cells of type $alu.
Using template $paramod$fbc7873bff55778c0b3173955b7e4bce1d9d6834\_90_alu for cells of type $alu.
Using template $paramod$44a13d10af618e7fbe7b9aad2f6151ffcee1e2fa\_90_alu for cells of type $alu.
Using extmapper maccmap for cells of type $macc_v2.
  add \singlecycle_datapath.alu.operand_a * \singlecycle_datapath.alu.operand_b (32x32 bits, signed)
  add \singlecycle_datapath.alu.operand_a * \singlecycle_datapath.alu.operand_b (32x32 bits, unsigned)
Using extmapper simplemap for cells of type $reduce_and.
Using template $paramod$constmap:4621fcf06a436d1e2a4080e2ed9866a7d07a6e07$paramod$e765c459d3029c22a22a27989e94858fd9ebfa9c\_90_shift_ops_shr_shl_sshl_sshr for cells of type $sshr.
Using template $paramod$constmap:4621fcf06a436d1e2a4080e2ed9866a7d07a6e07$paramod$b8fb36dbb218c8f6b30171c756a8f8357614d906\_90_shift_ops_shr_shl_sshl_sshr for cells of type $shr.
Using template $paramod$constmap:4621fcf06a436d1e2a4080e2ed9866a7d07a6e07$paramod$ccbcf9cf459c8d68b04688a9a5245ee9d295a0be\_90_shift_ops_shr_shl_sshl_sshr for cells of type $shl.
Using extmapper simplemap for cells of type $or.
Using extmapper simplemap for cells of type $logic_and.
Using extmapper simplemap for cells of type $logic_not.
Using extmapper simplemap for cells of type $and.
Using template $paramod$constmap:02ee4fad4c1ffc2bbdc3e6fbc37bedbf9185352a$paramod$335cfd09f1afa8139c4aafcbbe5f361887b79c5e\_90_shift_ops_shr_shl_sshl_sshr for cells of type $shl.
Using template $paramod$constmap:6e3026a439ed4a6e7983ca0e910890cc59b2f7b2$paramod$7b0bb309dce042ecaf2e0bfa495da988fc49fdf1\_90_shift_ops_shr_shl_sshl_sshr for cells of type $shl.
Using template $paramod$constmap:cb2599409e80fa22cf38e727ff6651af8a197f76$paramod$7892be8d2a0a6dcb653747d5990213750e930cf2\_90_shift_ops_shr_shl_sshl_sshr for cells of type $shr.
Using template $paramod\_90_fa\WIDTH=32'00000000000000000000000001000000 for cells of type $fa.
Using template $paramod$039520c137afc9cd69dd56c3fb11a4e1fbe5f664\_90_alu for cells of type $alu.
Using template $paramod$9a99f3bc4ce1ca3c44f8bdb25c4000634acbeb47$__div_mod_trunc for cells of type $__div_mod_trunc.
Using extmapper simplemap for cells of type $pos.
Using template $paramod\_90_fa\WIDTH=32'00000000000000000000000000011110 for cells of type $fa.
Using template $paramod\_90_lcu_brent_kung\WIDTH=32'00000000000000000000000000011110 for cells of type $lcu.
Using template $paramod\_90_fa\WIDTH=32'00000000000000000000000000100000 for cells of type $fa.
Using template $paramod\_90_lcu_brent_kung\WIDTH=32'00000000000000000000000000100000 for cells of type $lcu.
Running "alumacc" on wrapper $extern:wrap:$neg:Y_WIDTH=33:A_WIDTH=33:A_SIGNED=0:394426c56d1a028ba8fdd5469b163e04011def47.
Using template $extern:wrap:$neg:Y_WIDTH=33:A_WIDTH=33:A_SIGNED=0:394426c56d1a028ba8fdd5469b163e04011def47 for cells of type $extern:wrap:$neg:Y_WIDTH=33:A_WIDTH=33:A_SIGNED=0:394426c56d1a028ba8fdd5469b163e04011def47.
Using template $paramod$__div_mod_u\WIDTH=32'00000000000000000000000000100001 for cells of type $__div_mod_u.
Using extmapper simplemap for cells of type $ne.
Using template $paramod\_90_lcu_brent_kung\WIDTH=32'00000000000000000000000001000000 for cells of type $lcu.
Using template $paramod$e3e2a2ae1e4d598b5e0e0be67cc1104653ecf8c1\_90_alu for cells of type $alu.
Running "alumacc" on wrapper $extern:wrap:$sub:Y_WIDTH=33:B_WIDTH=33:A_WIDTH=33:B_SIGNED=0:A_SIGNED=0:394426c56d1a028ba8fdd5469b163e04011def47.
Using template $extern:wrap:$sub:Y_WIDTH=33:B_WIDTH=33:A_WIDTH=33:B_SIGNED=0:A_SIGNED=0:394426c56d1a028ba8fdd5469b163e04011def47 for cells of type $extern:wrap:$sub:Y_WIDTH=33:B_WIDTH=33:A_WIDTH=33:B_SIGNED=0:A_SIGNED=0:394426c56d1a028ba8fdd5469b163e04011def47.
Running "alumacc" on wrapper $extern:wrap:$ge:Y_WIDTH=1:B_WIDTH=33:A_WIDTH=33:B_SIGNED=0:A_SIGNED=0:394426c56d1a028ba8fdd5469b163e04011def47.
Using template $extern:wrap:$ge:Y_WIDTH=1:B_WIDTH=33:A_WIDTH=33:B_SIGNED=0:A_SIGNED=0:394426c56d1a028ba8fdd5469b163e04011def47 for cells of type $extern:wrap:$ge:Y_WIDTH=1:B_WIDTH=33:A_WIDTH=33:B_SIGNED=0:A_SIGNED=0:394426c56d1a028ba8fdd5469b163e04011def47.
Running "alumacc" on wrapper $extern:wrap:$sub:Y_WIDTH=34:B_WIDTH=34:A_WIDTH=33:B_SIGNED=0:A_SIGNED=0:394426c56d1a028ba8fdd5469b163e04011def47.
Using template $extern:wrap:$sub:Y_WIDTH=34:B_WIDTH=34:A_WIDTH=33:B_SIGNED=0:A_SIGNED=0:394426c56d1a028ba8fdd5469b163e04011def47 for cells of type $extern:wrap:$sub:Y_WIDTH=34:B_WIDTH=34:A_WIDTH=33:B_SIGNED=0:A_SIGNED=0:394426c56d1a028ba8fdd5469b163e04011def47.
Running "alumacc" on wrapper $extern:wrap:$ge:Y_WIDTH=1:B_WIDTH=34:A_WIDTH=33:B_SIGNED=0:A_SIGNED=0:394426c56d1a028ba8fdd5469b163e04011def47.
Using template $extern:wrap:$ge:Y_WIDTH=1:B_WIDTH=34:A_WIDTH=33:B_SIGNED=0:A_SIGNED=0:394426c56d1a028ba8fdd5469b163e04011def47 for cells of type $extern:wrap:$ge:Y_WIDTH=1:B_WIDTH=34:A_WIDTH=33:B_SIGNED=0:A_SIGNED=0:394426c56d1a028ba8fdd5469b163e04011def47.
Running "alumacc" on wrapper $extern:wrap:$sub:Y_WIDTH=35:B_WIDTH=35:A_WIDTH=33:B_SIGNED=0:A_SIGNED=0:394426c56d1a028ba8fdd5469b163e04011def47.
Using template $extern:wrap:$sub:Y_WIDTH=35:B_WIDTH=35:A_WIDTH=33:B_SIGNED=0:A_SIGNED=0:394426c56d1a028ba8fdd5469b163e04011def47 for cells of type $extern:wrap:$sub:Y_WIDTH=35:B_WIDTH=35:A_WIDTH=33:B_SIGNED=0:A_SIGNED=0:394426c56d1a028ba8fdd5469b163e04011def47.
Running "alumacc" on wrapper $extern:wrap:$ge:Y_WIDTH=1:B_WIDTH=35:A_WIDTH=33:B_SIGNED=0:A_SIGNED=0:394426c56d1a028ba8fdd5469b163e04011def47.
Using template $extern:wrap:$ge:Y_WIDTH=1:B_WIDTH=35:A_WIDTH=33:B_SIGNED=0:A_SIGNED=0:394426c56d1a028ba8fdd5469b163e04011def47 for cells of type $extern:wrap:$ge:Y_WIDTH=1:B_WIDTH=35:A_WIDTH=33:B_SIGNED=0:A_SIGNED=0:394426c56d1a028ba8fdd5469b163e04011def47.
Running "alumacc" on wrapper $extern:wrap:$sub:Y_WIDTH=36:B_WIDTH=36:A_WIDTH=33:B_SIGNED=0:A_SIGNED=0:394426c56d1a028ba8fdd5469b163e04011def47.
Using template $extern:wrap:$sub:Y_WIDTH=36:B_WIDTH=36:A_WIDTH=33:B_SIGNED=0:A_SIGNED=0:394426c56d1a028ba8fdd5469b163e04011def47 for cells of type $extern:wrap:$sub:Y_WIDTH=36:B_WIDTH=36:A_WIDTH=33:B_SIGNED=0:A_SIGNED=0:394426c56d1a028ba8fdd5469b163e04011def47.
Running "alumacc" on wrapper $extern:wrap:$ge:Y_WIDTH=1:B_WIDTH=36:A_WIDTH=33:B_SIGNED=0:A_SIGNED=0:394426c56d1a028ba8fdd5469b163e04011def47.
Using template $extern:wrap:$ge:Y_WIDTH=1:B_WIDTH=36:A_WIDTH=33:B_SIGNED=0:A_SIGNED=0:394426c56d1a028ba8fdd5469b163e04011def47 for cells of type $extern:wrap:$ge:Y_WIDTH=1:B_WIDTH=36:A_WIDTH=33:B_SIGNED=0:A_SIGNED=0:394426c56d1a028ba8fdd5469b163e04011def47.
Running "alumacc" on wrapper $extern:wrap:$sub:Y_WIDTH=37:B_WIDTH=37:A_WIDTH=33:B_SIGNED=0:A_SIGNED=0:394426c56d1a028ba8fdd5469b163e04011def47.
Using template $extern:wrap:$sub:Y_WIDTH=37:B_WIDTH=37:A_WIDTH=33:B_SIGNED=0:A_SIGNED=0:394426c56d1a028ba8fdd5469b163e04011def47 for cells of type $extern:wrap:$sub:Y_WIDTH=37:B_WIDTH=37:A_WIDTH=33:B_SIGNED=0:A_SIGNED=0:394426c56d1a028ba8fdd5469b163e04011def47.
Running "alumacc" on wrapper $extern:wrap:$ge:Y_WIDTH=1:B_WIDTH=37:A_WIDTH=33:B_SIGNED=0:A_SIGNED=0:394426c56d1a028ba8fdd5469b163e04011def47.
Using template $extern:wrap:$ge:Y_WIDTH=1:B_WIDTH=37:A_WIDTH=33:B_SIGNED=0:A_SIGNED=0:394426c56d1a028ba8fdd5469b163e04011def47 for cells of type $extern:wrap:$ge:Y_WIDTH=1:B_WIDTH=37:A_WIDTH=33:B_SIGNED=0:A_SIGNED=0:394426c56d1a028ba8fdd5469b163e04011def47.
Running "alumacc" on wrapper $extern:wrap:$sub:Y_WIDTH=38:B_WIDTH=38:A_WIDTH=33:B_SIGNED=0:A_SIGNED=0:394426c56d1a028ba8fdd5469b163e04011def47.
Using template $extern:wrap:$sub:Y_WIDTH=38:B_WIDTH=38:A_WIDTH=33:B_SIGNED=0:A_SIGNED=0:394426c56d1a028ba8fdd5469b163e04011def47 for cells of type $extern:wrap:$sub:Y_WIDTH=38:B_WIDTH=38:A_WIDTH=33:B_SIGNED=0:A_SIGNED=0:394426c56d1a028ba8fdd5469b163e04011def47.
Running "alumacc" on wrapper $extern:wrap:$ge:Y_WIDTH=1:B_WIDTH=38:A_WIDTH=33:B_SIGNED=0:A_SIGNED=0:394426c56d1a028ba8fdd5469b163e04011def47.
Using template $extern:wrap:$ge:Y_WIDTH=1:B_WIDTH=38:A_WIDTH=33:B_SIGNED=0:A_SIGNED=0:394426c56d1a028ba8fdd5469b163e04011def47 for cells of type $extern:wrap:$ge:Y_WIDTH=1:B_WIDTH=38:A_WIDTH=33:B_SIGNED=0:A_SIGNED=0:394426c56d1a028ba8fdd5469b163e04011def47.
Running "alumacc" on wrapper $extern:wrap:$sub:Y_WIDTH=39:B_WIDTH=39:A_WIDTH=33:B_SIGNED=0:A_SIGNED=0:394426c56d1a028ba8fdd5469b163e04011def47.
Using template $extern:wrap:$sub:Y_WIDTH=39:B_WIDTH=39:A_WIDTH=33:B_SIGNED=0:A_SIGNED=0:394426c56d1a028ba8fdd5469b163e04011def47 for cells of type $extern:wrap:$sub:Y_WIDTH=39:B_WIDTH=39:A_WIDTH=33:B_SIGNED=0:A_SIGNED=0:394426c56d1a028ba8fdd5469b163e04011def47.
Running "alumacc" on wrapper $extern:wrap:$ge:Y_WIDTH=1:B_WIDTH=39:A_WIDTH=33:B_SIGNED=0:A_SIGNED=0:394426c56d1a028ba8fdd5469b163e04011def47.
Using template $extern:wrap:$ge:Y_WIDTH=1:B_WIDTH=39:A_WIDTH=33:B_SIGNED=0:A_SIGNED=0:394426c56d1a028ba8fdd5469b163e04011def47 for cells of type $extern:wrap:$ge:Y_WIDTH=1:B_WIDTH=39:A_WIDTH=33:B_SIGNED=0:A_SIGNED=0:394426c56d1a028ba8fdd5469b163e04011def47.
Running "alumacc" on wrapper $extern:wrap:$sub:Y_WIDTH=40:B_WIDTH=40:A_WIDTH=33:B_SIGNED=0:A_SIGNED=0:394426c56d1a028ba8fdd5469b163e04011def47.
Using template $extern:wrap:$sub:Y_WIDTH=40:B_WIDTH=40:A_WIDTH=33:B_SIGNED=0:A_SIGNED=0:394426c56d1a028ba8fdd5469b163e04011def47 for cells of type $extern:wrap:$sub:Y_WIDTH=40:B_WIDTH=40:A_WIDTH=33:B_SIGNED=0:A_SIGNED=0:394426c56d1a028ba8fdd5469b163e04011def47.
Running "alumacc" on wrapper $extern:wrap:$ge:Y_WIDTH=1:B_WIDTH=40:A_WIDTH=33:B_SIGNED=0:A_SIGNED=0:394426c56d1a028ba8fdd5469b163e04011def47.
Using template $extern:wrap:$ge:Y_WIDTH=1:B_WIDTH=40:A_WIDTH=33:B_SIGNED=0:A_SIGNED=0:394426c56d1a028ba8fdd5469b163e04011def47 for cells of type $extern:wrap:$ge:Y_WIDTH=1:B_WIDTH=40:A_WIDTH=33:B_SIGNED=0:A_SIGNED=0:394426c56d1a028ba8fdd5469b163e04011def47.
Running "alumacc" on wrapper $extern:wrap:$sub:Y_WIDTH=41:B_WIDTH=41:A_WIDTH=33:B_SIGNED=0:A_SIGNED=0:394426c56d1a028ba8fdd5469b163e04011def47.
Using template $extern:wrap:$sub:Y_WIDTH=41:B_WIDTH=41:A_WIDTH=33:B_SIGNED=0:A_SIGNED=0:394426c56d1a028ba8fdd5469b163e04011def47 for cells of type $extern:wrap:$sub:Y_WIDTH=41:B_WIDTH=41:A_WIDTH=33:B_SIGNED=0:A_SIGNED=0:394426c56d1a028ba8fdd5469b163e04011def47.
Running "alumacc" on wrapper $extern:wrap:$ge:Y_WIDTH=1:B_WIDTH=41:A_WIDTH=33:B_SIGNED=0:A_SIGNED=0:394426c56d1a028ba8fdd5469b163e04011def47.
Using template $extern:wrap:$ge:Y_WIDTH=1:B_WIDTH=41:A_WIDTH=33:B_SIGNED=0:A_SIGNED=0:394426c56d1a028ba8fdd5469b163e04011def47 for cells of type $extern:wrap:$ge:Y_WIDTH=1:B_WIDTH=41:A_WIDTH=33:B_SIGNED=0:A_SIGNED=0:394426c56d1a028ba8fdd5469b163e04011def47.
Running "alumacc" on wrapper $extern:wrap:$sub:Y_WIDTH=42:B_WIDTH=42:A_WIDTH=33:B_SIGNED=0:A_SIGNED=0:394426c56d1a028ba8fdd5469b163e04011def47.
Using template $extern:wrap:$sub:Y_WIDTH=42:B_WIDTH=42:A_WIDTH=33:B_SIGNED=0:A_SIGNED=0:394426c56d1a028ba8fdd5469b163e04011def47 for cells of type $extern:wrap:$sub:Y_WIDTH=42:B_WIDTH=42:A_WIDTH=33:B_SIGNED=0:A_SIGNED=0:394426c56d1a028ba8fdd5469b163e04011def47.
Running "alumacc" on wrapper $extern:wrap:$ge:Y_WIDTH=1:B_WIDTH=42:A_WIDTH=33:B_SIGNED=0:A_SIGNED=0:394426c56d1a028ba8fdd5469b163e04011def47.
Using template $extern:wrap:$ge:Y_WIDTH=1:B_WIDTH=42:A_WIDTH=33:B_SIGNED=0:A_SIGNED=0:394426c56d1a028ba8fdd5469b163e04011def47 for cells of type $extern:wrap:$ge:Y_WIDTH=1:B_WIDTH=42:A_WIDTH=33:B_SIGNED=0:A_SIGNED=0:394426c56d1a028ba8fdd5469b163e04011def47.
Running "alumacc" on wrapper $extern:wrap:$sub:Y_WIDTH=43:B_WIDTH=43:A_WIDTH=33:B_SIGNED=0:A_SIGNED=0:394426c56d1a028ba8fdd5469b163e04011def47.
Using template $extern:wrap:$sub:Y_WIDTH=43:B_WIDTH=43:A_WIDTH=33:B_SIGNED=0:A_SIGNED=0:394426c56d1a028ba8fdd5469b163e04011def47 for cells of type $extern:wrap:$sub:Y_WIDTH=43:B_WIDTH=43:A_WIDTH=33:B_SIGNED=0:A_SIGNED=0:394426c56d1a028ba8fdd5469b163e04011def47.
Running "alumacc" on wrapper $extern:wrap:$ge:Y_WIDTH=1:B_WIDTH=43:A_WIDTH=33:B_SIGNED=0:A_SIGNED=0:394426c56d1a028ba8fdd5469b163e04011def47.
Using template $extern:wrap:$ge:Y_WIDTH=1:B_WIDTH=43:A_WIDTH=33:B_SIGNED=0:A_SIGNED=0:394426c56d1a028ba8fdd5469b163e04011def47 for cells of type $extern:wrap:$ge:Y_WIDTH=1:B_WIDTH=43:A_WIDTH=33:B_SIGNED=0:A_SIGNED=0:394426c56d1a028ba8fdd5469b163e04011def47.
Running "alumacc" on wrapper $extern:wrap:$sub:Y_WIDTH=44:B_WIDTH=44:A_WIDTH=33:B_SIGNED=0:A_SIGNED=0:394426c56d1a028ba8fdd5469b163e04011def47.
Using template $extern:wrap:$sub:Y_WIDTH=44:B_WIDTH=44:A_WIDTH=33:B_SIGNED=0:A_SIGNED=0:394426c56d1a028ba8fdd5469b163e04011def47 for cells of type $extern:wrap:$sub:Y_WIDTH=44:B_WIDTH=44:A_WIDTH=33:B_SIGNED=0:A_SIGNED=0:394426c56d1a028ba8fdd5469b163e04011def47.
Running "alumacc" on wrapper $extern:wrap:$ge:Y_WIDTH=1:B_WIDTH=44:A_WIDTH=33:B_SIGNED=0:A_SIGNED=0:394426c56d1a028ba8fdd5469b163e04011def47.
Using template $extern:wrap:$ge:Y_WIDTH=1:B_WIDTH=44:A_WIDTH=33:B_SIGNED=0:A_SIGNED=0:394426c56d1a028ba8fdd5469b163e04011def47 for cells of type $extern:wrap:$ge:Y_WIDTH=1:B_WIDTH=44:A_WIDTH=33:B_SIGNED=0:A_SIGNED=0:394426c56d1a028ba8fdd5469b163e04011def47.
Running "alumacc" on wrapper $extern:wrap:$sub:Y_WIDTH=45:B_WIDTH=45:A_WIDTH=33:B_SIGNED=0:A_SIGNED=0:394426c56d1a028ba8fdd5469b163e04011def47.
Using template $extern:wrap:$sub:Y_WIDTH=45:B_WIDTH=45:A_WIDTH=33:B_SIGNED=0:A_SIGNED=0:394426c56d1a028ba8fdd5469b163e04011def47 for cells of type $extern:wrap:$sub:Y_WIDTH=45:B_WIDTH=45:A_WIDTH=33:B_SIGNED=0:A_SIGNED=0:394426c56d1a028ba8fdd5469b163e04011def47.
Running "alumacc" on wrapper $extern:wrap:$ge:Y_WIDTH=1:B_WIDTH=45:A_WIDTH=33:B_SIGNED=0:A_SIGNED=0:394426c56d1a028ba8fdd5469b163e04011def47.
Using template $extern:wrap:$ge:Y_WIDTH=1:B_WIDTH=45:A_WIDTH=33:B_SIGNED=0:A_SIGNED=0:394426c56d1a028ba8fdd5469b163e04011def47 for cells of type $extern:wrap:$ge:Y_WIDTH=1:B_WIDTH=45:A_WIDTH=33:B_SIGNED=0:A_SIGNED=0:394426c56d1a028ba8fdd5469b163e04011def47.
Running "alumacc" on wrapper $extern:wrap:$sub:Y_WIDTH=46:B_WIDTH=46:A_WIDTH=33:B_SIGNED=0:A_SIGNED=0:394426c56d1a028ba8fdd5469b163e04011def47.
Using template $extern:wrap:$sub:Y_WIDTH=46:B_WIDTH=46:A_WIDTH=33:B_SIGNED=0:A_SIGNED=0:394426c56d1a028ba8fdd5469b163e04011def47 for cells of type $extern:wrap:$sub:Y_WIDTH=46:B_WIDTH=46:A_WIDTH=33:B_SIGNED=0:A_SIGNED=0:394426c56d1a028ba8fdd5469b163e04011def47.
Running "alumacc" on wrapper $extern:wrap:$ge:Y_WIDTH=1:B_WIDTH=46:A_WIDTH=33:B_SIGNED=0:A_SIGNED=0:394426c56d1a028ba8fdd5469b163e04011def47.
Using template $extern:wrap:$ge:Y_WIDTH=1:B_WIDTH=46:A_WIDTH=33:B_SIGNED=0:A_SIGNED=0:394426c56d1a028ba8fdd5469b163e04011def47 for cells of type $extern:wrap:$ge:Y_WIDTH=1:B_WIDTH=46:A_WIDTH=33:B_SIGNED=0:A_SIGNED=0:394426c56d1a028ba8fdd5469b163e04011def47.
Running "alumacc" on wrapper $extern:wrap:$sub:Y_WIDTH=47:B_WIDTH=47:A_WIDTH=33:B_SIGNED=0:A_SIGNED=0:394426c56d1a028ba8fdd5469b163e04011def47.
Using template $extern:wrap:$sub:Y_WIDTH=47:B_WIDTH=47:A_WIDTH=33:B_SIGNED=0:A_SIGNED=0:394426c56d1a028ba8fdd5469b163e04011def47 for cells of type $extern:wrap:$sub:Y_WIDTH=47:B_WIDTH=47:A_WIDTH=33:B_SIGNED=0:A_SIGNED=0:394426c56d1a028ba8fdd5469b163e04011def47.
Running "alumacc" on wrapper $extern:wrap:$ge:Y_WIDTH=1:B_WIDTH=47:A_WIDTH=33:B_SIGNED=0:A_SIGNED=0:394426c56d1a028ba8fdd5469b163e04011def47.
Using template $extern:wrap:$ge:Y_WIDTH=1:B_WIDTH=47:A_WIDTH=33:B_SIGNED=0:A_SIGNED=0:394426c56d1a028ba8fdd5469b163e04011def47 for cells of type $extern:wrap:$ge:Y_WIDTH=1:B_WIDTH=47:A_WIDTH=33:B_SIGNED=0:A_SIGNED=0:394426c56d1a028ba8fdd5469b163e04011def47.
Running "alumacc" on wrapper $extern:wrap:$sub:Y_WIDTH=48:B_WIDTH=48:A_WIDTH=33:B_SIGNED=0:A_SIGNED=0:394426c56d1a028ba8fdd5469b163e04011def47.
Using template $extern:wrap:$sub:Y_WIDTH=48:B_WIDTH=48:A_WIDTH=33:B_SIGNED=0:A_SIGNED=0:394426c56d1a028ba8fdd5469b163e04011def47 for cells of type $extern:wrap:$sub:Y_WIDTH=48:B_WIDTH=48:A_WIDTH=33:B_SIGNED=0:A_SIGNED=0:394426c56d1a028ba8fdd5469b163e04011def47.
Running "alumacc" on wrapper $extern:wrap:$ge:Y_WIDTH=1:B_WIDTH=48:A_WIDTH=33:B_SIGNED=0:A_SIGNED=0:394426c56d1a028ba8fdd5469b163e04011def47.
Using template $extern:wrap:$ge:Y_WIDTH=1:B_WIDTH=48:A_WIDTH=33:B_SIGNED=0:A_SIGNED=0:394426c56d1a028ba8fdd5469b163e04011def47 for cells of type $extern:wrap:$ge:Y_WIDTH=1:B_WIDTH=48:A_WIDTH=33:B_SIGNED=0:A_SIGNED=0:394426c56d1a028ba8fdd5469b163e04011def47.
Running "alumacc" on wrapper $extern:wrap:$sub:Y_WIDTH=49:B_WIDTH=49:A_WIDTH=33:B_SIGNED=0:A_SIGNED=0:394426c56d1a028ba8fdd5469b163e04011def47.
Using template $extern:wrap:$sub:Y_WIDTH=49:B_WIDTH=49:A_WIDTH=33:B_SIGNED=0:A_SIGNED=0:394426c56d1a028ba8fdd5469b163e04011def47 for cells of type $extern:wrap:$sub:Y_WIDTH=49:B_WIDTH=49:A_WIDTH=33:B_SIGNED=0:A_SIGNED=0:394426c56d1a028ba8fdd5469b163e04011def47.
Running "alumacc" on wrapper $extern:wrap:$ge:Y_WIDTH=1:B_WIDTH=49:A_WIDTH=33:B_SIGNED=0:A_SIGNED=0:394426c56d1a028ba8fdd5469b163e04011def47.
Using template $extern:wrap:$ge:Y_WIDTH=1:B_WIDTH=49:A_WIDTH=33:B_SIGNED=0:A_SIGNED=0:394426c56d1a028ba8fdd5469b163e04011def47 for cells of type $extern:wrap:$ge:Y_WIDTH=1:B_WIDTH=49:A_WIDTH=33:B_SIGNED=0:A_SIGNED=0:394426c56d1a028ba8fdd5469b163e04011def47.
Running "alumacc" on wrapper $extern:wrap:$sub:Y_WIDTH=50:B_WIDTH=50:A_WIDTH=33:B_SIGNED=0:A_SIGNED=0:394426c56d1a028ba8fdd5469b163e04011def47.
Using template $extern:wrap:$sub:Y_WIDTH=50:B_WIDTH=50:A_WIDTH=33:B_SIGNED=0:A_SIGNED=0:394426c56d1a028ba8fdd5469b163e04011def47 for cells of type $extern:wrap:$sub:Y_WIDTH=50:B_WIDTH=50:A_WIDTH=33:B_SIGNED=0:A_SIGNED=0:394426c56d1a028ba8fdd5469b163e04011def47.
Running "alumacc" on wrapper $extern:wrap:$ge:Y_WIDTH=1:B_WIDTH=50:A_WIDTH=33:B_SIGNED=0:A_SIGNED=0:394426c56d1a028ba8fdd5469b163e04011def47.
Using template $extern:wrap:$ge:Y_WIDTH=1:B_WIDTH=50:A_WIDTH=33:B_SIGNED=0:A_SIGNED=0:394426c56d1a028ba8fdd5469b163e04011def47 for cells of type $extern:wrap:$ge:Y_WIDTH=1:B_WIDTH=50:A_WIDTH=33:B_SIGNED=0:A_SIGNED=0:394426c56d1a028ba8fdd5469b163e04011def47.
Running "alumacc" on wrapper $extern:wrap:$sub:Y_WIDTH=51:B_WIDTH=51:A_WIDTH=33:B_SIGNED=0:A_SIGNED=0:394426c56d1a028ba8fdd5469b163e04011def47.
Using template $extern:wrap:$sub:Y_WIDTH=51:B_WIDTH=51:A_WIDTH=33:B_SIGNED=0:A_SIGNED=0:394426c56d1a028ba8fdd5469b163e04011def47 for cells of type $extern:wrap:$sub:Y_WIDTH=51:B_WIDTH=51:A_WIDTH=33:B_SIGNED=0:A_SIGNED=0:394426c56d1a028ba8fdd5469b163e04011def47.
Running "alumacc" on wrapper $extern:wrap:$ge:Y_WIDTH=1:B_WIDTH=51:A_WIDTH=33:B_SIGNED=0:A_SIGNED=0:394426c56d1a028ba8fdd5469b163e04011def47.
Using template $extern:wrap:$ge:Y_WIDTH=1:B_WIDTH=51:A_WIDTH=33:B_SIGNED=0:A_SIGNED=0:394426c56d1a028ba8fdd5469b163e04011def47 for cells of type $extern:wrap:$ge:Y_WIDTH=1:B_WIDTH=51:A_WIDTH=33:B_SIGNED=0:A_SIGNED=0:394426c56d1a028ba8fdd5469b163e04011def47.
Running "alumacc" on wrapper $extern:wrap:$sub:Y_WIDTH=52:B_WIDTH=52:A_WIDTH=33:B_SIGNED=0:A_SIGNED=0:394426c56d1a028ba8fdd5469b163e04011def47.
Using template $extern:wrap:$sub:Y_WIDTH=52:B_WIDTH=52:A_WIDTH=33:B_SIGNED=0:A_SIGNED=0:394426c56d1a028ba8fdd5469b163e04011def47 for cells of type $extern:wrap:$sub:Y_WIDTH=52:B_WIDTH=52:A_WIDTH=33:B_SIGNED=0:A_SIGNED=0:394426c56d1a028ba8fdd5469b163e04011def47.
Running "alumacc" on wrapper $extern:wrap:$ge:Y_WIDTH=1:B_WIDTH=52:A_WIDTH=33:B_SIGNED=0:A_SIGNED=0:394426c56d1a028ba8fdd5469b163e04011def47.
Using template $extern:wrap:$ge:Y_WIDTH=1:B_WIDTH=52:A_WIDTH=33:B_SIGNED=0:A_SIGNED=0:394426c56d1a028ba8fdd5469b163e04011def47 for cells of type $extern:wrap:$ge:Y_WIDTH=1:B_WIDTH=52:A_WIDTH=33:B_SIGNED=0:A_SIGNED=0:394426c56d1a028ba8fdd5469b163e04011def47.
Running "alumacc" on wrapper $extern:wrap:$sub:Y_WIDTH=53:B_WIDTH=53:A_WIDTH=33:B_SIGNED=0:A_SIGNED=0:394426c56d1a028ba8fdd5469b163e04011def47.
Using template $extern:wrap:$sub:Y_WIDTH=53:B_WIDTH=53:A_WIDTH=33:B_SIGNED=0:A_SIGNED=0:394426c56d1a028ba8fdd5469b163e04011def47 for cells of type $extern:wrap:$sub:Y_WIDTH=53:B_WIDTH=53:A_WIDTH=33:B_SIGNED=0:A_SIGNED=0:394426c56d1a028ba8fdd5469b163e04011def47.
Running "alumacc" on wrapper $extern:wrap:$ge:Y_WIDTH=1:B_WIDTH=53:A_WIDTH=33:B_SIGNED=0:A_SIGNED=0:394426c56d1a028ba8fdd5469b163e04011def47.
Using template $extern:wrap:$ge:Y_WIDTH=1:B_WIDTH=53:A_WIDTH=33:B_SIGNED=0:A_SIGNED=0:394426c56d1a028ba8fdd5469b163e04011def47 for cells of type $extern:wrap:$ge:Y_WIDTH=1:B_WIDTH=53:A_WIDTH=33:B_SIGNED=0:A_SIGNED=0:394426c56d1a028ba8fdd5469b163e04011def47.
Running "alumacc" on wrapper $extern:wrap:$sub:Y_WIDTH=54:B_WIDTH=54:A_WIDTH=33:B_SIGNED=0:A_SIGNED=0:394426c56d1a028ba8fdd5469b163e04011def47.
Using template $extern:wrap:$sub:Y_WIDTH=54:B_WIDTH=54:A_WIDTH=33:B_SIGNED=0:A_SIGNED=0:394426c56d1a028ba8fdd5469b163e04011def47 for cells of type $extern:wrap:$sub:Y_WIDTH=54:B_WIDTH=54:A_WIDTH=33:B_SIGNED=0:A_SIGNED=0:394426c56d1a028ba8fdd5469b163e04011def47.
Running "alumacc" on wrapper $extern:wrap:$ge:Y_WIDTH=1:B_WIDTH=54:A_WIDTH=33:B_SIGNED=0:A_SIGNED=0:394426c56d1a028ba8fdd5469b163e04011def47.
Using template $extern:wrap:$ge:Y_WIDTH=1:B_WIDTH=54:A_WIDTH=33:B_SIGNED=0:A_SIGNED=0:394426c56d1a028ba8fdd5469b163e04011def47 for cells of type $extern:wrap:$ge:Y_WIDTH=1:B_WIDTH=54:A_WIDTH=33:B_SIGNED=0:A_SIGNED=0:394426c56d1a028ba8fdd5469b163e04011def47.
Running "alumacc" on wrapper $extern:wrap:$sub:Y_WIDTH=55:B_WIDTH=55:A_WIDTH=33:B_SIGNED=0:A_SIGNED=0:394426c56d1a028ba8fdd5469b163e04011def47.
Using template $extern:wrap:$sub:Y_WIDTH=55:B_WIDTH=55:A_WIDTH=33:B_SIGNED=0:A_SIGNED=0:394426c56d1a028ba8fdd5469b163e04011def47 for cells of type $extern:wrap:$sub:Y_WIDTH=55:B_WIDTH=55:A_WIDTH=33:B_SIGNED=0:A_SIGNED=0:394426c56d1a028ba8fdd5469b163e04011def47.
Running "alumacc" on wrapper $extern:wrap:$ge:Y_WIDTH=1:B_WIDTH=55:A_WIDTH=33:B_SIGNED=0:A_SIGNED=0:394426c56d1a028ba8fdd5469b163e04011def47.
Using template $extern:wrap:$ge:Y_WIDTH=1:B_WIDTH=55:A_WIDTH=33:B_SIGNED=0:A_SIGNED=0:394426c56d1a028ba8fdd5469b163e04011def47 for cells of type $extern:wrap:$ge:Y_WIDTH=1:B_WIDTH=55:A_WIDTH=33:B_SIGNED=0:A_SIGNED=0:394426c56d1a028ba8fdd5469b163e04011def47.
Running "alumacc" on wrapper $extern:wrap:$sub:Y_WIDTH=56:B_WIDTH=56:A_WIDTH=33:B_SIGNED=0:A_SIGNED=0:394426c56d1a028ba8fdd5469b163e04011def47.
Using template $extern:wrap:$sub:Y_WIDTH=56:B_WIDTH=56:A_WIDTH=33:B_SIGNED=0:A_SIGNED=0:394426c56d1a028ba8fdd5469b163e04011def47 for cells of type $extern:wrap:$sub:Y_WIDTH=56:B_WIDTH=56:A_WIDTH=33:B_SIGNED=0:A_SIGNED=0:394426c56d1a028ba8fdd5469b163e04011def47.
Running "alumacc" on wrapper $extern:wrap:$ge:Y_WIDTH=1:B_WIDTH=56:A_WIDTH=33:B_SIGNED=0:A_SIGNED=0:394426c56d1a028ba8fdd5469b163e04011def47.
Using template $extern:wrap:$ge:Y_WIDTH=1:B_WIDTH=56:A_WIDTH=33:B_SIGNED=0:A_SIGNED=0:394426c56d1a028ba8fdd5469b163e04011def47 for cells of type $extern:wrap:$ge:Y_WIDTH=1:B_WIDTH=56:A_WIDTH=33:B_SIGNED=0:A_SIGNED=0:394426c56d1a028ba8fdd5469b163e04011def47.
Running "alumacc" on wrapper $extern:wrap:$sub:Y_WIDTH=57:B_WIDTH=57:A_WIDTH=33:B_SIGNED=0:A_SIGNED=0:394426c56d1a028ba8fdd5469b163e04011def47.
Using template $extern:wrap:$sub:Y_WIDTH=57:B_WIDTH=57:A_WIDTH=33:B_SIGNED=0:A_SIGNED=0:394426c56d1a028ba8fdd5469b163e04011def47 for cells of type $extern:wrap:$sub:Y_WIDTH=57:B_WIDTH=57:A_WIDTH=33:B_SIGNED=0:A_SIGNED=0:394426c56d1a028ba8fdd5469b163e04011def47.
Running "alumacc" on wrapper $extern:wrap:$ge:Y_WIDTH=1:B_WIDTH=57:A_WIDTH=33:B_SIGNED=0:A_SIGNED=0:394426c56d1a028ba8fdd5469b163e04011def47.
Using template $extern:wrap:$ge:Y_WIDTH=1:B_WIDTH=57:A_WIDTH=33:B_SIGNED=0:A_SIGNED=0:394426c56d1a028ba8fdd5469b163e04011def47 for cells of type $extern:wrap:$ge:Y_WIDTH=1:B_WIDTH=57:A_WIDTH=33:B_SIGNED=0:A_SIGNED=0:394426c56d1a028ba8fdd5469b163e04011def47.
Running "alumacc" on wrapper $extern:wrap:$sub:Y_WIDTH=58:B_WIDTH=58:A_WIDTH=33:B_SIGNED=0:A_SIGNED=0:394426c56d1a028ba8fdd5469b163e04011def47.
Using template $extern:wrap:$sub:Y_WIDTH=58:B_WIDTH=58:A_WIDTH=33:B_SIGNED=0:A_SIGNED=0:394426c56d1a028ba8fdd5469b163e04011def47 for cells of type $extern:wrap:$sub:Y_WIDTH=58:B_WIDTH=58:A_WIDTH=33:B_SIGNED=0:A_SIGNED=0:394426c56d1a028ba8fdd5469b163e04011def47.
Running "alumacc" on wrapper $extern:wrap:$ge:Y_WIDTH=1:B_WIDTH=58:A_WIDTH=33:B_SIGNED=0:A_SIGNED=0:394426c56d1a028ba8fdd5469b163e04011def47.
Using template $extern:wrap:$ge:Y_WIDTH=1:B_WIDTH=58:A_WIDTH=33:B_SIGNED=0:A_SIGNED=0:394426c56d1a028ba8fdd5469b163e04011def47 for cells of type $extern:wrap:$ge:Y_WIDTH=1:B_WIDTH=58:A_WIDTH=33:B_SIGNED=0:A_SIGNED=0:394426c56d1a028ba8fdd5469b163e04011def47.
Running "alumacc" on wrapper $extern:wrap:$sub:Y_WIDTH=59:B_WIDTH=59:A_WIDTH=33:B_SIGNED=0:A_SIGNED=0:394426c56d1a028ba8fdd5469b163e04011def47.
Using template $extern:wrap:$sub:Y_WIDTH=59:B_WIDTH=59:A_WIDTH=33:B_SIGNED=0:A_SIGNED=0:394426c56d1a028ba8fdd5469b163e04011def47 for cells of type $extern:wrap:$sub:Y_WIDTH=59:B_WIDTH=59:A_WIDTH=33:B_SIGNED=0:A_SIGNED=0:394426c56d1a028ba8fdd5469b163e04011def47.
Running "alumacc" on wrapper $extern:wrap:$ge:Y_WIDTH=1:B_WIDTH=59:A_WIDTH=33:B_SIGNED=0:A_SIGNED=0:394426c56d1a028ba8fdd5469b163e04011def47.
Using template $extern:wrap:$ge:Y_WIDTH=1:B_WIDTH=59:A_WIDTH=33:B_SIGNED=0:A_SIGNED=0:394426c56d1a028ba8fdd5469b163e04011def47 for cells of type $extern:wrap:$ge:Y_WIDTH=1:B_WIDTH=59:A_WIDTH=33:B_SIGNED=0:A_SIGNED=0:394426c56d1a028ba8fdd5469b163e04011def47.
Running "alumacc" on wrapper $extern:wrap:$sub:Y_WIDTH=60:B_WIDTH=60:A_WIDTH=33:B_SIGNED=0:A_SIGNED=0:394426c56d1a028ba8fdd5469b163e04011def47.
Using template $extern:wrap:$sub:Y_WIDTH=60:B_WIDTH=60:A_WIDTH=33:B_SIGNED=0:A_SIGNED=0:394426c56d1a028ba8fdd5469b163e04011def47 for cells of type $extern:wrap:$sub:Y_WIDTH=60:B_WIDTH=60:A_WIDTH=33:B_SIGNED=0:A_SIGNED=0:394426c56d1a028ba8fdd5469b163e04011def47.
Running "alumacc" on wrapper $extern:wrap:$ge:Y_WIDTH=1:B_WIDTH=60:A_WIDTH=33:B_SIGNED=0:A_SIGNED=0:394426c56d1a028ba8fdd5469b163e04011def47.
Using template $extern:wrap:$ge:Y_WIDTH=1:B_WIDTH=60:A_WIDTH=33:B_SIGNED=0:A_SIGNED=0:394426c56d1a028ba8fdd5469b163e04011def47 for cells of type $extern:wrap:$ge:Y_WIDTH=1:B_WIDTH=60:A_WIDTH=33:B_SIGNED=0:A_SIGNED=0:394426c56d1a028ba8fdd5469b163e04011def47.
Running "alumacc" on wrapper $extern:wrap:$sub:Y_WIDTH=61:B_WIDTH=61:A_WIDTH=33:B_SIGNED=0:A_SIGNED=0:394426c56d1a028ba8fdd5469b163e04011def47.
Using template $extern:wrap:$sub:Y_WIDTH=61:B_WIDTH=61:A_WIDTH=33:B_SIGNED=0:A_SIGNED=0:394426c56d1a028ba8fdd5469b163e04011def47 for cells of type $extern:wrap:$sub:Y_WIDTH=61:B_WIDTH=61:A_WIDTH=33:B_SIGNED=0:A_SIGNED=0:394426c56d1a028ba8fdd5469b163e04011def47.
Running "alumacc" on wrapper $extern:wrap:$ge:Y_WIDTH=1:B_WIDTH=61:A_WIDTH=33:B_SIGNED=0:A_SIGNED=0:394426c56d1a028ba8fdd5469b163e04011def47.
Using template $extern:wrap:$ge:Y_WIDTH=1:B_WIDTH=61:A_WIDTH=33:B_SIGNED=0:A_SIGNED=0:394426c56d1a028ba8fdd5469b163e04011def47 for cells of type $extern:wrap:$ge:Y_WIDTH=1:B_WIDTH=61:A_WIDTH=33:B_SIGNED=0:A_SIGNED=0:394426c56d1a028ba8fdd5469b163e04011def47.
Running "alumacc" on wrapper $extern:wrap:$sub:Y_WIDTH=62:B_WIDTH=62:A_WIDTH=33:B_SIGNED=0:A_SIGNED=0:394426c56d1a028ba8fdd5469b163e04011def47.
Using template $extern:wrap:$sub:Y_WIDTH=62:B_WIDTH=62:A_WIDTH=33:B_SIGNED=0:A_SIGNED=0:394426c56d1a028ba8fdd5469b163e04011def47 for cells of type $extern:wrap:$sub:Y_WIDTH=62:B_WIDTH=62:A_WIDTH=33:B_SIGNED=0:A_SIGNED=0:394426c56d1a028ba8fdd5469b163e04011def47.
Running "alumacc" on wrapper $extern:wrap:$ge:Y_WIDTH=1:B_WIDTH=62:A_WIDTH=33:B_SIGNED=0:A_SIGNED=0:394426c56d1a028ba8fdd5469b163e04011def47.
Using template $extern:wrap:$ge:Y_WIDTH=1:B_WIDTH=62:A_WIDTH=33:B_SIGNED=0:A_SIGNED=0:394426c56d1a028ba8fdd5469b163e04011def47 for cells of type $extern:wrap:$ge:Y_WIDTH=1:B_WIDTH=62:A_WIDTH=33:B_SIGNED=0:A_SIGNED=0:394426c56d1a028ba8fdd5469b163e04011def47.
Running "alumacc" on wrapper $extern:wrap:$sub:Y_WIDTH=63:B_WIDTH=63:A_WIDTH=33:B_SIGNED=0:A_SIGNED=0:394426c56d1a028ba8fdd5469b163e04011def47.
Using template $extern:wrap:$sub:Y_WIDTH=63:B_WIDTH=63:A_WIDTH=33:B_SIGNED=0:A_SIGNED=0:394426c56d1a028ba8fdd5469b163e04011def47 for cells of type $extern:wrap:$sub:Y_WIDTH=63:B_WIDTH=63:A_WIDTH=33:B_SIGNED=0:A_SIGNED=0:394426c56d1a028ba8fdd5469b163e04011def47.
Running "alumacc" on wrapper $extern:wrap:$ge:Y_WIDTH=1:B_WIDTH=63:A_WIDTH=33:B_SIGNED=0:A_SIGNED=0:394426c56d1a028ba8fdd5469b163e04011def47.
Using template $extern:wrap:$ge:Y_WIDTH=1:B_WIDTH=63:A_WIDTH=33:B_SIGNED=0:A_SIGNED=0:394426c56d1a028ba8fdd5469b163e04011def47 for cells of type $extern:wrap:$ge:Y_WIDTH=1:B_WIDTH=63:A_WIDTH=33:B_SIGNED=0:A_SIGNED=0:394426c56d1a028ba8fdd5469b163e04011def47.
Running "alumacc" on wrapper $extern:wrap:$sub:Y_WIDTH=64:B_WIDTH=64:A_WIDTH=33:B_SIGNED=0:A_SIGNED=0:394426c56d1a028ba8fdd5469b163e04011def47.
Using template $extern:wrap:$sub:Y_WIDTH=64:B_WIDTH=64:A_WIDTH=33:B_SIGNED=0:A_SIGNED=0:394426c56d1a028ba8fdd5469b163e04011def47 for cells of type $extern:wrap:$sub:Y_WIDTH=64:B_WIDTH=64:A_WIDTH=33:B_SIGNED=0:A_SIGNED=0:394426c56d1a028ba8fdd5469b163e04011def47.
Running "alumacc" on wrapper $extern:wrap:$ge:Y_WIDTH=1:B_WIDTH=64:A_WIDTH=33:B_SIGNED=0:A_SIGNED=0:394426c56d1a028ba8fdd5469b163e04011def47.
Using template $extern:wrap:$ge:Y_WIDTH=1:B_WIDTH=64:A_WIDTH=33:B_SIGNED=0:A_SIGNED=0:394426c56d1a028ba8fdd5469b163e04011def47 for cells of type $extern:wrap:$ge:Y_WIDTH=1:B_WIDTH=64:A_WIDTH=33:B_SIGNED=0:A_SIGNED=0:394426c56d1a028ba8fdd5469b163e04011def47.
Running "alumacc" on wrapper $extern:wrap:$sub:Y_WIDTH=65:B_WIDTH=65:A_WIDTH=33:B_SIGNED=0:A_SIGNED=0:394426c56d1a028ba8fdd5469b163e04011def47.
Using template $extern:wrap:$sub:Y_WIDTH=65:B_WIDTH=65:A_WIDTH=33:B_SIGNED=0:A_SIGNED=0:394426c56d1a028ba8fdd5469b163e04011def47 for cells of type $extern:wrap:$sub:Y_WIDTH=65:B_WIDTH=65:A_WIDTH=33:B_SIGNED=0:A_SIGNED=0:394426c56d1a028ba8fdd5469b163e04011def47.
Running "alumacc" on wrapper $extern:wrap:$ge:Y_WIDTH=1:B_WIDTH=65:A_WIDTH=33:B_SIGNED=0:A_SIGNED=0:394426c56d1a028ba8fdd5469b163e04011def47.
Using template $extern:wrap:$ge:Y_WIDTH=1:B_WIDTH=65:A_WIDTH=33:B_SIGNED=0:A_SIGNED=0:394426c56d1a028ba8fdd5469b163e04011def47 for cells of type $extern:wrap:$ge:Y_WIDTH=1:B_WIDTH=65:A_WIDTH=33:B_SIGNED=0:A_SIGNED=0:394426c56d1a028ba8fdd5469b163e04011def47.
Using template $paramod\_90_fa\WIDTH=32'00000000000000000000000000100001 for cells of type $fa.
Using template $paramod\_90_lcu_brent_kung\WIDTH=32'00000000000000000000000000100001 for cells of type $lcu.
Using template $paramod$cc6a978c1b57cdb49efcec348c88d8e28bf1a01f\_90_alu for cells of type $alu.
Using template $paramod$66f4d26ff378933eb12ea14eb9e3e72193112f68\_90_alu for cells of type $alu.
Using template $paramod$f14f58a9dc953225774ed36f8cd52bde0fedcb71\_90_alu for cells of type $alu.
Using template $paramod$a7260b544fbad3ecb8c199adb8411a5a130453c9\_90_alu for cells of type $alu.
Using template $paramod$a9242bca79862a7659b9b983a18f5ac6ea6a7433\_90_alu for cells of type $alu.
Using template $paramod$fe592371df89fd56a552cad9e4e228d0e2157a09\_90_alu for cells of type $alu.
Using template $paramod$6bc296dde5719e833698f3cf04d06295044d1e25\_90_alu for cells of type $alu.
Using template $paramod$9ad7a6267efe506852f4afa25e263d668768b291\_90_alu for cells of type $alu.
Using template $paramod$c546b4f2cb8040b2bb6ac111535cc8fd1100fe5a\_90_alu for cells of type $alu.
Using template $paramod$d2608cab65eadf578ed22c11852183c64a4794d6\_90_alu for cells of type $alu.
Using template $paramod$f5362d272f1bdde39b3761b64f1782fd6080f7eb\_90_alu for cells of type $alu.
Using template $paramod$0cabc5f867fea2e697a62451b7be046b1b62b59d\_90_alu for cells of type $alu.
Using template $paramod$032e6a5109297833d4cbed055812dc8a30e993b4\_90_alu for cells of type $alu.
Using template $paramod$30af2f8124d6b4afcd34f31ff530ec03e76ca9b4\_90_alu for cells of type $alu.
Using template $paramod$cc1407be07f8e1e54886ef620e63d047d1ca1813\_90_alu for cells of type $alu.
Using template $paramod$1729bc839225b826a817c02c1748f1a83567dbfe\_90_alu for cells of type $alu.
Using template $paramod$62de0aa059b1237474e30af7988eea99ed833be6\_90_alu for cells of type $alu.
Using template $paramod$e2b0dd7971fc8bfe1bf8e180c1f03e586c072686\_90_alu for cells of type $alu.
Using template $paramod$a9e266bc30aaed0abbd1dc643d6fe98d896f5104\_90_alu for cells of type $alu.
Using template $paramod$d595eeb1c73672ceafa0c1b1297b1f11a6064d44\_90_alu for cells of type $alu.
Using template $paramod$0db8778394e549de91682b0c3ec02f41b29e1dfe\_90_alu for cells of type $alu.
Using template $paramod$7cd90b2bbeb7ca8ae47b510eab3671e7de2ab6cd\_90_alu for cells of type $alu.
Using template $paramod$9d411443c1236ab4b0071355b46ac4a6f240a2cc\_90_alu for cells of type $alu.
Using template $paramod$dde1a3927437b0fc5f67d439beed18b4c6ecb0e6\_90_alu for cells of type $alu.
Using template $paramod$215bc039315b6c0d0dd6586da4e831ca7aefc20c\_90_alu for cells of type $alu.
Using template $paramod$8b5556ad5869da5c406bb321a81ab650246de821\_90_alu for cells of type $alu.
Using template $paramod$e66c230f1a34e5a2571158194ceecbf1989fdb36\_90_alu for cells of type $alu.
Using template $paramod$f71a32ff0c95c06748789a26d2b166eec5ae6b5a\_90_alu for cells of type $alu.
Using template $paramod$b1e65b06490a8cd5996f72ad10f3a59245ed9ba1\_90_alu for cells of type $alu.
Using template $paramod$16b6ac4765d4deaa60b5e8a3f49cb01ff2b4f634\_90_alu for cells of type $alu.
Using template $paramod$497fbd9bd08802bd5c1fef72c6e0a4730710d9ea\_90_alu for cells of type $alu.
Using template $paramod$afce5005fe1872b96c3b25fa8deba299c4d92d75\_90_alu for cells of type $alu.
Using template $paramod$c1a24180bc1daf1fb95d17515c9f4a0f6ae78486\_90_alu for cells of type $alu.
Using template $paramod\_90_fa\WIDTH=32'00000000000000000000000000100010 for cells of type $fa.
Using template $paramod\_90_lcu_brent_kung\WIDTH=32'00000000000000000000000000100010 for cells of type $lcu.
Using template $paramod\_90_fa\WIDTH=32'00000000000000000000000000100011 for cells of type $fa.
Using template $paramod\_90_lcu_brent_kung\WIDTH=32'00000000000000000000000000100011 for cells of type $lcu.
Using template $paramod\_90_fa\WIDTH=32'00000000000000000000000000100100 for cells of type $fa.
Using template $paramod\_90_lcu_brent_kung\WIDTH=32'00000000000000000000000000100100 for cells of type $lcu.
Using template $paramod\_90_fa\WIDTH=32'00000000000000000000000000100101 for cells of type $fa.
Using template $paramod\_90_lcu_brent_kung\WIDTH=32'00000000000000000000000000100101 for cells of type $lcu.
Using template $paramod\_90_fa\WIDTH=32'00000000000000000000000000100110 for cells of type $fa.
Using template $paramod\_90_lcu_brent_kung\WIDTH=32'00000000000000000000000000100110 for cells of type $lcu.
Using template $paramod\_90_fa\WIDTH=32'00000000000000000000000000100111 for cells of type $fa.
Using template $paramod\_90_lcu_brent_kung\WIDTH=32'00000000000000000000000000100111 for cells of type $lcu.
Using template $paramod\_90_fa\WIDTH=32'00000000000000000000000000101000 for cells of type $fa.
Using template $paramod\_90_lcu_brent_kung\WIDTH=32'00000000000000000000000000101000 for cells of type $lcu.
Using template $paramod\_90_fa\WIDTH=32'00000000000000000000000000101001 for cells of type $fa.
Using template $paramod\_90_lcu_brent_kung\WIDTH=32'00000000000000000000000000101001 for cells of type $lcu.
Using template $paramod\_90_fa\WIDTH=32'00000000000000000000000000101010 for cells of type $fa.
Using template $paramod\_90_lcu_brent_kung\WIDTH=32'00000000000000000000000000101010 for cells of type $lcu.
Using template $paramod\_90_fa\WIDTH=32'00000000000000000000000000101011 for cells of type $fa.
Using template $paramod\_90_lcu_brent_kung\WIDTH=32'00000000000000000000000000101011 for cells of type $lcu.
Using template $paramod\_90_fa\WIDTH=32'00000000000000000000000000101100 for cells of type $fa.
Using template $paramod\_90_lcu_brent_kung\WIDTH=32'00000000000000000000000000101100 for cells of type $lcu.
Using template $paramod\_90_fa\WIDTH=32'00000000000000000000000000101101 for cells of type $fa.
Using template $paramod\_90_lcu_brent_kung\WIDTH=32'00000000000000000000000000101101 for cells of type $lcu.
Using template $paramod\_90_fa\WIDTH=32'00000000000000000000000000101110 for cells of type $fa.
Using template $paramod\_90_lcu_brent_kung\WIDTH=32'00000000000000000000000000101110 for cells of type $lcu.
Using template $paramod\_90_fa\WIDTH=32'00000000000000000000000000101111 for cells of type $fa.
Using template $paramod\_90_lcu_brent_kung\WIDTH=32'00000000000000000000000000101111 for cells of type $lcu.
Using template $paramod\_90_fa\WIDTH=32'00000000000000000000000000110000 for cells of type $fa.
Using template $paramod\_90_lcu_brent_kung\WIDTH=32'00000000000000000000000000110000 for cells of type $lcu.
Using template $paramod\_90_fa\WIDTH=32'00000000000000000000000000110001 for cells of type $fa.
Using template $paramod\_90_lcu_brent_kung\WIDTH=32'00000000000000000000000000110001 for cells of type $lcu.
Using template $paramod\_90_fa\WIDTH=32'00000000000000000000000000110010 for cells of type $fa.
Using template $paramod\_90_lcu_brent_kung\WIDTH=32'00000000000000000000000000110010 for cells of type $lcu.
Using template $paramod\_90_fa\WIDTH=32'00000000000000000000000000110011 for cells of type $fa.
Using template $paramod\_90_lcu_brent_kung\WIDTH=32'00000000000000000000000000110011 for cells of type $lcu.
Using template $paramod\_90_fa\WIDTH=32'00000000000000000000000000110100 for cells of type $fa.
Using template $paramod\_90_lcu_brent_kung\WIDTH=32'00000000000000000000000000110100 for cells of type $lcu.
Using template $paramod\_90_fa\WIDTH=32'00000000000000000000000000110101 for cells of type $fa.
Using template $paramod\_90_lcu_brent_kung\WIDTH=32'00000000000000000000000000110101 for cells of type $lcu.
Using template $paramod\_90_fa\WIDTH=32'00000000000000000000000000110110 for cells of type $fa.
Using template $paramod\_90_lcu_brent_kung\WIDTH=32'00000000000000000000000000110110 for cells of type $lcu.
Using template $paramod\_90_fa\WIDTH=32'00000000000000000000000000110111 for cells of type $fa.
Using template $paramod\_90_lcu_brent_kung\WIDTH=32'00000000000000000000000000110111 for cells of type $lcu.
Using template $paramod\_90_fa\WIDTH=32'00000000000000000000000000111000 for cells of type $fa.
Using template $paramod\_90_lcu_brent_kung\WIDTH=32'00000000000000000000000000111000 for cells of type $lcu.
Using template $paramod\_90_fa\WIDTH=32'00000000000000000000000000111001 for cells of type $fa.
Using template $paramod\_90_lcu_brent_kung\WIDTH=32'00000000000000000000000000111001 for cells of type $lcu.
Using template $paramod\_90_fa\WIDTH=32'00000000000000000000000000111010 for cells of type $fa.
Using template $paramod\_90_lcu_brent_kung\WIDTH=32'00000000000000000000000000111010 for cells of type $lcu.
Using template $paramod\_90_fa\WIDTH=32'00000000000000000000000000111011 for cells of type $fa.
Using template $paramod\_90_lcu_brent_kung\WIDTH=32'00000000000000000000000000111011 for cells of type $lcu.
Using template $paramod\_90_fa\WIDTH=32'00000000000000000000000000111100 for cells of type $fa.
Using template $paramod\_90_lcu_brent_kung\WIDTH=32'00000000000000000000000000111100 for cells of type $lcu.
Using template $paramod\_90_fa\WIDTH=32'00000000000000000000000000111101 for cells of type $fa.
Using template $paramod\_90_lcu_brent_kung\WIDTH=32'00000000000000000000000000111101 for cells of type $lcu.
Using template $paramod\_90_fa\WIDTH=32'00000000000000000000000000111110 for cells of type $fa.
Using template $paramod\_90_lcu_brent_kung\WIDTH=32'00000000000000000000000000111110 for cells of type $lcu.
Using template $paramod\_90_fa\WIDTH=32'00000000000000000000000000111111 for cells of type $fa.
Using template $paramod\_90_lcu_brent_kung\WIDTH=32'00000000000000000000000000111111 for cells of type $lcu.
Using template $paramod\_90_fa\WIDTH=32'00000000000000000000000001000001 for cells of type $fa.
Using template $paramod\_90_lcu_brent_kung\WIDTH=32'00000000000000000000000001000001 for cells of type $lcu.
No more expansions possible.
<suppressed ~44504 debug messages>

34.21. Executing OPT pass (performing simple optimizations).

34.21.1. Executing OPT_EXPR pass (perform const folding).
Optimizing module riscv_core.
<suppressed ~57430 debug messages>

34.21.2. Executing OPT_MERGE pass (detect identical cells).
Finding identical cells in module `\riscv_core'.
Computing hashes of 73565 cells of `\riscv_core'.
Finding duplicate cells in `\riscv_core'.
Computing hashes of 64154 cells of `\riscv_core'.
Finding duplicate cells in `\riscv_core'.
Computing hashes of 58020 cells of `\riscv_core'.
Finding duplicate cells in `\riscv_core'.
Computing hashes of 54448 cells of `\riscv_core'.
Finding duplicate cells in `\riscv_core'.
Computing hashes of 52436 cells of `\riscv_core'.
Finding duplicate cells in `\riscv_core'.
Computing hashes of 50918 cells of `\riscv_core'.
Finding duplicate cells in `\riscv_core'.
Computing hashes of 49747 cells of `\riscv_core'.
Finding duplicate cells in `\riscv_core'.
Computing hashes of 48779 cells of `\riscv_core'.
Finding duplicate cells in `\riscv_core'.
Computing hashes of 47993 cells of `\riscv_core'.
Finding duplicate cells in `\riscv_core'.
Computing hashes of 46937 cells of `\riscv_core'.
Finding duplicate cells in `\riscv_core'.
Computing hashes of 46172 cells of `\riscv_core'.
Finding duplicate cells in `\riscv_core'.
Computing hashes of 45039 cells of `\riscv_core'.
Finding duplicate cells in `\riscv_core'.
Computing hashes of 44068 cells of `\riscv_core'.
Finding duplicate cells in `\riscv_core'.
Computing hashes of 42813 cells of `\riscv_core'.
Finding duplicate cells in `\riscv_core'.
Computing hashes of 41603 cells of `\riscv_core'.
Finding duplicate cells in `\riscv_core'.
Computing hashes of 40777 cells of `\riscv_core'.
Finding duplicate cells in `\riscv_core'.
Computing hashes of 40475 cells of `\riscv_core'.
Finding duplicate cells in `\riscv_core'.
Computing hashes of 40393 cells of `\riscv_core'.
Finding duplicate cells in `\riscv_core'.
Computing hashes of 40365 cells of `\riscv_core'.
Finding duplicate cells in `\riscv_core'.
Computing hashes of 40363 cells of `\riscv_core'.
Finding duplicate cells in `\riscv_core'.
Computing hashes of 40361 cells of `\riscv_core'.
Finding duplicate cells in `\riscv_core'.
<suppressed ~99612 debug messages>
Removed a total of 33204 cells.

34.21.3. Executing OPT_DFF pass (perform DFF optimizations).

34.21.4. Executing OPT_CLEAN pass (remove unused cells and wires).
Finding unused cells or wires in module \riscv_core..
Removed 4100 unused cells and 29345 unused wires.
<suppressed ~4101 debug messages>

34.21.5. Finished fast OPT passes.

34.22. Executing ABC pass (technology mapping using ABC).

34.22.1. Extracting gate netlist of module `\riscv_core' to `<abc-temp-dir>/input.blif'..
Replacing 2 occurrences of constant undef bits with constant zero bits

34.22.1.1. Executed ABC.
Extracted 35205 gates and 36328 wires to a netlist network with 1120 inputs and 167 outputs.
Running ABC script: <abc-temp-dir>/abc.script
ABC: UC Berkeley, ABC 1.01 (compiled Jul 11 2026 03:57:20)
ABC: abc 01> empty
ABC: abc 01> source <abc-temp-dir>/abc.script
ABC: + read_blif <abc-temp-dir>/input.blif 
ABC: + read_library <abc-temp-dir>/stdcells.genlib 
ABC: + strash 
ABC: + &get -n 
ABC: + &fraig -x 
ABC: + &put 
ABC: + scorr 
ABC: Warning: The network is combinational (run "fraig" or "fraig_sweep").
ABC: + dc2 
ABC: + dretime 
ABC: + strash 
ABC: + &get -n 
ABC: + &dch -f 
ABC: + &nf 
ABC: + &put 
ABC: + write_blif <abc-temp-dir>/output.blif 
ABC: 
ABC: YOSYS_ABC_DONE 

34.22.1.2. Re-integrating ABC results.
ABC RESULTS:               AND cells:     5293
ABC RESULTS:            ANDNOT cells:      314
ABC RESULTS:               MUX cells:     1386
ABC RESULTS:              NAND cells:     9058
ABC RESULTS:               NOR cells:       77
ABC RESULTS:               NOT cells:      117
ABC RESULTS:                OR cells:      763
ABC RESULTS:             ORNOT cells:     1468
ABC RESULTS:              XNOR cells:     2124
ABC RESULTS:               XOR cells:     3003
ABC RESULTS:        internal signals:    35041
ABC RESULTS:           input signals:     1120
ABC RESULTS:          output signals:      167
Removing temp directory.
Removing global temp directory.

34.23. Executing OPT pass (performing simple optimizations).

34.23.1. Executing OPT_EXPR pass (perform const folding).
Optimizing module riscv_core.
<suppressed ~49 debug messages>

34.23.2. Executing OPT_MERGE pass (detect identical cells).
Finding identical cells in module `\riscv_core'.
Computing hashes of 24659 cells of `\riscv_core'.
Finding duplicate cells in `\riscv_core'.
Removed a total of 0 cells.

34.23.3. Executing OPT_DFF pass (perform DFF optimizations).

34.23.4. Executing OPT_CLEAN pass (remove unused cells and wires).
Finding unused cells or wires in module \riscv_core..
Removed 0 unused cells and 12709 unused wires.
<suppressed ~76 debug messages>

34.23.5. Finished fast OPT passes.

34.24. Executing HIERARCHY pass (managing design hierarchy).
Attribute `top' found on module `riscv_core'. Setting top module to riscv_core.

34.24.1. Analyzing design hierarchy..
Top module:  \riscv_core

34.24.2. Analyzing design hierarchy..
Top module:  \riscv_core
Removed 0 unused modules.

34.25. Printing statistics.

=== riscv_core ===

        +----------Local Count, excluding submodules.
        | 
    23646 wires
    26651 wire bits
      145 public wires
     3150 public wire bits
       10 ports
      168 port bits
    24659 cells
      314   $_ANDNOT_
     5293   $_AND_
     1026   $_DFFE_PP0P_
       29   $_DFF_PP0_
        1   $_DFF_PP1_
     1386   $_MUX_
     9058   $_NAND_
       77   $_NOR_
      117   $_NOT_
     1468   $_ORNOT_
      763   $_OR_
     2124   $_XNOR_
     3003   $_XOR_

34.26. Executing CHECK pass (checking for obvious problems).
Checking module riscv_core...
Found and reported 0 problems.

35. Executing OPT_CLEAN pass (remove unused cells and wires).
Finding unused cells or wires in module \riscv_core..
Removed 0 unused cells and 102 unused wires.
<suppressed ~102 debug messages>

36. Executing CHECK pass (checking for obvious problems).
Checking module riscv_core...
Found and reported 0 problems.

37. Printing statistics.

=== riscv_core ===

        +----------Local Count, excluding submodules.
        | 
    23544 wires
    24725 wire bits
       43 public wires
     1224 public wire bits
       10 ports
      168 port bits
    24659 cells
      314   $_ANDNOT_
     5293   $_AND_
     1026   $_DFFE_PP0P_
       29   $_DFF_PP0_
        1   $_DFF_PP1_
     1386   $_MUX_
     9058   $_NAND_
       77   $_NOR_
      117   $_NOT_
     1468   $_ORNOT_
      763   $_OR_
     2124   $_XNOR_
     3003   $_XOR_

38. Executing JSON backend.

39. Executing RTLIL backend.
Output filename: /workspace/incremental-synthesis/results/partition-incremental/eco-003/area-analysis/liberty-area/full-generic/full_reference.rtlil

40. Executing Verilog backend.
Dumping module `\riscv_core'.

Warnings: 9 unique messages, 12 total
End of script. Logfile hash: 28e6784f1c, time: 25.28s, user: 12.31s, system: 0.79s, MEM: 358.86 MB peak
Yosys 0.67+24 (git sha1 0e82bbefe, Release, Clang /usr/bin/clang++ 18.1.8)
Time spent: 59% 1x abc (17 sec), 10% 53x opt_merge (3 sec), ...
