
 /----------------------------------------------------------------------------\
 |  yosys -- Yosys Open SYnthesis Suite                                       |
 |  Copyright (C) 2012 - 2026  Claire Xenia Wolf <claire@yosyshq.com>         |
 |  Distributed under an ISC-like license, type "license" to see terms        |
 \----------------------------------------------------------------------------/
 Yosys 0.67+24 (git sha1 0e82bbefe, Release, Clang /usr/bin/clang++ 18.1.8)

-- Executing script file `/workspace/incremental-synthesis/results/partition-incremental/eco-003/verification/eqy-partitions/runs/singlecycle_datapath/gold.ys' --

1. Executing JSON frontend.
Importing module singlecycle_datapath from JSON tree.

2. Executing HIERARCHY pass (managing design hierarchy).

2.1. Analyzing design hierarchy..
Top module:  \singlecycle_datapath

2.2. Analyzing design hierarchy..
Top module:  \singlecycle_datapath
Removed 0 unused modules.

3. Executing ASYNC2SYNC pass.
Replacing singlecycle_datapath.$auto$ff.cc:337:slice$2053 ($_DFFE_PP0P_): ARST=\reset, D=\mux_next_pc_select.multiplexer.out [2], Q=\pc [2]
Replacing singlecycle_datapath.$auto$ff.cc:337:slice$2054 ($_DFFE_PP0P_): ARST=\reset, D=\mux_next_pc_select.multiplexer.out [3], Q=\pc [3]
Replacing singlecycle_datapath.$auto$ff.cc:337:slice$2055 ($_DFFE_PP0P_): ARST=\reset, D=\mux_next_pc_select.multiplexer.out [4], Q=\pc [4]
Replacing singlecycle_datapath.$auto$ff.cc:337:slice$2056 ($_DFFE_PP0P_): ARST=\reset, D=\mux_next_pc_select.multiplexer.out [5], Q=\pc [5]
Replacing singlecycle_datapath.$auto$ff.cc:337:slice$2057 ($_DFFE_PP0P_): ARST=\reset, D=\mux_next_pc_select.multiplexer.out [6], Q=\pc [6]
Replacing singlecycle_datapath.$auto$ff.cc:337:slice$2058 ($_DFFE_PP0P_): ARST=\reset, D=\mux_next_pc_select.multiplexer.out [7], Q=\pc [7]
Replacing singlecycle_datapath.$auto$ff.cc:337:slice$2059 ($_DFFE_PP0P_): ARST=\reset, D=\mux_next_pc_select.multiplexer.out [8], Q=\pc [8]
Replacing singlecycle_datapath.$auto$ff.cc:337:slice$2060 ($_DFFE_PP0P_): ARST=\reset, D=\mux_next_pc_select.multiplexer.out [9], Q=\pc [9]
Replacing singlecycle_datapath.$auto$ff.cc:337:slice$2061 ($_DFFE_PP0P_): ARST=\reset, D=\mux_next_pc_select.multiplexer.out [10], Q=\pc [10]
Replacing singlecycle_datapath.$auto$ff.cc:337:slice$2062 ($_DFFE_PP0P_): ARST=\reset, D=\mux_next_pc_select.multiplexer.out [11], Q=\pc [11]
Replacing singlecycle_datapath.$auto$ff.cc:337:slice$2063 ($_DFFE_PP0P_): ARST=\reset, D=\mux_next_pc_select.multiplexer.out [12], Q=\pc [12]
Replacing singlecycle_datapath.$auto$ff.cc:337:slice$2064 ($_DFFE_PP0P_): ARST=\reset, D=\mux_next_pc_select.multiplexer.out [13], Q=\pc [13]
Replacing singlecycle_datapath.$auto$ff.cc:337:slice$2065 ($_DFFE_PP0P_): ARST=\reset, D=\mux_next_pc_select.multiplexer.out [14], Q=\pc [14]
Replacing singlecycle_datapath.$auto$ff.cc:337:slice$2066 ($_DFFE_PP0P_): ARST=\reset, D=\mux_next_pc_select.multiplexer.out [15], Q=\pc [15]
Replacing singlecycle_datapath.$auto$ff.cc:337:slice$2067 ($_DFFE_PP0P_): ARST=\reset, D=\mux_next_pc_select.multiplexer.out [16], Q=\pc [16]
Replacing singlecycle_datapath.$auto$ff.cc:337:slice$2068 ($_DFFE_PP0P_): ARST=\reset, D=\mux_next_pc_select.multiplexer.out [17], Q=\pc [17]
Replacing singlecycle_datapath.$auto$ff.cc:337:slice$2069 ($_DFFE_PP0P_): ARST=\reset, D=\mux_next_pc_select.multiplexer.out [18], Q=\pc [18]
Replacing singlecycle_datapath.$auto$ff.cc:337:slice$2070 ($_DFFE_PP0P_): ARST=\reset, D=\mux_next_pc_select.multiplexer.out [19], Q=\pc [19]
Replacing singlecycle_datapath.$auto$ff.cc:337:slice$2071 ($_DFFE_PP0P_): ARST=\reset, D=\mux_next_pc_select.multiplexer.out [20], Q=\pc [20]
Replacing singlecycle_datapath.$auto$ff.cc:337:slice$2072 ($_DFFE_PP0P_): ARST=\reset, D=\mux_next_pc_select.multiplexer.out [21], Q=\pc [21]
Replacing singlecycle_datapath.$auto$ff.cc:337:slice$2073 ($_DFFE_PP1P_): ARST=\reset, D=\mux_next_pc_select.multiplexer.out [22], Q=\pc [22]
Replacing singlecycle_datapath.$auto$ff.cc:337:slice$2074 ($_DFFE_PP0P_): ARST=\reset, D=\mux_next_pc_select.multiplexer.out [23], Q=\pc [23]
Replacing singlecycle_datapath.$auto$ff.cc:337:slice$2075 ($_DFFE_PP0P_): ARST=\reset, D=\mux_next_pc_select.multiplexer.out [24], Q=\pc [24]
Replacing singlecycle_datapath.$auto$ff.cc:337:slice$2076 ($_DFFE_PP0P_): ARST=\reset, D=\mux_next_pc_select.multiplexer.out [25], Q=\pc [25]
Replacing singlecycle_datapath.$auto$ff.cc:337:slice$2077 ($_DFFE_PP0P_): ARST=\reset, D=\mux_next_pc_select.multiplexer.out [26], Q=\pc [26]
Replacing singlecycle_datapath.$auto$ff.cc:337:slice$2078 ($_DFFE_PP0P_): ARST=\reset, D=\mux_next_pc_select.multiplexer.out [27], Q=\pc [27]
Replacing singlecycle_datapath.$auto$ff.cc:337:slice$2079 ($_DFFE_PP0P_): ARST=\reset, D=\mux_next_pc_select.multiplexer.out [28], Q=\pc [28]
Replacing singlecycle_datapath.$auto$ff.cc:337:slice$2080 ($_DFFE_PP0P_): ARST=\reset, D=\mux_next_pc_select.multiplexer.out [29], Q=\pc [29]
Replacing singlecycle_datapath.$auto$ff.cc:337:slice$2081 ($_DFFE_PP0P_): ARST=\reset, D=\mux_next_pc_select.multiplexer.out [30], Q=\pc [30]
Replacing singlecycle_datapath.$auto$ff.cc:337:slice$2082 ($_DFFE_PP0P_): ARST=\reset, D=\mux_next_pc_select.multiplexer.out [31], Q=\pc [31]
Replacing singlecycle_datapath.$auto$ff.cc:337:slice$2089 ($_DFFE_PP0P_): ARST=\reset, D=\mux_next_pc_select.multiplexer.out [0], Q=\pc [0]
Replacing singlecycle_datapath.$auto$ff.cc:337:slice$2090 ($_DFFE_PP0P_): ARST=\reset, D=\mux_next_pc_select.multiplexer.out [1], Q=\pc [1]
Replacing singlecycle_datapath.$auto$ff.cc:337:slice$2450 ($_DFFE_PP0P_): ARST=\reset, D=$abc$151119$flatten\regfile.$procmux$1045_Y[0], Q=\regfile.register[0] [0]
Replacing singlecycle_datapath.$auto$ff.cc:337:slice$2451 ($_DFFE_PP0P_): ARST=\reset, D=$abc$151119$flatten\regfile.$procmux$1045_Y[1], Q=\regfile.register[0] [1]
Replacing singlecycle_datapath.$auto$ff.cc:337:slice$2452 ($_DFFE_PP0P_): ARST=\reset, D=$abc$151119$flatten\regfile.$procmux$1045_Y[2], Q=\regfile.register[0] [2]
Replacing singlecycle_datapath.$auto$ff.cc:337:slice$2453 ($_DFFE_PP0P_): ARST=\reset, D=$abc$151119$flatten\regfile.$procmux$1045_Y[3], Q=\regfile.register[0] [3]
Replacing singlecycle_datapath.$auto$ff.cc:337:slice$2454 ($_DFFE_PP0P_): ARST=\reset, D=$abc$151119$flatten\regfile.$procmux$1045_Y[4], Q=\regfile.register[0] [4]
Replacing singlecycle_datapath.$auto$ff.cc:337:slice$2455 ($_DFFE_PP0P_): ARST=\reset, D=$abc$151119$flatten\regfile.$procmux$1045_Y[5], Q=\regfile.register[0] [5]
Replacing singlecycle_datapath.$auto$ff.cc:337:slice$2456 ($_DFFE_PP0P_): ARST=\reset, D=$abc$151119$flatten\regfile.$procmux$1045_Y[6], Q=\regfile.register[0] [6]
Replacing singlecycle_datapath.$auto$ff.cc:337:slice$2457 ($_DFFE_PP0P_): ARST=\reset, D=$abc$151119$flatten\regfile.$procmux$1045_Y[7], Q=\regfile.register[0] [7]
Replacing singlecycle_datapath.$auto$ff.cc:337:slice$2458 ($_DFFE_PP0P_): ARST=\reset, D=$abc$151119$flatten\regfile.$procmux$1045_Y[8], Q=\regfile.register[0] [8]
Replacing singlecycle_datapath.$auto$ff.cc:337:slice$2459 ($_DFFE_PP0P_): ARST=\reset, D=$abc$151119$flatten\regfile.$procmux$1045_Y[9], Q=\regfile.register[0] [9]
Replacing singlecycle_datapath.$auto$ff.cc:337:slice$2460 ($_DFFE_PP0P_): ARST=\reset, D=$abc$151119$flatten\regfile.$procmux$1045_Y[10], Q=\regfile.register[0] [10]
Replacing singlecycle_datapath.$auto$ff.cc:337:slice$2461 ($_DFFE_PP0P_): ARST=\reset, D=$abc$151119$flatten\regfile.$procmux$1045_Y[11], Q=\regfile.register[0] [11]
Replacing singlecycle_datapath.$auto$ff.cc:337:slice$2462 ($_DFFE_PP0P_): ARST=\reset, D=$abc$151119$flatten\regfile.$procmux$1045_Y[12], Q=\regfile.register[0] [12]
Replacing singlecycle_datapath.$auto$ff.cc:337:slice$2463 ($_DFFE_PP0P_): ARST=\reset, D=$abc$151119$flatten\regfile.$procmux$1045_Y[13], Q=\regfile.register[0] [13]
Replacing singlecycle_datapath.$auto$ff.cc:337:slice$2464 ($_DFFE_PP0P_): ARST=\reset, D=$abc$151119$flatten\regfile.$procmux$1045_Y[14], Q=\regfile.register[0] [14]
Replacing singlecycle_datapath.$auto$ff.cc:337:slice$2465 ($_DFFE_PP0P_): ARST=\reset, D=$abc$151119$flatten\regfile.$procmux$1045_Y[15], Q=\regfile.register[0] [15]
Replacing singlecycle_datapath.$auto$ff.cc:337:slice$2466 ($_DFFE_PP0P_): ARST=\reset, D=$abc$151119$flatten\regfile.$procmux$1045_Y[16], Q=\regfile.register[0] [16]
Replacing singlecycle_datapath.$auto$ff.cc:337:slice$2467 ($_DFFE_PP0P_): ARST=\reset, D=$abc$151119$flatten\regfile.$procmux$1045_Y[17], Q=\regfile.register[0] [17]
Replacing singlecycle_datapath.$auto$ff.cc:337:slice$2468 ($_DFFE_PP0P_): ARST=\reset, D=$abc$151119$flatten\regfile.$procmux$1045_Y[18], Q=\regfile.register[0] [18]
Replacing singlecycle_datapath.$auto$ff.cc:337:slice$2469 ($_DFFE_PP0P_): ARST=\reset, D=$abc$151119$flatten\regfile.$procmux$1045_Y[19], Q=\regfile.register[0] [19]
Replacing singlecycle_datapath.$auto$ff.cc:337:slice$2470 ($_DFFE_PP0P_): ARST=\reset, D=$abc$151119$flatten\regfile.$procmux$1045_Y[20], Q=\regfile.register[0] [20]
Replacing singlecycle_datapath.$auto$ff.cc:337:slice$2471 ($_DFFE_PP0P_): ARST=\reset, D=$abc$151119$flatten\regfile.$procmux$1045_Y[21], Q=\regfile.register[0] [21]
Replacing singlecycle_datapath.$auto$ff.cc:337:slice$2472 ($_DFFE_PP0P_): ARST=\reset, D=$abc$151119$flatten\regfile.$procmux$1045_Y[22], Q=\regfile.register[0] [22]
Replacing singlecycle_datapath.$auto$ff.cc:337:slice$2473 ($_DFFE_PP0P_): ARST=\reset, D=$abc$151119$flatten\regfile.$procmux$1045_Y[23], Q=\regfile.register[0] [23]
Replacing singlecycle_datapath.$auto$ff.cc:337:slice$2474 ($_DFFE_PP0P_): ARST=\reset, D=$abc$151119$flatten\regfile.$procmux$1045_Y[24], Q=\regfile.register[0] [24]
Replacing singlecycle_datapath.$auto$ff.cc:337:slice$2475 ($_DFFE_PP0P_): ARST=\reset, D=$abc$151119$flatten\regfile.$procmux$1045_Y[25], Q=\regfile.register[0] [25]
Replacing singlecycle_datapath.$auto$ff.cc:337:slice$2476 ($_DFFE_PP0P_): ARST=\reset, D=$abc$151119$flatten\regfile.$procmux$1045_Y[26], Q=\regfile.register[0] [26]
Replacing singlecycle_datapath.$auto$ff.cc:337:slice$2477 ($_DFFE_PP0P_): ARST=\reset, D=$abc$151119$flatten\regfile.$procmux$1045_Y[27], Q=\regfile.register[0] [27]
Replacing singlecycle_datapath.$auto$ff.cc:337:slice$2478 ($_DFFE_PP0P_): ARST=\reset, D=$abc$151119$flatten\regfile.$procmux$1045_Y[28], Q=\regfile.register[0] [28]
Replacing singlecycle_datapath.$auto$ff.cc:337:slice$2479 ($_DFFE_PP0P_): ARST=\reset, D=$abc$151119$flatten\regfile.$procmux$1045_Y[29], Q=\regfile.register[0] [29]
Replacing singlecycle_datapath.$auto$ff.cc:337:slice$2480 ($_DFFE_PP0P_): ARST=\reset, D=$abc$151119$flatten\regfile.$procmux$1045_Y[30], Q=\regfile.register[0] [30]
Replacing singlecycle_datapath.$auto$ff.cc:337:slice$2481 ($_DFFE_PP0P_): ARST=\reset, D=$abc$151119$flatten\regfile.$procmux$1045_Y[31], Q=\regfile.register[0] [31]
Replacing singlecycle_datapath.$auto$ff.cc:337:slice$2484 ($_DFFE_PP0P_): ARST=\reset, D=$abc$151119$flatten\regfile.$procmux$1045_Y[0], Q=\regfile.register[1] [0]
Replacing singlecycle_datapath.$auto$ff.cc:337:slice$2485 ($_DFFE_PP0P_): ARST=\reset, D=$abc$151119$flatten\regfile.$procmux$1045_Y[1], Q=\regfile.register[1] [1]
Replacing singlecycle_datapath.$auto$ff.cc:337:slice$2486 ($_DFFE_PP0P_): ARST=\reset, D=$abc$151119$flatten\regfile.$procmux$1045_Y[2], Q=\regfile.register[1] [2]
Replacing singlecycle_datapath.$auto$ff.cc:337:slice$2487 ($_DFFE_PP0P_): ARST=\reset, D=$abc$151119$flatten\regfile.$procmux$1045_Y[3], Q=\regfile.register[1] [3]
Replacing singlecycle_datapath.$auto$ff.cc:337:slice$2488 ($_DFFE_PP0P_): ARST=\reset, D=$abc$151119$flatten\regfile.$procmux$1045_Y[4], Q=\regfile.register[1] [4]
Replacing singlecycle_datapath.$auto$ff.cc:337:slice$2489 ($_DFFE_PP0P_): ARST=\reset, D=$abc$151119$flatten\regfile.$procmux$1045_Y[5], Q=\regfile.register[1] [5]
Replacing singlecycle_datapath.$auto$ff.cc:337:slice$2490 ($_DFFE_PP0P_): ARST=\reset, D=$abc$151119$flatten\regfile.$procmux$1045_Y[6], Q=\regfile.register[1] [6]
Replacing singlecycle_datapath.$auto$ff.cc:337:slice$2491 ($_DFFE_PP0P_): ARST=\reset, D=$abc$151119$flatten\regfile.$procmux$1045_Y[7], Q=\regfile.register[1] [7]
Replacing singlecycle_datapath.$auto$ff.cc:337:slice$2492 ($_DFFE_PP0P_): ARST=\reset, D=$abc$151119$flatten\regfile.$procmux$1045_Y[8], Q=\regfile.register[1] [8]
Replacing singlecycle_datapath.$auto$ff.cc:337:slice$2493 ($_DFFE_PP0P_): ARST=\reset, D=$abc$151119$flatten\regfile.$procmux$1045_Y[9], Q=\regfile.register[1] [9]
Replacing singlecycle_datapath.$auto$ff.cc:337:slice$2494 ($_DFFE_PP0P_): ARST=\reset, D=$abc$151119$flatten\regfile.$procmux$1045_Y[10], Q=\regfile.register[1] [10]
Replacing singlecycle_datapath.$auto$ff.cc:337:slice$2495 ($_DFFE_PP0P_): ARST=\reset, D=$abc$151119$flatten\regfile.$procmux$1045_Y[11], Q=\regfile.register[1] [11]
Replacing singlecycle_datapath.$auto$ff.cc:337:slice$2496 ($_DFFE_PP0P_): ARST=\reset, D=$abc$151119$flatten\regfile.$procmux$1045_Y[12], Q=\regfile.register[1] [12]
Replacing singlecycle_datapath.$auto$ff.cc:337:slice$2497 ($_DFFE_PP0P_): ARST=\reset, D=$abc$151119$flatten\regfile.$procmux$1045_Y[13], Q=\regfile.register[1] [13]
Replacing singlecycle_datapath.$auto$ff.cc:337:slice$2498 ($_DFFE_PP0P_): ARST=\reset, D=$abc$151119$flatten\regfile.$procmux$1045_Y[14], Q=\regfile.register[1] [14]
Replacing singlecycle_datapath.$auto$ff.cc:337:slice$2499 ($_DFFE_PP0P_): ARST=\reset, D=$abc$151119$flatten\regfile.$procmux$1045_Y[15], Q=\regfile.register[1] [15]
Replacing singlecycle_datapath.$auto$ff.cc:337:slice$2500 ($_DFFE_PP0P_): ARST=\reset, D=$abc$151119$flatten\regfile.$procmux$1045_Y[16], Q=\regfile.register[1] [16]
Replacing singlecycle_datapath.$auto$ff.cc:337:slice$2501 ($_DFFE_PP0P_): ARST=\reset, D=$abc$151119$flatten\regfile.$procmux$1045_Y[17], Q=\regfile.register[1] [17]
Replacing singlecycle_datapath.$auto$ff.cc:337:slice$2502 ($_DFFE_PP0P_): ARST=\reset, D=$abc$151119$flatten\regfile.$procmux$1045_Y[18], Q=\regfile.register[1] [18]
Replacing singlecycle_datapath.$auto$ff.cc:337:slice$2503 ($_DFFE_PP0P_): ARST=\reset, D=$abc$151119$flatten\regfile.$procmux$1045_Y[19], Q=\regfile.register[1] [19]
Replacing singlecycle_datapath.$auto$ff.cc:337:slice$2504 ($_DFFE_PP0P_): ARST=\reset, D=$abc$151119$flatten\regfile.$procmux$1045_Y[20], Q=\regfile.register[1] [20]
Replacing singlecycle_datapath.$auto$ff.cc:337:slice$2505 ($_DFFE_PP0P_): ARST=\reset, D=$abc$151119$flatten\regfile.$procmux$1045_Y[21], Q=\regfile.register[1] [21]
Replacing singlecycle_datapath.$auto$ff.cc:337:slice$2506 ($_DFFE_PP0P_): ARST=\reset, D=$abc$151119$flatten\regfile.$procmux$1045_Y[22], Q=\regfile.register[1] [22]
Replacing singlecycle_datapath.$auto$ff.cc:337:slice$2507 ($_DFFE_PP0P_): ARST=\reset, D=$abc$151119$flatten\regfile.$procmux$1045_Y[23], Q=\regfile.register[1] [23]
Replacing singlecycle_datapath.$auto$ff.cc:337:slice$2508 ($_DFFE_PP0P_): ARST=\reset, D=$abc$151119$flatten\regfile.$procmux$1045_Y[24], Q=\regfile.register[1] [24]
Replacing singlecycle_datapath.$auto$ff.cc:337:slice$2509 ($_DFFE_PP0P_): ARST=\reset, D=$abc$151119$flatten\regfile.$procmux$1045_Y[25], Q=\regfile.register[1] [25]
Replacing singlecycle_datapath.$auto$ff.cc:337:slice$2510 ($_DFFE_PP0P_): ARST=\reset, D=$abc$151119$flatten\regfile.$procmux$1045_Y[26], Q=\regfile.register[1] [26]
Replacing singlecycle_datapath.$auto$ff.cc:337:slice$2511 ($_DFFE_PP0P_): ARST=\reset, D=$abc$151119$flatten\regfile.$procmux$1045_Y[27], Q=\regfile.register[1] [27]
Replacing singlecycle_datapath.$auto$ff.cc:337:slice$2512 ($_DFFE_PP0P_): ARST=\reset, D=$abc$151119$flatten\regfile.$procmux$1045_Y[28], Q=\regfile.register[1] [28]
Replacing singlecycle_datapath.$auto$ff.cc:337:slice$2513 ($_DFFE_PP0P_): ARST=\reset, D=$abc$151119$flatten\regfile.$procmux$1045_Y[29], Q=\regfile.register[1] [29]
Replacing singlecycle_datapath.$auto$ff.cc:337:slice$2514 ($_DFFE_PP0P_): ARST=\reset, D=$abc$151119$flatten\regfile.$procmux$1045_Y[30], Q=\regfile.register[1] [30]
Replacing singlecycle_datapath.$auto$ff.cc:337:slice$2515 ($_DFFE_PP0P_): ARST=\reset, D=$abc$151119$flatten\regfile.$procmux$1045_Y[31], Q=\regfile.register[1] [31]
Replacing singlecycle_datapath.$auto$ff.cc:337:slice$2518 ($_DFFE_PP0P_): ARST=\reset, D=$abc$151119$flatten\regfile.$procmux$1045_Y[0], Q=\regfile.register[2] [0]
Replacing singlecycle_datapath.$auto$ff.cc:337:slice$2519 ($_DFFE_PP0P_): ARST=\reset, D=$abc$151119$flatten\regfile.$procmux$1045_Y[1], Q=\regfile.register[2] [1]
Replacing singlecycle_datapath.$auto$ff.cc:337:slice$2520 ($_DFFE_PP0P_): ARST=\reset, D=$abc$151119$flatten\regfile.$procmux$1045_Y[2], Q=\regfile.register[2] [2]
Replacing singlecycle_datapath.$auto$ff.cc:337:slice$2521 ($_DFFE_PP0P_): ARST=\reset, D=$abc$151119$flatten\regfile.$procmux$1045_Y[3], Q=\regfile.register[2] [3]
Replacing singlecycle_datapath.$auto$ff.cc:337:slice$2522 ($_DFFE_PP0P_): ARST=\reset, D=$abc$151119$flatten\regfile.$procmux$1045_Y[4], Q=\regfile.register[2] [4]
Replacing singlecycle_datapath.$auto$ff.cc:337:slice$2523 ($_DFFE_PP0P_): ARST=\reset, D=$abc$151119$flatten\regfile.$procmux$1045_Y[5], Q=\regfile.register[2] [5]
Replacing singlecycle_datapath.$auto$ff.cc:337:slice$2524 ($_DFFE_PP0P_): ARST=\reset, D=$abc$151119$flatten\regfile.$procmux$1045_Y[6], Q=\regfile.register[2] [6]
Replacing singlecycle_datapath.$auto$ff.cc:337:slice$2525 ($_DFFE_PP0P_): ARST=\reset, D=$abc$151119$flatten\regfile.$procmux$1045_Y[7], Q=\regfile.register[2] [7]
Replacing singlecycle_datapath.$auto$ff.cc:337:slice$2526 ($_DFFE_PP0P_): ARST=\reset, D=$abc$151119$flatten\regfile.$procmux$1045_Y[8], Q=\regfile.register[2] [8]
Replacing singlecycle_datapath.$auto$ff.cc:337:slice$2527 ($_DFFE_PP0P_): ARST=\reset, D=$abc$151119$flatten\regfile.$procmux$1045_Y[9], Q=\regfile.register[2] [9]
Replacing singlecycle_datapath.$auto$ff.cc:337:slice$2528 ($_DFFE_PP0P_): ARST=\reset, D=$abc$151119$flatten\regfile.$procmux$1045_Y[10], Q=\regfile.register[2] [10]
Replacing singlecycle_datapath.$auto$ff.cc:337:slice$2529 ($_DFFE_PP0P_): ARST=\reset, D=$abc$151119$flatten\regfile.$procmux$1045_Y[11], Q=\regfile.register[2] [11]
Replacing singlecycle_datapath.$auto$ff.cc:337:slice$2530 ($_DFFE_PP0P_): ARST=\reset, D=$abc$151119$flatten\regfile.$procmux$1045_Y[12], Q=\regfile.register[2] [12]
Replacing singlecycle_datapath.$auto$ff.cc:337:slice$2531 ($_DFFE_PP0P_): ARST=\reset, D=$abc$151119$flatten\regfile.$procmux$1045_Y[13], Q=\regfile.register[2] [13]
Replacing singlecycle_datapath.$auto$ff.cc:337:slice$2532 ($_DFFE_PP0P_): ARST=\reset, D=$abc$151119$flatten\regfile.$procmux$1045_Y[14], Q=\regfile.register[2] [14]
Replacing singlecycle_datapath.$auto$ff.cc:337:slice$2533 ($_DFFE_PP0P_): ARST=\reset, D=$abc$151119$flatten\regfile.$procmux$1045_Y[15], Q=\regfile.register[2] [15]
Replacing singlecycle_datapath.$auto$ff.cc:337:slice$2534 ($_DFFE_PP0P_): ARST=\reset, D=$abc$151119$flatten\regfile.$procmux$1045_Y[16], Q=\regfile.register[2] [16]
Replacing singlecycle_datapath.$auto$ff.cc:337:slice$2535 ($_DFFE_PP0P_): ARST=\reset, D=$abc$151119$flatten\regfile.$procmux$1045_Y[17], Q=\regfile.register[2] [17]
Replacing singlecycle_datapath.$auto$ff.cc:337:slice$2536 ($_DFFE_PP0P_): ARST=\reset, D=$abc$151119$flatten\regfile.$procmux$1045_Y[18], Q=\regfile.register[2] [18]
Replacing singlecycle_datapath.$auto$ff.cc:337:slice$2537 ($_DFFE_PP0P_): ARST=\reset, D=$abc$151119$flatten\regfile.$procmux$1045_Y[19], Q=\regfile.register[2] [19]
Replacing singlecycle_datapath.$auto$ff.cc:337:slice$2538 ($_DFFE_PP0P_): ARST=\reset, D=$abc$151119$flatten\regfile.$procmux$1045_Y[20], Q=\regfile.register[2] [20]
Replacing singlecycle_datapath.$auto$ff.cc:337:slice$2539 ($_DFFE_PP0P_): ARST=\reset, D=$abc$151119$flatten\regfile.$procmux$1045_Y[21], Q=\regfile.register[2] [21]
Replacing singlecycle_datapath.$auto$ff.cc:337:slice$2540 ($_DFFE_PP0P_): ARST=\reset, D=$abc$151119$flatten\regfile.$procmux$1045_Y[22], Q=\regfile.register[2] [22]
Replacing singlecycle_datapath.$auto$ff.cc:337:slice$2541 ($_DFFE_PP0P_): ARST=\reset, D=$abc$151119$flatten\regfile.$procmux$1045_Y[23], Q=\regfile.register[2] [23]
Replacing singlecycle_datapath.$auto$ff.cc:337:slice$2542 ($_DFFE_PP0P_): ARST=\reset, D=$abc$151119$flatten\regfile.$procmux$1045_Y[24], Q=\regfile.register[2] [24]
Replacing singlecycle_datapath.$auto$ff.cc:337:slice$2543 ($_DFFE_PP0P_): ARST=\reset, D=$abc$151119$flatten\regfile.$procmux$1045_Y[25], Q=\regfile.register[2] [25]
Replacing singlecycle_datapath.$auto$ff.cc:337:slice$2544 ($_DFFE_PP0P_): ARST=\reset, D=$abc$151119$flatten\regfile.$procmux$1045_Y[26], Q=\regfile.register[2] [26]
Replacing singlecycle_datapath.$auto$ff.cc:337:slice$2545 ($_DFFE_PP0P_): ARST=\reset, D=$abc$151119$flatten\regfile.$procmux$1045_Y[27], Q=\regfile.register[2] [27]
Replacing singlecycle_datapath.$auto$ff.cc:337:slice$2546 ($_DFFE_PP0P_): ARST=\reset, D=$abc$151119$flatten\regfile.$procmux$1045_Y[28], Q=\regfile.register[2] [28]
Replacing singlecycle_datapath.$auto$ff.cc:337:slice$2547 ($_DFFE_PP0P_): ARST=\reset, D=$abc$151119$flatten\regfile.$procmux$1045_Y[29], Q=\regfile.register[2] [29]
Replacing singlecycle_datapath.$auto$ff.cc:337:slice$2548 ($_DFFE_PP0P_): ARST=\reset, D=$abc$151119$flatten\regfile.$procmux$1045_Y[30], Q=\regfile.register[2] [30]
Replacing singlecycle_datapath.$auto$ff.cc:337:slice$2549 ($_DFFE_PP0P_): ARST=\reset, D=$abc$151119$flatten\regfile.$procmux$1045_Y[31], Q=\regfile.register[2] [31]
Replacing singlecycle_datapath.$auto$ff.cc:337:slice$2552 ($_DFFE_PP0P_): ARST=\reset, D=$abc$151119$flatten\regfile.$procmux$1045_Y[0], Q=\regfile.register[3] [0]
Replacing singlecycle_datapath.$auto$ff.cc:337:slice$2553 ($_DFFE_PP0P_): ARST=\reset, D=$abc$151119$flatten\regfile.$procmux$1045_Y[1], Q=\regfile.register[3] [1]
Replacing singlecycle_datapath.$auto$ff.cc:337:slice$2554 ($_DFFE_PP0P_): ARST=\reset, D=$abc$151119$flatten\regfile.$procmux$1045_Y[2], Q=\regfile.register[3] [2]
Replacing singlecycle_datapath.$auto$ff.cc:337:slice$2555 ($_DFFE_PP0P_): ARST=\reset, D=$abc$151119$flatten\regfile.$procmux$1045_Y[3], Q=\regfile.register[3] [3]
Replacing singlecycle_datapath.$auto$ff.cc:337:slice$2556 ($_DFFE_PP0P_): ARST=\reset, D=$abc$151119$flatten\regfile.$procmux$1045_Y[4], Q=\regfile.register[3] [4]
Replacing singlecycle_datapath.$auto$ff.cc:337:slice$2557 ($_DFFE_PP0P_): ARST=\reset, D=$abc$151119$flatten\regfile.$procmux$1045_Y[5], Q=\regfile.register[3] [5]
Replacing singlecycle_datapath.$auto$ff.cc:337:slice$2558 ($_DFFE_PP0P_): ARST=\reset, D=$abc$151119$flatten\regfile.$procmux$1045_Y[6], Q=\regfile.register[3] [6]
Replacing singlecycle_datapath.$auto$ff.cc:337:slice$2559 ($_DFFE_PP0P_): ARST=\reset, D=$abc$151119$flatten\regfile.$procmux$1045_Y[7], Q=\regfile.register[3] [7]
Replacing singlecycle_datapath.$auto$ff.cc:337:slice$2560 ($_DFFE_PP0P_): ARST=\reset, D=$abc$151119$flatten\regfile.$procmux$1045_Y[8], Q=\regfile.register[3] [8]
Replacing singlecycle_datapath.$auto$ff.cc:337:slice$2561 ($_DFFE_PP0P_): ARST=\reset, D=$abc$151119$flatten\regfile.$procmux$1045_Y[9], Q=\regfile.register[3] [9]
Replacing singlecycle_datapath.$auto$ff.cc:337:slice$2562 ($_DFFE_PP0P_): ARST=\reset, D=$abc$151119$flatten\regfile.$procmux$1045_Y[10], Q=\regfile.register[3] [10]
Replacing singlecycle_datapath.$auto$ff.cc:337:slice$2563 ($_DFFE_PP0P_): ARST=\reset, D=$abc$151119$flatten\regfile.$procmux$1045_Y[11], Q=\regfile.register[3] [11]
Replacing singlecycle_datapath.$auto$ff.cc:337:slice$2564 ($_DFFE_PP0P_): ARST=\reset, D=$abc$151119$flatten\regfile.$procmux$1045_Y[12], Q=\regfile.register[3] [12]
Replacing singlecycle_datapath.$auto$ff.cc:337:slice$2565 ($_DFFE_PP0P_): ARST=\reset, D=$abc$151119$flatten\regfile.$procmux$1045_Y[13], Q=\regfile.register[3] [13]
Replacing singlecycle_datapath.$auto$ff.cc:337:slice$2566 ($_DFFE_PP0P_): ARST=\reset, D=$abc$151119$flatten\regfile.$procmux$1045_Y[14], Q=\regfile.register[3] [14]
Replacing singlecycle_datapath.$auto$ff.cc:337:slice$2567 ($_DFFE_PP0P_): ARST=\reset, D=$abc$151119$flatten\regfile.$procmux$1045_Y[15], Q=\regfile.register[3] [15]
Replacing singlecycle_datapath.$auto$ff.cc:337:slice$2568 ($_DFFE_PP0P_): ARST=\reset, D=$abc$151119$flatten\regfile.$procmux$1045_Y[16], Q=\regfile.register[3] [16]
Replacing singlecycle_datapath.$auto$ff.cc:337:slice$2569 ($_DFFE_PP0P_): ARST=\reset, D=$abc$151119$flatten\regfile.$procmux$1045_Y[17], Q=\regfile.register[3] [17]
Replacing singlecycle_datapath.$auto$ff.cc:337:slice$2570 ($_DFFE_PP0P_): ARST=\reset, D=$abc$151119$flatten\regfile.$procmux$1045_Y[18], Q=\regfile.register[3] [18]
Replacing singlecycle_datapath.$auto$ff.cc:337:slice$2571 ($_DFFE_PP0P_): ARST=\reset, D=$abc$151119$flatten\regfile.$procmux$1045_Y[19], Q=\regfile.register[3] [19]
Replacing singlecycle_datapath.$auto$ff.cc:337:slice$2572 ($_DFFE_PP0P_): ARST=\reset, D=$abc$151119$flatten\regfile.$procmux$1045_Y[20], Q=\regfile.register[3] [20]
Replacing singlecycle_datapath.$auto$ff.cc:337:slice$2573 ($_DFFE_PP0P_): ARST=\reset, D=$abc$151119$flatten\regfile.$procmux$1045_Y[21], Q=\regfile.register[3] [21]
Replacing singlecycle_datapath.$auto$ff.cc:337:slice$2574 ($_DFFE_PP0P_): ARST=\reset, D=$abc$151119$flatten\regfile.$procmux$1045_Y[22], Q=\regfile.register[3] [22]
Replacing singlecycle_datapath.$auto$ff.cc:337:slice$2575 ($_DFFE_PP0P_): ARST=\reset, D=$abc$151119$flatten\regfile.$procmux$1045_Y[23], Q=\regfile.register[3] [23]
Replacing singlecycle_datapath.$auto$ff.cc:337:slice$2576 ($_DFFE_PP0P_): ARST=\reset, D=$abc$151119$flatten\regfile.$procmux$1045_Y[24], Q=\regfile.register[3] [24]
Replacing singlecycle_datapath.$auto$ff.cc:337:slice$2577 ($_DFFE_PP0P_): ARST=\reset, D=$abc$151119$flatten\regfile.$procmux$1045_Y[25], Q=\regfile.register[3] [25]
Replacing singlecycle_datapath.$auto$ff.cc:337:slice$2578 ($_DFFE_PP0P_): ARST=\reset, D=$abc$151119$flatten\regfile.$procmux$1045_Y[26], Q=\regfile.register[3] [26]
Replacing singlecycle_datapath.$auto$ff.cc:337:slice$2579 ($_DFFE_PP0P_): ARST=\reset, D=$abc$151119$flatten\regfile.$procmux$1045_Y[27], Q=\regfile.register[3] [27]
Replacing singlecycle_datapath.$auto$ff.cc:337:slice$2580 ($_DFFE_PP0P_): ARST=\reset, D=$abc$151119$flatten\regfile.$procmux$1045_Y[28], Q=\regfile.register[3] [28]
Replacing singlecycle_datapath.$auto$ff.cc:337:slice$2581 ($_DFFE_PP0P_): ARST=\reset, D=$abc$151119$flatten\regfile.$procmux$1045_Y[29], Q=\regfile.register[3] [29]
Replacing singlecycle_datapath.$auto$ff.cc:337:slice$2582 ($_DFFE_PP0P_): ARST=\reset, D=$abc$151119$flatten\regfile.$procmux$1045_Y[30], Q=\regfile.register[3] [30]
Replacing singlecycle_datapath.$auto$ff.cc:337:slice$2583 ($_DFFE_PP0P_): ARST=\reset, D=$abc$151119$flatten\regfile.$procmux$1045_Y[31], Q=\regfile.register[3] [31]
Replacing singlecycle_datapath.$auto$ff.cc:337:slice$2586 ($_DFFE_PP0P_): ARST=\reset, D=$abc$151119$flatten\regfile.$procmux$1045_Y[0], Q=\regfile.register[4] [0]
Replacing singlecycle_datapath.$auto$ff.cc:337:slice$2587 ($_DFFE_PP0P_): ARST=\reset, D=$abc$151119$flatten\regfile.$procmux$1045_Y[1], Q=\regfile.register[4] [1]
Replacing singlecycle_datapath.$auto$ff.cc:337:slice$2588 ($_DFFE_PP0P_): ARST=\reset, D=$abc$151119$flatten\regfile.$procmux$1045_Y[2], Q=\regfile.register[4] [2]
Replacing singlecycle_datapath.$auto$ff.cc:337:slice$2589 ($_DFFE_PP0P_): ARST=\reset, D=$abc$151119$flatten\regfile.$procmux$1045_Y[3], Q=\regfile.register[4] [3]
Replacing singlecycle_datapath.$auto$ff.cc:337:slice$2590 ($_DFFE_PP0P_): ARST=\reset, D=$abc$151119$flatten\regfile.$procmux$1045_Y[4], Q=\regfile.register[4] [4]
Replacing singlecycle_datapath.$auto$ff.cc:337:slice$2591 ($_DFFE_PP0P_): ARST=\reset, D=$abc$151119$flatten\regfile.$procmux$1045_Y[5], Q=\regfile.register[4] [5]
Replacing singlecycle_datapath.$auto$ff.cc:337:slice$2592 ($_DFFE_PP0P_): ARST=\reset, D=$abc$151119$flatten\regfile.$procmux$1045_Y[6], Q=\regfile.register[4] [6]
Replacing singlecycle_datapath.$auto$ff.cc:337:slice$2593 ($_DFFE_PP0P_): ARST=\reset, D=$abc$151119$flatten\regfile.$procmux$1045_Y[7], Q=\regfile.register[4] [7]
Replacing singlecycle_datapath.$auto$ff.cc:337:slice$2594 ($_DFFE_PP0P_): ARST=\reset, D=$abc$151119$flatten\regfile.$procmux$1045_Y[8], Q=\regfile.register[4] [8]
Replacing singlecycle_datapath.$auto$ff.cc:337:slice$2595 ($_DFFE_PP0P_): ARST=\reset, D=$abc$151119$flatten\regfile.$procmux$1045_Y[9], Q=\regfile.register[4] [9]
Replacing singlecycle_datapath.$auto$ff.cc:337:slice$2596 ($_DFFE_PP0P_): ARST=\reset, D=$abc$151119$flatten\regfile.$procmux$1045_Y[10], Q=\regfile.register[4] [10]
Replacing singlecycle_datapath.$auto$ff.cc:337:slice$2597 ($_DFFE_PP0P_): ARST=\reset, D=$abc$151119$flatten\regfile.$procmux$1045_Y[11], Q=\regfile.register[4] [11]
Replacing singlecycle_datapath.$auto$ff.cc:337:slice$2598 ($_DFFE_PP0P_): ARST=\reset, D=$abc$151119$flatten\regfile.$procmux$1045_Y[12], Q=\regfile.register[4] [12]
Replacing singlecycle_datapath.$auto$ff.cc:337:slice$2599 ($_DFFE_PP0P_): ARST=\reset, D=$abc$151119$flatten\regfile.$procmux$1045_Y[13], Q=\regfile.register[4] [13]
Replacing singlecycle_datapath.$auto$ff.cc:337:slice$2600 ($_DFFE_PP0P_): ARST=\reset, D=$abc$151119$flatten\regfile.$procmux$1045_Y[14], Q=\regfile.register[4] [14]
Replacing singlecycle_datapath.$auto$ff.cc:337:slice$2601 ($_DFFE_PP0P_): ARST=\reset, D=$abc$151119$flatten\regfile.$procmux$1045_Y[15], Q=\regfile.register[4] [15]
Replacing singlecycle_datapath.$auto$ff.cc:337:slice$2602 ($_DFFE_PP0P_): ARST=\reset, D=$abc$151119$flatten\regfile.$procmux$1045_Y[16], Q=\regfile.register[4] [16]
Replacing singlecycle_datapath.$auto$ff.cc:337:slice$2603 ($_DFFE_PP0P_): ARST=\reset, D=$abc$151119$flatten\regfile.$procmux$1045_Y[17], Q=\regfile.register[4] [17]
Replacing singlecycle_datapath.$auto$ff.cc:337:slice$2604 ($_DFFE_PP0P_): ARST=\reset, D=$abc$151119$flatten\regfile.$procmux$1045_Y[18], Q=\regfile.register[4] [18]
Replacing singlecycle_datapath.$auto$ff.cc:337:slice$2605 ($_DFFE_PP0P_): ARST=\reset, D=$abc$151119$flatten\regfile.$procmux$1045_Y[19], Q=\regfile.register[4] [19]
Replacing singlecycle_datapath.$auto$ff.cc:337:slice$2606 ($_DFFE_PP0P_): ARST=\reset, D=$abc$151119$flatten\regfile.$procmux$1045_Y[20], Q=\regfile.register[4] [20]
Replacing singlecycle_datapath.$auto$ff.cc:337:slice$2607 ($_DFFE_PP0P_): ARST=\reset, D=$abc$151119$flatten\regfile.$procmux$1045_Y[21], Q=\regfile.register[4] [21]
Replacing singlecycle_datapath.$auto$ff.cc:337:slice$2608 ($_DFFE_PP0P_): ARST=\reset, D=$abc$151119$flatten\regfile.$procmux$1045_Y[22], Q=\regfile.register[4] [22]
Replacing singlecycle_datapath.$auto$ff.cc:337:slice$2609 ($_DFFE_PP0P_): ARST=\reset, D=$abc$151119$flatten\regfile.$procmux$1045_Y[23], Q=\regfile.register[4] [23]
Replacing singlecycle_datapath.$auto$ff.cc:337:slice$2610 ($_DFFE_PP0P_): ARST=\reset, D=$abc$151119$flatten\regfile.$procmux$1045_Y[24], Q=\regfile.register[4] [24]
Replacing singlecycle_datapath.$auto$ff.cc:337:slice$2611 ($_DFFE_PP0P_): ARST=\reset, D=$abc$151119$flatten\regfile.$procmux$1045_Y[25], Q=\regfile.register[4] [25]
Replacing singlecycle_datapath.$auto$ff.cc:337:slice$2612 ($_DFFE_PP0P_): ARST=\reset, D=$abc$151119$flatten\regfile.$procmux$1045_Y[26], Q=\regfile.register[4] [26]
Replacing singlecycle_datapath.$auto$ff.cc:337:slice$2613 ($_DFFE_PP0P_): ARST=\reset, D=$abc$151119$flatten\regfile.$procmux$1045_Y[27], Q=\regfile.register[4] [27]
Replacing singlecycle_datapath.$auto$ff.cc:337:slice$2614 ($_DFFE_PP0P_): ARST=\reset, D=$abc$151119$flatten\regfile.$procmux$1045_Y[28], Q=\regfile.register[4] [28]
Replacing singlecycle_datapath.$auto$ff.cc:337:slice$2615 ($_DFFE_PP0P_): ARST=\reset, D=$abc$151119$flatten\regfile.$procmux$1045_Y[29], Q=\regfile.register[4] [29]
Replacing singlecycle_datapath.$auto$ff.cc:337:slice$2616 ($_DFFE_PP0P_): ARST=\reset, D=$abc$151119$flatten\regfile.$procmux$1045_Y[30], Q=\regfile.register[4] [30]
Replacing singlecycle_datapath.$auto$ff.cc:337:slice$2617 ($_DFFE_PP0P_): ARST=\reset, D=$abc$151119$flatten\regfile.$procmux$1045_Y[31], Q=\regfile.register[4] [31]
Replacing singlecycle_datapath.$auto$ff.cc:337:slice$2620 ($_DFFE_PP0P_): ARST=\reset, D=$abc$151119$flatten\regfile.$procmux$1045_Y[0], Q=\regfile.register[5] [0]
Replacing singlecycle_datapath.$auto$ff.cc:337:slice$2621 ($_DFFE_PP0P_): ARST=\reset, D=$abc$151119$flatten\regfile.$procmux$1045_Y[1], Q=\regfile.register[5] [1]
Replacing singlecycle_datapath.$auto$ff.cc:337:slice$2622 ($_DFFE_PP0P_): ARST=\reset, D=$abc$151119$flatten\regfile.$procmux$1045_Y[2], Q=\regfile.register[5] [2]
Replacing singlecycle_datapath.$auto$ff.cc:337:slice$2623 ($_DFFE_PP0P_): ARST=\reset, D=$abc$151119$flatten\regfile.$procmux$1045_Y[3], Q=\regfile.register[5] [3]
Replacing singlecycle_datapath.$auto$ff.cc:337:slice$2624 ($_DFFE_PP0P_): ARST=\reset, D=$abc$151119$flatten\regfile.$procmux$1045_Y[4], Q=\regfile.register[5] [4]
Replacing singlecycle_datapath.$auto$ff.cc:337:slice$2625 ($_DFFE_PP0P_): ARST=\reset, D=$abc$151119$flatten\regfile.$procmux$1045_Y[5], Q=\regfile.register[5] [5]
Replacing singlecycle_datapath.$auto$ff.cc:337:slice$2626 ($_DFFE_PP0P_): ARST=\reset, D=$abc$151119$flatten\regfile.$procmux$1045_Y[6], Q=\regfile.register[5] [6]
Replacing singlecycle_datapath.$auto$ff.cc:337:slice$2627 ($_DFFE_PP0P_): ARST=\reset, D=$abc$151119$flatten\regfile.$procmux$1045_Y[7], Q=\regfile.register[5] [7]
Replacing singlecycle_datapath.$auto$ff.cc:337:slice$2628 ($_DFFE_PP0P_): ARST=\reset, D=$abc$151119$flatten\regfile.$procmux$1045_Y[8], Q=\regfile.register[5] [8]
Replacing singlecycle_datapath.$auto$ff.cc:337:slice$2629 ($_DFFE_PP0P_): ARST=\reset, D=$abc$151119$flatten\regfile.$procmux$1045_Y[9], Q=\regfile.register[5] [9]
Replacing singlecycle_datapath.$auto$ff.cc:337:slice$2630 ($_DFFE_PP0P_): ARST=\reset, D=$abc$151119$flatten\regfile.$procmux$1045_Y[10], Q=\regfile.register[5] [10]
Replacing singlecycle_datapath.$auto$ff.cc:337:slice$2631 ($_DFFE_PP0P_): ARST=\reset, D=$abc$151119$flatten\regfile.$procmux$1045_Y[11], Q=\regfile.register[5] [11]
Replacing singlecycle_datapath.$auto$ff.cc:337:slice$2632 ($_DFFE_PP0P_): ARST=\reset, D=$abc$151119$flatten\regfile.$procmux$1045_Y[12], Q=\regfile.register[5] [12]
Replacing singlecycle_datapath.$auto$ff.cc:337:slice$2633 ($_DFFE_PP0P_): ARST=\reset, D=$abc$151119$flatten\regfile.$procmux$1045_Y[13], Q=\regfile.register[5] [13]
Replacing singlecycle_datapath.$auto$ff.cc:337:slice$2634 ($_DFFE_PP0P_): ARST=\reset, D=$abc$151119$flatten\regfile.$procmux$1045_Y[14], Q=\regfile.register[5] [14]
Replacing singlecycle_datapath.$auto$ff.cc:337:slice$2635 ($_DFFE_PP0P_): ARST=\reset, D=$abc$151119$flatten\regfile.$procmux$1045_Y[15], Q=\regfile.register[5] [15]
Replacing singlecycle_datapath.$auto$ff.cc:337:slice$2636 ($_DFFE_PP0P_): ARST=\reset, D=$abc$151119$flatten\regfile.$procmux$1045_Y[16], Q=\regfile.register[5] [16]
Replacing singlecycle_datapath.$auto$ff.cc:337:slice$2637 ($_DFFE_PP0P_): ARST=\reset, D=$abc$151119$flatten\regfile.$procmux$1045_Y[17], Q=\regfile.register[5] [17]
Replacing singlecycle_datapath.$auto$ff.cc:337:slice$2638 ($_DFFE_PP0P_): ARST=\reset, D=$abc$151119$flatten\regfile.$procmux$1045_Y[18], Q=\regfile.register[5] [18]
Replacing singlecycle_datapath.$auto$ff.cc:337:slice$2639 ($_DFFE_PP0P_): ARST=\reset, D=$abc$151119$flatten\regfile.$procmux$1045_Y[19], Q=\regfile.register[5] [19]
Replacing singlecycle_datapath.$auto$ff.cc:337:slice$2640 ($_DFFE_PP0P_): ARST=\reset, D=$abc$151119$flatten\regfile.$procmux$1045_Y[20], Q=\regfile.register[5] [20]
Replacing singlecycle_datapath.$auto$ff.cc:337:slice$2641 ($_DFFE_PP0P_): ARST=\reset, D=$abc$151119$flatten\regfile.$procmux$1045_Y[21], Q=\regfile.register[5] [21]
Replacing singlecycle_datapath.$auto$ff.cc:337:slice$2642 ($_DFFE_PP0P_): ARST=\reset, D=$abc$151119$flatten\regfile.$procmux$1045_Y[22], Q=\regfile.register[5] [22]
Replacing singlecycle_datapath.$auto$ff.cc:337:slice$2643 ($_DFFE_PP0P_): ARST=\reset, D=$abc$151119$flatten\regfile.$procmux$1045_Y[23], Q=\regfile.register[5] [23]
Replacing singlecycle_datapath.$auto$ff.cc:337:slice$2644 ($_DFFE_PP0P_): ARST=\reset, D=$abc$151119$flatten\regfile.$procmux$1045_Y[24], Q=\regfile.register[5] [24]
Replacing singlecycle_datapath.$auto$ff.cc:337:slice$2645 ($_DFFE_PP0P_): ARST=\reset, D=$abc$151119$flatten\regfile.$procmux$1045_Y[25], Q=\regfile.register[5] [25]
Replacing singlecycle_datapath.$auto$ff.cc:337:slice$2646 ($_DFFE_PP0P_): ARST=\reset, D=$abc$151119$flatten\regfile.$procmux$1045_Y[26], Q=\regfile.register[5] [26]
Replacing singlecycle_datapath.$auto$ff.cc:337:slice$2647 ($_DFFE_PP0P_): ARST=\reset, D=$abc$151119$flatten\regfile.$procmux$1045_Y[27], Q=\regfile.register[5] [27]
Replacing singlecycle_datapath.$auto$ff.cc:337:slice$2648 ($_DFFE_PP0P_): ARST=\reset, D=$abc$151119$flatten\regfile.$procmux$1045_Y[28], Q=\regfile.register[5] [28]
Replacing singlecycle_datapath.$auto$ff.cc:337:slice$2649 ($_DFFE_PP0P_): ARST=\reset, D=$abc$151119$flatten\regfile.$procmux$1045_Y[29], Q=\regfile.register[5] [29]
Replacing singlecycle_datapath.$auto$ff.cc:337:slice$2650 ($_DFFE_PP0P_): ARST=\reset, D=$abc$151119$flatten\regfile.$procmux$1045_Y[30], Q=\regfile.register[5] [30]
Replacing singlecycle_datapath.$auto$ff.cc:337:slice$2651 ($_DFFE_PP0P_): ARST=\reset, D=$abc$151119$flatten\regfile.$procmux$1045_Y[31], Q=\regfile.register[5] [31]
Replacing singlecycle_datapath.$auto$ff.cc:337:slice$2654 ($_DFFE_PP0P_): ARST=\reset, D=$abc$151119$flatten\regfile.$procmux$1045_Y[0], Q=\regfile.register[6] [0]
Replacing singlecycle_datapath.$auto$ff.cc:337:slice$2655 ($_DFFE_PP0P_): ARST=\reset, D=$abc$151119$flatten\regfile.$procmux$1045_Y[1], Q=\regfile.register[6] [1]
Replacing singlecycle_datapath.$auto$ff.cc:337:slice$2656 ($_DFFE_PP0P_): ARST=\reset, D=$abc$151119$flatten\regfile.$procmux$1045_Y[2], Q=\regfile.register[6] [2]
Replacing singlecycle_datapath.$auto$ff.cc:337:slice$2657 ($_DFFE_PP0P_): ARST=\reset, D=$abc$151119$flatten\regfile.$procmux$1045_Y[3], Q=\regfile.register[6] [3]
Replacing singlecycle_datapath.$auto$ff.cc:337:slice$2658 ($_DFFE_PP0P_): ARST=\reset, D=$abc$151119$flatten\regfile.$procmux$1045_Y[4], Q=\regfile.register[6] [4]
Replacing singlecycle_datapath.$auto$ff.cc:337:slice$2659 ($_DFFE_PP0P_): ARST=\reset, D=$abc$151119$flatten\regfile.$procmux$1045_Y[5], Q=\regfile.register[6] [5]
Replacing singlecycle_datapath.$auto$ff.cc:337:slice$2660 ($_DFFE_PP0P_): ARST=\reset, D=$abc$151119$flatten\regfile.$procmux$1045_Y[6], Q=\regfile.register[6] [6]
Replacing singlecycle_datapath.$auto$ff.cc:337:slice$2661 ($_DFFE_PP0P_): ARST=\reset, D=$abc$151119$flatten\regfile.$procmux$1045_Y[7], Q=\regfile.register[6] [7]
Replacing singlecycle_datapath.$auto$ff.cc:337:slice$2662 ($_DFFE_PP0P_): ARST=\reset, D=$abc$151119$flatten\regfile.$procmux$1045_Y[8], Q=\regfile.register[6] [8]
Replacing singlecycle_datapath.$auto$ff.cc:337:slice$2663 ($_DFFE_PP0P_): ARST=\reset, D=$abc$151119$flatten\regfile.$procmux$1045_Y[9], Q=\regfile.register[6] [9]
Replacing singlecycle_datapath.$auto$ff.cc:337:slice$2664 ($_DFFE_PP0P_): ARST=\reset, D=$abc$151119$flatten\regfile.$procmux$1045_Y[10], Q=\regfile.register[6] [10]
Replacing singlecycle_datapath.$auto$ff.cc:337:slice$2665 ($_DFFE_PP0P_): ARST=\reset, D=$abc$151119$flatten\regfile.$procmux$1045_Y[11], Q=\regfile.register[6] [11]
Replacing singlecycle_datapath.$auto$ff.cc:337:slice$2666 ($_DFFE_PP0P_): ARST=\reset, D=$abc$151119$flatten\regfile.$procmux$1045_Y[12], Q=\regfile.register[6] [12]
Replacing singlecycle_datapath.$auto$ff.cc:337:slice$2667 ($_DFFE_PP0P_): ARST=\reset, D=$abc$151119$flatten\regfile.$procmux$1045_Y[13], Q=\regfile.register[6] [13]
Replacing singlecycle_datapath.$auto$ff.cc:337:slice$2668 ($_DFFE_PP0P_): ARST=\reset, D=$abc$151119$flatten\regfile.$procmux$1045_Y[14], Q=\regfile.register[6] [14]
Replacing singlecycle_datapath.$auto$ff.cc:337:slice$2669 ($_DFFE_PP0P_): ARST=\reset, D=$abc$151119$flatten\regfile.$procmux$1045_Y[15], Q=\regfile.register[6] [15]
Replacing singlecycle_datapath.$auto$ff.cc:337:slice$2670 ($_DFFE_PP0P_): ARST=\reset, D=$abc$151119$flatten\regfile.$procmux$1045_Y[16], Q=\regfile.register[6] [16]
Replacing singlecycle_datapath.$auto$ff.cc:337:slice$2671 ($_DFFE_PP0P_): ARST=\reset, D=$abc$151119$flatten\regfile.$procmux$1045_Y[17], Q=\regfile.register[6] [17]
Replacing singlecycle_datapath.$auto$ff.cc:337:slice$2672 ($_DFFE_PP0P_): ARST=\reset, D=$abc$151119$flatten\regfile.$procmux$1045_Y[18], Q=\regfile.register[6] [18]
Replacing singlecycle_datapath.$auto$ff.cc:337:slice$2673 ($_DFFE_PP0P_): ARST=\reset, D=$abc$151119$flatten\regfile.$procmux$1045_Y[19], Q=\regfile.register[6] [19]
Replacing singlecycle_datapath.$auto$ff.cc:337:slice$2674 ($_DFFE_PP0P_): ARST=\reset, D=$abc$151119$flatten\regfile.$procmux$1045_Y[20], Q=\regfile.register[6] [20]
Replacing singlecycle_datapath.$auto$ff.cc:337:slice$2675 ($_DFFE_PP0P_): ARST=\reset, D=$abc$151119$flatten\regfile.$procmux$1045_Y[21], Q=\regfile.register[6] [21]
Replacing singlecycle_datapath.$auto$ff.cc:337:slice$2676 ($_DFFE_PP0P_): ARST=\reset, D=$abc$151119$flatten\regfile.$procmux$1045_Y[22], Q=\regfile.register[6] [22]
Replacing singlecycle_datapath.$auto$ff.cc:337:slice$2677 ($_DFFE_PP0P_): ARST=\reset, D=$abc$151119$flatten\regfile.$procmux$1045_Y[23], Q=\regfile.register[6] [23]
Replacing singlecycle_datapath.$auto$ff.cc:337:slice$2678 ($_DFFE_PP0P_): ARST=\reset, D=$abc$151119$flatten\regfile.$procmux$1045_Y[24], Q=\regfile.register[6] [24]
Replacing singlecycle_datapath.$auto$ff.cc:337:slice$2679 ($_DFFE_PP0P_): ARST=\reset, D=$abc$151119$flatten\regfile.$procmux$1045_Y[25], Q=\regfile.register[6] [25]
Replacing singlecycle_datapath.$auto$ff.cc:337:slice$2680 ($_DFFE_PP0P_): ARST=\reset, D=$abc$151119$flatten\regfile.$procmux$1045_Y[26], Q=\regfile.register[6] [26]
Replacing singlecycle_datapath.$auto$ff.cc:337:slice$2681 ($_DFFE_PP0P_): ARST=\reset, D=$abc$151119$flatten\regfile.$procmux$1045_Y[27], Q=\regfile.register[6] [27]
Replacing singlecycle_datapath.$auto$ff.cc:337:slice$2682 ($_DFFE_PP0P_): ARST=\reset, D=$abc$151119$flatten\regfile.$procmux$1045_Y[28], Q=\regfile.register[6] [28]
Replacing singlecycle_datapath.$auto$ff.cc:337:slice$2683 ($_DFFE_PP0P_): ARST=\reset, D=$abc$151119$flatten\regfile.$procmux$1045_Y[29], Q=\regfile.register[6] [29]
Replacing singlecycle_datapath.$auto$ff.cc:337:slice$2684 ($_DFFE_PP0P_): ARST=\reset, D=$abc$151119$flatten\regfile.$procmux$1045_Y[30], Q=\regfile.register[6] [30]
Replacing singlecycle_datapath.$auto$ff.cc:337:slice$2685 ($_DFFE_PP0P_): ARST=\reset, D=$abc$151119$flatten\regfile.$procmux$1045_Y[31], Q=\regfile.register[6] [31]
Replacing singlecycle_datapath.$auto$ff.cc:337:slice$2688 ($_DFFE_PP0P_): ARST=\reset, D=$abc$151119$flatten\regfile.$procmux$1045_Y[0], Q=\regfile.register[7] [0]
Replacing singlecycle_datapath.$auto$ff.cc:337:slice$2689 ($_DFFE_PP0P_): ARST=\reset, D=$abc$151119$flatten\regfile.$procmux$1045_Y[1], Q=\regfile.register[7] [1]
Replacing singlecycle_datapath.$auto$ff.cc:337:slice$2690 ($_DFFE_PP0P_): ARST=\reset, D=$abc$151119$flatten\regfile.$procmux$1045_Y[2], Q=\regfile.register[7] [2]
Replacing singlecycle_datapath.$auto$ff.cc:337:slice$2691 ($_DFFE_PP0P_): ARST=\reset, D=$abc$151119$flatten\regfile.$procmux$1045_Y[3], Q=\regfile.register[7] [3]
Replacing singlecycle_datapath.$auto$ff.cc:337:slice$2692 ($_DFFE_PP0P_): ARST=\reset, D=$abc$151119$flatten\regfile.$procmux$1045_Y[4], Q=\regfile.register[7] [4]
Replacing singlecycle_datapath.$auto$ff.cc:337:slice$2693 ($_DFFE_PP0P_): ARST=\reset, D=$abc$151119$flatten\regfile.$procmux$1045_Y[5], Q=\regfile.register[7] [5]
Replacing singlecycle_datapath.$auto$ff.cc:337:slice$2694 ($_DFFE_PP0P_): ARST=\reset, D=$abc$151119$flatten\regfile.$procmux$1045_Y[6], Q=\regfile.register[7] [6]
Replacing singlecycle_datapath.$auto$ff.cc:337:slice$2695 ($_DFFE_PP0P_): ARST=\reset, D=$abc$151119$flatten\regfile.$procmux$1045_Y[7], Q=\regfile.register[7] [7]
Replacing singlecycle_datapath.$auto$ff.cc:337:slice$2696 ($_DFFE_PP0P_): ARST=\reset, D=$abc$151119$flatten\regfile.$procmux$1045_Y[8], Q=\regfile.register[7] [8]
Replacing singlecycle_datapath.$auto$ff.cc:337:slice$2697 ($_DFFE_PP0P_): ARST=\reset, D=$abc$151119$flatten\regfile.$procmux$1045_Y[9], Q=\regfile.register[7] [9]
Replacing singlecycle_datapath.$auto$ff.cc:337:slice$2698 ($_DFFE_PP0P_): ARST=\reset, D=$abc$151119$flatten\regfile.$procmux$1045_Y[10], Q=\regfile.register[7] [10]
Replacing singlecycle_datapath.$auto$ff.cc:337:slice$2699 ($_DFFE_PP0P_): ARST=\reset, D=$abc$151119$flatten\regfile.$procmux$1045_Y[11], Q=\regfile.register[7] [11]
Replacing singlecycle_datapath.$auto$ff.cc:337:slice$2700 ($_DFFE_PP0P_): ARST=\reset, D=$abc$151119$flatten\regfile.$procmux$1045_Y[12], Q=\regfile.register[7] [12]
Replacing singlecycle_datapath.$auto$ff.cc:337:slice$2701 ($_DFFE_PP0P_): ARST=\reset, D=$abc$151119$flatten\regfile.$procmux$1045_Y[13], Q=\regfile.register[7] [13]
Replacing singlecycle_datapath.$auto$ff.cc:337:slice$2702 ($_DFFE_PP0P_): ARST=\reset, D=$abc$151119$flatten\regfile.$procmux$1045_Y[14], Q=\regfile.register[7] [14]
Replacing singlecycle_datapath.$auto$ff.cc:337:slice$2703 ($_DFFE_PP0P_): ARST=\reset, D=$abc$151119$flatten\regfile.$procmux$1045_Y[15], Q=\regfile.register[7] [15]
Replacing singlecycle_datapath.$auto$ff.cc:337:slice$2704 ($_DFFE_PP0P_): ARST=\reset, D=$abc$151119$flatten\regfile.$procmux$1045_Y[16], Q=\regfile.register[7] [16]
Replacing singlecycle_datapath.$auto$ff.cc:337:slice$2705 ($_DFFE_PP0P_): ARST=\reset, D=$abc$151119$flatten\regfile.$procmux$1045_Y[17], Q=\regfile.register[7] [17]
Replacing singlecycle_datapath.$auto$ff.cc:337:slice$2706 ($_DFFE_PP0P_): ARST=\reset, D=$abc$151119$flatten\regfile.$procmux$1045_Y[18], Q=\regfile.register[7] [18]
Replacing singlecycle_datapath.$auto$ff.cc:337:slice$2707 ($_DFFE_PP0P_): ARST=\reset, D=$abc$151119$flatten\regfile.$procmux$1045_Y[19], Q=\regfile.register[7] [19]
Replacing singlecycle_datapath.$auto$ff.cc:337:slice$2708 ($_DFFE_PP0P_): ARST=\reset, D=$abc$151119$flatten\regfile.$procmux$1045_Y[20], Q=\regfile.register[7] [20]
Replacing singlecycle_datapath.$auto$ff.cc:337:slice$2709 ($_DFFE_PP0P_): ARST=\reset, D=$abc$151119$flatten\regfile.$procmux$1045_Y[21], Q=\regfile.register[7] [21]
Replacing singlecycle_datapath.$auto$ff.cc:337:slice$2710 ($_DFFE_PP0P_): ARST=\reset, D=$abc$151119$flatten\regfile.$procmux$1045_Y[22], Q=\regfile.register[7] [22]
Replacing singlecycle_datapath.$auto$ff.cc:337:slice$2711 ($_DFFE_PP0P_): ARST=\reset, D=$abc$151119$flatten\regfile.$procmux$1045_Y[23], Q=\regfile.register[7] [23]
Replacing singlecycle_datapath.$auto$ff.cc:337:slice$2712 ($_DFFE_PP0P_): ARST=\reset, D=$abc$151119$flatten\regfile.$procmux$1045_Y[24], Q=\regfile.register[7] [24]
Replacing singlecycle_datapath.$auto$ff.cc:337:slice$2713 ($_DFFE_PP0P_): ARST=\reset, D=$abc$151119$flatten\regfile.$procmux$1045_Y[25], Q=\regfile.register[7] [25]
Replacing singlecycle_datapath.$auto$ff.cc:337:slice$2714 ($_DFFE_PP0P_): ARST=\reset, D=$abc$151119$flatten\regfile.$procmux$1045_Y[26], Q=\regfile.register[7] [26]
Replacing singlecycle_datapath.$auto$ff.cc:337:slice$2715 ($_DFFE_PP0P_): ARST=\reset, D=$abc$151119$flatten\regfile.$procmux$1045_Y[27], Q=\regfile.register[7] [27]
Replacing singlecycle_datapath.$auto$ff.cc:337:slice$2716 ($_DFFE_PP0P_): ARST=\reset, D=$abc$151119$flatten\regfile.$procmux$1045_Y[28], Q=\regfile.register[7] [28]
Replacing singlecycle_datapath.$auto$ff.cc:337:slice$2717 ($_DFFE_PP0P_): ARST=\reset, D=$abc$151119$flatten\regfile.$procmux$1045_Y[29], Q=\regfile.register[7] [29]
Replacing singlecycle_datapath.$auto$ff.cc:337:slice$2718 ($_DFFE_PP0P_): ARST=\reset, D=$abc$151119$flatten\regfile.$procmux$1045_Y[30], Q=\regfile.register[7] [30]
Replacing singlecycle_datapath.$auto$ff.cc:337:slice$2719 ($_DFFE_PP0P_): ARST=\reset, D=$abc$151119$flatten\regfile.$procmux$1045_Y[31], Q=\regfile.register[7] [31]
Replacing singlecycle_datapath.$auto$ff.cc:337:slice$2722 ($_DFFE_PP0P_): ARST=\reset, D=$abc$151119$flatten\regfile.$procmux$1045_Y[0], Q=\regfile.register[8] [0]
Replacing singlecycle_datapath.$auto$ff.cc:337:slice$2723 ($_DFFE_PP0P_): ARST=\reset, D=$abc$151119$flatten\regfile.$procmux$1045_Y[1], Q=\regfile.register[8] [1]
Replacing singlecycle_datapath.$auto$ff.cc:337:slice$2724 ($_DFFE_PP0P_): ARST=\reset, D=$abc$151119$flatten\regfile.$procmux$1045_Y[2], Q=\regfile.register[8] [2]
Replacing singlecycle_datapath.$auto$ff.cc:337:slice$2725 ($_DFFE_PP0P_): ARST=\reset, D=$abc$151119$flatten\regfile.$procmux$1045_Y[3], Q=\regfile.register[8] [3]
Replacing singlecycle_datapath.$auto$ff.cc:337:slice$2726 ($_DFFE_PP0P_): ARST=\reset, D=$abc$151119$flatten\regfile.$procmux$1045_Y[4], Q=\regfile.register[8] [4]
Replacing singlecycle_datapath.$auto$ff.cc:337:slice$2727 ($_DFFE_PP0P_): ARST=\reset, D=$abc$151119$flatten\regfile.$procmux$1045_Y[5], Q=\regfile.register[8] [5]
Replacing singlecycle_datapath.$auto$ff.cc:337:slice$2728 ($_DFFE_PP0P_): ARST=\reset, D=$abc$151119$flatten\regfile.$procmux$1045_Y[6], Q=\regfile.register[8] [6]
Replacing singlecycle_datapath.$auto$ff.cc:337:slice$2729 ($_DFFE_PP0P_): ARST=\reset, D=$abc$151119$flatten\regfile.$procmux$1045_Y[7], Q=\regfile.register[8] [7]
Replacing singlecycle_datapath.$auto$ff.cc:337:slice$2730 ($_DFFE_PP0P_): ARST=\reset, D=$abc$151119$flatten\regfile.$procmux$1045_Y[8], Q=\regfile.register[8] [8]
Replacing singlecycle_datapath.$auto$ff.cc:337:slice$2731 ($_DFFE_PP0P_): ARST=\reset, D=$abc$151119$flatten\regfile.$procmux$1045_Y[9], Q=\regfile.register[8] [9]
Replacing singlecycle_datapath.$auto$ff.cc:337:slice$2732 ($_DFFE_PP0P_): ARST=\reset, D=$abc$151119$flatten\regfile.$procmux$1045_Y[10], Q=\regfile.register[8] [10]
Replacing singlecycle_datapath.$auto$ff.cc:337:slice$2733 ($_DFFE_PP0P_): ARST=\reset, D=$abc$151119$flatten\regfile.$procmux$1045_Y[11], Q=\regfile.register[8] [11]
Replacing singlecycle_datapath.$auto$ff.cc:337:slice$2734 ($_DFFE_PP0P_): ARST=\reset, D=$abc$151119$flatten\regfile.$procmux$1045_Y[12], Q=\regfile.register[8] [12]
Replacing singlecycle_datapath.$auto$ff.cc:337:slice$2735 ($_DFFE_PP0P_): ARST=\reset, D=$abc$151119$flatten\regfile.$procmux$1045_Y[13], Q=\regfile.register[8] [13]
Replacing singlecycle_datapath.$auto$ff.cc:337:slice$2736 ($_DFFE_PP0P_): ARST=\reset, D=$abc$151119$flatten\regfile.$procmux$1045_Y[14], Q=\regfile.register[8] [14]
Replacing singlecycle_datapath.$auto$ff.cc:337:slice$2737 ($_DFFE_PP0P_): ARST=\reset, D=$abc$151119$flatten\regfile.$procmux$1045_Y[15], Q=\regfile.register[8] [15]
Replacing singlecycle_datapath.$auto$ff.cc:337:slice$2738 ($_DFFE_PP0P_): ARST=\reset, D=$abc$151119$flatten\regfile.$procmux$1045_Y[16], Q=\regfile.register[8] [16]
Replacing singlecycle_datapath.$auto$ff.cc:337:slice$2739 ($_DFFE_PP0P_): ARST=\reset, D=$abc$151119$flatten\regfile.$procmux$1045_Y[17], Q=\regfile.register[8] [17]
Replacing singlecycle_datapath.$auto$ff.cc:337:slice$2740 ($_DFFE_PP0P_): ARST=\reset, D=$abc$151119$flatten\regfile.$procmux$1045_Y[18], Q=\regfile.register[8] [18]
Replacing singlecycle_datapath.$auto$ff.cc:337:slice$2741 ($_DFFE_PP0P_): ARST=\reset, D=$abc$151119$flatten\regfile.$procmux$1045_Y[19], Q=\regfile.register[8] [19]
Replacing singlecycle_datapath.$auto$ff.cc:337:slice$2742 ($_DFFE_PP0P_): ARST=\reset, D=$abc$151119$flatten\regfile.$procmux$1045_Y[20], Q=\regfile.register[8] [20]
Replacing singlecycle_datapath.$auto$ff.cc:337:slice$2743 ($_DFFE_PP0P_): ARST=\reset, D=$abc$151119$flatten\regfile.$procmux$1045_Y[21], Q=\regfile.register[8] [21]
Replacing singlecycle_datapath.$auto$ff.cc:337:slice$2744 ($_DFFE_PP0P_): ARST=\reset, D=$abc$151119$flatten\regfile.$procmux$1045_Y[22], Q=\regfile.register[8] [22]
Replacing singlecycle_datapath.$auto$ff.cc:337:slice$2745 ($_DFFE_PP0P_): ARST=\reset, D=$abc$151119$flatten\regfile.$procmux$1045_Y[23], Q=\regfile.register[8] [23]
Replacing singlecycle_datapath.$auto$ff.cc:337:slice$2746 ($_DFFE_PP0P_): ARST=\reset, D=$abc$151119$flatten\regfile.$procmux$1045_Y[24], Q=\regfile.register[8] [24]
Replacing singlecycle_datapath.$auto$ff.cc:337:slice$2747 ($_DFFE_PP0P_): ARST=\reset, D=$abc$151119$flatten\regfile.$procmux$1045_Y[25], Q=\regfile.register[8] [25]
Replacing singlecycle_datapath.$auto$ff.cc:337:slice$2748 ($_DFFE_PP0P_): ARST=\reset, D=$abc$151119$flatten\regfile.$procmux$1045_Y[26], Q=\regfile.register[8] [26]
Replacing singlecycle_datapath.$auto$ff.cc:337:slice$2749 ($_DFFE_PP0P_): ARST=\reset, D=$abc$151119$flatten\regfile.$procmux$1045_Y[27], Q=\regfile.register[8] [27]
Replacing singlecycle_datapath.$auto$ff.cc:337:slice$2750 ($_DFFE_PP0P_): ARST=\reset, D=$abc$151119$flatten\regfile.$procmux$1045_Y[28], Q=\regfile.register[8] [28]
Replacing singlecycle_datapath.$auto$ff.cc:337:slice$2751 ($_DFFE_PP0P_): ARST=\reset, D=$abc$151119$flatten\regfile.$procmux$1045_Y[29], Q=\regfile.register[8] [29]
Replacing singlecycle_datapath.$auto$ff.cc:337:slice$2752 ($_DFFE_PP0P_): ARST=\reset, D=$abc$151119$flatten\regfile.$procmux$1045_Y[30], Q=\regfile.register[8] [30]
Replacing singlecycle_datapath.$auto$ff.cc:337:slice$2753 ($_DFFE_PP0P_): ARST=\reset, D=$abc$151119$flatten\regfile.$procmux$1045_Y[31], Q=\regfile.register[8] [31]
Replacing singlecycle_datapath.$auto$ff.cc:337:slice$2756 ($_DFFE_PP0P_): ARST=\reset, D=$abc$151119$flatten\regfile.$procmux$1045_Y[0], Q=\regfile.register[9] [0]
Replacing singlecycle_datapath.$auto$ff.cc:337:slice$2757 ($_DFFE_PP0P_): ARST=\reset, D=$abc$151119$flatten\regfile.$procmux$1045_Y[1], Q=\regfile.register[9] [1]
Replacing singlecycle_datapath.$auto$ff.cc:337:slice$2758 ($_DFFE_PP0P_): ARST=\reset, D=$abc$151119$flatten\regfile.$procmux$1045_Y[2], Q=\regfile.register[9] [2]
Replacing singlecycle_datapath.$auto$ff.cc:337:slice$2759 ($_DFFE_PP0P_): ARST=\reset, D=$abc$151119$flatten\regfile.$procmux$1045_Y[3], Q=\regfile.register[9] [3]
Replacing singlecycle_datapath.$auto$ff.cc:337:slice$2760 ($_DFFE_PP0P_): ARST=\reset, D=$abc$151119$flatten\regfile.$procmux$1045_Y[4], Q=\regfile.register[9] [4]
Replacing singlecycle_datapath.$auto$ff.cc:337:slice$2761 ($_DFFE_PP0P_): ARST=\reset, D=$abc$151119$flatten\regfile.$procmux$1045_Y[5], Q=\regfile.register[9] [5]
Replacing singlecycle_datapath.$auto$ff.cc:337:slice$2762 ($_DFFE_PP0P_): ARST=\reset, D=$abc$151119$flatten\regfile.$procmux$1045_Y[6], Q=\regfile.register[9] [6]
Replacing singlecycle_datapath.$auto$ff.cc:337:slice$2763 ($_DFFE_PP0P_): ARST=\reset, D=$abc$151119$flatten\regfile.$procmux$1045_Y[7], Q=\regfile.register[9] [7]
Replacing singlecycle_datapath.$auto$ff.cc:337:slice$2764 ($_DFFE_PP0P_): ARST=\reset, D=$abc$151119$flatten\regfile.$procmux$1045_Y[8], Q=\regfile.register[9] [8]
Replacing singlecycle_datapath.$auto$ff.cc:337:slice$2765 ($_DFFE_PP0P_): ARST=\reset, D=$abc$151119$flatten\regfile.$procmux$1045_Y[9], Q=\regfile.register[9] [9]
Replacing singlecycle_datapath.$auto$ff.cc:337:slice$2766 ($_DFFE_PP0P_): ARST=\reset, D=$abc$151119$flatten\regfile.$procmux$1045_Y[10], Q=\regfile.register[9] [10]
Replacing singlecycle_datapath.$auto$ff.cc:337:slice$2767 ($_DFFE_PP0P_): ARST=\reset, D=$abc$151119$flatten\regfile.$procmux$1045_Y[11], Q=\regfile.register[9] [11]
Replacing singlecycle_datapath.$auto$ff.cc:337:slice$2768 ($_DFFE_PP0P_): ARST=\reset, D=$abc$151119$flatten\regfile.$procmux$1045_Y[12], Q=\regfile.register[9] [12]
Replacing singlecycle_datapath.$auto$ff.cc:337:slice$2769 ($_DFFE_PP0P_): ARST=\reset, D=$abc$151119$flatten\regfile.$procmux$1045_Y[13], Q=\regfile.register[9] [13]
Replacing singlecycle_datapath.$auto$ff.cc:337:slice$2770 ($_DFFE_PP0P_): ARST=\reset, D=$abc$151119$flatten\regfile.$procmux$1045_Y[14], Q=\regfile.register[9] [14]
Replacing singlecycle_datapath.$auto$ff.cc:337:slice$2771 ($_DFFE_PP0P_): ARST=\reset, D=$abc$151119$flatten\regfile.$procmux$1045_Y[15], Q=\regfile.register[9] [15]
Replacing singlecycle_datapath.$auto$ff.cc:337:slice$2772 ($_DFFE_PP0P_): ARST=\reset, D=$abc$151119$flatten\regfile.$procmux$1045_Y[16], Q=\regfile.register[9] [16]
Replacing singlecycle_datapath.$auto$ff.cc:337:slice$2773 ($_DFFE_PP0P_): ARST=\reset, D=$abc$151119$flatten\regfile.$procmux$1045_Y[17], Q=\regfile.register[9] [17]
Replacing singlecycle_datapath.$auto$ff.cc:337:slice$2774 ($_DFFE_PP0P_): ARST=\reset, D=$abc$151119$flatten\regfile.$procmux$1045_Y[18], Q=\regfile.register[9] [18]
Replacing singlecycle_datapath.$auto$ff.cc:337:slice$2775 ($_DFFE_PP0P_): ARST=\reset, D=$abc$151119$flatten\regfile.$procmux$1045_Y[19], Q=\regfile.register[9] [19]
Replacing singlecycle_datapath.$auto$ff.cc:337:slice$2776 ($_DFFE_PP0P_): ARST=\reset, D=$abc$151119$flatten\regfile.$procmux$1045_Y[20], Q=\regfile.register[9] [20]
Replacing singlecycle_datapath.$auto$ff.cc:337:slice$2777 ($_DFFE_PP0P_): ARST=\reset, D=$abc$151119$flatten\regfile.$procmux$1045_Y[21], Q=\regfile.register[9] [21]
Replacing singlecycle_datapath.$auto$ff.cc:337:slice$2778 ($_DFFE_PP0P_): ARST=\reset, D=$abc$151119$flatten\regfile.$procmux$1045_Y[22], Q=\regfile.register[9] [22]
Replacing singlecycle_datapath.$auto$ff.cc:337:slice$2779 ($_DFFE_PP0P_): ARST=\reset, D=$abc$151119$flatten\regfile.$procmux$1045_Y[23], Q=\regfile.register[9] [23]
Replacing singlecycle_datapath.$auto$ff.cc:337:slice$2780 ($_DFFE_PP0P_): ARST=\reset, D=$abc$151119$flatten\regfile.$procmux$1045_Y[24], Q=\regfile.register[9] [24]
Replacing singlecycle_datapath.$auto$ff.cc:337:slice$2781 ($_DFFE_PP0P_): ARST=\reset, D=$abc$151119$flatten\regfile.$procmux$1045_Y[25], Q=\regfile.register[9] [25]
Replacing singlecycle_datapath.$auto$ff.cc:337:slice$2782 ($_DFFE_PP0P_): ARST=\reset, D=$abc$151119$flatten\regfile.$procmux$1045_Y[26], Q=\regfile.register[9] [26]
Replacing singlecycle_datapath.$auto$ff.cc:337:slice$2783 ($_DFFE_PP0P_): ARST=\reset, D=$abc$151119$flatten\regfile.$procmux$1045_Y[27], Q=\regfile.register[9] [27]
Replacing singlecycle_datapath.$auto$ff.cc:337:slice$2784 ($_DFFE_PP0P_): ARST=\reset, D=$abc$151119$flatten\regfile.$procmux$1045_Y[28], Q=\regfile.register[9] [28]
Replacing singlecycle_datapath.$auto$ff.cc:337:slice$2785 ($_DFFE_PP0P_): ARST=\reset, D=$abc$151119$flatten\regfile.$procmux$1045_Y[29], Q=\regfile.register[9] [29]
Replacing singlecycle_datapath.$auto$ff.cc:337:slice$2786 ($_DFFE_PP0P_): ARST=\reset, D=$abc$151119$flatten\regfile.$procmux$1045_Y[30], Q=\regfile.register[9] [30]
Replacing singlecycle_datapath.$auto$ff.cc:337:slice$2787 ($_DFFE_PP0P_): ARST=\reset, D=$abc$151119$flatten\regfile.$procmux$1045_Y[31], Q=\regfile.register[9] [31]
Replacing singlecycle_datapath.$auto$ff.cc:337:slice$2790 ($_DFFE_PP0P_): ARST=\reset, D=$abc$151119$flatten\regfile.$procmux$1045_Y[0], Q=\regfile.register[10] [0]
Replacing singlecycle_datapath.$auto$ff.cc:337:slice$2791 ($_DFFE_PP0P_): ARST=\reset, D=$abc$151119$flatten\regfile.$procmux$1045_Y[1], Q=\regfile.register[10] [1]
Replacing singlecycle_datapath.$auto$ff.cc:337:slice$2792 ($_DFFE_PP0P_): ARST=\reset, D=$abc$151119$flatten\regfile.$procmux$1045_Y[2], Q=\regfile.register[10] [2]
Replacing singlecycle_datapath.$auto$ff.cc:337:slice$2793 ($_DFFE_PP0P_): ARST=\reset, D=$abc$151119$flatten\regfile.$procmux$1045_Y[3], Q=\regfile.register[10] [3]
Replacing singlecycle_datapath.$auto$ff.cc:337:slice$2794 ($_DFFE_PP0P_): ARST=\reset, D=$abc$151119$flatten\regfile.$procmux$1045_Y[4], Q=\regfile.register[10] [4]
Replacing singlecycle_datapath.$auto$ff.cc:337:slice$2795 ($_DFFE_PP0P_): ARST=\reset, D=$abc$151119$flatten\regfile.$procmux$1045_Y[5], Q=\regfile.register[10] [5]
Replacing singlecycle_datapath.$auto$ff.cc:337:slice$2796 ($_DFFE_PP0P_): ARST=\reset, D=$abc$151119$flatten\regfile.$procmux$1045_Y[6], Q=\regfile.register[10] [6]
Replacing singlecycle_datapath.$auto$ff.cc:337:slice$2797 ($_DFFE_PP0P_): ARST=\reset, D=$abc$151119$flatten\regfile.$procmux$1045_Y[7], Q=\regfile.register[10] [7]
Replacing singlecycle_datapath.$auto$ff.cc:337:slice$2798 ($_DFFE_PP0P_): ARST=\reset, D=$abc$151119$flatten\regfile.$procmux$1045_Y[8], Q=\regfile.register[10] [8]
Replacing singlecycle_datapath.$auto$ff.cc:337:slice$2799 ($_DFFE_PP0P_): ARST=\reset, D=$abc$151119$flatten\regfile.$procmux$1045_Y[9], Q=\regfile.register[10] [9]
Replacing singlecycle_datapath.$auto$ff.cc:337:slice$2800 ($_DFFE_PP0P_): ARST=\reset, D=$abc$151119$flatten\regfile.$procmux$1045_Y[10], Q=\regfile.register[10] [10]
Replacing singlecycle_datapath.$auto$ff.cc:337:slice$2801 ($_DFFE_PP0P_): ARST=\reset, D=$abc$151119$flatten\regfile.$procmux$1045_Y[11], Q=\regfile.register[10] [11]
Replacing singlecycle_datapath.$auto$ff.cc:337:slice$2802 ($_DFFE_PP0P_): ARST=\reset, D=$abc$151119$flatten\regfile.$procmux$1045_Y[12], Q=\regfile.register[10] [12]
Replacing singlecycle_datapath.$auto$ff.cc:337:slice$2803 ($_DFFE_PP0P_): ARST=\reset, D=$abc$151119$flatten\regfile.$procmux$1045_Y[13], Q=\regfile.register[10] [13]
Replacing singlecycle_datapath.$auto$ff.cc:337:slice$2804 ($_DFFE_PP0P_): ARST=\reset, D=$abc$151119$flatten\regfile.$procmux$1045_Y[14], Q=\regfile.register[10] [14]
Replacing singlecycle_datapath.$auto$ff.cc:337:slice$2805 ($_DFFE_PP0P_): ARST=\reset, D=$abc$151119$flatten\regfile.$procmux$1045_Y[15], Q=\regfile.register[10] [15]
Replacing singlecycle_datapath.$auto$ff.cc:337:slice$2806 ($_DFFE_PP0P_): ARST=\reset, D=$abc$151119$flatten\regfile.$procmux$1045_Y[16], Q=\regfile.register[10] [16]
Replacing singlecycle_datapath.$auto$ff.cc:337:slice$2807 ($_DFFE_PP0P_): ARST=\reset, D=$abc$151119$flatten\regfile.$procmux$1045_Y[17], Q=\regfile.register[10] [17]
Replacing singlecycle_datapath.$auto$ff.cc:337:slice$2808 ($_DFFE_PP0P_): ARST=\reset, D=$abc$151119$flatten\regfile.$procmux$1045_Y[18], Q=\regfile.register[10] [18]
Replacing singlecycle_datapath.$auto$ff.cc:337:slice$2809 ($_DFFE_PP0P_): ARST=\reset, D=$abc$151119$flatten\regfile.$procmux$1045_Y[19], Q=\regfile.register[10] [19]
Replacing singlecycle_datapath.$auto$ff.cc:337:slice$2810 ($_DFFE_PP0P_): ARST=\reset, D=$abc$151119$flatten\regfile.$procmux$1045_Y[20], Q=\regfile.register[10] [20]
Replacing singlecycle_datapath.$auto$ff.cc:337:slice$2811 ($_DFFE_PP0P_): ARST=\reset, D=$abc$151119$flatten\regfile.$procmux$1045_Y[21], Q=\regfile.register[10] [21]
Replacing singlecycle_datapath.$auto$ff.cc:337:slice$2812 ($_DFFE_PP0P_): ARST=\reset, D=$abc$151119$flatten\regfile.$procmux$1045_Y[22], Q=\regfile.register[10] [22]
Replacing singlecycle_datapath.$auto$ff.cc:337:slice$2813 ($_DFFE_PP0P_): ARST=\reset, D=$abc$151119$flatten\regfile.$procmux$1045_Y[23], Q=\regfile.register[10] [23]
Replacing singlecycle_datapath.$auto$ff.cc:337:slice$2814 ($_DFFE_PP0P_): ARST=\reset, D=$abc$151119$flatten\regfile.$procmux$1045_Y[24], Q=\regfile.register[10] [24]
Replacing singlecycle_datapath.$auto$ff.cc:337:slice$2815 ($_DFFE_PP0P_): ARST=\reset, D=$abc$151119$flatten\regfile.$procmux$1045_Y[25], Q=\regfile.register[10] [25]
Replacing singlecycle_datapath.$auto$ff.cc:337:slice$2816 ($_DFFE_PP0P_): ARST=\reset, D=$abc$151119$flatten\regfile.$procmux$1045_Y[26], Q=\regfile.register[10] [26]
Replacing singlecycle_datapath.$auto$ff.cc:337:slice$2817 ($_DFFE_PP0P_): ARST=\reset, D=$abc$151119$flatten\regfile.$procmux$1045_Y[27], Q=\regfile.register[10] [27]
Replacing singlecycle_datapath.$auto$ff.cc:337:slice$2818 ($_DFFE_PP0P_): ARST=\reset, D=$abc$151119$flatten\regfile.$procmux$1045_Y[28], Q=\regfile.register[10] [28]
Replacing singlecycle_datapath.$auto$ff.cc:337:slice$2819 ($_DFFE_PP0P_): ARST=\reset, D=$abc$151119$flatten\regfile.$procmux$1045_Y[29], Q=\regfile.register[10] [29]
Replacing singlecycle_datapath.$auto$ff.cc:337:slice$2820 ($_DFFE_PP0P_): ARST=\reset, D=$abc$151119$flatten\regfile.$procmux$1045_Y[30], Q=\regfile.register[10] [30]
Replacing singlecycle_datapath.$auto$ff.cc:337:slice$2821 ($_DFFE_PP0P_): ARST=\reset, D=$abc$151119$flatten\regfile.$procmux$1045_Y[31], Q=\regfile.register[10] [31]
Replacing singlecycle_datapath.$auto$ff.cc:337:slice$2824 ($_DFFE_PP0P_): ARST=\reset, D=$abc$151119$flatten\regfile.$procmux$1045_Y[0], Q=\regfile.register[11] [0]
Replacing singlecycle_datapath.$auto$ff.cc:337:slice$2825 ($_DFFE_PP0P_): ARST=\reset, D=$abc$151119$flatten\regfile.$procmux$1045_Y[1], Q=\regfile.register[11] [1]
Replacing singlecycle_datapath.$auto$ff.cc:337:slice$2826 ($_DFFE_PP0P_): ARST=\reset, D=$abc$151119$flatten\regfile.$procmux$1045_Y[2], Q=\regfile.register[11] [2]
Replacing singlecycle_datapath.$auto$ff.cc:337:slice$2827 ($_DFFE_PP0P_): ARST=\reset, D=$abc$151119$flatten\regfile.$procmux$1045_Y[3], Q=\regfile.register[11] [3]
Replacing singlecycle_datapath.$auto$ff.cc:337:slice$2828 ($_DFFE_PP0P_): ARST=\reset, D=$abc$151119$flatten\regfile.$procmux$1045_Y[4], Q=\regfile.register[11] [4]
Replacing singlecycle_datapath.$auto$ff.cc:337:slice$2829 ($_DFFE_PP0P_): ARST=\reset, D=$abc$151119$flatten\regfile.$procmux$1045_Y[5], Q=\regfile.register[11] [5]
Replacing singlecycle_datapath.$auto$ff.cc:337:slice$2830 ($_DFFE_PP0P_): ARST=\reset, D=$abc$151119$flatten\regfile.$procmux$1045_Y[6], Q=\regfile.register[11] [6]
Replacing singlecycle_datapath.$auto$ff.cc:337:slice$2831 ($_DFFE_PP0P_): ARST=\reset, D=$abc$151119$flatten\regfile.$procmux$1045_Y[7], Q=\regfile.register[11] [7]
Replacing singlecycle_datapath.$auto$ff.cc:337:slice$2832 ($_DFFE_PP0P_): ARST=\reset, D=$abc$151119$flatten\regfile.$procmux$1045_Y[8], Q=\regfile.register[11] [8]
Replacing singlecycle_datapath.$auto$ff.cc:337:slice$2833 ($_DFFE_PP0P_): ARST=\reset, D=$abc$151119$flatten\regfile.$procmux$1045_Y[9], Q=\regfile.register[11] [9]
Replacing singlecycle_datapath.$auto$ff.cc:337:slice$2834 ($_DFFE_PP0P_): ARST=\reset, D=$abc$151119$flatten\regfile.$procmux$1045_Y[10], Q=\regfile.register[11] [10]
Replacing singlecycle_datapath.$auto$ff.cc:337:slice$2835 ($_DFFE_PP0P_): ARST=\reset, D=$abc$151119$flatten\regfile.$procmux$1045_Y[11], Q=\regfile.register[11] [11]
Replacing singlecycle_datapath.$auto$ff.cc:337:slice$2836 ($_DFFE_PP0P_): ARST=\reset, D=$abc$151119$flatten\regfile.$procmux$1045_Y[12], Q=\regfile.register[11] [12]
Replacing singlecycle_datapath.$auto$ff.cc:337:slice$2837 ($_DFFE_PP0P_): ARST=\reset, D=$abc$151119$flatten\regfile.$procmux$1045_Y[13], Q=\regfile.register[11] [13]
Replacing singlecycle_datapath.$auto$ff.cc:337:slice$2838 ($_DFFE_PP0P_): ARST=\reset, D=$abc$151119$flatten\regfile.$procmux$1045_Y[14], Q=\regfile.register[11] [14]
Replacing singlecycle_datapath.$auto$ff.cc:337:slice$2839 ($_DFFE_PP0P_): ARST=\reset, D=$abc$151119$flatten\regfile.$procmux$1045_Y[15], Q=\regfile.register[11] [15]
Replacing singlecycle_datapath.$auto$ff.cc:337:slice$2840 ($_DFFE_PP0P_): ARST=\reset, D=$abc$151119$flatten\regfile.$procmux$1045_Y[16], Q=\regfile.register[11] [16]
Replacing singlecycle_datapath.$auto$ff.cc:337:slice$2841 ($_DFFE_PP0P_): ARST=\reset, D=$abc$151119$flatten\regfile.$procmux$1045_Y[17], Q=\regfile.register[11] [17]
Replacing singlecycle_datapath.$auto$ff.cc:337:slice$2842 ($_DFFE_PP0P_): ARST=\reset, D=$abc$151119$flatten\regfile.$procmux$1045_Y[18], Q=\regfile.register[11] [18]
Replacing singlecycle_datapath.$auto$ff.cc:337:slice$2843 ($_DFFE_PP0P_): ARST=\reset, D=$abc$151119$flatten\regfile.$procmux$1045_Y[19], Q=\regfile.register[11] [19]
Replacing singlecycle_datapath.$auto$ff.cc:337:slice$2844 ($_DFFE_PP0P_): ARST=\reset, D=$abc$151119$flatten\regfile.$procmux$1045_Y[20], Q=\regfile.register[11] [20]
Replacing singlecycle_datapath.$auto$ff.cc:337:slice$2845 ($_DFFE_PP0P_): ARST=\reset, D=$abc$151119$flatten\regfile.$procmux$1045_Y[21], Q=\regfile.register[11] [21]
Replacing singlecycle_datapath.$auto$ff.cc:337:slice$2846 ($_DFFE_PP0P_): ARST=\reset, D=$abc$151119$flatten\regfile.$procmux$1045_Y[22], Q=\regfile.register[11] [22]
Replacing singlecycle_datapath.$auto$ff.cc:337:slice$2847 ($_DFFE_PP0P_): ARST=\reset, D=$abc$151119$flatten\regfile.$procmux$1045_Y[23], Q=\regfile.register[11] [23]
Replacing singlecycle_datapath.$auto$ff.cc:337:slice$2848 ($_DFFE_PP0P_): ARST=\reset, D=$abc$151119$flatten\regfile.$procmux$1045_Y[24], Q=\regfile.register[11] [24]
Replacing singlecycle_datapath.$auto$ff.cc:337:slice$2849 ($_DFFE_PP0P_): ARST=\reset, D=$abc$151119$flatten\regfile.$procmux$1045_Y[25], Q=\regfile.register[11] [25]
Replacing singlecycle_datapath.$auto$ff.cc:337:slice$2850 ($_DFFE_PP0P_): ARST=\reset, D=$abc$151119$flatten\regfile.$procmux$1045_Y[26], Q=\regfile.register[11] [26]
Replacing singlecycle_datapath.$auto$ff.cc:337:slice$2851 ($_DFFE_PP0P_): ARST=\reset, D=$abc$151119$flatten\regfile.$procmux$1045_Y[27], Q=\regfile.register[11] [27]
Replacing singlecycle_datapath.$auto$ff.cc:337:slice$2852 ($_DFFE_PP0P_): ARST=\reset, D=$abc$151119$flatten\regfile.$procmux$1045_Y[28], Q=\regfile.register[11] [28]
Replacing singlecycle_datapath.$auto$ff.cc:337:slice$2853 ($_DFFE_PP0P_): ARST=\reset, D=$abc$151119$flatten\regfile.$procmux$1045_Y[29], Q=\regfile.register[11] [29]
Replacing singlecycle_datapath.$auto$ff.cc:337:slice$2854 ($_DFFE_PP0P_): ARST=\reset, D=$abc$151119$flatten\regfile.$procmux$1045_Y[30], Q=\regfile.register[11] [30]
Replacing singlecycle_datapath.$auto$ff.cc:337:slice$2855 ($_DFFE_PP0P_): ARST=\reset, D=$abc$151119$flatten\regfile.$procmux$1045_Y[31], Q=\regfile.register[11] [31]
Replacing singlecycle_datapath.$auto$ff.cc:337:slice$2858 ($_DFFE_PP0P_): ARST=\reset, D=$abc$151119$flatten\regfile.$procmux$1045_Y[0], Q=\regfile.register[12] [0]
Replacing singlecycle_datapath.$auto$ff.cc:337:slice$2859 ($_DFFE_PP0P_): ARST=\reset, D=$abc$151119$flatten\regfile.$procmux$1045_Y[1], Q=\regfile.register[12] [1]
Replacing singlecycle_datapath.$auto$ff.cc:337:slice$2860 ($_DFFE_PP0P_): ARST=\reset, D=$abc$151119$flatten\regfile.$procmux$1045_Y[2], Q=\regfile.register[12] [2]
Replacing singlecycle_datapath.$auto$ff.cc:337:slice$2861 ($_DFFE_PP0P_): ARST=\reset, D=$abc$151119$flatten\regfile.$procmux$1045_Y[3], Q=\regfile.register[12] [3]
Replacing singlecycle_datapath.$auto$ff.cc:337:slice$2862 ($_DFFE_PP0P_): ARST=\reset, D=$abc$151119$flatten\regfile.$procmux$1045_Y[4], Q=\regfile.register[12] [4]
Replacing singlecycle_datapath.$auto$ff.cc:337:slice$2863 ($_DFFE_PP0P_): ARST=\reset, D=$abc$151119$flatten\regfile.$procmux$1045_Y[5], Q=\regfile.register[12] [5]
Replacing singlecycle_datapath.$auto$ff.cc:337:slice$2864 ($_DFFE_PP0P_): ARST=\reset, D=$abc$151119$flatten\regfile.$procmux$1045_Y[6], Q=\regfile.register[12] [6]
Replacing singlecycle_datapath.$auto$ff.cc:337:slice$2865 ($_DFFE_PP0P_): ARST=\reset, D=$abc$151119$flatten\regfile.$procmux$1045_Y[7], Q=\regfile.register[12] [7]
Replacing singlecycle_datapath.$auto$ff.cc:337:slice$2866 ($_DFFE_PP0P_): ARST=\reset, D=$abc$151119$flatten\regfile.$procmux$1045_Y[8], Q=\regfile.register[12] [8]
Replacing singlecycle_datapath.$auto$ff.cc:337:slice$2867 ($_DFFE_PP0P_): ARST=\reset, D=$abc$151119$flatten\regfile.$procmux$1045_Y[9], Q=\regfile.register[12] [9]
Replacing singlecycle_datapath.$auto$ff.cc:337:slice$2868 ($_DFFE_PP0P_): ARST=\reset, D=$abc$151119$flatten\regfile.$procmux$1045_Y[10], Q=\regfile.register[12] [10]
Replacing singlecycle_datapath.$auto$ff.cc:337:slice$2869 ($_DFFE_PP0P_): ARST=\reset, D=$abc$151119$flatten\regfile.$procmux$1045_Y[11], Q=\regfile.register[12] [11]
Replacing singlecycle_datapath.$auto$ff.cc:337:slice$2870 ($_DFFE_PP0P_): ARST=\reset, D=$abc$151119$flatten\regfile.$procmux$1045_Y[12], Q=\regfile.register[12] [12]
Replacing singlecycle_datapath.$auto$ff.cc:337:slice$2871 ($_DFFE_PP0P_): ARST=\reset, D=$abc$151119$flatten\regfile.$procmux$1045_Y[13], Q=\regfile.register[12] [13]
Replacing singlecycle_datapath.$auto$ff.cc:337:slice$2872 ($_DFFE_PP0P_): ARST=\reset, D=$abc$151119$flatten\regfile.$procmux$1045_Y[14], Q=\regfile.register[12] [14]
Replacing singlecycle_datapath.$auto$ff.cc:337:slice$2873 ($_DFFE_PP0P_): ARST=\reset, D=$abc$151119$flatten\regfile.$procmux$1045_Y[15], Q=\regfile.register[12] [15]
Replacing singlecycle_datapath.$auto$ff.cc:337:slice$2874 ($_DFFE_PP0P_): ARST=\reset, D=$abc$151119$flatten\regfile.$procmux$1045_Y[16], Q=\regfile.register[12] [16]
Replacing singlecycle_datapath.$auto$ff.cc:337:slice$2875 ($_DFFE_PP0P_): ARST=\reset, D=$abc$151119$flatten\regfile.$procmux$1045_Y[17], Q=\regfile.register[12] [17]
Replacing singlecycle_datapath.$auto$ff.cc:337:slice$2876 ($_DFFE_PP0P_): ARST=\reset, D=$abc$151119$flatten\regfile.$procmux$1045_Y[18], Q=\regfile.register[12] [18]
Replacing singlecycle_datapath.$auto$ff.cc:337:slice$2877 ($_DFFE_PP0P_): ARST=\reset, D=$abc$151119$flatten\regfile.$procmux$1045_Y[19], Q=\regfile.register[12] [19]
Replacing singlecycle_datapath.$auto$ff.cc:337:slice$2878 ($_DFFE_PP0P_): ARST=\reset, D=$abc$151119$flatten\regfile.$procmux$1045_Y[20], Q=\regfile.register[12] [20]
Replacing singlecycle_datapath.$auto$ff.cc:337:slice$2879 ($_DFFE_PP0P_): ARST=\reset, D=$abc$151119$flatten\regfile.$procmux$1045_Y[21], Q=\regfile.register[12] [21]
Replacing singlecycle_datapath.$auto$ff.cc:337:slice$2880 ($_DFFE_PP0P_): ARST=\reset, D=$abc$151119$flatten\regfile.$procmux$1045_Y[22], Q=\regfile.register[12] [22]
Replacing singlecycle_datapath.$auto$ff.cc:337:slice$2881 ($_DFFE_PP0P_): ARST=\reset, D=$abc$151119$flatten\regfile.$procmux$1045_Y[23], Q=\regfile.register[12] [23]
Replacing singlecycle_datapath.$auto$ff.cc:337:slice$2882 ($_DFFE_PP0P_): ARST=\reset, D=$abc$151119$flatten\regfile.$procmux$1045_Y[24], Q=\regfile.register[12] [24]
Replacing singlecycle_datapath.$auto$ff.cc:337:slice$2883 ($_DFFE_PP0P_): ARST=\reset, D=$abc$151119$flatten\regfile.$procmux$1045_Y[25], Q=\regfile.register[12] [25]
Replacing singlecycle_datapath.$auto$ff.cc:337:slice$2884 ($_DFFE_PP0P_): ARST=\reset, D=$abc$151119$flatten\regfile.$procmux$1045_Y[26], Q=\regfile.register[12] [26]
Replacing singlecycle_datapath.$auto$ff.cc:337:slice$2885 ($_DFFE_PP0P_): ARST=\reset, D=$abc$151119$flatten\regfile.$procmux$1045_Y[27], Q=\regfile.register[12] [27]
Replacing singlecycle_datapath.$auto$ff.cc:337:slice$2886 ($_DFFE_PP0P_): ARST=\reset, D=$abc$151119$flatten\regfile.$procmux$1045_Y[28], Q=\regfile.register[12] [28]
Replacing singlecycle_datapath.$auto$ff.cc:337:slice$2887 ($_DFFE_PP0P_): ARST=\reset, D=$abc$151119$flatten\regfile.$procmux$1045_Y[29], Q=\regfile.register[12] [29]
Replacing singlecycle_datapath.$auto$ff.cc:337:slice$2888 ($_DFFE_PP0P_): ARST=\reset, D=$abc$151119$flatten\regfile.$procmux$1045_Y[30], Q=\regfile.register[12] [30]
Replacing singlecycle_datapath.$auto$ff.cc:337:slice$2889 ($_DFFE_PP0P_): ARST=\reset, D=$abc$151119$flatten\regfile.$procmux$1045_Y[31], Q=\regfile.register[12] [31]
Replacing singlecycle_datapath.$auto$ff.cc:337:slice$2892 ($_DFFE_PP0P_): ARST=\reset, D=$abc$151119$flatten\regfile.$procmux$1045_Y[0], Q=\regfile.register[13] [0]
Replacing singlecycle_datapath.$auto$ff.cc:337:slice$2893 ($_DFFE_PP0P_): ARST=\reset, D=$abc$151119$flatten\regfile.$procmux$1045_Y[1], Q=\regfile.register[13] [1]
Replacing singlecycle_datapath.$auto$ff.cc:337:slice$2894 ($_DFFE_PP0P_): ARST=\reset, D=$abc$151119$flatten\regfile.$procmux$1045_Y[2], Q=\regfile.register[13] [2]
Replacing singlecycle_datapath.$auto$ff.cc:337:slice$2895 ($_DFFE_PP0P_): ARST=\reset, D=$abc$151119$flatten\regfile.$procmux$1045_Y[3], Q=\regfile.register[13] [3]
Replacing singlecycle_datapath.$auto$ff.cc:337:slice$2896 ($_DFFE_PP0P_): ARST=\reset, D=$abc$151119$flatten\regfile.$procmux$1045_Y[4], Q=\regfile.register[13] [4]
Replacing singlecycle_datapath.$auto$ff.cc:337:slice$2897 ($_DFFE_PP0P_): ARST=\reset, D=$abc$151119$flatten\regfile.$procmux$1045_Y[5], Q=\regfile.register[13] [5]
Replacing singlecycle_datapath.$auto$ff.cc:337:slice$2898 ($_DFFE_PP0P_): ARST=\reset, D=$abc$151119$flatten\regfile.$procmux$1045_Y[6], Q=\regfile.register[13] [6]
Replacing singlecycle_datapath.$auto$ff.cc:337:slice$2899 ($_DFFE_PP0P_): ARST=\reset, D=$abc$151119$flatten\regfile.$procmux$1045_Y[7], Q=\regfile.register[13] [7]
Replacing singlecycle_datapath.$auto$ff.cc:337:slice$2900 ($_DFFE_PP0P_): ARST=\reset, D=$abc$151119$flatten\regfile.$procmux$1045_Y[8], Q=\regfile.register[13] [8]
Replacing singlecycle_datapath.$auto$ff.cc:337:slice$2901 ($_DFFE_PP0P_): ARST=\reset, D=$abc$151119$flatten\regfile.$procmux$1045_Y[9], Q=\regfile.register[13] [9]
Replacing singlecycle_datapath.$auto$ff.cc:337:slice$2902 ($_DFFE_PP0P_): ARST=\reset, D=$abc$151119$flatten\regfile.$procmux$1045_Y[10], Q=\regfile.register[13] [10]
Replacing singlecycle_datapath.$auto$ff.cc:337:slice$2903 ($_DFFE_PP0P_): ARST=\reset, D=$abc$151119$flatten\regfile.$procmux$1045_Y[11], Q=\regfile.register[13] [11]
Replacing singlecycle_datapath.$auto$ff.cc:337:slice$2904 ($_DFFE_PP0P_): ARST=\reset, D=$abc$151119$flatten\regfile.$procmux$1045_Y[12], Q=\regfile.register[13] [12]
Replacing singlecycle_datapath.$auto$ff.cc:337:slice$2905 ($_DFFE_PP0P_): ARST=\reset, D=$abc$151119$flatten\regfile.$procmux$1045_Y[13], Q=\regfile.register[13] [13]
Replacing singlecycle_datapath.$auto$ff.cc:337:slice$2906 ($_DFFE_PP0P_): ARST=\reset, D=$abc$151119$flatten\regfile.$procmux$1045_Y[14], Q=\regfile.register[13] [14]
Replacing singlecycle_datapath.$auto$ff.cc:337:slice$2907 ($_DFFE_PP0P_): ARST=\reset, D=$abc$151119$flatten\regfile.$procmux$1045_Y[15], Q=\regfile.register[13] [15]
Replacing singlecycle_datapath.$auto$ff.cc:337:slice$2908 ($_DFFE_PP0P_): ARST=\reset, D=$abc$151119$flatten\regfile.$procmux$1045_Y[16], Q=\regfile.register[13] [16]
Replacing singlecycle_datapath.$auto$ff.cc:337:slice$2909 ($_DFFE_PP0P_): ARST=\reset, D=$abc$151119$flatten\regfile.$procmux$1045_Y[17], Q=\regfile.register[13] [17]
Replacing singlecycle_datapath.$auto$ff.cc:337:slice$2910 ($_DFFE_PP0P_): ARST=\reset, D=$abc$151119$flatten\regfile.$procmux$1045_Y[18], Q=\regfile.register[13] [18]
Replacing singlecycle_datapath.$auto$ff.cc:337:slice$2911 ($_DFFE_PP0P_): ARST=\reset, D=$abc$151119$flatten\regfile.$procmux$1045_Y[19], Q=\regfile.register[13] [19]
Replacing singlecycle_datapath.$auto$ff.cc:337:slice$2912 ($_DFFE_PP0P_): ARST=\reset, D=$abc$151119$flatten\regfile.$procmux$1045_Y[20], Q=\regfile.register[13] [20]
Replacing singlecycle_datapath.$auto$ff.cc:337:slice$2913 ($_DFFE_PP0P_): ARST=\reset, D=$abc$151119$flatten\regfile.$procmux$1045_Y[21], Q=\regfile.register[13] [21]
Replacing singlecycle_datapath.$auto$ff.cc:337:slice$2914 ($_DFFE_PP0P_): ARST=\reset, D=$abc$151119$flatten\regfile.$procmux$1045_Y[22], Q=\regfile.register[13] [22]
Replacing singlecycle_datapath.$auto$ff.cc:337:slice$2915 ($_DFFE_PP0P_): ARST=\reset, D=$abc$151119$flatten\regfile.$procmux$1045_Y[23], Q=\regfile.register[13] [23]
Replacing singlecycle_datapath.$auto$ff.cc:337:slice$2916 ($_DFFE_PP0P_): ARST=\reset, D=$abc$151119$flatten\regfile.$procmux$1045_Y[24], Q=\regfile.register[13] [24]
Replacing singlecycle_datapath.$auto$ff.cc:337:slice$2917 ($_DFFE_PP0P_): ARST=\reset, D=$abc$151119$flatten\regfile.$procmux$1045_Y[25], Q=\regfile.register[13] [25]
Replacing singlecycle_datapath.$auto$ff.cc:337:slice$2918 ($_DFFE_PP0P_): ARST=\reset, D=$abc$151119$flatten\regfile.$procmux$1045_Y[26], Q=\regfile.register[13] [26]
Replacing singlecycle_datapath.$auto$ff.cc:337:slice$2919 ($_DFFE_PP0P_): ARST=\reset, D=$abc$151119$flatten\regfile.$procmux$1045_Y[27], Q=\regfile.register[13] [27]
Replacing singlecycle_datapath.$auto$ff.cc:337:slice$2920 ($_DFFE_PP0P_): ARST=\reset, D=$abc$151119$flatten\regfile.$procmux$1045_Y[28], Q=\regfile.register[13] [28]
Replacing singlecycle_datapath.$auto$ff.cc:337:slice$2921 ($_DFFE_PP0P_): ARST=\reset, D=$abc$151119$flatten\regfile.$procmux$1045_Y[29], Q=\regfile.register[13] [29]
Replacing singlecycle_datapath.$auto$ff.cc:337:slice$2922 ($_DFFE_PP0P_): ARST=\reset, D=$abc$151119$flatten\regfile.$procmux$1045_Y[30], Q=\regfile.register[13] [30]
Replacing singlecycle_datapath.$auto$ff.cc:337:slice$2923 ($_DFFE_PP0P_): ARST=\reset, D=$abc$151119$flatten\regfile.$procmux$1045_Y[31], Q=\regfile.register[13] [31]
Replacing singlecycle_datapath.$auto$ff.cc:337:slice$2926 ($_DFFE_PP0P_): ARST=\reset, D=$abc$151119$flatten\regfile.$procmux$1045_Y[0], Q=\regfile.register[14] [0]
Replacing singlecycle_datapath.$auto$ff.cc:337:slice$2927 ($_DFFE_PP0P_): ARST=\reset, D=$abc$151119$flatten\regfile.$procmux$1045_Y[1], Q=\regfile.register[14] [1]
Replacing singlecycle_datapath.$auto$ff.cc:337:slice$2928 ($_DFFE_PP0P_): ARST=\reset, D=$abc$151119$flatten\regfile.$procmux$1045_Y[2], Q=\regfile.register[14] [2]
Replacing singlecycle_datapath.$auto$ff.cc:337:slice$2929 ($_DFFE_PP0P_): ARST=\reset, D=$abc$151119$flatten\regfile.$procmux$1045_Y[3], Q=\regfile.register[14] [3]
Replacing singlecycle_datapath.$auto$ff.cc:337:slice$2930 ($_DFFE_PP0P_): ARST=\reset, D=$abc$151119$flatten\regfile.$procmux$1045_Y[4], Q=\regfile.register[14] [4]
Replacing singlecycle_datapath.$auto$ff.cc:337:slice$2931 ($_DFFE_PP0P_): ARST=\reset, D=$abc$151119$flatten\regfile.$procmux$1045_Y[5], Q=\regfile.register[14] [5]
Replacing singlecycle_datapath.$auto$ff.cc:337:slice$2932 ($_DFFE_PP0P_): ARST=\reset, D=$abc$151119$flatten\regfile.$procmux$1045_Y[6], Q=\regfile.register[14] [6]
Replacing singlecycle_datapath.$auto$ff.cc:337:slice$2933 ($_DFFE_PP0P_): ARST=\reset, D=$abc$151119$flatten\regfile.$procmux$1045_Y[7], Q=\regfile.register[14] [7]
Replacing singlecycle_datapath.$auto$ff.cc:337:slice$2934 ($_DFFE_PP0P_): ARST=\reset, D=$abc$151119$flatten\regfile.$procmux$1045_Y[8], Q=\regfile.register[14] [8]
Replacing singlecycle_datapath.$auto$ff.cc:337:slice$2935 ($_DFFE_PP0P_): ARST=\reset, D=$abc$151119$flatten\regfile.$procmux$1045_Y[9], Q=\regfile.register[14] [9]
Replacing singlecycle_datapath.$auto$ff.cc:337:slice$2936 ($_DFFE_PP0P_): ARST=\reset, D=$abc$151119$flatten\regfile.$procmux$1045_Y[10], Q=\regfile.register[14] [10]
Replacing singlecycle_datapath.$auto$ff.cc:337:slice$2937 ($_DFFE_PP0P_): ARST=\reset, D=$abc$151119$flatten\regfile.$procmux$1045_Y[11], Q=\regfile.register[14] [11]
Replacing singlecycle_datapath.$auto$ff.cc:337:slice$2938 ($_DFFE_PP0P_): ARST=\reset, D=$abc$151119$flatten\regfile.$procmux$1045_Y[12], Q=\regfile.register[14] [12]
Replacing singlecycle_datapath.$auto$ff.cc:337:slice$2939 ($_DFFE_PP0P_): ARST=\reset, D=$abc$151119$flatten\regfile.$procmux$1045_Y[13], Q=\regfile.register[14] [13]
Replacing singlecycle_datapath.$auto$ff.cc:337:slice$2940 ($_DFFE_PP0P_): ARST=\reset, D=$abc$151119$flatten\regfile.$procmux$1045_Y[14], Q=\regfile.register[14] [14]
Replacing singlecycle_datapath.$auto$ff.cc:337:slice$2941 ($_DFFE_PP0P_): ARST=\reset, D=$abc$151119$flatten\regfile.$procmux$1045_Y[15], Q=\regfile.register[14] [15]
Replacing singlecycle_datapath.$auto$ff.cc:337:slice$2942 ($_DFFE_PP0P_): ARST=\reset, D=$abc$151119$flatten\regfile.$procmux$1045_Y[16], Q=\regfile.register[14] [16]
Replacing singlecycle_datapath.$auto$ff.cc:337:slice$2943 ($_DFFE_PP0P_): ARST=\reset, D=$abc$151119$flatten\regfile.$procmux$1045_Y[17], Q=\regfile.register[14] [17]
Replacing singlecycle_datapath.$auto$ff.cc:337:slice$2944 ($_DFFE_PP0P_): ARST=\reset, D=$abc$151119$flatten\regfile.$procmux$1045_Y[18], Q=\regfile.register[14] [18]
Replacing singlecycle_datapath.$auto$ff.cc:337:slice$2945 ($_DFFE_PP0P_): ARST=\reset, D=$abc$151119$flatten\regfile.$procmux$1045_Y[19], Q=\regfile.register[14] [19]
Replacing singlecycle_datapath.$auto$ff.cc:337:slice$2946 ($_DFFE_PP0P_): ARST=\reset, D=$abc$151119$flatten\regfile.$procmux$1045_Y[20], Q=\regfile.register[14] [20]
Replacing singlecycle_datapath.$auto$ff.cc:337:slice$2947 ($_DFFE_PP0P_): ARST=\reset, D=$abc$151119$flatten\regfile.$procmux$1045_Y[21], Q=\regfile.register[14] [21]
Replacing singlecycle_datapath.$auto$ff.cc:337:slice$2948 ($_DFFE_PP0P_): ARST=\reset, D=$abc$151119$flatten\regfile.$procmux$1045_Y[22], Q=\regfile.register[14] [22]
Replacing singlecycle_datapath.$auto$ff.cc:337:slice$2949 ($_DFFE_PP0P_): ARST=\reset, D=$abc$151119$flatten\regfile.$procmux$1045_Y[23], Q=\regfile.register[14] [23]
Replacing singlecycle_datapath.$auto$ff.cc:337:slice$2950 ($_DFFE_PP0P_): ARST=\reset, D=$abc$151119$flatten\regfile.$procmux$1045_Y[24], Q=\regfile.register[14] [24]
Replacing singlecycle_datapath.$auto$ff.cc:337:slice$2951 ($_DFFE_PP0P_): ARST=\reset, D=$abc$151119$flatten\regfile.$procmux$1045_Y[25], Q=\regfile.register[14] [25]
Replacing singlecycle_datapath.$auto$ff.cc:337:slice$2952 ($_DFFE_PP0P_): ARST=\reset, D=$abc$151119$flatten\regfile.$procmux$1045_Y[26], Q=\regfile.register[14] [26]
Replacing singlecycle_datapath.$auto$ff.cc:337:slice$2953 ($_DFFE_PP0P_): ARST=\reset, D=$abc$151119$flatten\regfile.$procmux$1045_Y[27], Q=\regfile.register[14] [27]
Replacing singlecycle_datapath.$auto$ff.cc:337:slice$2954 ($_DFFE_PP0P_): ARST=\reset, D=$abc$151119$flatten\regfile.$procmux$1045_Y[28], Q=\regfile.register[14] [28]
Replacing singlecycle_datapath.$auto$ff.cc:337:slice$2955 ($_DFFE_PP0P_): ARST=\reset, D=$abc$151119$flatten\regfile.$procmux$1045_Y[29], Q=\regfile.register[14] [29]
Replacing singlecycle_datapath.$auto$ff.cc:337:slice$2956 ($_DFFE_PP0P_): ARST=\reset, D=$abc$151119$flatten\regfile.$procmux$1045_Y[30], Q=\regfile.register[14] [30]
Replacing singlecycle_datapath.$auto$ff.cc:337:slice$2957 ($_DFFE_PP0P_): ARST=\reset, D=$abc$151119$flatten\regfile.$procmux$1045_Y[31], Q=\regfile.register[14] [31]
Replacing singlecycle_datapath.$auto$ff.cc:337:slice$2960 ($_DFFE_PP0P_): ARST=\reset, D=$abc$151119$flatten\regfile.$procmux$1045_Y[0], Q=\regfile.register[15] [0]
Replacing singlecycle_datapath.$auto$ff.cc:337:slice$2961 ($_DFFE_PP0P_): ARST=\reset, D=$abc$151119$flatten\regfile.$procmux$1045_Y[1], Q=\regfile.register[15] [1]
Replacing singlecycle_datapath.$auto$ff.cc:337:slice$2962 ($_DFFE_PP0P_): ARST=\reset, D=$abc$151119$flatten\regfile.$procmux$1045_Y[2], Q=\regfile.register[15] [2]
Replacing singlecycle_datapath.$auto$ff.cc:337:slice$2963 ($_DFFE_PP0P_): ARST=\reset, D=$abc$151119$flatten\regfile.$procmux$1045_Y[3], Q=\regfile.register[15] [3]
Replacing singlecycle_datapath.$auto$ff.cc:337:slice$2964 ($_DFFE_PP0P_): ARST=\reset, D=$abc$151119$flatten\regfile.$procmux$1045_Y[4], Q=\regfile.register[15] [4]
Replacing singlecycle_datapath.$auto$ff.cc:337:slice$2965 ($_DFFE_PP0P_): ARST=\reset, D=$abc$151119$flatten\regfile.$procmux$1045_Y[5], Q=\regfile.register[15] [5]
Replacing singlecycle_datapath.$auto$ff.cc:337:slice$2966 ($_DFFE_PP0P_): ARST=\reset, D=$abc$151119$flatten\regfile.$procmux$1045_Y[6], Q=\regfile.register[15] [6]
Replacing singlecycle_datapath.$auto$ff.cc:337:slice$2967 ($_DFFE_PP0P_): ARST=\reset, D=$abc$151119$flatten\regfile.$procmux$1045_Y[7], Q=\regfile.register[15] [7]
Replacing singlecycle_datapath.$auto$ff.cc:337:slice$2968 ($_DFFE_PP0P_): ARST=\reset, D=$abc$151119$flatten\regfile.$procmux$1045_Y[8], Q=\regfile.register[15] [8]
Replacing singlecycle_datapath.$auto$ff.cc:337:slice$2969 ($_DFFE_PP0P_): ARST=\reset, D=$abc$151119$flatten\regfile.$procmux$1045_Y[9], Q=\regfile.register[15] [9]
Replacing singlecycle_datapath.$auto$ff.cc:337:slice$2970 ($_DFFE_PP0P_): ARST=\reset, D=$abc$151119$flatten\regfile.$procmux$1045_Y[10], Q=\regfile.register[15] [10]
Replacing singlecycle_datapath.$auto$ff.cc:337:slice$2971 ($_DFFE_PP0P_): ARST=\reset, D=$abc$151119$flatten\regfile.$procmux$1045_Y[11], Q=\regfile.register[15] [11]
Replacing singlecycle_datapath.$auto$ff.cc:337:slice$2972 ($_DFFE_PP0P_): ARST=\reset, D=$abc$151119$flatten\regfile.$procmux$1045_Y[12], Q=\regfile.register[15] [12]
Replacing singlecycle_datapath.$auto$ff.cc:337:slice$2973 ($_DFFE_PP0P_): ARST=\reset, D=$abc$151119$flatten\regfile.$procmux$1045_Y[13], Q=\regfile.register[15] [13]
Replacing singlecycle_datapath.$auto$ff.cc:337:slice$2974 ($_DFFE_PP0P_): ARST=\reset, D=$abc$151119$flatten\regfile.$procmux$1045_Y[14], Q=\regfile.register[15] [14]
Replacing singlecycle_datapath.$auto$ff.cc:337:slice$2975 ($_DFFE_PP0P_): ARST=\reset, D=$abc$151119$flatten\regfile.$procmux$1045_Y[15], Q=\regfile.register[15] [15]
Replacing singlecycle_datapath.$auto$ff.cc:337:slice$2976 ($_DFFE_PP0P_): ARST=\reset, D=$abc$151119$flatten\regfile.$procmux$1045_Y[16], Q=\regfile.register[15] [16]
Replacing singlecycle_datapath.$auto$ff.cc:337:slice$2977 ($_DFFE_PP0P_): ARST=\reset, D=$abc$151119$flatten\regfile.$procmux$1045_Y[17], Q=\regfile.register[15] [17]
Replacing singlecycle_datapath.$auto$ff.cc:337:slice$2978 ($_DFFE_PP0P_): ARST=\reset, D=$abc$151119$flatten\regfile.$procmux$1045_Y[18], Q=\regfile.register[15] [18]
Replacing singlecycle_datapath.$auto$ff.cc:337:slice$2979 ($_DFFE_PP0P_): ARST=\reset, D=$abc$151119$flatten\regfile.$procmux$1045_Y[19], Q=\regfile.register[15] [19]
Replacing singlecycle_datapath.$auto$ff.cc:337:slice$2980 ($_DFFE_PP0P_): ARST=\reset, D=$abc$151119$flatten\regfile.$procmux$1045_Y[20], Q=\regfile.register[15] [20]
Replacing singlecycle_datapath.$auto$ff.cc:337:slice$2981 ($_DFFE_PP0P_): ARST=\reset, D=$abc$151119$flatten\regfile.$procmux$1045_Y[21], Q=\regfile.register[15] [21]
Replacing singlecycle_datapath.$auto$ff.cc:337:slice$2982 ($_DFFE_PP0P_): ARST=\reset, D=$abc$151119$flatten\regfile.$procmux$1045_Y[22], Q=\regfile.register[15] [22]
Replacing singlecycle_datapath.$auto$ff.cc:337:slice$2983 ($_DFFE_PP0P_): ARST=\reset, D=$abc$151119$flatten\regfile.$procmux$1045_Y[23], Q=\regfile.register[15] [23]
Replacing singlecycle_datapath.$auto$ff.cc:337:slice$2984 ($_DFFE_PP0P_): ARST=\reset, D=$abc$151119$flatten\regfile.$procmux$1045_Y[24], Q=\regfile.register[15] [24]
Replacing singlecycle_datapath.$auto$ff.cc:337:slice$2985 ($_DFFE_PP0P_): ARST=\reset, D=$abc$151119$flatten\regfile.$procmux$1045_Y[25], Q=\regfile.register[15] [25]
Replacing singlecycle_datapath.$auto$ff.cc:337:slice$2986 ($_DFFE_PP0P_): ARST=\reset, D=$abc$151119$flatten\regfile.$procmux$1045_Y[26], Q=\regfile.register[15] [26]
Replacing singlecycle_datapath.$auto$ff.cc:337:slice$2987 ($_DFFE_PP0P_): ARST=\reset, D=$abc$151119$flatten\regfile.$procmux$1045_Y[27], Q=\regfile.register[15] [27]
Replacing singlecycle_datapath.$auto$ff.cc:337:slice$2988 ($_DFFE_PP0P_): ARST=\reset, D=$abc$151119$flatten\regfile.$procmux$1045_Y[28], Q=\regfile.register[15] [28]
Replacing singlecycle_datapath.$auto$ff.cc:337:slice$2989 ($_DFFE_PP0P_): ARST=\reset, D=$abc$151119$flatten\regfile.$procmux$1045_Y[29], Q=\regfile.register[15] [29]
Replacing singlecycle_datapath.$auto$ff.cc:337:slice$2990 ($_DFFE_PP0P_): ARST=\reset, D=$abc$151119$flatten\regfile.$procmux$1045_Y[30], Q=\regfile.register[15] [30]
Replacing singlecycle_datapath.$auto$ff.cc:337:slice$2991 ($_DFFE_PP0P_): ARST=\reset, D=$abc$151119$flatten\regfile.$procmux$1045_Y[31], Q=\regfile.register[15] [31]
Replacing singlecycle_datapath.$auto$ff.cc:337:slice$2994 ($_DFFE_PP0P_): ARST=\reset, D=$abc$151119$flatten\regfile.$procmux$1045_Y[0], Q=\regfile.register[16] [0]
Replacing singlecycle_datapath.$auto$ff.cc:337:slice$2995 ($_DFFE_PP0P_): ARST=\reset, D=$abc$151119$flatten\regfile.$procmux$1045_Y[1], Q=\regfile.register[16] [1]
Replacing singlecycle_datapath.$auto$ff.cc:337:slice$2996 ($_DFFE_PP0P_): ARST=\reset, D=$abc$151119$flatten\regfile.$procmux$1045_Y[2], Q=\regfile.register[16] [2]
Replacing singlecycle_datapath.$auto$ff.cc:337:slice$2997 ($_DFFE_PP0P_): ARST=\reset, D=$abc$151119$flatten\regfile.$procmux$1045_Y[3], Q=\regfile.register[16] [3]
Replacing singlecycle_datapath.$auto$ff.cc:337:slice$2998 ($_DFFE_PP0P_): ARST=\reset, D=$abc$151119$flatten\regfile.$procmux$1045_Y[4], Q=\regfile.register[16] [4]
Replacing singlecycle_datapath.$auto$ff.cc:337:slice$2999 ($_DFFE_PP0P_): ARST=\reset, D=$abc$151119$flatten\regfile.$procmux$1045_Y[5], Q=\regfile.register[16] [5]
Replacing singlecycle_datapath.$auto$ff.cc:337:slice$3000 ($_DFFE_PP0P_): ARST=\reset, D=$abc$151119$flatten\regfile.$procmux$1045_Y[6], Q=\regfile.register[16] [6]
Replacing singlecycle_datapath.$auto$ff.cc:337:slice$3001 ($_DFFE_PP0P_): ARST=\reset, D=$abc$151119$flatten\regfile.$procmux$1045_Y[7], Q=\regfile.register[16] [7]
Replacing singlecycle_datapath.$auto$ff.cc:337:slice$3002 ($_DFFE_PP0P_): ARST=\reset, D=$abc$151119$flatten\regfile.$procmux$1045_Y[8], Q=\regfile.register[16] [8]
Replacing singlecycle_datapath.$auto$ff.cc:337:slice$3003 ($_DFFE_PP0P_): ARST=\reset, D=$abc$151119$flatten\regfile.$procmux$1045_Y[9], Q=\regfile.register[16] [9]
Replacing singlecycle_datapath.$auto$ff.cc:337:slice$3004 ($_DFFE_PP0P_): ARST=\reset, D=$abc$151119$flatten\regfile.$procmux$1045_Y[10], Q=\regfile.register[16] [10]
Replacing singlecycle_datapath.$auto$ff.cc:337:slice$3005 ($_DFFE_PP0P_): ARST=\reset, D=$abc$151119$flatten\regfile.$procmux$1045_Y[11], Q=\regfile.register[16] [11]
Replacing singlecycle_datapath.$auto$ff.cc:337:slice$3006 ($_DFFE_PP0P_): ARST=\reset, D=$abc$151119$flatten\regfile.$procmux$1045_Y[12], Q=\regfile.register[16] [12]
Replacing singlecycle_datapath.$auto$ff.cc:337:slice$3007 ($_DFFE_PP0P_): ARST=\reset, D=$abc$151119$flatten\regfile.$procmux$1045_Y[13], Q=\regfile.register[16] [13]
Replacing singlecycle_datapath.$auto$ff.cc:337:slice$3008 ($_DFFE_PP0P_): ARST=\reset, D=$abc$151119$flatten\regfile.$procmux$1045_Y[14], Q=\regfile.register[16] [14]
Replacing singlecycle_datapath.$auto$ff.cc:337:slice$3009 ($_DFFE_PP0P_): ARST=\reset, D=$abc$151119$flatten\regfile.$procmux$1045_Y[15], Q=\regfile.register[16] [15]
Replacing singlecycle_datapath.$auto$ff.cc:337:slice$3010 ($_DFFE_PP0P_): ARST=\reset, D=$abc$151119$flatten\regfile.$procmux$1045_Y[16], Q=\regfile.register[16] [16]
Replacing singlecycle_datapath.$auto$ff.cc:337:slice$3011 ($_DFFE_PP0P_): ARST=\reset, D=$abc$151119$flatten\regfile.$procmux$1045_Y[17], Q=\regfile.register[16] [17]
Replacing singlecycle_datapath.$auto$ff.cc:337:slice$3012 ($_DFFE_PP0P_): ARST=\reset, D=$abc$151119$flatten\regfile.$procmux$1045_Y[18], Q=\regfile.register[16] [18]
Replacing singlecycle_datapath.$auto$ff.cc:337:slice$3013 ($_DFFE_PP0P_): ARST=\reset, D=$abc$151119$flatten\regfile.$procmux$1045_Y[19], Q=\regfile.register[16] [19]
Replacing singlecycle_datapath.$auto$ff.cc:337:slice$3014 ($_DFFE_PP0P_): ARST=\reset, D=$abc$151119$flatten\regfile.$procmux$1045_Y[20], Q=\regfile.register[16] [20]
Replacing singlecycle_datapath.$auto$ff.cc:337:slice$3015 ($_DFFE_PP0P_): ARST=\reset, D=$abc$151119$flatten\regfile.$procmux$1045_Y[21], Q=\regfile.register[16] [21]
Replacing singlecycle_datapath.$auto$ff.cc:337:slice$3016 ($_DFFE_PP0P_): ARST=\reset, D=$abc$151119$flatten\regfile.$procmux$1045_Y[22], Q=\regfile.register[16] [22]
Replacing singlecycle_datapath.$auto$ff.cc:337:slice$3017 ($_DFFE_PP0P_): ARST=\reset, D=$abc$151119$flatten\regfile.$procmux$1045_Y[23], Q=\regfile.register[16] [23]
Replacing singlecycle_datapath.$auto$ff.cc:337:slice$3018 ($_DFFE_PP0P_): ARST=\reset, D=$abc$151119$flatten\regfile.$procmux$1045_Y[24], Q=\regfile.register[16] [24]
Replacing singlecycle_datapath.$auto$ff.cc:337:slice$3019 ($_DFFE_PP0P_): ARST=\reset, D=$abc$151119$flatten\regfile.$procmux$1045_Y[25], Q=\regfile.register[16] [25]
Replacing singlecycle_datapath.$auto$ff.cc:337:slice$3020 ($_DFFE_PP0P_): ARST=\reset, D=$abc$151119$flatten\regfile.$procmux$1045_Y[26], Q=\regfile.register[16] [26]
Replacing singlecycle_datapath.$auto$ff.cc:337:slice$3021 ($_DFFE_PP0P_): ARST=\reset, D=$abc$151119$flatten\regfile.$procmux$1045_Y[27], Q=\regfile.register[16] [27]
Replacing singlecycle_datapath.$auto$ff.cc:337:slice$3022 ($_DFFE_PP0P_): ARST=\reset, D=$abc$151119$flatten\regfile.$procmux$1045_Y[28], Q=\regfile.register[16] [28]
Replacing singlecycle_datapath.$auto$ff.cc:337:slice$3023 ($_DFFE_PP0P_): ARST=\reset, D=$abc$151119$flatten\regfile.$procmux$1045_Y[29], Q=\regfile.register[16] [29]
Replacing singlecycle_datapath.$auto$ff.cc:337:slice$3024 ($_DFFE_PP0P_): ARST=\reset, D=$abc$151119$flatten\regfile.$procmux$1045_Y[30], Q=\regfile.register[16] [30]
Replacing singlecycle_datapath.$auto$ff.cc:337:slice$3025 ($_DFFE_PP0P_): ARST=\reset, D=$abc$151119$flatten\regfile.$procmux$1045_Y[31], Q=\regfile.register[16] [31]
Replacing singlecycle_datapath.$auto$ff.cc:337:slice$3028 ($_DFFE_PP0P_): ARST=\reset, D=$abc$151119$flatten\regfile.$procmux$1045_Y[0], Q=\regfile.register[17] [0]
Replacing singlecycle_datapath.$auto$ff.cc:337:slice$3029 ($_DFFE_PP0P_): ARST=\reset, D=$abc$151119$flatten\regfile.$procmux$1045_Y[1], Q=\regfile.register[17] [1]
Replacing singlecycle_datapath.$auto$ff.cc:337:slice$3030 ($_DFFE_PP0P_): ARST=\reset, D=$abc$151119$flatten\regfile.$procmux$1045_Y[2], Q=\regfile.register[17] [2]
Replacing singlecycle_datapath.$auto$ff.cc:337:slice$3031 ($_DFFE_PP0P_): ARST=\reset, D=$abc$151119$flatten\regfile.$procmux$1045_Y[3], Q=\regfile.register[17] [3]
Replacing singlecycle_datapath.$auto$ff.cc:337:slice$3032 ($_DFFE_PP0P_): ARST=\reset, D=$abc$151119$flatten\regfile.$procmux$1045_Y[4], Q=\regfile.register[17] [4]
Replacing singlecycle_datapath.$auto$ff.cc:337:slice$3033 ($_DFFE_PP0P_): ARST=\reset, D=$abc$151119$flatten\regfile.$procmux$1045_Y[5], Q=\regfile.register[17] [5]
Replacing singlecycle_datapath.$auto$ff.cc:337:slice$3034 ($_DFFE_PP0P_): ARST=\reset, D=$abc$151119$flatten\regfile.$procmux$1045_Y[6], Q=\regfile.register[17] [6]
Replacing singlecycle_datapath.$auto$ff.cc:337:slice$3035 ($_DFFE_PP0P_): ARST=\reset, D=$abc$151119$flatten\regfile.$procmux$1045_Y[7], Q=\regfile.register[17] [7]
Replacing singlecycle_datapath.$auto$ff.cc:337:slice$3036 ($_DFFE_PP0P_): ARST=\reset, D=$abc$151119$flatten\regfile.$procmux$1045_Y[8], Q=\regfile.register[17] [8]
Replacing singlecycle_datapath.$auto$ff.cc:337:slice$3037 ($_DFFE_PP0P_): ARST=\reset, D=$abc$151119$flatten\regfile.$procmux$1045_Y[9], Q=\regfile.register[17] [9]
Replacing singlecycle_datapath.$auto$ff.cc:337:slice$3038 ($_DFFE_PP0P_): ARST=\reset, D=$abc$151119$flatten\regfile.$procmux$1045_Y[10], Q=\regfile.register[17] [10]
Replacing singlecycle_datapath.$auto$ff.cc:337:slice$3039 ($_DFFE_PP0P_): ARST=\reset, D=$abc$151119$flatten\regfile.$procmux$1045_Y[11], Q=\regfile.register[17] [11]
Replacing singlecycle_datapath.$auto$ff.cc:337:slice$3040 ($_DFFE_PP0P_): ARST=\reset, D=$abc$151119$flatten\regfile.$procmux$1045_Y[12], Q=\regfile.register[17] [12]
Replacing singlecycle_datapath.$auto$ff.cc:337:slice$3041 ($_DFFE_PP0P_): ARST=\reset, D=$abc$151119$flatten\regfile.$procmux$1045_Y[13], Q=\regfile.register[17] [13]
Replacing singlecycle_datapath.$auto$ff.cc:337:slice$3042 ($_DFFE_PP0P_): ARST=\reset, D=$abc$151119$flatten\regfile.$procmux$1045_Y[14], Q=\regfile.register[17] [14]
Replacing singlecycle_datapath.$auto$ff.cc:337:slice$3043 ($_DFFE_PP0P_): ARST=\reset, D=$abc$151119$flatten\regfile.$procmux$1045_Y[15], Q=\regfile.register[17] [15]
Replacing singlecycle_datapath.$auto$ff.cc:337:slice$3044 ($_DFFE_PP0P_): ARST=\reset, D=$abc$151119$flatten\regfile.$procmux$1045_Y[16], Q=\regfile.register[17] [16]
Replacing singlecycle_datapath.$auto$ff.cc:337:slice$3045 ($_DFFE_PP0P_): ARST=\reset, D=$abc$151119$flatten\regfile.$procmux$1045_Y[17], Q=\regfile.register[17] [17]
Replacing singlecycle_datapath.$auto$ff.cc:337:slice$3046 ($_DFFE_PP0P_): ARST=\reset, D=$abc$151119$flatten\regfile.$procmux$1045_Y[18], Q=\regfile.register[17] [18]
Replacing singlecycle_datapath.$auto$ff.cc:337:slice$3047 ($_DFFE_PP0P_): ARST=\reset, D=$abc$151119$flatten\regfile.$procmux$1045_Y[19], Q=\regfile.register[17] [19]
Replacing singlecycle_datapath.$auto$ff.cc:337:slice$3048 ($_DFFE_PP0P_): ARST=\reset, D=$abc$151119$flatten\regfile.$procmux$1045_Y[20], Q=\regfile.register[17] [20]
Replacing singlecycle_datapath.$auto$ff.cc:337:slice$3049 ($_DFFE_PP0P_): ARST=\reset, D=$abc$151119$flatten\regfile.$procmux$1045_Y[21], Q=\regfile.register[17] [21]
Replacing singlecycle_datapath.$auto$ff.cc:337:slice$3050 ($_DFFE_PP0P_): ARST=\reset, D=$abc$151119$flatten\regfile.$procmux$1045_Y[22], Q=\regfile.register[17] [22]
Replacing singlecycle_datapath.$auto$ff.cc:337:slice$3051 ($_DFFE_PP0P_): ARST=\reset, D=$abc$151119$flatten\regfile.$procmux$1045_Y[23], Q=\regfile.register[17] [23]
Replacing singlecycle_datapath.$auto$ff.cc:337:slice$3052 ($_DFFE_PP0P_): ARST=\reset, D=$abc$151119$flatten\regfile.$procmux$1045_Y[24], Q=\regfile.register[17] [24]
Replacing singlecycle_datapath.$auto$ff.cc:337:slice$3053 ($_DFFE_PP0P_): ARST=\reset, D=$abc$151119$flatten\regfile.$procmux$1045_Y[25], Q=\regfile.register[17] [25]
Replacing singlecycle_datapath.$auto$ff.cc:337:slice$3054 ($_DFFE_PP0P_): ARST=\reset, D=$abc$151119$flatten\regfile.$procmux$1045_Y[26], Q=\regfile.register[17] [26]
Replacing singlecycle_datapath.$auto$ff.cc:337:slice$3055 ($_DFFE_PP0P_): ARST=\reset, D=$abc$151119$flatten\regfile.$procmux$1045_Y[27], Q=\regfile.register[17] [27]
Replacing singlecycle_datapath.$auto$ff.cc:337:slice$3056 ($_DFFE_PP0P_): ARST=\reset, D=$abc$151119$flatten\regfile.$procmux$1045_Y[28], Q=\regfile.register[17] [28]
Replacing singlecycle_datapath.$auto$ff.cc:337:slice$3057 ($_DFFE_PP0P_): ARST=\reset, D=$abc$151119$flatten\regfile.$procmux$1045_Y[29], Q=\regfile.register[17] [29]
Replacing singlecycle_datapath.$auto$ff.cc:337:slice$3058 ($_DFFE_PP0P_): ARST=\reset, D=$abc$151119$flatten\regfile.$procmux$1045_Y[30], Q=\regfile.register[17] [30]
Replacing singlecycle_datapath.$auto$ff.cc:337:slice$3059 ($_DFFE_PP0P_): ARST=\reset, D=$abc$151119$flatten\regfile.$procmux$1045_Y[31], Q=\regfile.register[17] [31]
Replacing singlecycle_datapath.$auto$ff.cc:337:slice$3062 ($_DFFE_PP0P_): ARST=\reset, D=$abc$151119$flatten\regfile.$procmux$1045_Y[0], Q=\regfile.register[18] [0]
Replacing singlecycle_datapath.$auto$ff.cc:337:slice$3063 ($_DFFE_PP0P_): ARST=\reset, D=$abc$151119$flatten\regfile.$procmux$1045_Y[1], Q=\regfile.register[18] [1]
Replacing singlecycle_datapath.$auto$ff.cc:337:slice$3064 ($_DFFE_PP0P_): ARST=\reset, D=$abc$151119$flatten\regfile.$procmux$1045_Y[2], Q=\regfile.register[18] [2]
Replacing singlecycle_datapath.$auto$ff.cc:337:slice$3065 ($_DFFE_PP0P_): ARST=\reset, D=$abc$151119$flatten\regfile.$procmux$1045_Y[3], Q=\regfile.register[18] [3]
Replacing singlecycle_datapath.$auto$ff.cc:337:slice$3066 ($_DFFE_PP0P_): ARST=\reset, D=$abc$151119$flatten\regfile.$procmux$1045_Y[4], Q=\regfile.register[18] [4]
Replacing singlecycle_datapath.$auto$ff.cc:337:slice$3067 ($_DFFE_PP0P_): ARST=\reset, D=$abc$151119$flatten\regfile.$procmux$1045_Y[5], Q=\regfile.register[18] [5]
Replacing singlecycle_datapath.$auto$ff.cc:337:slice$3068 ($_DFFE_PP0P_): ARST=\reset, D=$abc$151119$flatten\regfile.$procmux$1045_Y[6], Q=\regfile.register[18] [6]
Replacing singlecycle_datapath.$auto$ff.cc:337:slice$3069 ($_DFFE_PP0P_): ARST=\reset, D=$abc$151119$flatten\regfile.$procmux$1045_Y[7], Q=\regfile.register[18] [7]
Replacing singlecycle_datapath.$auto$ff.cc:337:slice$3070 ($_DFFE_PP0P_): ARST=\reset, D=$abc$151119$flatten\regfile.$procmux$1045_Y[8], Q=\regfile.register[18] [8]
Replacing singlecycle_datapath.$auto$ff.cc:337:slice$3071 ($_DFFE_PP0P_): ARST=\reset, D=$abc$151119$flatten\regfile.$procmux$1045_Y[9], Q=\regfile.register[18] [9]
Replacing singlecycle_datapath.$auto$ff.cc:337:slice$3072 ($_DFFE_PP0P_): ARST=\reset, D=$abc$151119$flatten\regfile.$procmux$1045_Y[10], Q=\regfile.register[18] [10]
Replacing singlecycle_datapath.$auto$ff.cc:337:slice$3073 ($_DFFE_PP0P_): ARST=\reset, D=$abc$151119$flatten\regfile.$procmux$1045_Y[11], Q=\regfile.register[18] [11]
Replacing singlecycle_datapath.$auto$ff.cc:337:slice$3074 ($_DFFE_PP0P_): ARST=\reset, D=$abc$151119$flatten\regfile.$procmux$1045_Y[12], Q=\regfile.register[18] [12]
Replacing singlecycle_datapath.$auto$ff.cc:337:slice$3075 ($_DFFE_PP0P_): ARST=\reset, D=$abc$151119$flatten\regfile.$procmux$1045_Y[13], Q=\regfile.register[18] [13]
Replacing singlecycle_datapath.$auto$ff.cc:337:slice$3076 ($_DFFE_PP0P_): ARST=\reset, D=$abc$151119$flatten\regfile.$procmux$1045_Y[14], Q=\regfile.register[18] [14]
Replacing singlecycle_datapath.$auto$ff.cc:337:slice$3077 ($_DFFE_PP0P_): ARST=\reset, D=$abc$151119$flatten\regfile.$procmux$1045_Y[15], Q=\regfile.register[18] [15]
Replacing singlecycle_datapath.$auto$ff.cc:337:slice$3078 ($_DFFE_PP0P_): ARST=\reset, D=$abc$151119$flatten\regfile.$procmux$1045_Y[16], Q=\regfile.register[18] [16]
Replacing singlecycle_datapath.$auto$ff.cc:337:slice$3079 ($_DFFE_PP0P_): ARST=\reset, D=$abc$151119$flatten\regfile.$procmux$1045_Y[17], Q=\regfile.register[18] [17]
Replacing singlecycle_datapath.$auto$ff.cc:337:slice$3080 ($_DFFE_PP0P_): ARST=\reset, D=$abc$151119$flatten\regfile.$procmux$1045_Y[18], Q=\regfile.register[18] [18]
Replacing singlecycle_datapath.$auto$ff.cc:337:slice$3081 ($_DFFE_PP0P_): ARST=\reset, D=$abc$151119$flatten\regfile.$procmux$1045_Y[19], Q=\regfile.register[18] [19]
Replacing singlecycle_datapath.$auto$ff.cc:337:slice$3082 ($_DFFE_PP0P_): ARST=\reset, D=$abc$151119$flatten\regfile.$procmux$1045_Y[20], Q=\regfile.register[18] [20]
Replacing singlecycle_datapath.$auto$ff.cc:337:slice$3083 ($_DFFE_PP0P_): ARST=\reset, D=$abc$151119$flatten\regfile.$procmux$1045_Y[21], Q=\regfile.register[18] [21]
Replacing singlecycle_datapath.$auto$ff.cc:337:slice$3084 ($_DFFE_PP0P_): ARST=\reset, D=$abc$151119$flatten\regfile.$procmux$1045_Y[22], Q=\regfile.register[18] [22]
Replacing singlecycle_datapath.$auto$ff.cc:337:slice$3085 ($_DFFE_PP0P_): ARST=\reset, D=$abc$151119$flatten\regfile.$procmux$1045_Y[23], Q=\regfile.register[18] [23]
Replacing singlecycle_datapath.$auto$ff.cc:337:slice$3086 ($_DFFE_PP0P_): ARST=\reset, D=$abc$151119$flatten\regfile.$procmux$1045_Y[24], Q=\regfile.register[18] [24]
Replacing singlecycle_datapath.$auto$ff.cc:337:slice$3087 ($_DFFE_PP0P_): ARST=\reset, D=$abc$151119$flatten\regfile.$procmux$1045_Y[25], Q=\regfile.register[18] [25]
Replacing singlecycle_datapath.$auto$ff.cc:337:slice$3088 ($_DFFE_PP0P_): ARST=\reset, D=$abc$151119$flatten\regfile.$procmux$1045_Y[26], Q=\regfile.register[18] [26]
Replacing singlecycle_datapath.$auto$ff.cc:337:slice$3089 ($_DFFE_PP0P_): ARST=\reset, D=$abc$151119$flatten\regfile.$procmux$1045_Y[27], Q=\regfile.register[18] [27]
Replacing singlecycle_datapath.$auto$ff.cc:337:slice$3090 ($_DFFE_PP0P_): ARST=\reset, D=$abc$151119$flatten\regfile.$procmux$1045_Y[28], Q=\regfile.register[18] [28]
Replacing singlecycle_datapath.$auto$ff.cc:337:slice$3091 ($_DFFE_PP0P_): ARST=\reset, D=$abc$151119$flatten\regfile.$procmux$1045_Y[29], Q=\regfile.register[18] [29]
Replacing singlecycle_datapath.$auto$ff.cc:337:slice$3092 ($_DFFE_PP0P_): ARST=\reset, D=$abc$151119$flatten\regfile.$procmux$1045_Y[30], Q=\regfile.register[18] [30]
Replacing singlecycle_datapath.$auto$ff.cc:337:slice$3093 ($_DFFE_PP0P_): ARST=\reset, D=$abc$151119$flatten\regfile.$procmux$1045_Y[31], Q=\regfile.register[18] [31]
Replacing singlecycle_datapath.$auto$ff.cc:337:slice$3096 ($_DFFE_PP0P_): ARST=\reset, D=$abc$151119$flatten\regfile.$procmux$1045_Y[0], Q=\regfile.register[19] [0]
Replacing singlecycle_datapath.$auto$ff.cc:337:slice$3097 ($_DFFE_PP0P_): ARST=\reset, D=$abc$151119$flatten\regfile.$procmux$1045_Y[1], Q=\regfile.register[19] [1]
Replacing singlecycle_datapath.$auto$ff.cc:337:slice$3098 ($_DFFE_PP0P_): ARST=\reset, D=$abc$151119$flatten\regfile.$procmux$1045_Y[2], Q=\regfile.register[19] [2]
Replacing singlecycle_datapath.$auto$ff.cc:337:slice$3099 ($_DFFE_PP0P_): ARST=\reset, D=$abc$151119$flatten\regfile.$procmux$1045_Y[3], Q=\regfile.register[19] [3]
Replacing singlecycle_datapath.$auto$ff.cc:337:slice$3100 ($_DFFE_PP0P_): ARST=\reset, D=$abc$151119$flatten\regfile.$procmux$1045_Y[4], Q=\regfile.register[19] [4]
Replacing singlecycle_datapath.$auto$ff.cc:337:slice$3101 ($_DFFE_PP0P_): ARST=\reset, D=$abc$151119$flatten\regfile.$procmux$1045_Y[5], Q=\regfile.register[19] [5]
Replacing singlecycle_datapath.$auto$ff.cc:337:slice$3102 ($_DFFE_PP0P_): ARST=\reset, D=$abc$151119$flatten\regfile.$procmux$1045_Y[6], Q=\regfile.register[19] [6]
Replacing singlecycle_datapath.$auto$ff.cc:337:slice$3103 ($_DFFE_PP0P_): ARST=\reset, D=$abc$151119$flatten\regfile.$procmux$1045_Y[7], Q=\regfile.register[19] [7]
Replacing singlecycle_datapath.$auto$ff.cc:337:slice$3104 ($_DFFE_PP0P_): ARST=\reset, D=$abc$151119$flatten\regfile.$procmux$1045_Y[8], Q=\regfile.register[19] [8]
Replacing singlecycle_datapath.$auto$ff.cc:337:slice$3105 ($_DFFE_PP0P_): ARST=\reset, D=$abc$151119$flatten\regfile.$procmux$1045_Y[9], Q=\regfile.register[19] [9]
Replacing singlecycle_datapath.$auto$ff.cc:337:slice$3106 ($_DFFE_PP0P_): ARST=\reset, D=$abc$151119$flatten\regfile.$procmux$1045_Y[10], Q=\regfile.register[19] [10]
Replacing singlecycle_datapath.$auto$ff.cc:337:slice$3107 ($_DFFE_PP0P_): ARST=\reset, D=$abc$151119$flatten\regfile.$procmux$1045_Y[11], Q=\regfile.register[19] [11]
Replacing singlecycle_datapath.$auto$ff.cc:337:slice$3108 ($_DFFE_PP0P_): ARST=\reset, D=$abc$151119$flatten\regfile.$procmux$1045_Y[12], Q=\regfile.register[19] [12]
Replacing singlecycle_datapath.$auto$ff.cc:337:slice$3109 ($_DFFE_PP0P_): ARST=\reset, D=$abc$151119$flatten\regfile.$procmux$1045_Y[13], Q=\regfile.register[19] [13]
Replacing singlecycle_datapath.$auto$ff.cc:337:slice$3110 ($_DFFE_PP0P_): ARST=\reset, D=$abc$151119$flatten\regfile.$procmux$1045_Y[14], Q=\regfile.register[19] [14]
Replacing singlecycle_datapath.$auto$ff.cc:337:slice$3111 ($_DFFE_PP0P_): ARST=\reset, D=$abc$151119$flatten\regfile.$procmux$1045_Y[15], Q=\regfile.register[19] [15]
Replacing singlecycle_datapath.$auto$ff.cc:337:slice$3112 ($_DFFE_PP0P_): ARST=\reset, D=$abc$151119$flatten\regfile.$procmux$1045_Y[16], Q=\regfile.register[19] [16]
Replacing singlecycle_datapath.$auto$ff.cc:337:slice$3113 ($_DFFE_PP0P_): ARST=\reset, D=$abc$151119$flatten\regfile.$procmux$1045_Y[17], Q=\regfile.register[19] [17]
Replacing singlecycle_datapath.$auto$ff.cc:337:slice$3114 ($_DFFE_PP0P_): ARST=\reset, D=$abc$151119$flatten\regfile.$procmux$1045_Y[18], Q=\regfile.register[19] [18]
Replacing singlecycle_datapath.$auto$ff.cc:337:slice$3115 ($_DFFE_PP0P_): ARST=\reset, D=$abc$151119$flatten\regfile.$procmux$1045_Y[19], Q=\regfile.register[19] [19]
Replacing singlecycle_datapath.$auto$ff.cc:337:slice$3116 ($_DFFE_PP0P_): ARST=\reset, D=$abc$151119$flatten\regfile.$procmux$1045_Y[20], Q=\regfile.register[19] [20]
Replacing singlecycle_datapath.$auto$ff.cc:337:slice$3117 ($_DFFE_PP0P_): ARST=\reset, D=$abc$151119$flatten\regfile.$procmux$1045_Y[21], Q=\regfile.register[19] [21]
Replacing singlecycle_datapath.$auto$ff.cc:337:slice$3118 ($_DFFE_PP0P_): ARST=\reset, D=$abc$151119$flatten\regfile.$procmux$1045_Y[22], Q=\regfile.register[19] [22]
Replacing singlecycle_datapath.$auto$ff.cc:337:slice$3119 ($_DFFE_PP0P_): ARST=\reset, D=$abc$151119$flatten\regfile.$procmux$1045_Y[23], Q=\regfile.register[19] [23]
Replacing singlecycle_datapath.$auto$ff.cc:337:slice$3120 ($_DFFE_PP0P_): ARST=\reset, D=$abc$151119$flatten\regfile.$procmux$1045_Y[24], Q=\regfile.register[19] [24]
Replacing singlecycle_datapath.$auto$ff.cc:337:slice$3121 ($_DFFE_PP0P_): ARST=\reset, D=$abc$151119$flatten\regfile.$procmux$1045_Y[25], Q=\regfile.register[19] [25]
Replacing singlecycle_datapath.$auto$ff.cc:337:slice$3122 ($_DFFE_PP0P_): ARST=\reset, D=$abc$151119$flatten\regfile.$procmux$1045_Y[26], Q=\regfile.register[19] [26]
Replacing singlecycle_datapath.$auto$ff.cc:337:slice$3123 ($_DFFE_PP0P_): ARST=\reset, D=$abc$151119$flatten\regfile.$procmux$1045_Y[27], Q=\regfile.register[19] [27]
Replacing singlecycle_datapath.$auto$ff.cc:337:slice$3124 ($_DFFE_PP0P_): ARST=\reset, D=$abc$151119$flatten\regfile.$procmux$1045_Y[28], Q=\regfile.register[19] [28]
Replacing singlecycle_datapath.$auto$ff.cc:337:slice$3125 ($_DFFE_PP0P_): ARST=\reset, D=$abc$151119$flatten\regfile.$procmux$1045_Y[29], Q=\regfile.register[19] [29]
Replacing singlecycle_datapath.$auto$ff.cc:337:slice$3126 ($_DFFE_PP0P_): ARST=\reset, D=$abc$151119$flatten\regfile.$procmux$1045_Y[30], Q=\regfile.register[19] [30]
Replacing singlecycle_datapath.$auto$ff.cc:337:slice$3127 ($_DFFE_PP0P_): ARST=\reset, D=$abc$151119$flatten\regfile.$procmux$1045_Y[31], Q=\regfile.register[19] [31]
Replacing singlecycle_datapath.$auto$ff.cc:337:slice$3130 ($_DFFE_PP0P_): ARST=\reset, D=$abc$151119$flatten\regfile.$procmux$1045_Y[0], Q=\regfile.register[20] [0]
Replacing singlecycle_datapath.$auto$ff.cc:337:slice$3131 ($_DFFE_PP0P_): ARST=\reset, D=$abc$151119$flatten\regfile.$procmux$1045_Y[1], Q=\regfile.register[20] [1]
Replacing singlecycle_datapath.$auto$ff.cc:337:slice$3132 ($_DFFE_PP0P_): ARST=\reset, D=$abc$151119$flatten\regfile.$procmux$1045_Y[2], Q=\regfile.register[20] [2]
Replacing singlecycle_datapath.$auto$ff.cc:337:slice$3133 ($_DFFE_PP0P_): ARST=\reset, D=$abc$151119$flatten\regfile.$procmux$1045_Y[3], Q=\regfile.register[20] [3]
Replacing singlecycle_datapath.$auto$ff.cc:337:slice$3134 ($_DFFE_PP0P_): ARST=\reset, D=$abc$151119$flatten\regfile.$procmux$1045_Y[4], Q=\regfile.register[20] [4]
Replacing singlecycle_datapath.$auto$ff.cc:337:slice$3135 ($_DFFE_PP0P_): ARST=\reset, D=$abc$151119$flatten\regfile.$procmux$1045_Y[5], Q=\regfile.register[20] [5]
Replacing singlecycle_datapath.$auto$ff.cc:337:slice$3136 ($_DFFE_PP0P_): ARST=\reset, D=$abc$151119$flatten\regfile.$procmux$1045_Y[6], Q=\regfile.register[20] [6]
Replacing singlecycle_datapath.$auto$ff.cc:337:slice$3137 ($_DFFE_PP0P_): ARST=\reset, D=$abc$151119$flatten\regfile.$procmux$1045_Y[7], Q=\regfile.register[20] [7]
Replacing singlecycle_datapath.$auto$ff.cc:337:slice$3138 ($_DFFE_PP0P_): ARST=\reset, D=$abc$151119$flatten\regfile.$procmux$1045_Y[8], Q=\regfile.register[20] [8]
Replacing singlecycle_datapath.$auto$ff.cc:337:slice$3139 ($_DFFE_PP0P_): ARST=\reset, D=$abc$151119$flatten\regfile.$procmux$1045_Y[9], Q=\regfile.register[20] [9]
Replacing singlecycle_datapath.$auto$ff.cc:337:slice$3140 ($_DFFE_PP0P_): ARST=\reset, D=$abc$151119$flatten\regfile.$procmux$1045_Y[10], Q=\regfile.register[20] [10]
Replacing singlecycle_datapath.$auto$ff.cc:337:slice$3141 ($_DFFE_PP0P_): ARST=\reset, D=$abc$151119$flatten\regfile.$procmux$1045_Y[11], Q=\regfile.register[20] [11]
Replacing singlecycle_datapath.$auto$ff.cc:337:slice$3142 ($_DFFE_PP0P_): ARST=\reset, D=$abc$151119$flatten\regfile.$procmux$1045_Y[12], Q=\regfile.register[20] [12]
Replacing singlecycle_datapath.$auto$ff.cc:337:slice$3143 ($_DFFE_PP0P_): ARST=\reset, D=$abc$151119$flatten\regfile.$procmux$1045_Y[13], Q=\regfile.register[20] [13]
Replacing singlecycle_datapath.$auto$ff.cc:337:slice$3144 ($_DFFE_PP0P_): ARST=\reset, D=$abc$151119$flatten\regfile.$procmux$1045_Y[14], Q=\regfile.register[20] [14]
Replacing singlecycle_datapath.$auto$ff.cc:337:slice$3145 ($_DFFE_PP0P_): ARST=\reset, D=$abc$151119$flatten\regfile.$procmux$1045_Y[15], Q=\regfile.register[20] [15]
Replacing singlecycle_datapath.$auto$ff.cc:337:slice$3146 ($_DFFE_PP0P_): ARST=\reset, D=$abc$151119$flatten\regfile.$procmux$1045_Y[16], Q=\regfile.register[20] [16]
Replacing singlecycle_datapath.$auto$ff.cc:337:slice$3147 ($_DFFE_PP0P_): ARST=\reset, D=$abc$151119$flatten\regfile.$procmux$1045_Y[17], Q=\regfile.register[20] [17]
Replacing singlecycle_datapath.$auto$ff.cc:337:slice$3148 ($_DFFE_PP0P_): ARST=\reset, D=$abc$151119$flatten\regfile.$procmux$1045_Y[18], Q=\regfile.register[20] [18]
Replacing singlecycle_datapath.$auto$ff.cc:337:slice$3149 ($_DFFE_PP0P_): ARST=\reset, D=$abc$151119$flatten\regfile.$procmux$1045_Y[19], Q=\regfile.register[20] [19]
Replacing singlecycle_datapath.$auto$ff.cc:337:slice$3150 ($_DFFE_PP0P_): ARST=\reset, D=$abc$151119$flatten\regfile.$procmux$1045_Y[20], Q=\regfile.register[20] [20]
Replacing singlecycle_datapath.$auto$ff.cc:337:slice$3151 ($_DFFE_PP0P_): ARST=\reset, D=$abc$151119$flatten\regfile.$procmux$1045_Y[21], Q=\regfile.register[20] [21]
Replacing singlecycle_datapath.$auto$ff.cc:337:slice$3152 ($_DFFE_PP0P_): ARST=\reset, D=$abc$151119$flatten\regfile.$procmux$1045_Y[22], Q=\regfile.register[20] [22]
Replacing singlecycle_datapath.$auto$ff.cc:337:slice$3153 ($_DFFE_PP0P_): ARST=\reset, D=$abc$151119$flatten\regfile.$procmux$1045_Y[23], Q=\regfile.register[20] [23]
Replacing singlecycle_datapath.$auto$ff.cc:337:slice$3154 ($_DFFE_PP0P_): ARST=\reset, D=$abc$151119$flatten\regfile.$procmux$1045_Y[24], Q=\regfile.register[20] [24]
Replacing singlecycle_datapath.$auto$ff.cc:337:slice$3155 ($_DFFE_PP0P_): ARST=\reset, D=$abc$151119$flatten\regfile.$procmux$1045_Y[25], Q=\regfile.register[20] [25]
Replacing singlecycle_datapath.$auto$ff.cc:337:slice$3156 ($_DFFE_PP0P_): ARST=\reset, D=$abc$151119$flatten\regfile.$procmux$1045_Y[26], Q=\regfile.register[20] [26]
Replacing singlecycle_datapath.$auto$ff.cc:337:slice$3157 ($_DFFE_PP0P_): ARST=\reset, D=$abc$151119$flatten\regfile.$procmux$1045_Y[27], Q=\regfile.register[20] [27]
Replacing singlecycle_datapath.$auto$ff.cc:337:slice$3158 ($_DFFE_PP0P_): ARST=\reset, D=$abc$151119$flatten\regfile.$procmux$1045_Y[28], Q=\regfile.register[20] [28]
Replacing singlecycle_datapath.$auto$ff.cc:337:slice$3159 ($_DFFE_PP0P_): ARST=\reset, D=$abc$151119$flatten\regfile.$procmux$1045_Y[29], Q=\regfile.register[20] [29]
Replacing singlecycle_datapath.$auto$ff.cc:337:slice$3160 ($_DFFE_PP0P_): ARST=\reset, D=$abc$151119$flatten\regfile.$procmux$1045_Y[30], Q=\regfile.register[20] [30]
Replacing singlecycle_datapath.$auto$ff.cc:337:slice$3161 ($_DFFE_PP0P_): ARST=\reset, D=$abc$151119$flatten\regfile.$procmux$1045_Y[31], Q=\regfile.register[20] [31]
Replacing singlecycle_datapath.$auto$ff.cc:337:slice$3164 ($_DFFE_PP0P_): ARST=\reset, D=$abc$151119$flatten\regfile.$procmux$1045_Y[0], Q=\regfile.register[21] [0]
Replacing singlecycle_datapath.$auto$ff.cc:337:slice$3165 ($_DFFE_PP0P_): ARST=\reset, D=$abc$151119$flatten\regfile.$procmux$1045_Y[1], Q=\regfile.register[21] [1]
Replacing singlecycle_datapath.$auto$ff.cc:337:slice$3166 ($_DFFE_PP0P_): ARST=\reset, D=$abc$151119$flatten\regfile.$procmux$1045_Y[2], Q=\regfile.register[21] [2]
Replacing singlecycle_datapath.$auto$ff.cc:337:slice$3167 ($_DFFE_PP0P_): ARST=\reset, D=$abc$151119$flatten\regfile.$procmux$1045_Y[3], Q=\regfile.register[21] [3]
Replacing singlecycle_datapath.$auto$ff.cc:337:slice$3168 ($_DFFE_PP0P_): ARST=\reset, D=$abc$151119$flatten\regfile.$procmux$1045_Y[4], Q=\regfile.register[21] [4]
Replacing singlecycle_datapath.$auto$ff.cc:337:slice$3169 ($_DFFE_PP0P_): ARST=\reset, D=$abc$151119$flatten\regfile.$procmux$1045_Y[5], Q=\regfile.register[21] [5]
Replacing singlecycle_datapath.$auto$ff.cc:337:slice$3170 ($_DFFE_PP0P_): ARST=\reset, D=$abc$151119$flatten\regfile.$procmux$1045_Y[6], Q=\regfile.register[21] [6]
Replacing singlecycle_datapath.$auto$ff.cc:337:slice$3171 ($_DFFE_PP0P_): ARST=\reset, D=$abc$151119$flatten\regfile.$procmux$1045_Y[7], Q=\regfile.register[21] [7]
Replacing singlecycle_datapath.$auto$ff.cc:337:slice$3172 ($_DFFE_PP0P_): ARST=\reset, D=$abc$151119$flatten\regfile.$procmux$1045_Y[8], Q=\regfile.register[21] [8]
Replacing singlecycle_datapath.$auto$ff.cc:337:slice$3173 ($_DFFE_PP0P_): ARST=\reset, D=$abc$151119$flatten\regfile.$procmux$1045_Y[9], Q=\regfile.register[21] [9]
Replacing singlecycle_datapath.$auto$ff.cc:337:slice$3174 ($_DFFE_PP0P_): ARST=\reset, D=$abc$151119$flatten\regfile.$procmux$1045_Y[10], Q=\regfile.register[21] [10]
Replacing singlecycle_datapath.$auto$ff.cc:337:slice$3175 ($_DFFE_PP0P_): ARST=\reset, D=$abc$151119$flatten\regfile.$procmux$1045_Y[11], Q=\regfile.register[21] [11]
Replacing singlecycle_datapath.$auto$ff.cc:337:slice$3176 ($_DFFE_PP0P_): ARST=\reset, D=$abc$151119$flatten\regfile.$procmux$1045_Y[12], Q=\regfile.register[21] [12]
Replacing singlecycle_datapath.$auto$ff.cc:337:slice$3177 ($_DFFE_PP0P_): ARST=\reset, D=$abc$151119$flatten\regfile.$procmux$1045_Y[13], Q=\regfile.register[21] [13]
Replacing singlecycle_datapath.$auto$ff.cc:337:slice$3178 ($_DFFE_PP0P_): ARST=\reset, D=$abc$151119$flatten\regfile.$procmux$1045_Y[14], Q=\regfile.register[21] [14]
Replacing singlecycle_datapath.$auto$ff.cc:337:slice$3179 ($_DFFE_PP0P_): ARST=\reset, D=$abc$151119$flatten\regfile.$procmux$1045_Y[15], Q=\regfile.register[21] [15]
Replacing singlecycle_datapath.$auto$ff.cc:337:slice$3180 ($_DFFE_PP0P_): ARST=\reset, D=$abc$151119$flatten\regfile.$procmux$1045_Y[16], Q=\regfile.register[21] [16]
Replacing singlecycle_datapath.$auto$ff.cc:337:slice$3181 ($_DFFE_PP0P_): ARST=\reset, D=$abc$151119$flatten\regfile.$procmux$1045_Y[17], Q=\regfile.register[21] [17]
Replacing singlecycle_datapath.$auto$ff.cc:337:slice$3182 ($_DFFE_PP0P_): ARST=\reset, D=$abc$151119$flatten\regfile.$procmux$1045_Y[18], Q=\regfile.register[21] [18]
Replacing singlecycle_datapath.$auto$ff.cc:337:slice$3183 ($_DFFE_PP0P_): ARST=\reset, D=$abc$151119$flatten\regfile.$procmux$1045_Y[19], Q=\regfile.register[21] [19]
Replacing singlecycle_datapath.$auto$ff.cc:337:slice$3184 ($_DFFE_PP0P_): ARST=\reset, D=$abc$151119$flatten\regfile.$procmux$1045_Y[20], Q=\regfile.register[21] [20]
Replacing singlecycle_datapath.$auto$ff.cc:337:slice$3185 ($_DFFE_PP0P_): ARST=\reset, D=$abc$151119$flatten\regfile.$procmux$1045_Y[21], Q=\regfile.register[21] [21]
Replacing singlecycle_datapath.$auto$ff.cc:337:slice$3186 ($_DFFE_PP0P_): ARST=\reset, D=$abc$151119$flatten\regfile.$procmux$1045_Y[22], Q=\regfile.register[21] [22]
Replacing singlecycle_datapath.$auto$ff.cc:337:slice$3187 ($_DFFE_PP0P_): ARST=\reset, D=$abc$151119$flatten\regfile.$procmux$1045_Y[23], Q=\regfile.register[21] [23]
Replacing singlecycle_datapath.$auto$ff.cc:337:slice$3188 ($_DFFE_PP0P_): ARST=\reset, D=$abc$151119$flatten\regfile.$procmux$1045_Y[24], Q=\regfile.register[21] [24]
Replacing singlecycle_datapath.$auto$ff.cc:337:slice$3189 ($_DFFE_PP0P_): ARST=\reset, D=$abc$151119$flatten\regfile.$procmux$1045_Y[25], Q=\regfile.register[21] [25]
Replacing singlecycle_datapath.$auto$ff.cc:337:slice$3190 ($_DFFE_PP0P_): ARST=\reset, D=$abc$151119$flatten\regfile.$procmux$1045_Y[26], Q=\regfile.register[21] [26]
Replacing singlecycle_datapath.$auto$ff.cc:337:slice$3191 ($_DFFE_PP0P_): ARST=\reset, D=$abc$151119$flatten\regfile.$procmux$1045_Y[27], Q=\regfile.register[21] [27]
Replacing singlecycle_datapath.$auto$ff.cc:337:slice$3192 ($_DFFE_PP0P_): ARST=\reset, D=$abc$151119$flatten\regfile.$procmux$1045_Y[28], Q=\regfile.register[21] [28]
Replacing singlecycle_datapath.$auto$ff.cc:337:slice$3193 ($_DFFE_PP0P_): ARST=\reset, D=$abc$151119$flatten\regfile.$procmux$1045_Y[29], Q=\regfile.register[21] [29]
Replacing singlecycle_datapath.$auto$ff.cc:337:slice$3194 ($_DFFE_PP0P_): ARST=\reset, D=$abc$151119$flatten\regfile.$procmux$1045_Y[30], Q=\regfile.register[21] [30]
Replacing singlecycle_datapath.$auto$ff.cc:337:slice$3195 ($_DFFE_PP0P_): ARST=\reset, D=$abc$151119$flatten\regfile.$procmux$1045_Y[31], Q=\regfile.register[21] [31]
Replacing singlecycle_datapath.$auto$ff.cc:337:slice$3198 ($_DFFE_PP0P_): ARST=\reset, D=$abc$151119$flatten\regfile.$procmux$1045_Y[0], Q=\regfile.register[22] [0]
Replacing singlecycle_datapath.$auto$ff.cc:337:slice$3199 ($_DFFE_PP0P_): ARST=\reset, D=$abc$151119$flatten\regfile.$procmux$1045_Y[1], Q=\regfile.register[22] [1]
Replacing singlecycle_datapath.$auto$ff.cc:337:slice$3200 ($_DFFE_PP0P_): ARST=\reset, D=$abc$151119$flatten\regfile.$procmux$1045_Y[2], Q=\regfile.register[22] [2]
Replacing singlecycle_datapath.$auto$ff.cc:337:slice$3201 ($_DFFE_PP0P_): ARST=\reset, D=$abc$151119$flatten\regfile.$procmux$1045_Y[3], Q=\regfile.register[22] [3]
Replacing singlecycle_datapath.$auto$ff.cc:337:slice$3202 ($_DFFE_PP0P_): ARST=\reset, D=$abc$151119$flatten\regfile.$procmux$1045_Y[4], Q=\regfile.register[22] [4]
Replacing singlecycle_datapath.$auto$ff.cc:337:slice$3203 ($_DFFE_PP0P_): ARST=\reset, D=$abc$151119$flatten\regfile.$procmux$1045_Y[5], Q=\regfile.register[22] [5]
Replacing singlecycle_datapath.$auto$ff.cc:337:slice$3204 ($_DFFE_PP0P_): ARST=\reset, D=$abc$151119$flatten\regfile.$procmux$1045_Y[6], Q=\regfile.register[22] [6]
Replacing singlecycle_datapath.$auto$ff.cc:337:slice$3205 ($_DFFE_PP0P_): ARST=\reset, D=$abc$151119$flatten\regfile.$procmux$1045_Y[7], Q=\regfile.register[22] [7]
Replacing singlecycle_datapath.$auto$ff.cc:337:slice$3206 ($_DFFE_PP0P_): ARST=\reset, D=$abc$151119$flatten\regfile.$procmux$1045_Y[8], Q=\regfile.register[22] [8]
Replacing singlecycle_datapath.$auto$ff.cc:337:slice$3207 ($_DFFE_PP0P_): ARST=\reset, D=$abc$151119$flatten\regfile.$procmux$1045_Y[9], Q=\regfile.register[22] [9]
Replacing singlecycle_datapath.$auto$ff.cc:337:slice$3208 ($_DFFE_PP0P_): ARST=\reset, D=$abc$151119$flatten\regfile.$procmux$1045_Y[10], Q=\regfile.register[22] [10]
Replacing singlecycle_datapath.$auto$ff.cc:337:slice$3209 ($_DFFE_PP0P_): ARST=\reset, D=$abc$151119$flatten\regfile.$procmux$1045_Y[11], Q=\regfile.register[22] [11]
Replacing singlecycle_datapath.$auto$ff.cc:337:slice$3210 ($_DFFE_PP0P_): ARST=\reset, D=$abc$151119$flatten\regfile.$procmux$1045_Y[12], Q=\regfile.register[22] [12]
Replacing singlecycle_datapath.$auto$ff.cc:337:slice$3211 ($_DFFE_PP0P_): ARST=\reset, D=$abc$151119$flatten\regfile.$procmux$1045_Y[13], Q=\regfile.register[22] [13]
Replacing singlecycle_datapath.$auto$ff.cc:337:slice$3212 ($_DFFE_PP0P_): ARST=\reset, D=$abc$151119$flatten\regfile.$procmux$1045_Y[14], Q=\regfile.register[22] [14]
Replacing singlecycle_datapath.$auto$ff.cc:337:slice$3213 ($_DFFE_PP0P_): ARST=\reset, D=$abc$151119$flatten\regfile.$procmux$1045_Y[15], Q=\regfile.register[22] [15]
Replacing singlecycle_datapath.$auto$ff.cc:337:slice$3214 ($_DFFE_PP0P_): ARST=\reset, D=$abc$151119$flatten\regfile.$procmux$1045_Y[16], Q=\regfile.register[22] [16]
Replacing singlecycle_datapath.$auto$ff.cc:337:slice$3215 ($_DFFE_PP0P_): ARST=\reset, D=$abc$151119$flatten\regfile.$procmux$1045_Y[17], Q=\regfile.register[22] [17]
Replacing singlecycle_datapath.$auto$ff.cc:337:slice$3216 ($_DFFE_PP0P_): ARST=\reset, D=$abc$151119$flatten\regfile.$procmux$1045_Y[18], Q=\regfile.register[22] [18]
Replacing singlecycle_datapath.$auto$ff.cc:337:slice$3217 ($_DFFE_PP0P_): ARST=\reset, D=$abc$151119$flatten\regfile.$procmux$1045_Y[19], Q=\regfile.register[22] [19]
Replacing singlecycle_datapath.$auto$ff.cc:337:slice$3218 ($_DFFE_PP0P_): ARST=\reset, D=$abc$151119$flatten\regfile.$procmux$1045_Y[20], Q=\regfile.register[22] [20]
Replacing singlecycle_datapath.$auto$ff.cc:337:slice$3219 ($_DFFE_PP0P_): ARST=\reset, D=$abc$151119$flatten\regfile.$procmux$1045_Y[21], Q=\regfile.register[22] [21]
Replacing singlecycle_datapath.$auto$ff.cc:337:slice$3220 ($_DFFE_PP0P_): ARST=\reset, D=$abc$151119$flatten\regfile.$procmux$1045_Y[22], Q=\regfile.register[22] [22]
Replacing singlecycle_datapath.$auto$ff.cc:337:slice$3221 ($_DFFE_PP0P_): ARST=\reset, D=$abc$151119$flatten\regfile.$procmux$1045_Y[23], Q=\regfile.register[22] [23]
Replacing singlecycle_datapath.$auto$ff.cc:337:slice$3222 ($_DFFE_PP0P_): ARST=\reset, D=$abc$151119$flatten\regfile.$procmux$1045_Y[24], Q=\regfile.register[22] [24]
Replacing singlecycle_datapath.$auto$ff.cc:337:slice$3223 ($_DFFE_PP0P_): ARST=\reset, D=$abc$151119$flatten\regfile.$procmux$1045_Y[25], Q=\regfile.register[22] [25]
Replacing singlecycle_datapath.$auto$ff.cc:337:slice$3224 ($_DFFE_PP0P_): ARST=\reset, D=$abc$151119$flatten\regfile.$procmux$1045_Y[26], Q=\regfile.register[22] [26]
Replacing singlecycle_datapath.$auto$ff.cc:337:slice$3225 ($_DFFE_PP0P_): ARST=\reset, D=$abc$151119$flatten\regfile.$procmux$1045_Y[27], Q=\regfile.register[22] [27]
Replacing singlecycle_datapath.$auto$ff.cc:337:slice$3226 ($_DFFE_PP0P_): ARST=\reset, D=$abc$151119$flatten\regfile.$procmux$1045_Y[28], Q=\regfile.register[22] [28]
Replacing singlecycle_datapath.$auto$ff.cc:337:slice$3227 ($_DFFE_PP0P_): ARST=\reset, D=$abc$151119$flatten\regfile.$procmux$1045_Y[29], Q=\regfile.register[22] [29]
Replacing singlecycle_datapath.$auto$ff.cc:337:slice$3228 ($_DFFE_PP0P_): ARST=\reset, D=$abc$151119$flatten\regfile.$procmux$1045_Y[30], Q=\regfile.register[22] [30]
Replacing singlecycle_datapath.$auto$ff.cc:337:slice$3229 ($_DFFE_PP0P_): ARST=\reset, D=$abc$151119$flatten\regfile.$procmux$1045_Y[31], Q=\regfile.register[22] [31]
Replacing singlecycle_datapath.$auto$ff.cc:337:slice$3232 ($_DFFE_PP0P_): ARST=\reset, D=$abc$151119$flatten\regfile.$procmux$1045_Y[0], Q=\regfile.register[23] [0]
Replacing singlecycle_datapath.$auto$ff.cc:337:slice$3233 ($_DFFE_PP0P_): ARST=\reset, D=$abc$151119$flatten\regfile.$procmux$1045_Y[1], Q=\regfile.register[23] [1]
Replacing singlecycle_datapath.$auto$ff.cc:337:slice$3234 ($_DFFE_PP0P_): ARST=\reset, D=$abc$151119$flatten\regfile.$procmux$1045_Y[2], Q=\regfile.register[23] [2]
Replacing singlecycle_datapath.$auto$ff.cc:337:slice$3235 ($_DFFE_PP0P_): ARST=\reset, D=$abc$151119$flatten\regfile.$procmux$1045_Y[3], Q=\regfile.register[23] [3]
Replacing singlecycle_datapath.$auto$ff.cc:337:slice$3236 ($_DFFE_PP0P_): ARST=\reset, D=$abc$151119$flatten\regfile.$procmux$1045_Y[4], Q=\regfile.register[23] [4]
Replacing singlecycle_datapath.$auto$ff.cc:337:slice$3237 ($_DFFE_PP0P_): ARST=\reset, D=$abc$151119$flatten\regfile.$procmux$1045_Y[5], Q=\regfile.register[23] [5]
Replacing singlecycle_datapath.$auto$ff.cc:337:slice$3238 ($_DFFE_PP0P_): ARST=\reset, D=$abc$151119$flatten\regfile.$procmux$1045_Y[6], Q=\regfile.register[23] [6]
Replacing singlecycle_datapath.$auto$ff.cc:337:slice$3239 ($_DFFE_PP0P_): ARST=\reset, D=$abc$151119$flatten\regfile.$procmux$1045_Y[7], Q=\regfile.register[23] [7]
Replacing singlecycle_datapath.$auto$ff.cc:337:slice$3240 ($_DFFE_PP0P_): ARST=\reset, D=$abc$151119$flatten\regfile.$procmux$1045_Y[8], Q=\regfile.register[23] [8]
Replacing singlecycle_datapath.$auto$ff.cc:337:slice$3241 ($_DFFE_PP0P_): ARST=\reset, D=$abc$151119$flatten\regfile.$procmux$1045_Y[9], Q=\regfile.register[23] [9]
Replacing singlecycle_datapath.$auto$ff.cc:337:slice$3242 ($_DFFE_PP0P_): ARST=\reset, D=$abc$151119$flatten\regfile.$procmux$1045_Y[10], Q=\regfile.register[23] [10]
Replacing singlecycle_datapath.$auto$ff.cc:337:slice$3243 ($_DFFE_PP0P_): ARST=\reset, D=$abc$151119$flatten\regfile.$procmux$1045_Y[11], Q=\regfile.register[23] [11]
Replacing singlecycle_datapath.$auto$ff.cc:337:slice$3244 ($_DFFE_PP0P_): ARST=\reset, D=$abc$151119$flatten\regfile.$procmux$1045_Y[12], Q=\regfile.register[23] [12]
Replacing singlecycle_datapath.$auto$ff.cc:337:slice$3245 ($_DFFE_PP0P_): ARST=\reset, D=$abc$151119$flatten\regfile.$procmux$1045_Y[13], Q=\regfile.register[23] [13]
Replacing singlecycle_datapath.$auto$ff.cc:337:slice$3246 ($_DFFE_PP0P_): ARST=\reset, D=$abc$151119$flatten\regfile.$procmux$1045_Y[14], Q=\regfile.register[23] [14]
Replacing singlecycle_datapath.$auto$ff.cc:337:slice$3247 ($_DFFE_PP0P_): ARST=\reset, D=$abc$151119$flatten\regfile.$procmux$1045_Y[15], Q=\regfile.register[23] [15]
Replacing singlecycle_datapath.$auto$ff.cc:337:slice$3248 ($_DFFE_PP0P_): ARST=\reset, D=$abc$151119$flatten\regfile.$procmux$1045_Y[16], Q=\regfile.register[23] [16]
Replacing singlecycle_datapath.$auto$ff.cc:337:slice$3249 ($_DFFE_PP0P_): ARST=\reset, D=$abc$151119$flatten\regfile.$procmux$1045_Y[17], Q=\regfile.register[23] [17]
Replacing singlecycle_datapath.$auto$ff.cc:337:slice$3250 ($_DFFE_PP0P_): ARST=\reset, D=$abc$151119$flatten\regfile.$procmux$1045_Y[18], Q=\regfile.register[23] [18]
Replacing singlecycle_datapath.$auto$ff.cc:337:slice$3251 ($_DFFE_PP0P_): ARST=\reset, D=$abc$151119$flatten\regfile.$procmux$1045_Y[19], Q=\regfile.register[23] [19]
Replacing singlecycle_datapath.$auto$ff.cc:337:slice$3252 ($_DFFE_PP0P_): ARST=\reset, D=$abc$151119$flatten\regfile.$procmux$1045_Y[20], Q=\regfile.register[23] [20]
Replacing singlecycle_datapath.$auto$ff.cc:337:slice$3253 ($_DFFE_PP0P_): ARST=\reset, D=$abc$151119$flatten\regfile.$procmux$1045_Y[21], Q=\regfile.register[23] [21]
Replacing singlecycle_datapath.$auto$ff.cc:337:slice$3254 ($_DFFE_PP0P_): ARST=\reset, D=$abc$151119$flatten\regfile.$procmux$1045_Y[22], Q=\regfile.register[23] [22]
Replacing singlecycle_datapath.$auto$ff.cc:337:slice$3255 ($_DFFE_PP0P_): ARST=\reset, D=$abc$151119$flatten\regfile.$procmux$1045_Y[23], Q=\regfile.register[23] [23]
Replacing singlecycle_datapath.$auto$ff.cc:337:slice$3256 ($_DFFE_PP0P_): ARST=\reset, D=$abc$151119$flatten\regfile.$procmux$1045_Y[24], Q=\regfile.register[23] [24]
Replacing singlecycle_datapath.$auto$ff.cc:337:slice$3257 ($_DFFE_PP0P_): ARST=\reset, D=$abc$151119$flatten\regfile.$procmux$1045_Y[25], Q=\regfile.register[23] [25]
Replacing singlecycle_datapath.$auto$ff.cc:337:slice$3258 ($_DFFE_PP0P_): ARST=\reset, D=$abc$151119$flatten\regfile.$procmux$1045_Y[26], Q=\regfile.register[23] [26]
Replacing singlecycle_datapath.$auto$ff.cc:337:slice$3259 ($_DFFE_PP0P_): ARST=\reset, D=$abc$151119$flatten\regfile.$procmux$1045_Y[27], Q=\regfile.register[23] [27]
Replacing singlecycle_datapath.$auto$ff.cc:337:slice$3260 ($_DFFE_PP0P_): ARST=\reset, D=$abc$151119$flatten\regfile.$procmux$1045_Y[28], Q=\regfile.register[23] [28]
Replacing singlecycle_datapath.$auto$ff.cc:337:slice$3261 ($_DFFE_PP0P_): ARST=\reset, D=$abc$151119$flatten\regfile.$procmux$1045_Y[29], Q=\regfile.register[23] [29]
Replacing singlecycle_datapath.$auto$ff.cc:337:slice$3262 ($_DFFE_PP0P_): ARST=\reset, D=$abc$151119$flatten\regfile.$procmux$1045_Y[30], Q=\regfile.register[23] [30]
Replacing singlecycle_datapath.$auto$ff.cc:337:slice$3263 ($_DFFE_PP0P_): ARST=\reset, D=$abc$151119$flatten\regfile.$procmux$1045_Y[31], Q=\regfile.register[23] [31]
Replacing singlecycle_datapath.$auto$ff.cc:337:slice$3266 ($_DFFE_PP0P_): ARST=\reset, D=$abc$151119$flatten\regfile.$procmux$1045_Y[0], Q=\regfile.register[24] [0]
Replacing singlecycle_datapath.$auto$ff.cc:337:slice$3267 ($_DFFE_PP0P_): ARST=\reset, D=$abc$151119$flatten\regfile.$procmux$1045_Y[1], Q=\regfile.register[24] [1]
Replacing singlecycle_datapath.$auto$ff.cc:337:slice$3268 ($_DFFE_PP0P_): ARST=\reset, D=$abc$151119$flatten\regfile.$procmux$1045_Y[2], Q=\regfile.register[24] [2]
Replacing singlecycle_datapath.$auto$ff.cc:337:slice$3269 ($_DFFE_PP0P_): ARST=\reset, D=$abc$151119$flatten\regfile.$procmux$1045_Y[3], Q=\regfile.register[24] [3]
Replacing singlecycle_datapath.$auto$ff.cc:337:slice$3270 ($_DFFE_PP0P_): ARST=\reset, D=$abc$151119$flatten\regfile.$procmux$1045_Y[4], Q=\regfile.register[24] [4]
Replacing singlecycle_datapath.$auto$ff.cc:337:slice$3271 ($_DFFE_PP0P_): ARST=\reset, D=$abc$151119$flatten\regfile.$procmux$1045_Y[5], Q=\regfile.register[24] [5]
Replacing singlecycle_datapath.$auto$ff.cc:337:slice$3272 ($_DFFE_PP0P_): ARST=\reset, D=$abc$151119$flatten\regfile.$procmux$1045_Y[6], Q=\regfile.register[24] [6]
Replacing singlecycle_datapath.$auto$ff.cc:337:slice$3273 ($_DFFE_PP0P_): ARST=\reset, D=$abc$151119$flatten\regfile.$procmux$1045_Y[7], Q=\regfile.register[24] [7]
Replacing singlecycle_datapath.$auto$ff.cc:337:slice$3274 ($_DFFE_PP0P_): ARST=\reset, D=$abc$151119$flatten\regfile.$procmux$1045_Y[8], Q=\regfile.register[24] [8]
Replacing singlecycle_datapath.$auto$ff.cc:337:slice$3275 ($_DFFE_PP0P_): ARST=\reset, D=$abc$151119$flatten\regfile.$procmux$1045_Y[9], Q=\regfile.register[24] [9]
Replacing singlecycle_datapath.$auto$ff.cc:337:slice$3276 ($_DFFE_PP0P_): ARST=\reset, D=$abc$151119$flatten\regfile.$procmux$1045_Y[10], Q=\regfile.register[24] [10]
Replacing singlecycle_datapath.$auto$ff.cc:337:slice$3277 ($_DFFE_PP0P_): ARST=\reset, D=$abc$151119$flatten\regfile.$procmux$1045_Y[11], Q=\regfile.register[24] [11]
Replacing singlecycle_datapath.$auto$ff.cc:337:slice$3278 ($_DFFE_PP0P_): ARST=\reset, D=$abc$151119$flatten\regfile.$procmux$1045_Y[12], Q=\regfile.register[24] [12]
Replacing singlecycle_datapath.$auto$ff.cc:337:slice$3279 ($_DFFE_PP0P_): ARST=\reset, D=$abc$151119$flatten\regfile.$procmux$1045_Y[13], Q=\regfile.register[24] [13]
Replacing singlecycle_datapath.$auto$ff.cc:337:slice$3280 ($_DFFE_PP0P_): ARST=\reset, D=$abc$151119$flatten\regfile.$procmux$1045_Y[14], Q=\regfile.register[24] [14]
Replacing singlecycle_datapath.$auto$ff.cc:337:slice$3281 ($_DFFE_PP0P_): ARST=\reset, D=$abc$151119$flatten\regfile.$procmux$1045_Y[15], Q=\regfile.register[24] [15]
Replacing singlecycle_datapath.$auto$ff.cc:337:slice$3282 ($_DFFE_PP0P_): ARST=\reset, D=$abc$151119$flatten\regfile.$procmux$1045_Y[16], Q=\regfile.register[24] [16]
Replacing singlecycle_datapath.$auto$ff.cc:337:slice$3283 ($_DFFE_PP0P_): ARST=\reset, D=$abc$151119$flatten\regfile.$procmux$1045_Y[17], Q=\regfile.register[24] [17]
Replacing singlecycle_datapath.$auto$ff.cc:337:slice$3284 ($_DFFE_PP0P_): ARST=\reset, D=$abc$151119$flatten\regfile.$procmux$1045_Y[18], Q=\regfile.register[24] [18]
Replacing singlecycle_datapath.$auto$ff.cc:337:slice$3285 ($_DFFE_PP0P_): ARST=\reset, D=$abc$151119$flatten\regfile.$procmux$1045_Y[19], Q=\regfile.register[24] [19]
Replacing singlecycle_datapath.$auto$ff.cc:337:slice$3286 ($_DFFE_PP0P_): ARST=\reset, D=$abc$151119$flatten\regfile.$procmux$1045_Y[20], Q=\regfile.register[24] [20]
Replacing singlecycle_datapath.$auto$ff.cc:337:slice$3287 ($_DFFE_PP0P_): ARST=\reset, D=$abc$151119$flatten\regfile.$procmux$1045_Y[21], Q=\regfile.register[24] [21]
Replacing singlecycle_datapath.$auto$ff.cc:337:slice$3288 ($_DFFE_PP0P_): ARST=\reset, D=$abc$151119$flatten\regfile.$procmux$1045_Y[22], Q=\regfile.register[24] [22]
Replacing singlecycle_datapath.$auto$ff.cc:337:slice$3289 ($_DFFE_PP0P_): ARST=\reset, D=$abc$151119$flatten\regfile.$procmux$1045_Y[23], Q=\regfile.register[24] [23]
Replacing singlecycle_datapath.$auto$ff.cc:337:slice$3290 ($_DFFE_PP0P_): ARST=\reset, D=$abc$151119$flatten\regfile.$procmux$1045_Y[24], Q=\regfile.register[24] [24]
Replacing singlecycle_datapath.$auto$ff.cc:337:slice$3291 ($_DFFE_PP0P_): ARST=\reset, D=$abc$151119$flatten\regfile.$procmux$1045_Y[25], Q=\regfile.register[24] [25]
Replacing singlecycle_datapath.$auto$ff.cc:337:slice$3292 ($_DFFE_PP0P_): ARST=\reset, D=$abc$151119$flatten\regfile.$procmux$1045_Y[26], Q=\regfile.register[24] [26]
Replacing singlecycle_datapath.$auto$ff.cc:337:slice$3293 ($_DFFE_PP0P_): ARST=\reset, D=$abc$151119$flatten\regfile.$procmux$1045_Y[27], Q=\regfile.register[24] [27]
Replacing singlecycle_datapath.$auto$ff.cc:337:slice$3294 ($_DFFE_PP0P_): ARST=\reset, D=$abc$151119$flatten\regfile.$procmux$1045_Y[28], Q=\regfile.register[24] [28]
Replacing singlecycle_datapath.$auto$ff.cc:337:slice$3295 ($_DFFE_PP0P_): ARST=\reset, D=$abc$151119$flatten\regfile.$procmux$1045_Y[29], Q=\regfile.register[24] [29]
Replacing singlecycle_datapath.$auto$ff.cc:337:slice$3296 ($_DFFE_PP0P_): ARST=\reset, D=$abc$151119$flatten\regfile.$procmux$1045_Y[30], Q=\regfile.register[24] [30]
Replacing singlecycle_datapath.$auto$ff.cc:337:slice$3297 ($_DFFE_PP0P_): ARST=\reset, D=$abc$151119$flatten\regfile.$procmux$1045_Y[31], Q=\regfile.register[24] [31]
Replacing singlecycle_datapath.$auto$ff.cc:337:slice$3300 ($_DFFE_PP0P_): ARST=\reset, D=$abc$151119$flatten\regfile.$procmux$1045_Y[0], Q=\regfile.register[25] [0]
Replacing singlecycle_datapath.$auto$ff.cc:337:slice$3301 ($_DFFE_PP0P_): ARST=\reset, D=$abc$151119$flatten\regfile.$procmux$1045_Y[1], Q=\regfile.register[25] [1]
Replacing singlecycle_datapath.$auto$ff.cc:337:slice$3302 ($_DFFE_PP0P_): ARST=\reset, D=$abc$151119$flatten\regfile.$procmux$1045_Y[2], Q=\regfile.register[25] [2]
Replacing singlecycle_datapath.$auto$ff.cc:337:slice$3303 ($_DFFE_PP0P_): ARST=\reset, D=$abc$151119$flatten\regfile.$procmux$1045_Y[3], Q=\regfile.register[25] [3]
Replacing singlecycle_datapath.$auto$ff.cc:337:slice$3304 ($_DFFE_PP0P_): ARST=\reset, D=$abc$151119$flatten\regfile.$procmux$1045_Y[4], Q=\regfile.register[25] [4]
Replacing singlecycle_datapath.$auto$ff.cc:337:slice$3305 ($_DFFE_PP0P_): ARST=\reset, D=$abc$151119$flatten\regfile.$procmux$1045_Y[5], Q=\regfile.register[25] [5]
Replacing singlecycle_datapath.$auto$ff.cc:337:slice$3306 ($_DFFE_PP0P_): ARST=\reset, D=$abc$151119$flatten\regfile.$procmux$1045_Y[6], Q=\regfile.register[25] [6]
Replacing singlecycle_datapath.$auto$ff.cc:337:slice$3307 ($_DFFE_PP0P_): ARST=\reset, D=$abc$151119$flatten\regfile.$procmux$1045_Y[7], Q=\regfile.register[25] [7]
Replacing singlecycle_datapath.$auto$ff.cc:337:slice$3308 ($_DFFE_PP0P_): ARST=\reset, D=$abc$151119$flatten\regfile.$procmux$1045_Y[8], Q=\regfile.register[25] [8]
Replacing singlecycle_datapath.$auto$ff.cc:337:slice$3309 ($_DFFE_PP0P_): ARST=\reset, D=$abc$151119$flatten\regfile.$procmux$1045_Y[9], Q=\regfile.register[25] [9]
Replacing singlecycle_datapath.$auto$ff.cc:337:slice$3310 ($_DFFE_PP0P_): ARST=\reset, D=$abc$151119$flatten\regfile.$procmux$1045_Y[10], Q=\regfile.register[25] [10]
Replacing singlecycle_datapath.$auto$ff.cc:337:slice$3311 ($_DFFE_PP0P_): ARST=\reset, D=$abc$151119$flatten\regfile.$procmux$1045_Y[11], Q=\regfile.register[25] [11]
Replacing singlecycle_datapath.$auto$ff.cc:337:slice$3312 ($_DFFE_PP0P_): ARST=\reset, D=$abc$151119$flatten\regfile.$procmux$1045_Y[12], Q=\regfile.register[25] [12]
Replacing singlecycle_datapath.$auto$ff.cc:337:slice$3313 ($_DFFE_PP0P_): ARST=\reset, D=$abc$151119$flatten\regfile.$procmux$1045_Y[13], Q=\regfile.register[25] [13]
Replacing singlecycle_datapath.$auto$ff.cc:337:slice$3314 ($_DFFE_PP0P_): ARST=\reset, D=$abc$151119$flatten\regfile.$procmux$1045_Y[14], Q=\regfile.register[25] [14]
Replacing singlecycle_datapath.$auto$ff.cc:337:slice$3315 ($_DFFE_PP0P_): ARST=\reset, D=$abc$151119$flatten\regfile.$procmux$1045_Y[15], Q=\regfile.register[25] [15]
Replacing singlecycle_datapath.$auto$ff.cc:337:slice$3316 ($_DFFE_PP0P_): ARST=\reset, D=$abc$151119$flatten\regfile.$procmux$1045_Y[16], Q=\regfile.register[25] [16]
Replacing singlecycle_datapath.$auto$ff.cc:337:slice$3317 ($_DFFE_PP0P_): ARST=\reset, D=$abc$151119$flatten\regfile.$procmux$1045_Y[17], Q=\regfile.register[25] [17]
Replacing singlecycle_datapath.$auto$ff.cc:337:slice$3318 ($_DFFE_PP0P_): ARST=\reset, D=$abc$151119$flatten\regfile.$procmux$1045_Y[18], Q=\regfile.register[25] [18]
Replacing singlecycle_datapath.$auto$ff.cc:337:slice$3319 ($_DFFE_PP0P_): ARST=\reset, D=$abc$151119$flatten\regfile.$procmux$1045_Y[19], Q=\regfile.register[25] [19]
Replacing singlecycle_datapath.$auto$ff.cc:337:slice$3320 ($_DFFE_PP0P_): ARST=\reset, D=$abc$151119$flatten\regfile.$procmux$1045_Y[20], Q=\regfile.register[25] [20]
Replacing singlecycle_datapath.$auto$ff.cc:337:slice$3321 ($_DFFE_PP0P_): ARST=\reset, D=$abc$151119$flatten\regfile.$procmux$1045_Y[21], Q=\regfile.register[25] [21]
Replacing singlecycle_datapath.$auto$ff.cc:337:slice$3322 ($_DFFE_PP0P_): ARST=\reset, D=$abc$151119$flatten\regfile.$procmux$1045_Y[22], Q=\regfile.register[25] [22]
Replacing singlecycle_datapath.$auto$ff.cc:337:slice$3323 ($_DFFE_PP0P_): ARST=\reset, D=$abc$151119$flatten\regfile.$procmux$1045_Y[23], Q=\regfile.register[25] [23]
Replacing singlecycle_datapath.$auto$ff.cc:337:slice$3324 ($_DFFE_PP0P_): ARST=\reset, D=$abc$151119$flatten\regfile.$procmux$1045_Y[24], Q=\regfile.register[25] [24]
Replacing singlecycle_datapath.$auto$ff.cc:337:slice$3325 ($_DFFE_PP0P_): ARST=\reset, D=$abc$151119$flatten\regfile.$procmux$1045_Y[25], Q=\regfile.register[25] [25]
Replacing singlecycle_datapath.$auto$ff.cc:337:slice$3326 ($_DFFE_PP0P_): ARST=\reset, D=$abc$151119$flatten\regfile.$procmux$1045_Y[26], Q=\regfile.register[25] [26]
Replacing singlecycle_datapath.$auto$ff.cc:337:slice$3327 ($_DFFE_PP0P_): ARST=\reset, D=$abc$151119$flatten\regfile.$procmux$1045_Y[27], Q=\regfile.register[25] [27]
Replacing singlecycle_datapath.$auto$ff.cc:337:slice$3328 ($_DFFE_PP0P_): ARST=\reset, D=$abc$151119$flatten\regfile.$procmux$1045_Y[28], Q=\regfile.register[25] [28]
Replacing singlecycle_datapath.$auto$ff.cc:337:slice$3329 ($_DFFE_PP0P_): ARST=\reset, D=$abc$151119$flatten\regfile.$procmux$1045_Y[29], Q=\regfile.register[25] [29]
Replacing singlecycle_datapath.$auto$ff.cc:337:slice$3330 ($_DFFE_PP0P_): ARST=\reset, D=$abc$151119$flatten\regfile.$procmux$1045_Y[30], Q=\regfile.register[25] [30]
Replacing singlecycle_datapath.$auto$ff.cc:337:slice$3331 ($_DFFE_PP0P_): ARST=\reset, D=$abc$151119$flatten\regfile.$procmux$1045_Y[31], Q=\regfile.register[25] [31]
Replacing singlecycle_datapath.$auto$ff.cc:337:slice$3334 ($_DFFE_PP0P_): ARST=\reset, D=$abc$151119$flatten\regfile.$procmux$1045_Y[0], Q=\regfile.register[26] [0]
Replacing singlecycle_datapath.$auto$ff.cc:337:slice$3335 ($_DFFE_PP0P_): ARST=\reset, D=$abc$151119$flatten\regfile.$procmux$1045_Y[1], Q=\regfile.register[26] [1]
Replacing singlecycle_datapath.$auto$ff.cc:337:slice$3336 ($_DFFE_PP0P_): ARST=\reset, D=$abc$151119$flatten\regfile.$procmux$1045_Y[2], Q=\regfile.register[26] [2]
Replacing singlecycle_datapath.$auto$ff.cc:337:slice$3337 ($_DFFE_PP0P_): ARST=\reset, D=$abc$151119$flatten\regfile.$procmux$1045_Y[3], Q=\regfile.register[26] [3]
Replacing singlecycle_datapath.$auto$ff.cc:337:slice$3338 ($_DFFE_PP0P_): ARST=\reset, D=$abc$151119$flatten\regfile.$procmux$1045_Y[4], Q=\regfile.register[26] [4]
Replacing singlecycle_datapath.$auto$ff.cc:337:slice$3339 ($_DFFE_PP0P_): ARST=\reset, D=$abc$151119$flatten\regfile.$procmux$1045_Y[5], Q=\regfile.register[26] [5]
Replacing singlecycle_datapath.$auto$ff.cc:337:slice$3340 ($_DFFE_PP0P_): ARST=\reset, D=$abc$151119$flatten\regfile.$procmux$1045_Y[6], Q=\regfile.register[26] [6]
Replacing singlecycle_datapath.$auto$ff.cc:337:slice$3341 ($_DFFE_PP0P_): ARST=\reset, D=$abc$151119$flatten\regfile.$procmux$1045_Y[7], Q=\regfile.register[26] [7]
Replacing singlecycle_datapath.$auto$ff.cc:337:slice$3342 ($_DFFE_PP0P_): ARST=\reset, D=$abc$151119$flatten\regfile.$procmux$1045_Y[8], Q=\regfile.register[26] [8]
Replacing singlecycle_datapath.$auto$ff.cc:337:slice$3343 ($_DFFE_PP0P_): ARST=\reset, D=$abc$151119$flatten\regfile.$procmux$1045_Y[9], Q=\regfile.register[26] [9]
Replacing singlecycle_datapath.$auto$ff.cc:337:slice$3344 ($_DFFE_PP0P_): ARST=\reset, D=$abc$151119$flatten\regfile.$procmux$1045_Y[10], Q=\regfile.register[26] [10]
Replacing singlecycle_datapath.$auto$ff.cc:337:slice$3345 ($_DFFE_PP0P_): ARST=\reset, D=$abc$151119$flatten\regfile.$procmux$1045_Y[11], Q=\regfile.register[26] [11]
Replacing singlecycle_datapath.$auto$ff.cc:337:slice$3346 ($_DFFE_PP0P_): ARST=\reset, D=$abc$151119$flatten\regfile.$procmux$1045_Y[12], Q=\regfile.register[26] [12]
Replacing singlecycle_datapath.$auto$ff.cc:337:slice$3347 ($_DFFE_PP0P_): ARST=\reset, D=$abc$151119$flatten\regfile.$procmux$1045_Y[13], Q=\regfile.register[26] [13]
Replacing singlecycle_datapath.$auto$ff.cc:337:slice$3348 ($_DFFE_PP0P_): ARST=\reset, D=$abc$151119$flatten\regfile.$procmux$1045_Y[14], Q=\regfile.register[26] [14]
Replacing singlecycle_datapath.$auto$ff.cc:337:slice$3349 ($_DFFE_PP0P_): ARST=\reset, D=$abc$151119$flatten\regfile.$procmux$1045_Y[15], Q=\regfile.register[26] [15]
Replacing singlecycle_datapath.$auto$ff.cc:337:slice$3350 ($_DFFE_PP0P_): ARST=\reset, D=$abc$151119$flatten\regfile.$procmux$1045_Y[16], Q=\regfile.register[26] [16]
Replacing singlecycle_datapath.$auto$ff.cc:337:slice$3351 ($_DFFE_PP0P_): ARST=\reset, D=$abc$151119$flatten\regfile.$procmux$1045_Y[17], Q=\regfile.register[26] [17]
Replacing singlecycle_datapath.$auto$ff.cc:337:slice$3352 ($_DFFE_PP0P_): ARST=\reset, D=$abc$151119$flatten\regfile.$procmux$1045_Y[18], Q=\regfile.register[26] [18]
Replacing singlecycle_datapath.$auto$ff.cc:337:slice$3353 ($_DFFE_PP0P_): ARST=\reset, D=$abc$151119$flatten\regfile.$procmux$1045_Y[19], Q=\regfile.register[26] [19]
Replacing singlecycle_datapath.$auto$ff.cc:337:slice$3354 ($_DFFE_PP0P_): ARST=\reset, D=$abc$151119$flatten\regfile.$procmux$1045_Y[20], Q=\regfile.register[26] [20]
Replacing singlecycle_datapath.$auto$ff.cc:337:slice$3355 ($_DFFE_PP0P_): ARST=\reset, D=$abc$151119$flatten\regfile.$procmux$1045_Y[21], Q=\regfile.register[26] [21]
Replacing singlecycle_datapath.$auto$ff.cc:337:slice$3356 ($_DFFE_PP0P_): ARST=\reset, D=$abc$151119$flatten\regfile.$procmux$1045_Y[22], Q=\regfile.register[26] [22]
Replacing singlecycle_datapath.$auto$ff.cc:337:slice$3357 ($_DFFE_PP0P_): ARST=\reset, D=$abc$151119$flatten\regfile.$procmux$1045_Y[23], Q=\regfile.register[26] [23]
Replacing singlecycle_datapath.$auto$ff.cc:337:slice$3358 ($_DFFE_PP0P_): ARST=\reset, D=$abc$151119$flatten\regfile.$procmux$1045_Y[24], Q=\regfile.register[26] [24]
Replacing singlecycle_datapath.$auto$ff.cc:337:slice$3359 ($_DFFE_PP0P_): ARST=\reset, D=$abc$151119$flatten\regfile.$procmux$1045_Y[25], Q=\regfile.register[26] [25]
Replacing singlecycle_datapath.$auto$ff.cc:337:slice$3360 ($_DFFE_PP0P_): ARST=\reset, D=$abc$151119$flatten\regfile.$procmux$1045_Y[26], Q=\regfile.register[26] [26]
Replacing singlecycle_datapath.$auto$ff.cc:337:slice$3361 ($_DFFE_PP0P_): ARST=\reset, D=$abc$151119$flatten\regfile.$procmux$1045_Y[27], Q=\regfile.register[26] [27]
Replacing singlecycle_datapath.$auto$ff.cc:337:slice$3362 ($_DFFE_PP0P_): ARST=\reset, D=$abc$151119$flatten\regfile.$procmux$1045_Y[28], Q=\regfile.register[26] [28]
Replacing singlecycle_datapath.$auto$ff.cc:337:slice$3363 ($_DFFE_PP0P_): ARST=\reset, D=$abc$151119$flatten\regfile.$procmux$1045_Y[29], Q=\regfile.register[26] [29]
Replacing singlecycle_datapath.$auto$ff.cc:337:slice$3364 ($_DFFE_PP0P_): ARST=\reset, D=$abc$151119$flatten\regfile.$procmux$1045_Y[30], Q=\regfile.register[26] [30]
Replacing singlecycle_datapath.$auto$ff.cc:337:slice$3365 ($_DFFE_PP0P_): ARST=\reset, D=$abc$151119$flatten\regfile.$procmux$1045_Y[31], Q=\regfile.register[26] [31]
Replacing singlecycle_datapath.$auto$ff.cc:337:slice$3368 ($_DFFE_PP0P_): ARST=\reset, D=$abc$151119$flatten\regfile.$procmux$1045_Y[0], Q=\regfile.register[27] [0]
Replacing singlecycle_datapath.$auto$ff.cc:337:slice$3369 ($_DFFE_PP0P_): ARST=\reset, D=$abc$151119$flatten\regfile.$procmux$1045_Y[1], Q=\regfile.register[27] [1]
Replacing singlecycle_datapath.$auto$ff.cc:337:slice$3370 ($_DFFE_PP0P_): ARST=\reset, D=$abc$151119$flatten\regfile.$procmux$1045_Y[2], Q=\regfile.register[27] [2]
Replacing singlecycle_datapath.$auto$ff.cc:337:slice$3371 ($_DFFE_PP0P_): ARST=\reset, D=$abc$151119$flatten\regfile.$procmux$1045_Y[3], Q=\regfile.register[27] [3]
Replacing singlecycle_datapath.$auto$ff.cc:337:slice$3372 ($_DFFE_PP0P_): ARST=\reset, D=$abc$151119$flatten\regfile.$procmux$1045_Y[4], Q=\regfile.register[27] [4]
Replacing singlecycle_datapath.$auto$ff.cc:337:slice$3373 ($_DFFE_PP0P_): ARST=\reset, D=$abc$151119$flatten\regfile.$procmux$1045_Y[5], Q=\regfile.register[27] [5]
Replacing singlecycle_datapath.$auto$ff.cc:337:slice$3374 ($_DFFE_PP0P_): ARST=\reset, D=$abc$151119$flatten\regfile.$procmux$1045_Y[6], Q=\regfile.register[27] [6]
Replacing singlecycle_datapath.$auto$ff.cc:337:slice$3375 ($_DFFE_PP0P_): ARST=\reset, D=$abc$151119$flatten\regfile.$procmux$1045_Y[7], Q=\regfile.register[27] [7]
Replacing singlecycle_datapath.$auto$ff.cc:337:slice$3376 ($_DFFE_PP0P_): ARST=\reset, D=$abc$151119$flatten\regfile.$procmux$1045_Y[8], Q=\regfile.register[27] [8]
Replacing singlecycle_datapath.$auto$ff.cc:337:slice$3377 ($_DFFE_PP0P_): ARST=\reset, D=$abc$151119$flatten\regfile.$procmux$1045_Y[9], Q=\regfile.register[27] [9]
Replacing singlecycle_datapath.$auto$ff.cc:337:slice$3378 ($_DFFE_PP0P_): ARST=\reset, D=$abc$151119$flatten\regfile.$procmux$1045_Y[10], Q=\regfile.register[27] [10]
Replacing singlecycle_datapath.$auto$ff.cc:337:slice$3379 ($_DFFE_PP0P_): ARST=\reset, D=$abc$151119$flatten\regfile.$procmux$1045_Y[11], Q=\regfile.register[27] [11]
Replacing singlecycle_datapath.$auto$ff.cc:337:slice$3380 ($_DFFE_PP0P_): ARST=\reset, D=$abc$151119$flatten\regfile.$procmux$1045_Y[12], Q=\regfile.register[27] [12]
Replacing singlecycle_datapath.$auto$ff.cc:337:slice$3381 ($_DFFE_PP0P_): ARST=\reset, D=$abc$151119$flatten\regfile.$procmux$1045_Y[13], Q=\regfile.register[27] [13]
Replacing singlecycle_datapath.$auto$ff.cc:337:slice$3382 ($_DFFE_PP0P_): ARST=\reset, D=$abc$151119$flatten\regfile.$procmux$1045_Y[14], Q=\regfile.register[27] [14]
Replacing singlecycle_datapath.$auto$ff.cc:337:slice$3383 ($_DFFE_PP0P_): ARST=\reset, D=$abc$151119$flatten\regfile.$procmux$1045_Y[15], Q=\regfile.register[27] [15]
Replacing singlecycle_datapath.$auto$ff.cc:337:slice$3384 ($_DFFE_PP0P_): ARST=\reset, D=$abc$151119$flatten\regfile.$procmux$1045_Y[16], Q=\regfile.register[27] [16]
Replacing singlecycle_datapath.$auto$ff.cc:337:slice$3385 ($_DFFE_PP0P_): ARST=\reset, D=$abc$151119$flatten\regfile.$procmux$1045_Y[17], Q=\regfile.register[27] [17]
Replacing singlecycle_datapath.$auto$ff.cc:337:slice$3386 ($_DFFE_PP0P_): ARST=\reset, D=$abc$151119$flatten\regfile.$procmux$1045_Y[18], Q=\regfile.register[27] [18]
Replacing singlecycle_datapath.$auto$ff.cc:337:slice$3387 ($_DFFE_PP0P_): ARST=\reset, D=$abc$151119$flatten\regfile.$procmux$1045_Y[19], Q=\regfile.register[27] [19]
Replacing singlecycle_datapath.$auto$ff.cc:337:slice$3388 ($_DFFE_PP0P_): ARST=\reset, D=$abc$151119$flatten\regfile.$procmux$1045_Y[20], Q=\regfile.register[27] [20]
Replacing singlecycle_datapath.$auto$ff.cc:337:slice$3389 ($_DFFE_PP0P_): ARST=\reset, D=$abc$151119$flatten\regfile.$procmux$1045_Y[21], Q=\regfile.register[27] [21]
Replacing singlecycle_datapath.$auto$ff.cc:337:slice$3390 ($_DFFE_PP0P_): ARST=\reset, D=$abc$151119$flatten\regfile.$procmux$1045_Y[22], Q=\regfile.register[27] [22]
Replacing singlecycle_datapath.$auto$ff.cc:337:slice$3391 ($_DFFE_PP0P_): ARST=\reset, D=$abc$151119$flatten\regfile.$procmux$1045_Y[23], Q=\regfile.register[27] [23]
Replacing singlecycle_datapath.$auto$ff.cc:337:slice$3392 ($_DFFE_PP0P_): ARST=\reset, D=$abc$151119$flatten\regfile.$procmux$1045_Y[24], Q=\regfile.register[27] [24]
Replacing singlecycle_datapath.$auto$ff.cc:337:slice$3393 ($_DFFE_PP0P_): ARST=\reset, D=$abc$151119$flatten\regfile.$procmux$1045_Y[25], Q=\regfile.register[27] [25]
Replacing singlecycle_datapath.$auto$ff.cc:337:slice$3394 ($_DFFE_PP0P_): ARST=\reset, D=$abc$151119$flatten\regfile.$procmux$1045_Y[26], Q=\regfile.register[27] [26]
Replacing singlecycle_datapath.$auto$ff.cc:337:slice$3395 ($_DFFE_PP0P_): ARST=\reset, D=$abc$151119$flatten\regfile.$procmux$1045_Y[27], Q=\regfile.register[27] [27]
Replacing singlecycle_datapath.$auto$ff.cc:337:slice$3396 ($_DFFE_PP0P_): ARST=\reset, D=$abc$151119$flatten\regfile.$procmux$1045_Y[28], Q=\regfile.register[27] [28]
Replacing singlecycle_datapath.$auto$ff.cc:337:slice$3397 ($_DFFE_PP0P_): ARST=\reset, D=$abc$151119$flatten\regfile.$procmux$1045_Y[29], Q=\regfile.register[27] [29]
Replacing singlecycle_datapath.$auto$ff.cc:337:slice$3398 ($_DFFE_PP0P_): ARST=\reset, D=$abc$151119$flatten\regfile.$procmux$1045_Y[30], Q=\regfile.register[27] [30]
Replacing singlecycle_datapath.$auto$ff.cc:337:slice$3399 ($_DFFE_PP0P_): ARST=\reset, D=$abc$151119$flatten\regfile.$procmux$1045_Y[31], Q=\regfile.register[27] [31]
Replacing singlecycle_datapath.$auto$ff.cc:337:slice$3402 ($_DFFE_PP0P_): ARST=\reset, D=$abc$151119$flatten\regfile.$procmux$1045_Y[0], Q=\regfile.register[28] [0]
Replacing singlecycle_datapath.$auto$ff.cc:337:slice$3403 ($_DFFE_PP0P_): ARST=\reset, D=$abc$151119$flatten\regfile.$procmux$1045_Y[1], Q=\regfile.register[28] [1]
Replacing singlecycle_datapath.$auto$ff.cc:337:slice$3404 ($_DFFE_PP0P_): ARST=\reset, D=$abc$151119$flatten\regfile.$procmux$1045_Y[2], Q=\regfile.register[28] [2]
Replacing singlecycle_datapath.$auto$ff.cc:337:slice$3405 ($_DFFE_PP0P_): ARST=\reset, D=$abc$151119$flatten\regfile.$procmux$1045_Y[3], Q=\regfile.register[28] [3]
Replacing singlecycle_datapath.$auto$ff.cc:337:slice$3406 ($_DFFE_PP0P_): ARST=\reset, D=$abc$151119$flatten\regfile.$procmux$1045_Y[4], Q=\regfile.register[28] [4]
Replacing singlecycle_datapath.$auto$ff.cc:337:slice$3407 ($_DFFE_PP0P_): ARST=\reset, D=$abc$151119$flatten\regfile.$procmux$1045_Y[5], Q=\regfile.register[28] [5]
Replacing singlecycle_datapath.$auto$ff.cc:337:slice$3408 ($_DFFE_PP0P_): ARST=\reset, D=$abc$151119$flatten\regfile.$procmux$1045_Y[6], Q=\regfile.register[28] [6]
Replacing singlecycle_datapath.$auto$ff.cc:337:slice$3409 ($_DFFE_PP0P_): ARST=\reset, D=$abc$151119$flatten\regfile.$procmux$1045_Y[7], Q=\regfile.register[28] [7]
Replacing singlecycle_datapath.$auto$ff.cc:337:slice$3410 ($_DFFE_PP0P_): ARST=\reset, D=$abc$151119$flatten\regfile.$procmux$1045_Y[8], Q=\regfile.register[28] [8]
Replacing singlecycle_datapath.$auto$ff.cc:337:slice$3411 ($_DFFE_PP0P_): ARST=\reset, D=$abc$151119$flatten\regfile.$procmux$1045_Y[9], Q=\regfile.register[28] [9]
Replacing singlecycle_datapath.$auto$ff.cc:337:slice$3412 ($_DFFE_PP0P_): ARST=\reset, D=$abc$151119$flatten\regfile.$procmux$1045_Y[10], Q=\regfile.register[28] [10]
Replacing singlecycle_datapath.$auto$ff.cc:337:slice$3413 ($_DFFE_PP0P_): ARST=\reset, D=$abc$151119$flatten\regfile.$procmux$1045_Y[11], Q=\regfile.register[28] [11]
Replacing singlecycle_datapath.$auto$ff.cc:337:slice$3414 ($_DFFE_PP0P_): ARST=\reset, D=$abc$151119$flatten\regfile.$procmux$1045_Y[12], Q=\regfile.register[28] [12]
Replacing singlecycle_datapath.$auto$ff.cc:337:slice$3415 ($_DFFE_PP0P_): ARST=\reset, D=$abc$151119$flatten\regfile.$procmux$1045_Y[13], Q=\regfile.register[28] [13]
Replacing singlecycle_datapath.$auto$ff.cc:337:slice$3416 ($_DFFE_PP0P_): ARST=\reset, D=$abc$151119$flatten\regfile.$procmux$1045_Y[14], Q=\regfile.register[28] [14]
Replacing singlecycle_datapath.$auto$ff.cc:337:slice$3417 ($_DFFE_PP0P_): ARST=\reset, D=$abc$151119$flatten\regfile.$procmux$1045_Y[15], Q=\regfile.register[28] [15]
Replacing singlecycle_datapath.$auto$ff.cc:337:slice$3418 ($_DFFE_PP0P_): ARST=\reset, D=$abc$151119$flatten\regfile.$procmux$1045_Y[16], Q=\regfile.register[28] [16]
Replacing singlecycle_datapath.$auto$ff.cc:337:slice$3419 ($_DFFE_PP0P_): ARST=\reset, D=$abc$151119$flatten\regfile.$procmux$1045_Y[17], Q=\regfile.register[28] [17]
Replacing singlecycle_datapath.$auto$ff.cc:337:slice$3420 ($_DFFE_PP0P_): ARST=\reset, D=$abc$151119$flatten\regfile.$procmux$1045_Y[18], Q=\regfile.register[28] [18]
Replacing singlecycle_datapath.$auto$ff.cc:337:slice$3421 ($_DFFE_PP0P_): ARST=\reset, D=$abc$151119$flatten\regfile.$procmux$1045_Y[19], Q=\regfile.register[28] [19]
Replacing singlecycle_datapath.$auto$ff.cc:337:slice$3422 ($_DFFE_PP0P_): ARST=\reset, D=$abc$151119$flatten\regfile.$procmux$1045_Y[20], Q=\regfile.register[28] [20]
Replacing singlecycle_datapath.$auto$ff.cc:337:slice$3423 ($_DFFE_PP0P_): ARST=\reset, D=$abc$151119$flatten\regfile.$procmux$1045_Y[21], Q=\regfile.register[28] [21]
Replacing singlecycle_datapath.$auto$ff.cc:337:slice$3424 ($_DFFE_PP0P_): ARST=\reset, D=$abc$151119$flatten\regfile.$procmux$1045_Y[22], Q=\regfile.register[28] [22]
Replacing singlecycle_datapath.$auto$ff.cc:337:slice$3425 ($_DFFE_PP0P_): ARST=\reset, D=$abc$151119$flatten\regfile.$procmux$1045_Y[23], Q=\regfile.register[28] [23]
Replacing singlecycle_datapath.$auto$ff.cc:337:slice$3426 ($_DFFE_PP0P_): ARST=\reset, D=$abc$151119$flatten\regfile.$procmux$1045_Y[24], Q=\regfile.register[28] [24]
Replacing singlecycle_datapath.$auto$ff.cc:337:slice$3427 ($_DFFE_PP0P_): ARST=\reset, D=$abc$151119$flatten\regfile.$procmux$1045_Y[25], Q=\regfile.register[28] [25]
Replacing singlecycle_datapath.$auto$ff.cc:337:slice$3428 ($_DFFE_PP0P_): ARST=\reset, D=$abc$151119$flatten\regfile.$procmux$1045_Y[26], Q=\regfile.register[28] [26]
Replacing singlecycle_datapath.$auto$ff.cc:337:slice$3429 ($_DFFE_PP0P_): ARST=\reset, D=$abc$151119$flatten\regfile.$procmux$1045_Y[27], Q=\regfile.register[28] [27]
Replacing singlecycle_datapath.$auto$ff.cc:337:slice$3430 ($_DFFE_PP0P_): ARST=\reset, D=$abc$151119$flatten\regfile.$procmux$1045_Y[28], Q=\regfile.register[28] [28]
Replacing singlecycle_datapath.$auto$ff.cc:337:slice$3431 ($_DFFE_PP0P_): ARST=\reset, D=$abc$151119$flatten\regfile.$procmux$1045_Y[29], Q=\regfile.register[28] [29]
Replacing singlecycle_datapath.$auto$ff.cc:337:slice$3432 ($_DFFE_PP0P_): ARST=\reset, D=$abc$151119$flatten\regfile.$procmux$1045_Y[30], Q=\regfile.register[28] [30]
Replacing singlecycle_datapath.$auto$ff.cc:337:slice$3433 ($_DFFE_PP0P_): ARST=\reset, D=$abc$151119$flatten\regfile.$procmux$1045_Y[31], Q=\regfile.register[28] [31]
Replacing singlecycle_datapath.$auto$ff.cc:337:slice$3436 ($_DFFE_PP0P_): ARST=\reset, D=$abc$151119$flatten\regfile.$procmux$1045_Y[0], Q=\regfile.register[29] [0]
Replacing singlecycle_datapath.$auto$ff.cc:337:slice$3437 ($_DFFE_PP0P_): ARST=\reset, D=$abc$151119$flatten\regfile.$procmux$1045_Y[1], Q=\regfile.register[29] [1]
Replacing singlecycle_datapath.$auto$ff.cc:337:slice$3438 ($_DFFE_PP0P_): ARST=\reset, D=$abc$151119$flatten\regfile.$procmux$1045_Y[2], Q=\regfile.register[29] [2]
Replacing singlecycle_datapath.$auto$ff.cc:337:slice$3439 ($_DFFE_PP0P_): ARST=\reset, D=$abc$151119$flatten\regfile.$procmux$1045_Y[3], Q=\regfile.register[29] [3]
Replacing singlecycle_datapath.$auto$ff.cc:337:slice$3440 ($_DFFE_PP0P_): ARST=\reset, D=$abc$151119$flatten\regfile.$procmux$1045_Y[4], Q=\regfile.register[29] [4]
Replacing singlecycle_datapath.$auto$ff.cc:337:slice$3441 ($_DFFE_PP0P_): ARST=\reset, D=$abc$151119$flatten\regfile.$procmux$1045_Y[5], Q=\regfile.register[29] [5]
Replacing singlecycle_datapath.$auto$ff.cc:337:slice$3442 ($_DFFE_PP0P_): ARST=\reset, D=$abc$151119$flatten\regfile.$procmux$1045_Y[6], Q=\regfile.register[29] [6]
Replacing singlecycle_datapath.$auto$ff.cc:337:slice$3443 ($_DFFE_PP0P_): ARST=\reset, D=$abc$151119$flatten\regfile.$procmux$1045_Y[7], Q=\regfile.register[29] [7]
Replacing singlecycle_datapath.$auto$ff.cc:337:slice$3444 ($_DFFE_PP0P_): ARST=\reset, D=$abc$151119$flatten\regfile.$procmux$1045_Y[8], Q=\regfile.register[29] [8]
Replacing singlecycle_datapath.$auto$ff.cc:337:slice$3445 ($_DFFE_PP0P_): ARST=\reset, D=$abc$151119$flatten\regfile.$procmux$1045_Y[9], Q=\regfile.register[29] [9]
Replacing singlecycle_datapath.$auto$ff.cc:337:slice$3446 ($_DFFE_PP0P_): ARST=\reset, D=$abc$151119$flatten\regfile.$procmux$1045_Y[10], Q=\regfile.register[29] [10]
Replacing singlecycle_datapath.$auto$ff.cc:337:slice$3447 ($_DFFE_PP0P_): ARST=\reset, D=$abc$151119$flatten\regfile.$procmux$1045_Y[11], Q=\regfile.register[29] [11]
Replacing singlecycle_datapath.$auto$ff.cc:337:slice$3448 ($_DFFE_PP0P_): ARST=\reset, D=$abc$151119$flatten\regfile.$procmux$1045_Y[12], Q=\regfile.register[29] [12]
Replacing singlecycle_datapath.$auto$ff.cc:337:slice$3449 ($_DFFE_PP0P_): ARST=\reset, D=$abc$151119$flatten\regfile.$procmux$1045_Y[13], Q=\regfile.register[29] [13]
Replacing singlecycle_datapath.$auto$ff.cc:337:slice$3450 ($_DFFE_PP0P_): ARST=\reset, D=$abc$151119$flatten\regfile.$procmux$1045_Y[14], Q=\regfile.register[29] [14]
Replacing singlecycle_datapath.$auto$ff.cc:337:slice$3451 ($_DFFE_PP0P_): ARST=\reset, D=$abc$151119$flatten\regfile.$procmux$1045_Y[15], Q=\regfile.register[29] [15]
Replacing singlecycle_datapath.$auto$ff.cc:337:slice$3452 ($_DFFE_PP0P_): ARST=\reset, D=$abc$151119$flatten\regfile.$procmux$1045_Y[16], Q=\regfile.register[29] [16]
Replacing singlecycle_datapath.$auto$ff.cc:337:slice$3453 ($_DFFE_PP0P_): ARST=\reset, D=$abc$151119$flatten\regfile.$procmux$1045_Y[17], Q=\regfile.register[29] [17]
Replacing singlecycle_datapath.$auto$ff.cc:337:slice$3454 ($_DFFE_PP0P_): ARST=\reset, D=$abc$151119$flatten\regfile.$procmux$1045_Y[18], Q=\regfile.register[29] [18]
Replacing singlecycle_datapath.$auto$ff.cc:337:slice$3455 ($_DFFE_PP0P_): ARST=\reset, D=$abc$151119$flatten\regfile.$procmux$1045_Y[19], Q=\regfile.register[29] [19]
Replacing singlecycle_datapath.$auto$ff.cc:337:slice$3456 ($_DFFE_PP0P_): ARST=\reset, D=$abc$151119$flatten\regfile.$procmux$1045_Y[20], Q=\regfile.register[29] [20]
Replacing singlecycle_datapath.$auto$ff.cc:337:slice$3457 ($_DFFE_PP0P_): ARST=\reset, D=$abc$151119$flatten\regfile.$procmux$1045_Y[21], Q=\regfile.register[29] [21]
Replacing singlecycle_datapath.$auto$ff.cc:337:slice$3458 ($_DFFE_PP0P_): ARST=\reset, D=$abc$151119$flatten\regfile.$procmux$1045_Y[22], Q=\regfile.register[29] [22]
Replacing singlecycle_datapath.$auto$ff.cc:337:slice$3459 ($_DFFE_PP0P_): ARST=\reset, D=$abc$151119$flatten\regfile.$procmux$1045_Y[23], Q=\regfile.register[29] [23]
Replacing singlecycle_datapath.$auto$ff.cc:337:slice$3460 ($_DFFE_PP0P_): ARST=\reset, D=$abc$151119$flatten\regfile.$procmux$1045_Y[24], Q=\regfile.register[29] [24]
Replacing singlecycle_datapath.$auto$ff.cc:337:slice$3461 ($_DFFE_PP0P_): ARST=\reset, D=$abc$151119$flatten\regfile.$procmux$1045_Y[25], Q=\regfile.register[29] [25]
Replacing singlecycle_datapath.$auto$ff.cc:337:slice$3462 ($_DFFE_PP0P_): ARST=\reset, D=$abc$151119$flatten\regfile.$procmux$1045_Y[26], Q=\regfile.register[29] [26]
Replacing singlecycle_datapath.$auto$ff.cc:337:slice$3463 ($_DFFE_PP0P_): ARST=\reset, D=$abc$151119$flatten\regfile.$procmux$1045_Y[27], Q=\regfile.register[29] [27]
Replacing singlecycle_datapath.$auto$ff.cc:337:slice$3464 ($_DFFE_PP0P_): ARST=\reset, D=$abc$151119$flatten\regfile.$procmux$1045_Y[28], Q=\regfile.register[29] [28]
Replacing singlecycle_datapath.$auto$ff.cc:337:slice$3465 ($_DFFE_PP0P_): ARST=\reset, D=$abc$151119$flatten\regfile.$procmux$1045_Y[29], Q=\regfile.register[29] [29]
Replacing singlecycle_datapath.$auto$ff.cc:337:slice$3466 ($_DFFE_PP0P_): ARST=\reset, D=$abc$151119$flatten\regfile.$procmux$1045_Y[30], Q=\regfile.register[29] [30]
Replacing singlecycle_datapath.$auto$ff.cc:337:slice$3467 ($_DFFE_PP0P_): ARST=\reset, D=$abc$151119$flatten\regfile.$procmux$1045_Y[31], Q=\regfile.register[29] [31]
Replacing singlecycle_datapath.$auto$ff.cc:337:slice$3470 ($_DFFE_PP0P_): ARST=\reset, D=$abc$151119$flatten\regfile.$procmux$1045_Y[0], Q=\regfile.register[30] [0]
Replacing singlecycle_datapath.$auto$ff.cc:337:slice$3471 ($_DFFE_PP0P_): ARST=\reset, D=$abc$151119$flatten\regfile.$procmux$1045_Y[1], Q=\regfile.register[30] [1]
Replacing singlecycle_datapath.$auto$ff.cc:337:slice$3472 ($_DFFE_PP0P_): ARST=\reset, D=$abc$151119$flatten\regfile.$procmux$1045_Y[2], Q=\regfile.register[30] [2]
Replacing singlecycle_datapath.$auto$ff.cc:337:slice$3473 ($_DFFE_PP0P_): ARST=\reset, D=$abc$151119$flatten\regfile.$procmux$1045_Y[3], Q=\regfile.register[30] [3]
Replacing singlecycle_datapath.$auto$ff.cc:337:slice$3474 ($_DFFE_PP0P_): ARST=\reset, D=$abc$151119$flatten\regfile.$procmux$1045_Y[4], Q=\regfile.register[30] [4]
Replacing singlecycle_datapath.$auto$ff.cc:337:slice$3475 ($_DFFE_PP0P_): ARST=\reset, D=$abc$151119$flatten\regfile.$procmux$1045_Y[5], Q=\regfile.register[30] [5]
Replacing singlecycle_datapath.$auto$ff.cc:337:slice$3476 ($_DFFE_PP0P_): ARST=\reset, D=$abc$151119$flatten\regfile.$procmux$1045_Y[6], Q=\regfile.register[30] [6]
Replacing singlecycle_datapath.$auto$ff.cc:337:slice$3477 ($_DFFE_PP0P_): ARST=\reset, D=$abc$151119$flatten\regfile.$procmux$1045_Y[7], Q=\regfile.register[30] [7]
Replacing singlecycle_datapath.$auto$ff.cc:337:slice$3478 ($_DFFE_PP0P_): ARST=\reset, D=$abc$151119$flatten\regfile.$procmux$1045_Y[8], Q=\regfile.register[30] [8]
Replacing singlecycle_datapath.$auto$ff.cc:337:slice$3479 ($_DFFE_PP0P_): ARST=\reset, D=$abc$151119$flatten\regfile.$procmux$1045_Y[9], Q=\regfile.register[30] [9]
Replacing singlecycle_datapath.$auto$ff.cc:337:slice$3480 ($_DFFE_PP0P_): ARST=\reset, D=$abc$151119$flatten\regfile.$procmux$1045_Y[10], Q=\regfile.register[30] [10]
Replacing singlecycle_datapath.$auto$ff.cc:337:slice$3481 ($_DFFE_PP0P_): ARST=\reset, D=$abc$151119$flatten\regfile.$procmux$1045_Y[11], Q=\regfile.register[30] [11]
Replacing singlecycle_datapath.$auto$ff.cc:337:slice$3482 ($_DFFE_PP0P_): ARST=\reset, D=$abc$151119$flatten\regfile.$procmux$1045_Y[12], Q=\regfile.register[30] [12]
Replacing singlecycle_datapath.$auto$ff.cc:337:slice$3483 ($_DFFE_PP0P_): ARST=\reset, D=$abc$151119$flatten\regfile.$procmux$1045_Y[13], Q=\regfile.register[30] [13]
Replacing singlecycle_datapath.$auto$ff.cc:337:slice$3484 ($_DFFE_PP0P_): ARST=\reset, D=$abc$151119$flatten\regfile.$procmux$1045_Y[14], Q=\regfile.register[30] [14]
Replacing singlecycle_datapath.$auto$ff.cc:337:slice$3485 ($_DFFE_PP0P_): ARST=\reset, D=$abc$151119$flatten\regfile.$procmux$1045_Y[15], Q=\regfile.register[30] [15]
Replacing singlecycle_datapath.$auto$ff.cc:337:slice$3486 ($_DFFE_PP0P_): ARST=\reset, D=$abc$151119$flatten\regfile.$procmux$1045_Y[16], Q=\regfile.register[30] [16]
Replacing singlecycle_datapath.$auto$ff.cc:337:slice$3487 ($_DFFE_PP0P_): ARST=\reset, D=$abc$151119$flatten\regfile.$procmux$1045_Y[17], Q=\regfile.register[30] [17]
Replacing singlecycle_datapath.$auto$ff.cc:337:slice$3488 ($_DFFE_PP0P_): ARST=\reset, D=$abc$151119$flatten\regfile.$procmux$1045_Y[18], Q=\regfile.register[30] [18]
Replacing singlecycle_datapath.$auto$ff.cc:337:slice$3489 ($_DFFE_PP0P_): ARST=\reset, D=$abc$151119$flatten\regfile.$procmux$1045_Y[19], Q=\regfile.register[30] [19]
Replacing singlecycle_datapath.$auto$ff.cc:337:slice$3490 ($_DFFE_PP0P_): ARST=\reset, D=$abc$151119$flatten\regfile.$procmux$1045_Y[20], Q=\regfile.register[30] [20]
Replacing singlecycle_datapath.$auto$ff.cc:337:slice$3491 ($_DFFE_PP0P_): ARST=\reset, D=$abc$151119$flatten\regfile.$procmux$1045_Y[21], Q=\regfile.register[30] [21]
Replacing singlecycle_datapath.$auto$ff.cc:337:slice$3492 ($_DFFE_PP0P_): ARST=\reset, D=$abc$151119$flatten\regfile.$procmux$1045_Y[22], Q=\regfile.register[30] [22]
Replacing singlecycle_datapath.$auto$ff.cc:337:slice$3493 ($_DFFE_PP0P_): ARST=\reset, D=$abc$151119$flatten\regfile.$procmux$1045_Y[23], Q=\regfile.register[30] [23]
Replacing singlecycle_datapath.$auto$ff.cc:337:slice$3494 ($_DFFE_PP0P_): ARST=\reset, D=$abc$151119$flatten\regfile.$procmux$1045_Y[24], Q=\regfile.register[30] [24]
Replacing singlecycle_datapath.$auto$ff.cc:337:slice$3495 ($_DFFE_PP0P_): ARST=\reset, D=$abc$151119$flatten\regfile.$procmux$1045_Y[25], Q=\regfile.register[30] [25]
Replacing singlecycle_datapath.$auto$ff.cc:337:slice$3496 ($_DFFE_PP0P_): ARST=\reset, D=$abc$151119$flatten\regfile.$procmux$1045_Y[26], Q=\regfile.register[30] [26]
Replacing singlecycle_datapath.$auto$ff.cc:337:slice$3497 ($_DFFE_PP0P_): ARST=\reset, D=$abc$151119$flatten\regfile.$procmux$1045_Y[27], Q=\regfile.register[30] [27]
Replacing singlecycle_datapath.$auto$ff.cc:337:slice$3498 ($_DFFE_PP0P_): ARST=\reset, D=$abc$151119$flatten\regfile.$procmux$1045_Y[28], Q=\regfile.register[30] [28]
Replacing singlecycle_datapath.$auto$ff.cc:337:slice$3499 ($_DFFE_PP0P_): ARST=\reset, D=$abc$151119$flatten\regfile.$procmux$1045_Y[29], Q=\regfile.register[30] [29]
Replacing singlecycle_datapath.$auto$ff.cc:337:slice$3500 ($_DFFE_PP0P_): ARST=\reset, D=$abc$151119$flatten\regfile.$procmux$1045_Y[30], Q=\regfile.register[30] [30]
Replacing singlecycle_datapath.$auto$ff.cc:337:slice$3501 ($_DFFE_PP0P_): ARST=\reset, D=$abc$151119$flatten\regfile.$procmux$1045_Y[31], Q=\regfile.register[30] [31]
Replacing singlecycle_datapath.$auto$ff.cc:337:slice$3504 ($_DFFE_PP0P_): ARST=\reset, D=$abc$151119$flatten\regfile.$procmux$1045_Y[0], Q=\regfile.register[31] [0]
Replacing singlecycle_datapath.$auto$ff.cc:337:slice$3505 ($_DFFE_PP0P_): ARST=\reset, D=$abc$151119$flatten\regfile.$procmux$1045_Y[1], Q=\regfile.register[31] [1]
Replacing singlecycle_datapath.$auto$ff.cc:337:slice$3506 ($_DFFE_PP0P_): ARST=\reset, D=$abc$151119$flatten\regfile.$procmux$1045_Y[2], Q=\regfile.register[31] [2]
Replacing singlecycle_datapath.$auto$ff.cc:337:slice$3507 ($_DFFE_PP0P_): ARST=\reset, D=$abc$151119$flatten\regfile.$procmux$1045_Y[3], Q=\regfile.register[31] [3]
Replacing singlecycle_datapath.$auto$ff.cc:337:slice$3508 ($_DFFE_PP0P_): ARST=\reset, D=$abc$151119$flatten\regfile.$procmux$1045_Y[4], Q=\regfile.register[31] [4]
Replacing singlecycle_datapath.$auto$ff.cc:337:slice$3509 ($_DFFE_PP0P_): ARST=\reset, D=$abc$151119$flatten\regfile.$procmux$1045_Y[5], Q=\regfile.register[31] [5]
Replacing singlecycle_datapath.$auto$ff.cc:337:slice$3510 ($_DFFE_PP0P_): ARST=\reset, D=$abc$151119$flatten\regfile.$procmux$1045_Y[6], Q=\regfile.register[31] [6]
Replacing singlecycle_datapath.$auto$ff.cc:337:slice$3511 ($_DFFE_PP0P_): ARST=\reset, D=$abc$151119$flatten\regfile.$procmux$1045_Y[7], Q=\regfile.register[31] [7]
Replacing singlecycle_datapath.$auto$ff.cc:337:slice$3512 ($_DFFE_PP0P_): ARST=\reset, D=$abc$151119$flatten\regfile.$procmux$1045_Y[8], Q=\regfile.register[31] [8]
Replacing singlecycle_datapath.$auto$ff.cc:337:slice$3513 ($_DFFE_PP0P_): ARST=\reset, D=$abc$151119$flatten\regfile.$procmux$1045_Y[9], Q=\regfile.register[31] [9]
Replacing singlecycle_datapath.$auto$ff.cc:337:slice$3514 ($_DFFE_PP0P_): ARST=\reset, D=$abc$151119$flatten\regfile.$procmux$1045_Y[10], Q=\regfile.register[31] [10]
Replacing singlecycle_datapath.$auto$ff.cc:337:slice$3515 ($_DFFE_PP0P_): ARST=\reset, D=$abc$151119$flatten\regfile.$procmux$1045_Y[11], Q=\regfile.register[31] [11]
Replacing singlecycle_datapath.$auto$ff.cc:337:slice$3516 ($_DFFE_PP0P_): ARST=\reset, D=$abc$151119$flatten\regfile.$procmux$1045_Y[12], Q=\regfile.register[31] [12]
Replacing singlecycle_datapath.$auto$ff.cc:337:slice$3517 ($_DFFE_PP0P_): ARST=\reset, D=$abc$151119$flatten\regfile.$procmux$1045_Y[13], Q=\regfile.register[31] [13]
Replacing singlecycle_datapath.$auto$ff.cc:337:slice$3518 ($_DFFE_PP0P_): ARST=\reset, D=$abc$151119$flatten\regfile.$procmux$1045_Y[14], Q=\regfile.register[31] [14]
Replacing singlecycle_datapath.$auto$ff.cc:337:slice$3519 ($_DFFE_PP0P_): ARST=\reset, D=$abc$151119$flatten\regfile.$procmux$1045_Y[15], Q=\regfile.register[31] [15]
Replacing singlecycle_datapath.$auto$ff.cc:337:slice$3520 ($_DFFE_PP0P_): ARST=\reset, D=$abc$151119$flatten\regfile.$procmux$1045_Y[16], Q=\regfile.register[31] [16]
Replacing singlecycle_datapath.$auto$ff.cc:337:slice$3521 ($_DFFE_PP0P_): ARST=\reset, D=$abc$151119$flatten\regfile.$procmux$1045_Y[17], Q=\regfile.register[31] [17]
Replacing singlecycle_datapath.$auto$ff.cc:337:slice$3522 ($_DFFE_PP0P_): ARST=\reset, D=$abc$151119$flatten\regfile.$procmux$1045_Y[18], Q=\regfile.register[31] [18]
Replacing singlecycle_datapath.$auto$ff.cc:337:slice$3523 ($_DFFE_PP0P_): ARST=\reset, D=$abc$151119$flatten\regfile.$procmux$1045_Y[19], Q=\regfile.register[31] [19]
Replacing singlecycle_datapath.$auto$ff.cc:337:slice$3524 ($_DFFE_PP0P_): ARST=\reset, D=$abc$151119$flatten\regfile.$procmux$1045_Y[20], Q=\regfile.register[31] [20]
Replacing singlecycle_datapath.$auto$ff.cc:337:slice$3525 ($_DFFE_PP0P_): ARST=\reset, D=$abc$151119$flatten\regfile.$procmux$1045_Y[21], Q=\regfile.register[31] [21]
Replacing singlecycle_datapath.$auto$ff.cc:337:slice$3526 ($_DFFE_PP0P_): ARST=\reset, D=$abc$151119$flatten\regfile.$procmux$1045_Y[22], Q=\regfile.register[31] [22]
Replacing singlecycle_datapath.$auto$ff.cc:337:slice$3527 ($_DFFE_PP0P_): ARST=\reset, D=$abc$151119$flatten\regfile.$procmux$1045_Y[23], Q=\regfile.register[31] [23]
Replacing singlecycle_datapath.$auto$ff.cc:337:slice$3528 ($_DFFE_PP0P_): ARST=\reset, D=$abc$151119$flatten\regfile.$procmux$1045_Y[24], Q=\regfile.register[31] [24]
Replacing singlecycle_datapath.$auto$ff.cc:337:slice$3529 ($_DFFE_PP0P_): ARST=\reset, D=$abc$151119$flatten\regfile.$procmux$1045_Y[25], Q=\regfile.register[31] [25]
Replacing singlecycle_datapath.$auto$ff.cc:337:slice$3530 ($_DFFE_PP0P_): ARST=\reset, D=$abc$151119$flatten\regfile.$procmux$1045_Y[26], Q=\regfile.register[31] [26]
Replacing singlecycle_datapath.$auto$ff.cc:337:slice$3531 ($_DFFE_PP0P_): ARST=\reset, D=$abc$151119$flatten\regfile.$procmux$1045_Y[27], Q=\regfile.register[31] [27]
Replacing singlecycle_datapath.$auto$ff.cc:337:slice$3532 ($_DFFE_PP0P_): ARST=\reset, D=$abc$151119$flatten\regfile.$procmux$1045_Y[28], Q=\regfile.register[31] [28]
Replacing singlecycle_datapath.$auto$ff.cc:337:slice$3533 ($_DFFE_PP0P_): ARST=\reset, D=$abc$151119$flatten\regfile.$procmux$1045_Y[29], Q=\regfile.register[31] [29]
Replacing singlecycle_datapath.$auto$ff.cc:337:slice$3534 ($_DFFE_PP0P_): ARST=\reset, D=$abc$151119$flatten\regfile.$procmux$1045_Y[30], Q=\regfile.register[31] [30]
Replacing singlecycle_datapath.$auto$ff.cc:337:slice$3535 ($_DFFE_PP0P_): ARST=\reset, D=$abc$151119$flatten\regfile.$procmux$1045_Y[31], Q=\regfile.register[31] [31]

4. Executing MEMORY_MAP pass (converting memories to logic and flip-flops).

5. Executing OPT_CLEAN pass (remove unused cells and wires).
Finding unused cells or wires in module \singlecycle_datapath..

6. Executing SPLITNETS pass (splitting up multi-bit signals).

7. Executing OPT_CLEAN pass (remove unused cells and wires).
Finding unused cells or wires in module \singlecycle_datapath..

8. Executing CHECK pass (checking for obvious problems).
Checking module singlecycle_datapath...
Found and reported 0 problems.

9. Executing SETUNDEF pass (replace undef values with defined constants).

10. Executing RTLIL backend.
Output filename: /workspace/incremental-synthesis/results/partition-incremental/eco-003/verification/eqy-partitions/runs/singlecycle_datapath/gold.il

End of script. Logfile hash: fc89a23822, time: 0.70s, user: 1.01s, system: 0.18s, MEM: 187.62 MB peak
Yosys 0.67+24 (git sha1 0e82bbefe, Release, Clang /usr/bin/clang++ 18.1.8)
Time spent: 51% 2x read_json (0 sec), 29% 2x opt_clean (0 sec), ...
